phase,previous_operation,frame_ms,cpu_ms,gpu_ms,gc_alloc_bytes,draw_calls,timing_timestamp,timing_main_ms,timing_render_ms,timing_present_wait_ms,loop_ns,scripts_ns,gui_ns,gc_ns,present_ns,render_wait_ns
walking,3,16.6670,16.6653,1.8145,1770890,241,818129460557,2.4857,0.9361,14.1648,0,0,245700,0,2000,0
walking,0,16.6684,16.6690,2.0500,16674,238,818129627210,1.9307,1.0183,14.7231,16652900,600800,883800,0,1600,0
walking,0,16.6677,16.6652,1.9948,10234,240,818129793900,1.7332,0.8012,14.9162,16651100,72200,383500,0,1400,0
walking,0,16.6653,16.6682,2.0920,10234,238,818129960552,13.1864,0.8615,3.4659,16649300,78000,278900,0,1600,0
walking,0,16.6685,16.6681,1.7981,10234,238,818130127234,3.0872,1.0020,13.5659,16651600,78800,537300,0,1500,0
walking,0,16.6664,16.6683,1.8033,10234,238,818130293915,2.2612,0.9557,14.3900,16651700,76000,282500,0,1800,0
walking,0,16.6667,16.6662,2.0091,16626,234,818130460598,2.0812,0.9510,14.5683,16650200,99100,529700,0,2100,0
walking,0,16.6679,16.6678,1.7961,10234,233,818130627260,2.8735,1.0116,13.7783,16649500,89100,286000,0,1500,0
walking,0,16.6648,16.6669,1.6937,10234,234,818130793938,2.4996,0.9819,14.1523,16650100,76900,613000,0,1600,0
walking,0,16.6662,16.6664,1.7050,10234,233,818130960607,2.3027,0.8542,14.3476,16648100,75200,252500,0,1400,0
walking,0,16.6658,16.6686,1.7234,10234,231,818131127271,2.4542,0.8636,14.1953,16649500,78400,240700,0,1400,0
walking,0,16.6678,16.6643,1.9640,16626,223,818131293957,2.3980,0.6669,14.2523,16656800,69000,677800,0,1300,0
walking,0,16.6670,16.6633,1.6794,10234,223,818131460600,2.0261,0.6388,14.6221,16652900,74600,295600,0,1500,0
walking,0,16.6684,16.6623,1.6988,10234,221,818131627233,2.1608,0.7697,14.4887,16656100,74100,232000,0,1500,0
walking,0,16.6656,16.6705,1.7009,10234,222,818131793856,2.1840,1.1857,14.4729,16650100,80600,256200,0,1400,0
walking,0,16.6667,16.6660,1.6671,10234,220,818131960561,1.9146,0.6375,14.7383,16656100,73700,241100,0,1500,0
walking,0,16.6674,16.6703,1.9845,16626,219,818132127221,1.6615,0.9109,14.9948,16652200,70600,610300,0,1300,0
walking,0,16.6674,16.6648,1.6968,10234,219,818132293924,1.8821,0.6611,14.7683,16662400,74000,313600,0,1200,0
walking,0,16.6665,16.6689,1.6794,22218,216,818132460572,1.9083,0.7861,14.7478,16640300,74000,239500,0,1300,0
walking,0,16.6762,16.6661,1.6691,10234,176,818132627261,2.1305,0.7843,14.5218,16669600,78400,270600,0,1400,0
walking,0,16.7201,16.6787,1.6333,10234,176,818132793922,2.0868,0.5935,14.5758,16695600,85500,372700,0,1800,0
walking,0,16.6669,16.6548,1.8934,16626,176,818132960709,2.2333,0.7941,14.4071,16650400,76400,533800,0,1300,0
walking,0,16.6655,16.6870,1.6005,10258,170,818133127257,2.0589,0.9514,14.6110,16646200,72400,292000,0,1600,0
walking,0,16.6878,16.7128,1.5862,10234,170,818133294127,2.2565,0.9611,14.4393,16687800,72300,285600,0,1300,0
walking,0,16.6554,16.6669,1.5718,10234,172,818133461255,2.0141,1.0377,14.6365,16620900,74100,251200,0,1500,0
walking,0,16.6672,16.6642,1.6640,10234,172,818133627924,2.0169,1.0051,14.6293,16652300,88500,251100,0,1600,0
walking,0,16.6660,16.7067,1.8504,16694,173,818133794566,1.7113,0.8174,14.9769,16646200,80300,662300,0,2100,0
walking,0,16.6669,16.6375,1.6620,10234,173,818133961633,1.9242,0.5916,14.6969,16650600,75400,301500,0,1500,0
walking,0,16.6679,16.6684,1.9139,10234,173,818134128008,1.6551,1.4398,14.9973,16664100,74100,264400,0,1600,0
walking,0,16.6674,16.6631,1.6548,10234,173,818134294692,2.6771,0.7866,13.9692,16640400,72200,241600,0,1200,0
walking,0,16.6688,16.6669,1.6773,10234,171,818134461323,1.9561,1.0137,14.6945,16655800,70700,293800,0,1100,0
walking,0,16.6649,16.6802,1.9886,16626,139,818134627992,2.0572,0.5974,14.6071,16643200,98100,695400,0,2300,0
walking,0,16.6639,16.6567,1.6507,10234,139,818134794794,1.7641,0.7036,14.8765,16642600,85500,286900,0,1800,0
walking,0,16.6642,16.6732,1.5544,10234,139,818134961361,1.8680,1.4408,14.7880,16645700,69000,216700,0,1500,0
walking,0,16.6669,16.6627,1.6302,10234,139,818135128093,2.4409,0.8000,14.2024,16655900,66100,260400,0,1300,0
walking,0,16.6693,16.6580,1.5258,10234,137,818135294720,2.4712,0.5337,14.1715,16663500,61400,216400,0,1100,0
walking,0,16.6684,16.6575,1.8381,16626,138,818135461300,1.6519,0.7071,14.9938,16654100,69200,562300,0,1200,0
walking,0,16.6662,16.6666,1.6241,10234,138,818135627875,1.8381,0.5651,14.8177,16653500,73400,251800,0,1400,0
walking,0,16.6669,16.6767,1.6476,10234,136,818135794541,1.8650,0.7435,14.7985,16651500,71500,234500,0,1200,0
walking,0,16.6649,16.6677,1.5585,10234,137,818135961308,2.1238,0.7746,14.5303,16646400,68100,1981400,833700,1300,0
walking,0,16.6668,16.6667,1.6343,10234,136,818136127985,2.0842,0.7151,14.5695,16653000,65600,220200,0,1100,0
walking,0,16.6673,16.6657,1.8309,16626,136,818136294652,1.5767,0.6627,15.0749,16656900,66900,635900,0,1200,0
walking,0,16.6687,16.6605,1.6200,10234,129,818136461309,2.5502,0.6117,14.0962,16659400,71400,269000,0,1100,0
walking,0,16.7009,16.6652,1.5329,10234,127,818136627914,1.6550,1.2542,14.9980,16689500,77200,255200,0,1600,0
walking,0,16.6654,16.6709,1.6302,10234,121,818136794566,1.9381,0.6915,14.7189,16655100,78300,239600,0,1400,0
walking,0,16.6643,16.6724,1.6200,10234,120,818136961275,1.7515,0.6327,14.9081,16641600,74800,243500,0,1400,0
walking,0,16.6669,16.7037,1.8483,16626,120,818137127999,1.8083,0.5973,14.8814,16653200,67000,539500,0,1000,0
walking,0,16.6680,16.6695,1.6210,10234,122,818137295036,1.9200,0.6074,14.7353,16654800,64300,246000,0,1200,0
walking,0,16.6658,16.6545,1.6435,23558,122,818137461731,1.9046,0.6795,14.7370,16650300,75000,267100,0,1300,0
walking,0,16.6690,16.6686,1.6691,10234,103,818137628276,1.7717,0.6610,14.8816,16661900,60700,204900,0,1200,0
walking,0,16.6644,16.6666,1.5995,10234,102,818137794962,1.7171,1.4890,14.9378,16647100,70100,227900,0,1300,0
walking,0,16.6704,16.6607,1.5770,16626,103,818137961628,2.2250,0.5361,14.4254,16661300,67400,524400,0,1100,0
walking,0,16.6637,16.6773,1.6660,10234,103,818138128235,1.3969,0.5010,15.2652,16645800,80700,371700,0,1400,0
walking,0,16.6660,16.6595,1.6620,10474,102,818138295008,1.6102,0.6127,15.0369,16653700,1298100,204400,0,1400,0
walking,0,16.6661,16.6751,1.6374,10310,101,818138461603,1.7208,0.6928,14.9407,16655600,76500,206700,0,1400,0
walking,0,16.6687,16.6582,1.5759,10310,99,818138628354,2.1881,0.4652,14.4576,16660600,76700,213600,0,1100,0
walking,0,16.6672,16.6640,1.9190,16702,99,818138794936,2.8415,0.4766,13.8124,16654800,75600,708900,0,1300,0
walking,0,16.6668,16.6655,1.6783,10310,99,818138961576,1.7848,0.5061,14.8708,16655200,75700,315300,0,1300,0
walking,0,16.6670,16.6726,1.6435,10310,99,818139128231,1.4578,0.6574,15.2029,16655500,86600,224800,0,1300,0
walking,0,16.6669,16.6663,1.6773,10310,98,818139294957,1.8817,0.5999,14.7731,16653400,75300,230100,0,1200,0
walking,0,16.6694,16.6664,1.6620,10310,99,818139461620,2.0156,0.6206,14.6396,16660800,78500,247700,0,1200,0
walking,0,16.6676,16.6672,1.9292,16702,99,818139628284,2.2510,0.4742,14.4045,16665400,91500,608300,0,1400,0
walking,0,16.6661,16.6678,1.7121,10310,99,818139794956,1.7965,0.5593,14.8570,16634400,96300,246600,0,1400,0
walking,0,16.6680,16.6761,1.6855,10310,99,818139961634,1.8292,0.6841,14.8317,16652300,87600,238700,0,1200,0
walking,0,16.6667,16.6825,1.6927,10310,99,818140128395,1.8697,0.5672,14.7957,16655500,95100,237800,0,1200,0
walking,0,16.6702,16.6529,1.7029,10310,99,818140295220,2.3866,0.5205,14.2480,16650600,90600,204000,0,1600,0
walking,0,16.6658,16.6677,1.8893,16702,99,818140461749,1.6847,0.5237,14.9676,16642800,105600,818200,0,2100,0
walking,0,16.6663,16.6723,1.6824,10310,99,818140628426,1.7628,0.5392,14.8928,16649400,88200,267900,0,2000,0
walking,0,16.6701,16.6693,1.5964,10310,99,818140795149,1.7867,0.9023,14.8641,16653300,81800,347900,0,1400,0
walking,0,16.6639,16.6598,1.9436,10382,99,818140961842,2.6991,0.6810,13.9438,16644900,125900,241100,0,1500,0
walking,0,16.7026,16.6657,1.6241,10310,99,818141128440,1.7840,1.6504,14.8657,16684700,107400,391900,0,1800,0
walking,0,16.6660,16.6751,1.9640,16702,93,818141295097,1.8461,0.6236,14.8073,16649400,89600,522700,0,1500,0
walking,0,16.6712,16.6617,1.7091,10310,92,818141461848,1.8220,0.8264,14.8232,16660300,84500,253200,0,1600,0
walking,0,16.6630,16.7007,1.7326,10310,93,818141628465,2.4725,0.6533,14.2124,16635900,88600,243800,0,1500,0
walking,0,16.6640,16.6642,1.7091,10310,93,818141795472,1.8735,0.5575,14.7761,16646200,83700,251100,0,1400,0
walking,0,16.6671,16.6794,1.6384,10310,93,818141962114,1.7096,0.5262,14.9509,16655200,76800,239000,0,1100,0
walking,0,16.7643,16.6536,1.9845,16702,93,818142128908,1.9003,0.6136,14.7356,16771600,71400,442000,0,1300,0
walking,0,16.6561,16.6591,1.7019,10310,93,818142295444,1.6099,0.5362,15.0363,16621400,85200,258400,0,1300,0
walking,0,16.6659,16.6662,1.6609,10310,91,818142462035,1.5081,0.5690,15.1472,16650900,79800,231300,0,1300,0
walking,0,16.6693,16.7895,1.9456,10310,91,818142628697,1.5405,0.4796,15.2314,16660700,92000,228600,0,1200,0
walking,0,16.6654,16.6352,1.7111,10310,91,818142796592,1.5485,0.5099,15.0731,16649200,81600,273400,0,1500,0
walking,0,16.6651,16.6633,1.9732,16702,91,818142962944,1.6675,0.6250,14.9833,16649200,79400,520200,0,1300,0
walking,0,16.6701,16.6751,1.7521,10310,91,818143129577,1.5000,0.5905,15.1608,16660100,95700,424400,0,2000,0
walking,0,16.6664,16.6629,1.7336,10310,91,818143296328,1.7662,0.5688,14.8831,16647900,451100,326000,0,1600,0
walking,0,16.6638,16.6623,1.7684,10310,91,818143462957,1.6862,0.9358,14.9631,16643300,95400,254100,0,1300,0
walking,0,16.6679,16.6771,1.7684,20666,91,818143629580,2.2066,1.0734,14.4536,16659200,76900,212200,0,1300,0
walking,0,16.6676,16.6644,1.9589,16702,294,818143796351,2.5235,0.5635,14.1244,16656700,72600,530300,0,1000,0
walking,0,16.6665,16.6557,1.7439,10310,293,818143962995,1.6432,2.6231,15.0002,16651400,81200,308700,0,1600,0
walking,0,16.6665,16.6703,1.7285,10310,291,818144129552,1.9204,3.0768,14.7388,16653800,74300,234000,0,1100,0
walking,0,16.6670,16.6691,1.7428,10310,291,818144296255,1.8844,0.6808,14.7723,16653900,72100,295800,0,1000,0
walking,0,16.6670,16.6642,1.7254,10310,288,818144462946,1.9729,0.5708,14.6787,16651400,73400,223000,0,1200,0
walking,0,16.6676,16.6666,1.9732,16702,288,818144629588,1.6132,0.6035,15.0407,16657100,77500,486200,0,1600,0
walking,0,16.6649,16.6696,1.7500,10310,286,818144796254,1.7890,0.5624,14.8650,16647700,82200,231100,0,1300,0
walking,0,16.6698,16.6660,1.6517,10310,288,818144962950,1.6482,0.8881,15.0033,16663000,75500,319300,0,1300,0
walking,0,16.6668,16.6704,1.6046,10310,285,818145129610,1.7481,0.6118,14.9092,16650000,129900,254700,0,1400,0
walking,0,16.6682,16.6596,1.6855,10310,287,818145296314,1.7548,0.7413,14.8929,16654000,83400,267800,0,1300,0
walking,0,16.6645,16.6786,1.9538,16702,286,818145462910,1.9854,0.6249,14.6776,16649200,81000,731500,0,1400,0
walking,0,16.6696,16.6641,1.7797,10310,287,818145629696,2.0261,0.6710,14.6240,16656400,84400,255000,0,1600,0
walking,0,16.6652,16.6687,2.0070,10334,285,818145796337,1.8098,1.5683,14.8444,16646900,78800,229500,0,1600,0
walking,0,16.6685,16.6640,1.6722,10310,289,818145963024,2.1564,0.6240,14.4930,16656100,75400,207700,0,1200,0
walking,0,16.6654,16.6715,1.7029,10310,289,818146129664,1.7213,0.6680,14.9352,16649000,79800,289800,0,1300,0
walking,0,16.6647,16.6611,1.9732,54554,288,818146296379,1.8723,0.5328,14.7747,16650100,82700,625400,0,1400,0
walking,0,16.6670,16.6720,1.6794,10334,583,818146462990,1.6549,0.6834,15.0015,16656000,74500,245100,0,1200,0
walking,0,16.6695,16.6626,2.1955,10310,581,818146629710,1.8220,9.2969,14.8271,16657300,84300,238500,0,1500,0
walking,0,16.6678,16.6626,1.8586,10310,583,818146796336,3.4756,9.1314,13.1747,16656300,79800,235100,0,1400,0
walking,0,16.6663,16.6687,1.8811,10310,583,818146962962,2.4668,1.0478,14.1893,16685300,91500,250300,0,1800,0
walking,0,16.6662,16.6717,2.1903,16702,580,818147129649,2.3480,1.0480,14.3094,16615700,81500,753000,0,1500,0
walking,0,16.6660,16.6701,1.9569,10310,583,818147296366,2.4104,1.0073,14.2461,16652600,78400,292300,0,1300,0
walking,0,16.6652,16.7004,2.2764,10310,582,818147463067,2.6547,0.9898,14.0307,16649600,78400,228600,0,1200,0
walking,0,16.6693,16.6283,2.2252,10310,585,818147630071,2.4360,1.3501,14.1798,16660500,85600,281800,0,1300,0
walking,0,16.6676,16.6661,1.9210,10310,585,818147796354,2.2616,1.1626,14.3910,16654200,156600,240100,0,1500,0
walking,0,16.6658,16.6617,1.9763,16702,583,818147963015,2.0999,1.5890,14.5498,16650700,79200,558200,0,1400,0
walking,0,16.6668,16.6734,1.9589,10310,584,818148129632,2.1192,0.9255,14.5414,16654100,87500,310900,0,1300,0
walking,0,16.6660,16.6678,2.2682,10310,585,818148296366,2.3467,0.9091,14.3076,16652000,76400,228100,0,1300,0
walking,0,16.6668,16.6629,2.0193,10310,585,818148463044,2.1442,0.8237,14.5066,16656200,84500,226300,0,1200,0
walking,0,16.6710,16.6669,1.9569,10310,585,818148629673,2.2136,0.8990,14.4406,16660400,84200,315700,0,1600,0
walking,0,16.6640,16.6642,2.2917,16702,585,818148796342,1.8551,0.8373,14.7969,16645800,94900,562000,0,1700,0
walking,0,16.6660,16.6698,1.9763,10310,583,818148962984,1.9458,1.1026,14.7105,16651400,89000,250800,0,1400,0
walking,0,16.6680,16.6753,2.3347,10310,581,818149129682,2.2049,1.0793,14.4557,16655500,84400,290700,0,1200,0
walking,0,16.7412,16.6604,1.9476,10310,572,818149296435,2.6650,0.8808,13.9809,16727700,80400,313500,0,1200,0
walking,0,16.6656,16.6635,2.0132,10310,571,818149463039,2.3455,1.4909,14.3059,16654100,73900,253800,0,1000,0
walking,0,16.6669,16.6689,2.3276,16702,573,818149629674,2.2569,1.0436,14.3986,16652900,81600,648600,0,1200,0
walking,0,16.6670,16.7399,2.0285,10310,573,818149796363,2.1597,0.8949,14.5681,16653900,84000,295700,0,1200,0
walking,0,16.6668,16.6689,2.3409,10310,569,818149963762,1.8602,0.9397,14.7940,16653600,77500,231700,0,1100,0
walking,0,16.6670,16.6657,2.0275,10310,567,818150130451,2.3332,1.0158,14.3196,16654100,80900,213800,0,1100,0
walking,0,16.6708,16.6671,1.9948,10310,565,818150297108,2.2155,0.7535,14.4384,16661600,131200,236800,0,2200,0
walking,0,16.6637,16.6660,2.3194,16702,566,818150463779,2.4180,0.7791,14.2357,16640600,92900,545200,0,1200,0
walking,0,16.6653,16.6671,1.9630,10310,565,818150630439,1.8716,1.3124,14.7825,16648700,84500,292800,0,1400,0
walking,0,16.6673,16.6817,2.2723,10310,567,818150797110,2.6299,1.0975,14.0319,16655100,86600,224800,0,1200,0
walking,0,16.6687,16.6555,1.9917,10310,567,818150963927,2.7256,1.0312,13.9151,16656900,82600,251700,0,1400,0
walking,0,16.6665,16.6624,1.9661,10310,560,818151130482,2.2113,1.0303,14.4374,16653200,98500,250700,0,1500,0
walking,0,16.6667,16.6674,2.2221,16702,561,818151297106,1.9164,0.8713,14.7387,16653400,104400,483000,0,1000,0
walking,0,16.6666,16.6709,1.8842,10310,559,818151463780,1.8885,1.0118,14.7685,16654300,93800,242700,0,1400,0
walking,0,16.7637,16.6662,2.3101,10310,551,818151630489,2.2836,0.8791,14.3698,16755400,90500,224700,0,1200,0
walking,0,16.7241,16.6661,1.9579,10310,545,818151797151,2.2703,0.9384,14.3832,16705700,77800,241400,0,1300,0
walking,0,16.6556,16.6673,1.9804,10310,544,818151963812,2.4134,0.7839,14.2411,16627900,78400,222500,0,1400,0
walking,0,16.6676,16.7770,2.2200,16702,543,818152130485,1.9705,0.7971,14.7851,16654400,86100,469500,0,1500,0
walking,0,16.6683,16.7242,1.9476,10310,544,818152298255,1.8917,0.8539,14.8142,16654300,83300,233200,0,1500,0
walking,0,16.6871,16.6439,2.2548,10310,540,818152465497,2.2345,0.9110,14.3934,16668600,88700,458600,0,2100,0
walking,0,16.6615,16.6699,1.9220,10310,542,818152631936,2.2627,1.0560,14.3920,16638600,83700,249700,0,1500,0
walking,0,16.6665,16.6707,1.9507,10310,544,818152798635,2.0388,1.3234,14.6156,16647300,87000,311800,0,1300,0
walking,0,16.6635,16.6859,2.3593,16702,543,818152965342,2.3691,0.9583,14.2996,16646000,77600,675500,0,1300,0
walking,0,16.6673,16.6574,1.9896,10310,541,818153132201,2.0474,0.9899,14.5914,16659400,75200,204100,0,1200,0
walking,0,16.6685,16.6627,2.2979,10310,537,818153298775,2.0676,1.1199,14.5798,16660600,66300,244600,0,800,0
walking,0,16.6666,16.6586,2.0429,10310,537,818153465402,2.1551,0.7923,14.4909,16679000,71600,265900,0,1200,0
walking,0,16.6750,16.6691,2.1340,10310,535,818153631988,1.8004,1.2429,14.8591,16631600,73400,195600,0,1100,0
walking,0,16.6599,16.6719,2.1238,16702,534,818153798679,1.7484,1.3127,14.9122,16641400,85900,459800,0,1300,0
walking,0,16.6701,16.7006,2.0634,10310,533,818153965398,1.8661,0.9842,14.8129,16657500,74300,233700,0,1000,0
walking,0,16.6644,16.6456,2.4269,10310,534,818154132404,2.2564,0.8417,14.3754,16646600,82600,311300,0,1100,0
walking,0,16.6659,16.6557,2.0992,10310,535,818154298860,2.0776,0.8557,14.5638,16652600,80500,321900,0,1100,0
walking,0,16.6702,16.6743,2.4648,10310,535,818154465417,2.1608,1.4759,14.4970,16659900,80400,234100,0,1100,0
walking,0,16.6633,16.6605,2.0644,16702,533,818154632160,2.0793,1.0330,14.5674,16640900,82600,548200,0,1500,0
walking,0,16.6659,16.6651,2.0531,10310,534,818154798765,2.1982,0.8010,14.4544,16652900,77700,253400,0,1300,0
walking,0,16.6670,16.6743,2.4044,10310,534,818154965416,2.1622,1.1435,14.4979,16652700,72400,276600,0,1000,0
walking,0,16.6695,16.6578,2.1811,10310,503,818155132159,2.5784,0.8358,14.0626,16662400,74700,220000,0,1000,0
walking,0,16.6699,16.6668,2.1115,10310,503,818155298737,1.9937,0.8987,14.6594,16657700,81200,291500,0,1300,0
walking,0,16.6638,16.6643,2.3429,16702,503,818155465405,1.8609,0.8365,14.7918,16643300,87700,2524700,1074100,1700,0
walking,0,16.7044,16.6757,2.1903,10310,503,818155632048,1.8403,0.8022,14.8223,16686200,83700,228700,0,1500,0
walking,0,16.6668,16.6753,2.4883,10310,502,818155798805,2.0102,1.8481,14.6477,16651100,80400,235600,0,1200,0
walking,0,16.6717,16.6610,2.1350,10310,503,818155965558,3.9100,0.8494,12.7334,16660900,76000,232600,0,1200,0
walking,0,16.6629,16.7004,2.1053,10310,498,818156132168,2.4944,1.0266,14.1918,16641800,81400,215700,0,1300,0
walking,0,16.6675,16.6667,2.1197,16702,503,818156299172,2.0009,0.9478,14.6503,16652900,78200,489600,0,1400,0
walking,0,16.6659,16.6788,2.1883,10310,503,818156465839,2.0982,0.8098,14.5629,16648700,98100,276000,0,1400,0
walking,0,16.6666,16.6573,2.3347,10310,503,818156632627,2.2434,1.1369,14.3984,16653100,72700,197800,0,1000,0
walking,0,16.6687,16.6665,2.1115,10310,503,818156799200,2.4193,0.9755,14.2338,16656900,74100,204500,0,1700,0
walking,0,16.7134,16.6639,2.1893,10310,503,818156965865,2.4460,0.7483,14.2028,16711300,80300,251500,0,1200,0
walking,0,16.6550,16.6671,2.4812,16702,497,818157132504,2.2457,0.8152,14.4075,16619800,67100,468500,0,1200,0
walking,0,16.6696,16.6712,2.0040,10310,495,818157299175,2.0316,1.2745,14.6254,16658500,79700,237900,0,1200,0
walking,0,16.6667,16.7353,2.4084,10310,498,818157465887,1.9868,0.8994,14.7246,16650400,84100,255200,0,1400,0
walking,0,16.7304,16.6302,2.1361,10234,498,818157633240,2.1709,1.2549,14.4489,16713000,72400,373400,0,1300,0
walking,0,16.6684,16.6718,2.4463,10234,498,818157799542,2.1253,1.0506,14.5333,16659000,71400,208200,0,1100,0
walking,0,16.6668,16.6670,2.0951,16626,498,818157966260,2.5325,1.0245,14.1181,16651600,66200,439500,0,1200,0
walking,0,16.6680,16.7270,2.0767,10234,499,818158132930,2.2772,1.3302,14.4359,16654900,69300,235600,0,1400,0
walking,0,16.6688,16.6724,2.4187,10234,488,818158300200,1.9941,0.9963,14.6650,16657700,79700,306400,0,1600,0
walking,0,16.6659,16.6664,2.1402,10234,491,818158466924,2.2080,0.8463,14.4436,16648800,82000,260300,0,1500,0
walking,0,16.6663,16.6677,2.0296,10234,490,818158633588,2.5401,1.5378,14.1148,16648100,77400,244800,0,1600,0
walking,0,17.0872,16.6731,2.1023,16626,489,818158800265,2.3370,1.2751,14.3208,17071400,76800,674500,0,1400,0
walking,0,16.6637,16.6654,2.1473,10234,491,818158966996,2.3339,0.9230,14.3152,16640800,74800,253000,0,1500,0
walking,0,16.6705,16.6648,2.3552,10258,491,818159133650,2.3040,1.1945,14.3443,16664200,68100,276400,0,1100,0
walking,0,16.6639,17.0879,1.9538,10234,491,818159300298,2.3792,1.0996,14.6923,16643800,82600,332200,0,1300,0
walking,0,16.6669,16.6561,1.9528,10234,475,818159471177,2.3034,1.4106,14.3375,16653400,66000,299500,0,1200,0
walking,0,16.6656,16.6782,2.1228,16626,473,818159637738,2.1745,0.9430,14.4900,16650400,65300,593700,0,1000,0
walking,0,16.6687,16.6562,2.1166,10234,473,818159804520,2.4599,1.0259,14.1839,16659500,67500,238800,0,1100,0
walking,0,16.6670,16.6684,2.2630,10234,469,818159971082,2.1897,1.1250,14.4638,16652700,71000,230400,0,1000,0
walking,0,16.6695,16.6632,1.9374,10234,473,818160137766,2.3790,0.9737,14.2714,16664600,74100,433400,0,1000,0
walking,0,16.6671,16.6725,2.3091,10282,472,818160304398,2.0862,0.8459,14.5735,16646300,78700,230900,0,1400,0
walking,0,16.6652,16.6675,2.0920,16626,346,818160471123,2.5882,1.0442,14.0645,16550100,76800,499000,0,1200,0
walking,0,16.6674,16.6782,2.2723,10234,343,818160637798,2.4752,0.8207,14.1894,16655900,65200,260700,0,900,0
walking,0,16.6672,16.7568,2.5539,10234,343,818160804580,2.0592,0.8956,14.5872,16654800,75200,250400,0,1200,0
walking,0,16.6679,16.5639,2.3869,10234,339,818160972148,2.1699,1.3992,14.3802,16657300,65800,445500,0,1100,0
walking,0,16.6650,16.6675,2.6911,10234,334,818161137787,1.9178,0.9370,14.7381,16648900,93700,230100,0,1100,0
walking,0,16.6684,16.6658,2.2538,28610,335,818161304462,2.0142,1.2614,14.6407,16658400,66300,472400,0,900,0
walking,0,16.6653,16.6721,2.2508,10234,310,818161471120,2.4568,0.9451,14.2006,16653200,66100,222600,0,1000,0
walking,0,16.6675,16.6598,2.5262,10234,310,818161637841,2.0933,0.9189,14.5556,16654100,68800,225000,0,1100,0
walking,0,16.6684,16.6693,2.1975,10234,310,818161804439,2.3772,0.9498,14.2813,16660400,68000,221900,0,1200,0
walking,0,16.6658,16.6671,2.5498,10234,309,818161971132,2.1471,0.7089,14.5061,16649600,71000,224600,0,1100,0
walking,0,16.6678,16.6649,2.3050,16626,309,818162137803,2.0414,0.7358,14.6128,16658100,70200,689300,0,1200,0
walking,0,16.6674,16.6727,2.3501,10234,305,818162304452,1.9212,0.7442,14.7393,16651000,80700,222200,0,1700,0
walking,0,16.6649,16.6619,2.5805,10234,307,818162471179,2.1615,1.1164,14.4881,16645800,75500,221700,0,16400,0
walking,0,16.6683,16.6744,2.2917,10234,307,818162637798,2.4120,1.0966,14.2462,16657600,68500,357500,0,1100,0
walking,0,16.6674,16.6653,2.5651,10234,307,818162804542,2.2084,1.2848,14.4427,16653200,83000,248200,0,1500,0
walking,0,16.6643,16.6605,2.3368,26982,302,818162971195,1.9879,1.3314,14.6579,16647600,73300,659800,0,1300,0
walking,0,16.6683,16.6727,2.4166,10234,238,818163137800,2.1934,0.8133,14.4643,16656700,71500,262900,0,1300,0
walking,0,16.6657,16.6686,1.8309,10234,232,818163304527,2.0209,1.9095,14.6324,16652200,71000,307700,0,1300,0
walking,0,16.6670,16.6612,1.8022,10234,233,818163471213,2.8159,0.6973,13.8318,16654000,66900,244900,0,1000,0
walking,0,16.6675,16.6702,1.7828,10234,229,818163637825,2.0540,0.7383,14.6029,16657100,64500,218500,0,1000,0
walking,0,16.6665,16.6637,1.8063,16626,228,818163804527,2.1976,0.7491,14.4546,16656200,70000,544100,0,1300,0
walking,0,16.6700,16.6651,1.7603,10234,228,818163971164,1.8723,0.7123,14.7818,16662000,69200,228600,0,1100,0
walking,0,16.6653,16.6681,1.9814,10234,225,818164137815,1.6890,1.6494,14.9683,16648900,79400,308000,0,1500,0
walking,0,16.6667,16.6672,1.7807,10234,225,818164304496,1.8869,0.8756,14.7693,16653400,70500,237400,0,1200,0
walking,0,16.6673,16.6752,2.0234,10234,218,818164471168,1.8801,1.3830,14.7818,16652200,70600,245000,0,1100,0
walking,0,16.6657,16.6622,1.7469,16626,217,818164637920,2.2894,0.8043,14.3594,16651600,80900,677400,0,1700,0
walking,0,16.6668,16.6660,1.7531,10234,216,818164804542,2.0699,0.6210,14.5836,16652300,78100,232400,0,1300,0
walking,0,16.6657,16.6688,1.9825,10234,216,818164971202,1.8315,1.0480,14.8208,16652800,65900,668300,0,1300,0
walking,0,16.6673,16.6643,1.7091,10234,211,818165137890,2.5685,0.6379,14.0831,16657000,65900,280500,0,1600,0
walking,0,16.6725,16.6638,1.9722,10234,213,818165304533,1.8898,0.9070,14.7625,16666300,65300,237500,0,1500,0
walking,0,16.6643,16.6653,1.7050,16626,209,818165471171,2.9800,0.5959,13.6729,16646000,70700,537000,0,1400,0
walking,0,16.6652,16.6669,1.7009,10234,209,818165637824,1.8922,0.6441,14.7648,16652500,73800,261800,0,1200,0
walking,0,16.6666,16.6798,1.9415,10234,209,818165804493,1.8282,0.7862,14.8381,16652600,73300,244500,0,1300,0
walking,0,16.6667,16.6609,1.6978,10234,209,818165971291,2.2195,0.8153,14.4266,16655100,71300,396000,0,1300,0
walking,0,16.6694,16.6650,1.7152,20074,209,818166137900,1.8625,0.6377,14.7901,16660800,72300,310300,0,10600,0
walking,0,16.6642,16.6649,1.6159,16626,173,818166304550,1.5820,1.2519,15.0706,16644900,125000,580500,0,1500,0
walking,0,16.7034,16.6676,1.6855,10234,173,818166471199,1.9079,0.6535,14.7472,16696300,67300,240600,0,1300,0
walking,0,16.6639,16.6750,1.8934,10234,172,818166637875,2.2078,0.7360,14.4531,16646300,77800,359000,0,1200,0
walking,0,16.6677,16.6580,1.6210,10234,173,818166804625,1.9298,0.6185,14.7152,16656100,71700,252900,0,1200,0
walking,0,16.6686,16.7099,1.5657,10234,173,818166971205,1.9820,1.1173,14.7146,16651500,92600,226300,0,1600,0
walking,0,16.6776,16.6617,1.9026,16626,141,818167138304,1.8583,0.6260,14.7881,16660600,80500,521900,0,1100,0
walking,0,16.6532,16.6720,1.6056,10234,141,818167304921,1.7658,0.6026,14.8905,16644300,83500,349800,0,1500,0
walking,0,16.6696,16.6689,1.9835,10234,139,818167471641,2.0794,0.7216,14.5723,16653100,70700,239200,0,1200,0
walking,0,16.6663,16.6747,1.6364,10234,138,818167638330,1.9239,0.9179,14.7369,16647300,75500,292500,0,1400,0
walking,0,16.6644,16.6576,1.6824,10234,139,818167805077,1.9929,0.6093,14.6515,16646200,80000,302400,0,1500,0
walking,0,16.6662,16.6697,1.8821,16626,139,818167971653,1.7530,0.9450,14.9003,16652600,75000,513200,0,1200,0
walking,0,16.6665,16.6630,1.6988,10234,139,818168138350,1.5726,1.0645,15.0748,16652000,82100,248700,0,1200,0
walking,0,16.6671,16.6597,1.8913,10234,140,818168304980,1.5450,1.0001,15.1011,16658700,90100,230100,0,1100,0
walking,0,16.6656,16.6661,1.5923,10234,138,818168471577,1.8368,0.9454,14.8160,16651200,78600,320500,0,1200,0
walking,0,16.6667,16.6622,2.0255,10234,138,818168638238,1.7210,0.5899,14.9311,16657100,59000,207400,0,900,0
walking,0,16.6688,16.6703,1.6978,16626,138,818168804860,1.7177,1.3308,14.9411,16661900,62900,506500,0,900,0
walking,0,16.6663,16.6617,1.5780,10234,131,818168971563,1.6137,0.4987,15.0375,16653900,61000,214700,0,1000,0
walking,0,16.6663,16.6665,1.9978,10234,129,818169138180,1.2904,0.9902,15.3668,16650000,74000,247000,0,1600,0
walking,0,16.6681,16.6733,1.5555,10234,129,818169304845,1.4461,0.6426,15.2158,16660100,68200,215700,0,1200,0
walking,0,16.6683,16.6666,1.6681,10234,129,818169471578,1.6362,0.8024,15.0178,16657400,66600,207700,0,1000,0
walking,0,16.6664,16.6609,1.6282,16626,127,818169638244,1.7362,0.6439,14.9138,16649900,71500,483200,0,1300,0
walking,0,16.6739,16.6713,1.6558,10234,122,818169804853,1.4952,0.5068,15.1650,16667300,75500,228400,0,1300,0
walking,0,16.6587,16.6731,1.8903,10234,122,818169971566,1.4453,0.9731,15.2122,16624800,116600,245000,0,2800,0
walking,0,16.6670,16.6649,1.6732,10234,122,818170138297,1.7990,0.6914,14.8510,16656800,68600,298100,0,1200,0
walking,0,16.6681,16.6857,1.6579,10234,122,818170304946,1.7664,0.5944,14.9012,16658400,69100,268400,0,1200,0
walking,0,16.6671,16.6426,1.6527,16626,122,818170471803,2.2630,0.6137,14.3619,16654800,69600,587000,0,1100,0
walking,0,16.6668,16.6682,1.6210,10234,122,818170638229,2.7650,0.6629,13.8917,16651500,73900,230600,0,1300,0
walking,0,16.6665,16.6701,1.9220,20954,122,818170804911,1.5669,1.1257,15.0915,16652800,79300,226500,0,1200,0
walking,0,16.6690,16.6686,1.6558,10310,103,818170971612,1.7094,0.8299,14.9454,16657700,78300,228300,0,1100,0
walking,0,16.7472,16.6651,1.6118,10310,103,818171138298,1.7042,1.5355,14.9474,16733800,73800,229300,0,1200,0
walking,0,16.6623,16.6655,1.9180,16702,103,818171304949,1.7103,0.6308,14.9427,16647600,81000,542900,0,1000,0
walking,0,16.6728,16.6708,1.6548,10310,101,818171471604,1.4116,0.4892,15.2462,16665800,70300,788800,0,1100,0
walking,0,16.6725,16.7456,2.0081,10310,99,818171638312,1.4304,0.5933,15.3034,16651200,85500,370900,0,1600,0
walking,0,16.6573,16.6601,1.6835,10310,99,818171805768,1.6145,1.0069,15.0332,16641900,89000,221700,0,1300,0
walking,0,16.6674,16.6839,1.5954,10310,98,818171972369,2.0965,1.2793,14.5695,16655500,80400,255400,0,1200,0
walking,0,16.6903,16.6654,1.8913,16702,99,818172139208,1.5723,0.5029,15.0790,16682000,76600,706300,0,1500,0
walking,0,16.6880,16.6529,1.6835,10310,99,818172305862,1.3995,0.5480,15.2424,16677900,63000,197500,0,1000,0
walking,0,16.6598,16.6713,1.9149,10310,99,818172472391,1.7572,1.5175,14.8983,16639800,79000,282600,0,1500,0
walking,0,16.6645,16.6953,1.6620,10310,99,818172639104,1.9486,0.5589,14.7333,16646700,75000,249200,0,1100,0
walking,0,16.6690,16.6900,1.6998,10310,99,818172806057,1.8906,0.8657,14.7874,16657600,81100,237400,0,1200,0
walking,0,16.7439,16.6538,1.7265,16702,98,818172972957,1.6028,0.8912,15.0372,16727300,82000,450700,0,1000,0
walking,0,16.6663,16.6608,1.6804,10310,99,818173139495,1.4777,0.5402,15.1691,16649000,74700,203800,0,1200,0
walking,0,16.6635,16.6749,2.0705,10310,99,818173306103,1.4206,0.6262,15.2372,16646100,75300,221200,0,1300,0
walking,0,16.6670,16.7440,1.7101,10310,99,818173472852,1.7218,0.4756,15.0056,16659500,69600,245200,0,1100,0
walking,0,16.6686,16.6638,1.6927,10310,99,818173640292,1.5256,0.5246,15.1235,16634100,68200,220600,0,900,0
walking,0,16.6665,16.6606,1.6916,16702,99,818173806930,1.3901,0.5227,15.2561,16654500,84100,526800,0,1500,0
walking,0,16.6695,16.6846,1.7213,10310,99,818173973536,1.4389,0.6781,15.2208,16659800,79600,228300,0,1100,0
walking,0,16.6666,16.6522,1.6271,10310,99,818174140382,1.4550,0.6282,15.1791,16652000,82400,234900,0,1400,0
walking,0,16.6686,16.6678,1.7203,10310,99,818174306904,1.5938,0.5203,15.0608,16654500,84800,276800,0,1500,0
walking,0,16.6656,16.6722,1.7029,10310,99,818174473582,1.4362,0.5044,15.2238,16647500,85100,331800,0,1300,0
walking,0,16.6652,16.6662,1.7080,28854,93,818174640304,1.5261,0.9142,15.1260,16646900,82500,684500,0,1400,0
walking,0,16.6637,16.6690,1.7224,10310,93,818174806966,1.6442,0.6696,15.0104,16647500,75000,264600,0,1200,0
walking,0,16.6764,16.6654,1.9702,10310,93,818174973656,1.7426,0.6538,14.9050,16677600,61400,232200,0,1000,0
walking,0,16.6600,16.6599,1.7039,10310,92,818175140310,1.6515,0.8047,14.9956,16629100,116200,3372000,1563100,2200,0
walking,0,16.6675,16.6587,1.7265,10310,93,818175306909,1.2985,0.5130,15.3490,16649700,83300,240500,0,1500,0
walking,0,16.6705,16.6961,1.6507,16702,93,818175473496,1.3013,1.3295,15.3767,16658700,76700,521700,0,1300,0
walking,0,16.6631,16.6493,1.7388,10310,93,818175640457,4.1327,0.5740,12.4965,16640200,83900,288700,0,1700,0
walking,0,16.6653,16.6646,2.0070,10310,93,818175806950,1.7103,0.6343,14.9395,16653100,76000,222700,0,1100,0
walking,0,16.6681,16.6764,1.7418,10310,91,818175973596,1.8109,0.5309,14.8478,16658300,75100,213400,0,1100,0
walking,0,16.7811,16.6545,1.7469,10310,91,818176140360,1.8841,0.6172,14.7561,16764000,77300,277100,0,1300,0
walking,0,16.6745,16.6663,1.6742,16702,91,818176306905,1.6149,0.5708,15.0382,16662900,72000,530600,0,1100,0
walking,0,16.6637,16.6702,1.7254,10310,91,818176473568,1.5752,0.6449,15.0831,16643900,88100,210600,0,1500,0
walking,0,16.6663,16.7793,2.0163,10310,91,818176640270,1.7582,0.6670,15.0058,16652300,80900,330000,0,1200,0
walking,0,16.6696,16.6834,1.7285,10310,91,818176808063,1.8739,0.7094,14.7891,16656300,86800,216900,0,1600,0
walking,0,16.6686,16.6613,1.7572,20666,91,818176974897,2.0203,0.6908,14.6238,16650600,76600,289100,0,1700,0
walking,0,16.6656,16.6659,2.0081,16702,294,818177141510,1.9989,0.4968,14.6533,16645800,88200,678800,0,1700,0
walking,0,16.6680,16.6716,1.9948,10310,289,818177308169,1.6746,3.3365,14.9819,16649900,125700,267100,0,2800,0
walking,0,16.6633,16.6695,1.6783,10310,288,818177474885,2.4597,3.0159,14.1910,16647400,94200,264600,0,1800,0
walking,0,16.6635,16.6670,2.0777,10310,288,818177641580,2.4303,0.7560,14.2157,16638200,88300,298300,0,1300,0
walking,0,16.6802,16.6683,1.6691,10310,288,818177808250,2.4944,0.7971,14.1558,16677200,66800,340500,0,1100,0
walking,0,16.7815,16.6643,1.6548,16702,287,818177974933,2.4427,0.7031,14.2049,16776900,114900,844800,0,2300,0
walking,0,16.6532,16.6498,1.7203,10310,288,818178141576,1.9542,0.5942,14.6841,16616900,94600,274700,0,2200,0
walking,0,16.6646,16.6914,1.9476,10310,287,818178308074,1.6835,1.3604,14.9938,16648300,78400,230100,0,1200,0
walking,0,16.6689,16.7939,1.7551,10310,286,818178474988,3.2016,0.6751,13.5753,16664300,65000,286900,0,1100,0
walking,0,16.6670,16.6337,1.7388,10310,287,818178642927,2.1621,0.8064,14.4547,16652900,71800,213900,0,900,0
walking,0,16.6670,16.6584,2.2016,16702,287,818178809264,1.7292,0.7118,14.9192,16656700,73200,489800,0,1300,0
walking,0,16.6671,16.6761,1.6824,10310,287,818178975848,2.1529,0.5680,14.5114,16653300,82900,240500,0,1600,0
walking,0,16.6671,16.6645,2.0787,10310,287,818179142609,1.5509,1.0744,15.1022,16655400,78900,226400,0,1600,0
walking,0,16.6666,16.6690,1.7101,10310,284,818179309254,1.6041,0.8497,15.0526,16653900,74100,304300,0,1100,0
walking,0,16.6680,16.6657,1.7592,10310,287,818179475944,1.8166,0.7766,14.8368,16655200,84700,217500,0,1200,0
walking,0,16.6650,16.6682,1.6937,27058,287,818179642601,1.6622,0.7049,14.9933,16651700,88800,462100,0,1300,0
walking,0,16.6660,16.6679,1.7469,10310,583,818179809283,1.7283,0.5850,14.9256,16652000,79500,228000,0,1700,0
walking,0,16.6684,16.6676,1.9005,10310,583,818179975962,1.9619,8.4637,14.6935,16656800,79600,213500,0,1000,0
walking,0,16.6670,16.6661,1.9374,10310,583,818180142638,2.5123,7.9545,14.1396,16654200,80200,352600,0,1200,0
walking,0,16.6694,16.6633,1.9118,10310,582,818180309299,1.9270,0.8774,14.7251,16660500,78100,316000,0,1300,0
walking,0,16.6687,16.6679,2.0275,16702,583,818180475932,1.8686,1.2786,14.7883,16651300,80900,523200,0,1300,0
walking,0,16.6676,16.6678,1.9702,10310,578,818180642611,2.6240,1.0534,14.0303,16652800,83600,245400,0,1200,0
walking,0,16.6657,16.6747,1.9988,10310,581,818180809289,2.4216,1.2146,14.2390,16647100,90900,280800,0,1500,0
walking,0,16.6686,16.6694,1.9630,10310,584,818180976036,2.8114,0.9768,13.8401,16658100,83500,316400,0,1800,0
walking,0,16.6664,16.6690,1.9569,10310,583,818181142730,2.1845,0.8165,14.4684,16641800,80500,217900,0,1300,0
walking,0,16.6695,16.6626,2.0306,16702,583,818181309420,2.1232,1.3098,14.5241,16653200,105500,515000,0,1500,0
walking,0,16.6650,16.6769,2.0705,10310,585,818181476046,2.3316,0.8891,14.3267,16648500,84900,308400,0,1700,0
walking,0,16.6664,16.6597,2.3173,10310,585,818181642815,2.3547,0.9819,14.2873,16646700,94400,303600,0,1500,0
walking,0,16.6664,16.6696,2.0572,10310,584,818181809412,2.4799,1.1164,14.1735,16651600,97600,310500,0,1500,0
walking,0,16.6622,16.6678,2.4269,10310,585,818181976108,2.8213,1.5100,13.8274,16641100,80300,221200,0,1400,0
walking,0,16.6669,16.6629,2.0654,16702,585,818182142786,2.4248,1.1051,14.2220,16657000,69700,466000,0,1200,0
walking,0,16.6687,16.6668,2.0736,10310,583,818182309415,2.1885,0.8205,14.4632,16657900,89600,225700,0,1100,0
walking,0,16.6690,16.6534,2.3685,10310,578,818182476083,2.1228,1.0345,14.5184,16656900,90600,307300,0,1200,0
walking,0,16.6649,16.6686,2.0654,10310,576,818182642617,2.0762,0.9004,14.5808,16648400,81500,239700,0,1300,0
walking,0,16.6653,16.6684,2.0326,10310,568,818182809303,2.0942,0.8061,14.5638,16647200,82200,302100,0,1400,0
walking,0,16.6663,16.6730,2.1197,16702,573,818182975987,2.0840,0.9301,14.5732,16656000,73900,503300,0,1200,0
walking,0,16.6688,16.6653,2.1105,10310,569,818183142717,2.3635,0.8965,14.2849,16660000,71100,251700,0,1000,0
walking,0,16.6675,16.6587,2.3439,10310,567,818183309370,2.0629,1.0418,14.5843,16656300,77000,231500,0,1200,0
walking,0,16.6681,16.6669,2.0767,10310,567,818183475957,2.0993,0.8719,14.5566,16656700,85900,299900,0,1100,0
walking,0,16.6666,16.6721,2.0060,10310,562,818183642626,1.8807,0.8989,14.7794,16648800,83400,241600,0,1300,0
walking,0,16.6665,16.6692,1.9712,16702,567,818183809347,1.7422,0.9972,14.9142,16651400,79500,516800,0,1100,0
walking,0,16.7475,16.6706,1.9702,10310,567,818183976039,2.3536,0.7770,14.3032,16752200,75600,375200,0,1000,0
walking,0,16.6527,16.6637,2.2723,10310,566,818184142745,1.9974,1.3844,14.6515,16588500,76700,248500,0,1300,0
walking,0,16.6661,16.6666,2.0808,10310,567,818184309382,1.8159,1.0912,14.8356,16651000,89900,290800,0,1300,0
walking,0,16.6661,16.7815,2.3040,10310,565,818184476048,2.0605,1.2818,14.6920,16650300,76800,250600,0,1300,0
walking,0,16.6689,16.6200,1.9866,16702,560,818184643863,1.9410,0.9542,14.6475,16659900,76700,483800,0,1100,0
walking,0,16.6725,16.6639,1.8995,10310,559,818184810063,2.1622,0.9547,14.4888,16663800,83900,292200,0,1400,0
walking,0,16.6617,16.6626,2.2979,10310,554,818184976702,2.2693,0.8833,14.3811,16635100,119400,294300,0,1600,0
walking,0,16.6656,16.6733,2.0890,10310,549,818185143328,2.3146,0.9971,14.3454,16652500,84400,246200,0,1700,0
walking,0,16.6661,16.6837,2.3368,10310,548,818185310061,2.2035,1.3059,14.4606,16651100,86000,314700,0,1200,0
walking,0,16.6675,16.6502,2.0255,16702,543,818185476898,3.2344,0.8946,13.4008,16657600,76200,484000,0,1100,0
walking,0,16.6690,16.6659,2.0275,10310,544,818185643400,2.5424,0.8661,14.1103,16658500,84700,239200,0,1300,0
walking,0,16.6651,16.6627,2.2999,10310,544,818185810059,2.2261,0.9435,14.4251,16647800,83700,211900,0,1300,0
walking,0,16.6669,16.6698,2.0419,10310,544,818185976686,1.9818,1.2148,14.6760,16657500,84700,286300,0,1200,0
walking,0,16.6669,16.6726,2.0449,10310,544,818186143384,1.9515,0.7732,14.7072,16651400,83700,248600,0,1100,0
walking,0,16.6664,16.6600,2.1064,16702,542,818186310110,1.7540,1.0404,14.8939,16653300,81100,527200,0,1200,0
walking,0,16.6696,16.6709,1.9886,10310,543,818186476710,2.2949,1.0685,14.3629,16661200,84800,228800,0,1100,0
walking,0,16.6660,16.6650,2.0828,10310,541,818186643419,2.0759,1.3760,14.5756,16650500,85400,291300,0,1300,0
walking,0,16.6702,16.6657,2.0398,10310,536,818186810069,2.2657,0.8534,14.3877,16656900,82200,273300,0,1600,0
walking,0,16.6652,16.6737,2.3767,10310,535,818186976726,1.9995,0.8596,14.6618,16647800,82000,304300,0,1300,0
walking,0,16.6658,16.6650,2.1330,16702,535,818187143463,2.2204,1.0295,14.4302,16648100,84000,467900,0,1600,0
walking,0,16.6671,16.6729,2.0787,10310,533,818187310113,2.1689,1.2748,14.4881,16653300,77600,214600,0,1100,0
walking,0,16.6656,16.6638,2.0142,10310,535,818187476842,2.4380,0.9511,14.2098,16643900,83200,245000,0,1300,0
walking,0,16.6712,16.6636,2.0838,10310,529,818187643480,2.4312,0.9664,14.2169,16670300,85800,359000,0,1300,0
walking,0,16.6659,16.6733,2.3869,10310,535,818187810116,2.3884,0.9911,14.2651,16637100,91800,314300,0,1600,0
walking,0,16.6668,16.6577,2.0716,16702,535,818187976849,2.1881,1.0626,14.4559,16648100,85500,640500,0,1500,0
walking,0,16.6653,16.6872,2.3798,10310,534,818188143426,2.4365,1.7084,14.2340,16646900,83000,234300,0,1500,0
walking,0,16.6659,16.6565,2.1760,10310,535,818188310298,2.4675,1.7177,14.1698,16649700,89400,226900,0,1500,0
walking,0,16.6663,16.6660,2.0685,10310,503,818188476863,2.2489,1.2437,14.3994,16649800,80100,277000,0,1200,0
walking,0,16.7175,16.6625,2.3337,10310,501,818188643523,2.0356,1.1504,14.6115,16706300,77200,240400,0,1000,0
walking,0,16.6690,16.6631,2.0716,16702,503,818188810148,2.0531,0.9743,14.5966,16657100,76800,589600,0,1100,0
walking,0,16.6673,16.6644,2.2139,10310,503,818188976779,2.3872,1.2064,14.2627,16652100,112000,333700,0,1700,0
walking,0,16.6671,16.7205,2.1709,10310,503,818189143423,1.7561,1.7289,14.9503,16647900,82600,257000,0,1500,0
walking,0,16.6676,16.6729,2.0306,10310,503,818189310628,1.9504,0.8974,14.7069,16654400,82200,314600,0,1200,0
walking,0,16.6656,16.6686,2.4095,10310,501,818189477357,2.4506,0.9014,14.2017,16648900,85300,265900,0,1200,0
walking,0,16.6653,16.6634,2.1064,16702,503,818189644043,2.4305,0.9141,14.2176,16648500,83400,504700,0,1200,0
walking,0,16.6659,16.6698,2.1780,10310,503,818189810677,2.4218,1.3901,14.2327,16650600,93900,236300,0,1500,0
walking,0,16.6685,16.6648,2.1217,10310,502,818189977375,2.3333,0.9956,14.3158,16657400,77000,261700,0,1100,0
walking,0,16.6669,16.6636,2.1576,10310,503,818190144023,2.4139,0.9928,14.2347,16652000,82400,252000,0,1200,0
walking,0,16.6660,16.6631,2.4330,10310,502,818190310659,1.9866,1.3040,14.6641,16667400,88700,256900,0,1000,0
walking,0,16.6678,16.6701,2.1924,16702,495,818190477290,2.2906,0.8492,14.3669,16642700,88000,664000,0,1100,0
walking,0,16.6681,16.6646,2.0183,10310,498,818190643991,2.8414,1.3735,13.8108,16653400,80500,231200,0,1200,0
walking,0,16.6763,16.6802,2.0460,10310,497,818190810637,2.5022,0.9406,14.1654,16660000,91400,239000,0,1300,0
walking,0,16.6598,16.6553,2.0634,10234,498,818190977439,2.4819,0.9058,14.1609,16648500,79400,272100,0,1300,0
walking,0,16.6864,16.6697,2.3491,10234,498,818191143992,2.1605,1.3300,14.4929,16662100,72400,225300,0,1500,0
walking,0,16.6680,16.6736,2.0163,16626,498,818191310689,2.2158,1.3763,14.4443,16654400,73700,519200,0,1300,0
walking,0,16.6637,16.6701,2.0265,10234,498,818191477425,2.1354,0.9574,14.5166,16647500,73300,287800,0,1200,0
walking,0,16.6669,16.6790,2.0920,10234,489,818191644126,2.0501,1.3653,14.6120,16654900,67300,252800,0,1100,0
walking,0,16.6682,16.6687,2.1658,10234,491,818191810916,2.0632,1.0019,14.5914,16656900,71400,239700,0,1300,0
walking,0,16.6667,16.6595,2.3562,10234,491,818191977603,2.0671,1.3181,14.5805,16654600,67100,260700,0,1100,0
walking,0,16.6689,16.6672,2.1402,16626,491,818192144198,1.7285,0.8495,14.9265,16656400,66700,451300,0,1000,0
walking,0,16.6639,16.6685,2.0378,10234,491,818192310870,1.8807,1.2722,14.7764,16647900,75800,249300,0,1300,0
walking,0,16.7798,16.6682,2.3890,10234,489,818192477555,1.9216,1.0749,14.7331,16769500,69700,296600,0,1200,0
walking,0,16.6570,16.6705,1.9753,10234,488,818192644237,1.9840,0.9363,14.6726,16638400,68800,224000,0,1300,0
walking,0,16.6695,16.6607,2.3060,10234,491,818192810942,2.2299,0.9745,14.4181,16655900,71800,244700,0,1700,0
walking,0,16.6645,16.7847,2.1033,16626,467,818192977549,2.0790,0.9500,14.6905,16646500,84200,631900,0,1500,0
walking,0,16.6686,16.6546,2.1330,10234,472,818193145396,2.0824,1.2585,14.5560,16617000,91900,217300,0,1300,0
walking,0,16.6664,16.6718,1.9743,10234,473,818193311942,2.0190,1.0483,14.6370,16643400,70300,240800,0,1400,0
walking,0,16.6679,16.6628,1.9712,10234,473,818193478660,2.5353,0.8600,14.1113,16652300,80900,252400,0,1300,0
walking,0,16.6683,16.6741,2.3173,10234,473,818193645288,1.9044,0.8583,14.7128,16652600,76300,231900,0,1300,0
walking,0,16.6641,16.6593,1.9958,16626,348,818193812029,1.9784,1.1588,14.6650,16644500,82100,533400,0,1400,0
walking,0,16.6676,16.6700,2.3337,10234,343,818193978622,2.0331,0.8397,14.6193,16654300,75300,258700,0,1300,0
walking,0,16.6658,16.6707,2.3613,10234,343,818194145322,2.2588,1.5409,14.3939,16650900,70700,233200,0,1000,0
walking,0,16.6703,16.6597,2.3869,10234,339,818194312029,1.8712,1.3333,14.7734,16658800,74600,274100,0,1200,0
walking,0,16.6621,16.6684,2.6225,10234,335,818194478626,2.0937,0.8377,14.5607,16644400,72100,262300,0,1300,0
walking,0,16.6688,16.6642,2.3552,26466,335,818194645310,1.7873,1.6874,14.8638,16660300,68600,480300,0,1200,0
walking,0,16.6667,16.6730,2.2774,10234,310,818194811952,1.9342,1.2490,14.7248,16649800,84300,264200,0,1800,0
walking,0,16.6660,16.6566,2.4791,10234,309,818194978682,1.8138,0.9790,14.8305,16654400,69300,216800,0,900,0
walking,0,16.6696,16.6734,2.3040,10234,310,818195145248,2.0755,0.8999,14.5849,16659400,70700,272400,0,1000,0
walking,0,16.6669,16.6629,2.5395,10234,310,818195311982,1.8577,1.0513,14.7921,16649100,116000,2140700,981200,1800,0
walking,0,16.6661,16.6666,2.3450,16626,310,818195478611,1.5993,1.5388,15.0551,16650800,70700,711300,0,1100,0
walking,0,16.6690,16.6736,2.6419,10234,301,818195645277,1.8824,0.9165,14.7770,16654900,75200,236200,0,1100,0
walking,0,16.6667,16.6648,2.7382,10234,307,818195812013,3.5989,0.9168,13.0504,16651700,82600,232900,0,1400,0
walking,0,16.6663,16.6676,2.3654,10234,307,818195978661,2.3879,0.9227,14.2630,16652200,78200,255800,0,1500,0
walking,0,16.6693,16.6720,2.6194,10234,307,818196145337,2.4168,1.0662,14.2381,16654500,78700,317700,0,1300,0
walking,0,16.6674,16.6652,2.4146,26982,300,818196312057,1.9171,1.0892,14.7346,16649400,75200,650900,0,1400,0
walking,0,16.6738,16.6673,2.3460,10234,237,818196478709,2.4165,0.8994,14.2361,16658000,75000,236900,0,1400,0
walking,0,16.6633,16.6704,1.8627,10234,234,818196645382,2.2119,1.6063,14.4428,16650400,67500,220200,0,1300,0
walking,0,16.6618,16.6690,1.7889,10234,233,818196812086,2.9067,0.7131,13.7427,16635200,82300,284200,0,1400,0
walking,0,16.6667,16.6732,1.7183,10234,229,818196978776,2.0166,0.6390,14.6415,16650300,72500,294900,0,1300,0
walking,0,16.6714,16.6677,1.6783,16626,228,818197145508,1.9175,0.9201,14.7331,16659300,67400,465900,0,1100,0
walking,0,16.6628,16.6535,1.7357,10234,225,818197312185,1.9052,0.7473,14.7303,16647900,66500,203800,0,1300,0
walking,0,16.6678,16.6651,2.0019,10234,225,818197478720,1.9265,0.7769,14.7238,16652000,70900,311800,0,1100,0
walking,0,16.6662,16.6736,1.7838,10234,225,818197645371,2.0114,0.8328,14.6479,16650500,67800,270700,0,1200,0
walking,0,16.6655,16.6615,1.9886,10234,218,818197812107,1.8308,0.7793,14.8173,16650800,88100,283800,0,1700,0
walking,0,16.6667,16.6685,1.7705,16626,219,818197978722,2.0351,0.7381,14.6171,16648400,77000,562100,0,1200,0
walking,0,16.6677,16.6684,1.7377,10234,215,818198145407,2.1829,0.9974,14.4677,16656100,72800,221400,0,1500,0
walking,0,16.6671,16.6656,2.0142,10234,216,818198312091,2.1324,0.8025,14.5185,16652900,76500,245800,0,1100,0
walking,0,16.6676,16.6623,1.7920,10234,212,818198478747,2.1284,0.5942,14.5202,16654900,74100,270400,0,1300,0
walking,0,16.6658,16.6682,1.6466,10234,212,818198645370,1.8961,0.7301,14.7601,16650900,77000,229800,0,1500,0
walking,0,16.6666,16.6665,1.6794,16626,209,818198812052,1.9352,0.7706,14.7178,16654200,76100,697100,0,1600,0
walking,0,16.6678,16.6688,1.7326,10234,209,818198978717,2.2829,0.6448,14.3720,16653600,68200,280800,0,1200,0
walking,0,16.6667,16.6643,1.9497,10234,209,818199145405,1.9456,0.9716,14.7055,16653500,81600,208100,0,1200,0
walking,0,16.6664,16.6679,2.7259,10234,209,818199312048,2.2431,0.7958,14.4111,16652400,79900,268100,0,1300,0
walking,0,16.6699,16.6676,2.0224,20074,209,818199478727,1.9314,1.0286,14.7223,16659700,69700,217700,0,1000,0
walking,0,16.6663,16.6665,1.7316,16626,173,818199645403,1.9502,0.6947,14.7034,16650600,72000,564600,0,1300,0
walking,0,16.6672,16.6650,1.6753,10234,173,818199812068,1.9386,0.5989,14.7140,16654500,79000,247400,0,1400,0
walking,0,16.6669,16.6736,2.2139,10234,173,818199978718,2.0041,0.6999,14.6557,16649100,77300,261900,0,1600,0
walking,0,16.6663,16.6658,1.6056,10234,173,818200145454,2.0636,0.6587,14.5873,16650400,75000,239100,0,1200,0
walking,0,16.6656,16.6686,1.5811,10234,173,818200312112,1.7870,0.8047,14.8676,16648900,73700,273300,0,1200,0
walking,0,16.6671,16.6674,1.6681,16626,141,818200478798,1.8697,0.7250,14.7796,16654200,72000,692300,0,1300,0
walking,0,16.6673,16.6649,1.6712,10234,141,818200645472,1.9777,1.0108,14.6730,16653500,70600,219700,0,1900,0
walking,0,16.6681,16.6636,2.2241,10234,139,818200812121,1.6819,0.7173,14.9671,16655900,69100,274900,0,900,0
walking,0,16.6686,16.6670,1.6527,10234,139,818200978757,2.3083,0.6402,14.3459,16655900,69400,244600,0,1300,0
walking,0,16.6656,16.6666,1.6783,10234,137,818201145427,1.5636,0.6388,15.0901,16649400,88500,226500,0,1500,0
walking,0,16.7051,16.6688,1.6200,16626,139,818201312093,1.6247,0.8587,15.0313,16693300,70500,764600,0,1300,0
walking,0,16.6635,16.6717,1.6527,10234,138,818201478781,2.3829,0.5805,14.2732,16639200,81900,217200,0,1200,0
walking,0,16.6667,16.6639,1.6466,10234,141,818201645498,1.9432,0.7540,14.7064,16654300,72100,233100,0,1200,0
walking,0,16.6669,16.7114,1.5677,10234,137,818201812137,2.0731,0.6122,14.6203,16646800,76700,351300,0,1500,0
walking,0,16.6668,16.6550,1.5841,10234,138,818201979251,1.8665,0.7485,14.7729,16652500,70800,237200,0,1400,0
walking,0,16.6694,16.6730,1.6701,16626,138,818202145801,1.8493,0.6823,14.8050,16657400,72900,487300,0,1200,0
walking,0,16.6675,16.6610,1.5626,10234,131,818202312531,1.8700,0.6534,14.7768,16651600,74100,213900,0,1300,0
walking,0,16.6682,16.6667,2.2354,10234,129,818202479141,1.9249,0.7312,14.7278,16654000,98700,224200,0,1400,0
walking,0,16.6770,16.6728,1.6312,10234,129,818202645808,1.9357,0.5538,14.7218,16659000,77900,234200,0,1400,0
walking,0,16.6571,16.6668,1.5596,10234,127,818202812536,1.7012,0.5600,14.9506,16640600,72100,304700,0,1600,0
walking,0,16.6645,16.6704,1.6394,16626,127,818202979204,1.8333,0.6528,14.8208,16672300,79200,507000,0,1800,0
walking,0,16.6655,16.6755,1.6538,10234,122,818203145908,1.9815,0.7373,14.6776,16623400,75400,242300,0,1100,0
walking,0,16.6682,16.6581,2.1893,10234,122,818203312663,1.6639,0.7232,14.9770,16657800,68000,223000,0,1600,0
walking,0,16.6665,16.6875,1.6538,10234,122,818203479244,1.8949,0.5909,14.7777,16649600,70900,364700,0,1500,0
walking,0,16.6964,16.6360,1.6404,10234,121,818203646119,1.6031,0.6011,15.0205,16685400,69500,246800,0,1600,0
walking,0,16.6682,16.6724,1.5780,16626,122,818203812479,1.5482,0.6873,15.1098,16653000,75200,488100,0,1500,0
walking,0,16.6643,16.6635,1.6302,10234,121,818203979203,1.9406,0.6790,14.7091,16646400,69000,215400,0,1300,0
walking,0,16.6666,16.7006,2.0142,20666,122,818204145838,1.6291,1.0731,15.0564,16651200,83400,233700,0,1400,0
walking,0,16.6696,16.6702,1.6394,10310,103,818204312844,1.8170,0.5357,14.8365,16655700,78700,231900,0,1400,0
walking,0,16.6637,16.6609,1.9077,10310,103,818204479546,1.5454,1.4521,15.1010,16645600,81800,224900,0,1700,0
walking,0,16.7857,16.6657,1.6691,16702,103,818204646155,1.8179,0.7547,14.8333,16775000,79400,449400,0,1200,0
walking,0,16.6645,16.6707,1.5800,10310,101,818204812812,1.4928,0.7996,15.1631,16649800,82200,252500,0,1200,0
walking,0,16.7295,16.6601,2.2088,10310,99,818204979519,1.5836,0.9551,15.0619,16722600,84200,267500,0,1500,0
walking,0,16.6535,16.7905,1.6640,10310,99,818205146120,1.5418,0.4969,15.2333,16623000,90900,233400,0,1400,0
walking,0,16.6693,16.6642,1.6824,10310,99,818205314025,1.4221,0.5496,15.2279,16660600,77100,362200,0,1300,0
walking,0,16.6672,16.7396,1.6660,16702,99,818205480667,1.6595,0.5536,15.0632,16652700,89900,519900,0,1700,0
walking,0,16.6639,16.6374,1.6865,10310,99,818205648063,1.6219,1.3805,15.0012,16645600,84100,378800,0,1500,0
walking,0,16.7110,16.6746,1.9231,10310,99,818205814437,1.4942,0.6466,15.1665,16699500,92200,239000,0,1300,0
walking,0,16.6685,16.6679,1.6681,10310,99,818205981183,1.7905,1.2590,14.8622,16491000,78500,208400,0,1100,0
walking,0,16.6646,16.6607,1.5913,10310,99,818206147862,1.5260,0.6866,15.1195,16645700,74900,216100,0,1200,0
walking,0,16.6675,16.7190,1.7101,16702,99,818206314469,1.4462,0.6008,15.2534,16651100,80800,487800,0,1300,0
walking,0,16.6658,16.6637,1.6845,10310,99,818206481659,1.4954,0.6970,14.9958,16648300,85100,242700,0,1500,0
walking,0,16.6679,16.6628,1.9640,10310,99,818206648296,1.4233,0.7901,15.2226,16654300,77600,210200,0,1700,0
walking,0,16.6676,16.6694,1.6251,10310,99,818206814924,1.6467,0.5176,15.0046,16653700,83300,323700,0,1500,0
walking,0,16.6683,16.6624,1.7050,10310,99,818206981618,1.5733,0.5261,15.0751,16653200,78600,264900,0,1400,0
walking,0,16.6677,16.6694,1.6138,16702,99,818207148242,1.4182,0.5691,15.2362,16652000,81300,497900,0,1400,0
walking,0,16.6646,16.6681,1.7080,10310,98,818207314936,1.8283,0.9045,14.8255,16644000,84200,249900,0,1800,0
walking,0,16.6671,16.6694,1.7183,10310,99,818207481617,1.7350,0.7060,14.9182,16648200,85000,240000,0,1200,0
walking,0,16.6670,16.6702,1.7142,10310,99,818207648311,1.8682,0.7104,14.7840,16649400,84900,251700,0,1400,0
walking,0,16.6646,16.6624,1.9374,10310,99,818207815013,1.6754,0.8515,14.9687,16648600,87100,229600,0,1700,0
walking,0,16.6688,16.6661,1.7132,16702,92,818207981637,1.6458,0.6938,15.0025,16663200,78900,448600,0,1600,0
walking,0,16.6666,16.6669,1.7019,10310,93,818208148298,1.7295,0.5266,14.9200,16645000,83100,313700,0,1100,0
walking,0,16.6678,16.6624,1.9804,10310,93,818208314967,1.3657,0.7749,15.2832,16651400,82800,222900,0,1300,0
walking,0,16.6680,16.6781,1.7132,10310,93,818208481591,1.7855,0.5928,14.8779,16655800,85800,248600,0,1600,0
walking,0,16.6652,16.6601,1.6445,10310,93,818208648372,1.5838,0.6188,15.0613,16645300,76900,212300,0,1300,0
walking,0,16.6678,16.6647,1.6589,16702,93,818208814973,1.6320,0.7551,15.0196,16654300,86300,542700,0,1300,0
walking,0,16.6650,16.6753,1.7377,10310,93,818208981620,1.6993,0.5247,14.9565,16649800,85200,241400,0,1500,0
walking,0,16.6673,16.6599,1.9466,10310,93,818209148373,1.5277,0.7604,15.1177,16653300,80100,296800,0,1500,0
walking,0,16.6674,16.6675,1.7469,10310,91,818209314972,1.5281,0.7151,15.1262,16655600,78600,231900,0,1500,0
walking,0,16.6672,16.6633,2.8785,10310,91,818209481647,1.5409,0.5396,15.1090,16652100,78800,216000,0,1300,0
walking,0,16.6662,16.6674,1.7715,16702,90,818209648280,1.5252,0.5735,15.1282,16650800,83500,559300,0,1100,0
walking,0,16.6673,16.6690,1.6527,10310,91,818209814954,1.5543,0.6952,15.1014,16652200,85900,305200,0,1200,0
walking,0,16.6678,16.6671,2.0183,10310,91,818209981644,1.4304,0.6296,15.2219,16656300,79400,200700,0,1100,0
walking,0,16.6682,16.6645,1.7418,10310,91,818210148315,1.7673,0.5771,14.8836,16656000,76000,225000,0,1400,0
walking,0,16.6637,16.6653,1.6722,20666,91,818210314960,1.7811,0.4652,14.8712,16644800,80100,219400,0,1200,0
walking,0,16.6733,16.6717,1.7674,16702,294,818210481613,1.4739,0.5393,15.1826,16665500,82600,528500,0,1300,0
walking,0,16.6631,16.6710,2.0029,10310,290,818210648330,1.5502,3.3564,15.1060,16634100,126000,294400,0,2500,0
walking,0,16.6659,16.6604,1.7500,10310,291,818210815040,1.9775,3.1025,14.6674,16649900,86900,243500,0,1400,0
walking,0,16.6689,16.6843,1.7295,10310,291,818210981644,2.4902,1.0663,14.1755,16663300,79800,231000,0,1500,0
walking,0,16.6653,16.6515,1.9732,10310,288,818211148487,2.2293,0.7328,14.4048,16641600,89600,256200,0,1300,0
walking,0,16.6706,16.6658,1.7306,16702,287,818211315002,1.4628,0.6346,15.1871,16658700,81000,475400,0,1400,0
walking,0,16.6612,16.6794,1.7254,10310,285,818211481660,1.7511,0.7189,14.9123,16639500,92600,244700,0,1600,0
walking,0,16.6678,16.6564,2.0992,10310,288,818211648454,1.6278,0.6769,15.0139,16654600,79200,228900,0,1300,0
walking,0,16.6664,16.6753,1.7674,10310,287,818211815018,1.6929,0.6327,14.9660,16652400,82600,294800,0,1400,0
walking,0,16.6719,16.6540,1.9896,10310,287,818211981771,1.7315,0.5950,14.9082,16661700,77000,231500,0,1100,0
walking,0,16.6620,16.6687,1.7459,16702,287,818212148311,1.5214,1.0095,15.1332,16640300,85800,557200,0,1500,0
walking,0,16.6674,16.6657,1.7531,10310,287,818212314998,1.5711,0.5954,15.0813,16656500,87400,269600,0,1000,0
walking,0,16.7846,16.6774,1.7920,10310,283,818212481655,1.6318,1.2652,15.0301,16775300,83100,205400,0,1100,0
walking,0,16.6553,16.6552,1.7940,10310,287,818212648429,1.7846,0.9086,14.8558,16635500,86400,373100,0,1600,0
walking,0,16.6683,16.6692,1.9732,10310,285,818212814981,1.6439,0.5748,15.0128,16623200,86400,234600,0,1400,0
walking,0,16.6637,16.7912,1.7531,27602,287,818212981673,1.7843,0.7268,14.9911,16648000,79500,534500,0,1500,0
walking,0,16.6689,16.6531,1.7654,10310,583,818213149585,2.1865,0.6187,14.4491,16654600,85300,307500,0,1100,0
walking,0,16.6684,16.6685,1.9866,10310,582,818213316116,1.6948,8.3041,14.9285,16652300,85700,256600,0,1400,0
walking,0,16.6647,16.6629,1.9855,10310,579,818213482801,2.9410,8.4415,13.7072,16645100,87400,309100,0,1600,0
walking,0,16.6693,16.6699,2.2180,10310,583,818213649430,2.2403,1.4476,14.4144,16655400,84700,263100,0,1400,0
walking,0,16.6671,16.6684,2.0101,16702,583,818213816129,2.4125,1.8360,14.2399,16650300,88100,515900,0,1500,0
walking,0,16.6653,16.6615,1.9988,10310,583,818213982813,2.4622,1.0845,14.1831,16647000,83200,227800,0,1400,0
walking,0,16.7407,16.6702,2.0675,10310,583,818214149428,2.4080,1.5664,14.2476,16725000,79400,243900,0,1400,0
walking,0,16.6674,16.6692,2.0204,10310,585,818214316130,2.5619,1.0527,14.0885,16653200,77500,288000,0,1100,0
walking,0,16.6671,16.6634,2.3060,10310,583,818214482822,2.2124,0.9822,14.4347,16653200,81200,246200,0,1300,0
walking,0,16.6652,16.7398,1.9835,16702,581,818214649456,1.8981,0.8501,14.8270,16647200,85500,705500,0,1500,0
walking,0,16.6664,16.6684,2.0419,10310,584,818214816854,2.2849,0.9919,14.3684,16651600,91600,229000,0,1600,0
walking,0,16.6677,16.6691,2.0337,10310,585,818214983538,1.9228,1.1003,14.7305,16654100,86900,233000,0,1400,0
walking,0,16.6662,16.6628,2.1289,10310,584,818215150229,2.5251,1.0790,14.1223,16650900,86600,230900,698100,1200,0
walking,0,16.6668,16.6643,2.3276,10310,585,818215316857,2.1674,0.8324,14.4843,16655000,73800,270600,0,1200,0
walking,0,16.6680,16.6680,1.9845,16702,584,818215483500,2.3216,0.9168,14.3325,16658300,75500,559600,0,900,0
walking,0,16.6646,16.6633,2.0111,10310,584,818215650180,2.5913,0.7708,14.0597,16650500,83900,211300,0,1100,0
walking,0,16.6695,16.6675,2.0244,10310,582,818215816813,2.0861,1.1273,14.5691,16657800,74800,275800,0,1000,0
walking,0,16.6680,16.6698,1.9958,10310,577,818215983488,2.3457,0.9038,14.3128,16654400,72700,237100,0,900,0
walking,0,16.6664,16.6629,2.3460,10310,569,818216150186,2.2298,0.9042,14.4208,16653200,81300,255700,0,1200,0
walking,0,16.6707,16.6705,2.0255,16702,573,818216316815,2.0573,0.9075,14.6006,16665100,77700,623300,0,1300,0
walking,0,16.6603,16.6692,2.0296,10310,573,818216483520,2.2066,0.9076,14.4479,16629900,92200,259000,0,1700,0
walking,0,16.6688,16.6692,2.0244,10310,568,818216650212,2.4213,1.1495,14.2319,16656200,76900,254400,0,1100,0
walking,0,16.6699,16.6816,1.9825,10310,565,818216816904,2.6814,1.2501,13.9838,16656000,81100,237100,0,1300,0
walking,0,16.6662,16.6434,2.3204,10310,566,818216983720,3.2864,0.9094,13.3435,16650100,86300,248700,0,1600,0
walking,0,16.6640,16.6721,2.1105,16702,561,818217150154,2.4293,0.9697,14.2270,16642700,97800,1034400,0,1700,0
walking,0,16.6712,16.6750,1.9937,10310,566,818217316875,2.1519,0.9988,14.5042,16657800,83100,328800,0,1400,0
walking,0,16.6625,16.6672,2.0367,10310,567,818217483625,2.5779,1.3861,14.0724,16642000,87300,238900,0,1300,0
walking,0,16.6688,16.6580,1.9579,10310,566,818217650297,3.4785,1.4272,13.1643,16656100,82800,318600,0,1300,0
walking,0,16.6698,16.6760,2.3224,10310,559,818217816877,2.6831,0.8967,13.9750,16656300,85600,325100,0,1600,0
walking,0,16.6679,16.6576,1.9067,16702,560,818217983637,2.3078,0.9464,14.3343,16653200,90100,760800,0,1700,0
walking,0,16.6669,16.6708,2.2641,10310,560,818218150213,2.6634,1.1123,13.9928,16656900,91300,269600,0,1700,0
walking,0,16.6646,16.6715,1.9517,10310,555,818218316921,2.8982,1.0605,13.7582,16634900,91000,273600,0,1400,0
walking,0,16.6658,16.6713,2.0920,10310,546,818218483636,2.6935,0.9431,13.9599,16648600,88200,263200,0,1500,0
walking,0,16.6691,16.6750,2.2456,10310,548,818218650349,2.2905,0.9299,14.3666,16657300,82700,411100,0,1600,0
walking,0,16.6654,16.6527,1.9282,16702,544,818218817099,2.4017,0.9589,14.2336,16646100,97500,778600,0,1700,0
walking,0,16.6642,16.6653,1.9169,10310,544,818218983626,2.6178,1.1988,14.0309,16643800,83300,262600,0,1900,0
walking,0,16.6944,16.6728,1.9589,10310,544,818219150279,2.6223,1.2017,14.0352,16680200,89100,258100,0,1600,0
walking,0,16.6689,16.6641,1.9620,10310,543,818219317007,3.0221,1.0379,13.6242,16655200,80100,255200,0,1500,0
walking,0,16.6670,16.6582,2.2999,10310,542,818219483648,2.3975,0.8976,14.2465,16648700,95300,583200,0,1900,0
walking,0,16.6650,16.6953,2.5897,16702,543,818219650230,2.4010,1.5418,14.2793,16645800,84100,602500,0,1500,0
walking,0,16.6678,16.6737,2.3869,10310,543,818219817183,3.0726,1.3295,13.5828,16649000,91600,248000,0,1300,0
walking,0,16.6645,16.6668,1.9794,10310,541,818219983920,3.0948,1.1120,13.5540,16646700,82400,230900,0,1100,0
walking,0,16.6680,16.6643,2.0500,10310,537,818220150588,2.7287,0.9466,13.9175,16655800,80800,244100,0,1300,0
walking,0,16.6701,16.6636,2.3849,10310,533,818220317231,2.1371,0.8574,14.5121,16660800,76500,269400,0,1000,0
walking,0,16.6640,16.6627,2.1268,16702,535,818220483867,2.2008,1.0170,14.4460,16643100,82000,572700,0,2200,0
walking,0,16.6672,16.6689,2.0244,10310,529,818220650494,2.4804,1.3626,14.1755,16653800,78000,265300,0,1200,0
walking,0,16.6647,16.6767,2.0122,10310,535,818220817183,2.0067,1.1721,14.6542,16646300,84600,297800,0,1400,0
walking,0,16.6710,16.6587,2.0664,10310,534,818220983950,2.7929,0.9315,13.8504,16660100,78300,295500,0,1500,0
walking,0,16.6672,16.6684,2.4259,10310,532,818221150537,2.2389,1.0773,14.4150,16652500,79900,286500,0,1100,0
walking,0,16.6661,16.6616,2.0613,16702,535,818221317221,2.2568,0.9946,14.3897,16646700,90300,634800,0,1700,0
walking,0,16.6634,16.6747,2.3808,10310,535,818221483837,2.4934,1.0207,14.1670,16643700,85000,234400,0,1500,0
walking,0,16.9916,16.6695,2.1637,10310,534,818221650584,2.4547,1.2328,14.1979,16980800,74600,273300,0,1000,0
walking,0,16.6694,16.6646,2.1934,10310,500,818221817279,2.7890,0.9618,13.8579,16660800,106800,237100,0,1300,0
walking,0,16.7166,16.6577,2.3644,10310,503,818221983925,2.2170,1.0569,14.4267,16708500,112300,331900,0,2200,0
walking,0,16.6696,16.9941,2.0296,16702,502,818222150502,2.1290,0.8208,14.8520,16641600,84000,671100,0,1300,0
walking,0,16.6656,16.6749,2.5190,10310,503,818222320443,2.2797,1.1244,14.3812,16650900,75700,200100,0,1100,0
walking,0,16.6681,16.7234,2.2057,10310,503,818222487192,3.2879,1.1924,13.4208,16658700,68300,223700,0,4300,0
walking,0,16.6696,16.6550,2.1361,10310,503,818222654426,2.6619,0.9632,13.9798,16661800,71700,234800,0,1100,0
walking,0,16.7387,16.6629,2.4023,10310,503,818222820976,1.9203,1.1504,14.7307,16720500,79100,284300,0,1700,0
walking,0,16.6664,16.6701,2.1197,16702,503,818222987605,2.0837,0.9239,14.5750,16650300,81600,491800,0,1600,0
walking,0,16.7655,16.6744,2.4463,10310,503,818223154306,2.3808,1.0109,14.2811,16770100,71300,230600,0,800,0
walking,0,16.6525,16.7369,2.1422,10310,498,818223321050,2.1482,1.3100,14.5725,16590300,73800,207200,0,1500,0
walking,0,16.6704,16.6646,2.1801,10310,502,818223488419,2.3009,0.7921,14.3495,16659600,75300,225500,0,1000,0
walking,0,16.9270,16.7979,2.4883,10310,502,818223655065,1.9184,1.0281,14.8521,16904900,86900,278900,0,1700,0
walking,0,16.6792,16.6229,2.2241,16702,488,818223823044,1.9911,0.9891,14.5991,16688900,75800,500400,0,1500,0
walking,0,16.6553,16.6758,2.3624,10310,496,818223989273,2.5280,0.9029,14.1318,16602100,395400,933600,0,9500,0
walking,0,16.6620,16.9204,2.0931,10310,496,818224156031,2.2807,0.9621,14.6244,16627000,177800,509100,0,3100,0
walking,0,16.6697,16.7187,2.3982,10234,495,818224325235,2.3261,4.2517,14.3632,16651100,101200,357900,0,1700,0
walking,0,16.6650,16.6366,2.1627,10234,497,818224492422,10.4306,1.9433,6.1718,16643500,79400,264700,0,1400,0
walking,0,16.6796,16.6466,2.1238,16626,497,818224658788,5.2628,1.1831,11.3642,16672600,70400,546400,0,1200,0
walking,0,16.6571,16.6700,2.3849,10234,495,818224825254,3.0488,1.0282,13.6026,16630200,83000,236400,0,1700,0
walking,0,16.6616,16.6625,2.1688,10234,491,818224991954,2.8979,1.5208,13.7456,16645100,70300,225400,0,1400,0
walking,0,16.6681,16.6904,2.1565,10234,486,818225158579,2.2834,0.9711,14.3894,16655300,70800,219300,0,1400,0
walking,0,16.6669,16.6449,2.3552,10234,491,818225325483,1.9789,0.8267,14.6515,16654600,66700,221000,0,1100,0
walking,0,16.6655,16.6591,2.0818,16626,491,818225491932,1.9302,0.8887,14.7150,16650600,70200,465400,0,1200,0
walking,0,16.6683,16.6683,2.4996,10234,491,818225658523,2.1131,0.8012,14.5423,16660000,62600,238500,0,1000,0
walking,0,16.6698,16.6675,2.1432,10234,485,818225825206,2.1163,0.9173,14.5384,16651900,106000,274000,0,1300,0
walking,0,16.6643,16.6634,1.9999,10234,491,818225991881,2.3240,0.8518,14.3268,16643800,83200,283800,0,1300,0
walking,0,16.6689,16.6773,2.3060,10234,481,818226158515,2.1669,0.9311,14.4932,16651500,69200,203900,0,1100,0
walking,0,16.6760,16.6730,2.0849,16626,473,818226325288,2.1415,0.9496,14.5105,16659900,74100,680900,0,1600,0
walking,0,16.6653,16.6602,2.4392,10234,471,818226492018,2.2464,0.8401,14.3974,16643700,72200,223400,0,1300,0
walking,0,16.8021,16.6670,2.0388,10234,473,818226658620,1.9071,1.1437,14.7446,16787200,68500,222900,0,1000,0
walking,0,16.6659,16.6776,2.0163,10234,473,818226825290,2.8506,0.9130,13.8095,16648000,71300,254600,0,1400,0
walking,0,16.6707,16.6608,2.0603,10234,473,818226992066,2.0986,0.8264,14.5451,16659500,66600,192000,0,1200,0
walking,0,16.6661,16.8037,2.0767,16626,348,818227158674,1.8617,0.9752,14.9256,16642600,84900,919900,0,1700,0
walking,0,16.6674,16.6624,2.6972,10234,342,818227326711,1.9984,0.7658,14.6498,16648600,79500,317200,0,1300,0
walking,0,16.6659,16.6778,2.2948,10234,342,818227493335,2.0745,1.2620,14.5852,16651100,77200,358200,0,1500,0
walking,0,16.6658,16.6631,2.8385,10234,338,818227660113,3.4339,1.1665,13.2088,16645600,96500,260000,0,1900,0
walking,0,16.6681,16.6676,2.4709,10234,335,818227826744,2.4946,1.1213,14.1540,16655100,78200,237700,0,1100,0
walking,0,16.6654,16.6689,2.4156,26466,335,818227993420,2.4848,0.8760,14.1664,16646100,81600,486600,0,1800,0
walking,0,16.6652,16.6612,2.5938,10234,310,818228160109,2.2032,0.9002,14.4426,16647400,75400,273400,0,1500,0
walking,0,16.6693,16.6723,2.3880,10234,310,818228326721,1.9372,1.2494,14.7181,16681400,69200,291500,0,1100,0
walking,0,16.6681,16.6609,2.5702,10234,310,818228493444,2.5295,1.2780,14.1168,16630600,92400,247800,0,1600,0
walking,0,16.6621,16.6611,2.3429,10234,309,818228660053,2.1346,0.8853,14.5129,16642700,72100,250300,0,1200,0
walking,0,16.6677,16.6967,2.3675,16626,309,818228826664,2.1360,0.8454,14.5455,16656500,68800,437500,0,1300,0
walking,0,16.6670,16.6453,2.5477,10234,307,818228993631,2.3655,0.8720,14.2651,16654000,69900,217900,0,1100,0
walking,0,16.6655,16.6575,2.4330,10234,307,818229160084,2.1909,0.8959,14.4519,16648900,85500,289700,0,1200,0
walking,0,16.6688,16.6700,2.2989,10234,305,818229326659,1.9615,0.7290,14.6950,16660900,90900,251800,0,1100,0
walking,0,16.6694,16.6672,2.6225,10234,307,818229493359,2.0275,0.8092,14.6267,16660900,76800,441700,0,1400,0
walking,0,16.6662,16.6608,2.4238,26982,302,818229660031,2.2305,0.8987,14.4186,16648300,73900,442800,0,1200,0
walking,0,16.6645,16.6724,3.6925,10234,238,818229826639,2.1318,0.9358,14.5292,16645900,74500,275300,0,1300,0
walking,0,16.6675,16.6745,1.7582,10234,234,818229993363,2.2209,1.4310,14.4402,16655900,63100,220400,0,1200,0
walking,0,16.8269,16.6660,1.7295,10234,233,818230160108,2.3588,0.6232,14.2896,16815700,67700,261200,0,1100,0
walking,0,16.7956,16.6582,2.0347,10234,230,818230326768,1.7035,0.6235,14.9424,16782900,77600,225300,0,1100,0
walking,0,16.6618,16.6666,1.7797,16626,228,818230493350,1.8800,1.0289,14.7760,16646600,66800,656500,0,1400,0
walking,0,16.6654,16.8300,2.0122,10234,225,818230660016,1.6094,0.9810,15.2063,16649600,68900,407100,0,1200,0
walking,0,16.6817,16.7965,1.6415,10234,224,818230828316,1.6074,0.8648,15.1756,16665500,76800,219800,0,1600,0
walking,0,16.6682,16.6608,1.7009,10234,225,818230996281,2.6012,0.7876,14.0455,16654500,67400,223000,0,1100,0
walking,0,16.6665,16.6657,1.9640,10234,216,818231162889,2.1787,0.9678,14.4709,16650700,66700,204400,0,1300,0
walking,0,16.6676,16.6817,1.7551,16626,219,818231329546,1.7410,0.6908,14.9246,16648100,67900,484700,0,1100,0
walking,0,16.6677,16.6681,1.9743,10234,216,818231496363,1.5505,0.5769,15.1040,16651500,71600,250300,0,1400,0
walking,0,16.6657,16.6670,1.7695,10234,216,818231663044,1.6293,1.0503,15.0215,16645500,77200,330500,0,1300,0
walking,0,16.7331,16.6694,1.7244,10234,213,818231829714,2.1643,0.6746,14.4840,16719200,79400,299100,0,1400,0
walking,0,16.7027,16.6700,1.7418,10234,213,818231996408,1.9713,1.1624,14.6803,16688900,66700,276800,0,1300,0
walking,0,16.6661,16.6606,1.6988,16626,208,818232163108,2.3183,0.7323,14.3274,16653600,85300,523100,0,1300,0
walking,0,16.6735,16.7342,1.9712,10234,209,818232329714,1.9638,0.7629,14.7554,16655900,69700,217300,0,1300,0
walking,0,16.6653,16.7050,1.7070,10234,208,818232497056,2.0095,1.1560,14.6795,16658300,68400,222700,0,1300,0
walking,0,16.6676,16.6665,1.6097,10234,209,818232664106,2.0514,0.6325,14.6022,16644200,83300,220000,0,1000,0
walking,0,16.6656,16.6686,1.6497,20074,209,818232830771,1.7964,0.6278,14.8598,16646800,79400,287900,0,1300,0
walking,0,16.6665,16.6768,1.6169,16626,173,818232997457,1.8613,0.6411,14.7972,16651500,69900,763600,0,1300,0
walking,0,16.6659,16.6651,1.9149,10234,173,818233164225,2.1373,0.6076,14.5070,16647000,70000,292800,0,1200,0
walking,0,16.6718,16.6620,1.6855,10234,173,818233330876,2.0310,0.7337,14.6159,16659200,73100,241900,0,1400,0
walking,0,16.6643,16.6684,1.6783,10234,172,818233497496,2.2843,0.6915,14.3674,16637600,77400,237000,0,2000,0
walking,0,16.7037,16.6648,1.6650,10234,172,818233664180,1.8154,0.6206,14.8317,16684000,70500,287900,0,1400,0
walking,0,16.6682,16.6800,1.6763,16626,141,818233830828,2.1638,0.7988,14.4955,16657100,72600,470400,0,1300,0
walking,0,16.6647,16.6572,1.5903,10234,141,818233997628,1.6550,0.7341,14.9826,16639900,100100,264900,0,2100,0
walking,0,16.6797,16.7012,1.6527,10234,139,818234164200,2.0111,1.0321,14.6731,16662900,65400,222600,0,1100,0
walking,0,16.6699,16.6754,1.6558,10234,139,818234331212,1.6787,0.9451,14.9787,16656100,77900,314100,0,1200,0
walking,0,16.6982,16.6568,1.9272,10234,139,818234497966,1.9385,0.5864,14.7016,16690600,71900,246200,0,1500,0
walking,0,16.6564,16.6797,1.6568,16626,139,818234664534,1.6963,0.8981,14.9666,16625000,72200,440300,716700,1700,0
walking,0,16.6694,16.6758,1.8964,10234,139,818234831331,1.7815,0.8580,14.8747,16655100,73600,203600,0,1200,0
walking,0,16.6721,16.7095,1.5585,10234,141,818234998089,1.8185,0.6964,14.8725,16653900,68400,217500,0,1200,0
walking,0,16.6696,16.6393,1.6835,10234,138,818235165184,1.9896,0.5956,14.6355,16718200,72100,238100,0,1600,0
walking,0,16.6640,16.6713,1.8954,10234,137,818235331577,1.5825,0.5853,15.0728,16579000,77200,239300,0,1600,0
walking,0,16.6638,16.6724,1.6804,16626,138,818235498290,1.6751,0.7423,14.9790,16644700,74500,545500,0,1200,0
walking,0,16.6699,16.7357,1.9067,10234,131,818235665014,2.2021,0.6530,14.5163,16664000,65200,363800,0,1100,0
walking,0,16.6651,16.5945,1.6538,10234,129,818235832371,2.0482,0.7727,14.5309,16646800,94000,276300,0,1600,0
walking,0,16.6663,16.6573,1.6220,10234,129,818235998316,2.1037,0.8071,14.5411,16654900,67100,219400,0,1100,0
walking,0,16.6704,16.6779,1.5677,10234,129,818236164889,1.8576,0.9161,14.8063,16661000,65900,226900,0,1500,0
walking,0,16.6646,16.6596,1.6364,16626,127,818236331668,2.0076,0.9711,14.6392,16648200,71600,591800,0,1300,0
walking,0,16.6701,16.6661,1.8903,10234,122,818236498264,1.6111,0.7826,15.0439,16658900,68300,211800,0,1200,0
walking,0,16.7221,16.6752,1.6568,10234,122,818236664925,1.7615,0.8199,14.8997,16708000,70600,242700,0,1400,0
walking,0,16.6643,16.6613,1.6824,10234,122,818236831677,2.0181,0.6358,14.6302,16643700,75700,238300,0,1600,0
walking,0,16.6696,16.6723,1.8821,10234,122,818236998290,1.6458,0.6506,15.0132,16656000,72400,215000,0,1200,0
walking,0,16.6668,16.7251,1.6415,16626,122,818237165013,1.5727,0.7355,15.1353,16652300,71600,610000,0,1200,0
walking,0,16.7609,16.6600,1.9343,10234,122,818237332264,2.0255,0.8021,14.6183,16678200,68400,284300,0,1600,0
walking,0,16.6650,16.6699,1.6599,20666,121,818237498864,1.5922,0.7036,15.0640,16646100,78200,247000,0,1300,0
walking,0,16.6692,16.7364,1.6323,10310,103,818237665563,1.8428,0.7083,14.8097,16656900,78400,237300,0,1300,0
walking,0,16.8169,16.6934,1.6538,10310,103,818237832927,1.9431,1.6958,14.7351,16806200,82500,251400,0,1600,0
walking,0,16.6520,16.6624,1.6507,16702,99,818237999861,2.2615,0.6736,14.3848,16624100,88400,622900,0,1900,0
walking,0,16.6664,16.6717,1.8893,10310,101,818238166485,1.9639,0.6945,14.6932,16650600,72200,200300,0,1000,0
walking,0,16.7149,16.8264,1.6660,10310,99,818238333202,1.9340,0.6494,14.8723,16703100,73900,237900,0,1200,0
walking,0,16.6564,16.6403,1.5770,10310,99,818238501466,2.1334,0.4825,14.4908,16645600,81700,208200,0,1200,0
walking,0,16.6666,16.6655,1.6773,10310,99,818238667869,1.6073,0.6571,15.0434,16648300,75000,278900,0,1100,0
walking,0,16.6686,16.7187,1.6804,16702,99,818238834524,1.6705,0.5724,15.0327,16651600,75100,653100,0,1400,0
walking,0,16.6667,16.6607,1.9866,10310,99,818239001711,1.7203,0.5798,14.9254,16651000,80700,209200,0,1400,0
walking,0,16.8924,16.6620,1.6957,10310,99,818239168318,1.7112,0.6051,14.9372,16886900,76600,229400,0,1200,0
walking,0,16.6575,16.6673,1.6722,10310,99,818239334938,1.9017,0.7030,14.7499,16620300,81800,203100,0,1700,0
walking,0,16.6692,16.6670,1.7080,10310,98,818239501611,1.5410,0.8890,15.1101,16656500,87300,320100,0,1100,0
walking,0,16.6668,16.9078,1.7357,16702,99,818239668281,1.6948,0.5861,15.1923,16650800,81000,641100,0,1600,0
walking,0,16.6660,16.6415,1.9405,10310,99,818239837359,1.6945,0.7835,14.9258,16650100,75500,223000,0,1200,0
walking,0,16.6692,16.6707,1.7101,10310,98,818240003774,1.6577,0.7021,14.9991,16657400,88100,439800,0,1500,0
walking,0,16.6670,16.6649,1.6753,10310,97,818240170481,1.8524,0.5184,14.7985,16651500,333400,258000,0,1500,0
walking,0,16.6670,16.6664,1.6538,10310,98,818240337130,1.6192,0.8626,15.0310,16650800,84300,292800,0,1900,0
walking,0,16.6654,16.6723,1.6896,16702,99,818240503794,2.1473,0.5975,14.5102,16647600,120400,516800,0,1900,0
walking,0,16.6661,16.6675,1.9610,10310,99,818240670517,2.3311,0.7116,14.3205,16648400,82600,232600,0,1400,0
walking,0,16.6849,16.6671,1.7132,10310,99,818240837192,1.8217,0.8828,14.8292,16671400,81600,245200,0,1500,0
walking,0,16.6699,16.6641,1.6988,10310,99,818241003863,2.4428,0.4951,14.2049,16658800,88200,290800,0,1500,0
walking,0,16.6686,16.6631,1.7091,10310,99,818241170504,1.5072,0.5730,15.1413,16653600,92600,248500,0,1500,0
walking,0,16.6635,16.6848,1.7254,16702,93,818241337135,1.5817,0.9520,15.0899,16641800,95800,526300,0,1800,0
walking,0,16.6680,16.6746,1.9405,10310,93,818241503983,1.5453,0.5647,15.1137,16655700,85100,236000,0,1400,0
walking,0,16.6676,16.6698,1.7418,10310,93,818241670729,1.8720,0.7010,14.7818,16651400,80600,229300,0,1300,0
walking,0,16.6690,16.6576,1.6906,10310,93,818241837427,1.8290,0.7229,14.8129,16657600,82300,234400,0,1200,0
walking,0,16.6644,16.6695,1.7336,10310,93,818242004003,1.5538,0.5276,15.1020,16642600,92800,211200,0,1500,0
walking,0,16.6675,16.6670,1.7388,16702,91,818242170698,1.4208,0.5342,15.2309,16654700,81500,552100,0,1300,0
walking,0,16.6668,16.6747,1.9804,10310,93,818242337368,1.5353,0.5716,15.1225,16652400,82500,231500,0,1400,0
walking,0,16.6656,16.6587,1.6548,10310,92,818242504115,1.4651,1.0670,15.1777,16648300,87500,289300,0,1400,0
walking,0,16.6690,16.6687,1.7439,10310,91,818242670702,1.6334,0.7257,15.0216,16656200,88800,250600,0,1400,0
walking,0,16.6663,16.6679,1.7050,10310,91,818242837389,1.6314,0.7873,15.0212,16651700,80000,228100,0,1300,0
walking,0,16.6645,16.6634,1.7705,16702,91,818243004068,1.6863,0.5124,14.9622,16649300,83700,452100,0,1500,0
walking,0,16.6710,16.6701,1.9988,10310,91,818243170702,1.5226,0.5032,15.1338,16662000,74300,206500,0,1300,0
walking,0,16.6675,16.6646,1.7674,10310,91,818243337403,1.4913,0.5715,15.1605,16653200,86500,241800,0,1400,0
walking,0,16.6645,16.6614,1.7541,10310,91,818243504049,1.5473,0.4512,15.1021,16644200,97300,235700,0,1600,0
walking,0,16.6648,16.6788,1.7746,20666,91,818243670663,1.4219,0.5902,15.2404,16648600,97500,268100,0,1500,0
walking,0,16.6763,16.6701,1.7705,16702,294,818243837451,1.8664,0.5624,14.7871,16661700,78000,464500,0,1400,0
walking,0,16.6625,16.6592,1.7551,10310,290,818244004152,1.9745,3.5301,14.6699,16652800,86000,233300,0,1600,0
walking,0,16.6641,16.6639,1.7213,10310,291,818244170744,2.4855,2.3815,14.1634,16644800,91800,285400,0,1600,0
walking,0,16.7285,16.6749,1.7613,10310,291,818244337383,1.9226,0.5851,14.7393,16722200,81100,235400,0,1400,0
walking,0,16.6049,16.6685,1.7336,10310,286,818244504132,1.8717,0.7420,14.7812,16574500,83500,221000,0,1300,0
walking,0,16.6666,16.6614,1.6681,16702,288,818244670817,1.9221,0.6528,14.7227,16653900,76700,516700,0,1200,0
walking,0,16.6662,16.7406,1.9507,10310,286,818244837431,1.9035,0.6611,14.8189,16650300,78700,207900,0,1300,0
walking,0,16.6671,16.5865,1.6824,10310,286,818245004837,1.8201,0.9374,14.7545,16654200,77500,225300,0,1100,0
walking,0,16.6674,16.6701,1.7060,10310,287,818245170702,1.9854,0.5640,14.6687,16656300,73300,211500,0,1100,0
walking,0,16.6686,16.6637,1.6876,10310,287,818245337403,1.6941,0.6731,14.9563,16654900,82900,297900,0,1200,0
walking,0,16.6707,16.6661,1.7408,16702,286,818245504040,1.8250,0.5251,14.8291,16659300,91000,426300,0,1400,0
walking,0,16.6624,16.6718,1.9988,10310,287,818245670701,1.4656,0.6604,15.1909,16635500,99700,259200,0,1800,0
walking,0,16.6636,16.6692,1.6773,10310,286,818245837419,1.8017,0.9524,14.8532,16647200,80500,387700,0,1400,0
walking,0,16.6695,16.6772,1.6916,10310,289,818246004111,1.9712,0.6581,14.6883,16660900,74500,211800,0,1400,0
walking,0,16.6770,16.6541,1.6374,10310,284,818246170883,1.9933,0.6658,14.6424,16670500,76300,250900,0,1200,0
walking,0,16.6571,16.6590,1.6742,27058,286,818246337424,1.9316,0.5146,14.7157,16633600,117200,634300,0,1900,0
walking,0,16.6678,16.6727,1.9866,10310,583,818246504014,1.5301,0.6800,15.1309,16654400,79700,230300,0,1300,0
walking,0,16.6680,16.6871,1.8862,10310,581,818246670741,2.0431,7.6842,14.6277,16652200,96900,257000,0,1500,0
walking,0,16.6662,16.6501,2.2323,10310,581,818246837612,3.2728,7.2258,13.3610,16650300,81600,228400,0,1500,0
walking,0,16.6632,16.6696,1.8934,10310,583,818247004113,2.3532,0.9692,14.3013,16644700,73300,315700,0,1100,0
walking,0,16.7757,16.6662,1.9999,16702,581,818247170809,2.5769,0.9952,14.0754,16766800,80900,445200,0,800,0
walking,0,16.6703,16.6643,2.3060,10310,583,818247337471,2.0887,0.7802,14.5618,16660100,68400,208400,0,1000,0
walking,0,16.6674,16.6583,1.9466,10310,583,818247504114,2.0053,0.9845,14.6395,16650400,90000,403200,0,1300,0
walking,0,16.6644,16.7790,2.3255,10310,583,818247670697,2.3726,0.8236,14.3944,16644900,75700,291000,0,1300,0
walking,0,16.6685,16.6768,1.9272,10310,585,818247838487,1.7820,1.2604,14.8783,16656200,74700,205900,0,1300,0
walking,0,16.6707,16.6651,1.9712,16702,585,818248005255,2.6516,1.0231,13.9989,16657700,91200,473900,0,1300,0
walking,0,16.6620,16.6611,2.2559,10310,583,818248171906,2.1152,1.0892,14.5298,16636200,108000,219800,0,1900,0
walking,0,16.6854,16.6727,2.0849,10310,584,818248338517,1.8771,0.9350,14.7792,16695000,76300,213200,0,1300,0
walking,0,16.6677,16.6744,2.3521,10310,582,818248505244,2.1812,0.9269,14.4767,16633300,77100,250700,0,1200,0
walking,0,16.6657,16.6532,2.0992,10310,585,818248671988,2.6085,0.8059,14.0278,16657200,81100,246400,0,1500,0
walking,0,16.6690,16.7079,1.9753,16702,585,818248838520,2.1787,0.8917,14.5165,16649000,78000,460200,0,1300,0
walking,0,16.6641,16.6500,2.0214,10310,584,818249005599,2.1537,0.9639,14.4797,16644100,99200,231100,0,1400,0
walking,0,16.6665,16.6702,2.0081,10310,583,818249172099,2.1210,0.9430,14.5364,16645000,84500,239100,0,1400,0
walking,0,16.6671,16.6661,2.3368,10310,578,818249338801,2.4045,0.8251,14.2446,16646000,88000,285400,0,1200,0
walking,0,16.6851,16.6659,1.9784,10310,570,818249505462,2.3697,1.1260,14.2746,16701700,83800,232400,0,1300,0
walking,0,16.6676,16.6647,2.0582,16702,573,818249672121,2.3726,0.8044,14.2725,16622700,88700,491100,0,1600,0
walking,0,16.6735,16.6630,2.3112,10310,572,818249838768,2.4378,0.8932,14.2083,16655700,80200,229700,0,1200,0
walking,0,16.6588,16.7187,2.5610,10310,569,818250005398,2.0413,0.8943,14.6605,16644200,84400,222700,0,1700,0
walking,0,16.6661,16.6371,2.3245,10310,564,818250172585,2.2431,0.9426,14.3796,16650700,80900,246700,0,1400,0
walking,0,16.6768,16.6709,2.1166,10310,567,818250338956,1.8105,0.8206,14.8453,16662500,73400,228100,0,1400,0
walking,0,16.6679,16.6584,3.0515,16702,567,818250505665,2.2746,0.9602,14.3696,16656100,74200,474400,0,1100,0
walking,0,17.0468,16.6633,2.2702,10310,567,818250672249,1.9148,0.8276,14.7360,17029800,81300,237100,0,1000,0
walking,0,16.6638,16.6786,1.9558,10310,562,818250838882,1.9577,1.1346,14.7049,16650400,113800,197300,0,1200,0
walking,0,16.6669,16.6697,2.3183,10310,567,818251005668,2.0525,0.9196,14.6038,16652400,78200,217600,0,1100,0
walking,0,16.6665,17.0446,1.9712,10310,565,818251172365,2.1926,0.8955,14.8373,16649000,76600,282200,0,1200,0
walking,0,16.6665,16.6639,3.0034,16702,561,818251342811,2.5091,0.8972,14.1415,16651200,81000,582800,0,1400,0
walking,0,16.6663,16.6688,1.8811,10310,560,818251509450,1.8177,0.8790,14.8348,16650700,76500,205200,0,1300,0
walking,0,16.6677,16.6662,2.0879,10310,556,818251676138,1.9319,1.1010,14.7171,16652900,75900,215900,0,1200,0
walking,0,16.7128,16.6665,2.2999,10310,548,818251842800,2.3341,0.8699,14.3172,16698000,76600,209300,0,1300,0
walking,0,16.6635,16.6674,2.0306,10310,549,818252009465,1.9507,0.8075,14.7003,16649200,77300,223700,0,1100,0
walking,0,16.6679,16.6662,2.3214,16702,542,818252176139,2.1076,0.7747,14.5455,16655600,84000,443500,0,1100,0
walking,0,16.6649,16.7119,2.0234,10310,544,818252342801,1.8160,0.7670,14.8821,16647300,79800,243200,0,1200,0
walking,0,16.7226,16.6637,2.0163,10310,543,818252509920,1.7446,1.0440,14.9046,16713500,82800,284900,0,1200,0
walking,0,16.6657,16.6692,2.2815,10310,544,818252676557,2.1206,0.8128,14.5351,16647800,119200,287900,0,1700,0
walking,0,16.6672,16.6623,2.0480,10310,544,818252843249,1.9743,1.6265,14.6730,16651900,83200,280900,0,1100,0
walking,0,16.6665,16.7284,2.3982,16702,543,818253009872,2.5426,1.4551,14.1711,16649900,84600,853800,0,1200,0
walking,0,16.6666,16.6623,2.0992,10310,543,818253177156,2.0709,1.1461,14.5770,16653400,72100,216600,0,900,0
walking,0,16.6741,16.6681,2.0675,10310,541,818253343779,2.3847,1.1784,14.2673,16668200,79000,233200,0,1200,0
walking,0,16.6609,16.6636,2.2989,10310,536,818253510460,2.4869,0.8601,14.1631,16631700,80700,217300,0,2000,0
walking,0,16.6858,16.6686,2.1617,10310,535,818253677096,1.8411,0.8317,14.8125,16680900,82100,242200,0,1300,0
walking,0,16.6570,16.6879,2.1279,16702,533,818253843782,1.9653,0.7746,14.7031,16631300,95100,524700,0,1400,0
walking,0,16.6676,16.6474,2.0900,10310,535,818254010661,1.9724,0.8513,14.6595,16652600,89200,253100,0,1300,0
walking,0,16.6673,16.6969,2.0910,10310,533,818254177135,1.8524,1.0391,14.8285,16651600,86100,311200,0,1500,0
walking,0,16.6683,16.6452,2.4187,10310,535,818254344104,2.1757,0.8233,14.4557,16656400,78100,1539900,796000,1200,0
walking,0,16.6656,16.6689,2.1606,10310,534,818254510556,1.9279,1.7278,14.7248,16649900,86800,214300,0,1300,0
walking,0,16.6673,16.6650,2.3409,16702,534,818254677245,2.0157,1.3319,14.6359,16652900,79300,461300,0,1200,0
walking,0,16.6680,16.6723,2.0756,10310,535,818254843895,2.8176,1.3164,13.8390,16653600,77700,265400,0,1300,0
walking,0,16.6659,16.6637,2.1985,10310,532,818255010618,2.3946,0.9163,14.2554,16649800,91400,288100,0,1600,0
walking,0,16.6673,16.6676,2.4392,10310,503,818255177255,2.2349,0.8888,14.4180,16651000,81900,223100,0,1300,0
walking,0,16.6668,16.6694,3.1519,10310,503,818255343931,2.1118,1.4054,14.5420,16653400,79600,220400,0,1300,0
walking,0,16.6664,16.6645,2.8887,16702,498,818255510625,2.5058,0.8060,14.1441,16651100,88200,466700,0,1300,0
walking,0,16.6649,16.6663,2.2385,10310,503,818255677270,2.1531,0.9101,14.4980,16648600,80600,227100,0,1200,0
walking,0,16.6675,16.6681,2.1463,10310,503,818255843933,2.0425,1.1456,14.6108,16657000,72500,253700,0,900,0
walking,0,16.6665,16.6643,2.3757,10310,503,818256010614,2.3419,0.8626,14.3093,16653800,80100,203900,0,1000,0
walking,0,16.6695,16.6622,2.1381,10310,493,818256177257,2.2857,1.0226,14.3630,16656700,78300,226300,0,1400,0
walking,0,16.6655,16.6694,2.1975,16702,499,818256343879,2.1674,0.7586,14.4896,16651000,80500,501700,0,1200,0
walking,0,16.6686,16.6666,2.1135,10310,503,818256510573,1.9202,0.9995,14.7337,16654800,74500,226900,0,1200,0
walking,0,16.6661,16.6702,2.1207,10310,502,818256677239,2.2429,1.0705,14.4140,16648700,81700,222300,0,1300,0
walking,0,16.6660,16.6645,2.3685,10310,502,818256843941,2.2386,1.0603,14.4126,16652700,77600,312100,0,1200,0
walking,0,16.6683,16.6708,2.2067,10310,503,818257010586,2.3352,0.7725,14.3198,16654000,86000,247900,0,1300,0
walking,0,16.6664,16.6635,2.4259,16702,495,818257177294,2.3287,1.3167,14.3200,16650900,89500,500000,0,1400,0
walking,0,16.6668,16.6687,2.0275,10310,498,818257343929,2.3889,0.9173,14.2639,16655300,79100,230800,0,1400,0
walking,0,16.6693,16.6684,2.0787,10310,498,818257510616,1.9630,0.9448,14.6911,16655900,77900,216700,0,1200,0
walking,0,16.6660,16.6643,2.4279,10234,498,818257677300,2.5574,1.3533,14.0937,16647000,70700,222800,0,1600,0
walking,0,16.6653,16.6682,2.1514,10234,498,818257843943,2.1939,0.7467,14.4614,16649000,70400,220400,0,1400,0
walking,0,16.6667,16.6721,1.9886,16626,497,818258010625,2.1817,1.0096,14.4743,16652300,76000,460300,0,1200,0
walking,0,16.6708,16.6636,2.0183,10234,497,818258177346,2.4166,0.8262,14.2305,16659300,70800,227000,0,1200,0
walking,0,16.6654,16.6643,2.1996,10234,491,818258343982,1.9975,1.0697,14.6517,16647100,76300,309800,0,1400,0
walking,0,16.6676,16.6663,2.4044,10234,491,818258510625,2.2149,0.7667,14.4374,16652100,73300,302000,0,1500,0
walking,0,16.6726,16.6750,2.0244,10234,491,818258677288,2.1376,0.9183,14.5219,16657100,66500,280300,0,1200,0
walking,0,16.6697,16.6634,2.3757,16626,491,818258844038,2.6831,1.0529,13.9641,16665200,67100,494100,0,1200,0
walking,0,16.7658,16.6669,2.1852,10234,490,818259010672,2.3657,1.0915,14.2866,16740900,73400,247000,0,1400,0
walking,0,16.6919,16.6705,2.1391,10234,491,818259177341,2.1813,1.1746,14.4759,16677200,84900,220100,0,1600,0
walking,0,16.6666,16.6787,2.3194,10234,491,818259344046,2.1869,1.1213,14.4785,16649800,64500,203900,0,900,0
walking,0,16.6717,16.7580,1.9753,10234,481,818259510833,2.4406,0.7666,14.3004,16663900,71700,236900,0,1100,0
walking,0,16.6617,16.6921,2.1074,16626,473,818259678413,2.3060,0.8436,14.3714,16635900,83500,538200,0,1400,0
walking,0,16.6673,16.6651,2.3521,10234,473,818259845334,1.9931,0.9011,14.6568,16652500,67100,287400,0,1000,0
walking,0,16.6683,16.6811,1.9794,10234,473,818260011985,2.3446,1.0029,14.3195,16654500,68400,202100,0,1000,0
walking,0,16.6674,16.6532,2.2948,10234,473,818260178796,2.7241,0.9046,13.9118,16652500,78900,215000,0,1400,0
walking,0,16.6663,16.6665,1.9794,10234,473,818260345328,2.0653,0.8699,14.5873,16649800,73500,251100,0,1300,0
walking,0,16.6743,16.6701,3.2901,16626,348,818260511993,1.8108,0.9660,14.8439,16663100,67300,460000,0,1000,0
walking,0,16.6604,16.6684,2.3224,10234,342,818260678694,2.1690,0.9118,14.4837,16633100,75100,224800,0,1300,0
walking,0,16.6663,16.6681,2.3020,10234,343,818260845378,1.8377,0.9567,14.8123,16654000,74400,243300,0,1100,0
walking,0,16.7698,16.6815,2.6624,10234,339,818261012059,2.1587,1.0144,14.5046,16762000,76100,284200,0,1400,0
walking,0,16.6623,16.6486,2.3501,10234,334,818261178874,2.1221,0.8895,14.5110,16628900,77000,256200,0,1500,0
walking,0,16.6675,16.6675,2.3460,26466,335,818261345360,1.8246,0.8338,14.8295,16653700,84200,542400,0,900,0
walking,0,16.6979,16.7821,2.2733,10234,310,818261512035,1.8718,1.3733,14.8904,16690800,70300,223900,0,1000,0
walking,0,16.6562,16.6486,2.3122,10234,310,818261679856,1.8991,1.3979,14.7298,16634800,74100,271200,0,1100,0
walking,0,16.6677,16.6675,2.5559,10234,310,818261846342,2.1633,0.9266,14.4904,16652900,75000,233700,0,1100,0
walking,0,16.6662,16.7071,2.2938,10234,310,818262013017,1.7917,0.9221,14.8992,16650500,77800,251200,0,1300,0
walking,0,16.6682,16.6509,2.2804,16626,309,818262180088,2.0388,0.8124,14.5960,16652400,79300,569600,0,1500,0
walking,0,16.6662,16.6674,2.3470,10234,307,818262346597,1.8640,0.9054,14.7891,16647300,75800,281500,0,1300,0
walking,0,16.6648,16.6667,2.3388,10234,307,818262513271,1.6702,1.1432,14.9804,16646100,73000,261100,0,1100,0
walking,0,16.6665,16.6675,2.5231,10234,307,818262679938,2.0102,1.2910,14.6423,16652500,70500,211200,0,1100,0
walking,0,16.7961,16.6659,2.3931,10234,307,818262846613,1.9745,1.2748,14.6728,16795300,73800,241200,0,1300,0
walking,0,16.6538,16.6626,2.3173,26982,302,818263013272,1.8843,0.7752,14.7618,16626300,77200,527800,0,1200,0
walking,0,16.9354,16.6662,2.3982,10234,238,818263179898,1.8682,0.8469,14.7843,16924100,69500,232900,0,1100,0
walking,0,16.6671,16.8095,1.8381,10234,233,818263346560,1.9800,1.7480,14.8155,16636700,72200,230400,0,1200,0
walking,0,16.6747,16.6390,2.0470,10234,233,818263514655,2.0968,0.9302,14.5297,16662300,74900,370500,0,1300,0
walking,0,16.6577,16.9396,1.8002,10234,230,818263681045,1.6734,0.6455,15.2508,16639900,71400,234500,0,1200,0
walking,0,16.6678,16.6671,1.6906,16626,228,818263850441,1.5813,1.1580,15.0556,16655200,67500,463800,0,1200,0
walking,0,16.6681,16.6760,1.7418,10234,225,818264017112,1.9706,0.8409,14.6918,16656300,72000,224800,0,1300,0
walking,0,16.6661,16.6531,1.7480,10234,225,818264183872,1.6378,0.7077,15.0021,16651100,69100,227500,0,1300,0
walking,0,16.6667,16.6684,2.0070,10234,225,818264350403,1.6794,0.6323,14.9758,16650100,70000,232400,0,1200,0
walking,0,16.8265,16.6702,1.7254,10234,218,818264517087,1.5609,0.5702,15.0954,16820900,69200,226400,0,1400,0
walking,0,16.6603,16.6655,1.9763,16626,218,818264683789,1.6297,0.8465,15.0216,16626200,79200,590900,0,1300,0
walking,0,16.7161,16.6643,1.7449,10234,216,818264850444,1.7583,0.8278,14.8918,16704300,79200,242800,0,1200,0
walking,0,16.7902,16.8425,1.7439,10234,216,818265017087,1.6781,1.1824,15.1431,16775500,79200,274500,0,1400,0
walking,0,16.6650,16.6444,2.2651,10234,212,818265185512,1.9211,0.9966,14.7047,16640600,80100,396400,0,1500,0
walking,0,16.6670,16.7198,1.7295,10234,213,818265351956,1.9577,0.9687,14.7468,16656600,67100,226000,0,1300,0
walking,0,16.6663,16.7934,2.2303,16626,209,818265519154,2.0123,0.8131,14.7634,16649200,68200,703000,0,1200,0
walking,0,16.6669,16.6588,1.7183,10234,209,818265687088,2.1494,0.6575,14.4912,16653300,71600,209900,0,1300,0
walking,0,16.6697,16.6704,1.6968,10234,209,818265853676,2.0200,0.7221,14.6365,16661200,68000,239300,0,1100,0
walking,0,16.7230,16.6627,1.9722,10234,209,818266020380,1.9570,0.6262,14.6923,16712600,76500,289800,0,1500,0
walking,0,16.6591,16.6652,1.7244,20074,208,818266187007,1.5454,0.6733,15.1079,16639400,69100,271900,0,1200,0
walking,0,16.6651,16.6746,1.6159,16626,173,818266353659,1.6410,0.9033,15.0203,16651100,67000,469100,0,1100,0
walking,0,16.7568,16.7261,1.6538,10234,173,818266520405,1.7808,0.9118,14.9319,16745600,63000,207300,0,1100,0
walking,0,16.6677,16.6513,1.5647,10234,173,818266687666,1.8811,0.9302,14.7584,16655600,65700,218900,0,1200,0
walking,0,16.6664,16.6634,2.0378,10234,173,818266854179,1.6329,0.7019,15.0182,16647700,67200,221500,0,1400,0
walking,0,16.6657,16.7608,1.6630,10234,173,818267020813,1.3784,0.5402,15.3672,16650000,70500,290300,0,1100,0
walking,0,16.7319,16.6702,1.6271,16626,141,818267188421,1.4631,0.5647,15.1926,16719400,64900,583300,0,1000,0
walking,0,16.6681,16.6632,1.6640,10234,141,818267355123,1.5856,0.7169,15.0624,16653400,80100,211100,0,1400,0
walking,0,16.6664,16.6646,1.6804,10234,139,818267521755,1.7460,0.9121,14.9042,16648200,69500,238800,0,1300,0
walking,0,16.6688,16.7361,1.9620,10234,139,818267688401,1.8164,0.5474,14.9033,16653300,73700,226100,0,1300,0
walking,0,16.6651,16.6690,1.6671,10234,139,818267855762,1.6393,0.5768,15.0145,16646400,70000,226400,0,1200,0
walking,0,16.6668,16.6652,1.5698,16626,139,818268022452,1.5911,0.8189,15.0572,16654200,74700,605100,0,1300,0
walking,0,16.6669,16.6698,1.6630,10234,139,818268189104,1.6061,0.5806,15.0474,16651500,70500,225700,0,1400,0
walking,0,16.6674,16.6626,1.6620,10234,141,818268355802,2.0322,0.7476,14.6143,16652200,73200,263500,0,1500,0
walking,0,16.6666,16.6684,1.9128,10234,138,818268522428,1.9897,0.6105,14.6647,16650900,71400,287300,0,1300,0
walking,0,16.6630,16.6662,1.6538,10234,138,818268689112,1.7575,0.9460,14.8940,16643600,73300,226000,0,1300,0
walking,0,16.6680,16.6682,1.9825,16626,138,818268855774,1.8801,1.0090,14.7722,16662600,66400,435200,0,1000,0
walking,0,16.6671,16.6657,1.6333,10234,131,818269022456,1.7991,0.6326,14.8520,16655600,87100,225800,0,1100,0
walking,0,16.6682,16.6562,1.6456,10234,129,818269189113,1.8437,0.6498,14.8000,16650500,66200,344200,0,1300,0
walking,0,16.6813,16.6758,1.8821,10234,129,818269355675,1.6667,0.5909,14.9961,16666200,69900,229000,0,1100,0
walking,0,16.6693,16.6680,1.5800,10234,129,818269522433,1.6119,0.6955,15.0437,16656600,94600,296200,0,1600,0
walking,0,16.6647,16.6637,1.5677,16626,127,818269689113,1.7489,0.5739,14.9017,16644700,72200,495300,0,1300,0
walking,0,16.6665,16.6823,1.8422,10234,122,818269855750,1.8630,0.8728,14.8033,16649900,69100,230000,0,1300,0
walking,0,16.7030,16.6739,1.6548,10234,120,818270022573,2.1161,0.9823,14.5405,16693500,70200,211400,0,1300,0
walking,0,16.6680,16.6587,1.8924,10234,122,818270189312,2.1085,0.5732,14.5363,16649000,62600,271700,0,1100,0
walking,0,16.6633,16.6662,1.6589,10234,122,818270355899,1.6841,0.8218,14.9659,16641100,92400,287700,0,2000,0
walking,0,16.6669,16.7117,1.6650,16626,122,818270522561,1.5862,0.8299,15.1076,16650800,74500,782900,0,1400,0
walking,0,16.6681,16.6681,2.5539,10234,122,818270689678,1.8142,0.7282,14.8351,16653300,69200,312400,0,1200,0
walking,0,16.6679,16.6574,1.6691,20666,122,818270856359,2.3391,0.8207,14.3020,16653100,90900,258700,0,1500,0
walking,0,16.6652,16.6659,1.6067,10310,103,818271022933,2.4579,0.9038,14.1932,16649300,90200,254600,0,1700,0
walking,0,16.6660,16.6692,1.6302,10310,103,818271189592,2.2398,1.4067,14.4137,16649700,84500,254700,0,1100,0
walking,0,16.6680,16.6690,1.5903,16702,101,818271356284,2.6233,0.5744,14.0298,16655300,79400,539600,0,1200,0
walking,0,16.6673,16.6643,1.6548,10310,101,818271522974,1.7322,0.6026,14.9171,16655600,78600,228000,0,1300,0
walking,0,16.7128,16.6628,1.6374,10310,99,818271689617,1.8524,0.7891,14.7974,16689300,85900,274900,0,3300,0
walking,0,16.6669,16.6693,1.9180,10310,99,818271856245,1.6872,0.8679,14.9682,16654000,78000,221200,0,1200,0
walking,0,16.6673,16.6736,1.6794,10310,99,818272022938,1.6963,0.6826,14.9594,16652000,75900,221200,0,1300,0
walking,0,16.6649,16.7055,1.5821,16702,99,818272189674,1.9449,0.6823,14.7444,16648200,91300,501800,0,1100,0
walking,0,16.6672,16.6664,1.6824,10310,99,818272356729,1.4832,0.5463,15.1709,16655000,80600,301800,0,1400,0
walking,0,16.6698,16.6679,1.6538,10310,99,818272523393,1.3924,0.6760,15.2598,16659500,81300,285300,0,1400,0
walking,0,16.6643,16.6626,1.9098,10310,99,818272690072,1.7486,0.8677,14.8996,16646800,82000,239100,0,1300,0
walking,0,16.6697,16.6678,1.6937,10310,99,818272856698,1.5821,0.9161,15.0731,16662100,80600,235000,0,1500,0
walking,0,16.6668,16.6737,1.6179,16702,99,818273023376,1.5676,0.5499,15.0921,16648100,90200,593500,0,1400,0
walking,0,16.6669,16.6606,1.6896,10310,99,818273190113,1.5455,0.6505,15.1014,16652400,81600,227500,0,1500,0
walking,0,16.6656,16.6788,1.6353,10310,99,818273356719,1.6907,1.0244,14.9715,16650500,84900,288800,0,1600,0
walking,0,16.6678,16.6624,1.9374,10310,99,818273523507,1.5984,0.5280,15.0498,16653300,83500,248900,0,1300,0
walking,0,16.6659,16.6664,1.7101,10310,99,818273690131,1.5279,0.9058,15.1246,16650900,85100,243300,0,1300,0
walking,0,16.6667,16.6638,1.9087,16702,99,818273856795,1.8623,0.7723,14.7883,16654700,79200,488400,0,1200,0
walking,0,16.7014,16.6681,1.7070,10310,99,818274023433,1.6787,0.5371,14.9746,16689200,83100,245900,0,1300,0
walking,0,16.6663,16.6641,1.7060,10310,99,818274190114,2.1352,0.6499,14.5157,16651300,79200,236500,0,1400,0
walking,0,16.6672,16.6678,1.9497,10310,99,818274356755,1.6692,0.7384,14.9856,16652900,87900,2097300,898300,1300,0
walking,0,16.6659,16.7037,1.6916,10310,99,818274523433,1.4704,0.5193,15.2190,16651900,82100,222600,0,1100,0
walking,0,16.7563,16.6651,1.9364,16702,93,818274690470,1.6415,0.7124,15.0099,16742700,80400,667200,0,1200,0
walking,0,16.6596,16.6657,1.6988,10310,92,818274857121,2.5661,0.7806,14.0868,16645900,74500,199300,0,1200,0
walking,0,16.7126,16.6651,1.6128,10310,93,818275023778,1.6450,0.7410,15.0069,16714800,79700,206400,0,1100,0
walking,0,16.6569,16.7554,1.6271,10310,93,818275190429,2.0190,0.7104,14.7236,16622000,74800,212700,0,1100,0
walking,0,16.6694,16.6597,1.7459,10310,92,818275357983,1.6472,0.4825,14.9988,16659700,78300,217800,0,1200,0
walking,0,16.6678,16.7356,1.6333,16702,93,818275524580,1.4314,0.5026,15.2838,16652600,83500,535700,0,1400,0
walking,0,16.6656,16.6336,1.7121,10310,93,818275691936,1.5985,0.5228,15.0236,16648700,89400,239800,0,1500,0
walking,0,16.8562,16.6742,1.7132,10310,93,818275858272,1.6850,0.6485,14.9748,16857000,76800,215500,0,1200,0
walking,0,16.6541,16.6685,1.9886,10310,91,818276025014,1.8753,0.5719,14.7775,16597300,81000,207000,0,1400,0
walking,0,16.6686,16.6627,1.7029,10310,91,818276191699,1.7055,0.5695,14.9433,16655000,80000,222600,0,1400,0
walking,0,16.6667,16.8829,2.0111,16702,91,818276358326,1.6622,0.5169,15.1950,16652000,82800,500600,0,1200,0
walking,0,16.6672,16.6289,1.6732,10310,91,818276527155,1.5131,0.4794,15.0841,16653300,86500,290100,0,1400,0
walking,0,16.6679,16.6689,1.7787,10310,91,818276693444,1.6216,0.6102,15.0334,16653300,85100,231900,0,1400,0
walking,0,16.6663,16.6672,1.7541,10310,91,818276860133,1.7571,0.8559,14.8950,16649000,84900,435000,0,1700,0
walking,0,16.6656,16.6673,1.7582,20666,91,818277026805,1.8944,0.5197,14.7589,16649600,82900,212900,0,1300,0
walking,0,16.7152,16.6691,2.0163,16702,294,818277193478,1.6715,0.6500,14.9820,16714300,78200,473800,0,1400,0
walking,0,16.6571,16.6648,1.7060,10310,290,818277360169,2.0090,3.4090,14.6401,16623700,77700,213200,0,1000,0
walking,0,16.6672,16.6661,1.9927,10310,291,818277526817,1.9886,2.5139,14.6611,16654500,85200,242600,0,1300,0
walking,0,16.6672,16.7334,1.9476,10310,291,818277693478,1.8268,0.6024,14.8877,16651700,81800,252300,0,1300,0
walking,0,16.6670,16.6375,1.7244,10310,291,818277860812,1.7249,0.8177,14.8989,16639900,82500,226000,0,1500,0
walking,0,16.6671,16.6690,1.9814,16702,288,818278027187,1.9229,0.6310,14.7316,16653700,90900,534700,0,1600,0
walking,0,16.6631,16.6667,1.7162,10310,288,818278193877,1.9113,0.5722,14.7404,16641300,91300,278700,0,1500,0
walking,0,16.6706,16.6656,1.6937,10310,288,818278360544,1.8997,0.8791,14.7403,16661300,73300,217900,0,1100,0
walking,0,16.6701,16.6703,1.7377,10310,287,818278527200,2.1485,0.8187,14.5052,16659800,74500,199600,0,1300,0
walking,0,16.6664,16.6550,1.6712,10310,287,818278693903,2.3556,0.6936,14.2858,16647500,85200,272100,0,1600,0
walking,0,16.6996,16.6746,1.9886,16702,286,818278860453,1.6641,0.7556,14.9974,16684100,94100,539900,0,1700,0
walking,0,16.6603,16.6754,1.7654,10310,287,818279027199,1.7312,0.7278,14.9288,16633900,82100,233700,0,1600,0
walking,0,16.6673,16.6664,1.6548,10310,286,818279193953,2.2521,0.8458,14.3954,16662600,77200,213700,0,1500,0
walking,0,16.6650,16.7056,1.7981,10310,289,818279360617,2.3870,0.7930,14.2972,16638500,73700,277300,0,1100,0
walking,0,16.6758,16.6493,1.7531,10310,287,818279527673,1.6427,0.6154,14.9913,16671200,75400,229700,0,1300,0
walking,0,16.6595,16.6772,2.0951,27058,286,818279694166,1.7730,0.6719,14.8898,16629200,81200,435800,0,1300,0
walking,0,16.6678,16.6522,1.7490,10310,583,818279860938,1.7390,0.5949,14.8997,16656900,82100,222200,0,900,0
walking,0,16.6688,16.6903,2.2641,10310,583,818280027460,1.8065,7.8525,14.8649,16656900,76400,269000,0,900,0
walking,0,16.6660,16.6452,1.9763,10310,579,818280194363,2.7140,7.9418,13.9152,16647600,80200,217500,0,1300,0
walking,0,16.6660,16.6691,2.0163,10310,583,818280360815,2.0265,0.7348,14.6305,16651400,86300,236300,0,1000,0
walking,0,16.6676,16.6695,2.2088,16702,582,818280527506,2.0793,0.9607,14.5778,16658500,84300,431400,0,1100,0
walking,0,16.6825,16.6660,2.0685,10310,583,818280694201,2.4288,0.9064,14.2190,16671800,78700,279300,0,1500,0
walking,0,16.6636,16.6631,1.9640,10310,577,818280860861,2.3728,1.0585,14.2788,16642200,83400,274900,0,1200,0
walking,0,16.6677,16.6699,2.0634,10310,585,818281027492,2.2280,1.0221,14.4306,16654400,74900,268800,0,1100,0
walking,0,16.7088,16.6881,2.0388,10310,585,818281194191,2.5243,0.8508,14.1479,16693400,80900,199500,0,1200,0
walking,0,16.6642,16.6579,2.2979,16702,585,818281361072,2.1258,0.9904,14.5164,16648800,72300,684800,0,1000,0
walking,0,16.7783,16.6700,2.0224,10310,585,818281527651,2.3442,0.7745,14.3103,16772100,75800,229400,0,1200,0
walking,0,16.6540,16.7071,2.3552,10310,585,818281694351,2.1984,0.9263,14.4951,16633500,81000,275800,0,1300,0
walking,0,16.6678,16.6632,2.0910,10310,585,818281861422,2.1969,0.9967,14.4519,16654500,74800,233100,0,1300,0
walking,0,16.6679,16.7860,2.0941,10310,584,818282028054,2.2661,0.8358,14.5060,16654200,79200,291400,0,1200,0
walking,0,16.6669,16.6456,2.2630,16702,583,818282195914,2.2591,0.8488,14.3745,16651900,75400,475100,0,1300,0
walking,0,16.6649,16.6689,2.1094,10310,585,818282362370,2.2027,1.0258,14.4519,16649400,76800,298000,0,1300,0
walking,0,16.6956,16.6690,2.3511,10310,582,818282529059,2.3748,1.0421,14.2795,16680700,77700,211100,0,1000,0
walking,0,16.6601,16.6669,2.0849,10310,578,818282695749,2.1045,0.9384,14.5475,16647400,72200,223700,0,900,0
walking,0,16.7293,16.6649,2.0716,10310,572,818282862418,2.0270,1.0715,14.6225,16724500,88400,208800,0,1100,0
walking,0,16.8253,16.6933,2.4023,16702,573,818283029067,1.8853,1.0093,14.7955,16787800,101000,550700,0,1200,0
walking,0,16.6639,16.6613,2.0716,10310,573,818283196000,1.9279,0.8953,14.7197,16644200,76400,216300,0,1300,0
walking,0,16.6664,16.7466,2.3716,10310,569,818283362613,1.9821,1.4467,14.7428,16652000,75000,215600,0,1200,0
walking,0,16.6702,16.8129,2.0777,10310,567,818283530079,1.9864,0.9727,14.8015,16704800,74300,211700,0,1100,0
walking,0,16.6665,16.6601,2.0838,10310,564,818283698208,2.0396,0.7871,14.6047,16605100,83500,221100,0,1300,0
walking,0,16.6666,16.6650,2.3163,16702,567,818283864809,1.7945,0.8378,14.8577,16651000,82800,536000,0,1600,0
walking,0,16.6673,16.7215,2.0767,10310,567,818284031459,1.9372,0.8786,14.7677,16648900,103100,383000,0,1700,0
walking,0,16.6657,16.6200,2.2671,10310,567,818284198674,2.0274,1.2291,14.5778,16648700,83400,282000,0,1500,0
walking,0,16.6629,16.6669,2.0931,10310,566,818284364874,2.2646,1.5660,14.3865,16645300,78600,568300,0,1200,0
walking,0,16.6696,16.6664,2.0490,10310,565,818284531543,2.5487,1.4497,14.1004,16663000,68700,262300,0,1300,0
walking,0,16.6667,16.6634,2.0132,16702,561,818284698207,2.3585,1.0351,14.2904,16651900,71100,581500,0,1200,0
walking,0,16.6653,16.6566,1.9722,10310,560,818284864841,2.5819,0.8654,14.0634,16650500,89300,270600,0,1400,0
walking,0,16.6697,16.6751,2.3972,10310,556,818285031407,2.6789,0.9489,13.9841,16659200,83100,216500,0,1000,0
walking,0,16.6683,16.6639,2.0869,10310,549,818285198158,2.3207,0.9563,14.3313,16653000,75400,223200,0,1100,0
walking,0,16.6649,16.6662,1.9497,10310,549,818285364797,2.6785,0.7925,13.9719,16648900,81100,292600,0,1700,0
walking,0,16.6684,16.6733,2.2262,16702,544,818285531459,2.2455,0.7712,14.4139,16655400,81500,666300,0,1500,0
walking,0,16.6659,16.6694,2.0685,10310,544,818285698192,1.9264,1.4028,14.7267,16647100,80500,289900,0,1500,0
walking,0,16.6678,16.6625,2.2733,10310,544,818285864886,2.0988,1.1366,14.5500,16655400,88100,234300,0,1300,0
walking,0,16.6637,16.6709,2.3859,10310,544,818286031511,2.3384,1.4034,14.3172,16635600,87000,257600,0,1300,0
walking,0,16.6738,16.6646,1.9446,10310,544,818286198220,2.1582,1.0321,14.4891,16663500,97300,214900,0,1300,0
walking,0,16.6618,16.6744,2.3644,16702,541,818286364866,2.0286,1.0481,14.6268,16643800,88300,472300,0,1400,0
walking,0,16.6799,16.6557,2.1043,10310,543,818286531610,2.1622,0.7890,14.4734,16668300,78400,223800,0,1200,0
walking,0,16.6638,16.6772,2.3347,10310,541,818286698167,2.2774,1.1815,14.3862,16644200,73800,219600,0,1300,0
walking,0,16.6965,16.6584,2.0603,10310,537,818286864939,2.0623,0.8155,14.5816,16687600,79600,225000,0,1300,0
walking,0,16.7173,16.6837,2.1627,10310,532,818287031523,1.9793,0.8291,14.6892,16699500,89400,266800,0,1200,0
walking,0,16.6588,16.6601,2.3665,16702,534,818287198360,1.8015,0.8207,14.8429,16639900,92400,503200,0,1200,0
walking,0,16.6655,16.7034,1.9886,10310,535,818287364961,2.0912,1.4059,14.5965,16639400,81100,251700,0,1300,0
walking,0,16.6650,16.7184,2.3173,10310,534,818287531995,1.9504,1.3039,14.7491,16645600,83400,227000,0,1500,0
walking,0,16.6651,16.6611,2.0777,10310,533,818287699179,2.0126,1.1159,14.6275,16647600,76400,255200,0,1200,0
walking,0,16.6711,16.6612,2.1484,10310,534,818287865790,2.2142,0.8942,14.4254,16658300,254900,244500,0,1300,0
walking,0,16.6650,16.6617,2.0828,16702,535,818288032402,2.2952,1.3168,14.3506,16657800,81200,560900,0,1300,0
walking,0,16.6657,16.6632,2.0070,10310,535,818288199019,1.7335,1.2773,14.9141,16635000,86000,232800,0,1800,0
walking,0,16.6689,16.6758,2.4310,10310,534,818288365651,1.9906,1.5922,14.6678,16653800,71600,239400,0,1200,0
walking,0,16.6656,16.6769,2.1883,10310,503,818288532409,2.2332,0.9457,14.4248,16647500,81900,232800,0,1100,0
walking,0,16.6693,16.6515,2.0132,10310,491,818288699178,2.1631,1.0992,14.4722,16651700,78500,215600,0,1300,0
walking,0,16.6645,16.6693,2.3654,16702,503,818288865693,1.7746,0.8584,14.8793,16642900,78800,671800,0,1300,0
walking,0,16.6666,16.6666,2.4545,10310,503,818289032386,2.0146,1.0031,14.6329,16652400,79600,216100,0,1100,0
walking,0,16.6666,16.6705,2.4443,10310,503,818289199052,2.1852,1.5111,14.4667,16650800,84500,244500,0,1200,0
walking,0,16.6678,16.6612,2.0541,10310,501,818289365757,2.6980,0.8590,13.9450,16658900,81300,228800,0,1400,0
walking,0,16.6681,16.6671,2.1228,10310,503,818289532369,1.8238,1.3403,14.8288,16649100,88000,232600,0,1200,0
walking,0,16.6666,16.6644,2.4340,16702,503,818289699040,1.8795,0.7961,14.7713,16650300,78500,551300,0,1100,0
walking,0,16.6672,16.6738,2.1760,10310,503,818289865684,1.8234,1.1579,14.8357,16653500,79500,220300,0,1100,0
walking,0,16.6729,16.6666,2.3695,10310,501,818290032422,2.1149,1.4354,14.5343,16652400,83200,244500,0,1600,0
walking,0,16.6631,16.6661,2.0337,10310,502,818290199088,1.9603,1.2420,14.6901,16652200,86900,235900,0,1300,0
walking,0,16.6639,16.6699,2.1658,10310,498,818290365749,2.0541,0.9842,14.5996,16633000,93400,217000,0,1400,0
walking,0,16.6688,16.6698,2.4494,16702,498,818290532448,2.0539,0.9079,14.5988,16655100,78600,489600,0,1000,0
walking,0,16.7642,16.6738,2.0132,10310,498,818290699146,1.9153,0.8167,14.7370,16734800,89400,277400,0,1400,0
walking,0,16.6635,16.6511,2.3060,10310,498,818290865884,1.9044,1.4366,14.7287,16642900,81600,264700,0,1600,0
walking,0,16.6681,16.6841,2.1832,10234,498,818291032395,2.0208,1.2533,14.6344,16655300,69400,218600,0,1200,0
walking,0,16.6664,16.7497,2.0695,10234,498,818291199236,2.6866,0.8930,14.0484,16650300,73300,336300,0,1100,0
walking,0,16.7650,16.6598,2.1043,16626,498,818291366733,1.9564,0.9332,14.6865,16765500,65500,555400,0,1100,0
walking,0,16.6561,16.6697,2.0183,10234,500,818291533331,2.2929,0.8163,14.3626,16622200,74300,276400,0,1700,0
walking,0,16.6656,16.6665,2.4504,10234,491,818291700028,2.2025,0.8585,14.4480,16647700,81900,225200,0,1400,0
walking,0,16.6671,16.7837,2.0582,10234,491,818291866693,2.2606,1.4653,14.5052,16653300,67600,216500,0,1500,0
walking,0,16.7283,16.6378,2.0460,10234,491,818292034530,2.3032,0.8780,14.3191,16714800,67700,354500,0,1100,0
walking,0,16.6641,16.6637,2.0982,16626,490,818292200908,2.6150,0.7932,14.0328,16644700,78600,500600,0,1400,0
walking,0,16.9406,16.6682,2.1504,10234,491,818292367545,2.0668,1.0587,14.5866,16933000,66100,229800,0,1200,0
walking,0,16.7509,16.7303,2.3900,10234,491,818292534227,2.4060,0.9368,14.3089,16744800,62700,244900,0,800,0
walking,0,16.6519,16.6594,2.0531,10234,491,818292701530,2.1768,0.8888,14.4680,16590900,85500,223500,0,1000,0
walking,0,16.6670,16.9481,2.0204,10234,478,818292868124,1.9892,1.0596,14.9438,16654600,58100,295900,0,800,0
walking,0,16.7062,16.7721,2.0623,16626,473,818293037605,1.8551,0.8670,14.8900,16698700,58700,426700,0,700,0
walking,0,16.7718,16.6202,2.0101,10234,473,818293205326,1.8234,1.2104,14.7674,16756300,73800,223900,0,1500,0
walking,0,16.7380,16.6659,2.2794,10234,473,818293371528,1.7475,0.8575,14.9071,16719000,69200,249200,0,1300,0
walking,0,16.6693,16.7133,2.0163,10234,473,818293538187,1.9533,1.5233,14.7454,16658000,65700,240000,0,1200,0
walking,0,16.6649,16.7720,2.3644,10234,473,818293705320,1.7344,1.0131,15.0220,16645600,75900,377600,0,1100,0
walking,0,16.7676,16.7332,2.0859,16626,348,818293873040,1.9285,0.9728,14.7906,16751800,73400,496100,0,1200,0
walking,0,16.6574,16.6747,2.4013,10234,343,818294040372,1.8507,1.4833,14.8074,16648100,66000,287600,0,900,0
walking,0,16.6670,16.6608,2.7156,10234,343,818294207119,2.7439,1.0478,13.9018,16657100,71800,233900,0,1200,0
walking,0,16.6672,16.7649,2.3194,10234,339,818294373727,2.3995,0.9837,14.3523,16649400,72800,270700,0,1100,0
walking,0,16.6694,16.6614,2.6460,10234,335,818294541376,1.9312,0.8374,14.7170,16655100,67100,245800,0,1100,0
walking,0,16.6642,16.6708,2.4422,26466,335,818294707990,1.7945,1.3866,14.8627,16643500,79000,440700,0,1200,0
walking,0,16.7353,16.6659,2.3460,10234,310,818294874698,1.8334,1.2736,14.8161,16718400,74800,2116000,906000,1000,0
walking,0,16.6614,16.6728,2.7034,10234,310,818295041357,1.8232,1.0214,14.8321,16645000,69200,212000,0,900,0
walking,0,16.6674,16.6601,2.3736,10234,310,818295208085,2.2443,1.1226,14.3993,16656500,71000,262700,0,1000,0
walking,0,16.6788,16.7334,2.5170,10234,309,818295374686,3.1436,0.7146,13.5748,16665700,77000,220900,0,1200,0
walking,0,16.6618,16.6591,2.3306,16626,309,818295542020,2.0853,0.9188,14.5597,16645900,71400,446400,0,1400,0
walking,0,16.6625,16.6704,2.4279,10234,307,818295708611,2.2514,0.8585,14.4052,16646200,70600,233900,0,1400,0
walking,0,16.6680,16.6801,2.7126,10234,307,818295875315,1.9814,0.8974,14.6847,16655400,71300,248300,0,1000,0
walking,0,16.6679,16.6619,2.7003,10234,302,818296042116,2.1647,1.0103,14.4813,16650900,71300,238800,0,1400,0
walking,0,16.6661,16.6611,3.5215,10234,307,818296208735,2.2623,0.9007,14.3840,16651000,70500,227600,0,1200,0
walking,0,16.6666,16.6713,2.4463,26982,302,818296375346,2.2603,0.8049,14.3952,16650400,67000,426900,0,1000,0
walking,0,16.6688,16.6656,2.3050,10234,238,818296542059,2.1833,0.8581,14.4677,16657500,64800,208500,0,1100,0
walking,0,16.6684,16.6670,1.8104,10234,233,818296708715,1.8048,1.9555,14.8463,16654200,67700,221100,0,1300,0
walking,0,16.6642,16.6622,1.7940,10234,233,818296875385,2.2828,0.8012,14.3677,16644900,71800,224800,0,1300,0
walking,0,16.7198,16.6724,1.8186,10234,229,818297042007,2.2387,0.6612,14.4189,16703800,76900,216100,0,1100,0
walking,0,16.6674,16.6704,1.7347,16626,227,818297208731,1.8975,0.9069,14.7567,16654600,67100,445600,0,1200,0
walking,0,16.6664,16.6624,1.7633,10234,225,818297375435,1.9494,0.6915,14.6955,16648900,76700,248000,0,52100,0
walking,0,16.6803,16.7174,1.9743,10234,224,818297542059,1.8922,0.7797,14.8117,16680900,68700,294000,0,1200,0
walking,0,16.6590,16.6706,1.7889,10234,225,818297709233,1.7813,0.9323,14.8735,16634300,67700,206500,0,1400,0
walking,0,16.6640,16.6621,1.6671,10234,218,818297875939,2.2015,0.7691,14.4476,16644900,66800,203900,0,1500,0
walking,0,16.6687,16.6952,1.7777,16626,218,818298042560,2.2849,0.7000,14.3961,16653300,65400,545700,0,1300,0
walking,0,16.6659,16.6500,1.7285,10234,215,818298209512,1.9638,0.6658,14.6708,16647500,72800,287800,0,1100,0
walking,0,16.6670,16.6617,2.0470,10234,215,818298376012,1.8622,0.9335,14.7829,16653600,74800,237000,0,1400,0
walking,0,16.6673,16.6706,1.7900,10234,213,818298542629,2.1937,0.7412,14.4597,16653500,72700,220200,0,1000,0
walking,0,16.6680,16.6643,1.6896,10234,211,818298709335,1.9650,0.6778,14.6827,16650300,70400,244200,0,1500,0
walking,0,16.6660,16.6681,1.6906,16626,209,818298875978,1.7765,0.6969,14.8773,16651500,74100,577100,0,1600,0
walking,0,16.6671,16.6692,1.6916,10234,209,818299042659,1.8184,0.7319,14.8351,16648600,76300,325500,0,1500,0
walking,0,16.6650,16.6658,1.9343,10234,209,818299209351,1.9454,0.8033,14.7050,16647500,73700,257500,0,1300,0
walking,0,16.6671,16.6677,1.6558,10234,209,818299376009,2.3139,0.7039,14.3378,16653800,73100,208900,0,1300,0
walking,0,16.6685,16.6649,1.6067,20074,209,818299542686,2.2378,0.6961,14.4109,16664300,67600,218700,0,1400,0
walking,0,16.6672,16.6640,1.7111,16626,171,818299709335,1.7637,0.9831,14.8838,16642200,64100,419700,0,1000,0
walking,0,16.6678,16.6673,1.6660,10234,173,818299875975,1.7761,0.5758,14.8778,16652600,69900,241900,0,1200,0
walking,0,16.6679,16.6782,1.9313,10234,173,818300042648,2.0249,0.7592,14.6395,16646800,68700,273500,0,1200,0
walking,0,16.6638,16.6584,2.2139,10234,172,818300209430,1.9185,0.7278,14.7239,16651800,79900,213600,0,1300,0
walking,0,16.6678,16.6709,1.6804,10234,172,818300376014,1.8471,1.0489,14.8056,16650300,65400,316400,0,1200,0
walking,0,16.6689,16.6611,1.6671,16626,141,818300542723,1.7491,0.6884,14.8978,16652600,67700,535200,0,1200,0
walking,0,16.6662,16.6666,1.6855,10234,139,818300709334,1.9872,1.3966,14.6647,16648800,75300,222100,0,1400,0
walking,0,16.6657,16.6688,1.9395,10234,139,818300876000,1.7494,0.6835,14.9010,16651500,70800,249700,0,1400,0
walking,0,16.6661,16.6699,1.9866,10234,139,818301042688,1.8040,0.5476,14.8487,16651100,69100,255500,0,1100,0
walking,0,16.6666,16.6652,1.6568,10234,139,818301209387,2.1475,0.9726,14.5015,16654000,72800,228300,0,1100,0
walking,0,16.6654,16.6643,1.6271,16626,139,818301376039,1.7831,0.8755,14.8683,16648300,70100,667000,0,1200,0
walking,0,16.6692,16.6656,1.6804,10234,137,818301542682,1.7426,0.6391,14.9085,16659800,75400,247700,0,1800,0
walking,0,16.6659,16.6676,1.8657,10234,141,818301709338,1.6342,0.6719,15.0199,16651100,73800,200100,0,1300,0
walking,0,17.0532,16.6613,2.0972,10234,138,818301876014,1.9404,0.6622,14.7080,17048200,76700,279600,0,1200,0
walking,0,16.6522,16.6716,1.6835,10234,138,818302042627,2.1466,0.7120,14.5132,16626600,72500,240200,0,1300,0
walking,0,16.6658,16.6667,1.6394,16626,138,818302209343,1.8001,1.0089,14.8512,16648900,69400,445600,0,1500,0
walking,0,16.6665,17.0627,1.6681,10234,131,818302376010,1.9093,0.6744,15.1392,16652500,96600,225100,0,1500,0
walking,0,16.6653,16.6443,1.8647,10234,128,818302546637,2.1474,0.6450,14.4795,16647800,63900,210300,0,1200,0
walking,0,16.6670,16.6655,1.9958,10234,129,818302713080,1.7811,0.6510,14.8679,16653900,73900,293000,0,1100,0
walking,0,16.6677,16.6668,1.5770,10234,129,818302879735,2.5113,0.7750,14.1413,16657300,63200,223100,0,1100,0
walking,0,16.6655,16.6627,1.6384,16626,127,818303046403,1.8878,0.6954,14.7600,16652900,65500,487900,0,1100,0
walking,0,16.6698,16.6652,1.6353,10234,122,818303213030,1.7781,0.5864,14.8760,16659000,79200,226000,0,1300,0
walking,0,16.6680,16.6693,1.8637,10234,122,818303379682,1.4595,0.9547,15.1978,16653200,67400,298900,0,1200,0
walking,0,16.7106,16.6648,2.2958,10234,122,818303546375,1.7188,0.5909,14.9342,16775000,72900,345200,0,1400,0
walking,0,16.6634,16.6728,1.9722,10234,122,818303713023,1.4554,1.3520,15.2037,16559200,74900,222400,0,1300,0
walking,0,16.7827,16.6697,1.6241,16626,122,818303879751,1.5412,0.9597,15.1121,16769800,62900,481300,0,1200,0
walking,0,16.7897,16.7948,1.5770,10234,122,818304046448,1.9401,0.8043,14.8351,16775700,68800,231200,0,1100,0
walking,0,16.6659,16.5746,1.9149,21722,121,818304214396,1.6154,0.6939,14.9438,16649400,83200,213200,0,1400,0
walking,0,16.6679,16.7857,2.2559,10310,103,818304380142,1.8657,0.6355,14.9042,16655800,75500,207400,0,1500,0
walking,0,16.6662,16.7894,1.8780,10310,103,818304547999,1.6787,1.7480,15.0971,16648600,74800,277800,0,1400,0
walking,0,16.6676,16.6644,1.6896,16702,101,818304715893,1.7183,0.4984,14.9312,16651700,75100,450200,0,1200,0
walking,0,16.6639,16.6724,1.6630,10310,100,818304882537,1.6214,0.6920,15.0346,16644800,72300,364800,0,1500,0
walking,0,16.6686,16.6659,1.8903,10310,99,818305049261,1.7404,0.6317,14.9084,16655700,73500,214200,0,1200,0
walking,0,16.6678,16.6675,1.6630,10310,99,818305215920,1.6046,0.4952,15.0473,16656000,74000,234400,0,1400,0
walking,0,16.6709,16.6568,1.6681,10310,99,818305382595,2.0434,0.4685,14.6015,16659800,82300,213100,0,1100,0
walking,0,16.7089,16.6702,1.6742,16702,99,818305549163,1.4665,0.5324,15.1893,16694200,80100,547600,0,1500,0
walking,0,16.7301,16.6704,1.6947,10310,99,818305715865,1.4087,0.4944,15.2474,16715100,81700,354700,0,1400,0
walking,0,16.6671,16.6733,1.9169,10310,98,818305882569,1.4465,0.9668,15.2134,16648200,84700,238200,0,1500,0
walking,0,16.6648,16.7103,1.6906,10310,99,818306049302,1.5897,1.1021,15.1047,16647600,82400,229400,0,1400,0
walking,0,16.6673,16.7315,2.3757,10310,98,818306216405,1.5187,0.6156,15.1966,16651300,90800,326600,0,1500,0
walking,0,16.6657,16.6640,1.6988,16702,99,818306383720,1.6350,0.5546,15.0133,16651600,77500,558200,0,1200,0
walking,0,16.6784,16.6613,1.6804,10310,99,818306550360,1.7532,0.6840,14.8946,16680900,74900,234300,0,1100,0
walking,0,16.6555,16.6671,1.9415,10310,99,818306716973,1.3736,0.9871,15.2777,16627200,73300,244300,0,1200,0
walking,0,16.6901,16.6648,1.7029,10310,99,818306883644,1.5867,0.6940,15.0650,16682300,71900,255000,0,1200,0
walking,0,16.6655,16.6944,1.6445,10310,99,818307050292,1.4743,0.7219,15.2068,16649100,80100,273400,0,1300,0
walking,0,16.6685,16.6381,1.7981,16702,99,818307217236,1.4492,0.8359,15.1781,16654400,83500,538900,0,1500,0
walking,0,16.6665,16.6957,1.7244,10310,99,818307383617,1.4057,0.9456,15.2767,16647900,84800,242600,0,1600,0
walking,0,16.6769,16.6651,1.7183,10310,99,818307550574,1.5934,0.9134,15.0558,16669500,77700,267700,0,1400,0
walking,0,16.6576,16.6708,1.7060,10310,98,818307717225,1.6862,0.6320,14.9684,16636100,148900,207300,0,1300,0
walking,0,16.8030,16.6637,2.0296,10310,99,818307883933,1.6602,0.8367,14.9878,16794300,83300,271800,0,1400,0
walking,0,16.6653,16.6836,1.7336,16702,93,818308050570,1.5009,0.6379,15.1688,16645400,88700,791800,0,1100,0
walking,0,16.6666,16.6481,1.7121,10310,93,818308217406,1.6385,0.5408,14.9977,16652000,85200,218300,0,1200,0
walking,0,16.6658,16.8093,1.6579,10310,92,818308383887,1.7983,0.8282,14.9961,16650300,79600,224500,0,1400,0
walking,0,16.6673,16.6611,1.7039,10310,93,818308551980,2.1318,0.4920,14.5137,16651700,88000,236900,0,1200,0
walking,0,16.6693,16.6664,1.9784,10310,93,818308718591,1.5731,0.5353,15.0790,16653600,83200,365700,0,1500,0
walking,0,16.7100,16.6670,1.7060,16702,93,818308885255,1.7479,0.6346,14.9026,16691500,85500,459400,0,1500,0
walking,0,16.6662,16.6674,1.7203,10310,93,818309051925,1.7815,1.4128,14.8702,16649500,77900,220300,0,1300,0
walking,0,16.6684,16.6708,1.7439,10310,93,818309218599,1.5151,0.9490,15.1387,16654200,87800,219700,0,1600,0
walking,0,16.6660,16.7087,1.7398,10310,91,818309385307,1.7422,0.5280,14.9494,16648800,87700,239800,0,1700,0
walking,0,16.6663,16.6640,1.6200,10310,91,818309552394,1.6076,0.5712,15.0420,16649900,81900,221800,0,1300,0
walking,0,16.7034,16.6726,1.7613,16702,91,818309719034,1.3595,0.5863,15.2947,16741700,80000,467900,0,1400,0
walking,0,16.6571,16.6645,1.7367,10310,91,818309885760,1.9181,0.5246,14.7309,16590900,75200,210100,0,1500,0
walking,0,16.6671,16.6644,1.7879,10310,91,818310052405,1.4706,1.1757,15.1794,16653700,78000,205100,0,1200,0
walking,0,16.6674,16.7561,1.7132,10310,90,818310219049,1.7295,0.4704,15.0122,16653100,89800,308700,0,1300,0
walking,0,16.7010,16.6031,1.9866,20666,91,818310386610,1.3785,0.4906,15.2125,16685900,79500,239400,0,1200,0
walking,0,16.6566,16.6688,1.7644,16702,294,818310552641,1.4528,0.7059,15.2010,16642300,79000,522200,0,1400,0
walking,0,16.6675,16.6666,2.0316,10310,290,818310719329,1.5743,3.5665,15.0790,16651800,78800,229100,0,1500,0
walking,0,16.6665,16.7011,1.6538,10310,287,818310885995,2.3197,3.0850,14.3663,16648700,96600,285400,0,1400,0
walking,0,16.7043,16.6579,1.7234,10310,291,818311053006,1.8183,0.6159,14.8241,16698800,79000,246300,0,1200,0
walking,0,16.6605,16.6687,1.9876,10310,287,818311219585,1.8446,0.7425,14.8073,16626800,92200,303700,0,1600,0
walking,0,16.6678,16.6649,1.7838,16702,287,818311386272,2.2040,0.6219,14.4447,16654500,76200,450500,0,1400,0
walking,0,16.6679,16.7190,1.7357,10310,288,818311552921,1.7427,1.0992,14.9564,16652600,77900,267300,0,1200,0
walking,0,16.6659,16.6456,1.9886,10310,288,818311720111,1.7039,0.7041,14.9232,16651700,76600,289100,0,1500,0
walking,0,16.6670,16.6699,1.7224,10310,287,818311886567,1.6253,0.9352,15.0295,16651100,93200,258000,0,1600,0
walking,0,16.6639,16.6670,2.1125,10310,287,818312053266,1.5624,0.6398,15.0904,16645900,88900,281400,0,1300,0
walking,0,16.6680,16.6662,1.7295,16702,287,818312219936,1.6226,0.7877,15.0291,16658700,73500,444000,0,1100,0
walking,0,16.7921,16.6664,1.7531,10310,287,818312386598,1.7002,0.8263,14.9509,16779600,78100,266900,0,1000,0
walking,0,16.7167,16.6582,1.7859,10310,286,818312553262,1.6850,1.0041,14.9610,16704100,76300,212800,0,1300,0
walking,0,16.7549,16.6701,1.7408,10310,288,818312719844,1.6165,0.7302,15.0423,16732900,92400,234200,0,1300,0
walking,0,16.6657,16.7940,2.0910,10310,287,818312886545,1.6392,0.5960,15.1404,16648100,72400,204700,0,900,0
walking,0,16.6670,16.7223,1.7531,27058,287,818313054485,1.5163,0.7912,15.1880,16653500,72300,452400,0,1200,0
walking,0,16.6701,16.7501,1.7654,10310,582,818313221708,1.9565,0.6241,14.7765,16657700,75900,213700,0,1100,0
walking,0,16.6663,16.6625,1.9446,10310,583,818313389209,1.4970,8.2812,15.1511,16648800,83400,223500,0,1400,0
walking,0,16.6651,16.6693,1.8790,10310,581,818313555834,2.5615,6.8919,14.0920,16644500,82600,222000,0,1500,0
walking,0,16.6664,16.6737,2.2415,10310,583,818313722527,1.9034,0.9559,14.7545,16648800,73200,201400,0,1000,0
walking,0,16.6658,16.6669,1.9927,16702,579,818313889264,2.0927,1.0374,14.5561,16655200,82200,665700,0,1100,0
walking,0,16.6670,16.6612,2.3204,10310,580,818314055933,2.0002,0.7623,14.6444,16650700,76200,215700,0,1200,0
walking,0,16.6673,16.6626,1.9507,10310,583,818314222545,2.0986,0.9770,14.5502,16655800,76200,226400,0,1100,0
walking,0,16.6814,16.6710,1.9681,10310,583,818314389171,2.4209,0.8926,14.2345,16673400,73200,216100,0,900,0
walking,0,16.6793,16.6631,2.2446,10310,584,818314555881,1.8193,1.1695,14.8314,16657900,70100,223300,0,1100,0
walking,0,16.6674,16.6798,1.9732,16702,584,818314722512,1.8751,0.8400,14.7807,16645100,105700,441600,0,1300,0
walking,0,16.7239,16.6870,2.3060,10310,584,818314889310,1.9843,1.1803,14.6894,16704300,97700,230800,0,1200,0
walking,0,16.6658,16.6756,2.1012,10310,585,818315056180,2.1219,1.1340,14.5361,16650500,75100,248700,731500,1200,0
walking,0,16.6685,16.6593,1.9907,10310,582,818315222936,2.1386,1.0885,14.5066,16656100,81000,212900,0,1100,0
walking,0,16.6703,16.7197,2.3409,10310,580,818315389529,1.9799,0.9372,14.7245,16656000,75400,214200,0,1100,0
walking,0,16.6680,16.6640,1.9415,16702,585,818315556726,1.9715,0.8864,14.6790,16652200,78700,509900,0,1400,0
walking,0,16.6635,16.6710,2.3265,10310,583,818315723366,2.1942,0.8552,14.4620,16644100,80600,214900,0,1800,0
walking,0,16.6660,16.6714,2.0204,10310,582,818315890076,2.1075,1.0231,14.5487,16651200,76800,211600,0,1200,0
walking,0,16.6705,16.6692,2.0009,10310,578,818316056790,2.6272,0.7983,14.0251,16662100,73000,207800,0,900,0
walking,0,16.6641,16.6600,2.3255,10310,569,818316223482,2.7283,0.9167,13.9158,16645800,82700,227100,0,1500,0
walking,0,16.6693,16.6632,2.0562,53190,573,818316390082,2.0884,0.8732,14.5629,16659900,76600,3372100,0,1100,0
walking,0,16.7640,16.6767,1.9763,10310,573,818316556714,2.1790,0.9097,14.4834,16760600,86500,231900,0,1600,0
walking,0,16.6553,16.6593,2.0316,10310,566,818316723481,1.9724,1.4420,14.6735,16628100,79600,263300,0,1300,0
walking,0,16.6678,16.6734,1.9589,10310,567,818316890074,4.3931,0.8676,12.2670,16655600,82500,233500,0,1700,0
walking,0,16.6664,16.7750,2.0163,10310,566,818317056808,2.2547,1.3159,14.5060,16650700,78900,235400,0,1300,0
walking,0,16.6662,16.6420,2.1105,16702,567,818317224558,2.1739,1.0464,14.4544,16654500,76900,535700,0,1100,0
walking,0,16.6709,16.6685,2.3091,10310,564,818317390978,2.4753,1.0188,14.1803,16661700,80200,298600,0,1200,0
walking,0,16.6643,16.6635,1.9282,10310,567,818317557663,2.5055,1.0409,14.1453,16647700,78600,290400,0,1300,0
walking,0,16.6663,16.6662,2.0859,10310,567,818317724298,2.2090,0.9073,14.4456,16648300,84000,257000,0,1300,0
walking,0,16.6711,16.6765,2.3081,10310,565,818317890960,2.6128,0.8123,14.0490,16659300,81000,223200,0,1300,0
walking,0,16.6667,16.6643,1.9261,16702,560,818318057725,2.2728,1.2984,14.3750,16649400,74500,455000,0,2100,0
walking,0,16.6927,16.6610,2.2006,10310,561,818318224368,2.1287,0.9320,14.5196,16676400,79200,230700,0,1400,0
walking,0,16.6571,16.6754,2.0326,10310,554,818318390978,2.1031,1.4870,14.5562,16643800,75200,221700,0,1300,0
walking,0,16.6658,16.6661,2.0931,10310,549,818318557732,2.4963,0.8954,14.1533,16646900,174000,228400,0,1900,0
walking,0,16.6663,16.6903,2.2456,10310,549,818318724393,2.0934,0.8888,14.5830,16649300,79500,235500,0,1200,0
walking,0,16.6696,16.6606,1.9538,16702,544,818318891296,2.5761,1.0059,14.0679,16657000,82600,737500,0,1200,0
walking,0,16.6669,16.6641,2.3480,10310,544,818319057902,2.4213,0.9766,14.2257,16647400,84400,228300,0,1400,0
walking,0,16.8823,16.6647,1.9231,10310,544,818319224543,2.4486,1.1119,14.2008,16875100,79400,271700,0,1300,0
walking,0,16.6563,16.6751,1.9354,10310,543,818319391190,2.6197,0.9741,14.0375,16630300,72700,261200,0,1100,0
walking,0,16.6671,16.6662,2.2774,10310,544,818319557941,2.3189,1.2470,14.3286,16651400,79900,208000,0,1600,0
walking,0,16.6627,16.8915,2.0367,16702,542,818319724603,2.1697,1.2714,14.7055,16643000,91700,532000,0,1400,0
walking,0,16.6685,16.6456,2.3173,10310,536,818319893518,2.3277,0.9818,14.3029,16665000,68100,270600,0,1100,0
walking,0,16.6716,16.6667,1.9948,10310,541,818320059974,2.0800,0.9975,14.5715,16659100,73200,198800,0,1100,0
walking,0,16.6655,16.6557,2.0419,10310,537,818320226641,2.4802,0.8843,14.1629,16649200,95800,318400,0,1900,0
walking,0,16.6664,16.6765,2.1504,10310,532,818320393198,2.2425,0.9643,14.4226,16648200,99700,331400,0,2100,0
walking,0,16.6675,16.6739,2.1187,16702,535,818320559963,1.9955,1.2743,14.6638,16648100,92200,634400,0,1500,0
walking,0,16.6647,16.6650,2.3071,10310,533,818320726702,3.3944,1.3134,13.2549,16648600,103700,202700,0,1500,0
walking,0,16.6698,16.6655,2.0019,10310,535,818320893352,2.7429,1.5225,13.9056,16658500,76100,220500,0,1000,0
walking,0,16.6690,16.6643,2.0705,10310,535,818321060007,2.9156,0.9327,13.7327,16649000,156900,290200,0,2000,0
walking,0,16.6629,16.6624,2.3880,10310,535,818321226650,2.7167,0.9136,13.9319,16639700,95700,262500,0,1800,0
walking,0,16.6646,16.6761,2.0029,16702,535,818321393274,2.3645,1.3019,14.2942,16649100,80300,488600,0,1100,0
walking,0,16.6679,16.6708,2.5907,10310,533,818321560035,2.9848,0.9545,13.6645,16656500,72700,201000,0,1300,0
walking,0,16.6678,16.6567,2.2047,10310,535,818321726743,2.4867,1.2702,14.1533,16657200,74100,245200,0,1400,0
walking,0,16.6677,16.6622,2.1760,10310,503,818321893310,2.1287,0.8561,14.5205,16651900,75600,199900,0,1300,0
walking,0,16.6653,16.6687,2.1361,10310,501,818322059932,2.0567,1.3734,14.6000,16648300,77200,223600,0,1300,0
walking,0,16.6664,16.6714,2.1156,16702,503,818322226619,2.2113,0.8554,14.4460,16650500,80100,471000,0,1300,0
walking,0,16.6685,16.6662,2.5016,10310,502,818322393333,2.0237,0.8515,14.6283,16658700,71200,211700,0,1000,0
walking,0,16.6669,16.6640,2.1914,10310,498,818322559995,1.9934,1.1939,14.6548,16651400,76700,226500,0,1500,0
walking,0,16.6650,16.6638,2.1094,10310,503,818322726635,1.9528,0.7310,14.6978,16648700,82700,236100,0,1300,0
walking,0,16.6675,16.6717,2.3747,10310,503,818322893273,2.1861,0.8192,14.4728,16658300,76800,245000,0,1000,0
walking,0,16.6694,16.6680,2.1402,16702,503,818323059990,2.2703,0.9018,14.3812,16656600,75800,422700,0,1200,0
walking,0,16.6665,16.6602,2.4166,10310,502,818323226670,2.3851,1.2609,14.2636,16650700,92300,276900,0,1300,0
walking,0,16.6674,16.6707,2.1279,10310,503,818323393272,2.0108,1.1920,14.6476,16652400,85500,207000,0,1000,0
walking,0,16.6680,16.6703,2.1053,10310,502,818323559979,2.0987,0.8800,14.5581,16654600,160400,216800,0,1700,0
walking,0,16.6661,16.6666,2.5487,10310,503,818323726682,2.1783,0.7989,14.4725,16646200,82800,214000,0,1400,0
walking,0,16.6645,16.6684,2.1801,16702,498,818323893348,1.8789,0.7782,14.7736,16648600,74800,642200,0,1300,0
walking,0,16.6671,16.6712,2.4207,10310,498,818324060032,2.0749,0.8010,14.5797,16653300,76100,256500,0,1100,0
walking,0,16.6688,16.6629,2.0746,10310,498,818324226744,2.0461,1.2489,14.6001,16656400,80400,257300,0,1100,0
walking,0,16.7338,16.6625,2.1903,10234,498,818324393373,2.7693,0.9063,13.8794,16720500,81900,222000,0,1200,0
walking,0,16.6521,16.6668,2.3480,10234,492,818324559998,2.1350,1.0455,14.5183,16631900,66600,247200,0,1300,0
walking,0,16.6702,16.6706,2.1002,16626,498,818324726666,1.7755,0.9764,14.8810,16656600,73900,629700,0,1300,0
walking,0,16.7445,16.7374,2.3255,10234,500,818324893372,2.3508,1.4489,14.3699,16724800,103700,392000,0,1800,0
walking,0,16.6562,16.6492,2.2047,10234,490,818325060746,2.0023,1.5880,14.6299,16639700,74600,240400,0,1800,0
walking,0,16.6692,16.6721,2.1381,10234,491,818325227238,2.3745,1.1908,14.2821,16655600,93600,325800,0,1600,0
walking,0,16.6990,16.7426,2.3409,10234,487,818325393959,2.5053,1.0146,14.2195,16678500,74600,254600,0,1500,0
walking,0,16.6627,16.6562,2.1176,16626,491,818325561385,2.2622,0.9472,14.3776,16646600,132100,514400,0,1600,0
walking,0,16.8484,16.6723,2.4125,10234,491,818325727947,2.7517,1.1356,13.9039,16833700,74200,306000,0,1200,0
walking,0,16.6575,16.6971,2.1371,10234,487,818325894670,2.3257,1.2962,14.3531,16639300,68600,284200,0,1400,0
walking,0,16.6673,16.6600,2.0316,10234,491,818326061641,2.8503,1.0476,13.7964,16655200,68700,278200,0,1300,0
walking,0,16.8465,16.8477,2.0152,10234,481,818326228241,2.2624,0.9462,14.5714,16837900,70500,228100,0,1300,0
walking,0,16.7520,16.6539,2.1084,16626,472,818326396718,2.1918,1.2026,14.4476,16739700,73600,648700,0,1200,0
walking,0,16.6566,16.6665,2.3357,10234,472,818326563257,2.0244,0.9404,14.6308,16638600,86100,251200,0,1400,0
walking,0,16.6654,16.8515,2.0470,10234,471,818326729922,2.0043,0.9366,14.8336,16649400,92000,377300,0,1100,0
walking,0,16.8591,16.7567,2.2589,10234,473,818326898437,2.5043,1.3108,14.2355,16847900,78500,256500,0,1400,0
walking,0,16.6649,16.6535,2.1043,10234,473,818327066004,2.2702,1.7523,14.3686,16646300,74700,280300,0,1200,0
walking,0,16.6701,16.6629,1.9610,16626,347,818327232539,2.2141,1.1844,14.4355,16659500,78100,615200,0,1400,0
walking,0,16.6684,16.8613,2.5600,10234,342,818327399168,2.1803,1.0122,14.6676,16655500,87800,270700,0,1600,0
walking,0,16.6677,16.6623,2.2764,10234,343,818327567781,2.0866,1.6715,14.5597,16651500,82500,324000,0,1700,0
walking,0,16.6655,16.6734,2.4187,10234,339,818327734404,2.4036,0.9175,14.2561,16645000,93200,415400,0,1600,0
walking,0,16.6649,16.6721,2.3849,10234,333,818327901138,2.0405,1.4970,14.6153,16647800,82600,400000,0,1500,0
walking,0,16.6681,16.6695,2.3409,26466,335,818328067859,2.6314,1.0339,14.0203,16652500,83800,544500,0,1500,0
walking,0,16.6680,16.6619,2.5190,10234,310,818328234554,2.9255,1.5976,13.7197,16652400,81000,280900,0,1300,0
walking,0,16.6657,16.6640,2.3480,10234,310,818328401173,2.4290,1.2204,14.2189,16648400,93100,278200,0,1500,0
walking,0,16.6656,16.6682,2.5313,10234,309,818328567813,2.7998,1.0919,13.8530,16648300,75700,271600,0,1400,0
walking,0,16.6663,16.6689,2.2651,10234,310,818328734495,2.3225,1.0526,14.3301,16648000,72200,257200,0,1200,0
walking,0,16.6663,16.6643,2.1873,16626,310,818328901184,2.4452,1.2861,14.2033,16652500,71900,432800,0,1100,0
walking,0,16.6677,16.6651,2.6040,10234,307,818329067827,2.2129,1.1896,14.4356,16655900,74900,228500,0,1000,0
walking,0,16.6676,16.6632,2.3214,10234,307,818329234478,1.9599,1.6181,14.6882,16650500,81500,255100,0,1200,0
walking,0,16.6663,16.6661,2.6819,10234,307,818329401110,2.0527,1.3585,14.6000,16651300,88900,315500,0,1600,0
activity,3,16.6677,16.6712,2.3808,20974,307,818329567771,1.8879,1.0974,14.7681,16653600,255700,236400,0,1400,0
activity,0,16.6670,16.6656,2.4320,16690,301,818329734483,2.1423,0.9958,14.5084,16653900,78000,505100,0,1400,0
activity,0,16.6657,16.6671,2.7791,10274,301,818329901139,1.9319,1.5770,14.7194,16647700,65500,206300,0,1300,0
activity,0,16.6660,16.6671,1.8452,10274,300,818330067810,2.5050,0.8495,14.1488,16660300,62700,259500,0,1300,0
activity,0,16.6685,16.6695,1.9128,10274,300,818330234481,2.1257,0.9357,14.5284,16647000,81300,241000,0,900,0
activity,0,16.6664,16.6617,1.8156,10274,300,818330401176,1.6522,0.7524,14.9956,16650800,75000,283600,0,1300,0
activity,0,16.6679,16.6735,1.8708,16666,301,818330567793,1.8953,0.6577,14.7653,16654500,76400,606600,0,1200,0
activity,0,16.6777,16.6616,2.1248,10274,300,818330734528,1.7723,1.3534,14.8747,16658400,64200,201800,0,1000,0
activity,0,16.6678,16.6665,1.8616,10274,299,818330901144,1.7647,0.9474,14.8864,16654200,67500,222700,0,1100,0
activity,0,16.7049,16.6697,1.8442,10274,300,818331067809,2.1789,0.8475,14.4757,16697300,73300,307000,0,1300,0
activity,0,16.6575,16.6751,1.8954,10274,298,818331234506,1.8710,0.6600,14.7875,16626200,66300,220500,0,1600,0
activity,0,16.6638,16.6714,1.8555,16666,301,818331401257,1.8368,0.7371,14.8174,16639000,81400,487800,0,1300,0
activity,0,16.7647,16.7185,2.1985,10274,301,818331567971,1.8844,0.6267,14.8133,16752200,69400,233400,0,1200,0
activity,0,16.6625,16.6506,2.3491,10274,300,818331735156,1.7120,0.7463,14.9143,16637100,77900,325300,0,1700,0
activity,0,16.6680,16.6561,2.1586,10274,301,818331901662,1.8700,1.1274,14.7690,16662600,67800,270700,0,1600,0
activity,0,16.6785,16.7691,1.8043,10274,300,818332068223,1.6395,1.3781,15.1134,16659300,60300,269400,0,1300,0
activity,0,16.6967,16.6531,1.8309,16666,301,818332235914,2.2130,0.7577,14.4241,16690300,65200,455800,0,1200,0
activity,0,16.6574,16.6743,2.1801,10274,301,818332402445,1.7622,0.9702,14.9004,16634600,65200,204700,0,1100,0
activity,0,16.6675,16.6754,1.9364,10274,299,818332569188,1.6115,0.8173,15.0479,16652500,68500,450100,0,1100,0
activity,0,16.6648,16.7054,1.8412,10274,301,818332735942,1.9070,0.5771,14.7834,16635400,68400,211700,0,1200,0
activity,0,16.6933,16.6487,1.8586,10274,300,818332902996,1.7430,0.7723,14.8918,16681700,69000,270200,0,1700,0
activity,0,16.6839,16.6824,1.8391,16666,301,818333069483,2.2186,0.6229,14.4340,16667400,66200,461700,0,1300,0
activity,0,16.6676,16.6488,2.1647,10274,301,818333236307,2.0563,0.9052,14.5792,16651800,61600,219200,0,1000,0
activity,0,16.6680,16.6974,1.8217,10274,300,818333402795,1.9176,0.7600,14.7642,16654100,65900,302300,0,1300,0
activity,0,16.6668,16.6809,1.8657,10274,300,818333569769,1.8022,0.7875,14.8654,16652200,68800,224100,0,1300,0
activity,0,16.6687,16.6667,1.8422,10274,300,818333736578,1.5875,0.8452,15.0644,16654600,69100,219100,0,1300,0
activity,0,16.6669,16.6717,1.8391,16666,301,818333903245,1.7124,0.7236,14.9419,16649200,77700,565400,0,1100,0
activity,0,16.6656,16.6671,2.1627,10274,301,818334069962,1.9592,0.7168,14.6932,16646600,81100,489400,0,1200,0
activity,0,16.6649,16.6706,1.8678,10274,301,818334236633,1.7798,1.0169,14.8749,16647100,69000,285000,0,1200,0
activity,0,16.6658,16.6677,1.9200,10274,299,818334403339,2.1815,0.9009,14.4679,16650300,75500,252700,0,1200,0
activity,0,16.6693,16.6640,1.8237,10274,301,818334570016,2.2647,0.6920,14.3821,16659000,64600,391600,889200,1100,0
activity,0,16.8196,16.6614,1.8299,16666,299,818334736656,1.7114,1.0282,14.9359,16802200,69500,664600,0,1200,0
activity,0,16.6680,16.6639,2.1514,10274,299,818334903270,1.7499,0.7970,14.9004,16655100,71200,220400,0,1100,0
activity,0,16.6647,16.6736,1.8289,10274,301,818335069909,1.8757,0.7959,14.7834,16646300,66900,212500,0,1200,0
activity,0,16.6682,16.8164,2.5733,10274,301,818335236645,2.0541,0.6906,14.7480,16656500,75100,221300,0,1200,0
activity,0,16.6688,16.6717,1.9169,10274,301,818335404809,1.7850,0.6997,14.8701,16654200,65900,231700,0,1100,0
activity,0,16.6649,16.6593,1.9261,16666,301,818335571526,2.0057,1.0140,14.6407,16649700,74500,521800,0,1500,0
activity,0,16.6668,16.6707,2.1535,10274,301,818335738119,1.9633,0.6264,14.6932,16649700,61200,204000,0,1100,0
activity,0,16.6710,16.6679,1.8340,10274,300,818335904826,1.8546,0.8055,14.7997,16662200,73500,225600,0,1300,0
activity,0,16.6635,16.6653,1.8463,10274,299,818336071505,2.2486,0.6745,14.4012,16642200,82700,229900,0,1400,0
activity,0,16.6717,16.6644,1.9169,10274,301,818336238158,1.9752,0.9523,14.6747,16655700,70800,273300,0,1500,0
activity,0,16.6690,16.6804,1.9046,16666,299,818336404802,2.0395,0.9702,14.6229,16655800,80900,531700,0,1500,0
activity,0,16.6713,16.6578,2.1688,10274,301,818336571606,1.9223,0.7864,14.7201,16655800,69500,210700,0,1200,0
activity,0,16.6608,16.6706,1.9272,10274,301,818336738184,1.8960,0.8799,14.7597,16638900,67300,250300,0,1400,0
activity,0,16.6681,16.6697,1.9456,10274,301,818336904890,2.1154,0.7420,14.5404,16658100,60800,203200,0,1100,0
activity,0,16.6663,16.6763,1.8903,10274,301,818337071587,1.7697,0.9208,14.8862,16652400,80300,328200,0,1400,0
activity,0,16.6673,16.6512,1.9108,16666,301,818337238350,1.8623,0.6412,14.7765,16653100,78200,463800,0,2500,0
activity,0,16.6692,16.6729,2.1514,10274,298,818337404862,1.6257,1.0095,15.0324,16658000,69100,218600,0,1100,0
activity,0,16.6659,16.6650,2.2354,10274,301,818337571591,2.0536,0.8570,14.5988,16645600,71600,224200,0,2100,0
activity,0,16.6649,16.6674,1.8668,10274,300,818337738241,2.2574,0.8623,14.3959,16649600,64800,215000,0,1500,0
activity,0,16.6715,16.6744,1.9384,10274,300,818337904915,1.6128,0.6424,15.0454,16664400,66100,221000,0,1100,0
activity,0,16.6643,16.6614,1.9261,16666,301,818338071659,1.7093,0.8738,14.9365,16644100,84900,458300,0,1600,0
activity,0,16.6646,16.6613,2.1801,10274,299,818338238273,1.8050,0.7060,14.8447,16645800,69600,228300,0,1300,0
activity,0,16.6719,16.6804,1.8749,10274,301,818338404886,1.8070,0.8122,14.8576,16661900,67500,209400,0,1100,0
activity,0,16.6666,16.6605,2.1617,10274,301,818338571690,2.3001,0.6856,14.3442,16649400,76400,317100,0,1900,0
activity,0,16.6624,16.6606,1.8862,10274,301,818338738295,2.0468,0.6642,14.5990,16642800,74700,239700,0,1700,0
activity,0,16.6678,16.6786,1.9425,16666,298,818338904901,1.8198,1.3792,14.8423,16654000,69400,673600,0,1200,0
activity,0,16.6842,16.6663,1.9036,10274,300,818339071687,2.2753,0.8370,14.3742,16702400,65100,232900,0,1300,0
activity,0,16.6563,16.6584,1.9313,10274,301,818339238350,2.4212,0.9468,14.2217,16605400,82600,309000,0,1400,0
activity,0,16.6637,16.6681,1.9087,10274,301,818339404934,2.0907,0.7970,14.5634,16640400,70000,263300,0,1300,0
activity,4,16.7117,16.7235,1.9476,134316,301,818339571615,1.8212,0.7886,14.8815,16701700,1820300,6015800,0,1700,0
activity,0,16.6645,16.6252,1.9026,19588,311,818339738850,1.8999,1.0398,14.7056,16640600,75600,554700,0,1600,0
activity,0,16.6661,16.6550,2.1473,13196,310,818339905102,1.5948,2.0792,15.0457,16648500,68500,402300,0,1300,0
activity,0,16.6856,16.7209,1.9128,13196,310,818340071652,6.9529,0.8179,9.7490,16671600,71500,273300,0,1200,0
activity,0,16.6522,16.6574,1.9569,13196,311,818340238861,1.9146,0.8022,14.7262,16635800,68200,327100,0,1200,0
activity,0,16.6727,16.6653,1.9261,29476,311,818340405435,2.0870,0.6449,14.5616,16663200,61900,1024400,0,1100,0
activity,0,16.6676,16.6879,1.9333,19588,311,818340572088,1.8925,1.4699,14.7793,16650600,111800,822100,0,1700,0
activity,0,16.6616,16.6484,2.1678,13196,311,818340738967,1.8183,1.2804,14.8176,16643100,176400,327100,0,1600,0
activity,0,16.6700,16.6794,1.9558,13196,311,818340905451,2.2416,0.8491,14.4217,16650800,64500,280100,0,1300,0
activity,0,16.6656,16.6703,2.2129,13196,311,818341072245,2.6089,1.0456,14.0418,16647800,66900,268000,0,1300,0
activity,0,16.6683,16.6583,1.9333,29476,310,818341238948,2.3501,0.9341,14.2931,16655200,63400,1331400,0,1000,0
activity,0,16.6657,16.6646,1.8350,19588,307,818341405531,1.8487,0.8695,14.8022,16649000,75700,598200,0,1300,0
activity,0,16.6686,16.6645,1.8545,13196,308,818341572177,1.6866,0.9492,14.9614,16654800,67000,264200,0,1100,0
activity,0,16.6733,16.6714,1.8852,13196,310,818341738822,2.1838,0.7391,14.4716,16657300,67900,279700,0,1300,0
activity,0,16.6653,16.6629,2.6348,13196,311,818341905536,1.8948,0.6917,14.7544,16648900,74300,310300,0,1200,0
activity,0,16.6729,16.6697,1.9241,29476,311,818342072165,1.7040,0.9309,14.9510,16670900,60800,779500,0,1100,0
activity,0,16.6794,16.6725,1.8534,19588,311,818342238862,1.6644,1.0152,14.9930,16659500,103600,889200,0,2100,0
activity,0,16.6522,16.6602,2.1494,13196,311,818342405587,1.8058,0.9394,14.8431,16629100,95200,413300,0,2000,0
activity,0,16.6671,16.6867,1.8391,13196,309,818342572189,1.9584,1.2978,14.7128,16651100,78000,325400,0,1400,0
activity,0,16.6651,16.6792,2.1217,13196,311,818342739056,3.1994,1.0636,13.4604,16648400,70500,268100,0,1400,0
activity,0,16.6652,16.6462,1.8422,29476,311,818342905848,2.6171,0.7524,14.0119,16649800,62700,925300,0,1100,0
activity,4,16.6684,16.6658,1.8801,40972,311,818343072310,2.4294,1.0399,14.2218,16659300,796500,1041300,0,1100,0
activity,0,16.6704,16.6618,2.1955,13070,311,818343238968,1.8638,1.1503,14.7846,16658800,70500,286000,0,1000,0
activity,0,16.6696,16.6621,1.8985,13070,311,818343405586,2.1870,1.2736,14.4627,16657900,66200,286100,0,1400,0
activity,0,16.6622,16.6729,2.1780,13070,310,818343572207,2.9758,0.8841,13.6836,16633200,98900,477700,0,1600,0
activity,0,16.6692,16.6717,1.9272,29350,311,818343738936,1.8522,1.0312,14.8068,16652500,89100,1383000,0,2000,0
activity,0,16.6642,16.6789,1.8422,19462,311,818343905653,1.7526,1.6792,14.9055,16646800,69200,510900,0,1200,0
activity,0,16.6663,16.6560,2.0982,13070,309,818344072442,2.7014,1.0616,13.9318,16652400,66300,282200,0,1100,0
activity,0,16.6707,16.6685,1.8514,13070,310,818344239002,2.5893,0.7720,14.0634,16657700,68800,337200,0,1200,0
activity,0,16.7997,16.6604,2.1576,13070,311,818344405687,1.9924,0.9252,14.6545,16778200,81100,298100,0,1500,0
activity,0,16.6677,16.6681,1.8452,29350,311,818344572291,1.7918,0.7679,14.8609,16652400,66400,1306500,0,1400,0
activity,0,16.6674,16.6749,1.7940,19462,310,818344738972,1.9215,0.7525,14.7364,16649800,69900,621600,0,1200,0
activity,0,16.6699,16.7937,2.1668,13070,311,818344905721,1.8811,0.7406,14.8974,16656200,67200,334100,0,1300,0
activity,0,16.6639,16.6694,1.9220,13070,311,818345073658,2.2299,0.7573,14.4227,16643300,72400,308400,0,1400,0
activity,0,16.6786,16.6652,2.1699,13070,311,818345240352,2.2043,1.1335,14.4455,16678800,76000,262900,0,1200,0
activity,0,16.6580,16.6753,1.8053,29350,310,818345407004,1.7989,1.0043,14.8574,16630700,59800,1192800,0,900,0
activity,0,16.6676,16.6605,1.8422,19462,311,818345573757,1.8198,0.8913,14.8237,16649600,73700,669500,0,1700,0
activity,0,16.6631,16.6927,2.1453,13070,311,818345740362,1.6794,0.8467,14.9995,16645100,74900,301100,0,1600,0
activity,0,16.6673,16.6461,1.8678,13070,311,818345907289,2.0573,1.6823,14.5736,16651800,79800,393100,0,1400,0
activity,0,16.6666,16.6686,2.1289,13070,311,818346073750,2.0170,0.9165,14.6329,16649900,71000,315400,0,1200,0
activity,0,16.7130,16.6603,1.8596,29350,311,818346240436,1.7327,0.9581,14.9124,16702900,66800,879700,0,1000,0
activity,0,16.6668,16.6653,1.9108,19462,310,818346407039,2.1717,1.0614,14.4802,16650400,65900,507600,0,1200,0
activity,4,16.6781,16.6646,2.1770,30566,310,818346573692,1.6062,1.1793,15.0437,16667100,1079800,883300,0,1900,0
activity,0,16.6571,16.7165,1.8053,13116,316,818346740338,2.1475,0.8349,14.5556,16642200,73600,272600,0,1300,0
activity,0,16.6649,16.6645,2.4156,13116,316,818346907503,1.7399,0.9899,14.9106,16646400,68900,337200,0,1400,0
activity,0,16.6687,16.6814,1.8289,29396,316,818347074148,3.1943,0.7500,13.4730,16660700,64700,1450000,0,1300,0
activity,0,16.6669,16.6555,1.8514,19508,315,818347240962,1.8325,1.0639,14.8099,16650900,71500,691800,0,1100,0
activity,0,16.7520,16.6589,1.8012,13116,315,818347407517,1.6910,0.8034,14.9555,16751000,67900,274900,0,1300,0
activity,0,16.6556,16.6749,1.8125,13116,315,818347574106,2.3078,0.7930,14.3531,16625500,64800,297100,0,1500,0
activity,0,16.6673,16.6649,2.1801,13116,316,818347740855,2.2050,0.6325,14.4460,16652800,73800,274800,0,1400,0
activity,0,16.6654,16.7666,1.8268,29396,316,818347907504,1.8648,0.9068,14.8863,16649300,75100,1067500,0,1200,0
activity,0,16.6654,16.6417,1.7736,19508,316,818348075170,2.0823,1.0522,14.5433,16648000,80100,632400,0,1300,0
activity,0,16.6696,16.6687,1.8412,13116,315,818348241587,1.8569,1.6191,14.7960,16658500,66300,273300,670500,1200,0
activity,0,16.6666,16.6675,1.8913,13116,315,818348408274,2.5334,0.9784,14.1160,16650300,70600,405200,0,1400,0
activity,0,16.7687,16.6613,1.8278,13116,316,818348574949,1.9672,0.5947,14.6808,16756100,66900,275500,0,1200,0
activity,0,16.6567,16.6720,1.8237,29396,314,818348741562,1.7411,0.8154,14.9175,16635500,73700,1217100,0,1500,0
activity,0,16.6687,16.6644,1.8708,19508,316,818348908282,2.1435,0.8221,14.5067,16654900,71700,935900,0,1300,0
activity,0,16.6720,16.7739,1.8104,13116,315,818349074926,1.9439,1.3068,14.8124,16653900,77800,544600,0,1200,0
activity,0,16.6619,16.6528,1.9610,13116,315,818349242665,3.0280,0.9064,13.6076,16644300,73300,307700,0,1700,0
activity,0,16.6671,16.6735,2.2282,13116,316,818349409193,2.6989,0.8091,13.9561,16654700,86100,288300,0,1500,0
activity,0,16.6664,16.6707,1.9313,29396,316,818349575928,2.3379,0.8234,14.3160,16648400,76100,1443000,0,1300,0
activity,0,16.6669,16.6595,1.8893,19508,315,818349742635,2.2034,0.6341,14.4409,16653500,77500,556500,0,1400,0
activity,0,16.6656,16.6706,1.9415,13116,316,818349909230,1.9135,0.9715,14.7413,16648900,77600,329800,0,1400,0
activity,4,16.6659,16.6629,1.8903,28550,316,818350075936,2.8343,1.6462,13.8142,16649600,124100,819000,0,1600,0
activity,0,16.6692,16.6688,2.2374,13086,321,818350242565,2.2222,0.7393,14.4314,16656200,70100,286400,0,1100,0
activity,0,16.6662,16.6633,1.9497,29366,320,818350409253,2.1464,1.1359,14.5027,16658000,71000,900400,0,1600,0
activity,0,16.7802,16.6641,1.8975,19478,320,818350575886,2.5193,0.6814,14.1303,16757900,76000,511900,0,1200,0
activity,0,16.6677,16.6706,1.9016,13086,321,818350742527,1.9504,1.1229,14.7060,16654000,69600,279300,0,1900,0
activity,0,16.6681,16.6733,1.9354,13086,321,818350909233,2.3016,0.7599,14.3565,16654000,69600,303400,0,1500,0
activity,0,16.6637,16.7731,2.1545,13086,321,818351075966,2.0675,0.7165,14.6905,16642500,79700,296200,0,1400,0
activity,0,16.6670,16.6689,1.9343,29366,321,818351243697,2.4302,0.8834,14.2239,16649900,94300,1337700,0,1300,0
activity,0,16.6769,16.6732,1.9395,19478,321,818351410386,2.2651,0.7040,14.3893,16675300,71000,499100,0,1500,0
activity,0,16.6588,16.6578,1.9272,13086,320,818351577118,2.2177,0.9350,14.4248,16635900,64400,371700,0,1100,0
activity,0,16.6652,16.6665,1.9057,13086,321,818351743696,2.3222,0.8892,14.3278,16648100,140300,261200,0,1300,0
activity,0,16.6663,16.6881,2.2149,13086,320,818351910361,1.9162,0.5963,14.7592,16651700,68400,279300,0,1200,0
activity,0,16.6679,16.6510,1.8852,29366,320,818352077242,1.7956,0.7103,14.8404,16658200,69800,1322000,0,1200,0
activity,0,16.6660,16.6607,1.9476,19478,320,818352243752,1.9920,0.8586,14.6561,16652100,76200,494500,0,1100,0
activity,0,16.6663,16.6642,1.9323,13086,321,818352410359,1.6590,0.8979,14.9929,16653900,69100,287100,0,1400,0
activity,0,16.6683,16.6702,1.9108,13086,321,818352577001,2.6069,0.8530,14.0514,16656800,70400,302700,0,1100,0
activity,0,16.6799,16.6642,2.1391,13086,321,818352743703,1.8297,0.6287,14.8224,16663700,66900,288900,0,1000,0
activity,0,16.9308,16.6662,1.9323,29366,320,818352910345,1.6055,1.0685,15.0485,16925600,68200,834300,0,1100,0
activity,0,16.6538,16.6717,1.9651,19478,320,818353077007,1.7496,0.7600,14.9073,16629800,65300,514600,0,1100,0
activity,0,16.7918,16.6786,1.9057,13086,320,818353243724,1.6677,1.0469,14.9961,16776200,64500,282000,0,1000,0
activity,0,16.6689,16.9409,1.8975,13086,321,818353410510,2.2558,0.6815,14.6697,16657500,65300,253700,0,1000,0
activity,4,16.6660,16.6428,2.2088,53582,320,818353579919,1.8051,0.8708,14.8247,16652600,1150600,1872800,0,1300,0
activity,0,16.6661,16.7906,1.9169,30068,322,818353746347,1.5934,0.5877,15.1829,16649300,69500,1059400,0,1100,0
activity,0,16.6659,16.6724,2.1750,20180,322,818353914253,1.5926,1.2263,15.0651,16647700,69400,532200,0,1200,0
activity,0,16.6691,16.6677,1.9323,13788,323,818354080977,4.0566,1.1981,12.5960,16659800,61900,256700,0,900,0
activity,0,16.6668,16.6641,1.9026,13788,323,818354247654,2.4821,0.8026,14.1673,16651300,67000,286800,0,1200,0
activity,0,16.6651,16.6606,2.1381,13788,323,818354414295,2.0047,0.6940,14.6430,16651100,77500,273300,0,1300,0
activity,0,16.6730,16.6743,1.9118,30068,323,818354580901,1.8956,0.7330,14.7642,16662500,60800,890800,0,1200,0
activity,0,16.6613,16.6672,1.8637,20180,323,818354747644,1.7951,0.9009,14.8562,16628200,63200,629400,0,1100,0
activity,0,16.6675,16.6650,1.8504,13788,323,818354914316,1.8266,1.1053,14.8245,16655100,69800,282200,0,1200,0
activity,0,16.6675,16.6812,1.8811,13788,322,818355080966,2.4596,1.2770,14.2032,16651500,69400,276700,0,1100,0
activity,0,16.6664,16.6507,2.1524,13788,321,818355247778,2.0349,0.9861,14.5933,16653500,64500,330700,0,1100,0
activity,0,16.6693,16.6700,1.8115,30068,323,818355414285,1.8682,0.6226,14.7871,16656900,75400,1257200,0,1400,0
activity,0,16.6667,16.6657,1.8278,20180,323,818355580985,1.9222,0.6913,14.7295,16654100,68200,681600,0,1300,0
activity,0,16.6675,16.6668,1.8964,13788,323,818355747642,1.8798,1.1013,14.7738,16647100,73300,308900,0,1600,0
activity,0,16.6640,16.6708,1.8596,13788,323,818355914310,2.3016,0.8138,14.3555,16645700,69700,421000,0,1300,0
activity,0,16.6661,16.6706,2.1391,13788,323,818356081018,1.9514,0.7936,14.7028,16652200,65400,267000,0,1200,0
activity,0,16.7589,16.6640,1.8442,30068,315,818356247724,1.9345,1.1383,14.7127,16750700,60700,1222500,0,1000,0
activity,0,16.6641,16.6604,1.8872,20180,323,818356414364,1.8688,0.6452,14.7769,16645200,68900,603800,0,1300,0
activity,0,16.6655,16.6641,1.8606,13788,322,818356580968,1.8583,0.9226,14.7939,16649900,77900,269600,0,1400,0
activity,0,16.6694,16.7666,1.8514,13788,322,818356747609,2.1365,0.9403,14.6144,16657600,69400,275300,0,1300,0
activity,0,16.6652,16.6611,2.1883,13788,323,818356915275,1.8014,0.8084,14.8440,16643900,80000,299100,0,1800,0
activity,4,16.6851,16.6645,1.8422,205598,323,818357081886,1.8954,0.6465,14.7547,16672300,815000,4995800,0,1300,0
activity,0,16.6663,16.6725,1.8412,19008,319,818357248531,1.8291,0.9583,14.8286,16651800,69000,456000,0,1300,0
activity,0,16.6672,16.6602,1.9579,19008,318,818357415256,2.2904,1.6885,14.3536,16651900,78600,297000,0,1100,0
activity,0,16.7165,16.6870,1.9988,19008,319,818357581858,5.4600,0.8170,11.2123,16701700,66800,542000,0,1100,0
activity,0,16.7043,16.6669,2.1801,19008,319,818357748728,1.8962,0.9083,14.7556,16685700,68600,308800,0,1100,0
activity,0,16.6674,16.6664,1.8668,64718,319,818357915397,1.7183,1.5916,14.9336,16653600,64900,2372200,0,1000,0
activity,0,16.7076,16.7180,1.8371,18982,319,818358082061,1.9098,0.8323,14.7919,16694800,64300,397500,0,1200,0
activity,0,16.6680,16.7000,1.8616,18982,319,818358249241,1.8653,1.3508,14.8204,16653600,74200,320400,0,1200,0
activity,0,16.6654,16.6681,1.9282,18982,319,818358416241,2.8994,1.3750,13.7543,16647600,71600,317200,0,1400,0
activity,0,16.6670,16.7097,2.1955,18982,319,818358582922,1.6527,0.7259,15.0421,16650800,68100,319500,0,1200,0
activity,0,16.6687,16.6706,1.8350,64718,319,818358750019,1.8868,0.7829,14.7669,16653900,67500,4578500,791000,1600,0
activity,0,16.6653,16.6637,1.8575,18982,318,818358916725,1.7954,0.8856,14.8522,16646100,71500,411400,0,1400,0
activity,0,16.6677,16.6673,1.8924,18982,317,818359083362,1.9718,1.2504,14.6792,16650200,71900,344700,0,1400,0
activity,0,16.6676,16.6706,1.8555,18982,319,818359250035,4.3200,0.7972,12.3341,16654700,65800,349900,0,1200,0
activity,0,16.7826,16.6645,2.1780,18982,319,818359416741,1.8937,0.7050,14.7525,16848900,105600,416600,0,1000,0
activity,0,16.5586,16.6655,1.8606,64718,317,818359583386,1.9165,0.8355,14.7338,16461800,93400,2434300,0,1600,0
activity,0,16.6661,16.6717,1.8586,18982,319,818359750041,1.8772,0.8024,14.7777,16649200,66500,360900,0,1200,0
activity,0,16.6689,16.8666,1.8678,18982,319,818359916758,2.3146,1.4176,14.5344,16655900,73600,383500,0,1200,0
activity,0,16.7731,16.4737,1.8534,18982,319,818360085424,3.0472,0.6725,13.4148,16756200,67100,319500,0,1600,0
activity,0,16.7563,16.6620,2.1770,18982,319,818360250161,1.8003,0.7311,14.8490,16740000,68000,546100,0,1600,0
activity,0,16.6692,16.6705,1.8545,64718,319,818360416781,2.1949,0.6590,14.4610,16667300,76900,2367600,0,1500,0
activity,4,16.6620,16.7728,2.1862,24910,315,818360583486,1.9485,0.7709,14.8078,16645000,100400,672000,0,1600,0
activity,0,16.6642,16.7555,2.5805,18902,324,818360751214,2.2719,1.2492,14.4682,16636000,73900,416600,0,1500,0
activity,0,16.6689,16.6822,1.8790,18902,323,818360918769,3.2074,0.7783,13.4600,16653300,71600,612100,0,1300,0
activity,0,16.6648,16.6619,2.1555,18902,323,818361085591,2.3198,0.7934,14.3255,16651200,67500,358000,0,1400,0
activity,0,16.6671,16.6537,1.8729,64638,324,818361252210,2.4663,0.7384,14.1698,16652200,70300,2508800,0,1500,0
activity,0,16.6667,16.6675,2.1565,18902,324,818361418747,2.3404,1.2613,14.3131,16651200,68900,379000,0,1200,0
activity,0,16.6678,16.6664,1.8452,18902,324,818361585422,1.8289,1.1871,14.8223,16655700,70700,379500,0,1200,0
activity,0,16.6663,16.6654,1.8412,18902,320,818361752086,3.3649,1.0520,13.2874,16653000,66400,344600,0,1000,0
activity,0,16.6692,16.6664,2.1893,18902,324,818361918740,1.8284,0.7835,14.8229,16656600,70100,326500,0,1400,0
activity,0,16.6653,16.6690,1.8299,64638,323,818362085404,2.1103,0.6820,14.5454,16646500,80700,2461800,0,2300,0
activity,0,16.7084,16.6663,1.8504,18902,324,818362252094,1.9174,0.6969,14.7358,16690700,63000,389800,0,1200,0
activity,0,16.6699,16.6719,1.8473,18902,323,818362418757,1.9200,1.0560,14.7368,16662500,68200,309000,0,1100,0
activity,0,16.7054,16.6613,1.8493,18902,321,818362585476,3.5834,0.7301,13.0632,16696300,82400,362000,0,1500,0
activity,0,16.6559,16.7048,2.1125,18902,320,818362752089,2.0834,0.6261,14.6073,16636100,69400,341900,0,1100,0
activity,0,16.6664,16.6747,1.8463,64638,323,818362919137,1.6494,0.7163,15.0132,16652100,70200,2880200,0,1400,0
activity,0,16.6679,16.7104,1.9282,18902,323,818363085884,2.0049,0.6842,14.6914,16653000,66700,325200,0,1500,0
activity,0,16.6681,16.6496,1.8545,18902,322,818363252988,1.8867,1.4239,14.7495,16657300,66100,554800,0,1000,0
activity,0,16.6692,16.6659,1.8872,18902,323,818363419484,3.5686,0.6630,13.0836,16657000,65600,361400,0,1000,0
activity,0,16.6681,16.6659,2.1688,18902,324,818363586143,1.8457,0.7378,14.8073,16649800,73200,351700,0,1400,0
activity,0,16.6653,16.6709,1.9425,64638,323,818363752802,2.1402,0.6970,14.5172,16646000,181700,2829500,0,1400,0
activity,0,16.6677,16.6728,2.2548,18902,323,818363919511,1.7293,0.7244,14.9278,16651100,71500,377300,0,1400,0
activity,4,16.6677,16.6685,1.8872,24880,322,818364086239,2.4386,1.1675,14.2112,16650100,119000,805300,0,1300,0
activity,0,16.6655,16.6641,1.9497,18872,329,818364252924,3.9308,0.7270,12.7152,16647500,75100,459500,0,1400,0
activity,0,16.6666,16.6692,1.9354,18872,329,818364419565,2.1622,0.8366,14.4891,16652200,78800,396200,0,1300,0
activity,0,16.7080,16.6674,1.9569,64608,329,818364586257,2.3319,0.7281,14.3182,16689800,72700,2833200,0,1200,0
activity,0,16.6654,16.6632,2.1688,18872,328,818364752931,2.0537,1.1369,14.5940,16648700,68300,325900,0,1200,0
activity,0,16.6696,16.6689,1.8432,18872,328,818364919563,1.8785,1.0997,14.7738,16663600,65500,377500,0,1300,0
activity,0,16.6667,16.7048,1.9108,18872,329,818365086252,3.5387,0.6201,13.1511,16651200,130300,359100,0,1800,0
activity,0,16.6652,16.6599,2.1709,18872,328,818365253300,1.8650,0.7273,14.7838,16648500,73800,379200,0,1500,0
activity,0,16.9268,16.6778,1.9005,64608,328,818365419899,1.9631,0.7334,14.7006,16933900,83000,2895100,0,1300,0
activity,0,16.6510,16.6652,2.2333,18872,328,818365586677,2.0762,0.8083,14.5750,16603000,67200,431500,0,1300,0
activity,0,16.6659,16.6642,1.9231,18872,329,818365753329,2.1793,1.1793,14.4693,16651400,70000,341000,0,1500,0
activity,0,16.6671,16.9598,1.9538,18872,329,818365919971,3.6449,0.7571,13.2893,16652600,70300,442700,0,1100,0
activity,0,16.6658,16.6189,1.8801,18872,329,818366089569,2.1178,0.6898,14.4853,16650800,76600,522300,0,1400,0
activity,0,16.6660,16.6657,1.8493,64608,328,818366255758,2.3105,0.7864,14.3410,16651500,64100,3241800,0,1000,0
activity,0,16.6702,16.6652,2.3030,18872,329,818366422415,2.1516,0.8038,14.5011,16662700,66400,530200,0,1200,0
activity,0,16.6662,16.6638,1.9466,18872,329,818366589067,2.0914,1.0457,14.5596,16649700,68800,353800,0,1300,0
activity,0,16.6679,16.6637,1.7940,18872,329,818366755705,3.7392,1.0991,12.9123,16655500,71400,515800,0,1200,0
activity,0,16.6666,16.6767,2.1719,18872,329,818366922342,2.0277,0.7331,14.6350,16654100,66700,482300,0,1600,0
activity,0,16.6661,16.6634,1.9190,64608,328,818367089109,2.1436,0.8168,14.5062,16651000,69700,2746300,0,1400,0
activity,0,16.6658,16.6687,2.2733,18872,329,818367255743,2.1051,0.9187,14.5506,16651400,80300,436200,0,1400,0
activity,0,16.6669,16.6676,2.3542,18872,329,818367422430,2.1312,1.0776,14.5230,16655900,66000,1535600,815900,1100,0
activity,4,16.6690,16.6641,1.8729,50332,328,818367589106,3.6406,0.7040,13.0105,16658000,214800,1922100,0,1300,0
activity,0,16.6639,16.6635,1.9026,19638,329,818367755747,2.0913,0.8250,14.5601,16648000,77900,365900,0,1400,0
activity,0,16.6690,16.6685,1.8207,65374,329,818367922382,2.8435,1.0768,13.8125,16659700,64600,2883400,0,1100,0
activity,0,16.6668,16.6710,2.1176,19638,331,818368089067,3.1792,0.6733,13.4788,16652200,68600,398600,0,1200,0
activity,0,16.6689,16.6594,1.9446,19638,330,818368255777,1.8606,1.1410,14.7875,16656700,67800,365100,0,1300,0
activity,0,16.6667,16.6727,1.9231,19638,331,818368422371,3.5312,0.6808,13.1285,16648300,79100,409000,0,1100,0
activity,0,16.6669,16.6657,1.9640,19638,329,818368589098,2.0451,0.7414,14.6072,16652000,64400,454500,0,1300,0
activity,0,16.6657,16.6747,1.8135,65374,331,818368755755,2.2052,0.7678,14.4515,16646900,71800,2984900,0,2000,0
activity,0,16.6682,16.6626,2.2723,19638,331,818368922502,2.0612,0.7819,14.5872,16652000,68600,394600,0,1200,0
activity,0,16.6658,16.6691,1.8575,19638,330,818369089128,2.1703,1.1949,14.4819,16649300,66900,375000,0,1400,0
activity,0,16.6684,16.6638,1.8412,19638,331,818369255819,3.6214,0.8094,13.0254,16653700,68200,333600,0,1500,0
activity,0,16.6654,16.6686,2.1084,19638,331,818369422457,1.9119,0.8773,14.7403,16648800,68200,333300,0,1500,0
activity,0,16.6667,16.6653,1.8975,65374,331,818369589143,1.8213,0.7347,14.8281,16652000,67300,3825700,0,1400,0
activity,0,16.6658,16.6696,2.1852,19638,331,818369755796,2.0310,0.7973,14.6228,16652300,66100,329800,0,1500,0
activity,0,16.6689,16.6649,1.8657,19638,331,818369922492,1.8499,1.4142,14.7989,16659800,66500,371400,0,1300,0
activity,0,16.6669,16.6660,1.8473,19638,331,818370089141,3.9491,0.9175,12.7030,16648300,67400,418000,0,1200,0
activity,0,16.6648,16.6647,2.1658,19638,331,818370255801,1.7074,0.7002,14.9450,16645900,68700,333500,0,1100,0
activity,0,16.6674,16.6737,1.8432,65374,330,818370422448,1.9651,0.6319,14.6949,16655900,69900,2656500,0,1300,0
activity,0,16.6690,16.6646,2.1668,19638,331,818370589185,1.8701,0.7915,14.7783,16656200,71400,356200,0,1200,0
activity,0,16.6676,16.6617,1.8063,19638,331,818370755831,1.6857,0.9850,14.9603,16658100,73200,403900,0,1300,0
activity,0,16.6668,16.6693,1.8545,19638,330,818370922448,3.3581,0.7476,13.2979,16644600,74500,419100,0,1800,0
activity,0,16.6673,16.6701,2.1637,19638,331,818371089141,1.9490,0.7538,14.7073,16652300,74500,461800,0,1600,0
activity,4,16.6665,16.6755,1.8555,86782,331,818371255842,2.1563,0.8942,14.5018,16649800,137100,3727200,0,1700,0
activity,0,16.6672,16.6596,2.1627,19866,319,818371422597,2.0762,1.0080,14.5686,16652800,76500,380200,0,1700,0
activity,0,16.6677,16.6677,1.8678,19866,318,818371589193,1.9046,1.5737,14.7479,16659900,74800,450800,0,1400,0
activity,0,16.6653,16.6662,1.8330,19866,319,818371755870,4.2274,0.7239,12.4226,16649700,73900,420000,0,1400,0
activity,0,16.6667,16.6685,1.8196,19866,319,818371922532,1.7818,1.1660,14.8711,16641500,68500,514000,0,1400,0
activity,0,16.6676,16.6767,1.8330,65602,319,818372089217,1.8927,0.7216,14.7674,16653000,70100,3378100,0,1300,0
activity,0,16.6640,16.6647,2.1791,19866,319,818372255984,1.9386,1.0552,14.7113,16646700,67300,608000,0,1300,0
activity,0,16.6690,16.6558,2.2774,19866,319,818372422631,1.8735,1.1859,14.7682,16658700,209800,375300,0,1100,0
activity,0,16.6669,16.6673,2.8877,19866,319,818372589189,3.7036,0.8506,12.9495,16654100,68700,337500,0,1200,0
activity,0,16.6687,16.6611,1.8268,19866,319,818372755862,2.0324,1.0819,14.6142,16656800,68900,341000,0,1300,0
activity,0,16.6705,16.6710,1.8627,65602,316,818372922473,2.2485,0.8831,14.4104,16659100,77700,2878700,0,1400,0
activity,0,16.6624,16.6664,1.8340,19866,319,818373089183,1.6967,0.6629,14.9576,16639100,83200,432500,0,2800,0
activity,0,16.6664,16.6707,1.8903,19866,318,818373255847,1.7828,1.0646,14.8741,16649100,75100,432400,0,1200,0
activity,0,16.6675,16.6793,1.8012,19866,319,818373422554,3.7056,0.9579,12.9537,16652800,73200,505500,0,1300,0
activity,0,16.6675,16.6556,1.9210,19866,316,818373589347,2.2419,1.1548,14.3973,16652700,70600,357800,0,1400,0
activity,0,16.6698,16.6648,1.8309,65602,318,818373755903,2.1581,1.0253,14.4910,16655700,68200,2299000,0,1300,0
activity,0,16.6649,16.6676,2.1770,19866,319,818373922551,1.9607,0.7903,14.6923,16650500,68000,325000,0,1400,0
activity,0,16.6654,16.6665,1.8565,19866,319,818374089227,1.8035,1.1782,14.8493,16651200,74200,380500,0,1300,0
activity,0,16.6794,16.6702,1.9692,19866,319,818374255892,3.0013,0.8825,13.6544,16671300,64800,427500,0,1600,0
activity,0,16.6558,16.6631,2.1422,19866,319,818374422594,1.9135,1.1115,14.7372,16639500,70700,332300,0,1200,0
activity,0,16.6660,16.6636,1.8575,65602,319,818374589225,2.3006,0.9439,14.3505,16653700,70800,2654200,0,1200,0
activity,0,16.6668,16.6842,2.1453,19866,318,818374755861,2.0483,0.8051,14.6230,16660400,67200,374000,0,1200,0
activity,4,16.6684,16.6517,1.8657,62862,319,818374922703,1.5640,1.0561,15.0755,16651200,1019500,2185100,0,1300,0
activity,0,16.6666,16.6662,1.8883,14374,313,818375089220,3.3939,0.6812,13.2599,16656300,71500,445500,0,1200,0
activity,0,16.6653,16.6719,1.8463,14374,313,818375255882,1.9335,1.0158,14.7270,16650500,67400,334100,0,1200,0
activity,0,16.6681,16.6625,1.8708,14374,314,818375422601,4.0803,0.8013,12.5708,16658500,71800,311500,0,1000,0
activity,0,16.6670,16.6685,2.2026,14374,314,818375589226,2.2074,0.9201,14.4490,16653300,64100,297800,0,1200,0
activity,0,16.6678,16.6615,1.8422,53426,314,818375755911,2.2716,0.7762,14.3789,16656100,64100,4397200,1190500,1200,0
activity,0,16.6643,16.6712,1.8401,17234,314,818375922526,1.7701,0.7642,14.8885,16649900,73000,412600,0,1500,0
activity,0,16.6681,16.6659,1.8135,14374,314,818376089238,1.9561,0.9075,14.6972,16656200,65400,419500,0,1200,0
activity,0,16.6661,16.6695,1.8627,14374,310,818376255897,4.0986,0.7863,12.5576,16653200,68600,291600,0,1000,0
activity,0,16.7033,16.6616,2.1668,14374,314,818376422592,2.4618,0.7489,14.1882,16695100,81000,310800,0,1300,0
activity,0,16.6654,16.6693,1.8575,37046,314,818376589208,2.0086,0.6510,14.6476,16647700,70200,1603300,0,1200,0
activity,0,16.6663,16.6655,1.8790,14374,314,818376755901,1.7681,1.0668,14.8851,16648100,69500,428900,0,1300,0
activity,0,16.6669,16.7092,1.8862,14374,314,818376922556,1.7089,0.9405,14.9864,16656200,68900,306200,0,1400,0
activity,0,16.6698,16.6644,1.8207,14374,314,818377089648,2.4883,1.6095,14.1594,16657300,73000,437300,0,1200,0
activity,0,16.6646,16.6622,2.2579,14374,314,818377256292,1.7414,0.8882,14.9067,16645300,100600,367600,0,1400,0
activity,0,16.6676,16.6692,1.9231,37046,313,818377422914,1.8376,0.9044,14.8186,16655200,72100,1546600,0,1400,0
activity,0,16.6668,16.6733,3.4437,14374,311,818377589606,2.0566,1.1392,14.6009,16651100,74200,377200,0,1400,0
activity,0,16.6683,16.6611,1.8944,14374,313,818377756339,2.1530,1.0182,14.4925,16654100,71400,532300,0,1400,0
activity,0,16.6645,16.6696,1.8422,14374,314,818377922950,2.2406,1.1393,14.4146,16647900,73900,357000,0,1600,0
activity,0,16.6677,16.6663,2.2170,14374,313,818378089646,1.8229,0.7589,14.8283,16655200,66100,400600,0,1100,0
activity,0,16.6648,16.6685,1.9425,37046,314,818378256309,2.0071,0.7941,14.6470,16647900,69300,1687800,0,1200,0
activity,0,16.6683,16.6615,1.9190,14374,314,818378422994,1.8633,0.7929,14.7847,16660100,68600,315200,0,1500,0
activity,4,16.6713,16.6689,1.9425,20374,311,818378589609,1.8457,0.9188,14.8095,16659500,129400,802700,0,1400,0
activity,0,16.6660,16.6591,1.8852,14366,318,818378756298,2.4878,0.6851,14.1601,16649300,72200,475100,0,1400,0
activity,0,16.6652,16.6734,2.1780,14366,318,818378922889,1.7559,0.9864,14.9044,16648000,77500,340200,0,1500,0
activity,0,16.6678,16.6756,1.9067,37038,318,818379089623,2.3734,0.9274,14.2862,16655700,72200,2292500,0,1400,0
activity,0,16.6667,16.6649,1.9302,14366,319,818379256379,2.2712,0.7961,14.3784,16649500,76000,504700,0,1600,0
activity,0,16.6652,16.6628,1.9190,14366,319,818379423028,1.8997,1.5070,14.7483,16649000,78500,404900,0,1700,0
activity,0,17.6065,16.6712,1.9251,14366,319,818379589656,3.3292,0.9521,13.3266,17592600,72900,426100,0,1500,0
activity,0,16.6675,16.6651,2.1279,14366,319,818379756368,2.5590,1.1699,14.0907,16650700,72600,396600,0,1400,0
activity,0,16.6653,16.6638,1.9313,37038,319,818379923019,2.0343,0.8306,14.6149,16647200,78700,1968700,0,1700,0
activity,0,16.6671,17.6081,2.2548,14366,318,818380089657,2.2619,1.1849,15.3307,16653000,76000,362100,0,1500,0
activity,0,16.6661,16.6681,1.9098,14366,319,818380265738,1.9594,1.1935,14.6915,16650500,75500,587500,0,1500,0
activity,0,16.6664,16.6635,1.9190,14366,319,818380432419,3.4341,0.8805,13.2131,16650000,72200,468100,0,1700,0
activity,0,16.6687,16.6680,2.2006,14366,319,818380599054,2.2521,0.9301,14.4011,16657700,75800,323800,0,1800,0
activity,0,16.8004,16.6648,1.9231,37038,318,818380765734,2.6856,0.8196,13.9649,16783200,71500,1450200,0,1500,0
activity,0,16.6685,16.6633,2.2610,14366,319,818380932382,2.1998,0.8654,14.4503,16662400,73300,315100,0,1500,0
activity,0,16.6677,16.6728,1.9579,14366,319,818381099015,2.4214,1.1592,14.2363,16643500,84900,368100,0,1300,0
activity,0,16.6695,16.7980,1.9241,14366,319,818381265743,2.8785,1.0293,13.9047,16656500,82900,473600,0,1600,0
activity,0,16.6626,16.6779,2.1064,14366,318,818381433723,1.7692,1.1174,14.8932,16640400,82800,357200,0,1800,0
activity,0,16.6672,16.6616,1.8964,37038,319,818381600502,1.9555,0.7669,14.6883,16652700,86400,1874100,0,1400,0
activity,0,16.6653,16.6738,2.1750,14366,319,818381767118,2.2429,0.7244,14.4140,16648400,81400,386900,0,1300,0
activity,0,16.6664,16.6559,1.8412,14366,316,818381933856,2.1053,1.0386,14.5351,16656100,74900,336300,0,1400,0
activity,4,16.6678,16.6679,1.8729,20344,319,818382100415,3.1036,0.8766,13.5491,16654700,125000,755300,0,1300,0
activity,0,16.6671,16.6617,2.1637,14336,324,818382267094,1.9995,0.8383,14.6489,16653000,76900,381200,0,1100,0
activity,0,16.7168,16.6682,1.9456,37008,324,818382433711,1.8599,0.8541,14.7963,16705100,82600,1747300,0,1300,0
activity,0,16.6636,16.6695,2.5549,14336,324,818382600393,2.6464,1.2504,14.0084,16642300,81600,347500,0,1300,0
activity,0,16.6692,16.6672,1.9456,14336,324,818382767088,2.0543,1.2645,14.5987,16656600,76800,470400,0,1200,0
activity,0,16.6660,16.7215,1.9180,14336,323,818382933760,2.9747,0.7003,13.7306,16648400,86900,429900,0,1600,0
activity,0,16.6644,16.6598,2.1514,14336,324,818383100975,1.8389,1.0994,14.8036,16647900,78600,384000,0,1400,0
activity,0,16.6687,16.6727,1.8524,37008,324,818383267573,1.9314,0.8776,14.7254,16658500,74800,1772000,0,1200,0
activity,0,16.6635,16.6624,2.1432,14336,323,818383434300,2.0566,1.1118,14.5918,16645600,71200,289200,0,1200,0
activity,0,16.6722,16.6611,1.8371,14336,324,818383600924,1.7824,1.1574,14.8657,16669000,60200,306200,0,1000,0
activity,0,16.7660,16.6707,1.8309,14336,324,818383767535,2.6354,0.7155,14.0233,16743100,85000,304400,0,1700,0
activity,0,16.6560,16.6565,2.1586,14336,324,818383934242,1.5911,0.7154,15.0546,16638400,70000,340200,0,1400,0
activity,0,16.6671,16.6840,1.7900,37008,324,818384100807,1.6814,0.6578,14.9877,16654700,68100,1263500,0,1300,0
activity,0,16.6674,16.7613,2.1565,14336,323,818384267647,2.0640,0.7582,14.6792,16652800,72300,327800,0,1300,0
activity,0,16.6658,16.6547,1.7900,14336,323,818384435260,1.7952,1.7424,14.8431,16645800,67000,303300,0,1100,0
activity,0,16.6814,16.6696,1.8422,14336,323,818384601807,2.5180,0.9468,14.1368,16673400,79100,286600,0,1200,0
activity,0,16.7686,16.6671,2.1217,14336,323,818384768503,1.8064,0.6761,14.8465,16747100,76600,411900,0,1300,0
activity,0,16.6666,16.6623,1.8627,37008,324,818384935174,1.7139,0.7297,14.9319,16649200,64800,1799900,0,1000,0
activity,0,16.6699,16.6905,1.8575,14336,324,818385101797,1.7477,0.7949,14.9259,16656200,142800,289400,0,1200,0
activity,0,16.6631,16.7647,1.8606,14336,324,818385268702,1.9266,0.8752,14.8207,16643500,71500,317000,0,1400,0
activity,0,16.6700,16.6636,1.8217,14336,324,818385436349,2.8971,0.8854,13.7522,16657100,66700,400400,0,1300,0
activity,4,16.6642,16.6735,2.1811,37924,324,818385602985,2.1194,0.8981,14.5370,16648700,211400,1871500,0,1500,0
activity,0,16.6698,16.6599,1.9098,37710,325,818385769720,1.7947,0.9326,14.8489,16656000,69400,1557500,0,1000,0
activity,0,16.6663,16.6719,2.1719,15038,325,818385936319,1.8059,0.9380,14.8517,16649800,71300,335700,0,1300,0
activity,0,16.6688,16.6646,1.8115,15038,326,818386103038,2.6358,0.8769,14.0129,16651400,73000,348600,0,1100,0
activity,0,16.6641,16.6716,1.8473,15038,325,818386269684,2.8871,0.8081,13.7689,16643300,71100,322600,0,1700,0
activity,0,16.6662,16.6665,2.1647,15038,326,818386436400,2.0195,0.7374,14.6304,16648600,68100,305300,0,1200,0
activity,0,16.6662,16.6685,1.8412,37710,326,818386603065,2.0033,0.7233,14.6481,16653200,65200,1298900,0,1200,0
activity,0,16.6663,16.6629,2.1002,15038,326,818386769750,2.1257,0.6313,14.5177,16651300,68200,345200,0,1300,0
activity,0,16.8729,16.6628,1.9784,15038,326,818386936379,1.7366,0.8994,14.9120,16861500,65000,439500,0,1200,0
activity,0,16.6680,16.6666,1.8586,15038,326,818387103007,2.5593,0.8027,14.0940,16650600,88900,349100,0,1100,0
activity,0,16.6683,16.6644,2.1258,15038,325,818387269673,1.8110,1.2376,14.8403,16655300,70000,371600,0,1400,0
activity,0,16.6642,16.8759,1.7961,37710,326,818387436317,1.6865,0.8024,15.1751,16647300,184500,1332300,782300,1200,0
activity,0,16.6656,16.6675,2.3009,15038,324,818387605076,1.7505,1.0651,14.9001,16649200,69000,310700,0,1600,0
activity,0,16.6674,16.6698,1.8258,15038,324,818387771751,1.7318,1.0349,14.9238,16655600,70200,417800,0,1300,0
activity,0,16.6662,16.6617,1.8627,15038,325,818387938449,2.7962,0.6427,13.8512,16651700,73500,297700,0,1000,0
activity,0,16.9654,16.6633,2.0869,15038,325,818388105066,1.7441,0.7903,14.9052,16965200,65400,406300,0,1000,0
activity,0,16.6547,16.6691,1.8442,37710,326,818388271699,2.0710,0.7102,14.5847,16631700,69200,1136800,0,1800,0
activity,0,16.6689,16.6627,2.1555,15038,326,818388438390,1.9153,0.7607,14.7366,16660000,65000,333600,0,1200,0
activity,0,16.6662,16.9772,1.9497,15038,324,818388605017,1.8915,1.8541,15.0738,16649700,77100,437900,0,1500,0
activity,0,16.6669,16.6437,1.8381,15038,326,818388774789,2.6426,0.7460,13.9891,16649800,89300,344800,0,1200,0
activity,0,16.6767,16.6742,1.8391,15038,323,818388941226,2.0820,1.0471,14.5781,16661500,71500,322400,0,1700,0
activity,4,16.6676,16.6665,1.8360,59330,321,818389107968,2.0706,0.7887,14.5792,16651200,194800,2982600,0,1800,0
activity,0,16.9790,16.6645,2.1473,12456,313,818389274633,2.0063,0.8872,14.6436,16968100,62400,340400,0,1200,0
activity,0,16.6632,16.6771,2.0050,12456,314,818389441278,2.3110,1.5143,14.3505,16643300,73700,354700,0,1500,0
activity,0,16.8857,16.6661,1.9702,12456,314,818389608049,3.5942,0.9214,13.0570,16872800,77500,283100,0,1400,0
activity,0,16.6552,16.9847,2.1791,12456,312,818389774710,2.1921,0.9243,14.7762,16634400,70600,247100,0,1600,0
activity,0,16.6680,16.6630,1.8770,18848,314,818389944557,2.5088,0.7449,14.1347,16653400,78700,500400,0,1400,0
activity,0,16.6664,16.8887,2.1617,12456,314,818390111187,2.2150,0.9264,14.6579,16646900,67100,262000,0,1300,0
activity,0,16.6667,16.6498,1.8493,12456,314,818390280074,1.9678,0.8279,14.6670,16651300,69300,261500,0,1600,0
activity,0,16.6656,16.6723,1.8790,12456,314,818390446572,1.9135,0.7169,14.7399,16653400,66200,241000,0,1200,0
activity,0,16.7300,16.6609,1.8534,12456,314,818390613295,1.9688,1.0749,14.6782,16717200,66400,229100,0,1300,0
activity,0,16.6645,16.6644,1.8862,18848,314,818390779904,2.0739,0.8731,14.5775,16647200,78500,480900,0,1200,0
activity,0,16.6904,16.6665,2.1750,12456,312,818390946548,2.3277,0.8295,14.3258,16694500,69000,264500,0,1200,0
activity,0,16.6628,16.7315,1.8831,12456,312,818391113213,1.6963,0.8623,15.0211,16630400,70400,389800,0,1200,0
activity,0,16.6682,16.6617,1.8719,12456,313,818391280528,2.1935,0.7722,14.4539,16651100,69600,250300,0,1300,0
activity,0,16.6671,16.7110,1.9302,12456,314,818391447145,1.7534,0.7501,14.9411,16655700,67400,330700,0,1100,0
activity,0,16.6649,16.6467,1.9405,18848,314,818391614255,2.4903,0.9442,14.1402,16643700,80800,502600,0,1600,0
activity,0,16.6652,16.6661,2.1258,12456,313,818391780722,1.9796,0.8007,14.6718,16649500,68500,242600,0,1200,0
activity,0,16.6676,16.6737,1.8412,12456,314,818391947383,2.0901,0.8856,14.5657,16656300,63300,243800,0,1300,0
activity,0,16.6679,16.6575,1.8708,12456,314,818392114120,2.1283,0.6186,14.5154,16652400,68200,301800,0,1300,0
activity,0,16.7799,16.6619,1.9436,12456,314,818392280695,1.8627,0.6208,14.7868,16779900,64900,262100,0,1300,0
activity,0,16.6551,16.6681,1.9026,18848,311,818392447314,1.7293,1.0710,14.9270,16618100,81100,491700,0,1100,0
activity,4,16.6671,16.6701,2.1637,22756,314,818392613995,1.9238,0.8510,14.7287,16651700,114600,700700,0,1400,0
activity,0,16.6662,16.8023,1.8944,12028,314,818392780696,1.7051,0.7736,15.0751,16649600,68500,250200,0,1200,0
activity,0,16.6786,16.6353,2.2415,12028,313,818392948719,1.9880,1.3049,14.6301,16670600,76400,251100,0,1300,0
activity,0,16.6583,16.6674,1.8954,12028,312,818393115072,1.9329,0.7158,14.7189,16638400,70300,505300,0,1500,0
activity,0,16.6663,16.6651,1.9476,18420,312,818393281746,1.7931,0.6055,14.8566,16650100,155100,577300,0,1800,0
activity,0,16.6683,16.6860,2.1463,12028,314,818393448397,1.6826,0.8538,14.9881,16651000,72700,263100,0,1300,0
activity,0,16.6673,16.6529,1.8831,12028,314,818393615257,1.9326,0.8850,14.7060,16655000,73900,263100,0,1300,0
activity,0,16.7155,16.6646,2.1350,12028,314,818393781786,2.3279,0.6425,14.3223,16694800,75700,362900,0,1300,0
activity,0,16.6665,16.6665,1.8719,12028,314,818393948432,1.8326,0.7048,14.8185,16653800,70000,243300,0,1200,0
activity,0,16.6685,16.6726,1.9497,18420,313,818394115097,1.9639,0.8458,14.6913,16657500,74900,482300,0,1300,0
activity,0,16.6666,16.7090,2.2999,12028,314,818394281823,2.1579,0.6181,14.5370,16652400,68800,274000,0,1400,0
activity,0,16.6666,16.6657,1.8493,12028,314,818394448913,1.6931,0.8812,14.9608,16652700,62600,254300,0,1200,0
activity,0,16.7249,16.6707,2.1740,12028,313,818394615570,1.8621,0.8540,14.7954,16723200,71800,246300,0,1200,0
activity,0,16.6575,16.6660,1.8903,12028,313,818394782277,1.5703,0.6969,15.0822,16632200,67000,240700,0,1300,0
activity,0,16.9000,16.6670,1.9251,18420,314,818394948937,1.7858,0.6632,14.8671,16886700,64800,485200,0,1100,0
activity,0,16.6671,16.7372,2.1555,12028,312,818395115607,1.7569,0.7732,14.9664,16647900,67600,267200,0,1100,0
activity,0,16.6691,16.6459,1.9497,12028,314,818395282979,1.5721,0.7136,15.0602,16657900,71600,423900,0,1400,0
activity,0,16.6638,16.9012,2.2098,12028,313,818395449438,1.7347,0.9255,15.1520,16647100,74400,252800,0,1200,0
activity,0,16.6665,16.6638,1.8995,12028,311,818395618450,1.6881,0.7691,14.9599,16652500,70100,314600,0,1200,0
activity,0,16.6672,16.6724,1.9220,18420,313,818395785088,2.0692,0.6030,14.5887,16655200,62200,589900,0,1100,0
activity,0,16.6667,16.6607,1.9436,12028,314,818395951812,1.6719,1.0519,14.9752,16653900,72200,373800,0,1400,0
activity,4,16.6659,16.6645,1.8473,18292,313,818396118419,1.5420,0.8557,15.1105,16653000,114500,501100,0,1000,0
activity,0,16.6700,16.6679,2.2630,12284,318,818396285064,1.9323,0.7469,14.7228,16661100,76800,266500,0,900,0
activity,0,16.6682,16.6665,1.9077,12284,319,818396451743,1.8559,0.7606,14.7981,16654500,70400,267100,0,1300,0
activity,0,16.6630,16.6650,1.9323,18676,318,818396618408,1.8998,0.8372,14.7532,16642500,72200,540800,0,1400,0
activity,0,16.6672,16.6743,2.1658,12284,319,818396785058,1.6839,0.7182,14.9773,16656900,64400,262000,0,1300,0
activity,0,16.6728,16.6706,1.9620,12284,318,818396951801,1.8323,1.0648,14.8222,16666400,59900,351200,0,1100,0
activity,0,16.6614,16.6562,2.2426,12284,317,818397118507,1.6739,0.7941,14.9686,16639600,72000,277300,0,1700,0
activity,0,16.6683,16.6676,1.8852,12284,318,818397285069,1.5523,0.7159,15.1046,16658700,74000,260900,0,1000,0
activity,0,16.6688,16.6822,1.7981,18676,319,818397451745,1.9857,0.9109,14.6809,16656700,71900,504500,0,1300,0
activity,0,16.6657,16.6525,1.8504,12284,319,818397618567,1.7820,0.9572,14.8576,16645900,73400,287300,0,1600,0
activity,0,16.6667,16.6713,1.9149,12284,319,818397785092,2.1260,0.9430,14.5328,16649700,64200,251900,0,1300,0
activity,0,16.6671,16.6717,2.5866,12284,319,818397951805,1.8865,1.0631,14.7703,16651200,71800,245300,0,1100,0
activity,0,16.7037,16.6631,1.8340,12284,319,818398118522,1.6463,0.7626,14.9997,16690600,76500,247900,0,1100,0
activity,0,16.6671,16.6657,1.8575,18676,319,818398285153,1.6376,0.8406,15.0122,16651400,68100,522300,0,1300,0
activity,0,16.6658,16.6669,1.8145,12284,319,818398451810,1.6957,0.8144,14.9555,16649700,74300,285900,0,1500,0
activity,0,16.6673,16.7060,1.8575,12284,319,818398618479,1.6792,0.7688,15.0116,16654400,74000,256600,0,1200,0
activity,0,16.6652,16.6684,2.1279,12284,318,818398785539,1.8019,0.9617,14.8496,16650300,68200,441600,0,1300,0
activity,0,16.6695,16.6637,1.8483,12284,319,818398952223,1.8906,0.6899,14.7591,16658400,70800,263400,0,1200,0
activity,0,16.6705,16.6683,1.9261,18676,317,818399118860,2.1039,1.1753,14.5507,16653500,72300,563800,0,1400,0
activity,0,16.6632,16.6630,2.1668,12284,319,818399285543,1.9325,0.6420,14.7180,16649700,72800,381500,0,1300,0
activity,0,16.6694,16.6740,1.7992,12284,319,818399452173,1.8791,0.8509,14.7794,16655900,72000,304600,0,1400,0
activity,0,16.6656,16.6681,2.1740,12284,317,818399618913,1.9535,0.6616,14.7000,16645900,78800,275200,0,1400,0
activity,4,16.6988,16.6641,1.8719,18262,318,818399785594,1.9548,0.8133,14.6950,16683000,115200,590300,0,1400,0
activity,0,16.6669,16.6749,1.8319,18646,324,818399952235,1.6987,0.8195,14.9575,16653500,66100,566100,0,1100,0
activity,0,16.6669,16.6599,2.0808,12254,324,818400118984,1.8465,1.1874,14.7996,16653800,61600,334400,0,1100,0
activity,0,16.6670,16.6963,1.9579,12254,324,818400285583,1.8228,1.1694,14.8602,16652700,65800,297400,0,1300,0
activity,0,16.6689,16.6662,2.1780,12254,324,818400452546,1.7900,0.7982,14.8637,16657000,63900,267900,0,1100,0
activity,0,16.6645,16.6687,1.8504,12254,324,818400619208,1.7548,0.7477,14.8990,16646900,77600,280200,0,1800,0
activity,0,16.6671,16.6662,1.8780,18646,322,818400785895,1.7423,0.7456,14.9105,16652800,68800,591100,0,1200,0
activity,0,16.6683,16.6722,2.1299,12254,324,818400952557,1.7515,0.8436,14.9059,16657100,70000,263900,0,1100,0
activity,0,16.6688,16.6614,1.8442,12254,324,818401119279,1.7102,1.1466,14.9368,16659600,70100,259700,0,1100,0
activity,0,16.6652,16.6661,2.1873,12254,324,818401285893,2.2451,0.6907,14.4077,16640000,69500,262700,0,1300,0
activity,0,16.6738,16.6720,1.8156,12254,323,818401452554,1.6478,0.9256,15.0095,16666900,68400,318400,0,1400,0
activity,0,16.6624,16.6751,1.8698,18646,324,818401619274,2.0773,0.6930,14.5825,16633600,117300,714200,0,1900,0
activity,0,16.6664,16.6572,2.1371,12254,323,818401786025,2.0851,1.1156,14.5550,16648900,73300,285300,0,1700,0
activity,0,16.6650,16.6877,1.8545,12254,322,818401952597,1.6924,1.1755,14.9745,16646500,74000,332700,0,1700,0
activity,0,16.6664,16.6503,2.1207,12254,324,818402119474,2.2044,0.7561,14.4293,16649800,71500,268700,0,1500,0
activity,0,16.6650,16.6684,1.8319,12254,324,818402285977,1.9061,0.9080,14.7429,16648400,80100,393800,0,1400,0
activity,0,17.1863,16.6624,1.8381,18646,324,818402452661,1.9608,0.6815,14.6859,17174900,73600,627500,0,1200,0
activity,0,16.6669,16.6664,1.8616,12254,324,818402619285,1.7339,1.5142,14.9160,16651200,71200,327100,0,1100,0
activity,0,16.6659,16.6623,1.8596,12254,324,818402785949,1.9006,1.3536,14.7479,16651100,78000,267700,0,1200,0
activity,0,16.6674,17.1893,2.6542,12254,324,818402952572,1.8288,1.0948,15.3462,16652800,75300,345600,0,1500,0
activity,0,16.6656,16.6654,3.1181,12254,324,818403124465,1.6994,0.6635,14.9519,16650500,67200,274100,0,1200,0
activity,4,16.6685,16.6651,2.1627,37500,324,818403291119,1.7179,1.1642,14.9334,16657600,207100,873800,0,1200,0
activity,0,16.6647,16.6660,1.8022,12876,324,818403457770,1.8062,0.6807,14.8466,16649200,66500,416500,0,1400,0
activity,0,16.6682,16.6642,1.8350,12876,326,818403624430,1.5903,0.9058,15.0604,16657600,72500,307100,1031900,1300,0
activity,0,16.6678,16.6714,2.1637,12876,326,818403791072,2.4317,1.3633,14.2262,16656600,68900,264200,0,1000,0
activity,0,16.6676,16.6625,1.9436,12876,326,818403957786,1.6143,1.2193,15.0351,16651700,71300,422300,0,1100,0
activity,0,16.6654,16.6694,1.7807,19268,326,818404124411,1.7802,0.7639,14.8776,16650800,65200,557200,0,1300,0
activity,0,16.6667,16.6701,1.8401,12876,326,818404291105,1.7616,0.8128,14.8951,16654600,74400,357100,0,1100,0
activity,0,16.6674,16.6665,1.7971,12876,326,818404457806,2.0892,0.8211,14.5626,16653400,75900,291500,0,1400,0
activity,0,16.6647,16.6637,2.1309,12876,325,818404624471,2.1772,0.7887,14.4738,16647800,77400,383200,0,1300,0
activity,0,16.6688,16.6686,1.8166,12876,326,818404791108,2.0171,0.8006,14.6377,16660800,67900,300600,0,1200,0
activity,0,16.6662,16.6668,1.8534,19268,326,818404957794,1.9755,0.9906,14.6779,16653500,66200,524600,0,1000,0
activity,0,16.6673,16.6592,2.1248,12876,325,818405124462,2.2126,1.1037,14.4352,16656300,70500,258200,0,1600,0
activity,0,16.6674,16.6724,1.8319,12876,325,818405291054,1.8953,0.8281,14.7656,16655900,67100,291500,0,1200,0
activity,0,16.6685,16.6650,2.0787,12876,324,818405457778,1.9131,0.7266,14.7405,16655600,63100,273300,0,1400,0
activity,0,16.6659,16.6695,1.9261,12876,326,818405624428,2.0507,0.6836,14.6057,16650800,78500,325500,0,1200,0
activity,0,16.6667,16.6680,2.1821,19268,326,818405791123,1.9911,0.8871,14.6649,16650900,63300,519300,0,1100,0
activity,0,16.6665,16.6695,1.9128,12876,326,818405957803,2.0303,0.7613,14.6255,16649200,59800,319500,0,1000,0
activity,0,16.6668,16.6646,1.8944,12876,325,818406124498,1.9795,0.8342,14.6713,16648200,69600,279500,0,1400,0
activity,0,16.6674,16.6703,2.1586,12876,322,818406291144,1.9344,0.6770,14.7166,16654900,72100,286300,0,1400,0
activity,0,17.1525,16.6682,1.8893,12876,326,818406457847,1.9269,0.7866,14.7224,17142000,73500,326300,0,1200,0
activity,0,16.6638,16.6611,1.8452,19268,326,818406624529,2.1544,0.6449,14.4938,16641000,105200,653600,0,1700,0
activity,4,16.6763,16.6680,1.8668,27574,326,818406791140,2.2295,1.0448,14.4254,16668500,230100,2489700,0,1200,0
activity,0,16.6670,17.1570,1.9241,12366,310,818406957820,2.1178,0.7866,15.0242,16652300,66600,260800,0,1400,0
activity,0,16.6661,16.6551,2.0378,12366,314,818407129390,2.2832,1.2837,14.3579,16653400,64400,234500,0,1000,0
activity,0,16.6670,16.6808,1.9620,12366,314,818407295941,3.1642,0.9348,13.5043,16657400,63500,253100,0,1100,0
activity,0,16.6934,16.6641,1.8391,18758,314,818407462749,1.8454,0.6700,14.8069,16688600,63200,524500,0,1000,0
activity,0,16.6630,16.6653,1.9548,12366,314,818407629390,1.9182,0.7751,14.7351,16636800,106500,421300,0,2300,0
activity,0,16.6674,16.6695,1.9251,12366,314,818407796043,1.7803,1.4236,14.8772,16650800,71100,327000,0,1400,0
activity,0,16.6674,16.7057,1.9323,12366,314,818407962738,1.8453,1.1643,14.8435,16653900,70200,308800,0,1200,0
activity,0,16.6657,16.6536,1.8913,12366,314,818408129795,3.0244,1.1559,13.6125,16650100,71300,305400,0,1400,0
activity,0,16.6652,16.6669,2.2784,18758,314,818408296331,1.7186,1.1137,14.9323,16648900,70200,536800,0,1300,0
activity,0,16.6670,16.6688,1.9333,12366,313,818408463000,1.8537,1.5137,14.8004,16653300,67200,295700,0,1100,0
activity,0,16.6672,16.6649,1.9384,12366,314,818408629688,1.8445,0.7777,14.8057,16655100,78500,278300,0,1400,0
activity,0,16.6685,16.6622,2.1381,12366,314,818408796337,2.0720,1.0322,14.5771,16658100,65500,320200,0,1300,0
activity,0,16.6657,16.6667,1.9251,12366,313,818408962959,1.8050,0.8272,14.8483,16648900,73300,360500,0,1400,0
activity,0,16.6663,16.6667,2.1361,18758,314,818409129626,1.7273,0.7497,14.9278,16650300,69400,530700,0,1200,0
activity,0,16.6706,16.6721,1.8596,12366,314,818409296293,1.9634,0.9021,14.6947,16664600,67000,427900,0,1300,0
activity,0,16.6664,16.6623,1.9016,12366,314,818409463014,2.0464,1.0756,14.6025,16573700,78800,285600,0,1400,0
activity,0,16.6665,16.6647,2.2518,12366,313,818409629637,2.2586,0.9152,14.3916,16650500,91700,395300,0,1800,0
activity,0,16.6683,16.7553,1.8790,12366,312,818409796284,2.0240,0.7349,14.6407,16650200,77100,319900,0,1300,0
activity,0,16.6631,16.5885,2.2753,18758,314,818409963837,2.0925,0.9232,14.4813,16645600,67600,459800,0,1400,0
activity,0,16.6688,16.6675,1.9231,12366,314,818410129722,2.0145,1.2142,14.6363,16660000,66700,248300,0,900,0
activity,4,16.6667,16.6647,1.9395,18350,314,818410296397,2.0014,0.7502,14.6489,16651600,113700,502800,0,1200,0
activity,0,16.6668,16.6576,2.2282,12222,314,818410463044,1.8112,0.6804,14.8345,16649200,69600,322100,0,1300,0
activity,0,16.6661,16.6733,1.9302,12222,314,818410629620,2.0403,1.0277,14.6199,16652600,65800,325900,0,1300,0
activity,0,16.7257,16.6682,2.2292,18614,314,818410796353,2.0733,1.1541,14.5783,16722500,66500,490200,0,1200,0
activity,0,16.6571,16.6650,1.9446,12222,314,818410963035,1.8939,0.7741,14.7556,16615300,67200,245800,0,1400,0
activity,0,16.6629,16.6710,1.9026,12222,314,818411129685,1.6522,0.9298,15.0005,16642000,75500,397800,0,1200,0
activity,0,16.6684,16.7480,2.3255,12222,313,818411296395,2.1342,0.6296,14.5885,16660100,57000,258600,0,1000,0
activity,0,16.6662,16.6334,1.8084,12222,312,818411463875,1.7485,0.7449,14.8670,16651700,71800,256600,0,1000,0
activity,0,16.6688,16.6544,2.1903,18614,314,818411630209,2.1286,0.6501,14.5134,16654700,68100,588500,0,900,0
activity,0,16.6687,16.6729,1.8237,12222,313,818411796753,1.8279,0.8755,14.8322,16655700,78000,245000,0,1100,0
activity,0,16.7701,16.6661,1.8811,12222,313,818411963482,1.9672,0.6923,14.6846,16751400,69100,253300,0,1100,0
activity,0,16.6604,16.6682,1.9077,12222,314,818412130143,1.8407,0.6347,14.8141,16645300,70900,273800,0,1200,0
activity,0,16.6671,16.6722,1.8524,12222,311,818412296825,1.8902,0.6558,14.7656,16655700,58900,316800,0,900,0
activity,0,16.6691,16.7671,2.1391,18614,313,818412463547,1.8766,0.6229,14.8749,16655600,67000,827700,0,1200,0
activity,0,16.6644,16.6568,1.8391,12222,314,818412631218,2.0271,0.7343,14.6183,16646900,71400,327100,0,1100,0
activity,0,16.6698,16.6698,1.8248,12222,314,818412797786,1.7962,1.1041,14.8595,16662200,66600,235700,0,900,0
activity,0,16.6660,16.6707,2.2149,12222,314,818412964484,2.3200,0.7445,14.3359,16646100,68100,328400,0,1100,0
activity,0,16.6642,16.6611,2.3040,12222,314,818413131191,2.0304,0.7318,14.6166,16645500,76200,288700,0,1700,0
activity,0,16.6673,16.6757,2.1504,18614,314,818413297802,1.9058,0.8786,14.7565,16657700,62500,507800,0,1100,0
activity,0,16.6673,16.6628,1.8872,12222,312,818413464559,2.2538,0.7959,14.3924,16658000,63800,297900,0,1100,0
activity,0,16.6659,16.6596,1.8432,12222,314,818413631187,1.9760,0.7852,14.6695,16651000,68800,277400,0,1100,0
activity,4,16.6700,16.6690,2.1361,18236,313,818413797783,1.7506,1.0549,14.9072,16664400,98300,493200,0,1100,0
activity,0,16.6681,16.6692,1.8258,12228,319,818413964473,1.6129,0.7204,15.0452,16651400,74200,266800,0,1500,0
activity,0,16.6646,16.6613,2.1494,18620,318,818414131165,1.8874,0.7429,14.7637,16645900,74800,553700,0,1400,0
activity,0,16.6680,16.6783,1.8207,12228,319,818414297778,1.9334,1.0933,14.7311,16655000,70400,304000,0,1200,0
activity,0,16.6686,16.6681,1.8872,12228,319,818414464561,2.2639,0.9535,14.3877,16656000,68700,265400,0,1100,0
activity,0,16.6663,16.6623,2.1606,12228,318,818414631242,2.2971,0.7017,14.3487,16651000,72000,310100,0,1600,0
activity,0,16.6658,16.6686,1.8975,12228,319,818414797865,1.9148,0.6700,14.7403,16650400,67700,302000,0,1300,0
activity,0,16.6667,16.6701,2.1770,18620,318,818414964551,1.8685,1.1272,14.7876,16653800,69600,1003600,0,1800,0
activity,0,16.7015,16.6658,1.8831,12228,319,818415131252,1.8369,0.7480,14.8142,16687700,71200,259200,0,1100,0
activity,0,16.6672,16.6655,1.8176,12228,319,818415297910,1.7840,0.8747,14.8666,16651500,68900,257600,0,1000,0
activity,0,16.6724,16.6678,2.1115,12228,319,818415464565,2.4875,1.0070,14.1664,16655600,71100,255000,0,1600,0
activity,0,16.6597,16.7026,1.8452,12228,319,818415631243,1.9158,0.6347,14.7720,16644500,71800,265600,0,1300,0
activity,0,16.6688,16.6668,2.1320,18620,319,818415798269,1.8842,0.6355,14.7675,16655400,68700,499700,0,1400,0
activity,0,16.6687,16.6706,1.8452,12228,319,818415964937,1.8152,0.6613,14.8405,16655300,65100,302400,0,1200,0
activity,0,16.6626,16.6583,1.8555,12228,317,818416131643,1.8319,0.8004,14.8128,16634300,116100,289200,0,1400,0
activity,0,16.6693,16.6702,1.8442,12228,319,818416298226,1.8866,1.0592,14.7689,16658400,67700,249900,0,1000,0
activity,0,16.6664,16.6738,1.8309,12228,319,818416464928,1.6427,0.7672,15.0127,16655500,62000,275200,0,900,0
activity,0,16.6650,16.6535,2.1627,18620,319,818416631666,2.3253,0.6042,14.3091,16646600,71600,490200,0,1400,0
activity,0,16.6681,16.6707,1.7869,12228,318,818416798201,1.7902,0.6930,14.8683,16658500,71600,260800,0,1300,0
activity,0,16.6650,16.6707,1.8483,12228,319,818416964908,1.8852,0.7606,14.7703,16646500,68000,324400,0,1100,0
activity,0,16.6661,16.6602,2.1146,12228,319,818417131615,2.0176,0.6588,14.6290,16650100,63100,304100,0,1200,0
activity,4,16.6702,16.6743,1.8821,18206,319,818417298217,1.8386,0.8226,14.8200,16665700,97000,583600,0,1100,0
activity,0,16.6699,16.6585,2.0982,18590,324,818417464960,2.0664,0.7756,14.5803,16659000,66900,650900,0,1300,0
activity,0,16.6629,16.6613,1.8309,12198,323,818417631545,1.7783,1.1460,14.8717,16641300,77100,247000,0,1400,0
activity,0,16.6663,16.6780,1.8319,12198,324,818417798158,1.8831,0.8054,14.7826,16652900,94700,289300,0,1400,0
activity,0,16.6712,16.6751,2.1832,12198,324,818417964938,2.0316,0.6666,14.6276,16661800,79100,262600,0,1300,0
activity,0,16.6630,16.6564,1.8534,12198,324,818418131689,1.8535,0.6940,14.7879,16641100,77300,251000,0,1200,0
activity,0,16.6666,16.6655,2.2026,18590,324,818418298253,2.1204,0.7012,14.5326,16653800,65200,512800,0,1000,0
activity,0,16.6677,16.6759,1.9108,12198,324,818418464908,1.8526,0.6445,14.8093,16657700,109500,249200,0,2500,0
activity,0,16.6667,16.6571,1.8371,12198,324,818418631667,2.1449,0.9275,14.4962,16650500,76800,266800,0,1300,0
activity,0,16.6674,16.6662,1.8688,12198,322,818418798238,1.9624,0.9407,14.6914,16654000,62800,285900,0,1200,0
activity,0,16.6686,16.6718,1.8452,12198,324,818418964900,2.0131,0.7234,14.6447,16655200,68700,281800,0,1200,0
activity,0,16.6632,16.6624,2.2047,18590,324,818419131618,1.9784,0.6651,14.6721,16644000,72700,616700,0,1300,0
activity,0,16.6666,16.6688,1.9261,12198,324,818419298242,1.8459,1.1639,14.8082,16654900,65000,323900,0,1000,0
activity,0,16.6708,16.6713,1.8708,12198,324,818419464930,2.0565,1.0770,14.5987,16667700,61400,288200,0,1000,0
activity,0,16.6656,16.6581,2.1934,12198,324,818419631643,2.1697,0.6564,14.4744,16629900,75800,301700,0,1200,0
activity,0,16.8771,16.6659,1.9139,12198,324,818419798224,1.8725,0.6974,14.7825,16881600,66800,273200,0,1500,0
activity,0,16.7341,16.6836,2.6255,18590,323,818419964883,1.8990,1.1218,14.7687,16696000,71900,702400,0,1500,0
activity,0,16.7276,16.6571,1.9016,12198,323,818420131719,1.9548,0.8328,14.6752,16699400,67800,588100,0,1300,0
activity,0,16.6684,16.9019,1.9436,12198,324,818420298290,1.6652,0.9176,15.2168,16650900,77000,339500,0,1200,0
activity,0,16.6699,16.7106,1.8944,12198,324,818420467309,2.3701,0.8699,14.3260,16657500,66700,264800,0,1400,0
activity,0,16.6633,16.7307,1.9722,12198,324,818420634415,2.5100,0.7311,14.1893,16637700,87400,342900,0,1800,0
activity,4,16.6658,16.6666,2.2723,25868,324,818420801722,2.1569,0.7308,14.4942,16649300,264700,3110800,1103300,1600,0
activity,0,16.6697,16.6765,1.9466,12876,325,818420968388,2.1933,0.9382,14.4643,16656600,77800,392500,0,1200,0
activity,0,16.6657,16.6579,2.1391,12876,326,818421135153,2.3824,1.5110,14.2554,16646200,102400,283400,0,1700,0
activity,0,16.6675,16.6639,1.9374,12876,325,818421301732,4.1276,0.8251,12.5218,16651000,72400,265700,0,1300,0
activity,0,16.6664,16.6728,1.8391,12876,326,818421468371,2.1182,0.6974,14.5386,16661400,74500,402700,0,1300,0
activity,0,16.6653,16.6646,2.4484,19268,326,818421635099,2.1797,0.6522,14.4668,16637600,75500,825300,0,1300,0
activity,0,16.6676,16.6672,1.9200,12876,326,818421801745,1.8633,0.8525,14.7879,16652600,71800,275000,0,1300,0
activity,0,16.6665,16.6763,2.1586,12876,326,818421968417,2.0117,1.4113,14.6497,16656400,64400,271500,0,1400,0
activity,0,16.6680,16.6526,1.8903,12876,326,818422135180,2.5703,0.7392,14.0674,16653000,78500,298100,0,1500,0
activity,0,16.6665,16.6653,1.9384,12876,326,818422301706,1.9833,0.7642,14.6693,16650400,64900,301800,0,1200,0
activity,0,16.6688,16.6696,2.4863,19268,326,818422468359,1.8435,0.9640,14.8130,16653100,71900,566700,0,1400,0
activity,0,16.6646,16.6675,1.9139,12876,326,818422635055,1.8646,1.0784,14.7885,16646500,71700,363900,0,1500,0
activity,0,16.6653,16.6674,2.1146,12876,326,818422801730,1.9780,1.2601,14.6725,16647400,69300,261200,0,1300,0
activity,0,16.6692,16.6705,1.9415,12876,326,818422968404,2.2280,0.9353,14.4251,16661100,62700,342200,0,1200,0
activity,0,16.6645,16.6610,1.8186,12876,325,818423135109,2.0849,0.7078,14.5617,16648200,68400,257500,0,1000,0
activity,0,16.6700,16.6616,2.4689,19268,326,818423301719,1.8877,0.9662,14.7598,16662000,71500,573200,0,1100,0
activity,0,16.6653,16.6740,1.9005,12876,326,818423468335,1.9301,0.6215,14.7311,16648200,73700,348000,0,1400,0
activity,0,16.6665,16.6609,1.9313,12876,324,818423635075,1.9531,0.7131,14.6951,16650400,69300,356300,0,1300,0
activity,0,16.7359,16.6760,1.9415,12876,326,818423801684,2.0365,0.7285,14.6256,16728600,65800,281600,0,1500,0
activity,0,16.6548,16.6623,1.9292,12876,326,818423968444,1.8992,0.7906,14.7492,16637600,73400,292700,0,1400,0
activity,0,16.6681,16.6626,2.1514,19268,325,818424135067,1.9817,0.7066,14.6688,16654800,66700,665000,0,1300,0
activity,0,16.6920,16.7439,1.9333,12876,325,818424301693,1.8395,0.8404,14.8894,16697800,66200,335000,0,1100,0
activity,4,16.6430,16.6515,1.9425,25154,325,818424469132,1.9369,0.7056,14.7008,16606900,124800,756300,0,1300,0
activity,0,16.6657,16.6687,1.9436,12366,313,818424635647,2.0539,0.7184,14.6009,16649500,67000,629500,0,1100,0
activity,0,16.6670,16.7152,1.9456,12366,314,818424802334,2.0637,0.7842,14.6343,16647400,66600,250500,0,1200,0
activity,0,16.6794,16.6218,2.4392,18758,312,818424969486,1.9898,0.7867,14.6173,16664900,66000,499000,0,1200,0
activity,0,16.6670,16.6662,1.9005,12366,313,818425135704,2.1833,0.7201,14.4662,16655000,65900,241400,0,1000,0
activity,0,16.6660,16.6625,1.8309,12366,314,818425302366,2.0638,0.9240,14.5836,16648300,70100,257300,0,1000,0
activity,0,16.6710,16.6801,1.8207,12366,312,818425468991,1.9252,1.0177,14.7398,16661500,63900,240700,0,1200,0
activity,0,16.6663,16.6684,1.8647,12366,314,818425635792,1.9283,0.6812,14.7269,16648300,73500,245700,0,1200,0
activity,0,16.8016,16.6610,2.1811,18758,314,818425802476,2.0937,0.6062,14.5547,16794900,79200,619600,0,1100,0
activity,0,16.6625,16.6770,1.8473,12366,314,818425969086,1.6953,1.4325,14.9665,16626400,71500,373500,0,1100,0
activity,0,16.6665,16.6627,2.1453,12366,314,818426135856,1.8050,1.8118,14.8435,16650100,82200,247600,0,1300,0
activity,0,16.6662,16.8179,1.8412,12366,312,818426302483,1.9413,0.9281,14.8539,16652900,74400,246400,0,1400,0
activity,0,16.6690,16.6501,1.8371,12366,314,818426470662,2.0355,0.6971,14.5910,16655300,74100,268000,0,1500,0
activity,0,16.6679,16.6637,2.1709,18758,314,818426637163,1.6705,0.6903,14.9797,16647500,77900,652500,0,1400,0
activity,0,16.6644,16.6670,1.7869,12366,314,818426803800,1.8446,0.6278,14.8084,16645200,77400,261300,0,1500,0
activity,0,16.6655,16.6738,2.1484,12366,312,818426970470,1.8808,1.2287,14.7746,16650600,73400,267400,0,1100,0
activity,0,16.6665,16.6651,1.9036,12366,314,818427137208,2.3617,0.6334,14.2860,16654900,70000,277200,0,1100,0
activity,0,16.6678,16.6626,1.8883,12366,312,818427303859,1.7298,0.7459,14.9156,16655300,72500,313100,0,1200,0
activity,0,16.6677,16.6630,2.1760,18758,314,818427470485,2.0515,0.6959,14.5991,16654500,70300,646400,0,1100,0
activity,0,16.6672,16.6677,1.8668,12366,314,818427637115,1.8067,0.6644,14.8483,16652200,74200,314700,0,1200,0
activity,0,16.6650,16.6691,1.8412,12366,314,818427803792,1.9496,0.8688,14.7058,16643600,75500,267800,0,1400,0
activity,4,16.6685,16.6693,1.8422,44312,313,818427970483,2.0048,0.9783,14.6499,16657700,114800,492700,0,1100,0
activity,0,16.6681,16.6701,1.8330,12240,314,818428137176,2.0223,0.7603,14.6302,16652900,69500,271000,0,1300,0
activity,0,16.6784,16.6584,2.1832,18632,314,818428303877,1.7129,1.1005,14.9307,16677900,69300,495500,0,1500,0
activity,0,16.6533,16.6706,2.2845,12240,313,818428470461,1.9299,0.8424,14.7278,16624600,69700,299200,0,1300,0
activity,0,16.7880,16.6689,1.8524,12240,314,818428637167,1.9312,0.8062,14.7218,16774700,70800,256600,0,1300,0
activity,0,16.6666,16.6920,1.8360,12240,314,818428803856,1.9178,0.8548,14.7602,16652800,70000,585800,0,1200,0
activity,0,16.6679,16.6373,1.8780,12240,313,818428970776,1.7413,0.9081,14.8835,16652800,80800,275800,0,1700,0
activity,0,16.6646,16.7890,2.1760,18632,314,818429137149,1.7139,0.7779,15.0608,16644400,70600,596600,0,1400,0
activity,0,16.6684,16.6688,1.8330,12240,314,818429305039,2.0157,0.7261,14.6373,16657100,65000,253300,0,1500,0
activity,0,16.6675,16.6679,2.1422,12240,313,818429471727,1.9239,1.2256,14.7292,16652300,84500,440200,0,1600,0
activity,0,16.6666,16.6617,1.8227,12240,314,818429638406,1.8850,0.6701,14.7595,16649200,86100,315400,0,1500,0
activity,0,16.6674,16.6732,1.8534,12240,314,818429805023,1.7065,1.5666,14.9508,16649500,77500,297100,0,1600,0
activity,0,16.6652,16.6686,2.1596,18632,313,818429971755,2.0752,0.8669,14.5771,16644700,76500,639800,0,1600,0
activity,0,16.7217,16.6653,1.8371,12240,314,818430138441,2.0066,0.7143,14.6428,16711100,70200,267700,0,1200,0
activity,0,16.6641,16.6689,1.8432,12240,314,818430305094,1.7234,1.0479,14.9263,16634400,66800,249600,0,1100,0
activity,0,16.6676,16.6613,1.8893,12240,314,818430471783,1.9975,0.8668,14.6473,16656200,63700,302700,0,1200,0
activity,0,16.6683,16.7319,1.8708,12240,314,818430638396,1.7463,0.6839,14.9648,16652100,83500,355700,0,1300,0
activity,0,16.6653,16.6511,2.1545,18632,311,818430805715,1.6662,1.0482,14.9683,16647300,72100,588900,0,1600,0
activity,0,16.6685,16.6735,1.8412,12240,314,818430972226,1.6104,0.6633,15.0459,16653400,73100,305700,0,1400,0
activity,0,16.6667,16.6672,2.1494,12240,314,818431138961,2.0237,1.2344,14.6286,16649000,64400,318900,0,1000,0
activity,0,16.6667,16.6632,1.9548,12240,314,818431305633,1.9639,0.8382,14.6835,16650300,62700,264000,0,1100,0
activity,4,16.6656,16.6715,1.8555,18382,312,818431472265,1.9676,1.6469,14.6858,16645600,106000,561700,0,1200,0
activity,0,16.6683,16.6654,2.1893,18638,319,818431638980,1.6290,0.6724,15.0200,16658500,63500,563400,0,1100,0
activity,0,16.6649,16.6688,1.9139,12246,319,818431805634,1.5752,1.1975,15.0752,16641700,77000,302800,0,1400,0
activity,0,16.6685,16.6630,2.1535,12246,318,818431972322,1.8688,1.1597,14.7769,16655700,63000,253000,0,900,0
activity,0,16.6657,16.6741,1.8002,12246,319,818432138952,2.0319,0.7618,14.6265,16649300,74600,256400,0,1200,0
activity,0,16.6693,16.6550,1.8258,12246,319,818432305693,1.7200,0.8080,14.9217,16653000,66600,262000,0,1600,0
activity,0,16.6661,16.6721,2.1586,18638,319,818432472243,1.5916,0.6913,15.0643,16649800,67100,483500,0,1300,0
activity,0,16.6683,16.6645,1.8688,12246,319,818432638964,1.7533,0.9050,14.8961,16654500,67000,308100,0,1100,0
activity,0,16.6902,16.6698,1.8534,12246,319,818432805609,1.7121,0.8014,14.9410,16670000,78300,351400,0,1700,0
activity,0,16.6593,16.6670,1.8760,12246,319,818432972307,1.9633,1.0961,14.6865,16637700,79600,316600,0,1400,0
activity,0,16.6679,16.6740,1.8278,12246,319,818433138977,1.5812,1.0464,15.0736,16648400,77100,314100,0,1500,0
activity,0,16.6660,16.6876,2.1514,18638,319,818433305717,2.1362,1.0746,14.5339,16649900,71700,526000,0,1300,0
activity,0,16.6672,16.6567,1.8565,12246,319,818433472593,1.9988,1.0360,14.6390,16656000,71000,317600,0,1000,0
activity,0,16.6690,16.6675,1.8698,12246,319,818433639160,1.9682,1.1567,14.6804,16653000,71800,321100,0,1400,0
activity,0,16.6660,16.6642,2.1555,12246,319,818433805835,1.9529,1.0703,14.6970,16650100,72800,300700,0,1700,0
activity,0,16.6717,16.6704,1.9302,12246,319,818433972477,1.6318,1.1016,15.0242,16658700,72600,291000,0,1300,0
activity,0,16.7054,16.6682,2.1760,18638,319,818434139181,1.6936,0.7354,14.9594,16692800,78100,710000,0,1500,0
activity,0,16.6632,16.6662,1.9210,12246,319,818434305863,1.6671,1.0869,14.9831,16628900,73800,344400,0,1400,0
activity,0,16.6811,16.6789,2.2272,12246,319,818434472525,1.9250,1.7214,14.7340,16663300,71200,321200,0,1300,0
activity,0,16.7188,16.7142,1.9364,12246,319,818434639314,2.1359,1.2043,14.5570,16702000,69600,268000,0,1500,0
activity,0,16.6658,16.6486,1.8964,12246,319,818434806456,2.0531,0.8346,14.5759,16651100,73100,430000,0,1400,0
activity,4,16.6685,16.6793,2.1617,24744,318,818434972942,1.7887,0.6902,14.8747,16652300,110300,890100,0,1400,0
activity,0,16.6687,16.7175,1.8309,12216,324,818435139735,1.6748,0.7298,15.0274,16653400,72900,316400,0,1200,0
activity,0,16.6740,16.6652,2.2139,12216,324,818435306910,1.7642,1.3383,14.8869,16662300,75700,343400,0,1500,0
activity,0,16.6620,16.6689,1.8985,12216,324,818435473562,2.0701,1.1661,14.5824,16644500,92400,261000,0,1200,0
activity,0,16.6626,16.6712,1.9261,12216,324,818435640251,1.8188,1.2302,14.8347,16641700,74500,342300,0,1600,0
activity,0,16.6659,16.6767,2.1821,18608,324,818435806963,1.8179,0.6868,14.8445,16650100,72600,537300,0,1400,0
activity,0,16.6680,16.6614,1.8760,12216,324,818435973730,1.8142,1.1700,14.8304,16655400,68200,271100,0,1200,0
activity,0,16.6677,16.6571,1.7889,12216,323,818436140344,1.9764,0.7794,14.6654,16655100,72000,273800,0,1600,0
activity,0,16.6682,16.6636,1.9016,12216,322,818436306915,1.7924,0.6761,14.8576,16658600,73600,451800,0,1500,0
activity,0,17.0328,16.6684,1.9118,12216,324,818436473551,1.6569,0.6775,14.9986,17017400,69600,291500,0,1300,0
activity,0,16.6552,16.6682,2.2589,18608,324,818436640235,1.6702,0.7747,14.9849,16632900,83000,652800,0,1700,0
activity,0,16.6668,16.6736,1.9067,12216,324,818436806917,1.9082,0.6774,14.7505,16650400,79200,334400,0,1600,0
activity,0,16.6665,17.0359,2.1719,12216,323,818436973653,1.7632,1.2639,15.2544,16649700,74100,287400,0,1700,0
activity,0,16.6682,16.6518,1.9610,12216,324,818437144012,2.1990,0.8522,14.4340,16652100,74200,302100,0,1500,0
activity,0,16.6657,16.6655,1.9016,12216,324,818437310530,2.2272,0.7758,14.4233,16649600,66900,351000,0,1500,0
activity,0,16.6654,16.6658,2.1473,18608,322,818437477185,1.8382,0.8441,14.8116,16651400,66200,774900,0,1200,0
activity,0,16.6673,16.6672,1.9159,12216,323,818437643843,1.6671,1.4759,14.9850,16651800,71000,286600,0,1300,0
activity,0,16.6687,16.6650,2.1637,12216,321,818437810515,1.5625,0.8118,15.0872,16657200,69400,278100,0,1300,0
activity,0,16.6647,16.6659,1.9415,12216,324,818437977165,1.9115,0.8031,14.7399,16647200,65600,253300,0,800,0
activity,0,16.6687,16.6653,1.8749,12216,324,818438143824,1.6887,0.9182,14.9634,16656900,78300,254900,0,1100,0
activity,0,16.6685,16.6712,2.1463,18608,323,818438310477,1.6621,0.7979,14.9952,16654000,67200,2083400,776300,1500,0
activity,4,16.7476,16.6614,1.9364,19622,324,818438477189,1.6092,0.7513,15.0382,16735100,407500,504500,0,1700,0
activity,0,16.6661,16.6706,2.4975,12894,325,818438643803,1.7246,1.1151,14.9325,16647600,79300,315300,0,1600,0
activity,0,16.6680,16.6703,1.9005,12894,326,818438810509,2.7816,0.8804,13.8727,16651700,79800,306900,0,1700,0
activity,0,16.6701,16.7511,2.1760,12894,326,818438977212,2.4689,0.8327,14.2664,16658500,72900,263400,0,1400,0
activity,0,16.6658,16.6642,2.2344,19286,325,818439144723,2.4079,0.8505,14.2399,16648700,78200,532200,0,1600,0
activity,0,16.6661,16.6673,1.8463,12894,325,818439311365,2.0231,0.7153,14.6288,16646300,81800,280700,0,1500,0
activity,0,16.6663,16.6741,2.1371,12894,325,818439478038,2.3206,0.8484,14.3381,16648700,74200,312200,0,1500,0
activity,0,16.6661,16.6668,1.8493,12894,324,818439644779,2.1129,0.7499,14.5360,16650100,75400,312200,0,1900,0
activity,0,16.6665,16.6635,1.8473,12894,326,818439811447,2.3822,0.7270,14.2642,16648200,73600,304900,0,1800,0
activity,0,16.6666,16.6647,2.1893,19286,325,818439978082,2.2230,0.7840,14.4259,16652900,70200,684000,0,1500,0
activity,0,16.9490,16.6668,1.8063,12894,323,818440144729,2.1126,0.7056,14.5377,16933200,70200,272500,0,1300,0
activity,0,16.6674,16.6637,2.1637,12894,325,818440311397,1.8712,0.8207,14.7771,16653500,70700,275600,0,1400,0
activity,0,16.6681,16.6677,1.8350,12894,324,818440478034,2.3462,0.6401,14.3068,16683100,73800,294600,0,1300,0
activity,0,16.6664,16.9477,1.8565,12894,326,818440644711,1.8103,0.6882,15.1231,16619000,72100,277000,0,1700,0
activity,0,16.6665,16.6684,2.1176,19286,326,818440814188,1.8208,0.7523,14.8329,16647800,72400,633900,0,1500,0
activity,0,16.6655,16.7002,1.8248,12894,325,818440980872,2.0065,0.6536,14.6769,16649300,72000,481300,0,1100,0
activity,0,16.6674,16.6359,2.1473,12894,326,818441147874,2.0961,0.8279,14.5231,16649800,72300,289800,0,1300,0
activity,0,16.6697,16.6673,1.8483,12894,325,818441314233,2.3841,0.8110,14.2637,16657000,70600,298800,0,1600,0
activity,0,16.6642,16.6650,1.8115,12894,326,818441480906,2.3565,0.7104,14.2929,16645300,75600,373500,0,1500,0
activity,0,16.6682,16.6656,1.8575,19286,326,818441647556,1.8881,0.8255,14.7619,16651600,69400,500000,0,1400,0
activity,0,16.6643,16.6745,1.8309,12894,326,818441814212,1.8501,0.8742,14.8071,16655000,67300,276100,0,1300,0
activity,4,16.6796,16.6591,2.1596,25154,325,818441980957,2.0767,0.7599,14.5687,16672900,118500,738500,0,1500,0
activity,0,16.6613,16.6668,1.8319,12366,314,818442147548,1.8878,0.7141,14.7640,16620600,144200,538300,0,5200,0
activity,0,16.6628,16.6696,1.8596,12366,313,818442314216,1.7219,0.8115,14.9334,16623400,125100,460000,0,2200,0
activity,0,16.6665,16.6964,1.8452,18758,313,818442480912,2.1128,1.7331,14.5604,16649700,77500,580500,0,1500,0
activity,0,16.6665,16.6560,1.8647,12366,314,818442647876,5.4464,1.4960,11.1744,16650300,76600,275100,0,1600,0
activity,0,16.6689,16.6503,2.1422,12366,313,818442814436,3.5128,1.4249,13.1108,16654400,72900,281600,0,1300,0
activity,0,16.7574,16.6646,1.8299,12366,314,818442980939,2.4227,0.8827,14.2271,16752500,69400,329400,0,1500,0
activity,0,16.6554,16.6658,1.8473,12366,314,818443147585,2.1471,0.7619,14.5034,16617200,75700,282000,0,1500,0
activity,0,16.6687,16.6711,1.8975,18758,314,818443314243,1.8071,0.9335,14.8474,16653700,73800,753900,0,1500,0
activity,0,16.6661,16.7777,1.8350,12366,313,818443480954,1.9945,0.8258,14.7583,16648800,79200,323700,0,2100,0
activity,0,16.6683,16.6328,2.1586,12366,314,818443648731,2.2165,0.8469,14.4009,16652600,73600,265000,0,1400,0
activity,0,16.6659,16.6709,1.8237,12366,314,818443815059,2.2129,0.9027,14.4409,16645500,74600,357500,0,1800,0
activity,0,16.6656,16.6645,1.8555,12366,314,818443981768,2.2914,0.6692,14.3577,16647500,71600,274700,0,1300,0
activity,0,16.6677,16.6701,1.8330,18758,314,818444148413,2.2308,0.8983,14.4222,16652200,72300,510600,0,1300,0
activity,0,16.6671,16.6643,1.8493,12366,314,818444315114,2.2852,1.2142,14.3605,16652200,76300,354500,0,1500,0
activity,0,16.6690,16.6642,2.1350,12366,312,818444481757,2.2133,1.3220,14.4342,16656100,87200,253900,0,1300,0
activity,0,16.6642,16.6685,1.8616,12366,313,818444648399,2.0568,1.1643,14.5956,16643700,80200,314200,0,1900,0
activity,0,16.6654,16.6671,1.8545,12366,314,818444815084,2.2320,0.7190,14.4203,16647700,68000,287600,0,1400,0
activity,0,16.6684,16.6744,1.8391,18758,314,818444981755,2.0522,0.6955,14.6042,16657700,68600,465500,0,1100,0
activity,0,16.6669,16.6588,1.8299,12366,313,818445148499,2.0134,0.7758,14.6304,16653000,74500,367800,0,1600,0
activity,0,16.6931,16.6614,2.1914,12366,313,818445315087,1.7868,1.2349,14.8610,16676700,72300,365700,0,1500,0
activity,4,16.6651,16.6707,1.8063,18496,313,818445481701,1.9329,0.7058,14.7248,16649900,98800,799700,0,1300,0
activity,0,16.6659,16.6676,1.8514,12240,314,818445648408,2.0804,0.7170,14.5728,16645900,67700,274300,0,1400,0
activity,0,16.6652,16.6927,1.8473,18632,314,818445815084,2.0057,0.8390,14.6711,16647700,67000,453900,0,1600,0
activity,0,16.6674,16.6676,1.8545,12240,314,818445982011,2.2026,0.6764,14.4475,16648000,73100,266700,0,1500,0
activity,0,16.7526,16.6632,2.1903,12240,313,818446148687,1.8243,0.8527,14.8217,16738000,65200,291300,0,1200,0
activity,0,16.6455,16.6634,1.8575,12240,313,818446315319,1.7756,0.7248,14.8722,16628500,62700,279200,0,1000,0
activity,0,16.6678,16.6686,1.9026,12240,314,818446481953,1.9053,0.6652,14.7427,16653600,66800,260700,0,1000,0
activity,0,16.6663,16.7522,1.8115,18632,313,818446648639,1.8345,0.9272,14.9035,16651200,62400,468700,0,1200,0
activity,0,16.6673,16.6440,1.8657,12240,314,818446816161,1.8609,0.8113,14.7676,16654900,67200,272200,0,1300,0
activity,0,16.6668,16.6689,2.2006,12240,314,818446982601,1.7504,0.9109,14.9033,16650300,66800,242800,0,1100,0
activity,0,16.6699,16.6655,1.8207,12240,314,818447149290,1.8866,0.9022,14.7648,16658800,67100,281100,0,1000,0
activity,0,16.6648,16.6689,1.9579,12240,314,818447315945,1.7525,0.6639,14.9025,16641200,75500,259200,0,1200,0
activity,0,16.6673,16.6653,1.9200,18632,314,818447482634,1.9706,0.6958,14.6798,16650700,65000,505100,0,1100,0
activity,0,16.6725,16.6778,1.9364,12240,314,818447649287,2.1377,0.9424,14.5212,16658000,70200,291400,0,1500,0
activity,0,16.6673,16.6581,2.2333,12240,314,818447816065,1.7970,0.7870,14.8443,16655800,73200,259300,0,1500,0
activity,0,16.6662,16.6665,1.9302,12240,314,818447982646,1.8613,0.7681,14.7895,16647500,70400,326500,0,1500,0
activity,0,16.6667,16.6740,1.8862,12240,311,818448149311,2.0704,0.7161,14.5876,16651200,75200,253300,0,1300,0
activity,0,16.6719,16.6711,1.9395,18632,313,818448316051,1.8763,0.7011,14.7794,16662700,73600,496700,0,900,0
activity,0,16.6646,16.6611,1.8340,12240,313,818448482762,2.0767,0.5924,14.5708,16639500,123000,310900,0,1400,0
activity,0,16.6681,16.6665,2.1535,12240,314,818448649373,1.8550,0.7671,14.7962,16650500,74300,379600,0,1500,0
activity,0,16.6615,16.6795,2.2006,12240,314,818448816038,2.0054,0.7889,14.6575,16639800,74300,269700,0,1800,0
activity,4,16.6668,16.6621,2.1545,18382,311,818448982833,2.2888,1.0373,14.3508,16656400,93600,444900,0,1200,0
activity,0,16.6696,16.6676,2.1668,18638,319,818449149454,2.3160,0.6760,14.3347,16662900,64300,481700,0,800,0
activity,0,16.6741,16.6519,1.8606,12246,319,818449316130,1.8075,0.6960,14.8324,16666400,77000,265500,0,1300,0
activity,0,16.6631,16.6672,2.1780,12246,319,818449482649,1.8179,0.7860,14.8385,16633100,99700,434000,0,2500,0
activity,0,16.6645,16.6750,1.8289,12246,318,818449649321,1.9209,0.6963,14.7421,16641800,84100,529700,0,2000,0
activity,0,16.6653,16.6865,2.2211,12246,319,818449816071,1.9628,1.1683,14.7039,16646900,81700,278700,0,1300,0
activity,0,16.6803,16.6573,1.8524,18638,318,818449982936,3.1651,1.3142,13.4683,16673700,74400,742200,0,1000,0
activity,0,16.6558,16.6598,1.9384,12246,318,818450149509,3.0451,0.6931,13.5968,16637200,67700,284200,0,1300,0
activity,0,16.6663,16.6616,2.2211,12246,319,818450316107,1.7098,0.8307,14.9371,16648200,79500,308100,0,1500,0
activity,0,16.6690,16.6877,2.1740,12246,319,818450482723,2.6318,0.7070,14.0421,16650100,66800,302000,0,1200,0
activity,0,16.6649,16.6520,1.9190,12246,319,818450649600,2.2779,0.8044,14.3593,16648200,66900,281300,0,1100,0
activity,0,16.6641,16.6690,2.1115,18638,319,818450816120,2.0634,0.6609,14.5849,16646400,68200,581700,0,1300,0
activity,0,16.6702,16.6658,1.9517,12246,319,818450982810,1.7431,0.7292,14.9072,16660000,69100,345800,0,1100,0
activity,0,16.6650,16.6637,2.1678,12246,319,818451149468,1.7566,1.2501,14.8918,16649000,62400,244900,0,1000,0
activity,0,16.6686,16.6613,1.9200,12246,319,818451316105,1.7276,0.8327,14.9189,16657400,64400,293500,0,900,0
activity,0,16.6665,16.6740,1.9569,12246,316,818451482718,2.2990,0.6775,14.3610,16651800,62200,275600,0,1100,0
activity,0,16.6685,16.6622,1.9282,18638,317,818451649458,1.8745,0.7764,14.7745,16654500,72200,535800,0,1400,0
activity,0,16.6661,16.6709,1.9057,12246,318,818451816080,1.8040,0.6291,14.8535,16649600,78000,276500,0,1600,0
activity,0,16.6680,16.6684,2.1719,12246,319,818451982789,1.6313,0.7946,15.0208,16656900,70400,262400,0,1300,0
activity,0,16.6676,16.6700,1.8770,12246,319,818452149473,1.9799,0.7854,14.6748,16646300,74600,355900,0,1500,0
activity,0,16.6666,16.6660,1.9057,12246,319,818452316173,1.7934,0.9252,14.8564,16649300,71800,270500,0,1600,0
activity,4,16.7576,16.6735,1.9343,24744,319,818452482833,1.7339,0.8477,14.9232,16741500,115000,791200,0,1600,0
activity,0,16.6658,16.6629,1.8534,12216,324,818452649568,2.1025,0.6996,14.5440,16650100,72000,276700,0,1500,0
activity,0,16.6687,16.6642,2.1524,12216,322,818452816197,1.6835,0.8785,14.9660,16652400,75000,375500,0,1800,0
activity,0,16.6659,16.7572,1.9558,12216,324,818452982839,2.2009,0.7844,14.5408,16649100,71500,291300,0,1600,0
activity,0,16.6652,16.6666,1.9190,12216,322,818453150411,1.8425,0.9342,14.8078,16648500,72300,297700,0,1600,0
activity,0,16.7307,16.6692,2.1279,18608,324,818453317077,2.0424,0.7935,14.6104,16715600,67500,521000,0,1300,0
activity,0,16.6665,16.6644,1.8872,12216,323,818453483769,1.7259,0.6674,14.9233,16655600,62000,394900,0,1100,0
activity,0,16.6677,16.6623,2.1668,12216,323,818453650413,1.7170,0.7269,14.9316,16654900,68100,250500,0,1200,0
activity,0,16.6660,16.7280,1.8412,12216,324,818453817036,1.7624,1.1262,14.9533,16655300,71300,328000,0,1200,0
activity,0,16.6716,16.6679,1.9671,12216,324,818453984316,1.7493,0.6238,14.9064,16662600,69500,469400,0,1400,0
activity,0,16.7524,16.6665,1.8637,18608,324,818454150995,1.7924,0.9176,14.8625,16736100,77100,613500,0,2100,0
activity,0,16.6523,16.6671,1.8442,12216,323,818454317660,1.9394,0.8921,14.7161,16632800,72900,249400,0,1500,0
activity,0,16.7160,16.6784,2.1709,12216,323,818454484331,2.3342,0.8805,14.3286,16700600,73600,269600,0,1400,0
activity,0,16.6681,16.7546,1.8555,12216,324,818454651115,2.4163,0.7282,14.3198,16648400,67900,262100,0,1300,0
activity,0,16.6663,16.6493,1.8381,12216,324,818454818661,2.2000,0.9047,14.4329,16653200,68000,339000,0,1200,0
activity,0,16.6728,16.7158,1.8432,18608,324,818454985154,2.2455,0.6782,14.4551,16658300,67800,539800,0,1100,0
activity,0,16.6660,16.6657,1.8606,12216,324,818455152312,1.8853,0.8165,14.7632,16653700,77200,243500,0,1200,0
activity,0,16.6645,16.6668,2.2047,12216,324,818455318969,1.9663,1.1467,14.6870,16646600,71600,308100,0,1600,0
activity,0,16.7160,16.6718,1.8022,12216,323,818455485637,1.7924,0.8754,14.8660,16722600,69300,258100,0,1200,0
activity,0,16.6529,16.6676,1.8227,12216,324,818455652355,1.5607,0.8977,15.0931,16620300,67500,306500,0,1400,0
activity,0,16.6683,16.6591,1.8094,18608,324,818455819031,1.7684,0.7741,14.8782,16658700,65800,731800,0,1100,0
activity,4,16.6681,16.7361,1.8534,19622,324,818455985622,1.5853,1.2468,15.1374,16655200,230900,505500,702100,1500,0
activity,0,16.6645,16.6330,1.7889,12894,326,818456152983,1.5533,1.9142,15.0670,16650100,72300,285100,0,1400,0
activity,0,16.6685,16.6713,1.9210,12894,326,818456319313,1.6213,0.7809,15.0375,16660800,69100,274600,0,1000,0
activity,0,16.6666,16.6671,1.8053,12894,325,818456486026,2.0426,0.6290,14.6127,16651600,68400,252900,0,1200,0
activity,0,16.6800,16.6609,1.8627,19286,325,818456652697,2.0257,0.6899,14.6243,16663200,70400,579600,0,1200,0
activity,0,16.6542,16.6753,1.8053,12894,326,818456819306,1.7506,0.6194,14.9102,16644700,71100,328400,0,1100,0
activity,0,16.6645,16.6652,2.1658,12894,323,818456986059,1.9347,0.8303,14.7171,16649200,66400,345300,0,900,0
activity,0,16.6696,16.6763,1.8514,12894,326,818457152711,2.1593,0.8891,14.5039,16663600,67500,304400,0,1100,0
activity,0,16.6675,16.6559,1.9538,12894,326,818457319474,1.8486,0.7081,14.7962,16654300,66200,259300,0,1200,0
activity,0,16.6662,16.6597,1.8002,19286,326,818457486033,2.0137,1.0034,14.6354,16649900,64000,484200,0,1200,0
activity,0,16.7232,16.6751,2.1238,12894,326,818457652630,1.9029,0.8433,14.7608,16704400,66200,274100,0,1200,0
activity,0,16.6595,16.6689,2.1586,12894,325,818457819381,1.9385,0.7986,14.7160,16648700,63300,237200,0,1100,0
activity,0,16.6670,16.6656,1.8442,12894,326,818457986070,1.8778,0.6477,14.7723,16652100,65500,319600,0,900,0
activity,0,16.6674,16.7190,1.8053,12894,323,818458152726,2.0340,0.7937,14.6706,16654800,66600,252300,0,1200,0
activity,0,17.0594,16.6638,1.8688,19286,326,818458319916,1.5250,0.9077,15.1238,17051500,73600,553700,0,1400,0
activity,0,16.6591,16.6673,1.8309,12894,326,818458486554,1.7079,0.6135,14.9443,16622700,157800,319300,0,3500,0
activity,0,16.6661,16.6692,2.1617,12894,325,818458653227,1.8004,0.7955,14.8545,16649900,80400,295400,0,1400,0
activity,0,16.6670,17.0761,1.8268,12894,326,818458819919,1.9618,0.8543,15.0899,16652600,72800,349700,0,1500,0
activity,0,16.6677,16.6433,2.1617,19286,326,818458990680,2.5191,0.6992,14.1036,16651300,74000,594500,0,1500,0
activity,0,16.6679,16.6655,2.8406,12894,326,818459157113,1.7531,1.0715,14.8968,16654500,70900,280400,0,1300,0
activity,0,16.6651,16.6674,1.8330,12894,325,818459323768,2.3507,0.9550,14.3021,16648800,75700,337200,0,1500,0
activity,4,16.6695,16.6658,2.1535,25154,325,818459490442,2.0748,0.7413,14.5766,16656500,137100,830100,0,1500,0
activity,0,16.6656,16.6708,1.8186,12366,314,818459657100,2.0970,0.9172,14.5576,16649000,69400,325500,0,1300,0
activity,0,16.6639,16.6632,2.2292,18758,314,818459823808,2.2821,1.3860,14.3668,16643900,72900,558000,0,1200,0
activity,0,16.6692,16.6730,1.8473,12366,313,818459990440,2.4635,0.7503,14.1932,16656800,66500,268900,0,1300,0
activity,0,16.7887,16.6649,1.8217,12366,314,818460157170,1.8869,0.9556,14.7623,16773400,69700,302900,0,1200,0
activity,0,16.6670,16.6583,2.1699,12366,314,818460323819,1.9179,0.7733,14.7261,16653200,71300,333300,0,1300,0
activity,0,16.6666,16.6714,1.8002,12366,314,818460490402,1.7552,1.1507,14.9017,16650500,74700,272000,0,1500,0
activity,0,16.6669,16.7889,2.1965,18758,313,818460657116,1.5853,0.6548,15.1882,16653100,71300,758500,0,1400,0
activity,0,16.6680,16.6681,1.8217,12366,314,818460825005,1.8305,0.6862,14.8230,16653300,71600,253100,0,1400,0
activity,0,16.6670,16.6652,1.8678,12366,313,818460991686,2.1065,0.9153,14.5441,16650700,71800,365500,0,1500,0
activity,0,16.6664,16.6685,2.1709,12366,313,818461158338,2.2484,0.7329,14.4049,16647300,80900,369300,0,1300,0
activity,0,16.6645,16.6677,1.9333,12366,314,818461325023,1.8911,0.7900,14.7624,16649900,68700,263400,0,1500,0
activity,0,16.6710,16.6702,2.2395,18758,314,818461491700,2.4974,0.8344,14.1534,16661900,66600,535700,0,1300,0
activity,0,16.6659,16.6610,1.9548,12366,312,818461658402,2.0554,0.8608,14.5920,16646000,74700,361900,0,1600,0
activity,0,16.6652,16.6618,1.9415,12366,313,818461825012,1.8995,1.0117,14.7504,16650600,72100,259900,0,1100,0
activity,0,16.6645,16.6772,1.9282,12366,314,818461991630,2.1302,0.8067,14.5320,16648100,80100,283000,0,1300,0
activity,0,16.6710,16.6626,1.9354,12366,313,818462158402,2.2722,0.6272,14.3739,16673300,66700,269500,0,1200,0
activity,0,16.6659,16.6636,2.2641,18758,312,818462325028,1.8632,0.7990,14.7875,16640500,70800,529600,0,1600,0
activity,0,16.6684,16.6606,1.9067,12366,314,818462491664,1.9280,0.6706,14.7202,16656000,65600,245900,0,1400,0
activity,0,16.6688,16.6874,1.9364,12366,312,818462658270,1.7869,0.9522,14.8865,16657400,71400,272900,0,1400,0
activity,0,16.6644,16.6540,1.9118,12366,314,818462825144,1.9669,0.9438,14.6738,16645400,80900,327800,0,1600,0
activity,4,16.6671,16.6704,1.9251,18496,310,818462991684,1.6755,0.8785,14.9805,16652800,106300,604600,0,1400,0
activity,0,16.6659,16.6719,2.1422,18632,314,818463158388,1.7595,0.8684,14.8981,16648700,67000,565800,0,1500,0
activity,0,16.6661,16.6609,1.9599,12240,314,818463325107,2.2691,0.8070,14.3764,16651900,73900,243300,0,1100,0
activity,0,16.6664,16.6671,1.9241,12240,312,818463491716,2.1441,0.8785,14.5087,16653100,66500,276300,0,1200,0
activity,0,16.6707,16.6620,2.1606,12240,312,818463658387,2.2518,0.6666,14.3970,16658000,69100,291200,0,1500,0
activity,0,16.6654,16.6667,1.9436,12240,314,818463825007,1.8115,0.6930,14.8405,16645700,79100,348500,0,1800,0
activity,0,16.6638,16.6708,2.1678,18632,314,818463991674,1.6721,0.7509,14.9812,16646600,93900,467500,0,1500,0
activity,0,16.7018,16.6743,1.8944,12240,314,818464158382,1.8176,0.9807,14.8406,16690800,78600,317700,0,1200,0
activity,0,16.6657,16.6618,1.9323,12240,314,818464325125,1.8737,0.9645,14.7721,16652500,65700,261900,0,900,0
activity,0,16.6672,16.6599,1.9354,12240,314,818464491743,1.6864,1.1108,14.9602,16651800,66900,267300,0,1500,0
activity,0,16.6671,16.7049,1.9139,12240,314,818464658342,1.6196,0.9205,15.0714,16654900,67900,317500,0,1500,0
activity,0,16.6687,16.6648,2.1576,18632,312,818464825391,1.6704,0.6770,14.9822,16656400,69500,613200,0,1500,0
activity,0,16.6668,16.6663,1.9610,12240,314,818464992039,1.7260,0.6937,14.9258,16647800,73400,252700,0,1600,0
activity,0,16.6649,16.6681,1.9098,12240,313,818465158702,1.7287,0.9656,14.9264,16641100,69400,546300,0,1300,0
activity,0,16.6682,16.6735,2.1688,12240,310,818465325383,1.8587,0.6713,14.7980,16653700,74300,377200,0,1400,0
activity,0,16.6665,16.6653,1.9169,12240,314,818465492118,1.7182,0.7461,14.9297,16651500,70700,655000,0,1600,0
activity,0,16.6672,16.6616,2.2487,18632,312,818465658771,1.9468,0.7051,14.6943,16652000,70200,504100,0,1400,0
activity,0,16.8191,16.6688,1.9036,12240,313,818465825387,2.0062,0.8079,14.6477,16806100,79800,324100,0,1300,0
activity,0,16.6200,16.6672,1.9507,12240,313,818465992075,2.6447,0.7820,14.0070,16597500,70100,245900,0,1300,0
activity,0,16.6666,16.6670,1.8237,12240,308,818466158747,1.8716,1.1763,14.7804,16653900,71000,250800,0,1300,0
activity,0,16.6685,16.8233,1.9466,12240,311,818466325417,1.6816,0.7598,15.1246,16655400,65900,266300,0,1200,0
activity,4,16.6671,16.6129,2.2036,24774,314,818466493650,1.6585,0.7041,14.9391,16653100,109000,654400,0,1400,0
activity,0,16.6652,16.6672,1.9313,12246,319,818466659779,1.6369,0.7310,15.0171,16648200,65700,254400,0,1100,0
activity,0,16.7465,16.6698,1.9046,12246,319,818466826451,1.7985,0.8279,14.8570,16731600,69400,379800,0,1200,0
activity,0,16.6667,16.6678,1.9364,12246,319,818466993149,1.9928,1.1520,14.6605,16653000,67000,237200,0,1200,0
activity,0,16.6682,16.6646,1.8924,12246,319,818467159827,1.5745,1.6849,15.0738,16657200,66600,304000,0,1200,0
activity,0,16.6658,16.7439,2.1350,18638,319,818467326473,1.6315,0.7785,15.1002,16652800,61700,516300,0,1400,0
activity,0,16.6697,16.6653,1.9098,12246,319,818467493912,1.6318,1.0475,15.0213,16661000,61000,236200,0,900,0
activity,0,16.7237,16.6693,2.1412,12246,319,818467660565,1.8056,0.8518,14.8517,16718200,72600,285200,0,1200,0
activity,0,16.6580,16.6639,2.1565,12246,319,818467827258,1.8169,0.7300,14.8360,16635400,69600,269900,0,1200,0
activity,0,16.6654,16.6746,1.8278,12246,319,818467993897,1.6835,0.7874,14.9776,16653100,69000,244500,0,1000,0
activity,0,16.6659,16.7317,2.1268,18638,319,818468160643,1.7879,0.7114,14.9303,16652200,67500,524000,0,1300,0
activity,0,16.6679,16.6483,1.9292,12246,315,818468327960,1.7131,0.7458,14.9225,16655600,63400,266700,0,1200,0
activity,0,16.6695,16.6651,1.8964,12246,319,818468494443,1.8145,0.9537,14.8387,16661600,64600,267400,0,1200,0
activity,0,16.6647,16.6643,1.8401,12246,318,818468661094,1.7180,0.7402,14.9343,16645400,75000,298500,0,1300,0
activity,0,16.6688,16.6666,1.8913,12246,319,818468827737,1.7486,0.8972,14.9071,16656900,65100,254500,0,1200,0
activity,0,16.6641,16.6752,2.1760,18638,318,818468994403,1.6265,0.7727,15.0352,16646400,66300,517200,0,1100,0
activity,0,16.7307,16.6604,1.8391,12246,319,818469161155,1.7966,0.6363,14.8488,16726900,77400,576700,0,1100,0
activity,0,16.6634,16.6724,1.8493,12246,319,818469327759,1.7152,1.3471,14.9417,16633100,71100,270800,0,1800,0
activity,0,16.6713,16.6592,1.8084,12246,318,818469494483,1.8120,1.0149,14.8344,16660000,64000,312300,0,1100,0
activity,0,16.6631,16.7470,1.8299,12246,319,818469661075,2.1032,0.6285,14.6239,16625800,97700,515200,0,1800,0
activity,0,16.6659,16.6507,2.2702,18638,319,818469828545,1.8006,1.0718,14.8326,16650100,71200,602400,0,1600,0
activity,4,16.6688,16.6772,1.8606,18352,319,818469995052,1.7004,0.8375,14.9598,16656500,104300,583100,0,1000,0
activity,0,16.6665,16.6583,1.9005,12216,324,818470161824,2.2825,1.3065,14.3434,16649800,67600,259100,0,1300,0
activity,0,16.6676,16.6628,1.8207,12216,321,818470328407,1.6669,1.2271,14.9833,16652500,70400,270100,0,1300,0
activity,0,16.6658,16.6725,2.1514,12216,322,818470495035,2.0148,0.7178,14.6418,16644300,72100,305000,0,1400,0
activity,0,16.6658,16.6663,2.1658,18608,324,818470661760,1.7139,0.8436,14.9360,16648800,71400,753700,0,1400,0
activity,0,16.6690,16.6712,2.1463,12216,324,818470828423,1.6252,0.8209,15.0275,16654700,76800,340400,0,1300,0
activity,0,16.6660,16.6612,1.8534,12216,324,818470995135,1.9270,0.8736,14.7174,16648000,65900,380500,0,1300,0
activity,0,16.6672,16.6648,1.9231,12216,324,818471161747,2.1802,1.2870,14.4686,16653300,64700,244100,0,1200,0
activity,0,16.6701,16.6722,1.8647,12216,324,818471328395,2.0052,1.1695,14.6495,16658400,67600,524300,0,1400,0
activity,0,16.6619,16.6637,2.1391,18608,324,818471495117,2.2734,0.6624,14.3748,16641300,86200,509600,0,1500,0
activity,0,16.6680,16.6671,2.6040,12216,323,818471661754,1.7885,0.8287,14.8649,16694000,65900,253000,0,1200,0
activity,0,16.6660,16.6760,1.8227,12216,322,818471828425,2.2047,0.7329,14.4539,16601400,69500,253200,0,1200,0
activity,0,16.6667,16.6562,2.1740,12216,324,818471995185,1.9632,0.6493,14.6782,16653300,66500,235900,0,1100,0
activity,0,16.6706,16.7179,1.8801,12216,323,818472161747,1.7342,0.6371,14.9604,16662000,71100,254900,0,1200,0
activity,0,16.6669,16.6148,2.1678,18608,324,818472328926,1.6825,0.6552,14.9190,16650300,69700,527100,0,1100,0
activity,0,16.6758,16.6669,2.5856,12216,324,818472495074,1.9307,0.7131,14.7228,16653300,69700,263800,0,1400,0
activity,0,16.6672,16.6786,1.9620,12216,323,818472661743,1.9551,0.9671,14.7072,16651600,66200,252600,0,1200,0
activity,0,16.9612,16.6674,2.1309,12216,324,818472828529,2.0912,0.6239,14.5593,16944800,68800,252400,0,1400,0
activity,0,16.6567,16.6688,1.8104,12216,324,818472995203,1.6678,0.7217,14.9856,16641000,66000,409400,0,1100,0
activity,0,16.6680,16.6675,2.1750,18608,323,818473161891,1.6073,0.6870,15.0444,16652400,73000,863500,0,1300,0
activity,0,16.6673,16.9617,2.1463,12216,323,818473328566,1.6488,1.5611,15.2961,16651200,74900,1215300,804600,1500,0
activity,4,16.6675,16.6584,2.1135,19622,324,818473498183,1.6986,1.9031,14.9426,16650700,227100,595200,0,1600,0
activity,0,16.6660,16.6681,1.8360,12894,325,818473664767,1.8935,0.8496,14.7591,16649800,69100,334400,0,1500,0
activity,0,16.6676,16.6679,1.8022,12894,326,818473831448,3.3200,0.8623,13.3314,16649400,82000,329200,0,1600,0
activity,0,16.6660,16.6663,2.1719,19286,325,818473998127,2.2704,1.1479,14.3804,16648000,71400,550100,0,1300,0
activity,0,16.6692,16.6688,2.2559,12894,326,818474164790,2.0540,1.0075,14.5960,16655500,70300,354100,0,1600,0
activity,0,16.6633,16.6653,1.8422,12894,326,818474331478,2.2076,0.8566,14.4419,16644300,73600,272800,0,1700,0
activity,0,16.6679,16.6648,1.8299,12894,326,818474498131,2.1784,0.8652,14.4699,16653200,74600,301300,0,1300,0
activity,0,16.6700,16.6719,1.8616,12894,326,818474664779,2.2704,0.7835,14.3853,16660800,76800,438800,0,2700,0
activity,0,16.6651,16.6593,2.0879,19286,326,818474831498,2.3425,0.7509,14.3020,16641000,73600,765500,0,1800,0
activity,0,16.6671,16.6683,1.8360,12894,326,818474998091,1.9509,1.1813,14.7024,16648800,69800,705400,0,1400,0
activity,0,16.6644,16.6784,2.1453,12894,326,818475164774,2.5313,1.2441,14.1296,16649400,65100,305600,0,1700,0
activity,0,16.6682,16.6597,1.8391,12894,326,818475331558,2.3059,0.8876,14.3351,16655700,69200,281100,0,1300,0
activity,0,16.7183,16.6635,1.9067,12894,325,818475498155,2.3049,1.0328,14.3440,16703900,73800,290000,0,1400,0
activity,0,16.6677,16.6629,2.1637,19286,324,818475664790,1.7480,0.7670,14.9015,16654200,71800,515000,0,1200,0
activity,0,16.6632,16.6704,1.8975,12894,326,818475831419,2.1249,0.7394,14.5309,16640900,76700,303400,0,1700,0
activity,0,16.6677,16.7203,1.9528,12894,324,818475998123,2.0149,0.7956,14.6892,16655900,71800,268900,0,1400,0
activity,0,16.6692,16.6716,1.8872,12894,326,818476165326,2.0852,0.9791,14.5691,16657200,67600,267400,0,1300,0
activity,0,16.6670,16.6552,1.9241,12894,322,818476332042,2.0063,0.6880,14.6346,16650600,71900,469300,0,1700,0
activity,0,16.6646,16.6690,2.1453,19286,325,818476498594,1.7887,0.6536,14.8674,16647600,75300,811500,0,1400,0
activity,0,16.6651,16.6731,1.8586,12894,326,818476665284,1.8748,0.9753,14.7827,16645100,73400,319000,0,1400,0
activity,0,16.6693,16.6662,2.1371,12894,326,818476832015,2.3645,2.0091,14.2862,16661600,65900,251500,0,1300,0
activity,0,16.6652,16.6636,1.8924,12894,325,818476998677,2.4189,1.0281,14.2288,16651600,67500,344400,0,1300,0
activity,4,16.6688,16.6575,1.9374,25154,326,818477165313,1.9587,0.7270,14.6864,16657300,130800,712100,0,1100,0
activity,0,16.6677,16.6737,2.1555,18758,309,818477331888,1.7034,0.7861,14.9582,16653000,67000,480200,0,1400,0
activity,0,16.6675,16.6648,1.8954,12366,314,818477498625,1.7800,0.7354,14.8717,16652000,79700,253700,0,1600,0
activity,0,16.6631,16.6717,1.9005,12366,313,818477665273,2.1407,0.7779,14.5168,16642600,67000,275400,0,1500,0
activity,0,16.6673,16.6678,1.9118,12366,314,818477831990,1.9956,0.7321,14.6576,16657500,67400,296100,0,1500,0
activity,0,16.6708,16.6681,1.9333,12366,314,818477998668,1.7919,1.0470,14.8602,16661800,68400,324700,0,1300,0
activity,0,16.6629,16.6565,2.1228,18758,313,818478165349,2.2012,0.8232,14.4414,16641900,71300,650500,0,1200,0
activity,0,16.6685,16.6699,1.9016,12366,312,818478331914,1.7819,0.8830,14.8756,16658800,65300,254300,0,1100,0
activity,0,16.6692,16.6774,1.9589,12366,314,818478498613,1.9304,0.8232,14.7316,16655400,70500,303500,0,1300,0
activity,0,16.7282,16.6538,1.9272,12366,314,818478665387,2.0619,0.6784,14.5802,16711600,71800,271200,0,1300,0
activity,0,16.6648,16.6733,1.9139,12366,314,818478831925,1.7646,0.6995,14.8943,16649000,65900,296300,0,1100,0
activity,0,16.6718,16.6704,2.1627,18758,314,818478998658,2.1035,0.6891,14.5520,16664900,62200,620100,0,1100,0
activity,0,16.6779,16.7252,1.9077,12366,314,818479165362,2.1262,1.3633,14.5854,16659300,65600,327300,0,1200,0
activity,0,16.6606,16.6614,1.8473,12366,314,818479332614,1.8382,0.8801,14.8108,16644000,65900,302100,0,1200,0
activity,0,16.6727,16.6780,1.8749,12366,314,818479499228,2.0372,0.7840,14.6279,16664700,70500,299800,0,1000,0
activity,0,16.6674,16.6751,1.9558,12366,314,818479666008,2.0323,0.7969,14.6271,16653700,71800,253700,0,1200,0
activity,0,16.6664,16.6589,2.1842,18758,314,818479832759,1.8607,1.0408,14.7834,16644200,81100,753700,0,1700,0
activity,0,16.6653,16.6797,1.8606,12366,314,818479999348,1.7396,0.7332,14.9253,16647400,85700,401200,0,1800,0
activity,0,16.6669,16.6708,2.2231,12366,314,818480166145,1.6924,1.2397,14.9615,16650300,72400,273400,0,1700,0
activity,0,16.6677,16.6642,1.9323,12366,314,818480332853,2.5579,1.1088,14.0865,16653400,74100,368400,0,1300,0
activity,0,16.6659,16.6631,1.9333,12366,314,818480499495,2.0464,0.8091,14.6011,16647300,72300,267300,0,1300,0
activity,4,16.6651,16.6658,2.1699,24888,311,818480666126,1.6916,0.7160,14.9588,16649200,104700,988100,0,1500,0
activity,0,16.6696,16.6701,1.9180,12240,314,818480832784,1.8609,0.7144,14.7925,16657100,70600,1584800,0,1400,0
activity,0,16.6657,16.6626,1.8371,12240,313,818480999485,1.7796,0.9210,14.8679,16647900,70700,257700,0,1300,0
activity,0,16.6685,16.6644,1.8821,12240,314,818481166111,2.3550,0.9022,14.2944,16652700,71200,261700,0,1300,0
activity,0,16.6658,16.6725,1.8432,12240,313,818481332755,2.7433,0.6579,13.9138,16648700,87100,348400,0,1900,0
activity,0,16.6654,16.6642,2.1596,18632,314,818481499480,1.9859,0.6635,14.6622,16650900,72500,512000,0,1500,0
activity,0,16.6663,16.6698,1.8452,12240,313,818481666122,1.8374,0.8285,14.8156,16650400,82100,287600,0,1500,0
activity,0,16.6657,16.6647,2.1115,12240,313,818481832820,2.0453,0.7688,14.6035,16649800,81400,286500,0,1200,0
activity,0,16.6702,16.6656,1.8524,12240,314,818481999467,2.4045,0.8195,14.2466,16661300,67800,265500,0,1100,0
activity,0,16.6652,16.6658,1.8442,12240,314,818482166123,2.3123,0.6536,14.3381,16647400,67800,236900,0,1200,0
activity,0,16.6675,16.6617,2.1443,18632,314,818482332781,2.0761,0.6734,14.5737,16652900,68300,579000,0,1200,0
activity,0,16.6662,16.6744,1.9384,12240,313,818482499398,1.7258,0.9025,14.9356,16655500,64700,263700,0,900,0
activity,0,16.6669,16.6615,1.8565,12240,314,818482666142,1.6025,0.7781,15.0450,16646500,62700,240100,0,1000,0
activity,0,16.6664,16.6682,1.8125,12240,314,818482832757,1.8890,0.9625,14.7640,16653500,66300,267100,0,1000,0
activity,0,16.6726,16.6703,1.9528,12240,314,818482999439,1.5986,0.7745,15.0570,16664400,77000,315000,0,1200,0
activity,0,16.6672,16.6601,2.1688,18632,313,818483166142,1.6674,0.6709,14.9792,16651400,71500,1659400,0,1400,0
activity,0,16.6680,16.6686,1.8217,12240,314,818483332743,1.6984,0.5832,14.9550,16642900,114100,585900,0,1900,0
activity,0,16.7559,16.6778,1.8473,12240,314,818483499429,1.6716,3.0754,14.9930,16732500,81600,377600,0,1700,0
activity,0,16.7013,16.6717,1.8698,12240,314,818483666207,4.3452,1.1869,12.3064,16680300,68900,400400,0,1300,0
activity,0,16.6763,16.6660,1.8156,12240,313,818483832924,2.9515,1.3087,13.6916,16664200,61200,315000,0,1100,0
activity,0,16.6680,16.7525,2.1678,18632,314,818483999584,2.0081,1.0652,14.7246,16655100,66500,836900,0,1100,0
activity,4,16.6675,16.6960,1.8422,18382,314,818484167109,1.8235,0.7125,14.8569,16655400,103100,695100,0,1200,0
activity,0,16.6667,16.6751,2.1545,12246,319,818484334069,1.8598,0.9491,14.8045,16650300,71900,338100,0,1200,0
activity,0,16.6664,16.6709,2.2548,12246,319,818484500820,1.9449,0.9632,14.7102,16651800,71900,270300,0,1400,0
activity,0,16.6659,16.6708,1.8801,12246,319,818484667529,2.0481,0.7759,14.6074,16648300,65800,240300,0,1400,0
activity,0,16.6680,16.6654,2.1176,18638,319,818484834237,2.0218,0.6683,14.6286,16657100,63600,577300,0,1100,0
activity,0,16.6704,16.6658,1.8289,12246,319,818485000891,1.7299,0.6115,14.9220,16658000,71500,337100,0,1300,0
activity,0,16.6630,16.6618,2.1463,12246,318,818485167549,1.8251,1.2326,14.8233,16642600,73000,269900,0,1500,0
activity,0,16.6674,16.6721,1.8575,12246,319,818485334167,1.6587,0.7710,14.9985,16655300,64300,305700,0,900,0
activity,0,16.6692,16.6723,1.7940,12246,319,818485500888,1.7827,0.7842,14.8755,16655000,70000,320000,0,1200,0
activity,0,16.6629,16.6581,2.1504,18638,319,818485667611,1.7928,1.0158,14.8498,16643200,67400,509100,0,1300,0
activity,0,16.6674,16.6706,1.8022,12246,318,818485834192,1.5346,1.1625,15.1208,16655900,71200,455000,0,1200,0
activity,0,16.6678,16.6702,1.8381,12246,315,818486000898,1.8113,0.9535,14.8438,16656400,75300,255300,0,1300,0
activity,0,16.6843,16.6575,1.8452,12246,319,818486167600,2.0399,0.7507,14.6033,16677500,66800,265500,0,1200,0
activity,0,16.6618,16.6683,1.8995,12246,319,818486334175,2.0821,0.6973,14.5739,16627300,78000,295500,0,1200,0
activity,0,16.6701,16.6684,2.1074,18638,318,818486500858,1.7780,0.8247,14.8785,16659100,74700,664200,0,1300,0
activity,0,16.6665,16.7005,1.8708,12246,319,818486667542,2.0362,0.6490,14.6414,16647100,81100,336000,0,1600,0
activity,0,16.6642,16.6490,2.1535,12246,317,818486834547,1.8262,1.3359,14.8011,16646700,74600,290700,0,1600,0
activity,0,16.6709,16.6756,1.8483,12246,318,818487001037,2.1104,1.0423,14.5489,16659100,89900,291300,0,1600,0
activity,0,16.6635,16.6642,1.8227,12246,319,818487167793,2.1406,0.8027,14.5067,16638800,84900,363000,0,2000,0
activity,0,16.6687,16.6617,2.1668,18638,319,818487334435,1.9077,0.7515,14.7391,16652400,77300,607900,0,1300,0
activity,0,16.9553,16.6769,1.8156,12246,319,818487501052,1.7632,1.2442,14.8961,16941900,67900,343700,0,1200,0
activity,4,16.6640,16.6572,2.1760,18352,319,818487667821,2.1072,0.8346,14.5319,16645200,120700,695400,0,1300,0
activity,0,16.6665,16.6647,1.8299,12216,324,818487834393,2.1054,1.6258,14.5471,16654000,75600,298600,0,1100,0
activity,0,16.6883,16.9584,2.1709,12216,324,818488001040,1.9562,1.9063,14.9859,16679200,69200,264400,0,1300,0
activity,0,16.6627,16.6602,2.1176,18608,323,818488170624,2.0100,0.8197,14.6354,16644200,76500,576000,0,1300,0
activity,0,16.6661,16.6660,1.8401,12216,322,818488337226,1.6387,0.6305,15.0154,16651300,77000,267700,0,1200,0
activity,0,16.6680,16.6935,2.1658,12216,324,818488503886,1.5919,0.8596,15.0874,16654300,68900,332100,0,1100,0
activity,0,16.6662,16.6603,1.8493,12216,324,818488670821,2.0469,0.6858,14.5973,16648400,73200,335600,0,1300,0
activity,0,16.7051,16.6645,1.8135,12216,324,818488837424,2.2809,1.0976,14.3704,16690600,76800,303900,0,1200,0
activity,0,16.6621,16.6705,2.1340,18608,323,818489004069,1.8179,1.1005,14.8365,16647800,96000,518100,0,1200,0
activity,0,16.6697,16.6638,1.9190,12216,324,818489170774,1.6641,0.7703,14.9845,16658600,64600,309800,0,1200,0
activity,0,16.6647,16.7031,2.1637,12216,324,818489337412,1.8675,0.7666,14.8232,16647100,72500,276600,0,1400,0
activity,0,16.6718,16.6614,1.9057,12216,323,818489504443,1.7736,1.5623,14.8743,16661400,69900,316300,0,1100,0
activity,0,16.6655,16.6755,3.4417,12216,324,818489671057,1.9629,0.6852,14.6956,16649400,78900,408500,0,1800,0
activity,0,16.6673,16.6635,2.1258,18608,324,818489837812,1.9138,1.0714,14.7335,16649200,76500,574900,0,1500,0
activity,0,16.6629,16.6770,1.9118,12216,324,818490004447,1.6592,1.2140,15.0022,16644300,91200,362100,0,1700,0
activity,0,16.6705,16.6658,2.1555,12216,324,818490171217,2.3703,0.9671,14.2792,16656500,73800,295500,0,1300,0
activity,0,16.6639,16.6667,1.9057,12216,324,818490337875,2.3803,1.2687,14.2690,16644900,81500,350300,0,1300,0
activity,0,16.7093,16.6595,1.9261,12216,324,818490504542,1.8942,1.0011,14.7501,16698000,73100,271100,0,1200,0
activity,0,16.7418,16.6716,2.1903,18608,324,818490671137,1.8074,1.1925,14.8493,16743700,75900,806600,0,1400,0
activity,0,16.6644,16.6611,1.7951,12216,322,818490837853,1.8092,0.9775,14.8358,16626500,74200,273500,0,1700,0
activity,0,16.6673,16.7131,2.2600,12216,324,818491004464,1.7685,0.9973,14.9297,16654000,101900,292700,0,1600,0
activity,4,16.6686,16.7622,1.9476,19622,323,818491171595,2.1894,0.6503,14.5544,16657700,197400,2298000,737900,1200,0
activity,0,16.6660,16.6427,1.9200,12894,326,818491339217,2.1253,1.0483,14.5013,16646600,74500,261300,0,1400,0
activity,0,16.6658,16.6672,1.8964,19286,326,818491505644,1.9389,0.7670,14.7152,16650200,64300,486700,0,900,0
activity,0,16.6656,16.6732,1.9036,12894,324,818491672316,2.8156,0.6542,13.8422,16650900,64800,313600,0,1400,0
activity,0,16.6744,16.6614,2.2415,12894,326,818491839048,1.9936,0.7170,14.6531,16666800,60400,245200,0,1100,0
activity,0,16.6645,16.6646,1.9374,12894,326,818492005662,1.9654,0.7627,14.6849,16644300,70300,260900,0,1300,0
activity,0,16.6650,16.6642,1.9026,12894,325,818492172308,2.1253,0.7961,14.5259,16643900,71700,262000,0,1200,0
activity,0,16.6654,16.6830,2.1350,19286,325,818492338950,1.8199,0.7106,14.8470,16651200,69300,543800,0,1300,0
activity,0,16.6712,16.6627,1.8299,12894,325,818492505780,1.7454,0.6442,14.8991,16672800,75600,267300,0,1400,0
activity,0,16.6636,16.6593,2.2139,12894,325,818492672407,1.8302,0.7942,14.8137,16627800,81600,275500,0,1400,0
activity,0,16.6701,16.6650,1.8842,12894,326,818492839000,2.2265,0.7367,14.4248,16659400,75900,311000,0,900,0
activity,0,16.6608,16.6905,1.9231,12894,324,818493005650,1.9115,0.6518,14.7615,16629800,121300,270000,0,900,0
activity,0,16.6751,16.6445,1.9016,19286,326,818493172555,1.8265,0.8675,14.8017,16665000,61100,476700,0,1100,0
activity,0,16.6694,16.6809,1.9251,12894,325,818493339000,1.8841,0.6045,14.7755,16656000,68100,330300,0,1400,0
activity,0,16.6664,16.6466,2.1422,12894,326,818493505809,1.7532,0.7179,14.8767,16650300,69900,319200,0,1200,0
activity,0,17.0074,16.6791,1.9395,12894,326,818493672275,1.6963,0.6983,14.9688,16991700,74100,254800,0,1200,0
activity,0,16.6670,16.6717,1.8289,12894,325,818493839066,1.9064,1.5154,14.7499,16651200,64100,259600,0,1000,0
activity,0,16.6650,16.6659,1.9364,19286,325,818494005783,1.7842,0.7831,14.8660,16643300,82100,977800,0,1500,0
activity,0,16.6663,17.0081,1.9118,12894,325,818494172442,1.7964,0.7652,15.1954,16651200,65800,259800,0,1100,0
activity,0,16.6714,16.6679,2.1535,12894,325,818494342523,1.9350,0.8202,14.7163,16660700,68100,289800,0,1200,0
activity,0,16.6648,16.6597,1.9436,12894,326,818494509202,2.4751,0.6622,14.1683,16647400,67000,270400,0,1300,0
activity,4,16.6653,16.6663,1.9395,25154,325,818494675799,1.9903,0.7375,14.6611,16646700,127500,598300,0,1200,0
activity,0,16.6666,16.6753,2.1586,18758,314,818494842462,1.7317,0.6453,14.9292,16647300,77300,544700,0,1200,0
activity,0,16.6679,16.6644,1.9231,12366,312,818495009215,1.7395,0.8526,14.9080,16659300,71600,255900,0,1100,0
activity,0,16.6682,16.6615,2.1750,12366,314,818495175859,1.9913,1.0395,14.6555,16652700,69600,262200,0,1300,0
activity,0,16.6665,16.6663,1.8473,12366,313,818495342474,1.8963,0.6490,14.7510,16651100,70300,388100,0,1400,0
activity,0,16.6671,16.6721,1.8442,12366,314,818495509137,1.6433,0.6496,15.0160,16653100,72200,250700,0,1200,0
activity,0,16.6645,16.6682,1.8596,18758,313,818495675858,1.6796,0.9370,14.9733,16648100,71300,521500,0,1300,0
activity,0,16.6676,16.6656,1.8340,12366,314,818495842540,1.8113,0.6429,14.8399,16654700,73200,388800,0,1200,0
activity,0,16.6669,16.6669,2.2098,12366,314,818496009196,1.6959,0.9541,14.9573,16653900,69700,270300,0,1200,0
activity,0,16.6672,16.6617,1.7961,12366,310,818496175865,1.8647,0.8416,14.7835,16651400,61200,237900,0,1200,0
activity,0,16.6681,16.6677,1.8319,12366,314,818496342482,2.0048,0.6077,14.6499,16654900,65800,241500,0,900,0
activity,0,16.6658,16.6682,1.8227,18758,313,818496509159,1.5738,0.7251,15.0801,16648700,79100,564600,0,1200,0
activity,0,16.6661,16.6662,1.8442,12366,314,818496675841,1.7365,0.6691,14.9151,16650300,78100,262600,0,1300,0
activity,0,16.6675,16.6699,2.1740,12366,314,818496842503,1.7201,1.2202,14.9349,16655300,66200,259300,0,1400,0
activity,0,16.6660,16.6649,1.8391,12366,314,818497009202,2.1049,0.6769,14.5439,16650000,98200,380000,0,1300,0
activity,0,16.6697,16.6635,1.8811,12366,314,818497175851,1.8051,0.6562,14.8453,16652600,75500,297500,0,1100,0
activity,0,16.6672,16.6719,1.8524,18758,314,818497342486,1.5946,0.9668,15.0608,16649800,67100,607100,0,1200,0
activity,0,16.6671,16.6686,1.8319,12366,314,818497509205,1.9989,1.0829,14.6512,16652300,64000,384100,0,1200,0
activity,0,16.6654,16.6675,2.2692,12366,314,818497675891,1.6969,0.9734,14.9559,16648200,71200,270900,0,1400,0
activity,0,16.6660,16.6642,1.9220,12366,314,818497842566,2.1395,0.6956,14.5105,16649400,65800,278300,0,1200,0
activity,0,16.6666,16.6686,1.8350,12366,314,818498009208,1.8063,0.8599,14.8461,16656500,64100,245900,0,1100,0
activity,0,16.6665,16.6633,1.8463,18758,314,818498175894,1.6751,1.0455,14.9732,16653600,64400,746300,0,1400,0
activity,4,16.6673,16.6641,1.8524,18496,314,818498342527,1.6098,0.6893,15.0397,16653600,112900,474700,0,1200,0
activity,0,16.6668,16.6692,2.1412,12240,314,818498509168,1.5206,1.9433,15.1360,16650900,69000,273300,0,1200,0
activity,0,16.6694,16.6670,1.8227,12240,314,818498675860,1.7237,0.7846,14.9301,16659900,74700,262200,0,1300,0
activity,0,16.6660,16.6674,1.8033,12240,313,818498842530,1.8919,0.7111,14.7616,16649500,66100,355000,0,1300,0
activity,0,16.6981,16.6640,1.8749,18632,313,818499009204,1.8081,0.8301,14.8429,16686700,67200,464900,0,1100,0
activity,0,16.6553,16.6732,1.8770,12240,314,818499175844,1.6866,0.6592,14.9733,16637700,74600,245300,0,1000,0
activity,0,16.6677,16.6667,2.1842,12240,312,818499342576,2.0478,0.8076,14.6019,16650600,68700,278700,0,1100,0
activity,0,16.6679,16.6995,1.8606,12240,313,818499509243,1.9163,0.7057,14.7705,16653500,68700,398800,0,1100,0
activity,0,16.6659,16.6535,1.8422,12240,313,818499676238,1.9256,0.6536,14.7121,16647200,73400,351500,0,1500,0
activity,0,16.6655,16.6674,1.8115,18632,314,818499842773,1.7153,1.2700,14.9354,16650000,68400,475100,0,1100,0
activity,0,16.9864,16.6713,1.8135,12240,314,818500009447,1.7374,0.7759,14.9161,16975500,69700,279100,0,1200,0
activity,0,16.7872,16.6625,2.1596,12240,314,818500176160,1.8119,0.7297,14.8353,16768000,64800,237200,0,1100,0
activity,0,16.6547,16.6639,1.8381,12240,314,818500342785,1.7987,0.6566,14.8513,16642700,63300,430000,0,1100,0
activity,0,16.6676,16.9896,1.9036,12240,314,818500509424,1.5143,0.7419,15.4613,16648800,78200,356500,0,1700,0
activity,0,16.6637,16.7845,1.8432,18632,314,818500679320,1.7107,0.7521,15.0574,16643100,70100,574900,0,1400,0
activity,0,16.6667,16.6596,1.8524,12240,314,818500847165,2.1211,1.2876,14.5218,16652700,66400,267700,0,1400,0
activity,0,16.6696,16.6657,2.1955,12240,314,818501013761,1.9000,1.2105,14.7490,16655200,73800,258100,0,1200,0
activity,0,16.6670,16.6596,1.9231,12240,313,818501180418,1.9463,0.5884,14.6969,16651400,69800,333900,0,1500,0
activity,0,16.6679,16.6652,1.8299,12240,314,818501347014,1.6597,0.6422,14.9930,16652100,69300,275200,0,1500,0
activity,0,16.6666,16.6737,1.8237,18632,314,818501513666,1.8668,0.8345,14.7884,16647700,76200,635600,0,1300,0
activity,0,16.6662,16.6690,1.9610,12240,312,818501680403,1.8204,0.6923,14.8312,16648100,70100,258900,0,1400,0
activity,4,16.6676,16.6691,1.8575,18382,310,818501847093,1.8226,1.2907,14.8297,16653000,111000,618900,0,1400,0
activity,0,16.6687,16.6657,1.8698,12246,319,818502013784,2.2341,0.6928,14.4138,16657000,72000,410900,0,1500,0
activity,0,16.6654,16.6632,1.8432,12246,303,818502180441,1.9200,0.7834,14.7282,16645100,104000,295800,0,1600,0
activity,0,16.6721,16.6692,1.8575,18638,317,818502347073,2.0227,0.8014,14.6304,16657000,74000,745500,0,1400,0
activity,0,16.6609,16.6744,1.8135,12246,319,818502513765,2.0478,0.7144,14.6093,16642300,76900,280800,0,1800,0
activity,0,16.6675,16.6604,2.1309,12246,319,818502680509,2.0907,0.8538,14.5545,16657900,74200,490400,0,1400,0
activity,0,16.7531,16.6738,1.8432,12246,318,818502847113,2.4234,0.7937,14.2336,16740500,67200,268000,0,1200,0
activity,0,16.6570,16.6589,2.1821,12246,319,818503013851,2.0595,0.7625,14.5829,16607000,92600,262000,0,1400,0
activity,0,16.6810,16.6725,1.8207,18638,319,818503180440,2.1171,0.8036,14.5409,16671500,64200,477900,0,1200,0
activity,0,16.6665,16.7656,1.9323,12246,319,818503347165,1.9427,0.6735,14.7980,16655600,65000,266400,0,1200,0
activity,0,16.6655,16.6330,2.2497,12246,318,818503514821,1.9124,0.8887,14.6946,16648800,66700,244100,0,1200,0
activity,0,16.6677,16.6844,1.8278,12246,318,818503681151,1.9589,0.6318,14.7125,16655300,75400,241300,0,1200,0
activity,0,16.6698,16.6687,1.8893,12246,319,818503847995,1.7891,0.6068,14.8666,16658100,65400,279400,0,1000,0
activity,0,16.6652,16.6624,1.9313,18638,319,818504014682,1.6746,0.6807,14.9743,16647700,80900,664000,0,1500,0
activity,0,16.6664,16.6688,1.9067,12246,319,818504181306,2.0754,0.6894,14.5801,16653500,77600,341600,0,1600,0
activity,0,16.6660,16.6725,2.2395,12246,319,818504347994,1.5860,0.9540,15.0722,16650300,74700,260600,0,1300,0
activity,0,16.6695,16.6633,1.8719,12246,318,818504514719,2.0346,0.7580,14.6131,16656300,70200,272300,0,1300,0
activity,0,16.6651,16.6665,1.8350,12246,318,818504681352,2.0124,0.6845,14.6412,16647100,72800,274400,0,1800,0
activity,0,16.6659,16.6659,1.9292,18638,319,818504848017,2.0709,0.7309,14.5795,16652100,69000,735800,0,1400,0
activity,0,16.6672,16.6717,2.3235,12246,319,818505014676,2.0490,0.6755,14.6075,16653300,77000,286500,0,1200,0
activity,0,16.6665,16.6615,2.1576,12246,318,818505181393,2.0231,0.7946,14.6240,16654800,68400,322500,0,1300,0
activity,4,16.6689,16.6667,1.9026,18352,319,818505348008,2.0571,0.7113,14.5951,16657500,108600,485800,0,1200,0
activity,0,16.6671,16.6650,2.2508,12216,324,818505514675,2.0063,1.0578,14.6470,16652300,69800,327200,0,1400,0
activity,0,16.6661,16.6669,1.9036,18608,324,818505681325,1.8644,0.8734,14.7906,16652100,84600,629900,0,1400,0
activity,0,16.6678,16.6722,1.9118,12216,324,818505847994,1.8618,0.6916,14.7956,16655400,129700,256300,0,3000,0
activity,0,16.6651,16.6658,2.2979,12216,324,818506014716,1.7094,0.7304,14.9431,16648200,72400,272900,0,1300,0
activity,0,16.6666,16.6646,1.9487,12216,324,818506181374,1.9871,0.9621,14.6652,16652800,62900,265700,0,1500,0
activity,0,16.6689,16.6697,1.9077,12216,323,818506348020,2.1854,0.7305,14.4701,16659000,61700,289300,0,1400,0
activity,0,16.6672,16.6635,1.9005,18608,324,818506514717,1.5500,0.8030,15.0983,16651500,70300,511500,0,1300,0
activity,0,16.6652,16.6644,1.9241,12216,324,818506681352,1.6957,0.9723,14.9571,16646000,77000,258700,0,1200,0
activity,0,16.6663,16.6740,2.1535,12216,324,818506847996,1.4833,0.9824,15.1758,16655300,65900,428800,0,1100,0
activity,0,16.6675,16.6682,1.9180,12216,324,818507014736,1.9144,0.6207,14.7371,16657400,66800,242600,0,1100,0
activity,0,16.6692,16.6588,2.1514,12216,324,818507181418,1.8890,1.7511,14.7569,16655500,69200,309900,0,900,0
activity,0,16.6648,16.6667,1.9261,18608,324,818507348006,1.6665,0.9239,14.9889,16650500,67900,563900,0,1500,0
activity,0,16.6665,16.6703,1.9139,12216,324,818507514673,1.5188,0.6585,15.1386,16654900,69300,260300,0,1300,0
activity,0,16.6776,16.6699,2.2610,12216,323,818507681376,1.6385,0.7515,15.0170,16666300,68800,249700,0,1100,0
activity,0,16.6626,16.6641,1.9302,12216,322,818507848075,1.9259,0.6099,14.7246,16638300,76900,477500,0,1500,0
activity,0,16.6688,16.6685,1.9251,12216,324,818508014716,1.8862,0.6104,14.7687,16655100,68400,270400,0,1500,0
activity,0,16.6683,16.6843,1.8975,18608,322,818508181401,1.6558,0.8702,15.0106,16655900,75200,697900,0,1400,0
activity,0,16.6654,16.6559,1.9313,12216,323,818508348244,2.0178,0.6293,14.6205,16644400,74300,808700,0,1200,0
activity,0,16.6655,16.6700,2.1883,12216,324,818508514803,1.5175,0.9897,15.1377,16649800,71000,285000,0,1300,0
activity,0,16.6678,16.6726,1.9282,12216,324,818508681503,2.2488,0.9034,14.4074,16652300,72100,277200,0,1300,0
activity,4,16.6643,16.6609,1.9210,19622,323,818508848229,2.1681,0.8138,14.4764,16647100,220000,521700,0,1600,0
activity,0,16.6696,16.6649,1.9046,19286,325,818509014838,1.6925,0.8416,14.9574,16659200,65300,2495600,856500,1100,0
activity,0,16.6649,16.6668,1.9180,12894,326,818509181487,1.9420,0.7268,14.7103,16648700,80100,295600,0,1300,0
activity,0,16.7143,16.6607,1.9231,12894,326,818509348155,2.0202,1.1652,14.6269,16707400,71100,255700,0,800,0
activity,0,16.6616,16.6729,1.8156,12894,325,818509514762,2.8351,0.7127,13.8242,16643900,75800,332400,0,1400,0
activity,0,16.6679,16.6615,2.1422,12894,326,818509681491,2.1071,0.6976,14.5418,16652900,70000,252400,0,1400,0
activity,0,16.6667,16.7216,2.6317,19286,326,818509848106,2.4499,0.9963,14.2578,16651000,68600,677600,0,1600,0
activity,0,16.6640,16.6590,1.9364,12894,326,818510015322,2.0728,0.6215,14.5714,16647000,72300,345400,0,1500,0
activity,0,16.6681,16.6680,1.9313,12894,326,818510181912,1.8742,1.4457,14.7789,16656100,64500,284600,0,1300,0
activity,0,16.6680,16.6673,1.8299,12894,326,818510348592,2.1827,0.6682,14.4685,16655200,66300,251700,0,1300,0
activity,0,16.6654,16.6593,2.1340,12894,326,818510515265,1.7950,0.8504,14.8520,16651200,68000,276900,0,1400,0
activity,0,16.6859,16.6693,1.8432,19286,326,818510681858,1.7167,0.7371,14.9395,16673800,77300,590300,0,1200,0
activity,0,16.6611,16.6696,1.8104,12894,326,818510848551,1.7813,0.7777,14.8741,16641800,72600,373500,0,1700,0
activity,0,16.6676,16.6653,2.1647,12894,326,818511015247,1.9703,0.7025,14.6809,16655300,70400,278300,0,1200,0
activity,0,16.6711,16.6885,1.8381,12894,326,818511181900,1.8906,0.9287,14.7832,16659700,79100,285600,0,1400,0
activity,0,16.6637,16.6559,1.8739,12894,325,818511348785,2.2460,0.7092,14.3959,16639400,79400,291600,0,1700,0
activity,0,16.6670,16.6699,1.8708,19286,326,818511515344,1.6665,0.8178,14.9890,16652600,65600,519700,0,1200,0
activity,0,16.6710,16.6773,1.8166,12894,323,818511682043,2.4973,0.7613,14.1626,16654000,68000,274000,0,1200,0
activity,0,16.6657,16.6570,2.1637,12894,325,818511848816,2.0954,0.7941,14.5441,16648300,63400,248600,0,1200,0
activity,0,16.6659,16.6688,1.9507,12894,326,818512015386,1.9994,0.6867,14.6533,16653100,64100,271900,0,1000,0
activity,0,16.6702,16.6723,1.7971,12894,326,818512182074,1.8459,0.6386,14.8082,16662700,70900,280600,0,1200,0
activity,4,16.6667,16.6606,1.8524,31688,326,818512348797,1.6377,0.7243,15.0106,16652600,128500,926200,0,1400,0
activity,0,16.6652,16.6640,1.8504,12380,314,818512515403,1.7635,0.7189,14.8897,16643000,85300,277500,0,1400,0
activity,0,16.6668,16.6757,2.1371,12380,313,818512682043,1.9973,0.9160,14.6656,16652700,68700,255400,0,1100,0
activity,0,16.6654,16.6722,1.8207,12380,313,818512848800,2.3470,0.8209,14.3058,16655400,62500,592100,0,1200,0
activity,0,16.6671,16.6574,2.1504,12380,314,818513015522,1.9481,0.5949,14.6949,16652400,63800,307100,0,900,0
activity,0,16.6672,16.6652,1.8688,18772,312,818513182096,1.7071,0.8489,14.9457,16656300,62500,443400,0,1200,0
activity,0,16.6680,16.6687,1.8483,12380,314,818513348748,2.4433,0.6541,14.2122,16661300,66600,235600,0,1100,0
activity,0,16.6685,16.6638,1.8350,12380,314,818513515435,1.8171,0.8025,14.8355,16652400,62400,241900,0,1200,0
activity,0,16.6649,16.6678,1.8627,12380,314,818513682073,2.1527,0.6283,14.5035,16646400,75700,293500,0,1200,0
activity,0,16.6660,16.6737,2.1852,12380,313,818513848751,1.8606,0.8057,14.8007,16648700,73800,236800,0,1300,0
activity,0,16.6675,16.6669,1.8401,18772,313,818514015488,2.0485,0.8963,14.6041,16656200,64900,533600,0,8900,0
activity,0,16.9602,16.6619,1.8350,12380,312,818514182157,2.1831,0.6794,14.4633,16950700,79100,263800,0,1100,0
activity,0,16.6581,16.6622,2.1637,12380,310,818514348776,1.8845,0.9011,14.7643,16639400,63500,235900,0,1200,0
activity,0,16.6694,16.6700,1.8596,12380,314,818514515398,1.8478,0.8702,14.8084,16655000,66500,248900,0,1100,0
activity,0,16.6659,16.9648,2.1668,12380,314,818514682098,1.9131,0.6494,15.0377,16648000,69100,329200,0,1400,0
activity,0,16.6690,16.6557,1.9118,18772,314,818514851746,1.7604,0.6182,14.8790,16655000,74500,657600,0,1500,0
activity,0,16.6624,16.6720,1.8708,12380,313,818515018303,2.0350,0.9751,14.6201,16639400,81000,269600,0,1700,0
activity,0,16.6667,16.6665,1.8074,12380,314,818515185023,2.0257,1.1336,14.6224,16650100,66700,250000,0,1300,0
activity,0,16.6664,16.6730,1.8268,12380,314,818515351688,2.8367,0.6609,13.8184,16653300,78200,254700,0,1300,0
activity,0,16.6689,16.6576,2.1709,12380,309,818515518418,1.8925,0.7239,14.7470,16657000,69900,334600,0,1000,0
activity,0,16.6666,16.6622,1.8319,18772,314,818515684994,1.6792,0.6628,14.9710,16651100,69300,487100,0,1400,0
activity,4,16.6679,16.6666,1.8903,18638,314,818515851616,2.1041,0.8094,14.5493,16655300,97600,508400,0,1300,0
activity,0,16.6669,16.6718,1.8422,12254,313,818516018282,1.7966,1.0618,14.8605,16649200,73500,263100,0,1500,0
activity,0,16.6648,16.6637,1.8340,12254,314,818516185000,2.0413,0.7496,14.6099,16646800,67200,293500,0,1300,0
activity,0,16.6685,16.6710,2.1903,12254,314,818516351637,1.8075,0.9483,14.8480,16658900,64400,231800,0,1000,0
activity,0,16.6732,16.6658,1.8217,18646,314,818516518347,1.5960,0.9153,15.0533,16668200,76100,735800,0,1000,0
activity,0,16.6620,16.6613,1.8340,12254,314,818516685005,1.8387,0.8629,14.8082,16633900,95000,374700,0,2000,0
activity,0,16.6666,16.6707,2.1596,12254,314,818516851618,1.8586,0.7847,14.8004,16653500,69800,280400,0,1300,0
activity,0,16.6677,16.6871,1.8483,12254,313,818517018325,2.1854,0.8189,14.4831,16653000,70200,265600,0,1300,0
activity,0,16.6680,16.6500,2.3931,12254,313,818517185196,2.3721,0.6436,14.2619,16651600,76000,269700,0,1300,0
activity,0,16.6645,16.6680,1.9425,18646,314,818517351696,1.8028,0.7379,14.8510,16646600,71800,745100,0,1500,0
activity,0,16.6679,16.6686,1.8924,12254,313,818517518376,2.0129,0.7767,14.6403,16654000,81900,287100,0,1300,0
activity,0,16.6673,16.6674,1.9384,12254,312,818517685062,2.1082,0.8106,14.5435,16652400,68300,234500,0,1300,0
activity,0,16.6662,16.6629,1.9005,12254,313,818517851736,2.1420,0.6613,14.5048,16652200,68300,254500,0,1200,0
activity,0,16.6684,16.6680,2.1678,12254,314,818518018365,2.0041,0.6007,14.6500,16657300,71000,348200,0,1200,0
activity,0,16.6669,16.6657,1.9282,18646,314,818518185045,1.7651,0.6442,14.8874,16653900,66900,477000,0,1300,0
activity,0,16.6676,16.6651,1.9200,12254,314,818518351702,1.6502,0.8028,15.0020,16653200,68700,256900,0,1500,0
activity,0,16.6687,16.6701,1.8954,12254,314,818518518353,1.6708,1.0262,14.9866,16655000,66900,246300,0,1300,0
activity,0,16.6632,16.6682,1.9261,12254,313,818518685054,1.7232,0.8145,14.9307,16648100,76200,265900,0,1600,0
activity,0,16.6651,16.6668,2.2477,12254,314,818518851736,1.7526,0.7013,14.9006,16645400,67100,322800,0,1100,0
activity,0,16.6685,16.6699,1.9538,76177,314,818519018404,1.8705,0.8502,14.7844,16659700,67600,1460300,0,1000,0
activity,0,16.6674,16.6612,1.9261,12254,314,818519185103,2.0277,1.0325,14.6205,16655700,71400,269300,0,1200,0
activity,4,16.6724,16.6609,1.8463,18524,313,818519351715,1.9607,1.1666,14.6847,16659300,107300,509100,0,1400,0
activity,0,16.6676,16.6718,1.9169,12260,316,818519518324,2.1661,0.7751,14.4937,16651000,66300,235700,0,1300,0
activity,0,16.6662,16.6692,2.2477,12260,319,818519685042,1.9390,0.7734,14.7169,16650300,63900,256100,0,1200,0
activity,0,16.6688,16.6751,1.9169,18652,318,818519851734,2.0041,0.7257,14.6552,16654900,64400,533400,0,1000,0
activity,0,16.6664,16.6659,1.9476,12260,319,818520018485,2.0061,1.1293,14.6449,16650100,72500,262000,0,1300,0
activity,0,16.6689,16.6645,2.1473,12260,319,818520185144,1.6834,0.9991,14.9671,16653800,80500,262600,0,1300,0
activity,0,16.6650,16.6726,1.8381,12260,318,818520351789,1.6013,0.9944,15.0537,16647400,77100,391000,0,1600,0
activity,0,16.6689,16.6652,2.1555,12260,318,818520518515,1.5725,1.1793,15.0777,16651400,72900,345000,0,1400,0
activity,0,16.6646,16.6709,1.8657,18652,319,818520685167,1.6961,0.9086,14.9579,16648500,72400,535000,0,1500,0
activity,0,16.6664,16.6640,1.9139,12260,319,818520851876,2.1727,1.2433,14.4749,16651700,77300,263700,0,1000,0
activity,0,16.6671,16.6669,1.9118,12260,319,818521018516,1.8167,0.8211,14.8348,16654400,65900,269000,0,1400,0
activity,0,16.6668,16.6640,1.9046,12260,319,818521185185,2.0489,1.0154,14.5998,16649100,72100,295300,0,1500,0
activity,0,16.6782,16.6649,2.1617,12260,318,818521351825,1.7844,0.7180,14.8674,16666200,72200,338800,0,1300,0
activity,0,16.6595,16.6709,1.8575,18652,319,818521518474,1.6166,0.7370,15.0380,16644300,75400,555400,0,1700,0
activity,0,16.6681,16.6633,1.9220,12260,319,818521685183,2.4359,1.2027,14.2131,16652400,73400,332400,0,1500,0
activity,0,16.6635,16.6812,2.1248,12260,319,818521851816,1.7433,0.8987,14.9230,16642900,72000,275700,0,1300,0
activity,0,16.6666,16.6608,1.9057,12260,318,818522018628,2.0035,1.1193,14.6411,16651800,71400,463900,0,1400,0
activity,0,16.6669,16.6682,2.1504,12260,319,818522185236,1.6902,0.7770,14.9622,16651800,69300,293600,0,1300,0
activity,0,16.6672,16.6608,1.9159,18652,319,818522351918,1.7640,0.9225,14.8791,16654200,71600,507300,0,13000,0
activity,0,16.6671,16.6661,1.9087,12260,319,818522518526,2.4766,1.0419,14.1753,16654700,71400,253000,0,1300,0
activity,0,16.6674,16.6652,1.9395,12260,319,818522685187,1.7878,1.0023,14.8641,16652000,72800,282700,0,1300,0
activity,0,16.6672,16.6679,1.8872,12260,319,818522851839,1.7943,0.9861,14.8599,16649000,63500,343800,0,1500,0
activity,4,16.6686,16.6681,2.2630,18494,317,818523018518,1.6818,0.7219,14.9731,16663100,111600,498000,0,1600,0
activity,0,16.6666,16.6708,1.8196,18622,324,818523185199,1.8860,0.6949,14.7662,16644000,76800,711400,0,1400,0
activity,0,16.6671,16.6623,1.8473,12230,324,818523351907,1.7199,0.9085,14.9292,16649200,76900,292600,0,1600,0
activity,0,16.6671,16.6809,1.8514,12230,323,818523518530,1.6673,0.7864,14.9961,16653200,72900,269200,0,1400,0
activity,0,16.6669,16.6606,1.8156,12230,323,818523685339,2.1835,0.6559,14.4606,16649400,71100,271200,0,1400,0
activity,0,16.6660,16.6641,2.1821,12230,324,818523851945,1.8490,0.6345,14.8004,16650200,90000,296700,0,1600,0
activity,0,16.6684,16.6685,1.8350,18622,322,818524018586,1.7360,0.9558,14.9175,16651900,77400,542200,0,1700,0
activity,0,16.6658,16.6659,1.8074,12230,323,818524185271,1.8460,0.8438,14.8036,16650600,73100,283300,0,1500,0
activity,0,16.6680,16.6659,2.1770,12230,324,818524351930,1.9476,0.7942,14.7027,16653600,71300,278400,0,1300,0
activity,0,16.6681,16.6677,1.8463,12230,324,818524518589,1.8111,0.7633,14.8409,16652800,85100,305400,0,1900,0
activity,0,16.6637,16.6650,2.1555,12230,324,818524685266,1.8654,0.6551,14.7853,16643900,71200,273400,0,1100,0
activity,0,16.6667,16.6696,1.8278,18622,323,818524851916,1.6448,0.7922,15.0090,16652100,70200,495600,0,1400,0
activity,0,16.7303,16.6683,1.8371,12230,324,818525018612,1.8068,0.6372,14.8460,16731900,70100,305900,0,1100,0
activity,0,16.6517,16.6600,1.8442,12230,324,818525185295,1.6570,1.0813,14.9870,16618200,68800,297900,0,1300,0
activity,0,16.6955,16.6668,1.8442,12230,324,818525351895,1.8377,1.0340,14.8145,16685200,66700,265300,0,1100,0
activity,0,16.6796,16.7486,2.1248,12230,324,818525518563,1.5855,1.0543,15.1465,16663900,68300,265600,0,1500,0
activity,0,16.6511,16.6331,1.8258,18622,324,818525686049,1.8055,0.8181,14.8128,16634600,79700,639400,0,1200,0
activity,0,16.6660,16.7000,1.8094,12230,322,818525852380,1.7653,0.8011,14.9198,16653700,72900,316800,0,1200,0
activity,0,16.6707,16.6774,2.1944,12230,324,818526019380,1.6669,1.0421,14.9971,16663300,64600,272000,0,1100,0
activity,0,16.6650,16.6473,1.8012,12230,323,818526186154,2.1572,1.1142,14.4775,16646300,70300,270500,0,1300,0
activity,0,16.6696,16.6648,2.2026,12230,323,818526352627,1.7594,0.8296,14.8944,16658000,71500,1362900,938200,1400,0
activity,4,16.6673,16.6772,1.9200,26156,324,818526519275,1.6142,0.6572,15.0493,16650800,216500,705500,0,1600,0
activity,0,16.6994,16.6622,1.8422,12908,325,818526686047,2.0483,0.7828,14.5980,16684600,68900,254400,0,1100,0
activity,0,16.6546,16.6726,1.8012,12908,326,818526852669,2.7510,0.8862,13.9070,16637200,71600,254700,0,1700,0
activity,0,16.6651,16.6666,1.8371,12908,326,818527019395,2.5277,0.6344,14.1234,16647000,77600,423700,0,1600,0
activity,0,16.6661,16.7015,2.1791,12908,326,818527186061,1.8874,0.6467,14.7974,16651000,66800,272300,0,1300,0
activity,0,16.6668,16.6533,1.8330,19300,324,818527353076,1.9882,0.7684,14.6491,16652200,68600,544800,0,1200,0
activity,0,16.6690,16.6622,1.7951,12908,326,818527519609,2.2787,0.6393,14.3686,16657700,78200,380000,0,1200,0
activity,0,16.6682,16.6653,2.1279,12908,326,818527686231,1.9711,0.9687,14.6800,16655300,65500,328300,0,1600,0
activity,0,16.6664,16.6665,1.8432,12908,326,818527852884,1.9890,0.8489,14.6633,16649000,70500,349700,0,1200,0
activity,0,16.6643,16.6706,2.1699,12908,326,818528019549,1.7917,1.0856,14.8661,16645500,78200,340700,0,1300,0
activity,0,16.6682,16.6721,1.8330,19300,326,818528186255,1.8215,0.7379,14.8340,16656800,67700,562400,0,1000,0
activity,0,16.6693,16.6656,1.8309,12908,325,818528352976,2.1459,0.8077,14.5032,16659500,68900,282000,0,1200,0
activity,0,16.6660,16.6586,1.8207,12908,325,818528519632,1.8370,0.7546,14.8086,16647900,71300,293800,0,1800,0
activity,0,16.6645,16.6694,1.8504,12908,326,818528686218,2.0159,0.8066,14.6411,16647100,81000,290700,0,1500,0
activity,0,16.6686,16.6744,2.1422,12908,326,818528852912,1.7782,0.8972,14.8815,16655800,62400,274300,0,1000,0
activity,0,16.6681,16.6638,1.8248,19300,326,818529019656,1.7936,0.7841,14.8545,16654200,66800,755800,0,1200,0
activity,0,16.6651,16.6619,1.8227,12908,326,818529186294,1.9304,0.9563,14.7169,16649200,67200,292700,0,1200,0
activity,0,16.6679,16.6702,2.1617,12908,326,818529352913,1.7503,0.8628,14.9056,16653700,70700,254800,0,1700,0
activity,0,16.6676,16.6687,1.7981,12908,325,818529519615,1.9520,0.7725,14.7022,16653100,68300,349500,0,1400,0
save_load,3,16.6653,16.6636,1.8422,118480,324,818529686302,1.6211,0.6636,15.0282,16648500,151800,4866200,0,1500,0
save_load,0,16.6672,16.6691,1.9231,18288,333,818529852938,1.6424,0.7085,15.0114,16652100,35700,710800,0,1200,0
save_load,0,16.6691,16.6682,2.1586,18288,334,818530019629,1.9241,1.8045,14.7291,16654700,38000,617900,0,1100,0
save_load,0,16.6661,16.6665,2.1217,18288,334,818530186311,4.2573,0.9356,12.3914,16651700,37200,533400,0,1300,0
save_load,0,16.6664,16.6660,1.9057,18288,332,818530352976,2.0205,1.1403,14.6318,16650100,36800,696000,0,1600,0
save_load,0,16.6673,16.6695,2.1709,18288,333,818530519636,1.8397,0.8379,14.8152,16650400,36900,884900,0,1200,0
save_load,0,16.6659,16.6674,1.8688,18288,334,818530686331,1.8448,0.8467,14.8071,16650000,35600,713600,0,1400,0
save_load,0,16.7406,16.6653,1.8053,18288,334,818530853005,2.2539,1.1189,14.3964,16728200,34900,720700,0,1200,0
save_load,0,16.6641,16.6668,1.8289,18288,334,818531019658,2.2859,0.7817,14.3647,16645000,37700,770900,0,1400,0
save_load,0,16.6656,16.6638,1.8770,18288,333,818531186326,1.9082,0.7377,14.7421,16650700,34900,643700,0,1600,0
save_load,0,16.6666,16.7446,2.2651,18288,334,818531352964,1.8421,0.7966,14.8863,16654300,32600,691000,0,1500,0
save_load,0,16.7841,16.6605,1.8924,18288,333,818531520410,1.9686,1.1586,14.6764,16774000,40000,726600,0,1100,0
save_load,0,16.6663,16.6622,1.9241,18288,334,818531687015,1.9055,0.8147,14.7452,16648800,37300,642300,0,1500,0
save_load,0,16.6658,16.6665,1.8924,18288,334,818531853637,2.0465,0.9001,14.6078,16649900,35500,698300,0,1300,0
save_load,0,16.6700,16.7891,1.9579,18288,332,818532020302,1.8156,1.1772,14.9586,16659400,34000,971100,0,1400,0
save_load,0,16.6627,16.6644,2.1125,18288,334,818532188193,1.9148,0.8214,14.7340,16644500,36100,893800,0,1400,0
save_load,0,16.6674,16.6633,1.9610,18288,334,818532354837,2.1675,0.9088,14.4825,16657200,32100,765700,0,1100,0
save_load,0,16.6682,16.6735,1.9231,18288,334,818532521470,2.3100,0.9517,14.3495,16656300,31100,568500,0,1000,0
save_load,0,16.6682,16.6575,1.9139,18288,334,818532688205,2.3032,0.7374,14.3414,16653300,34300,577200,0,1100,0
save_load,0,16.6636,16.6689,1.8545,18288,332,818532854780,2.0786,0.7511,14.5785,16648700,35200,773300,0,1200,0
save_load,0,16.6716,16.6710,2.1647,18288,334,818533021469,1.7281,0.7825,14.9284,16665000,32400,666700,0,1200,0
save_load,0,16.6635,16.6672,1.9231,18288,333,818533188179,1.8910,0.8172,14.7624,16649000,36700,575800,0,1600,0
save_load,0,16.6665,16.6601,1.9313,18288,334,818533354851,2.0695,1.1269,14.5793,16648400,30000,651800,0,1100,0
save_load,0,16.6671,16.6784,1.9108,18288,334,818533521452,1.8102,1.1222,14.8549,16654700,36900,645500,0,1200,0
save_load,0,16.6686,16.6623,1.8493,18288,334,818533688236,1.8505,1.5769,14.7987,16656600,41700,951000,0,1100,0
save_load,0,16.6735,16.6622,2.1422,18288,334,818533854859,1.6679,0.9353,14.9806,16670900,39900,762900,0,1500,0
save_load,0,16.6575,16.6685,1.9087,18288,333,818534021481,2.0280,0.9904,14.6267,16618800,51900,1048000,0,2100,0
save_load,0,16.6778,16.6709,1.9149,18288,333,818534188166,2.2861,0.9010,14.3706,16667700,37100,732500,0,1100,0
save_load,0,16.6576,16.6923,1.9507,18288,334,818534354875,2.1125,0.8453,14.5585,16645800,31800,707500,0,1200,0
save_load,0,16.6707,16.6340,1.8176,18288,334,818534521798,2.2457,0.7152,14.3732,16661400,31700,685100,0,1200,0
save_load,0,16.6694,16.6792,2.1361,18288,333,818534688138,1.8225,0.7636,14.8454,16652900,34300,740100,0,1300,0
save_load,0,16.6655,16.6574,1.8924,18288,333,818534854930,1.9885,0.7762,14.6573,16649600,41900,771800,0,1100,0
save_load,0,16.6654,16.6757,1.9343,18288,334,818535021504,2.1577,0.7417,14.5040,16645300,38600,1222100,0,1600,0
save_load,0,16.7291,16.6708,1.8575,18288,332,818535188261,1.9730,1.1381,14.6799,16714400,32800,632500,0,1400,0
save_load,0,16.6553,16.6650,1.9016,18288,333,818535354969,2.5275,0.7865,14.1223,16640000,34400,550800,0,1200,0
save_load,0,16.6695,16.6609,2.1658,18288,332,818535521619,2.8556,0.7299,13.7897,16656500,33300,590600,0,1300,0
save_load,0,16.6770,16.7306,1.9343,18288,333,818535688228,2.2466,0.9187,14.4679,16660900,34900,573900,0,1500,0
save_load,0,16.6645,16.6546,1.8053,18288,333,818535855534,1.9911,0.7527,14.6489,16645700,34300,578000,0,1400,0
save_load,0,16.7792,16.6707,1.8770,18288,321,818536022080,1.9234,0.9056,14.7333,16768900,31500,662800,0,1200,0
save_load,0,16.6847,16.6773,1.9118,18288,332,818536188787,2.1174,0.7040,14.5436,16679200,47200,709800,0,1200,0
save_load,0,16.6571,16.6607,2.1985,18288,334,818536355560,2.2472,0.8593,14.3986,16621700,36600,661600,0,900,0
save_load,0,16.6685,16.7868,1.8924,18288,334,818536522167,1.9884,0.7088,14.7807,16658700,32200,546300,0,1100,0
save_load,0,16.6671,16.7012,1.8493,18288,334,818536690035,2.1219,0.7447,14.5575,16650800,41300,782800,0,1100,0
save_load,0,16.6651,16.6333,1.8268,18288,334,818536857047,1.9410,0.9783,14.6807,16650600,33100,875500,0,1200,0
save_load,0,16.6669,16.6727,1.9067,18288,334,818537023380,2.0400,0.7562,14.6188,16656400,30900,1021100,0,1000,0
save_load,0,16.6690,16.6636,2.1228,18288,334,818537190107,2.0554,0.8881,14.5955,16658400,30700,655000,0,1200,0
save_load,0,16.6655,16.6621,1.8217,18288,334,818537356743,2.0549,0.8779,14.5957,16650200,33100,870600,0,1400,0
save_load,0,16.6774,16.6689,1.8381,18288,333,818537523364,2.2969,0.9304,14.3596,16665700,32600,1196400,0,1200,0
save_load,0,16.6584,16.6722,1.8473,18288,334,818537690053,2.2532,1.0550,14.4054,16645200,33400,616500,0,1000,0
save_load,0,16.6703,16.6632,1.9077,18288,333,818537856775,2.5427,0.7392,14.1076,16658300,32100,604200,0,1200,0
save_load,0,16.6625,16.6793,2.1627,18288,334,818538023407,2.4106,0.7838,14.2551,16640700,38400,774400,0,1500,0
save_load,0,16.6672,16.6578,1.8360,18288,334,818538190200,2.0273,0.8175,14.6181,16654900,31200,635000,0,1100,0
save_load,0,16.6765,16.6754,1.8248,18288,332,818538356778,2.2849,0.8388,14.3735,16665100,33400,580400,0,1800,0
save_load,0,16.6584,16.6557,1.8739,18288,332,818538523532,2.1153,0.7720,14.5255,16644700,32200,629800,0,1100,0
save_load,0,16.6702,16.6696,1.8278,18288,334,818538690089,2.1314,0.7614,14.5235,16659200,33600,620000,0,1100,0
save_load,0,16.6663,16.6769,2.1709,18288,333,818538856785,2.2692,0.7442,14.3960,16650400,148000,722700,0,1900,0
save_load,0,16.6658,16.6570,1.9651,18288,334,818539023554,1.8654,0.9135,14.7795,16647600,38400,799300,0,1500,0
save_load,0,16.6672,16.6736,1.9302,18288,334,818539190124,2.1488,0.8548,14.5108,16650000,35000,760500,0,1500,0
save_load,0,16.6640,16.6672,1.9661,18288,334,818539356860,2.2946,0.7969,14.3560,16648700,35900,1141400,0,1300,0
save_load,0,16.6712,16.6640,1.8350,18288,334,818539523532,2.2812,0.7372,14.3665,16660300,35100,2528500,731200,1200,0
save_load,1,16.6645,16.6664,2.1760,49284,333,818539690172,2.0112,0.9748,14.6389,16641200,8624500,789300,0,1400,0
save_load,0,16.6657,16.6632,1.8811,18138,334,818539856836,2.3794,0.9130,14.2693,16652400,34100,537900,0,1200,0
save_load,0,16.6705,16.6766,2.1627,18138,334,818540023468,2.9742,0.9908,13.6864,16661100,34000,618600,0,1100,0
save_load,0,16.6665,16.6583,2.1443,18138,334,818540190234,10.7257,0.9025,5.9156,16650500,38700,766400,0,1500,0
save_load,0,16.6667,16.6647,1.9466,18138,334,818540356817,2.0969,1.1377,14.5555,16648700,37900,706900,0,1300,0
save_load,0,16.6661,16.6758,2.1135,18138,334,818540523464,1.9383,0.9503,14.7231,16650600,34700,851700,0,1300,0
save_load,0,16.6686,16.6674,1.8319,18138,333,818540690222,2.3289,0.8640,14.3217,16658700,36900,675000,0,1500,0
save_load,0,16.6676,16.6634,2.6112,18138,334,818540856896,2.1163,0.8753,14.5324,16645800,48000,761200,0,1500,0
save_load,0,16.6670,16.6662,1.8401,18138,332,818541023530,2.0802,0.8330,14.5705,16650200,39900,773200,0,1600,0
save_load,0,16.6663,16.6764,1.9108,18138,333,818541190192,2.2207,0.9628,14.4379,16651000,39900,896400,0,1400,0
save_load,0,16.6673,16.6627,2.1668,18138,334,818541356956,2.6847,0.8774,13.9613,16650400,42400,895200,0,1900,0
save_load,0,16.6680,16.6658,1.7992,18138,334,818541523583,2.2185,0.9611,14.4319,16652700,41200,1002800,0,2000,0
save_load,0,16.6659,16.6670,2.1873,18138,332,818541690241,2.4083,0.9229,14.2429,16647100,42600,967800,0,1800,0
save_load,0,16.6639,16.6682,1.9139,18138,334,818541856911,2.7367,2.3919,13.9138,16644900,41100,668800,0,1600,0
save_load,0,16.6678,16.6701,1.8412,18138,334,818542023593,3.0020,1.0282,13.6508,16652200,40800,879000,0,1400,0
save_load,0,16.6676,16.6642,2.1494,18138,334,818542190294,2.4017,1.2354,14.2455,16657700,36100,1266200,0,1300,0
save_load,0,16.6660,16.6585,1.8412,18138,334,818542356936,2.2211,0.9618,14.4238,16648400,40300,681300,0,1400,0
save_load,0,16.6673,16.6656,2.1647,18138,333,818542523521,2.6166,0.9125,14.0357,16651900,37200,674200,0,1400,0
save_load,0,16.6654,16.6725,1.8657,18138,334,818542690177,2.6984,1.1548,13.9595,16649000,38300,616400,0,1300,0
save_load,0,16.6667,16.6626,1.8125,18138,334,818542856902,2.8523,1.1036,13.7961,16653500,35100,604400,0,1600,0
save_load,0,16.6674,16.6691,2.1637,18138,334,818543023528,2.4021,1.0954,14.2499,16656600,35100,783100,0,1200,0
save_load,0,16.6695,16.6623,1.8063,18138,333,818543190219,2.3062,0.8294,14.3429,16658700,36400,853000,0,1200,0
save_load,0,16.6681,16.6654,1.8217,18138,333,818543356842,2.4649,0.9048,14.1888,16660300,37800,859300,0,1300,0
save_load,0,16.6661,16.6686,1.8278,18138,333,818543523496,2.2583,0.9643,14.3984,16639100,38000,914900,0,1600,0
save_load,0,16.6684,16.6742,1.8309,18138,334,818543690182,2.4003,0.8686,14.2585,16653300,39400,713000,0,1500,0
save_load,0,16.6662,16.6756,2.1494,18138,334,818543856924,2.4797,0.8105,14.1806,16650000,65900,907400,0,1900,0
save_load,0,16.6646,16.6591,1.8350,18138,334,818544023680,2.3143,1.3768,14.3249,16645500,40400,702800,0,1500,0
save_load,0,16.6667,16.6698,1.8565,18138,334,818544190271,2.2723,0.8915,14.3811,16653600,35600,857300,0,1700,0
save_load,0,16.6799,16.6659,1.8278,18138,334,818544356969,2.4080,0.8670,14.2421,16664900,34900,1104600,0,1600,0
save_load,0,16.6675,16.6589,1.9210,18138,332,818544523628,2.2666,0.8991,14.3789,16656300,35200,622000,0,1300,0
save_load,0,16.6664,16.6657,2.1821,18138,334,818544690217,2.1231,0.8665,14.5305,16651000,38100,733100,0,1300,0
save_load,0,16.6697,16.6817,1.8422,18138,334,818544856874,2.5070,0.9776,14.1578,16656900,37100,815200,0,1300,0
save_load,0,16.6649,16.6708,1.8657,18138,331,818545023691,2.1648,0.9370,14.4917,16648100,38200,604500,0,1500,0
save_load,0,16.6645,16.6658,1.9323,18138,334,818545190399,2.2072,0.9732,14.4439,16644500,39200,1141000,0,1300,0
save_load,0,16.6703,16.6721,1.8207,18138,334,818545357057,2.4380,1.1528,14.2191,16660100,36900,701300,0,1200,0
save_load,0,16.6672,16.6643,2.1207,18138,333,818545523778,2.2847,0.9288,14.3636,16653000,38500,619900,0,1300,0
save_load,0,16.6666,16.6582,1.8104,18138,334,818545690421,2.3558,0.9045,14.2889,16650400,36200,756000,0,1400,0
save_load,0,16.6665,16.6748,1.9241,18138,334,818545857003,2.0634,0.9988,14.5968,16650700,36700,738000,0,1400,0
save_load,0,16.6676,16.6682,1.9251,18138,333,818546023751,2.2377,0.8817,14.4155,16653900,35900,726900,0,1200,0
save_load,0,16.6666,16.6663,1.8002,18138,333,818546190433,2.0789,0.7808,14.5717,16649900,36100,728200,0,1500,0
save_load,0,16.6662,16.6651,2.1658,18138,333,818546357096,2.0290,0.8503,14.6218,16648600,37400,786900,0,1400,0
save_load,0,16.6667,16.6697,1.9302,18138,333,818546523747,2.2150,0.7904,14.4393,16652600,35100,1098900,0,1000,0
save_load,0,16.6653,16.6665,1.8483,18138,333,818546690444,2.1434,0.9079,14.5067,16645000,41800,929200,0,1400,0
save_load,0,16.6689,16.6639,1.8002,18138,333,818546857109,2.4881,0.8011,14.1607,16658900,33600,956000,0,1200,0
save_load,0,16.6739,16.6691,1.9302,18138,332,818547023748,2.3716,0.8451,14.2811,16661400,43500,1093000,0,1300,0
save_load,0,16.6642,16.6594,2.1545,18138,334,818547190439,2.2569,1.0020,14.3883,16640400,44700,677100,0,1700,0
save_load,0,16.6656,16.6740,1.9487,18138,334,818547357033,2.3542,1.0960,14.3048,16651700,33500,543700,0,1100,0
save_load,0,16.6696,16.6783,2.1453,18138,333,818547523773,2.7006,0.8626,13.9609,16658200,34300,786100,0,1400,0
save_load,0,16.6649,16.6567,1.9292,18138,333,818547690556,2.3802,0.8797,14.2604,16648300,34100,586700,0,1400,0
save_load,0,16.6666,16.6639,1.9302,18138,334,818547857123,1.7998,0.7492,14.8520,16654400,33900,707900,0,1100,0
save_load,0,16.6666,16.6721,2.1678,18138,331,818548023762,1.9546,0.7746,14.7037,16652200,33000,708600,0,1100,0
save_load,0,16.6691,16.6626,1.8104,18138,332,818548190483,2.0307,0.8342,14.6175,16659600,32000,761100,0,1000,0
save_load,0,16.6667,16.6677,1.9118,18138,334,818548357109,2.2236,0.7317,14.4309,16652200,31700,714700,0,1100,0
save_load,0,16.6664,16.6633,1.9220,18138,334,818548523786,2.1833,0.6981,14.4690,16652400,31700,657300,0,1300,0
save_load,0,16.6714,16.6715,1.9282,18138,332,818548690419,2.0668,0.7329,14.5929,16662900,36200,680100,0,1500,0
save_load,0,16.6939,16.6671,2.1361,18138,332,818548857134,2.0603,0.7384,14.5919,16675600,42400,583400,0,1700,0
save_load,0,16.6678,16.6677,1.8719,18138,334,818549023805,1.8655,0.8394,14.7869,16643600,51100,681900,0,2600,0
save_load,0,16.6670,16.6809,1.8371,18138,334,818549190482,2.4801,0.9035,14.1829,16635700,65800,1911200,0,3400,0
save_load,0,16.7244,16.6958,1.9415,18138,334,818549357291,2.2815,1.2140,14.3943,16696700,48600,818800,0,1700,0
save_load,0,16.6634,16.6711,1.8248,18138,334,818549524249,3.1344,1.5021,13.5094,16649800,31100,700200,0,1000,0
save_load,2,16.6662,16.6618,2.1821,65418,332,818549690960,3.7446,0.9561,12.8915,16652000,4221600,985000,0,1900,0
save_load,0,16.6702,16.7130,1.8924,18248,440,818549857578,2.3590,0.7751,14.3377,16662200,27600,967600,0,1000,0
save_load,0,16.6694,16.6635,2.4044,18248,442,818550024708,2.0581,5.8779,14.5916,16653400,34100,712400,0,1300,0
save_load,0,16.6930,16.6632,2.1647,18248,442,818550191343,7.1227,5.1443,9.5293,16676300,39600,906000,0,1500,0
save_load,0,16.7927,16.6774,2.1750,18248,442,818550357975,2.5176,0.9951,14.1448,16786100,38000,748000,0,1400,0
save_load,0,16.6562,16.6719,2.3767,18248,442,818550524749,2.2595,1.6521,14.3941,16628800,38100,701100,0,1500,0
save_load,0,16.6674,16.6931,2.1965,18248,441,818550691468,2.8027,1.4154,13.8736,16651800,37400,1076500,0,1300,0
save_load,0,16.6646,16.8035,2.4801,18248,439,818550858399,2.5703,1.0171,14.2159,16647000,38900,935200,0,1600,0
save_load,0,16.6696,16.6447,2.1965,18248,442,818551026434,2.4815,1.0930,14.1473,16658200,37000,669900,0,1300,0
save_load,0,16.6659,16.6673,2.0890,18248,442,818551192881,2.5220,1.2001,14.1298,16648400,38100,832200,0,1800,0
save_load,0,16.6808,16.6617,2.4074,18248,442,818551359554,2.8705,1.4296,13.7767,16668300,36300,1002200,0,1300,0
save_load,0,16.6548,16.6738,2.1637,18248,440,818551526171,2.1487,1.0703,14.5096,16632100,35100,744000,0,1400,0
save_load,0,16.6662,16.6634,2.4463,18248,442,818551692909,2.8491,0.9720,13.7995,16651100,38800,872300,0,1300,0
save_load,0,16.6668,16.6851,2.1064,18248,442,818551859543,2.8422,1.1361,13.8263,16648600,39000,867900,0,1200,0
save_load,0,16.6658,16.6512,2.1811,18248,442,818552026394,2.6605,1.4745,13.9718,16651000,39000,630600,0,1300,0
save_load,0,16.6675,16.6670,2.3798,18248,438,818552192906,2.8956,1.0432,13.7557,16653000,36100,685200,0,1400,0
save_load,0,16.6683,16.6648,2.2221,18248,442,818552359576,2.6704,1.0679,13.9783,16652700,37900,1987800,1060600,1300,0
save_load,0,16.6758,16.6653,2.4084,18248,442,818552526224,2.5855,1.0014,14.0656,16660600,35000,607400,0,1200,0
save_load,0,16.6569,16.6686,2.1852,18248,442,818552692877,2.2920,2.2015,14.3611,16643400,33900,1018500,0,1000,0
save_load,0,16.6893,16.6676,2.0675,18248,442,818552859563,3.5358,0.9319,13.1170,16691600,41400,558000,0,1500,0
save_load,0,16.6507,16.6743,2.3982,18248,442,818553026239,2.3302,0.9661,14.3305,16613200,37500,573300,0,1600,0
save_load,0,16.6676,16.6584,2.0480,18248,442,818553192982,2.5180,1.0645,14.1255,16658900,33900,673700,0,1300,0
save_load,0,16.6705,16.7057,2.4515,18248,442,818553359566,2.7130,1.0727,13.9787,16663100,31300,648000,0,900,0
save_load,0,16.6678,16.6262,2.0777,18248,442,818553526623,2.2719,0.9429,14.3414,16660400,35600,559900,0,1300,0
save_load,0,16.6645,16.6698,2.2241,18248,442,818553692885,2.0861,0.9502,14.5729,16636500,34600,557900,0,1200,0
save_load,0,16.6680,16.6762,2.4023,18248,442,818553859583,2.4172,0.9528,14.2461,16652700,34200,982900,0,1200,0
save_load,0,16.6673,16.6771,2.1002,18248,442,818554026345,2.3018,1.1123,14.3586,16652800,36600,666600,0,1200,0
save_load,0,16.7429,16.6555,2.3951,18248,441,818554193116,2.4012,0.8622,14.2354,16736300,34900,1004600,0,1100,0
save_load,0,16.6798,16.6672,2.1279,18248,441,818554359671,2.5109,1.2152,14.1420,16656400,34500,1013900,0,1200,0
save_load,0,16.6738,16.6684,2.0675,18248,442,818554526343,2.3978,0.9399,14.2551,16667800,36200,731400,0,1500,0
save_load,0,16.6569,16.7512,2.0767,18248,442,818554693027,2.3687,1.1078,14.3677,16637000,37300,727300,0,1200,0
save_load,0,16.6704,16.6684,2.0521,18248,440,818554860539,2.6915,0.9982,13.9650,16660600,39700,1082300,0,1000,0
save_load,0,16.6655,16.6799,2.4791,18248,441,818555027223,2.5494,1.0242,14.1184,16647800,35700,729100,0,1400,0
save_load,0,16.6806,16.6499,2.1832,18248,442,818555194022,2.3895,1.2589,14.2477,16666300,35400,988400,0,1300,0
save_load,0,16.6644,16.6756,2.1975,18248,441,818555360521,2.7363,0.9743,13.9245,16641100,42400,650300,0,1500,0
save_load,0,16.6651,16.6646,2.1668,18248,441,818555527277,2.5524,1.1694,14.0955,16652600,35100,644600,0,1100,0
save_load,0,16.6678,16.6844,2.1709,18248,442,818555693923,2.6736,1.1055,13.9927,16656400,32900,627300,0,1200,0
save_load,0,16.6683,16.6566,2.3941,18248,442,818555860767,2.6452,0.9335,13.9961,16657700,34200,726500,0,1100,0
save_load,0,16.8385,16.6649,2.0879,18248,441,818556027333,2.1718,1.5212,14.4808,16819800,37400,788700,0,1400,0
save_load,0,16.9521,16.6694,2.4852,18248,441,818556193982,2.5476,0.9029,14.1089,16940800,33100,740700,0,900,0
save_load,0,16.6661,16.6716,2.2129,18248,442,818556360676,2.2775,1.1196,14.3804,16647600,42000,667000,0,1400,0
save_load,0,16.6645,16.8336,2.1330,18248,441,818556527392,2.7444,0.9024,14.0755,16646100,37700,696700,0,1600,0
save_load,0,16.6672,16.9597,2.5068,18248,441,818556695728,2.1946,0.9295,14.7464,16652100,37000,649600,0,1400,0
save_load,0,16.7056,16.6634,2.1586,18248,442,818556865325,2.2412,1.0761,14.4065,16695900,34900,658000,0,1400,0
save_load,0,16.6692,16.6607,2.4494,18248,442,818557031959,2.4176,0.8501,14.2286,16655000,36900,744100,0,1200,0
save_load,0,16.6640,16.6650,2.0808,18248,441,818557198566,2.4381,0.9838,14.2141,16642600,40300,705100,0,1300,0
save_load,0,16.6703,16.7105,2.1094,18248,442,818557365216,2.3891,0.9631,14.3069,16657100,34600,743500,0,1100,0
save_load,0,16.6614,16.6751,2.3962,18248,442,818557532321,2.6078,0.9970,14.0474,16639900,37900,679600,0,1400,0
save_load,0,16.6684,16.6571,2.2282,18248,439,818557699072,2.6873,1.0830,13.9554,16659300,31500,645100,0,1100,0
save_load,0,16.6668,16.6739,2.4893,18248,442,818557865643,2.5583,0.9742,14.0989,16654100,34200,714100,0,1200,0
save_load,0,16.6672,16.6530,2.2006,18248,440,818558032382,2.5011,0.8707,14.1388,16654300,34000,999200,0,1400,0
save_load,0,16.6682,16.6713,2.0828,18248,442,818558198912,2.2021,0.8704,14.4574,16658700,34600,822700,0,1300,0
save_load,0,16.6681,16.6654,2.4310,18248,440,818558365625,2.2397,1.1415,14.4145,16653500,34200,749500,0,1300,0
save_load,0,16.6662,16.6666,2.0521,18248,442,818558532279,2.4388,1.1797,14.2156,16651200,38600,560900,0,1100,0
save_load,0,16.6630,16.6727,2.1146,18248,442,818558698945,2.4720,0.9176,14.1867,16630700,35700,515700,0,1400,0
save_load,0,16.6834,16.6792,2.1821,18248,442,818558865672,2.1431,0.9974,14.5106,16689400,33100,701400,0,1000,0
save_load,0,16.6535,16.6689,2.2139,18248,442,818559032464,2.2382,1.0025,14.4132,16603900,32300,884900,0,1100,0
save_load,0,16.6650,16.6424,2.3982,18248,441,818559199153,2.0716,0.8629,14.5592,16651200,33200,661000,0,1100,0
save_load,0,16.6677,16.7129,2.1996,18248,439,818559365577,2.1588,1.0226,14.5308,16657200,34200,574500,0,1100,0
save_load,0,16.6686,16.6276,2.1688,18248,442,818559532706,2.6389,0.9082,13.9649,16656200,35100,665100,0,1100,0
save_load,1,18.5072,16.6637,0.0000,39807,442,818559698982,2.1247,1.1522,14.5266,18485100,16114300,620300,0,1500,0
save_load,0,16.6696,16.6698,2.0634,18138,442,818559865619,2.1740,0.9279,14.4832,16667100,30700,811800,0,1200,0
save_load,0,16.6661,16.6691,0.0000,18138,442,818560032317,2.2862,1.3793,14.3701,16651500,32200,456900,0,1100,0
save_load,0,35.6268,18.4988,2.3675,18138,295,818560199008,18.4777,0.8947,0.0076,35621600,34400,632300,0,1200,0
save_load,0,3.0364,16.6768,2.0490,18138,442,818560383996,2.2463,16.6768,14.4209,3009400,39900,795600,0,1400,0
save_load,0,16.6714,16.6665,2.7300,18138,442,818560550764,1.9542,1.3003,14.6974,16674500,31900,566400,0,1200,0
save_load,0,16.6675,35.6327,2.4771,18138,442,818560717429,2.4454,1.6579,33.1764,16652600,38000,622700,0,1400,0
save_load,0,16.6679,3.0199,2.4484,18138,441,818561073756,3.0026,0.8315,0.0068,16651100,38000,664900,0,1600,0
save_load,0,16.7195,16.6854,2.0480,18138,442,818561103955,2.2483,1.1178,14.4263,16701100,38100,1427400,0,1300,0
save_load,0,16.6605,16.6692,2.4095,18138,441,818561270809,2.4202,1.0404,14.2325,16643300,33900,529000,0,1100,0
save_load,0,16.6648,16.6679,2.3644,18138,442,818561437501,2.1636,1.4447,14.4876,16648000,38700,604000,0,1200,0
save_load,0,16.6673,16.7171,2.0675,18138,442,818561604180,2.5684,0.8907,14.1328,16654700,31500,660700,0,900,0
save_load,0,16.6665,16.6590,2.3194,18138,442,818561771351,1.9357,1.4325,14.7077,16654900,37800,626600,0,1400,0
save_load,0,16.6679,16.6623,2.0675,18138,442,818561937941,2.3096,0.9318,14.3385,16660300,38900,733500,0,1100,0
save_load,0,16.6689,16.6658,2.0644,18138,442,818562104564,2.1153,1.3294,14.5394,16651100,45300,570100,0,1100,0
save_load,0,16.6657,16.6672,2.0797,18138,442,818562271222,2.1858,1.0977,14.4692,16647000,33700,533200,0,1100,0
save_load,0,16.6666,16.6755,2.0777,18138,441,818562437894,2.2997,1.1851,14.3608,16651100,33300,697500,0,1200,0
save_load,0,16.6667,16.6661,2.3439,18138,442,818562604649,1.9104,0.8227,14.7408,16651900,32200,550300,0,1300,0
save_load,0,16.6665,16.6630,2.0982,18138,439,818562771310,1.9470,1.8625,14.7001,16653100,33200,554900,0,1500,0
save_load,0,16.6682,16.6667,2.1576,18138,442,818562937940,2.2099,0.9396,14.4414,16653900,32300,545400,0,1200,0
save_load,0,16.6655,16.6668,2.1043,18138,442,818563104607,1.9145,0.9807,14.7376,16646900,36100,661000,0,1500,0
save_load,0,16.6667,16.6662,2.1596,18138,439,818563271275,1.9855,1.4011,14.6677,16649300,41700,617400,0,1300,0
save_load,0,16.6681,16.6706,2.2897,18138,442,818563437937,1.9396,1.1976,14.7144,16657600,33000,560000,0,900,0
save_load,0,16.6647,16.6627,2.1842,18138,440,818563604643,2.0909,1.3102,14.5561,16654100,32700,536200,0,1000,0
save_load,0,16.6676,16.6642,1.9886,18138,439,818563771270,2.1980,0.8191,14.4514,16652200,31600,556800,0,1100,0
save_load,0,16.6703,16.6730,2.1309,18138,440,818563937912,1.9089,0.9290,14.7490,16658600,34200,608300,0,1100,0
save_load,0,16.6805,16.6670,2.1074,18138,442,818564104642,1.9108,1.0916,14.7435,16671300,34500,593100,0,1200,0
save_load,0,16.6595,16.6645,2.4177,18138,442,818564271312,2.0657,1.4529,14.5866,16638100,34100,533700,0,1000,0
save_load,0,16.6653,16.6734,2.0460,18138,442,818564437957,2.0710,1.1556,14.5877,16647600,35300,602500,0,1100,0
save_load,0,16.6675,16.6858,2.4228,18138,442,818564604691,2.2174,1.0120,14.4540,16653800,30600,921600,0,1100,0
save_load,0,16.6656,16.6518,2.0470,18138,442,818564771549,2.0542,1.7960,14.5840,16648700,39900,641300,0,1100,0
save_load,0,16.6700,16.6620,2.1821,18138,442,818564938067,2.3198,1.0376,14.3279,16659700,33900,667200,0,1100,0
save_load,0,16.6675,16.6697,2.4105,18138,440,818565104687,2.5588,1.1060,14.0952,16653100,45700,555000,0,1000,0
save_load,0,16.6636,16.6632,2.0367,18138,442,818565271384,2.4672,0.9491,14.1817,16643900,35400,706400,0,1100,0
save_load,0,16.6736,16.6735,2.0982,18138,442,818565438016,2.4933,0.8548,14.1666,16665100,33100,788300,0,800,0
save_load,0,16.6625,16.6685,2.1862,18138,440,818565604751,2.2084,1.4532,14.4448,16642600,37000,665500,912100,1700,0
save_load,0,16.6672,16.6593,2.1033,18138,442,818565771436,2.5393,0.9676,14.1046,16655300,33700,1148600,0,1100,0
save_load,0,16.6715,16.6807,2.3962,18138,442,818565938029,2.2071,0.9525,14.4581,16658500,37100,638600,0,1500,0
save_load,0,16.6611,16.6572,2.0511,18138,442,818566104836,2.2388,1.1354,14.4040,16644800,34400,578000,0,1000,0
save_load,0,16.6694,16.6702,2.4146,18138,441,818566271408,2.6509,0.9295,14.0045,16657400,33100,508000,0,1200,0
save_load,0,16.6674,16.6690,1.9630,18138,440,818566438110,2.6073,1.0836,14.0512,16651300,33600,566700,0,1300,0
save_load,0,16.6636,16.6595,2.1842,18138,442,818566604800,2.3692,0.9407,14.2757,16647600,34500,517600,0,1500,0
save_load,0,16.6677,16.6733,2.3265,18138,442,818566771395,2.2920,1.0019,14.3656,16655000,34000,608200,0,1200,0
save_load,0,16.6661,16.6660,2.1821,18138,442,818566938128,2.2555,1.2239,14.3960,16649900,37400,997600,0,1100,0
save_load,0,16.6658,16.6594,1.9794,18138,442,818567104788,2.2472,1.0452,14.4004,16653200,31800,696500,0,900,0
save_load,0,16.6694,16.6702,2.1996,18138,440,818567271382,2.4774,1.0976,14.1776,16660300,33000,564200,0,1000,0
save_load,0,16.6685,16.6645,2.0562,18138,441,818567438084,2.5585,0.9117,14.0913,16657400,34500,698500,0,1400,0
save_load,0,16.6653,16.6647,2.4054,18138,442,818567604729,2.3346,1.0547,14.3186,16649800,36000,908600,0,1300,0
save_load,0,16.6701,16.6721,2.0408,18138,441,818567771376,2.1714,0.9540,14.4890,16657900,37800,770200,0,1300,0
save_load,0,16.6657,16.6708,2.4986,18138,442,818567938097,2.4685,0.9975,14.1891,16648200,38200,701300,0,1600,0
save_load,0,16.6661,16.6645,2.0818,18138,442,818568104805,2.4163,0.9970,14.2336,16650000,37900,852300,0,1400,0
save_load,0,16.6670,16.6742,2.0951,18138,442,818568271450,2.5981,0.9727,14.0599,16648900,40700,893200,0,1300,0
save_load,0,16.6657,16.6645,2.2886,18138,441,818568438192,2.4529,1.0138,14.1955,16648100,37600,1194700,0,1400,0
save_load,0,16.6697,16.6659,2.2292,18138,440,818568604837,2.1928,1.0887,14.4573,16660200,36000,735200,0,1100,0
save_load,0,16.6655,16.6634,2.2794,18138,442,818568771496,2.9534,1.3083,13.6957,16647000,37100,1064200,0,1400,0
save_load,0,16.6667,16.6644,2.1914,18138,435,818568938130,2.8158,0.9629,13.8324,16649700,39600,918400,0,1400,0
save_load,0,16.6621,16.6765,2.0562,18138,442,818569104774,2.3381,1.0932,14.3222,16642500,108100,986400,0,1400,0
save_load,0,16.6717,16.6644,2.4115,18138,442,818569271539,2.6003,1.1105,14.0469,16669400,29000,544400,0,800,0
save_load,0,16.6676,16.6641,2.0910,18138,442,818569438183,2.8336,1.1338,13.8163,16648600,46900,930200,0,1700,0
save_load,0,16.6688,16.6535,2.5303,18138,441,818569604824,2.7835,0.9998,13.8593,16657700,38000,1316100,0,1100,0
save_load,2,16.6971,16.6833,2.0910,43082,441,818569771359,2.1120,1.2721,14.5575,16672500,720300,624200,0,1800,0
save_load,0,16.6689,16.6641,2.5149,18248,440,818569938192,3.2787,1.2166,13.3701,16657500,30000,636900,0,1000,0
save_load,0,16.6768,16.6738,2.3050,18248,441,818570104833,3.0494,1.1091,13.6085,16678300,30700,718500,0,1000,0
save_load,0,16.6590,16.6868,2.1852,18248,442,818570271571,3.1450,0.9507,13.5275,16636100,33300,576300,0,1100,0
save_load,0,16.6682,16.6688,2.0890,18248,442,818570438439,2.3184,0.9544,14.3392,16655300,32500,540400,0,900,0
save_load,0,16.6675,16.6916,2.2528,18248,442,818570605127,2.1346,1.3006,14.5437,16649500,38200,835600,0,1300,0
save_load,0,16.6695,16.6493,2.1023,18248,442,818570772043,2.3616,1.2596,14.2747,16651000,38600,592600,0,1900,0
save_load,0,16.6637,16.6737,2.1914,18248,442,818570938536,2.2772,1.1183,14.3782,16644200,38900,568800,0,1600,0
save_load,0,16.6666,16.6669,2.1023,18248,442,818571105273,3.0847,1.1848,13.5650,16649500,38800,659100,0,1400,0
save_load,0,16.7086,16.6700,2.4709,18248,442,818571271942,2.8739,1.2483,13.7773,16708000,37100,689400,0,1200,0
save_load,0,16.6555,16.6601,1.9548,18248,441,818571438642,2.5891,1.7184,14.0553,16614200,34900,901500,0,1300,0
save_load,0,16.6669,16.6659,2.1924,18248,441,818571605243,2.5189,0.9713,14.1308,16650400,37000,1040100,0,1400,0
save_load,0,16.6664,16.7351,2.3101,18248,442,818571771902,2.2616,1.1520,14.4468,16652000,34900,830700,0,1300,0
save_load,0,16.6657,16.6297,2.1770,18248,442,818571939253,2.3695,0.9887,14.2449,16646100,37000,648400,0,1300,0
save_load,0,16.6663,16.6655,2.0685,18248,440,818572105550,2.8882,1.1373,13.7624,16652700,33300,631100,0,1200,0
save_load,0,16.6653,16.6680,2.1187,18248,441,818572272205,2.3670,1.0839,14.2852,16650300,32400,879700,0,1100,0
save_load,0,16.6686,16.6621,2.0142,18248,442,818572438885,2.4886,1.0395,14.1577,16661200,29800,993600,0,1000,0
save_load,0,16.6655,16.6657,2.4627,18248,442,818572605506,2.6428,1.1273,14.0100,16652000,33700,527500,0,1200,0
save_load,0,16.6713,16.6610,2.0562,18248,441,818572772163,2.4484,1.1933,14.2020,16662700,32700,772400,0,1100,0
save_load,0,16.6632,16.6733,2.4044,18248,442,818572938773,2.6962,0.9820,13.9651,16644500,37100,731200,0,1500,0
save_load,0,16.6667,16.6642,2.0756,18248,439,818573105506,2.1670,1.0419,14.4851,16653700,33000,642900,0,1100,0
save_load,0,16.6659,16.6770,2.2159,18248,439,818573272148,2.3260,1.0313,14.3369,16651800,32900,873800,0,1100,0
save_load,0,16.6675,16.6581,2.3255,18248,442,818573438918,2.5878,0.8886,14.0569,16659500,29100,582500,0,900,0
save_load,0,16.6680,16.6658,2.1862,18248,442,818573605499,2.0983,1.1466,14.5555,16669600,31400,1100700,0,800,0
save_load,0,16.6688,16.6627,2.0408,18248,442,818573772157,2.4545,1.3528,14.1974,16652100,37400,539200,0,1100,0
save_load,0,16.6670,16.6707,2.2170,18248,442,818573938784,2.2235,1.2430,14.4362,16641800,42300,976200,0,1600,0
save_load,0,16.6663,16.6813,2.0675,18248,442,818574105491,2.6157,1.1642,14.0542,16649500,38300,773600,0,1400,0
save_load,0,16.6668,16.6688,2.2139,18248,442,818574272304,2.2595,1.3034,14.3927,16650600,36200,740900,0,1200,0
save_load,0,16.6663,16.6590,2.0726,18248,442,818574438992,3.0502,1.2644,13.5917,16651500,34200,788900,0,1000,0
save_load,0,16.6652,16.6652,2.1740,18248,442,818574605582,2.6835,1.0222,13.9660,16650800,32900,609700,0,1000,0
save_load,0,16.6671,16.6655,2.1105,18248,440,818574772234,2.2520,0.9516,14.3987,16658200,30800,701300,0,900,0
save_load,0,16.6678,16.6651,2.2088,18248,442,818574938889,2.2819,1.4323,14.3697,16655400,32400,939800,0,1000,0
save_load,0,16.6717,16.6610,2.3316,18248,442,818575105540,2.2446,0.8958,14.4063,16659300,31500,690200,0,900,0
save_load,0,16.6636,16.6695,2.1668,18248,441,818575272150,2.1559,0.9563,14.5026,16648600,34100,652800,0,1100,0
save_load,0,16.7103,16.6684,2.0122,18248,442,818575438845,2.6155,0.9825,14.0401,16693300,33600,660300,0,1200,0
save_load,0,16.6692,16.6732,2.1903,18248,442,818575605529,2.3588,1.5435,14.3007,16654700,33700,635300,0,1300,0
save_load,0,16.6613,16.6656,2.0716,18248,442,818575772261,2.8841,1.1943,13.7647,16637900,33300,526600,0,1200,0
save_load,0,16.6714,16.7098,2.4392,18248,440,818575938917,2.4268,1.0459,14.2668,16662400,30200,800800,0,1100,0
save_load,0,16.6680,16.6746,2.0931,18248,442,818576106015,2.2678,1.3085,14.3870,16645800,39500,781400,0,1100,0
save_load,0,16.6616,16.6520,2.4392,18248,442,818576272761,2.1144,1.0222,14.5235,16646400,32000,605600,0,900,0
save_load,0,16.6701,16.6806,2.0972,18248,442,818576439281,2.2455,1.4862,14.4171,16661200,31600,709900,0,800,0
save_load,0,16.6643,16.6611,2.2221,18248,442,818576606087,2.4986,1.4005,14.1473,16644000,37000,640800,0,1300,0
save_load,0,16.6674,16.6588,2.3675,18248,438,818576772698,1.9893,0.8187,14.6573,16654700,30400,609100,0,900,0
save_load,0,16.6676,16.6751,2.1944,18248,442,818576939286,1.8442,1.1510,14.8172,16655300,31800,607300,0,1000,0
save_load,0,16.6674,16.6587,2.3849,18248,442,818577106037,2.4253,1.3214,14.2189,16655200,33100,574900,0,1000,0
save_load,0,16.6667,16.6675,2.1043,18248,441,818577272624,1.7915,1.4047,14.8632,16650300,34800,866500,0,900,0
save_load,0,16.6666,16.6686,2.1115,18248,441,818577439299,1.9547,0.8418,14.7007,16650900,33800,757000,0,1300,0
save_load,0,16.6691,16.6712,2.5098,18248,442,818577605985,2.0079,1.0787,14.6474,16655300,34800,780000,0,1300,0
save_load,0,16.6637,16.6658,1.9907,18248,442,818577772697,2.7805,0.9932,13.8701,16646600,34800,828100,0,1100,0
save_load,0,16.8133,16.6657,2.4443,18248,442,818577939355,2.9513,0.8743,13.6998,16799000,32700,700300,0,1000,0
save_load,0,16.6621,16.6708,2.0654,18248,442,818578106012,2.3697,1.1566,14.2857,16648500,41600,730900,0,1000,0
save_load,0,16.7198,16.6622,2.1770,18248,442,818578272720,2.5792,1.1523,14.0675,16701100,34700,838500,0,1100,0
save_load,0,16.6621,16.8121,2.3153,18248,442,818578439342,2.6254,0.9123,14.1737,16646400,34300,2484800,665500,900,0
save_load,0,16.6672,16.6647,2.1955,18248,441,818578607463,2.5014,1.5041,14.1471,16657100,28500,481400,0,800,0
save_load,0,16.6798,16.7167,2.3521,18248,441,818578774110,2.6211,0.8450,14.0800,16676200,29700,845500,0,700,0
save_load,0,16.6539,16.6580,2.0992,18248,439,818578941277,3.0844,1.3011,13.5622,16630600,31800,862600,0,1000,0
save_load,0,16.6683,16.6689,2.0132,18248,442,818579107857,2.1953,0.9973,14.4619,16655900,29300,588300,0,900,0
save_load,0,16.6690,16.6898,2.4791,18248,439,818579274546,2.3496,0.8595,14.3267,16656300,31900,505800,0,900,0
save_load,0,16.6664,16.6450,2.0562,18248,442,818579441444,2.4660,0.8380,14.1647,16650200,34300,548300,0,1000,0
save_load,0,16.6660,16.6699,2.4955,18248,442,818579607894,2.8861,1.3754,13.7700,16650300,33700,563100,0,1000,0
save_load,1,16.6918,16.6723,1.9835,39807,439,818579774593,2.4237,1.3669,14.2327,16687700,12452600,523200,0,1600,0
save_load,0,16.6579,16.6660,2.0685,18138,442,818579941316,2.4884,1.0905,14.1619,16632200,33000,583800,0,1100,0
save_load,0,16.6915,16.6651,2.4269,18138,442,818580107976,2.3533,0.9217,14.2970,16673500,42100,1128200,0,1000,0
save_load,0,16.6683,16.7049,2.1883,18138,442,818580274627,14.4641,1.0843,2.2240,16654000,35600,601700,0,1200,0
save_load,0,16.6675,16.6465,2.3634,18138,442,818580441676,2.0748,1.2338,14.5575,16647400,35200,866600,0,1300,0
save_load,0,16.6702,16.6914,2.0705,18138,442,818580608141,2.4866,1.1523,14.1872,16656400,34300,1116200,0,1000,0
save_load,0,16.6655,16.6719,2.0623,18138,441,818580775055,1.9988,1.8782,14.6555,16643500,36800,678900,0,1400,0
save_load,0,16.6656,16.6638,2.4187,18138,442,818580941774,2.2515,0.9885,14.3960,16642400,37100,713100,0,1500,0
save_load,0,16.6675,16.6741,2.0849,18138,442,818581108412,2.3472,1.4746,14.3094,16650200,36100,622200,0,1100,0
save_load,0,16.6660,16.6631,2.4412,18138,442,818581275153,2.2015,1.5750,14.4421,16647600,36600,768700,0,1600,0
save_load,0,16.6651,16.6658,2.0664,18138,441,818581441784,2.2924,1.4210,14.3502,16648700,34400,530200,0,1100,0
save_load,0,16.6677,16.6680,2.1996,18138,442,818581608442,2.1294,0.9888,14.5210,16654300,34000,585300,0,1100,0
save_load,0,16.6663,16.6640,2.3624,18138,441,818581775122,2.0854,1.2150,14.5623,16652000,34600,562500,0,1200,0
save_load,0,16.6723,16.6628,2.1832,18138,442,818581941762,1.9748,1.2917,14.6739,16656900,33700,607600,0,900,0
save_load,0,16.6738,16.6675,2.3081,18138,442,818582108390,2.3217,1.5125,14.3327,16665500,38500,640100,0,900,0
save_load,0,16.6633,16.6662,2.1852,18138,442,818582275065,2.0937,1.1331,14.5585,16641000,40300,741600,0,1200,0
save_load,0,16.6661,16.6720,2.0828,18138,442,818582441727,2.4148,1.3103,14.2421,16648400,36300,502800,0,1000,0
save_load,0,16.6675,16.6835,2.3890,18138,442,818582608447,2.0142,1.4031,14.6515,16652100,35700,656900,0,1200,0
save_load,0,16.6673,16.6592,2.0767,18138,442,818582775282,2.3083,0.9642,14.3330,16652700,34900,681900,0,1300,0
save_load,0,16.6913,16.6637,2.5170,18138,442,818582941874,2.0628,0.9622,14.5857,16686700,34600,540400,0,1300,0
save_load,0,16.6515,16.6668,2.0716,18138,442,818583108511,2.0179,0.9062,14.6343,16623400,37900,733900,0,1200,0
save_load,0,16.6692,16.6683,2.1801,18138,442,818583275179,1.9308,0.9999,14.7220,16656800,33300,659100,0,1400,0
save_load,0,16.6668,16.7033,2.3316,18138,439,818583441862,1.9728,0.9940,14.7141,16650400,36000,639000,0,1200,0
save_load,0,16.6680,16.6376,2.1955,18138,442,818583608895,2.0643,0.8726,14.5593,16654100,32900,609600,0,1100,0
save_load,0,16.6672,16.6711,2.3767,18138,442,818583775271,2.0001,0.9441,14.6568,16651000,34800,667100,0,1400,0
save_load,0,16.6659,16.6653,2.2006,18138,442,818583941982,2.0316,1.0734,14.6190,16652600,37100,694400,0,1400,0
save_load,0,16.6673,16.6716,2.0644,18138,441,818584108635,2.0644,1.0916,14.5899,16646700,34300,601700,0,1400,0
save_load,0,16.6648,16.6651,2.4105,18138,442,818584275351,2.1473,0.9127,14.5039,16644300,37000,829100,0,1400,0
save_load,0,16.6680,16.6704,2.0920,18138,442,818584442002,2.2006,1.3919,14.4520,16655300,34700,717900,0,1300,0
save_load,0,16.6671,16.6647,2.4320,18138,442,818584608706,2.0481,0.9005,14.5987,16651100,33000,811100,0,1000,0
save_load,0,16.6664,16.6597,1.9907,18138,442,818584775353,2.4701,1.1341,14.1743,16650700,31900,605800,0,1200,0
save_load,0,16.6702,16.6701,2.1668,18138,440,818584941950,2.4602,1.0797,14.1951,16657600,33600,567900,0,1400,0
save_load,0,16.6649,16.6669,2.3122,18138,442,818585108651,2.4883,1.1995,14.1630,16646200,36400,1028500,0,1500,0
save_load,0,16.6654,16.6653,2.0910,18138,442,818585275320,2.1624,1.0209,14.4883,16648600,37800,779300,0,1300,0
save_load,0,16.6659,16.6746,2.3101,18138,442,818585441973,2.4032,1.1956,14.2546,16649500,34000,730500,0,1200,0
save_load,0,16.8642,16.6641,2.1955,18138,441,818585608719,2.6559,0.9843,13.9905,16854800,33000,684500,0,900,0
save_load,0,16.6508,16.6616,2.0040,18138,441,818585775360,2.7934,0.9371,13.8554,16630000,33300,908100,0,1400,0
save_load,0,16.7744,16.6645,2.4084,18138,441,818585941976,2.2907,0.8976,14.3587,16766800,33200,866800,0,1200,0
save_load,0,16.6618,16.8693,2.0808,18138,442,818586108621,2.1391,1.1214,14.7157,16639900,39300,1039400,0,1400,0
save_load,0,16.6669,16.6452,2.4248,18138,442,818586277314,2.5309,1.0615,14.0992,16652800,32500,624600,0,900,0
save_load,0,16.7247,16.7828,1.9661,18138,442,818586443766,2.4065,1.3506,14.3604,16712600,31900,644300,0,1100,0
save_load,0,16.7788,16.6568,2.5549,18138,442,818586611594,2.8972,1.3356,13.7429,16788900,34700,703500,0,900,0
save_load,0,16.6623,16.6646,2.3235,18138,442,818586778162,2.2652,0.9076,14.3877,16621800,32000,775700,0,1000,0
save_load,0,16.6625,16.7260,2.2026,18138,442,818586944808,2.3215,0.8983,14.3912,16635100,51500,1166200,0,2100,0
save_load,0,16.6652,16.8131,2.4259,18138,441,818587112068,2.3206,0.9593,14.4687,16649700,40700,957700,0,1600,0
save_load,0,16.6685,16.6397,2.1821,18138,442,818587280199,2.3181,1.5091,14.3040,16657000,34500,563100,0,1000,0
save_load,0,16.6658,16.6519,2.0480,18138,442,818587446596,3.8252,1.1084,12.8101,16648500,35800,566900,0,1400,0
save_load,0,16.6644,16.6632,2.0900,18138,442,818587613115,2.6080,1.9498,14.0418,16648200,34800,572600,0,1200,0
save_load,0,16.6684,16.6718,2.0746,18138,442,818587779747,2.3330,1.1839,14.3242,16658600,30400,599100,0,900,0
save_load,0,16.6678,16.6624,2.3972,18138,441,818587946465,2.3441,1.2050,14.3045,16659000,31400,529500,0,1000,0
save_load,0,16.6702,16.6605,2.0941,18138,442,818588113089,1.9186,1.0642,14.7296,16660300,37600,591100,0,1300,0
save_load,0,16.6671,16.6698,2.1043,18138,438,818588279694,2.1927,1.3011,14.4659,16652600,144600,732900,0,1400,0
save_load,0,16.6630,16.6709,2.3071,18138,439,818588446392,1.8703,1.2769,14.7887,16640100,37800,568100,0,1600,0
save_load,0,16.7040,16.6755,2.1791,18138,441,818588613101,1.9542,1.0770,14.7062,16707300,31900,771600,0,700,0
save_load,0,16.6560,16.6694,2.3245,18138,442,818588779856,2.3440,1.2903,14.3087,16625400,33300,1004300,0,1100,0
save_load,0,16.6697,16.6533,2.2077,18138,442,818588946550,1.9105,0.9747,14.7296,16659600,37000,722000,0,1100,0
save_load,0,16.6682,16.7225,2.0736,18138,441,818589113083,2.5168,0.9689,14.1907,16654900,36400,618300,0,1300,0
save_load,0,16.6669,16.6372,2.0910,18138,442,818589280308,2.4390,0.8892,14.1865,16649900,38200,650400,0,1300,0
save_load,0,16.6668,16.6730,2.0910,18138,442,818589446680,2.2653,1.3445,14.3945,16648200,40200,741100,0,1400,0
save_load,0,16.6705,16.6725,2.4351,18138,442,818589613410,2.1805,1.5409,14.4747,16654300,36900,595000,0,1600,0
save_load,2,16.6751,16.6659,2.0931,43082,440,818589780135,2.0300,1.1697,14.6199,16666500,721700,598500,0,1600,0
save_load,0,16.6579,16.6663,2.1914,18248,442,818589946794,2.3213,1.1062,14.3271,16637100,38900,691200,0,1500,0
save_load,0,16.6679,16.6695,2.0736,18248,442,818590113457,2.0724,1.1316,14.5821,16650500,38900,978100,0,2100,0
save_load,0,16.6680,16.6812,2.1187,18248,441,818590280152,2.9137,1.6330,13.7530,16654800,35300,705000,0,1100,0
save_load,0,16.6657,16.6534,2.3255,18248,442,818590446964,2.2195,1.0802,14.4176,16649600,38100,667700,0,1300,0
save_load,0,16.6688,16.6668,2.1791,18248,438,818590613498,2.4852,0.9882,14.1654,16669800,37100,740500,0,1300,0
save_load,0,16.6671,16.6697,2.0972,18248,438,818590780166,2.2623,0.9396,14.3926,16632300,43400,613500,0,1100,0
save_load,0,16.6672,16.6644,2.4310,18248,442,818590946863,2.0126,0.9331,14.6372,16649900,38800,794100,0,1400,0
save_load,0,16.6652,16.6886,1.9907,18248,442,818591113507,2.0895,1.4765,14.5806,16647400,37000,720300,0,1700,0
save_load,0,16.6694,16.6493,2.4259,18248,442,818591280393,2.4943,1.0378,14.1381,16655000,35800,592900,0,1400,0
save_load,0,16.6672,16.6658,2.0808,18248,442,818591446886,2.6035,1.5998,14.0465,16647800,38900,1427200,0,1600,0
save_load,0,16.6641,16.6651,2.1852,18248,442,818591613544,2.7812,1.0735,13.8664,16644800,41700,1804000,922600,2200,0
save_load,0,16.7501,16.6722,2.0890,18248,441,818591780195,2.4322,1.2258,14.2230,16734400,37500,706800,0,1400,0
save_load,0,16.6569,16.6658,2.1780,18248,442,818591946917,3.3509,1.0409,13.2970,16618400,38100,1153700,0,1400,0
save_load,0,16.6652,16.6633,2.4156,18248,441,818592113575,3.9067,0.9606,12.7383,16649300,36300,734200,0,1300,0
save_load,0,16.6685,16.7712,2.1934,18248,441,818592280208,2.4290,1.2169,14.3056,16656800,35300,703700,0,1300,0
save_load,0,16.6910,16.6332,2.4013,18248,442,818592447920,2.8501,1.0522,13.7685,16691300,34500,752500,0,1100,0
save_load,0,16.7369,16.6637,2.1094,18248,441,818592614252,2.7936,0.8713,13.8558,16706700,33400,997200,0,1000,0
save_load,0,16.6619,16.6713,2.0470,18248,440,818592780889,2.2295,1.1429,14.4275,16647400,33800,691500,0,1200,0
save_load,0,16.6668,16.7051,2.4525,18248,441,818592947602,3.0480,1.2028,13.6435,16651400,36900,714300,0,1700,0
save_load,0,16.6719,16.7212,2.0275,18248,442,818593114653,2.6832,0.9332,14.0237,16664000,35500,652300,0,1500,0
save_load,0,16.7198,16.6617,2.1760,18248,440,818593281865,2.6574,0.9055,13.9902,16702000,41800,862400,0,1500,0
save_load,0,16.6547,16.6652,2.0920,18248,439,818593448482,2.2962,0.9962,14.3553,16632400,35700,608500,0,1100,0
save_load,0,16.6667,16.6808,2.1955,18248,442,818593615134,2.3590,0.9798,14.3052,16653800,32600,627100,0,1400,0
save_load,0,16.7600,16.7175,2.3306,18248,441,818593781942,2.8007,1.9048,13.9014,16748000,31500,553000,0,1200,0
save_load,0,16.6693,16.6472,2.1801,18248,442,818593949117,2.1279,1.0204,14.5047,16656100,40800,884000,0,1100,0
save_load,0,16.7239,16.6659,2.0756,18248,442,818594115589,2.5664,0.8815,14.0875,16707300,41300,525800,0,1500,0
save_load,0,16.6655,16.7638,2.1760,18248,442,818594282248,2.2604,1.3240,14.4878,16639500,39400,689000,0,1200,0
save_load,0,16.6686,16.6743,2.0797,18248,442,818594449886,3.0106,1.0083,13.6457,16651700,42800,529100,0,1200,0
save_load,0,16.6643,16.7269,2.4084,18248,442,818594616629,2.3429,0.9310,14.3644,16644300,37000,1031300,0,1200,0
save_load,0,16.6700,16.6587,2.0900,18248,440,818594783898,2.4431,1.3195,14.1966,16657300,34400,909900,0,1100,0
save_load,0,16.6668,16.6683,2.4300,18248,442,818594950485,2.4049,1.1396,14.2470,16637700,37500,851900,0,1900,0
save_load,0,16.6626,16.6605,2.0931,18248,442,818595117168,2.6795,1.3737,13.9650,16616600,40600,684400,0,1400,0
save_load,0,16.6690,16.7125,2.2047,18248,442,818595283773,2.5160,1.0757,14.1414,16656400,35700,629300,0,1200,0
save_load,0,16.6695,16.6536,2.2876,18248,442,818595450898,2.5901,1.6640,14.0476,16654400,39700,765400,0,1300,0
save_load,0,16.6667,16.6320,2.1852,18248,439,818595617434,2.5842,1.0516,14.0326,16648000,38900,738600,0,2200,0
save_load,0,16.6658,16.6740,2.3142,18248,441,818595783754,2.3198,1.1169,14.3366,16675000,40900,564500,0,1400,0
save_load,0,16.6665,16.6740,2.1770,18248,442,818595950494,2.8080,1.0856,13.8466,16621500,38900,846700,0,1400,0
save_load,0,16.7085,16.6661,2.0726,18248,441,818596117234,2.8020,1.1827,13.8462,16693000,42600,896900,0,1400,0
save_load,0,16.6913,16.6932,2.3941,18248,441,818596283895,2.6119,1.4643,14.0632,16676400,38100,674100,0,1500,0
save_load,0,16.6552,16.6387,2.0920,18248,442,818596450827,2.7135,1.1270,13.9082,16629800,39000,1176200,0,1300,0
save_load,0,16.6647,16.7118,2.4330,18248,441,818596617214,2.7039,1.2261,13.9893,16643200,38000,777600,0,1400,0
save_load,0,16.6665,16.6953,2.0787,18248,442,818596784332,2.6095,1.0209,14.0671,16651000,37500,825200,0,1100,0
save_load,0,16.6671,16.6473,2.1586,18248,442,818596951285,2.8300,1.3353,13.8001,16655000,38400,823700,0,1200,0
save_load,0,16.6668,16.6611,2.2979,18248,442,818597117758,2.6064,1.0592,14.0369,16654000,36000,619200,0,1200,0
save_load,0,16.7022,16.6642,2.1514,18248,442,818597284369,2.7542,1.0546,13.8969,16695600,39000,823500,0,1100,0
save_load,0,16.6341,16.6679,2.0040,18248,442,818597451011,2.6635,1.3708,13.9918,16599900,43000,762500,0,1700,0
save_load,0,16.6684,16.6688,2.1893,18248,442,818597617690,2.4351,1.5334,14.2190,16652300,40700,743400,0,1500,0
save_load,0,16.6643,16.7172,1.9968,18248,442,818597784378,2.9570,1.3880,13.7389,16641700,40200,869000,0,1200,0
save_load,0,16.6676,16.6210,2.4269,18248,441,818597951550,3.1244,1.5667,13.4757,16652000,37700,706900,0,1200,0
save_load,0,16.7401,16.6711,1.9569,18248,440,818598117760,2.5429,1.1393,14.1097,16722000,36700,753900,0,1300,0
save_load,0,16.6695,16.6622,2.3716,18248,442,818598284471,3.3893,1.0385,13.2528,16655800,38000,1271400,0,1400,0
save_load,0,16.7415,16.6680,1.9692,18248,441,818598451093,2.4503,1.2446,14.2019,16723200,41400,1008300,0,1500,0
save_load,0,16.6931,16.7376,2.1658,18248,439,818598617773,2.7794,1.3369,13.9429,16689900,41000,1239400,0,11000,0
save_load,0,16.6609,16.6714,2.3347,18248,441,818598785149,2.7742,1.2246,13.8818,16632000,40000,873200,0,1400,0
save_load,0,16.6637,16.7404,2.1852,18248,441,818598951863,3.3301,1.2001,13.3933,16642800,45500,1075700,0,2200,0
save_load,0,16.6675,16.7098,2.3316,18248,437,818599119267,3.2744,1.0241,13.4159,16649700,37800,685200,0,1200,0
save_load,0,16.6642,16.6481,2.1791,18248,442,818599286365,2.5870,1.4450,14.0452,16647200,39400,1192000,0,1300,0
save_load,0,16.6687,16.6607,1.9743,18248,437,818599452846,3.2587,1.4539,13.3842,16654100,37500,594300,0,1500,0
save_load,0,16.6641,16.6664,2.4289,18248,442,818599619453,2.5362,1.0681,14.1135,16648300,33700,508000,0,1200,0
save_load,1,16.6717,16.6612,2.0634,39807,442,818599786117,2.6737,1.2291,13.9736,16669100,5009300,532900,0,1600,0
save_load,0,16.6627,16.6694,2.5119,18138,442,818599952729,2.3368,1.0448,14.3175,16629500,66300,632700,0,2400,0
save_load,0,16.6671,16.6612,2.3347,18138,442,818600119423,2.1679,1.0050,14.4805,16651500,34300,554300,0,1100,0
save_load,0,16.6667,16.6887,2.0695,18138,441,818600286035,7.0467,1.0059,9.6226,16598200,33600,678600,0,1300,0
save_load,0,16.6657,16.6468,2.2856,18138,441,818600452922,2.6785,0.8871,13.9510,16654000,33100,819400,0,900,0
save_load,0,16.7695,16.7224,2.2139,18138,441,818600619390,1.9896,0.8926,14.6619,16760800,32800,997600,0,1000,0
save_load,0,16.6683,16.6096,2.0695,18138,436,818600786614,2.0149,0.9342,14.5834,16644500,43600,786800,0,1300,0
save_load,0,16.6641,16.6660,2.1780,18138,442,818600952710,2.2184,1.2919,14.4356,16646300,33600,852500,0,1100,0
save_load,0,16.6701,16.7787,2.0675,18138,442,818601119370,2.6183,1.3923,14.1427,16658200,33700,580200,0,1400,0
save_load,0,16.6635,16.6635,2.4422,18138,440,818601287157,2.5358,0.9509,14.1089,16643300,38000,724500,0,1400,0
save_load,0,16.6701,16.6620,2.0900,18138,442,818601453792,2.1172,1.0968,14.5291,16658900,34400,560800,0,1300,0
save_load,0,16.6649,16.6743,2.5057,18138,442,818601620412,2.0940,1.5433,14.5644,16647500,32300,553400,0,1300,0
save_load,0,16.6673,16.6577,2.0879,18138,442,818601787155,2.1680,1.1884,14.4754,16653400,33700,532800,0,1000,0
save_load,0,16.6676,16.6733,2.2036,18138,442,818601953732,1.8555,1.0155,14.8036,16652500,37300,497800,0,1600,0
save_load,0,16.6667,16.6634,2.3368,18138,442,818602120465,2.3386,1.1439,14.3089,16650300,33300,621800,0,1200,0
save_load,0,16.6648,16.6691,2.1699,18138,442,818602287099,1.9526,1.0202,14.7009,16646900,32600,603300,0,1000,0
save_load,0,16.6682,16.6668,1.9825,18138,442,818602453790,2.2526,0.9269,14.4002,16658400,30600,695400,0,1000,0
save_load,0,16.6668,16.6660,2.1893,18138,441,818602620458,2.2666,1.3885,14.3838,16650300,32200,723900,0,1100,0
save_load,0,16.6653,16.6609,2.0101,18138,442,818602787118,2.1443,0.8993,14.5027,16650200,33700,998600,0,1000,0
save_load,0,16.6684,16.6719,2.4105,18138,442,818602953727,2.3274,1.2656,14.3312,16658100,44000,614200,0,1600,0
save_load,0,16.7028,16.6648,2.0941,18138,442,818603120446,2.5643,1.0587,14.0861,16685000,33500,744600,0,1100,0
save_load,0,16.6701,16.6642,2.5467,18138,442,818603287094,2.7173,1.4821,13.9330,16656100,37900,589600,0,1000,0
save_load,0,16.6668,16.6740,1.9866,18138,440,818603453736,2.7947,0.9803,13.8637,16648800,35300,551600,0,1000,0
save_load,0,16.6634,16.7020,2.1811,18138,441,818603620476,2.3519,1.1082,14.3333,16642600,37900,618500,0,1400,0
save_load,0,16.6659,16.6710,2.3050,18138,442,818603787496,2.3414,1.4485,14.3148,16650300,33000,866900,0,1300,0
save_load,0,16.6705,16.6668,2.1914,18138,441,818603954206,2.1582,0.9904,14.4908,16665100,32100,556100,0,1000,0
save_load,0,16.6665,16.6590,2.4023,18138,440,818604120874,2.2119,0.9242,14.4309,16651000,39200,663000,0,1100,0
save_load,0,16.6695,16.6625,2.1596,18138,442,818604287464,2.1249,0.9085,14.5255,16664600,35700,670100,0,1100,0
save_load,0,16.6659,16.6787,2.0736,18138,442,818604454089,1.9447,1.1364,14.7204,16639200,38500,556500,0,1600,0
save_load,0,16.6648,16.6655,2.4453,18138,440,818604620876,2.2921,0.9409,14.3591,16649000,36100,684200,0,1500,0
save_load,0,16.6703,16.6800,1.9978,18138,442,818604787531,2.2218,1.2365,14.4429,16655400,37600,831800,783500,1300,0
save_load,0,16.6620,16.6544,2.4832,18138,442,818604954331,2.6755,1.4323,13.9638,16642200,41500,809300,0,1400,0
save_load,0,16.6698,16.6645,2.0869,18138,442,818605120875,2.3337,1.5657,14.3154,16660500,34000,818600,0,1200,0
save_load,0,16.6661,16.6711,2.1985,18138,442,818605287520,2.7412,0.9709,13.9144,16650900,35000,698900,0,1000,0
save_load,0,16.6648,16.6573,2.3214,18138,441,818605454231,2.5648,1.5987,14.0773,16647600,33400,601900,0,1500,0
save_load,0,16.6697,16.6743,2.1944,18138,442,818605620804,2.5740,1.0010,14.0865,16660100,31700,708100,0,900,0
save_load,0,16.6663,16.6640,2.3818,18138,442,818605787547,2.4230,0.9978,14.2281,16655000,31900,708800,0,1200,0
save_load,0,16.6665,16.6612,2.1832,18138,442,818605954187,2.2041,1.1578,14.4436,16653700,31900,513800,0,1000,0
save_load,0,16.6671,16.6723,2.0797,18138,441,818606120799,2.4345,1.1839,14.2256,16653000,35400,765300,0,1400,0
save_load,0,16.6674,16.6676,2.4084,18138,442,818606287522,2.2921,0.8676,14.3630,16653300,35400,784200,0,1200,0
save_load,0,16.6666,16.6665,1.9886,18138,442,818606454198,2.1623,1.0266,14.4916,16650400,43200,709200,0,1100,0
save_load,0,16.6663,16.6682,2.4361,18138,441,818606620863,2.5979,0.9185,14.0552,16652000,34800,517500,0,1100,0
save_load,0,16.6702,16.6678,2.0613,18138,442,818606787545,2.2605,0.9968,14.3929,16659200,33500,605700,0,1200,0
save_load,0,16.6641,16.6665,2.1883,18138,442,818606954223,2.3802,1.4091,14.2703,16644900,42000,865200,0,1600,0
save_load,0,16.8530,16.6652,2.0941,18138,439,818607120888,2.1702,1.4004,14.4820,16842700,34800,729700,0,1300,0
save_load,0,16.6634,16.6751,2.1166,18138,441,818607287540,2.3848,1.0233,14.2746,16641100,38500,1091500,0,1600,0
save_load,0,16.6678,16.6601,1.9958,18138,442,818607454291,2.7453,0.9947,13.8997,16651800,39700,592500,0,1400,0
save_load,0,16.6635,16.8612,2.1944,18138,442,818607620892,2.4388,1.3797,14.4042,16646700,36600,552200,0,1100,0
save_load,0,16.6682,16.6577,2.0767,18138,442,818607789504,2.9164,1.0189,13.7249,16656900,33700,1038500,0,1200,0
save_load,0,17.1038,16.6657,2.4228,18138,441,818607956081,2.2401,0.9908,14.4117,17101700,34000,581400,0,1300,0
save_load,0,16.6559,16.6588,2.0828,18138,442,818608122738,2.2585,1.0962,14.3883,16633600,33800,764800,0,1200,0
save_load,0,16.6673,16.6686,2.4146,18138,441,818608289326,2.6992,1.0405,13.9577,16654100,33500,666300,0,1100,0
save_load,0,16.6707,17.1144,2.0972,18138,442,818608456012,2.2198,0.9562,14.8820,16661900,31300,841600,0,1200,0
save_load,0,16.6625,16.6459,2.2211,18138,442,818608627156,2.3174,0.8464,14.3164,16637300,40600,593800,0,1900,0
save_load,0,16.6678,16.6674,1.9794,18138,442,818608793615,2.1428,1.0175,14.5113,16657000,32400,643400,0,1000,0
save_load,0,16.6680,16.6804,2.0828,18138,440,818608960289,2.3636,1.0307,14.2986,16653300,32900,740800,0,1300,0
save_load,0,16.6690,16.6527,2.3296,18138,442,818609127093,2.3665,0.8525,14.2708,16659800,37600,643100,0,1400,0
save_load,0,16.6638,16.6693,2.1719,18138,441,818609293620,2.1123,0.9992,14.5448,16638000,43100,692600,0,1400,0
save_load,0,16.6661,16.6679,2.0152,18138,442,818609460313,2.2981,1.0503,14.3553,16652300,37500,822000,0,1100,0
save_load,0,16.6664,16.6805,2.1719,18138,441,818609626992,2.2948,1.4431,14.3652,16652200,35700,908300,0,1100,0
save_load,2,16.6679,16.6529,2.0081,43082,441,818609793797,2.5416,1.0318,14.0965,16656500,576800,521500,0,1400,0
save_load,0,16.6670,16.6665,2.4351,18248,435,818609960326,2.4869,0.9773,14.1655,16652700,34900,567100,0,900,0
save_load,0,16.6687,16.6634,2.0685,18248,442,818610126991,2.4391,1.1007,14.2132,16657900,32400,604500,0,1100,0
save_load,0,16.6670,16.6711,2.1944,18248,441,818610293625,2.7162,0.9855,13.9403,16652600,37100,711300,0,1500,0
save_load,0,16.6650,16.6654,2.0183,18248,440,818610460336,2.1714,0.9631,14.4814,16644200,35800,808700,0,1100,0
save_load,0,16.6778,16.6730,2.1985,18248,442,818610626990,2.1212,0.9841,14.5368,16667500,35300,911900,0,1100,0
save_load,0,16.6651,16.6699,2.3204,18248,440,818610793720,2.5820,1.1368,14.0711,16645500,38600,604200,0,1500,0
save_load,0,16.6683,16.6598,2.1801,18248,442,818610960419,2.4644,1.1357,14.1800,16653900,35800,752200,0,1500,0
save_load,0,16.6654,16.6842,2.0193,18248,442,818611127017,2.5577,1.1793,14.1099,16647700,38600,649200,0,1700,0
save_load,0,16.6685,16.6605,2.2149,18248,442,818611293859,2.4539,1.9914,14.1919,16652800,35600,553000,0,1300,0
save_load,0,16.6683,16.6701,2.0009,18248,442,818611460464,2.5344,1.5791,14.1196,16653900,43200,1033700,0,1700,0
save_load,0,16.6659,16.6646,2.4494,18248,442,818611627165,2.2812,1.0519,14.3666,16644500,45100,677500,0,1900,0
save_load,0,16.7081,16.6706,1.9948,18248,442,818611793811,2.2870,1.3009,14.3660,16691200,43200,1093900,0,1600,0
save_load,0,16.6664,16.6720,2.4515,18248,442,818611960517,3.1329,1.5156,13.5211,16647400,42800,1138900,0,1600,0
save_load,0,16.6657,16.6620,2.0685,18248,441,818612127237,3.1303,1.2713,13.5143,16649500,36200,1067900,0,1300,0
save_load,0,16.6663,16.7081,2.1832,18248,442,818612293857,2.6863,1.3606,14.0051,16648500,36000,595900,0,1200,0
save_load,0,16.6669,16.6640,2.3040,18248,440,818612460938,2.8720,1.2536,13.7756,16654600,33700,749600,0,1400,0
save_load,0,16.6665,16.6654,2.2067,18248,439,818612627578,2.4112,1.0578,14.2383,16651700,34200,654300,0,1100,0
save_load,0,16.6666,16.6631,1.9978,18248,439,818612794232,2.1489,0.9580,14.4997,16652700,35400,927800,0,1100,0
save_load,0,16.6646,16.6684,2.4525,18248,442,818612960863,2.2007,0.9703,14.4541,16648300,33500,651300,0,1000,0
save_load,0,16.6707,16.6660,2.1002,18248,442,818613127547,2.1416,1.1405,14.5101,16663300,30500,502400,0,1000,0
save_load,0,16.6746,16.6658,2.4535,18248,442,818613294207,2.3262,0.9008,14.3266,16662100,36500,570200,0,1100,0
save_load,0,16.6602,16.6593,1.9855,18248,441,818613460865,2.1150,0.9901,14.5334,16646400,32600,615900,0,1200,0
save_load,0,16.6645,16.6772,2.1821,18248,442,818613627458,2.1273,0.9824,14.5362,16645400,49100,928700,0,1200,0
save_load,0,16.6692,16.6761,2.0081,18248,442,818613794230,1.9965,1.3583,14.6657,16658200,31200,683700,0,1000,0
save_load,0,16.6900,16.6609,2.2292,18248,441,818613960991,1.8704,1.1757,14.7762,16694500,36900,540200,0,1400,0
save_load,0,16.6925,16.6602,2.3173,18248,440,818614127600,2.3428,0.8284,14.3027,16660300,32700,1009400,0,1100,0
save_load,0,16.6596,16.6746,2.0972,18248,442,818614294202,1.9550,1.2673,14.7034,16641800,35600,710200,0,1000,0
save_load,0,16.6677,16.7129,1.9773,18248,442,818614460948,2.2470,1.1428,14.4477,16658700,38300,709500,0,1300,0
save_load,0,16.7416,16.6724,2.1852,18248,442,818614628077,2.3379,1.4873,14.3225,16720200,37600,616700,0,1300,0
save_load,0,16.7294,16.6559,2.0449,18248,442,818614794801,2.0428,0.9699,14.5990,16711800,34500,937200,0,1200,0
save_load,0,16.6554,16.6730,2.3951,18248,439,818614961360,2.1336,1.7954,14.5251,16637700,31100,563400,0,1100,0
save_load,0,16.6713,16.7389,2.0890,18248,441,818615128090,1.9276,1.0137,14.7926,16664600,32200,1055300,0,1200,0
save_load,0,16.6674,16.7245,2.1852,18248,441,818615295479,2.1908,1.0098,14.5212,16651700,34600,565700,0,1800,0
save_load,0,16.6660,16.6491,2.0818,18248,442,818615462724,1.9228,1.0402,14.7150,16647300,36700,651200,0,1400,0
save_load,0,16.6766,16.6792,2.2026,18248,442,818615629215,2.5349,0.9188,14.1298,16676400,35200,1055000,0,1000,0
save_load,0,16.6552,16.6665,2.3153,18248,442,818615796007,2.2519,1.4059,14.3998,16616700,34800,813600,0,1100,0
save_load,0,16.6680,16.6638,2.1668,18248,442,818615962672,2.3959,1.0975,14.2514,16658500,31500,586900,0,900,0
save_load,0,16.6650,16.6962,2.1012,18248,442,818616129310,2.6641,0.9342,14.0126,16649900,35100,794300,0,1200,0
save_load,0,16.6666,16.6324,2.1996,18248,442,818616296272,2.1380,1.3334,14.4787,16654800,33500,617500,0,1200,0
save_load,0,16.6683,16.6712,2.0029,18248,442,818616462596,1.9048,1.1492,14.7538,16658200,31600,906200,0,1000,0
save_load,0,16.7480,16.6613,2.4955,18248,441,818616629308,2.2505,0.9583,14.3995,16737800,33400,610200,0,1000,0
save_load,0,16.6566,16.6668,1.9948,18248,442,818616795921,1.9901,1.0343,14.6646,16639200,34000,611600,0,1200,0
save_load,0,16.6691,16.6708,2.1985,18248,442,818616962589,2.9970,0.8791,13.6614,16656200,34200,549500,0,1200,0
save_load,0,16.6628,16.7519,2.3255,18248,442,818617129297,1.8885,1.0354,14.8493,16647400,36400,783800,0,1300,0
save_load,0,16.7895,16.6553,2.1914,18248,440,818617296816,1.9455,0.8447,14.6939,16775900,34800,1422500,0,1200,0
save_load,0,16.6655,16.6716,2.3368,18248,442,818617463369,2.0415,0.9739,14.6148,16648000,36500,572300,0,1200,0
save_load,0,16.6686,16.6601,2.0910,18248,442,818617630085,2.4295,1.3219,14.2180,16658100,33200,604400,800600,1000,0
save_load,0,16.6666,16.7908,2.0122,18248,442,818617796686,3.3043,0.9672,13.4718,16651800,35100,704800,0,1300,0
save_load,0,16.6680,16.6606,2.1064,18248,441,818617964594,2.1003,1.4001,14.5478,16653500,34900,757800,0,1300,0
save_load,0,16.6667,16.6733,2.0879,18248,442,818618131200,1.9072,0.9697,14.7513,16650900,35200,750400,0,1300,0
save_load,0,16.6639,16.6659,2.4422,18248,442,818618297933,2.1505,1.3680,14.5015,16645100,35000,673800,0,1300,0
save_load,0,16.6687,16.6689,2.0890,18248,438,818618464592,2.4151,1.2493,14.2385,16657400,32700,586500,0,1200,0
save_load,0,16.6650,16.6666,2.2026,18248,439,818618631281,2.2392,0.9731,14.4119,16649800,45700,539400,0,1100,0
save_load,0,16.6670,16.6597,2.0808,18248,438,818618797947,2.0102,1.3214,14.6349,16654500,33200,540200,0,1300,0
save_load,0,16.6691,16.6703,2.1955,18248,442,818618964544,2.0560,1.0632,14.6016,16659000,31900,1056700,0,1000,0
save_load,0,16.6661,16.6635,2.4044,18248,442,818619131247,1.9979,0.8759,14.6520,16653100,33800,700800,0,1200,0
save_load,0,16.6676,16.6664,2.2231,18248,433,818619297882,1.8635,1.2140,14.7910,16648900,40800,551700,0,1100,0
save_load,0,16.7004,16.6714,2.0705,18248,442,818619464546,2.4037,0.8751,14.2553,16684900,32000,698200,0,1200,0
save_load,0,16.6670,16.6691,2.1750,18248,442,818619631260,2.1144,1.0902,14.5390,16652400,34700,599600,0,1000,0
save_load,1,16.6656,16.6644,2.0879,39903,441,818619797951,2.1806,1.1372,14.4684,16645500,6009000,524600,0,1400,0
save_load,0,16.6682,16.7013,2.4914,18138,435,818619964595,3.1541,1.0208,13.5309,16654800,32000,581900,0,900,0
save_load,0,16.6656,16.6699,2.0654,18138,442,818620131608,2.4498,0.8904,14.2026,16649600,33400,593400,0,1100,0
save_load,0,16.6684,16.6603,2.4433,18138,441,818620298307,7.9377,1.2557,8.7079,16656400,33600,573700,0,1000,0
save_load,0,16.6679,16.6701,2.0900,18138,442,818620464910,2.0315,0.8684,14.6233,16654100,38400,800900,0,1200,0
save_load,0,16.7810,16.6641,2.1883,18138,441,818620631611,1.9063,0.9553,14.7434,16766900,33800,1046300,0,1100,0
save_load,0,16.6659,16.6689,2.3132,18138,442,818620798252,1.9780,0.8683,14.6784,16647000,39100,619200,0,1300,0
save_load,0,16.6652,16.6699,2.2323,18138,435,818620964941,1.9703,1.1896,14.6842,16645400,37700,641300,0,1300,0
save_load,0,16.6636,16.7851,2.0244,18138,442,818621131640,2.2898,0.8973,14.4772,16644200,35200,635700,0,1300,0
save_load,0,16.6665,16.6657,2.1760,18138,441,818621299491,2.2547,1.0446,14.3924,16654300,31500,590500,0,1000,0
save_load,0,16.6849,16.6632,2.0869,18138,442,818621466148,2.0301,1.1267,14.6155,16680900,29500,629700,0,800,0
save_load,0,16.6654,16.6571,2.4658,18138,442,818621632780,1.9872,0.8845,14.6571,16642400,41200,746900,0,1500,0
save_load,0,16.6659,16.6648,2.0429,18138,441,818621799351,1.9741,1.3716,14.6803,16647900,37300,670200,0,1100,0
save_load,0,16.6670,16.6961,2.4300,18138,439,818621965999,2.0831,1.2784,14.5980,16651900,34600,571900,0,1500,0
save_load,0,16.7982,16.6623,1.9825,18138,442,818622132960,2.9993,1.0589,13.6433,16782000,36900,647400,0,1300,0
save_load,0,16.6674,16.6654,2.1873,18138,442,818622299583,2.2290,1.0000,14.4192,16655800,35000,794800,0,1300,0
save_load,0,16.6660,16.6668,3.4232,18138,442,818622466237,2.0213,1.5208,14.6308,16649100,35900,643800,0,1200,0
save_load,0,16.6660,16.7967,2.0961,18138,441,818622632905,2.3963,1.0260,14.3857,16652200,38400,797100,0,1400,0
save_load,0,16.6643,16.6694,2.3931,18138,442,818622800872,2.2724,1.0544,14.3835,16649900,32900,1000200,0,1000,0
save_load,0,16.6687,16.6633,2.2098,18138,440,818622967566,2.1160,1.3858,14.5332,16658000,32000,508400,0,1100,0
save_load,0,16.6676,16.6653,2.1033,18138,441,818623134199,2.3860,1.1088,14.2662,16656000,30900,521300,0,800,0
save_load,0,16.7606,16.6605,2.4095,18138,441,818623300852,2.3320,0.9243,14.3179,16748100,33100,555400,0,900,0
save_load,0,16.9504,16.6699,1.9958,18138,442,818623467457,1.8901,0.8728,14.7681,16935900,34000,946300,0,1100,0
save_load,0,16.7166,16.6691,2.4371,18138,441,818623634156,2.0730,0.9473,14.5832,16699700,33600,565500,0,1100,0
save_load,0,16.6633,16.7626,2.0716,18138,442,818623800847,1.9046,1.1165,14.8436,16646000,34400,562500,0,1200,0
save_load,0,16.6658,16.9523,2.1842,18138,339,818623968473,2.3000,1.0017,14.6360,16650600,36000,699300,0,1000,0
save_load,0,16.6667,16.7159,2.3132,18138,442,818624137996,2.1480,1.0952,14.5518,16657000,32500,551000,0,1100,0
save_load,0,16.6665,16.6626,2.1299,18138,441,818624305155,1.9980,1.8621,14.6482,16647400,33200,831400,0,1200,0
save_load,0,16.6669,16.6638,2.3542,18138,442,818624471781,2.1479,0.7952,14.5027,16651700,34900,620100,0,1000,0
save_load,0,16.6682,16.6713,2.1002,18138,442,818624638419,1.8918,1.1385,14.7652,16660900,33000,936800,0,900,0
save_load,0,16.6675,16.6629,2.3788,18138,439,818624805132,2.4812,1.4218,14.1664,16645800,34300,558100,0,1000,0
save_load,0,16.6691,16.6675,2.1965,18138,442,818624971761,2.5028,1.1760,14.1490,16653000,37500,794600,0,1100,0
save_load,0,16.7330,16.6758,1.9620,18138,442,818625138436,2.5724,0.9553,14.0887,16720300,36800,1038500,0,1700,0
save_load,0,16.6528,16.6626,2.4248,18138,442,818625305194,2.3858,1.0338,14.2603,16631500,33900,602800,0,1100,0
save_load,0,16.6685,16.6682,1.9988,18138,442,818625471820,2.5173,1.1380,14.1359,16655400,33600,653500,0,1100,0
save_load,0,16.6782,16.7382,2.2211,18138,442,818625638502,2.9234,0.8698,13.7969,16664700,35500,587500,0,1500,0
save_load,0,16.6595,16.6443,2.3122,18138,441,818625805884,2.3598,0.9854,14.2717,16641000,35000,579000,0,1100,0
save_load,0,16.6681,16.6714,2.1944,18138,442,818625972327,2.4902,1.1673,14.1652,16657000,35300,650300,0,1200,0
save_load,0,16.6667,16.6795,2.3368,18138,442,818626139041,2.3572,1.3062,14.3077,16649800,37700,1570800,0,1400,0
save_load,0,16.6664,16.6568,2.2180,18138,442,818626305836,2.4815,1.0100,14.1596,16651700,36300,549900,0,1300,0
save_load,0,16.7399,16.6720,2.3327,18138,440,818626472404,2.4776,1.7358,14.1797,16740200,36500,627100,0,1200,0
save_load,0,16.6547,16.6635,2.1996,18138,441,818626639124,3.3126,1.1279,13.3373,16613400,36200,767400,0,1300,0
save_load,0,16.6676,16.6672,2.0756,18138,442,818626805759,2.3353,1.0261,14.3165,16638800,38500,891100,0,1200,0
save_load,0,16.6662,16.7656,2.4177,18138,442,818626972431,2.7432,0.9740,13.9974,16646200,38200,700300,0,1400,0
save_load,0,16.6662,16.6428,2.1012,18138,439,818627140087,2.6791,1.2454,13.9345,16648300,37400,681900,0,1300,0
save_load,0,16.8046,16.6560,2.4259,18138,442,818627306515,2.9177,1.4824,13.7212,16793200,36100,599800,0,1200,0
save_load,0,16.6569,16.6647,2.0972,18138,441,818627473075,2.7534,1.5561,13.8929,16637800,33600,656400,0,1600,0
save_load,0,16.6657,16.6653,2.4074,18138,439,818627639722,2.5696,1.1144,14.0788,16643300,34800,599100,0,1400,0
save_load,0,16.6659,16.8094,2.3142,18138,442,818627806375,2.6302,0.8991,14.1632,16650500,33600,682000,0,1200,0
save_load,0,16.6655,16.6564,2.2067,18138,441,818627974469,2.4197,1.0853,14.2182,16652300,35600,585600,0,1100,0
save_load,0,16.6679,16.6607,2.1033,18138,439,818628141033,2.3144,0.9134,14.3290,16652800,42700,675800,0,1500,0
save_load,0,16.6680,16.6657,2.1770,18138,442,818628307640,2.3524,1.0636,14.2982,16654700,33700,950000,0,1300,0
save_load,0,16.6681,16.6666,2.0818,18138,442,818628474297,2.5871,1.1007,14.0652,16654200,37600,698400,0,1300,0
save_load,0,16.6711,16.6667,2.4156,18138,442,818628640963,2.6821,1.1115,13.9709,16651300,43600,1073500,0,1700,0
save_load,0,16.7408,16.6705,2.0808,18138,442,818628807630,2.5729,1.0504,14.0820,16730100,39100,685600,0,1500,0
save_load,0,16.6656,16.6719,2.4607,18138,442,818628974335,2.4251,1.3662,14.2292,16642900,37200,596600,0,1200,0
save_load,0,16.6702,16.6681,2.0009,18138,442,818629141054,3.1095,1.0578,13.5419,16659600,33400,742000,0,1100,0
save_load,0,16.6651,16.7460,2.1821,18138,442,818629307735,2.5851,1.3798,14.1451,16644000,42100,690500,0,1700,0
save_load,0,16.6677,16.6573,2.3941,18138,442,818629475195,2.3691,1.4073,14.2738,16654100,36100,618900,0,1300,0
save_load,0,16.6674,16.6755,2.1975,18138,441,818629641768,2.3892,1.3123,14.2706,16652100,35000,671100,0,1200,0
save_load,2,16.6657,16.6607,2.1033,43178,442,818629808523,2.6861,0.9853,13.9581,16648700,651800,632800,0,1700,0
save_load,0,16.6652,16.6686,2.4187,18248,442,818629975130,2.0920,1.0091,14.5622,16650500,35200,693500,0,1500,0
save_load,0,16.6681,16.6690,2.0777,18248,442,818630141816,2.0689,0.9565,14.5835,16653100,35900,508700,0,1100,0
save_load,0,16.6675,16.6626,2.5242,18248,442,818630308506,2.6406,0.9228,14.0081,16653200,36100,596400,0,1400,0
save_load,0,16.6794,16.6651,2.0685,18248,442,818630475132,1.9318,0.9698,14.7189,16670200,33600,1746800,849500,1300,0
save_load,0,16.6560,16.6683,2.1965,18248,441,818630641783,1.9595,1.4271,14.6936,16631200,49500,561200,0,2100,0
save_load,0,16.6699,16.6669,2.0992,18248,442,818630808466,1.9877,0.9576,14.6656,16655000,37500,814500,0,1500,0
save_load,0,16.8853,16.6895,2.1801,18248,442,818630975135,3.1318,1.1723,13.5385,16865000,43700,1253900,0,1700,0
save_load,0,16.6550,16.6508,2.4115,18248,442,818631142030,2.6666,1.0110,13.9649,16634100,44700,791000,0,1400,0
save_load,0,16.6681,16.6738,2.2047,18248,442,818631308538,2.4932,1.3962,14.1621,16653100,40000,797800,0,1400,0
save_load,0,16.6675,16.8846,2.4371,18248,436,818631475276,3.0894,1.1669,13.7756,16651200,40200,941600,0,1200,0
save_load,0,16.6675,16.6499,2.2118,18248,441,818631644122,3.1885,1.0903,13.4457,16650000,39600,783800,0,1700,0
save_load,0,16.6650,16.6692,2.0982,18248,442,818631810621,2.6793,1.1224,13.9741,16644700,41300,819000,0,1800,0
save_load,0,16.6664,16.6680,2.5037,18248,438,818631977313,2.7319,1.0798,13.9194,16649100,39200,725800,0,1500,0
save_load,0,16.6697,16.6693,2.0808,18248,441,818632143993,2.8054,1.0474,13.8448,16656800,37200,588600,0,1500,0
save_load,0,16.6649,16.6620,2.2221,18248,440,818632310686,2.7153,1.0571,13.9295,16643700,46300,1022600,0,2200,0
save_load,0,16.6653,16.6653,2.0890,18248,442,818632477306,2.4481,1.0481,14.2011,16649400,39800,980900,0,1700,0
save_load,0,16.6666,16.6735,2.1811,18248,442,818632643959,2.3049,1.3304,14.3522,16652600,36000,1178200,0,1300,0
save_load,0,16.6691,16.6601,2.3276,18248,441,818632810694,3.1955,1.1457,13.4483,16657600,43800,622500,0,900,0
save_load,0,16.6654,16.6639,2.1740,18248,436,818632977295,2.9079,1.1873,13.7418,16648200,38900,1222800,0,1300,0
save_load,0,16.6679,16.6673,2.1033,18248,440,818633143934,3.1804,0.9951,13.4724,16652700,36400,717100,0,1100,0
save_load,0,16.6668,16.6732,2.1832,18248,442,818633310607,2.3595,1.2618,14.2983,16652400,35300,1133300,0,1200,0
save_load,0,16.6668,16.6627,2.0695,18248,442,818633477339,2.9105,1.0253,13.7379,16652000,37000,532600,0,1300,0
save_load,0,16.6673,16.6671,2.5385,18248,442,818633643966,2.3248,1.0861,14.3281,16652900,34600,662700,0,1200,0
save_load,0,16.6681,16.6674,2.1084,18248,442,818633810637,2.7156,1.4500,13.9369,16655600,34800,526400,0,1200,0
save_load,0,16.6648,16.6655,2.1801,18248,442,818633977311,2.6150,0.9177,14.0371,16647300,37100,625100,0,1500,0
save_load,0,16.6642,16.6673,1.9988,18248,442,818634143966,2.1411,1.1638,14.5120,16646000,35700,708400,0,1300,0
save_load,0,16.6673,16.6700,2.2190,18248,442,818634310639,1.9567,1.3671,14.6991,16646200,30000,874200,0,900,0
save_load,0,16.6707,16.6625,2.4146,18248,442,818634477339,2.2356,0.9601,14.4119,16663500,31600,787200,0,1000,0
save_load,0,16.6681,16.6703,2.1760,18248,442,818634643964,2.0854,1.0185,14.5605,16654900,39300,814600,0,1200,0
save_load,0,16.7147,16.6572,2.3839,18248,442,818634810667,2.2997,0.9179,14.3466,16697100,44100,1038700,0,1400,0
save_load,0,16.6666,16.6778,2.2221,18248,442,818634977239,2.3051,1.2640,14.3586,16646900,35200,948400,0,1100,0
save_load,0,16.6701,16.6726,2.0214,18248,442,818635144017,2.8118,1.3068,13.8433,16658400,35600,954200,0,1200,0
save_load,0,16.6637,16.7127,2.4228,18248,442,818635310743,2.8073,1.1089,13.8899,16644100,37600,597800,0,1200,0
save_load,0,16.6705,16.6606,1.9681,18248,442,818635477870,2.3953,1.0251,14.2517,16661900,35700,1224600,0,1100,0
save_load,0,16.6666,16.6730,2.4177,18248,442,818635644476,2.7043,1.0361,13.9542,16647200,40800,764600,0,1700,0
save_load,0,16.6635,16.6600,2.0849,18248,440,818635811206,2.4910,1.0468,14.1532,16647500,36700,589400,0,1400,0
save_load,0,16.6736,16.6780,2.1740,18248,441,818635977806,2.9496,1.3173,13.7124,16657300,36200,722300,0,1200,0
save_load,0,16.6634,16.6615,2.3009,18248,442,818636144586,2.7766,0.9842,13.8708,16655100,32100,562900,0,1000,0
save_load,0,16.6669,16.6614,2.1801,18248,442,818636311201,2.3798,1.0390,14.2678,16652100,35200,968600,0,1300,0
save_load,0,16.6671,16.6697,2.4095,18248,440,818636477815,2.5669,1.3420,14.0905,16652400,37000,1188600,0,1300,0
save_load,0,16.8040,16.6685,2.1709,18248,442,818636644512,2.1372,1.2258,14.5180,16805200,36900,1169000,0,1200,0
save_load,0,16.6537,16.6682,2.0787,18248,440,818636811197,2.5749,1.0623,14.0772,16596100,42400,662300,0,1400,0
save_load,0,16.6650,16.6658,2.4484,18248,441,818636977879,2.7145,1.0933,13.9378,16646600,35900,701500,0,1300,0
save_load,0,16.6694,16.8395,2.0838,18248,442,818637144537,2.8993,1.0406,13.9064,16658600,35800,1044300,0,1300,0
save_load,0,16.6654,16.6192,2.4535,18248,442,818637312932,2.7876,1.5358,13.8085,16545700,36500,760600,0,1300,0
save_load,0,16.6668,16.6632,2.0787,18248,442,818637479124,2.6483,1.2360,13.9984,16650300,34600,575500,0,1100,0
save_load,0,16.6655,16.7738,2.5324,18248,442,818637645756,2.6490,0.9881,14.0096,16649000,33900,565500,0,1000,0
save_load,0,16.6690,16.5609,2.3316,18248,442,818637813494,2.4499,0.9919,14.0960,16660400,31800,869900,0,900,0
save_load,0,16.6657,16.6655,2.1985,18248,440,818637979103,2.2472,0.9915,14.4032,16651200,40300,843400,0,1300,0
save_load,0,16.6664,16.6632,2.0091,18248,438,818638145758,2.5465,0.9642,14.1026,16646500,36200,611500,0,1900,0
save_load,0,16.6652,16.6739,2.1801,18248,442,818638312390,2.5622,1.3315,14.0985,16649400,36500,744700,0,1200,0
save_load,0,16.6707,16.6705,2.0920,18248,442,818638479129,2.8803,1.1135,13.7710,16661700,32700,708500,0,1000,0
save_load,0,16.7899,16.6594,2.4402,18248,442,818638645834,2.5166,1.0964,14.1300,16772200,34300,547200,0,1300,0
save_load,0,16.6956,16.6626,2.0931,18248,439,818638812428,2.6627,1.0637,13.9868,16687900,30700,714700,0,1000,0
save_load,0,16.6667,16.6746,2.1658,18248,441,818638979054,2.6701,1.0324,13.9916,16650300,86300,930700,0,700,0
save_load,0,16.6710,16.7839,1.9988,18248,438,818639145800,2.2453,1.0849,14.5269,16663700,27500,520900,0,800,0
save_load,0,16.6662,16.7008,2.2118,18248,442,818639313639,2.2431,1.1803,14.4448,16652100,33200,780700,0,1400,0
save_load,0,16.6698,16.6602,2.3378,18248,442,818639480647,2.5232,1.0999,14.1273,16657400,34000,736100,0,1200,0
save_load,0,16.6654,16.6763,2.2057,18248,441,818639647249,2.2959,0.9273,14.3680,16644800,40800,732900,0,1500,0
save_load,1,16.6655,16.6676,2.4013,39807,440,818639814012,2.1971,0.8936,14.4550,16649700,3579300,722800,0,1600,0
save_load,0,16.6675,16.6764,2.9358,18138,442,818639980688,2.3315,1.1826,14.3259,16654300,36300,563400,0,1500,0
save_load,0,16.6674,16.6610,2.3163,18138,442,818640147452,2.6647,1.1143,13.9803,16650600,35100,575100,0,1400,0
save_load,0,16.6658,16.6647,2.4504,18138,441,818640314062,5.7730,0.9839,10.8769,16650500,34000,594800,0,1100,0
save_load,0,16.6692,16.6685,2.1012,18138,440,818640480709,2.1075,1.0421,14.5469,16658100,33400,580700,0,1200,0
save_load,0,16.7390,16.6658,2.2129,18138,441,818640647394,2.0546,0.8352,14.5962,16721700,40500,728700,0,1300,0
save_load,0,16.6702,16.6659,2.4340,18138,442,818640814052,1.9678,1.0035,14.6828,16657100,35700,720800,0,1300,0
save_load,0,16.6648,16.6725,2.0900,18138,441,818640980711,2.1291,1.0437,14.5292,16646400,38100,773000,0,1700,0
save_load,0,16.6656,16.7374,2.3009,18138,442,818641147436,2.4930,0.9405,14.2289,16649000,38100,698400,0,1400,0
save_load,0,16.6671,16.6726,2.1115,18138,441,818641314810,2.1473,0.9792,14.5100,16652500,34900,1001200,0,1300,0
save_load,0,16.6661,16.6630,2.3798,18138,441,818641481536,2.2850,1.0414,14.3616,16649900,33600,1018900,0,1300,0
save_load,0,16.6696,16.6638,2.8508,18138,442,818641648166,2.2180,1.0215,14.4312,16657000,35200,1002700,0,1100,0
save_load,0,16.6660,16.6687,2.0890,18138,442,818641814804,2.3072,1.1650,14.3455,16648800,35800,692400,0,1600,0
save_load,0,16.6640,16.6634,2.4556,18138,442,818641981491,2.1921,1.1789,14.4580,16647300,36100,969500,0,1500,0
save_load,0,16.6675,16.6732,2.0879,18138,441,818642148125,2.5089,0.9518,14.1483,16655200,34800,700100,0,1100,0
save_load,0,16.6703,16.6645,2.3726,18138,442,818642314857,2.1249,0.9680,14.5240,16659200,35300,993600,0,1300,0
save_load,0,16.6682,16.6600,2.7525,18138,440,818642481502,2.2584,1.5117,14.3891,16652400,35400,671400,0,1500,0
save_load,0,16.6650,16.6680,2.1985,18138,442,818642648102,2.2001,1.1025,14.4552,16648500,38300,1102400,0,1700,0
save_load,0,16.6645,16.6733,2.3439,18138,442,818642814782,2.4015,1.6523,14.2579,16644500,37300,771200,0,1400,0
save_load,0,16.6670,16.6707,2.7136,18138,442,818642981515,2.0755,1.0890,14.5771,16651600,36900,955700,0,1500,0
save_load,0,16.6674,16.6651,2.0204,18138,442,818643148222,2.8515,1.0329,13.7972,16654300,36900,1132000,0,1200,0
save_load,0,16.7004,16.6607,3.0976,18138,441,818643314873,2.2694,1.0287,14.3752,16685800,33200,732100,0,1100,0
save_load,0,16.6652,16.6662,2.0961,18138,440,818643481480,2.3519,1.2353,14.2998,16649400,35500,725500,0,1600,0
save_load,0,16.6670,16.6672,2.3910,18138,440,818643648142,2.3664,0.9202,14.2881,16656800,35300,733600,0,1400,0
save_load,0,16.6690,16.7016,1.9988,18138,442,818643814814,1.9947,1.0276,14.6912,16654100,41800,2002900,904200,1400,0
save_load,0,16.6668,16.6620,2.5385,18138,442,818643981830,2.3106,1.5428,14.3389,16646400,37700,776700,0,1400,0
save_load,0,16.6666,16.6707,3.0239,18138,442,818644148450,2.1797,1.1844,14.4773,16649700,34500,1059000,0,1300,0
save_load,0,16.6651,16.6714,2.1678,18138,442,818644315157,3.5620,0.9687,13.0925,16650800,36500,652000,0,1200,0
save_load,0,16.6700,16.6636,2.3153,18138,442,818644481871,2.5540,1.0543,14.0926,16657300,35700,626500,0,1100,0
save_load,0,16.6664,16.6661,2.2047,18138,442,818644648507,2.6358,1.1104,14.0140,16647800,38500,896200,0,1400,0
save_load,0,16.6682,16.6643,2.3900,18138,440,818644815168,2.3880,1.4976,14.2628,16655200,38400,1470300,0,1400,0
save_load,0,16.6674,16.6737,3.1109,18138,442,818644981811,2.6469,1.3084,14.0105,16657200,40900,835200,0,1600,0
save_load,0,16.6632,16.6670,2.0234,18138,440,818645148548,2.9898,1.7430,13.6582,16630100,42300,1009700,0,1700,0
save_load,0,16.6699,16.6734,2.4453,18138,440,818645315218,3.6165,1.2930,13.0388,16659100,35300,823900,0,1000,0
save_load,0,16.6652,16.6746,2.0992,18138,442,818645481952,3.0255,1.0734,13.6319,16645800,37400,698200,0,1600,0
save_load,0,16.6693,16.6465,2.5119,18138,442,818645648698,3.4133,1.4217,13.2170,16654300,38000,675800,0,1200,0
save_load,0,16.6667,16.6755,2.1002,18138,440,818645815163,2.4767,1.3448,14.1825,16647100,38100,664800,0,1300,0
save_load,0,16.6645,16.6634,2.1033,18138,441,818645981918,2.4957,1.4817,14.1503,16645900,39400,753200,0,1900,0
save_load,0,16.6702,16.6709,2.3101,18138,440,818646148552,2.7868,1.5315,13.8677,16656700,36600,765000,0,1200,0
save_load,0,16.6648,16.6650,2.1576,18138,439,818646315261,2.3224,0.9970,14.3248,16649900,37300,831700,0,1400,0
save_load,0,16.6653,16.6627,2.3788,18138,441,818646481911,2.4401,1.0439,14.2059,16647200,40300,800600,0,1400,0
save_load,0,16.6680,16.6717,2.2170,18138,442,818646648538,2.7119,1.2250,13.9450,16654500,36500,699700,0,1200,0
save_load,0,16.6706,16.6664,2.0593,18138,442,818646815255,2.3422,1.4920,14.3078,16657500,36600,699800,0,1100,0
save_load,0,16.6624,16.6617,2.4003,18138,442,818646981919,2.6684,1.1810,13.9788,16640100,40000,700900,0,1200,0
save_load,0,16.6656,16.6696,1.9825,18138,441,818647148536,2.3999,1.4919,14.2548,16647900,37300,1034500,0,1200,0
save_load,0,16.6703,16.6761,2.5068,18138,442,818647315232,2.5305,1.0415,14.1272,16663300,35300,610400,0,1300,0
save_load,0,16.6675,16.6557,2.0838,18138,442,818647481993,2.5653,1.0038,14.0750,16651700,37700,861600,0,1700,0
save_load,0,16.6637,16.6607,2.2149,18138,442,818647648550,2.6783,1.1090,13.9696,16614500,37800,1146200,0,13900,0
save_load,0,16.6718,16.6775,2.3286,18138,441,818647815157,2.6151,1.1037,14.0484,16662800,36500,744200,0,1000,0
save_load,0,16.6648,16.6684,2.2077,18138,441,818647981932,2.5836,1.2778,14.0682,16643400,38900,691700,0,1500,0
save_load,0,16.6970,16.6602,2.4259,18138,442,818648148616,2.7947,0.9984,13.8196,16687200,37700,1419400,0,1400,0
save_load,0,16.6573,16.6790,2.1443,18138,442,818648315218,2.7475,1.4348,13.9155,16634500,38200,984000,0,1500,0
save_load,0,16.6662,16.6599,2.0849,18138,442,818648482008,2.5969,1.3132,14.0466,16650300,36300,1155100,0,2200,0
save_load,0,16.6665,16.7030,2.4095,18138,441,818648648607,3.2196,1.1691,13.4677,16651800,35600,648800,0,1300,0
save_load,0,16.6679,16.6508,2.0797,18138,442,818648815637,2.9522,1.1506,13.6824,16634800,34500,618500,0,1500,0
save_load,0,16.6678,16.6657,2.5119,18138,440,818648982145,3.0831,1.4634,13.5673,16648900,36500,755200,0,1400,0
save_load,0,16.6641,16.6835,2.0716,18138,442,818649148802,2.3077,1.1206,14.3443,16646100,39200,969400,0,1600,0
save_load,0,16.6679,16.6525,2.1975,18138,442,818649315637,2.4864,1.1182,14.1485,16655300,35100,708300,0,1600,0
save_load,0,16.6684,16.6679,2.2804,18138,442,818649482162,2.4336,1.6750,14.2154,16653800,37200,590300,0,1200,0
save_load,0,16.6642,16.6600,2.0736,18138,442,818649648841,2.8510,0.9907,13.7952,16641000,39900,856700,0,1700,0
save_load,2,16.6677,16.6708,2.3368,43082,440,818649815441,2.9443,1.0741,13.7112,16652500,643500,747700,0,1700,0
save_load,0,16.6663,16.6701,2.1955,18248,442,818649982149,2.4593,1.1117,14.1946,16648600,36200,1278000,0,1400,0
save_load,0,16.6671,16.6600,1.9804,18248,442,818650148850,3.0541,1.1118,13.5870,16654800,35200,591500,0,1200,0
save_load,0,16.6668,16.6687,2.4269,18248,442,818650315450,3.1759,1.0860,13.4768,16650500,44900,1275500,0,1600,0
save_load,0,16.8005,16.6659,1.9763,18248,442,818650482137,2.9761,1.2029,13.6727,16786900,36300,800200,0,1300,0
save_load,0,16.6689,16.6685,2.4392,18248,442,818650648796,2.4780,1.3594,14.1770,16655900,36200,979400,0,1100,0
save_load,0,16.7225,16.6646,2.0644,18248,442,818650815481,2.8050,1.1169,13.8456,16712200,36900,578300,0,1600,0
save_load,0,16.6680,16.8008,2.1821,18248,442,818650982127,2.5007,1.2372,14.2864,16646800,49400,724100,0,2800,0
save_load,0,16.6662,16.6710,2.3316,18248,442,818651150135,2.6367,1.1841,14.0194,16637800,62400,881700,0,2200,0
save_load,0,16.6673,16.7328,2.0890,18248,442,818651316845,2.4960,1.7306,14.2165,16647200,55800,1324800,0,2400,0
save_load,0,16.6654,16.6676,2.3142,18248,442,818651484173,2.9279,1.5952,13.7191,16647400,46500,728800,0,1500,0
save_load,0,16.6661,16.6630,2.0705,18248,442,818651650849,3.3215,1.6937,13.3164,16650400,39000,755600,0,1600,0
save_load,0,16.6678,16.6648,2.0726,18248,441,818651817479,3.6998,1.2359,12.9476,16651400,41700,829200,0,2500,0
save_load,0,16.6679,16.6628,2.3951,18248,441,818651984127,2.5109,1.0769,14.1366,16651200,42200,794600,0,1500,0
save_load,0,16.7034,16.6664,1.9702,18248,441,818652150755,2.8291,1.0447,13.8215,16688700,183600,830400,0,1800,0
save_load,0,16.6670,16.6682,2.4392,18248,440,818652317419,2.7392,1.4451,13.9125,16643300,44600,863600,0,1400,0
save_load,0,16.6643,16.6667,2.0050,18248,442,818652484101,2.8837,1.1325,13.7679,16641700,43900,935900,0,1600,0
save_load,0,16.6658,16.7136,2.4986,18248,440,818652650768,3.2217,1.1793,13.4671,16643300,46200,1186900,0,1600,0
save_load,0,16.6672,16.6638,2.0070,18248,442,818652817904,2.8539,1.7600,13.7896,16652400,39700,722000,0,1200,0
save_load,0,16.6654,16.6608,2.5283,18248,442,818652984542,3.0407,1.2446,13.6011,16649700,41300,838400,0,1400,0
save_load,0,16.7145,16.6611,2.3101,18248,442,818653151150,3.4538,1.5808,13.1897,16703800,38400,667900,0,1400,0
save_load,0,16.6530,16.6671,2.1740,18248,442,818653317761,2.6134,1.1096,14.0391,16641200,36000,657300,0,1300,0
save_load,0,16.6704,16.6649,2.0787,18248,442,818653484432,2.6935,1.4847,13.9563,16647400,38500,968500,0,1400,0
save_load,0,16.6597,16.7218,2.1862,18248,441,818653651081,2.6337,1.4677,14.0704,16630800,41800,773800,0,1300,0
save_load,0,16.6693,16.6600,2.0685,18248,439,818653818299,2.7486,1.1784,13.8927,16661600,33400,544400,0,1000,0
save_load,0,16.6711,16.6656,2.4248,18248,441,818653984899,2.8113,1.0793,13.8364,16658700,37100,569000,0,1000,0
save_load,0,16.6676,16.6448,2.0787,18248,442,818654151555,2.3131,0.9084,14.3177,16651000,38900,727000,0,1200,0
save_load,0,16.6631,16.6748,2.1012,18248,440,818654318003,2.1278,1.3281,14.5339,16642500,39700,729300,0,2100,0
save_load,0,16.6854,16.6744,2.3204,18248,442,818654484751,2.1787,1.0066,14.4801,16672900,35800,611400,0,1300,0
save_load,0,16.6681,16.6688,2.1955,18248,442,818654651495,2.4497,1.1160,14.2014,16651500,36600,984200,0,1300,0
save_load,0,16.6622,16.6576,2.3255,18248,440,818654818183,2.6385,1.2005,14.0042,16643100,37800,839400,0,1300,0
save_load,0,16.6705,16.6894,2.1842,18248,442,818654984759,2.6482,1.1438,14.0249,16665000,33900,714400,0,1800,0
save_load,0,16.6683,16.6665,2.0797,18248,442,818655151653,2.9010,1.4681,13.7505,16655500,37400,752700,0,1400,0
save_load,0,16.6659,16.6566,2.1043,18248,442,818655318318,2.6930,0.9291,13.9501,16642600,36300,1046800,0,1300,0
save_load,0,16.6683,16.6803,1.9794,18248,442,818655484884,2.6038,1.3785,14.0613,16652700,36200,674800,0,1200,0
save_load,0,16.6684,16.6722,2.4412,18248,442,818655651687,2.6190,1.1605,14.0370,16649300,39000,897200,0,1200,0
save_load,0,16.6630,16.6600,2.0838,18248,441,818655818409,2.6047,1.3444,14.0379,16641400,37900,996400,0,1300,0
save_load,0,16.6673,16.6702,2.1228,18248,442,818655985009,2.7013,1.2889,13.9516,16650000,39000,661800,0,1400,0
save_load,0,16.6901,16.6693,2.0818,18248,441,818656151711,2.7358,1.1127,13.9137,16670200,38100,744800,0,1400,0
save_load,0,16.6652,16.6610,2.1719,18248,442,818656318404,2.8786,1.4617,13.7630,16648100,35600,616300,0,1100,0
save_load,0,16.6671,16.6664,2.3245,18248,438,818656485014,3.1974,0.9727,13.4527,16655000,33400,572400,0,1100,0
save_load,0,16.6682,16.6866,2.1699,18248,442,818656651678,2.5232,1.1525,14.1470,16656700,35800,798500,0,1200,0
save_load,0,16.6659,16.6620,1.9907,18248,442,818656818544,2.4902,1.2043,14.1580,16648500,36600,589700,0,1400,0
save_load,0,16.6676,16.6696,2.3747,18248,442,818656985164,2.3021,1.0518,14.3531,16654700,32700,702900,0,1000,0
save_load,0,16.6692,16.6725,2.0623,18248,442,818657151860,2.1615,1.1891,14.4954,16655300,34600,1905500,750900,1100,0
save_load,0,16.6665,16.6618,2.5211,18248,442,818657318585,2.5901,0.8889,14.0584,16647000,36100,1096500,0,1300,0
save_load,0,16.6721,16.6691,2.0767,18248,442,818657485203,2.1133,0.9737,14.5416,16662500,35400,1031000,0,1200,0
save_load,0,16.6642,16.6717,2.4238,18248,442,818657651894,3.3615,1.1212,13.2938,16641200,42400,686500,0,1700,0
save_load,0,16.6659,16.6627,2.0900,18248,442,818657818611,2.9204,1.0711,13.7266,16644200,39300,1203800,0,1600,0
save_load,0,16.6646,16.6809,2.1176,18248,442,818657985238,2.6682,1.2374,13.9947,16648800,38000,1001600,0,1700,0
save_load,0,16.6653,16.6618,2.3378,18248,442,818658152047,2.8030,1.2893,13.8385,16647300,36100,975400,0,1100,0
save_load,0,16.6694,16.6609,2.2067,18248,442,818658318665,3.1305,1.1905,13.5139,16660000,33600,1045000,0,1100,0
save_load,0,16.6677,16.6639,2.0982,18248,439,818658485274,2.7530,1.0660,13.8960,16654400,36000,638900,0,1100,0
save_load,0,16.6685,16.6601,2.4422,18248,442,818658651913,2.6056,1.1154,14.0419,16651600,34700,1035700,0,1000,0
save_load,0,16.7165,16.6729,2.0961,18248,442,818658818514,2.4768,1.4880,14.1833,16715800,35000,839700,0,1200,0
save_load,0,16.6614,16.6690,2.4351,18248,442,818658985243,2.1637,1.2350,14.4908,16627800,41500,2138900,0,1300,0
save_load,0,16.6680,16.6651,2.0797,18248,442,818659151933,2.5936,1.1167,14.0581,16652000,34000,603800,0,1000,0
save_load,0,16.6664,16.7343,2.1965,18248,441,818659318584,2.5464,2.8515,14.1696,16649500,35300,834500,0,1300,0
save_load,0,16.6677,16.6474,2.0972,18248,442,818659485927,5.5762,0.9952,11.0519,16654500,34700,747300,0,1100,0
save_load,0,16.6652,16.6665,2.0838,18248,439,818659652401,2.5137,0.9850,14.1386,16649200,34300,867900,0,1300,0
save_load,1,16.6673,16.6653,2.3368,39807,442,818659819066,2.3030,0.9787,14.3465,16655300,3551400,568400,0,1700,0
save_load,0,16.6680,16.6697,2.1074,18138,441,818659985719,2.1287,1.5217,14.5258,16655400,34900,853100,0,1100,0
save_load,0,16.6651,16.6624,2.0787,18138,442,818660152416,2.5127,1.0735,14.1365,16648100,36300,741000,0,1300,0
save_load,0,16.6680,16.6681,2.5405,18138,440,818660319040,5.4748,1.1492,11.1806,16656500,32600,545000,0,1100,0
save_load,0,16.6664,16.6699,2.0818,18138,442,818660485721,2.1414,0.9213,14.5141,16652500,35200,826000,0,1200,0
save_load,0,16.6704,16.6605,2.4146,18138,440,818660652420,2.1699,0.8370,14.4782,16657300,42300,950600,0,1100,0
save_load,0,16.6665,16.6714,2.0613,18138,439,818660819025,1.9145,1.1392,14.7421,16647200,38600,771100,0,1300,0
save_load,0,16.6668,16.6693,2.5426,18138,441,818660985739,2.2589,1.2134,14.3938,16650500,36300,803700,0,1400,0
save_load,0,16.6662,16.6734,2.3101,18138,442,818661152432,2.8210,1.0470,13.8365,16649800,38500,722800,0,1500,0
save_load,0,16.6647,16.6647,2.2057,18138,442,818661319166,2.2831,1.2609,14.3643,16645500,39100,1223200,0,1500,0
save_load,0,16.6694,16.6663,2.0705,18138,440,818661485813,2.3362,0.9540,14.3147,16657900,36800,654800,0,1300,0
save_load,0,16.6677,16.6670,2.1770,18138,442,818661652476,2.2272,1.4770,14.4228,16653000,38000,769800,0,1400,0
save_load,0,16.6657,16.6599,2.0992,18138,441,818661819146,2.7099,1.4296,13.9357,16649900,39400,614600,0,1500,0
save_load,0,16.6676,16.6718,2.4279,18138,441,818661985745,2.1293,0.9541,14.5288,16651100,35800,762700,0,1300,0
save_load,0,16.6634,16.6691,1.9845,18138,442,818662152463,2.1375,0.9974,14.5157,16646200,37900,1119600,0,1200,0
save_load,0,16.6652,16.6654,2.5057,18138,439,818662319154,2.4627,0.9532,14.1874,16650600,41300,783900,0,1100,0
save_load,0,16.6701,16.6669,2.0972,18138,442,818662485808,2.2300,1.0931,14.4213,16665800,28800,616700,0,900,0
save_load,0,16.6681,16.6587,2.1821,18138,442,818662652477,2.6865,1.0662,13.9598,16653400,35400,696800,0,1200,0
save_load,0,16.6654,16.6609,2.2968,18138,442,818662819064,2.2074,0.8977,14.4432,16653000,34000,837800,0,1100,0
save_load,0,16.6685,16.6780,2.2108,18138,441,818662985673,1.9604,0.9565,14.7055,16655700,35600,639800,0,1200,0
save_load,0,16.6671,16.6668,3.2317,18138,442,818663152453,2.3917,0.9667,14.2620,16653800,33800,603500,0,1200,0
save_load,0,16.6676,16.6657,2.1791,18138,442,818663319121,2.0859,1.1091,14.5671,16652400,34900,882500,0,1100,0
save_load,0,16.6664,16.6683,2.0756,18138,442,818663485778,2.0693,1.3513,14.5865,16653500,35000,681600,0,1300,0
save_load,0,16.6832,16.6686,2.4627,18138,442,818663652461,1.8411,1.1422,14.8129,16688400,36300,771000,0,1600,0
save_load,0,16.6515,16.6668,2.0961,18138,442,818663819147,2.1765,0.9160,14.4761,16596000,100000,1078900,0,5200,0
save_load,0,16.6681,16.6671,2.4433,18138,442,818663985815,2.0425,0.9428,14.6111,16652900,42700,1360800,0,1900,0
save_load,0,16.6673,16.7162,1.9999,18138,439,818664152486,2.1555,1.8332,14.5333,16647200,40100,880700,0,1800,0
save_load,0,16.6700,16.6204,2.4289,18138,441,818664319648,5.1684,1.2817,11.4275,16660800,34500,548100,0,1100,0
save_load,0,16.6616,16.6690,2.0797,18138,441,818664485852,3.1972,1.1437,13.4559,16647400,34000,617000,0,1400,0
save_load,0,16.6643,16.6601,2.0890,18138,442,818664652542,2.7498,1.0408,13.8974,16648700,33700,594700,0,1000,0
save_load,0,16.6661,16.6736,2.3101,18138,442,818664819143,2.1033,1.3460,14.5576,16654000,30200,863400,0,1000,0
save_load,0,16.6671,16.6610,2.1955,18138,442,818664985879,2.1202,1.3513,14.5273,16658800,29700,802100,0,900,0
save_load,0,16.6685,16.6602,2.1023,18138,442,818665152489,1.9667,0.9906,14.6820,16645900,51100,726200,0,1000,0
save_load,0,16.6649,16.6639,2.1780,18138,441,818665319091,2.1557,0.9750,14.4982,16655900,33400,1231700,0,900,0
save_load,0,16.6693,16.6828,1.9927,18138,442,818665485730,2.4432,1.0364,14.2158,16657800,30300,859500,0,900,0
save_load,0,16.6693,16.6567,2.4494,18138,441,818665652558,2.3577,1.2696,14.2882,16656300,34600,587300,0,1100,0
save_load,0,16.6644,16.6666,2.0818,18138,441,818665819125,2.6240,0.8812,14.0320,16645800,34400,1242500,0,1300,0
save_load,0,16.6660,16.6698,2.1873,18138,442,818665985791,2.5303,1.0607,14.1275,16654000,33400,612700,0,1500,0
save_load,0,16.6688,16.6702,2.0787,18138,392,818666152489,2.2118,1.1991,14.4447,16657400,33300,943200,0,1000,0
save_load,0,16.8212,16.6614,2.2118,18138,441,818666319191,2.7621,0.9590,13.8838,16827400,39100,590300,0,1100,0
save_load,0,16.6555,16.6649,2.3245,18138,442,818666485805,2.2855,1.0509,14.3685,16610200,39700,1459500,0,1200,0
save_load,0,16.6670,16.6715,2.0941,18138,442,818666652454,2.3207,1.3767,14.3369,16664900,34700,678300,0,1100,0
save_load,0,16.6676,16.8535,2.3265,18138,442,818666819169,2.1180,1.6043,14.7098,16639800,32400,541400,0,1200,0
save_load,0,16.6687,16.6251,2.2139,18138,441,818666987704,3.3043,0.9727,13.3059,16653000,37300,631900,0,1200,0
save_load,0,16.6666,16.6806,2.0961,18138,441,818667153955,2.5504,0.9575,14.1146,16647800,35600,694500,0,1200,0
save_load,0,16.6657,16.6544,2.4136,18138,442,818667320761,2.6121,1.1468,14.0279,16647200,35000,1044200,0,1000,0
save_load,0,16.6693,16.6719,1.9999,18138,440,818667487305,2.5956,1.1060,14.0576,16655500,32300,585100,0,1200,0
save_load,0,16.6667,16.6652,2.1238,18138,442,818667654024,2.4315,1.2647,14.2165,16646700,35400,954800,0,1500,0
save_load,0,16.6658,16.6633,2.1002,18138,442,818667820676,2.8947,0.8532,13.7526,16646400,39200,980400,0,1400,0
save_load,0,16.7564,16.6728,2.1729,18138,441,818667987309,2.3013,1.0147,14.3544,16739100,37000,577000,0,1300,0
save_load,0,16.6693,16.6651,2.3173,18138,442,818668154037,2.6565,1.0943,13.9903,16658400,32500,795000,0,1100,0
save_load,0,16.6654,16.6646,3.1908,18138,442,818668320688,2.6742,1.4702,13.9724,16649200,31400,698300,0,1200,0
save_load,0,16.6683,16.7547,2.4125,18138,442,818668487334,2.5744,1.6372,14.1647,16656800,31800,734900,0,1200,0
save_load,0,16.6633,16.6698,2.4023,18138,440,818668654881,2.4327,0.9277,14.2259,16644000,33800,507700,0,1000,0
save_load,0,16.6702,16.6640,2.1207,18138,440,818668821579,2.3313,0.8860,14.3180,16661200,28900,705600,0,1000,0
save_load,0,16.6676,16.6710,2.4033,18138,442,818668988219,2.6541,0.8489,14.0028,16652800,33000,545100,0,1100,0
save_load,0,16.6664,16.6567,2.0787,18138,442,818669154929,2.4173,1.0728,14.2269,16645500,33400,1534800,0,1400,0
save_load,0,16.6658,16.6760,2.4433,18138,441,818669321496,2.2724,0.8452,14.3890,16650900,34200,704000,0,1200,0
save_load,0,16.6694,16.6725,2.1012,18138,434,818669488256,2.6749,1.1888,13.9781,16656500,32400,607900,0,1000,0
save_load,0,16.6716,16.6620,2.1074,18138,442,818669654981,3.1780,0.9429,13.4676,16661200,34200,645900,0,1100,0
save_load,2,16.6621,16.6638,2.3265,43082,442,818669821601,2.2419,1.0483,14.4093,16639600,627800,985100,0,1700,0
save_load,0,16.6682,16.6713,2.2047,18248,442,818669988239,2.2039,1.3563,14.4528,16649700,41900,1357700,0,1700,0
save_load,0,16.6656,16.6796,2.3286,18248,442,818670154952,2.8745,2.1511,13.7868,16648300,38500,649000,0,2300,0
save_load,0,16.6658,16.6582,2.1955,49123,442,818670321748,4.1784,1.6855,12.4616,16650100,35500,2735000,1513600,1300,0
save_load,0,16.6708,16.6666,2.0982,18248,442,818670488330,3.6982,1.5742,12.9516,16658400,37400,549000,0,1100,0
save_load,0,16.6646,16.6639,2.1627,18248,442,818670654996,2.6807,0.9675,13.9677,16644400,38400,911800,0,1100,0
save_load,0,16.6662,16.6656,1.9804,18248,441,818670821635,3.9236,1.1608,12.7266,16653100,36400,535600,0,1300,0
save_load,0,16.6720,16.6742,2.4412,18248,440,818670988291,2.4526,1.0081,14.2060,16653000,38000,561200,0,1300,0
save_load,0,16.6640,16.6624,2.3020,18248,442,818671155033,2.6458,0.8951,13.9988,16643200,41200,681800,0,1600,0
save_load,0,16.6662,16.6712,2.1668,18248,442,818671321657,2.2772,1.4168,14.3760,16649200,39400,595400,0,1500,0
save_load,0,16.6650,16.6736,2.3091,18248,441,818671488369,2.2286,1.5121,14.4246,16645600,39000,650200,0,1300,0
save_load,0,16.6709,16.6610,2.2088,18248,442,818671655105,2.8779,1.4656,13.7654,16659300,35700,738900,0,1400,0
save_load,0,16.6629,16.6656,2.0818,18248,441,818671821715,2.6314,1.5717,14.0180,16640100,43100,664700,0,1800,0
save_load,0,16.6665,16.6609,2.5078,18248,442,818671988371,2.3311,1.0068,14.3148,16651000,37000,649700,0,1400,0
save_load,0,16.6653,16.6773,2.0982,18248,440,818672154980,2.2042,1.5511,14.4554,16648900,36400,694900,0,1300,0
save_load,0,16.6655,16.6573,2.4484,18248,442,818672321753,2.7449,1.4438,13.8952,16649300,35500,684200,0,1400,0
save_load,0,16.7122,16.6660,2.0961,18248,439,818672488326,2.3865,1.4487,14.2646,16702600,31800,782500,0,1000,0
save_load,0,16.6656,16.6637,2.1934,18248,441,818672654986,2.2587,0.8881,14.3903,16648500,32800,678600,0,1200,0
save_load,0,16.6689,16.6611,2.1094,18248,442,818672821623,2.0896,0.9333,14.5597,16661100,32400,600800,0,900,0
save_load,0,16.6663,16.7167,2.1094,18248,442,818672988234,2.1707,0.9454,14.5319,16649200,34000,642200,0,1400,0
save_load,0,16.6656,16.6612,2.4125,18248,442,818673155401,2.3865,1.2755,14.2621,16651600,50100,739100,0,1000,0
save_load,0,16.6684,16.6740,2.5006,18248,441,818673322013,1.7892,1.2999,14.8720,16656500,32700,557600,0,1000,0
save_load,0,16.6653,16.6635,2.0818,18248,442,818673488753,2.1218,0.8431,14.5275,16649400,34600,704500,0,1300,0
save_load,0,16.6667,16.6644,2.2190,18248,440,818673655388,2.1042,0.9406,14.5477,16652300,34100,761800,0,1000,0
save_load,0,16.6678,16.6704,2.0900,18248,442,818673822032,1.9805,0.9162,14.6761,16659600,31900,615100,0,900,0
save_load,0,16.6684,16.6641,2.4433,18248,442,818673988736,2.0372,0.8956,14.6123,16655200,33100,540300,0,1000,0
save_load,0,16.6658,16.6639,2.0838,18248,442,818674155377,2.1928,0.8774,14.4596,16650000,34800,867300,0,1000,0
save_load,0,16.6644,16.6720,2.2190,18248,442,818674322016,1.9507,0.9734,14.7091,16645300,35000,971500,0,1200,0
save_load,0,16.6703,16.6687,2.0797,18248,442,818674488736,1.9493,0.9359,14.7060,16663000,32400,831600,0,900,0
save_load,0,16.6662,16.6660,2.1555,18248,441,818674655423,2.1003,1.0772,14.5498,16650900,33200,734200,0,1100,0
save_load,0,16.6673,16.6605,2.3173,18248,442,818674822083,2.4166,1.0839,14.2290,16651100,32900,759300,0,1200,0
save_load,0,16.6932,16.6749,2.2088,18248,442,818674988688,2.4664,0.9954,14.1968,16678600,32500,542700,0,1100,0
save_load,0,16.6665,16.6645,2.0879,18248,442,818675155437,2.3642,0.9084,14.2868,16654500,32400,543600,0,800,0
save_load,0,16.6649,16.6664,2.4310,18248,441,818675322082,2.3295,0.9912,14.3215,16652500,32300,648700,0,900,0
save_load,0,16.6695,16.6923,2.0716,18248,442,818675488746,1.8745,0.9964,14.8042,16664200,31300,529000,0,800,0
save_load,0,16.6917,16.6664,2.4863,18248,442,818675655669,1.8461,0.8682,14.8085,16673300,32600,876600,0,1200,0
save_load,0,16.6665,16.6640,2.1023,18248,441,818675822333,2.2298,0.9073,14.4227,16649900,31200,632100,0,1000,0
save_load,0,16.6808,16.6770,2.1924,18248,442,818675988973,2.1629,0.9187,14.5015,16682900,31400,525200,0,800,0
save_load,0,16.6532,16.6878,2.0654,18248,441,818676155743,2.2614,0.9999,14.4120,16593900,29700,581900,0,900,0
save_load,0,16.6669,16.6637,2.1862,18248,441,818676322621,1.9807,0.9284,14.6694,16653500,31600,699100,0,1100,0
save_load,0,16.8844,16.7091,2.4033,18248,442,818676489258,2.0186,1.1156,14.6647,16885700,31500,758700,0,1000,0
save_load,0,16.6533,16.6250,2.2088,18248,441,818676656349,2.0018,0.9900,14.5921,16589000,30300,888400,0,900,0
save_load,0,16.6693,16.6684,2.0859,18248,437,818676822599,2.3426,0.9423,14.3110,16659000,31600,666800,0,1000,0
save_load,0,16.6681,16.9129,2.2374,18248,442,818676989283,2.0642,0.9188,14.8219,16656300,32500,761100,0,1600,0
save_load,0,16.6663,16.6234,2.1074,18248,442,818677158412,2.1142,0.8754,14.4746,16650100,36300,736100,0,1800,0
save_load,0,16.6663,16.6722,2.4146,18248,442,818677324646,2.4596,1.1757,14.1994,16648500,37300,886200,0,1300,0
save_load,0,16.6685,16.6717,2.0849,18248,442,818677491368,2.9026,1.1883,13.7538,16654600,36900,603100,0,1200,0
save_load,0,16.6670,16.6656,2.4556,18248,442,818677658085,2.6476,1.4869,14.0026,16649100,35500,707800,0,1200,0
save_load,0,16.6657,16.6643,1.9958,18248,442,818677824741,2.9390,1.1046,13.7097,16649000,35500,1231300,0,1200,0
save_load,0,16.6687,16.6707,2.0777,18248,442,818677991384,2.5185,0.9845,14.1363,16658100,34900,649000,0,1300,0
save_load,0,16.6642,16.6659,2.3368,18248,440,818678158091,2.3330,1.2780,14.3163,16647000,36800,955100,0,1400,0
save_load,0,16.6663,16.6626,2.0972,18248,442,818678324750,3.1300,0.9905,13.5191,16651200,35800,871700,0,1400,0
save_load,0,16.6680,16.6726,2.3316,18248,442,818678491376,2.3621,0.9438,14.2963,16656000,36800,724800,0,1100,0
save_load,0,16.6650,16.6619,2.1883,18248,442,818678658102,2.5671,1.0769,14.0801,16647000,33600,1182600,0,1100,0
save_load,0,16.6810,16.6647,1.9814,18248,442,818678824721,2.6179,0.8744,14.0335,16679800,32200,843600,0,900,0
save_load,0,16.6559,16.6695,2.4381,18248,441,818678991368,2.2410,1.0626,14.4152,16634800,32900,788400,0,1000,0
save_load,0,16.6702,16.6613,2.1012,18248,441,818679158063,2.7623,1.4936,13.8849,16658700,35100,1106000,0,1100,0
save_load,0,16.6623,16.6920,2.5293,18248,441,818679324676,2.5042,1.0537,14.1757,16640400,51900,665800,0,2200,0
save_load,0,16.6676,16.6480,2.0972,18248,441,818679491596,2.2081,1.0977,14.4269,16656600,33100,585000,0,800,0
save_load,0,16.6667,16.6769,2.1975,18248,442,818679658076,3.0754,0.9949,13.5834,16651700,32900,1546700,0,900,0
save_load,1,16.6705,16.6538,2.3194,39807,436,818679824845,2.5009,1.4278,14.1396,16661500,3713800,518400,0,1200,0
save_load,0,16.6635,16.6698,2.2139,18138,442,818679991383,2.2051,1.2664,14.4518,16644100,38900,749100,0,1700,0
save_load,0,16.7325,16.6657,2.0910,18138,441,818680158081,3.1627,1.2915,13.4891,16722200,36700,651600,0,1000,0
save_load,0,16.6542,16.6768,2.1791,18138,442,818680324738,5.6440,1.0614,11.0178,16634300,35000,557600,0,1100,0
save_load,0,16.6664,16.6594,2.0081,18138,442,818680491506,2.2395,1.4889,14.4047,16652400,31000,568600,0,1000,0
save_load,0,16.6663,16.7355,2.4166,18138,442,818680658100,2.0477,1.1983,14.6747,16651700,32200,963300,0,900,0
save_load,0,16.6689,16.6476,2.0808,18138,441,818680825455,1.9616,1.1989,14.6727,16658000,31100,669800,0,900,0
save_load,0,16.6669,16.6672,2.1924,18138,442,818680991931,1.9522,1.1867,14.7003,16652700,34700,685200,0,1000,0
save_load,0,16.6679,16.6654,2.0777,18138,442,818681158603,2.2469,1.4632,14.4048,16654800,33800,737800,0,1100,0
save_load,0,16.6656,16.6712,2.1975,18138,442,818681325257,2.1078,0.9102,14.5504,16646300,36600,574900,0,1500,0
save_load,0,16.6671,16.6673,2.3142,18138,442,818681491969,1.9693,1.0667,14.6835,16652000,31100,684800,0,1100,0
save_load,0,16.6674,16.6710,2.0992,18138,441,818681658642,2.0587,1.3346,14.5965,16654400,32100,529200,0,1100,0
save_load,0,16.6686,16.6614,2.0122,18138,442,818681825352,2.2446,0.9806,14.4018,16651900,34700,1737500,857500,1400,0
save_load,0,16.8952,16.6679,2.1637,18138,441,818681991966,2.0338,1.3825,14.6183,16883800,35100,546400,0,1300,0
save_load,0,16.6665,16.6708,2.0838,18138,442,818682158645,1.9674,1.6141,14.6871,16644600,39700,709800,0,1200,0
save_load,0,16.7202,16.6669,2.4504,18138,442,818682325353,3.3651,1.0660,13.2869,16701800,33800,719000,0,1100,0
save_load,0,16.6636,16.9023,2.1064,18138,441,818682492022,2.6160,1.0260,14.2680,16652600,32100,983000,0,700,0
save_load,0,16.6677,16.6601,2.4003,18138,442,818682661045,2.4918,1.0045,14.1530,16652000,32000,598700,0,1200,0
save_load,0,16.7514,16.7156,1.9927,18138,442,818682827646,2.3014,1.1315,14.4005,16733600,36900,909000,0,1600,0
save_load,0,16.6565,16.6677,2.1330,18138,442,818682994802,2.4254,1.4540,14.2277,16640000,33800,715400,0,900,0
save_load,0,16.7866,16.6682,2.3276,18138,440,818683161479,2.2904,1.0681,14.3617,16786000,29800,692100,0,800,0
save_load,0,16.6561,16.7481,2.2292,18138,441,818683328161,2.4551,0.8895,14.2787,16631800,34600,939100,0,1400,0
save_load,0,16.6658,16.6535,2.8078,18138,440,818683495642,2.1794,1.2344,14.4606,16648600,36700,984700,0,1400,0
save_load,0,16.6683,16.8015,2.1873,18138,441,818683662177,2.3971,1.6625,14.3891,16655000,36700,691300,0,1300,0
save_load,0,16.6664,16.6484,1.9804,18138,440,818683830192,2.7088,1.0733,13.9231,16650600,40700,669900,0,1600,0
save_load,0,16.6685,16.6642,2.4330,18138,441,818683996676,2.5749,1.0467,14.0739,16651800,37000,623300,0,1200,0
save_load,0,16.6646,16.6698,2.0797,18138,441,818684163318,2.1711,1.0760,14.4840,16645300,34600,539300,0,1600,0
save_load,0,16.6650,16.6663,2.4125,18138,439,818684330016,2.3968,1.0501,14.2540,16650300,31600,683000,0,1100,0
save_load,0,16.6703,16.6670,2.0562,18138,442,818684496679,2.1509,0.8826,14.5011,16658100,33400,690500,0,1100,0
save_load,0,16.6651,16.6625,2.1852,18138,442,818684663349,2.2253,1.2702,14.4201,16647700,35600,883200,0,2000,0
save_load,0,16.6642,16.6659,2.3214,18138,442,818684829974,2.2404,1.5205,14.4101,16647100,34400,955600,0,1200,0
save_load,0,16.7650,16.6728,2.1750,18138,440,818684996633,2.3259,1.6683,14.3323,16770000,32500,653300,0,1100,0
save_load,0,16.6550,16.6619,2.6020,18138,442,818685163361,2.6522,1.1345,13.9956,16622200,30000,747700,0,900,0
save_load,0,16.6689,16.6599,2.2159,18138,441,818685329980,2.3839,1.0339,14.2633,16654000,30900,805300,0,1200,0
save_load,0,16.6705,16.7877,2.0920,18138,441,818685496579,2.6504,1.5579,14.1200,16661100,33000,772000,0,1200,0
save_load,0,16.6677,16.6359,2.4351,18138,442,818685664456,2.2570,1.0899,14.3653,16662500,41400,1074400,0,1500,0
save_load,0,16.7540,16.6689,2.0818,18138,442,818685830815,2.4307,1.5769,14.2233,16711200,55000,838600,0,1400,0
save_load,0,16.7392,16.6789,2.5180,18138,441,818685997504,2.5286,1.2108,14.1327,16719100,33500,983200,0,1100,0
save_load,0,16.7550,16.6815,2.1002,18138,442,818686164293,2.6183,1.2069,14.0445,16740200,33200,692200,0,1100,0
save_load,0,16.6540,16.7370,2.1862,18138,442,818686331108,3.0384,1.1613,13.6730,16637500,32200,583200,0,1000,0
save_load,0,16.6646,16.7356,2.3296,18138,441,818686498478,2.3674,0.9490,14.3519,16649700,31800,729200,0,1000,0
save_load,0,16.6669,16.7558,2.2067,18138,442,818686665834,2.1253,1.4491,14.6150,16653700,32900,693400,0,1100,0
save_load,0,16.6659,16.6520,2.3419,18138,442,818686833392,2.2126,1.0902,14.4251,16652900,46000,801500,0,1000,0
save_load,0,16.7344,16.6642,2.1668,18138,442,818686999912,2.7297,1.5178,13.9202,16722900,31900,617500,0,900,0
save_load,0,16.6668,16.6661,2.0931,18138,441,818687166554,2.4667,1.0622,14.1872,16652500,32600,1061000,0,1000,0
save_load,0,16.7997,16.6651,2.1801,18138,442,818687333215,2.4512,0.9475,14.2017,16788900,33200,570800,0,1000,0
save_load,0,16.6617,16.7368,2.0849,18138,442,818687499866,2.5446,1.2240,14.1785,16639400,36200,762500,0,1300,0
save_load,0,16.6673,16.6651,2.4474,18138,442,818687667234,2.8290,0.8933,13.8236,16653200,35200,572500,0,1200,0
save_load,0,16.6664,16.8043,2.0654,18138,442,818687833885,2.4029,1.0560,14.3862,16651200,36200,632800,0,1200,0
save_load,0,16.6665,16.6568,2.2190,18138,442,818688001928,2.7221,1.0148,13.9174,16653800,33600,717600,0,1000,0
save_load,0,16.6742,16.6688,2.0838,18138,442,818688168496,2.2592,1.2919,14.3942,16663000,31300,577000,0,1000,0
save_load,0,16.6621,16.6652,2.1914,18138,442,818688335184,2.3214,0.8999,14.3300,16644600,35000,939800,0,1400,0
save_load,0,16.6698,16.6656,2.4054,18138,441,818688501836,2.1548,0.8650,14.4990,16656000,32700,655700,0,1200,0
save_load,0,16.6632,16.6788,3.4181,18138,441,818688668492,2.1726,1.1199,14.4904,16641700,38300,649400,0,1400,0
save_load,0,16.6670,16.6620,2.0562,18138,441,818688835280,2.7897,1.0323,13.8551,16650500,34700,929100,0,900,0
save_load,0,16.6668,16.6746,2.2006,18138,441,818689001900,2.4885,1.1355,14.1676,16653900,35000,583300,0,1100,0
save_load,0,16.7123,16.6581,2.0511,18138,442,818689168646,2.5417,1.0875,14.1000,16697400,33500,565900,0,1100,0
save_load,0,16.6678,16.6640,2.4617,18138,442,818689335227,2.3696,1.4996,14.2811,16655400,32800,615600,0,1400,0
save_load,0,16.6694,16.6677,2.0378,18138,441,818689501867,2.1743,1.1300,14.4798,16653300,34500,1330400,0,1200,0
save_load,0,16.6665,16.7137,2.1760,18138,442,818689668544,2.3976,0.9977,14.2999,16658200,38900,1252900,0,1700,0
post_load_walking,3,16.6658,16.6711,2.0746,28590,440,818689835681,2.2997,1.3530,14.3559,16638800,220900,586700,0,1700,0
post_load_walking,0,16.6644,16.6705,2.1586,19170,258,818690002392,2.8123,1.2095,13.8412,16646300,70400,604600,0,1500,0
post_load_walking,0,16.6687,16.6742,2.1146,12778,258,818690169097,2.9100,1.5822,13.7485,16656600,72600,283800,0,1400,0
post_load_walking,0,16.6664,16.6557,1.9292,12778,257,818690335839,2.5626,1.2447,14.0764,16653000,70800,445100,0,1400,0
post_load_walking,0,16.6673,16.6602,1.7777,12778,254,818690502396,2.1255,0.7255,14.5211,16652100,72900,523000,0,1300,0
post_load_walking,0,16.6683,16.6705,2.2057,12778,255,818690668998,1.5979,0.7917,15.0589,16654600,68600,283400,0,1400,0
post_load_walking,0,16.6654,16.6678,1.8022,19170,254,818690835703,2.0892,1.7682,14.5640,16650300,71300,914600,0,1400,0
post_load_walking,0,16.6695,16.6668,2.2047,12778,252,818691002381,2.0688,0.6452,14.5835,16654000,72000,276200,0,1600,0
post_load_walking,0,16.6657,16.6696,1.7940,12778,252,818691169049,2.0294,0.9967,14.6254,16648400,80700,301700,0,1600,0
post_load_walking,0,16.6666,16.6659,1.7213,12778,253,818691335745,2.4920,0.7026,14.1585,16647200,79800,350200,0,1800,0
post_load_walking,0,16.7136,16.6694,2.0091,12778,254,818691502404,1.9539,0.8194,14.7003,16697400,75700,780000,0,1600,0
post_load_walking,0,16.6659,16.6692,1.8145,19170,250,818691669098,2.0439,0.8370,14.6046,16645200,75200,934900,0,1300,0
post_load_walking,0,16.6680,16.6642,2.0787,12778,243,818691835790,2.3120,1.0200,14.3354,16652900,76700,307900,0,1400,0
post_load_walking,0,16.6663,16.7138,1.7142,12778,243,818692002432,2.6574,1.0461,14.0402,16649700,76000,423900,0,1500,0
post_load_walking,0,16.6666,16.6644,1.7152,12778,240,818692169570,2.5855,0.6844,14.0599,16649800,88700,363900,0,1500,0
post_load_walking,0,16.6681,16.6693,1.9825,12778,241,818692336214,2.2214,0.9362,14.4315,16638500,81400,370300,0,1400,0
post_load_walking,0,16.6665,16.6660,1.6906,19170,241,818692502907,2.1119,1.2099,14.5380,16647200,76900,985500,0,1500,0
post_load_walking,0,16.6656,16.6814,2.0746,12778,238,818692669567,1.7506,1.1928,14.8994,16647700,74000,307500,0,1400,0
post_load_walking,0,16.6688,16.6552,1.7244,12778,237,818692836381,1.9901,1.1140,14.6488,16655300,75900,278100,0,1500,0
post_load_walking,0,16.6643,16.6631,1.6835,22618,235,818693002933,2.5413,0.6907,14.1061,16646000,72900,311300,0,1600,0
post_load_walking,0,16.6659,16.6640,1.9374,12778,194,818693169564,1.8197,0.6056,14.8281,16648300,70400,288500,0,1400,0
post_load_walking,0,16.6705,16.6723,1.6210,19170,193,818693336204,1.7476,0.9814,14.9078,16661800,75800,522600,0,1300,0
post_load_walking,0,16.6671,16.6617,1.5985,12778,193,818693502927,1.9538,0.6139,14.6924,16649500,98300,398700,0,1900,0
post_load_walking,0,16.6649,16.6613,1.7080,12778,189,818693669544,1.4821,0.7747,15.1663,16646700,65200,391900,0,1200,0
post_load_walking,0,16.6664,16.6765,1.5780,12778,189,818693836157,1.9615,0.7404,14.7005,16654400,81100,266600,0,1600,0
post_load_walking,0,16.6691,16.6647,1.9395,12778,189,818694002922,2.0237,0.9633,14.6259,16658900,81700,288500,0,1200,0
post_load_walking,0,16.6667,16.6612,1.6640,19170,188,818694169569,1.6845,0.5563,14.9623,16651300,74000,627600,0,1200,0
post_load_walking,0,16.6668,16.6650,1.6660,12778,190,818694336181,1.7498,0.5764,14.9048,16653400,82500,248100,0,1200,0
post_load_walking,0,16.6686,16.6730,1.5964,12778,190,818694502831,1.6867,1.1648,14.9723,16653700,77100,315000,0,1100,0
post_load_walking,0,16.6677,16.6654,1.7418,12778,189,818694669561,1.7759,0.5576,14.8755,16652300,70700,274900,0,1200,0
post_load_walking,0,16.6653,16.6686,1.8995,12778,186,818694836215,1.6413,0.6443,15.0121,16645900,76200,291700,0,1400,0
post_load_walking,0,16.6670,16.6697,1.6241,19170,188,818695002901,1.8496,0.6964,14.8043,16652800,69200,760300,0,1100,0
post_load_walking,0,16.6660,16.6695,1.6282,12778,154,818695169598,1.9415,0.6299,14.7110,16650000,70700,268500,0,1100,0
post_load_walking,0,16.6686,16.6618,1.7050,12778,156,818695336293,1.7133,0.7171,14.9327,16653800,64800,294200,0,1100,0
post_load_walking,0,16.6653,16.6682,1.6865,12778,156,818695502911,1.9595,0.6209,14.6934,16648600,74300,344700,0,1200,0
post_load_walking,0,16.6705,16.6654,1.6927,12778,154,818695669593,1.8446,0.9549,14.8055,16658500,65300,282800,0,1100,0
post_load_walking,0,16.6662,16.6697,1.7029,19170,153,818695836247,1.7318,0.6309,14.9222,16652200,73200,735800,0,1300,0
post_load_walking,0,16.6661,16.6624,1.6067,12778,153,818696002944,1.9701,0.5565,14.6787,16643200,77000,343300,0,1500,0
post_load_walking,0,16.6660,16.6766,1.5626,12778,153,818696169568,1.6874,1.2016,14.9713,16648500,73700,246800,0,1300,0
post_load_walking,0,16.9536,16.6698,1.6876,12778,152,818696336334,2.3009,1.0250,14.3515,16938000,65100,1153100,715400,1100,0
post_load_walking,0,16.6573,16.6589,1.8770,12778,153,818696503032,1.7469,0.7943,14.8965,16639800,66000,327400,0,1100,0
post_load_walking,0,16.6665,16.6652,1.6599,19170,151,818696669621,1.4741,0.9308,15.1745,16652600,65900,650300,0,900,0
post_load_walking,0,16.7343,16.9539,1.9087,12778,151,818696836273,2.3471,0.9775,14.5911,16722000,83800,273600,0,1100,0
post_load_walking,0,16.9840,16.6546,1.6794,12778,143,818697005812,1.8807,0.7215,14.7592,16976800,68000,351100,0,1100,0
post_load_walking,0,16.6560,16.6666,1.6947,12778,142,818697172358,2.0980,0.5914,14.5547,16633900,75300,292800,0,1300,0
post_load_walking,0,16.6667,16.7353,1.6650,12778,137,818697339024,1.7166,0.9974,15.0056,16652700,69900,278000,0,1200,0
post_load_walking,0,16.6675,16.9929,1.6855,19170,137,818697506377,1.7057,0.6500,15.2711,16651500,78100,667900,0,1300,0
post_load_walking,0,16.6925,16.6479,1.9661,12778,137,818697676306,1.6216,0.5834,15.0124,16683100,64300,609900,0,1400,0
post_load_walking,0,16.6427,16.6683,1.6978,12778,137,818697842785,1.6740,1.1392,14.9789,16624500,80700,331600,0,1300,0
post_load_walking,0,16.6692,16.6657,1.6200,23134,137,818698009468,2.2451,0.7641,14.4066,16654700,72100,265500,0,1300,0
post_load_walking,0,16.6631,16.6986,1.7080,12778,117,818698176125,2.5106,0.7677,14.1727,16642300,77400,313400,0,1700,0
post_load_walking,0,16.6685,16.6382,1.6968,19170,118,818698343111,2.0481,1.5722,14.5765,16654000,74500,591900,0,1200,0
post_load_walking,0,16.6675,16.6733,2.0091,12778,117,818698509493,2.1940,0.6078,14.4608,16653900,76900,299500,0,1300,0
post_load_walking,0,16.7595,16.6604,1.6957,12778,118,818698676226,1.7751,0.8082,14.8674,16741800,81800,425900,0,1600,0
post_load_walking,0,16.6650,16.6683,1.6896,12854,117,818698842830,1.9066,0.5497,14.7476,16646800,80200,279400,0,1700,0
post_load_walking,0,16.6697,16.6690,1.6896,12854,116,818699009513,1.7049,0.6694,14.9492,16660500,78700,327100,0,1500,0
post_load_walking,0,16.6754,16.7577,1.6927,19246,114,818699176203,2.1646,0.6231,14.5773,16658300,83700,689000,0,1500,0
post_load_walking,0,16.6589,16.6607,1.9681,12854,113,818699343780,1.7594,0.8816,14.8875,16645500,80000,273200,0,1300,0
post_load_walking,0,16.6681,16.6764,1.6722,12854,114,818699510387,1.6539,0.6640,15.0068,16653100,90000,397600,0,1200,0
post_load_walking,0,16.6666,16.6724,1.6824,12854,113,818699677151,1.9575,0.5368,14.7010,16649400,77100,336600,0,1400,0
post_load_walking,0,16.6668,16.6607,1.6947,12512,114,818699843875,1.6788,0.7641,14.9668,16650100,79500,424100,0,1400,0
post_load_walking,0,16.6648,16.6677,1.6886,18904,112,818700010482,2.4544,0.8015,14.1989,16646900,84400,622200,0,1500,0
post_load_walking,0,16.6652,16.6674,2.0511,12512,113,818700177159,1.7724,0.6074,14.8772,16649000,86700,376100,0,1700,0
post_load_walking,0,16.6695,16.6666,2.5119,12512,113,818700343833,1.8340,0.7439,14.8163,16661200,77800,313400,0,1300,0
post_load_walking,0,16.6669,16.6620,1.6957,12512,114,818700510499,1.9210,0.6837,14.7261,16655500,81500,257400,0,1400,0
post_load_walking,0,16.7956,16.6613,1.6957,12512,114,818700677119,1.7186,0.8777,14.9305,16772200,76400,262400,0,1100,0
post_load_walking,0,16.6828,16.6756,1.7254,18904,114,818700843732,1.5805,0.5551,15.0808,16669000,73100,742200,0,1300,0
post_load_walking,0,16.6683,16.6705,2.0081,12512,112,818701010488,1.7301,0.4819,14.9255,16653800,79400,308700,0,1100,0
post_load_walking,0,16.6679,16.7879,1.7224,12512,114,818701177193,1.6166,0.6621,15.1557,16656300,75000,248400,0,1200,0
post_load_walking,0,16.6668,16.6839,1.6732,12512,114,818701345072,2.1547,0.8163,14.5145,16649900,79500,307700,0,1500,0
post_load_walking,0,16.6679,16.6694,1.7162,12512,114,818701511911,1.6354,0.8460,15.0186,16653200,81500,247000,0,1200,0
post_load_walking,0,16.6637,16.6720,1.7234,18904,113,818701678605,1.5447,0.6165,15.1118,16646500,146000,679300,0,1200,0
post_load_walking,0,16.6677,16.6639,1.9507,12512,107,818701845325,1.8605,0.5652,14.7895,16654100,76700,269500,0,1100,0
post_load_walking,0,16.6670,16.6690,2.4074,12512,104,818702011964,1.7085,1.0152,14.9448,16652100,82000,330000,0,1100,0
post_load_walking,0,16.6731,16.6600,1.7398,12512,106,818702178654,2.1759,0.5628,14.4709,16660600,76600,306600,0,1100,0
post_load_walking,0,16.6620,16.6677,1.7295,12512,106,818702345254,1.8773,0.8384,14.7769,16644300,94100,264300,0,1200,0
post_load_walking,0,16.6673,16.6673,1.7521,18904,106,818702511931,1.8632,0.8543,14.7892,16636500,91200,917600,0,1700,0
post_load_walking,0,16.6658,16.6775,1.9610,12512,106,818702678604,1.5739,0.5378,15.0869,16649100,92500,291000,0,1300,0
post_load_walking,0,16.6676,16.6629,1.7439,12512,106,818702845379,1.7530,1.1212,14.8915,16652300,82800,267400,0,1200,0
post_load_walking,0,16.6715,16.6653,1.7674,12512,104,818703012008,2.1560,0.5745,14.4808,16661300,82500,332700,0,1300,0
post_load_walking,0,16.6824,16.6643,1.7408,12512,104,818703178661,1.6641,0.8057,14.9852,16678500,123800,750500,0,2400,0
post_load_walking,0,16.6522,16.6675,1.7439,18904,103,818703345304,1.5227,0.9033,15.1298,16609900,104100,1018400,0,2300,0
post_load_walking,0,16.6688,16.6794,2.0941,12512,104,818703511979,1.5333,1.1527,15.1282,16653000,100600,409900,0,1700,0
post_load_walking,0,16.8779,16.7012,1.7367,12512,104,818703678773,2.7880,1.5953,13.8911,16858100,96200,486800,0,1600,0
post_load_walking,0,16.6648,16.6296,2.1647,12512,104,818703845785,3.0700,0.7062,13.5400,16635400,87300,290500,0,1700,0
post_load_walking,0,16.6683,16.6693,1.6937,12512,104,818704012081,2.1333,0.8163,14.5199,16656800,85300,413300,0,1600,0
post_load_walking,0,16.6644,16.8763,1.7869,29260,104,818704178774,2.3917,0.5816,14.4666,16647900,174400,776100,0,1900,0
post_load_walking,0,16.6664,16.6599,2.0460,12512,331,818704347537,2.1072,0.6221,14.5281,16652300,85900,301100,0,1500,0
post_load_walking,0,16.6697,16.6716,2.0654,12512,331,818704514136,2.1355,3.8267,14.5215,16657700,83600,285400,0,1500,0
post_load_walking,0,16.6652,16.6615,1.7766,12512,328,818704680852,2.8039,2.9857,13.8441,16649200,84600,344600,0,1900,0
post_load_walking,0,16.6692,16.6652,1.7070,12512,328,818704847467,2.0724,0.9106,14.5799,16656700,83800,358100,0,1400,0
post_load_walking,0,16.6658,16.6727,1.7828,18904,328,818705014119,1.9481,1.0831,14.7098,16646500,90300,782600,0,1400,0
post_load_walking,0,16.6662,16.6638,2.0060,12512,325,818705180846,1.7795,1.0876,14.8698,16651100,90700,412900,0,1500,0
post_load_walking,0,16.6694,16.6737,1.7777,12512,324,818705347484,1.7382,1.3348,14.9186,16655500,86900,457000,0,1300,0
post_load_walking,0,16.6661,16.6625,1.9804,12512,325,818705514221,2.2118,0.8280,14.4349,16648400,85400,364700,0,1600,0
post_load_walking,0,16.7565,16.6648,1.6814,12512,323,818705680846,1.9775,0.9405,14.6736,16740900,87300,362000,0,1700,0
post_load_walking,0,16.6687,16.6720,1.7592,18904,325,818705847494,2.3802,0.7234,14.2755,16652500,88000,857100,0,1700,0
post_load_walking,0,16.6647,16.6670,1.6691,12512,326,818706014214,2.2728,1.0793,14.3758,16648500,83600,290800,0,1400,0
post_load_walking,0,16.6660,16.7558,1.7019,12512,326,818706180884,2.1951,0.8580,14.5460,16647300,84700,764100,0,1400,0
post_load_walking,0,16.6679,16.6680,2.0275,12512,326,818706348442,2.5710,0.7548,14.0817,16655600,85300,291100,0,1500,0
post_load_walking,0,16.6688,16.6658,1.7162,12512,324,818706515122,1.9385,0.8560,14.7101,16656700,87700,421400,0,1700,0
post_load_walking,0,16.6667,16.6618,1.7254,18904,328,818706681780,2.5909,0.6881,14.0566,16646900,107700,700600,0,1600,0
post_load_walking,0,16.6631,16.6698,1.7900,22868,326,818706848398,1.8766,1.1559,14.7791,16641900,84400,287900,0,1300,0
post_load_walking,0,16.6889,16.6731,1.6804,12512,629,818707015096,2.1892,0.8342,14.4676,16676100,80300,389300,0,1600,0
post_load_walking,0,16.6681,16.6652,1.9446,12512,630,818707181827,2.3508,9.9364,14.2963,16654900,83700,285000,0,1400,0
post_load_walking,0,16.6667,16.6595,1.9487,12512,629,818707348479,2.3937,8.2352,14.2484,16653900,84700,437200,0,1500,0
post_load_walking,0,16.6654,16.6898,1.9845,18904,630,818707515074,2.2024,1.0974,14.4738,16644400,80100,510100,0,1400,0
post_load_walking,0,16.6661,16.6689,2.4023,12512,629,818707681972,2.0528,1.1487,14.6022,16653600,76000,240100,0,1400,0
post_load_walking,0,16.6680,16.6687,1.9640,12512,630,818707848661,1.8903,1.1177,14.7637,16655600,76300,398700,0,1200,0
post_load_walking,0,16.6659,16.6598,2.3153,12512,628,818708015348,2.0227,0.7824,14.6219,16650200,77000,405500,0,1100,0
post_load_walking,0,16.6687,16.6669,2.0818,12512,632,818708181946,2.0558,1.4180,14.5979,16658200,83900,282500,0,1200,0
post_load_walking,0,16.6791,16.6695,2.3112,18904,632,818708348615,2.4091,1.4047,14.2467,16680100,84600,550900,0,1300,0
post_load_walking,0,16.6580,16.6623,1.9937,12512,631,818708515310,2.5125,1.3237,14.1379,16624600,85800,338400,0,1400,0
post_load_walking,0,16.6646,16.6741,1.9876,12512,631,818708681933,2.0576,1.1675,14.6008,16648000,77000,338900,0,1400,0
post_load_walking,0,16.6685,16.6964,2.3245,12512,632,818708848674,2.3948,1.0219,14.2856,16656700,76800,251200,0,1300,0
post_load_walking,0,16.6646,16.6406,2.1146,12512,632,818709015638,2.2814,0.8979,14.3433,16646200,80100,278100,0,1200,0
post_load_walking,0,16.6656,16.6626,2.0214,18904,631,818709182044,2.5049,0.9948,14.1431,16650900,82600,496000,0,1300,0
post_load_walking,0,16.6702,16.6708,2.1146,12512,625,818709348670,1.9664,0.9112,14.6905,16656900,75900,249000,0,1200,0
post_load_walking,0,16.6657,16.6624,2.0081,12512,633,818709515378,2.1902,0.9065,14.4561,16654100,74500,279300,0,1000,0
post_load_walking,0,16.6837,16.6636,2.3767,12512,629,818709682002,2.1024,0.8698,14.5487,16672500,79900,335300,0,1300,0
post_load_walking,0,16.6581,16.6698,2.9532,12512,621,818709848638,1.7749,0.9045,14.8821,16643200,78700,287800,0,1300,0
post_load_walking,0,16.6653,16.6671,2.0316,18904,622,818710015336,2.1135,0.9939,14.5408,16650100,86200,554700,0,1400,0
post_load_walking,0,16.6856,16.6858,2.4033,12512,623,818710182007,2.0346,0.8806,14.6381,16688200,74400,286100,0,1000,0
post_load_walking,0,16.6547,16.6558,2.0521,12512,621,818710348865,1.8587,1.4337,14.7847,16620500,73600,344200,0,2400,0
post_load_walking,0,16.6663,16.6655,2.3542,12512,613,818710515423,2.7478,1.1125,13.9025,16650300,94300,269100,0,1200,0
post_load_walking,0,16.6679,16.7059,2.0582,12512,620,818710682078,2.6456,0.9998,14.0430,16653300,72200,244000,0,1200,0
post_load_walking,0,16.8120,16.6359,2.3532,18904,617,818710849137,2.5534,0.8592,14.0673,16796500,76500,477700,0,1300,0
post_load_walking,0,16.6653,16.6651,2.3368,12512,618,818711015496,2.3637,0.7670,14.2867,16644100,88700,359400,0,1400,0
post_load_walking,0,16.6668,16.6696,2.0081,12512,617,818711182147,1.8937,1.2540,14.7598,16651300,81400,327700,0,1100,0
post_load_walking,0,16.7350,16.8152,2.2651,12512,617,818711348843,2.0461,1.5454,14.7513,16720300,80100,255800,0,1200,0
post_load_walking,0,16.6661,16.6606,2.0163,12512,614,818711516995,2.2288,1.3938,14.4154,16650700,88000,704300,0,1400,0
post_load_walking,0,16.6686,16.6673,1.9948,18904,613,818711683601,2.0811,0.7911,14.5704,16661500,87200,589700,0,1400,0
post_load_walking,0,16.6643,16.7356,1.9517,12512,607,818711850274,1.7778,1.1557,14.9426,16638600,73700,270600,0,1300,0
post_load_walking,0,16.6670,16.6670,1.9896,12512,609,818712017630,2.7984,1.0586,13.8524,16653100,78900,274600,0,1400,0
post_load_walking,0,16.6683,16.6778,2.3480,12512,603,818712184300,2.4431,0.8507,14.2186,16655500,72300,553600,0,1000,0
post_load_walking,0,16.6663,16.6519,1.9948,12512,596,818712351078,2.4713,0.8388,14.1675,16650200,85300,761300,0,1300,0
post_load_walking,0,16.6656,16.6669,2.2743,18904,596,818712517597,2.4065,1.0361,14.2467,16650700,92600,662300,0,1400,0
post_load_walking,0,16.6677,16.6714,1.9773,12512,589,818712684266,2.6431,0.9884,14.0126,16655300,84200,265700,0,1100,0
post_load_walking,0,16.6672,16.6650,2.0818,12512,588,818712850980,2.6012,1.1258,14.0492,16653200,92900,269900,0,1000,0
post_load_walking,0,16.6677,16.6639,2.3265,12512,592,818713017630,2.5268,0.9420,14.1241,16652100,89500,347700,0,1200,0
post_load_walking,0,16.6662,16.6693,2.0480,12512,593,818713184269,2.0702,1.1156,14.5852,16650200,83500,322900,0,1000,0
post_load_walking,0,16.6673,16.6678,2.1217,18904,589,818713350962,2.0917,0.9051,14.5616,16651600,98600,476100,0,1300,0
post_load_walking,0,16.7451,16.6676,2.1494,12512,592,818713517640,2.1708,1.0396,14.4815,16744900,94100,284300,0,1300,0
post_load_walking,0,16.6546,16.6671,2.0357,12512,592,818713684316,2.2400,0.9878,14.4104,16619700,99900,1961100,742000,1300,0
post_load_walking,0,16.6681,16.6667,2.3603,12512,589,818713850987,2.0384,1.0144,14.6134,16654600,85400,353700,0,1000,0
post_load_walking,0,16.6790,16.7639,2.5027,12512,588,818714017654,2.1441,0.9245,14.6013,16653500,87200,317600,0,1100,0
post_load_walking,0,16.6556,16.6352,2.4924,18904,585,818714185293,3.3048,1.4469,13.3150,16621700,88200,686100,0,1600,0
post_load_walking,0,16.6689,16.6695,2.1658,12512,586,818714351645,2.4186,1.0921,14.2362,16653000,93700,277700,0,1400,0
post_load_walking,0,16.6657,16.6971,2.1197,12512,584,818714518340,2.3670,1.7767,14.2868,16645900,82700,281200,0,1300,0
post_load_walking,0,16.6658,16.6381,2.3583,12512,585,818714685311,2.6353,1.1906,13.9866,16646400,75800,263300,0,1200,0
post_load_walking,0,16.6666,16.6704,2.0869,12512,586,818714851692,2.3532,0.9942,14.2999,16651800,76400,356200,0,900,0
post_load_walking,0,16.7394,16.6649,2.1985,18904,586,818715018396,2.4926,0.9562,14.1535,16729200,86300,495500,0,1300,0
post_load_walking,0,16.6639,16.6632,2.1135,12512,578,818715185045,1.9561,1.3849,14.6905,16640800,97300,662200,0,1700,0
post_load_walking,0,16.6673,16.6679,2.1606,12512,575,818715351677,2.1066,1.3894,14.5454,16648600,89500,343200,0,1700,0
post_load_walking,0,16.6642,16.7462,2.1903,12512,577,818715518356,2.7501,1.6646,13.9795,16644600,78000,265400,0,1200,0
post_load_walking,0,16.6688,16.6604,2.1965,12512,577,818715685818,3.8377,1.4677,12.8032,16656800,86500,344400,0,1100,0
post_load_walking,0,16.6644,16.6664,2.4566,18904,577,818715852422,2.5563,0.7938,14.0924,16640700,87800,477600,0,1300,0
post_load_walking,0,16.9939,16.6636,2.1514,12512,578,818716019086,2.3404,0.9248,14.3047,16977600,76800,242800,0,1200,0
post_load_walking,0,16.6675,16.6754,2.2886,12512,569,818716185722,2.3902,0.9892,14.2674,16657000,79300,531100,0,1000,0
post_load_walking,0,16.6661,16.6552,2.6030,12512,568,818716352476,2.6009,1.0252,14.0400,16647200,89500,233600,0,1100,0
post_load_walking,0,16.6676,16.9922,2.1678,12512,568,818716519028,2.9524,1.0389,14.0252,16654000,71000,359300,0,1300,0
post_load_walking,0,16.6984,16.6716,2.4125,18904,530,818716688950,2.7002,0.8785,13.9568,16689700,77600,492000,0,1800,0
post_load_walking,0,16.6585,16.6614,2.2180,12512,530,818716855666,2.3501,1.0188,14.2973,16635200,74100,254900,0,1200,0
post_load_walking,0,16.6621,16.6683,2.2098,12512,530,818717022280,2.9374,1.0957,13.7167,16647300,74200,274200,0,1100,0
post_load_walking,0,16.6670,16.7049,2.3982,12512,529,818717188963,2.3734,0.9013,14.3164,16653800,83900,252300,0,1100,0
post_load_walking,0,16.6688,16.6514,2.1596,12512,530,818717356012,2.2800,0.8633,14.3554,16657300,73100,268600,0,1100,0
post_load_walking,0,16.8206,16.6619,2.5436,18904,527,818717522526,2.3289,0.9344,14.3186,16818100,87700,686200,0,1300,0
post_load_walking,0,16.6540,16.6657,2.2620,12512,525,818717689145,2.4096,0.8659,14.2443,16594800,79900,332500,0,1800,0
post_load_walking,0,16.7487,16.6733,2.1463,12512,520,818717855802,2.2301,1.1981,14.4274,16729900,76300,313600,0,5100,0
post_load_walking,0,16.6674,16.8470,2.3880,12512,525,818718022535,2.6810,0.7903,14.1373,16664500,78200,258400,0,1300,0
post_load_walking,0,16.8627,16.6282,2.1791,12436,525,818718191005,2.4137,1.0175,14.1812,16835200,72700,332000,0,1700,0
post_load_walking,0,16.7508,16.7460,2.5436,18828,525,818718357287,2.9056,0.9042,13.8245,16752200,68200,691400,0,1200,0
post_load_walking,0,16.6514,16.6788,2.1391,12436,522,818718524747,2.3682,1.0437,14.2965,16588900,65300,314900,0,1300,0
post_load_walking,0,16.6709,16.8512,2.1432,12436,527,818718691535,2.4337,1.1654,14.4015,16653400,77200,245200,0,1100,0
post_load_walking,0,16.7832,16.7806,2.2016,12436,516,818718860047,2.5045,1.0333,14.2481,16765800,70400,258600,0,1500,0
post_load_walking,0,16.6561,16.6219,2.2405,12436,520,818719027853,2.3358,0.8247,14.2531,16639300,67300,246000,0,1400,0
post_load_walking,0,16.6691,16.6730,2.6941,18828,518,818719194072,2.4360,0.8849,14.2176,16657700,147800,495700,0,1400,0
post_load_walking,0,16.6652,16.7817,2.0378,12436,520,818719360802,2.6761,0.8514,14.0898,16647200,78500,276900,0,1300,0
post_load_walking,0,16.6669,16.6552,2.2036,12436,519,818719528619,2.4468,0.9527,14.1926,16651200,74700,327400,0,1400,0
post_load_walking,0,16.6661,16.6746,2.4095,12436,520,818719695171,2.4136,0.8819,14.2442,16646300,73900,260900,0,1200,0
post_load_walking,0,16.6662,16.6625,2.3491,12436,521,818719861917,2.2399,1.0937,14.4073,16650500,74300,312100,0,1000,0
post_load_walking,0,16.6660,16.6672,2.3091,18828,511,818720028542,2.3486,0.9850,14.3028,16649500,73700,493300,0,1200,0
post_load_walking,0,16.6676,16.6644,2.1524,12436,503,818720195214,2.2122,1.4741,14.4342,16657200,65100,375200,0,1200,0
post_load_walking,0,16.6681,16.6653,2.1791,12436,498,818720361858,2.3534,0.9717,14.2973,16641400,73000,318300,0,1200,0
post_load_walking,0,16.6834,16.6637,2.3112,12436,498,818720528511,2.2354,1.0633,14.4143,16691100,65600,377600,0,1400,0
post_load_walking,0,16.6774,16.6831,1.9763,12436,503,818720695148,2.2078,1.0262,14.4496,16618800,215400,975100,0,4500,0
post_load_walking,0,16.6629,16.6549,2.4013,18828,504,818720861979,2.1569,0.9652,14.4847,16628500,124700,1575800,0,3500,0
post_load_walking,0,16.6660,16.7222,2.3665,12436,365,818721028528,2.4976,2.4485,14.1940,16645100,104100,988000,0,1900,0
post_load_walking,0,16.6666,16.6534,2.3091,12436,360,818721195750,7.7962,2.0543,8.8227,16606600,92400,361700,0,1600,0
post_load_walking,0,16.6676,16.6549,2.3142,12436,359,818721362284,5.6067,1.5977,11.0221,16651900,87000,751400,0,1800,0
post_load_walking,0,16.6675,16.6639,2.3992,12436,355,818721528833,4.0623,1.1837,12.5828,16652600,113900,292300,0,2100,0
post_load_walking,0,16.6668,16.6641,2.6542,18828,351,818721695472,2.9115,1.1435,13.6954,16671700,78600,546600,0,1400,0
post_load_walking,0,16.6677,16.6680,2.2518,22276,351,818721862113,2.7178,0.8730,13.9343,16629500,76300,378100,0,1300,0
post_load_walking,0,16.6653,16.6680,2.2477,12436,327,818722028793,2.6527,1.0329,13.9999,16649000,79200,281400,0,1300,0
post_load_walking,0,16.6660,16.6891,2.2835,12436,327,818722195473,2.4080,1.3647,14.2639,16651100,71500,303300,0,1200,0
post_load_walking,0,16.6682,16.6456,2.2938,12436,327,818722362364,2.6367,0.7704,13.9930,16654800,80600,282900,0,1200,0
post_load_walking,0,16.6753,16.6634,2.4996,18828,325,818722528820,2.0642,1.4644,14.5850,16660800,71700,566400,0,1100,0
post_load_walking,0,16.6599,16.6651,2.2589,12436,327,818722695454,1.7760,0.8036,14.8754,16644900,93600,312900,0,1300,0
post_load_walking,0,16.6633,16.6690,2.3491,12436,324,818722862105,1.9380,1.4255,14.7171,16647300,76400,326500,0,1200,0
post_load_walking,0,16.6840,16.6755,2.3470,12436,324,818723028795,2.1578,1.2107,14.5032,16685700,69000,278000,0,900,0
post_load_walking,0,16.6516,16.6586,2.2897,12436,324,818723195550,1.9660,1.2541,14.6791,16625200,68500,303000,0,1200,0
post_load_walking,0,16.6683,16.6605,2.5436,18828,324,818723362136,1.9224,0.7612,14.7248,16656000,68900,591400,0,900,0
post_load_walking,0,16.6664,16.6981,2.3368,22792,319,818723528741,1.7552,1.3878,14.9306,16650200,64900,251100,0,900,0
post_load_walking,0,16.6678,16.6380,2.3839,12436,253,818723695722,1.9613,1.4701,14.6640,16651100,62800,311600,0,1000,0
post_load_walking,0,16.6808,16.6699,1.8483,12436,249,818723862102,1.8390,1.3916,14.8170,16673100,65600,302300,0,1100,0
post_load_walking,0,16.6548,16.6658,1.8145,12436,248,818724028801,2.1256,0.9779,14.5247,16630700,73900,321600,0,1100,0
post_load_walking,0,16.6646,16.6692,2.3716,18828,245,818724195459,1.8667,0.9787,14.7845,16644200,86100,594000,0,1500,0
post_load_walking,0,16.6684,16.6902,1.7500,12436,243,818724362151,1.8084,0.9321,14.8649,16656100,72800,538000,0,1300,0
post_load_walking,0,16.9571,16.6488,1.7654,12436,243,818724529053,2.0068,0.9904,14.6241,16949200,70400,293200,0,1300,0
post_load_walking,0,16.6630,16.6593,2.0111,12436,240,818724695541,2.3096,0.7417,14.3349,16639300,72500,267600,0,1400,0
post_load_walking,0,16.6659,16.6701,1.7971,12436,240,818724862134,1.7986,0.7164,14.8577,16651600,71600,368900,0,1500,0
post_load_walking,0,16.6684,16.9663,1.9917,18828,233,818725028835,1.8167,0.6847,15.1326,16658000,69000,636600,0,1400,0
post_load_walking,0,16.6678,16.6536,1.6835,12436,235,818725198498,1.7761,0.7363,14.8634,16654700,72000,365900,0,1600,0
post_load_walking,0,16.6668,16.6646,1.6957,12436,233,818725365034,2.1306,1.2829,14.5212,16649300,83600,397800,0,1300,0
post_load_walking,0,16.6662,16.6711,2.0460,12436,233,818725531680,1.8381,0.7960,14.8200,16648300,78900,271500,0,1300,0
post_load_walking,0,16.6676,16.6712,1.7551,12436,228,818725698391,1.8530,0.8006,14.8019,16652800,72600,263400,0,1200,0
post_load_walking,0,16.6659,16.6649,1.9937,18828,230,818725865103,1.9734,0.6422,14.6760,16650400,71800,511600,0,1400,0
post_load_walking,0,16.6658,16.6644,1.6343,12436,226,818726031752,1.7842,0.6224,14.8643,16649400,71600,274200,0,1300,0
post_load_walking,0,16.6654,16.6686,1.6937,12436,226,818726198396,1.6471,0.8838,15.0059,16652300,66100,337600,0,1200,0
post_load_walking,0,16.6669,16.6646,1.9702,12436,226,818726365082,1.8887,0.6867,14.7619,16659900,69500,302000,0,1200,0
post_load_walking,0,16.6682,16.6630,1.6620,12436,226,818726531728,1.7526,0.7250,14.8970,16651900,74400,253800,0,1200,0
post_load_walking,0,16.6670,16.6637,1.9272,28668,226,818726698358,1.6463,0.5960,15.0061,16654900,77100,550500,0,1100,0
post_load_walking,0,16.6667,16.6717,1.6333,12436,190,818726864995,1.6471,0.8948,15.0129,16652200,66300,235200,0,1000,0
post_load_walking,0,16.6663,16.6642,1.6128,12436,189,818727031712,1.9145,0.7140,14.7375,16650400,68100,270800,0,900,0
post_load_walking,0,16.6683,16.6688,1.9302,12436,189,818727198354,2.1144,0.6730,14.5407,16662000,65000,304400,0,1200,0
post_load_walking,0,16.6681,16.6669,1.7080,12436,188,818727365042,1.5092,0.6022,15.1432,16653800,74000,312700,0,1200,0
post_load_walking,0,16.6675,16.6632,1.9487,18828,188,818727531711,1.6037,0.9955,15.0467,16653100,73100,600400,0,1400,0
post_load_walking,0,16.6661,16.6741,1.6067,12436,156,818727698343,1.4966,0.6409,15.1656,16649100,73700,341700,0,1400,0
post_load_walking,0,16.6671,16.6680,1.6108,12436,154,818727865084,1.7744,0.9178,14.8796,16651000,75700,360800,0,1500,0
post_load_walking,0,16.6647,16.6687,1.9108,12436,154,818728031764,2.2415,0.6510,14.4116,16687700,71900,272900,0,1400,0
post_load_walking,0,16.6661,16.6654,1.6558,12436,153,818728198451,1.9232,0.6762,14.7261,16599900,68200,237500,0,1300,0
post_load_walking,0,16.6693,16.6658,1.6056,18828,153,818728365105,2.0420,0.6174,14.6093,16658600,63800,511100,0,900,0
post_load_walking,0,16.6664,16.7144,1.6681,12436,154,818728531763,1.8392,0.5365,14.8489,16652700,67500,356000,0,1200,0
post_load_walking,0,16.6672,16.6121,1.7234,12436,154,818728698907,1.5733,0.7872,15.0266,16653900,72200,246300,0,1100,0
post_load_walking,0,16.6690,16.6725,1.9180,12436,156,818728865028,1.5433,0.7906,15.1154,16654600,63200,258800,0,1100,0
post_load_walking,0,16.6648,16.6668,1.6794,12436,152,818729031753,1.8288,0.6654,14.8241,16647400,70000,359800,0,1500,0
post_load_walking,0,16.6650,16.6675,1.6189,18828,151,818729198421,1.6575,0.5644,14.9966,16647400,69300,505400,0,1300,0
post_load_walking,0,16.6700,16.6705,1.6824,12436,150,818729365096,1.7098,0.6270,14.9450,16661900,72700,352700,0,1400,0
post_load_walking,0,16.6653,16.6639,1.6937,12436,144,818729531801,1.8662,0.7006,14.7813,16649000,75300,298700,0,1300,0
post_load_walking,0,16.6663,16.6605,1.8708,12436,142,818729698440,1.8553,0.5678,14.7922,16651100,70300,248800,0,1200,0
post_load_walking,0,16.6688,16.6759,1.5688,12436,142,818729865045,1.5681,0.9409,15.0939,16657800,68700,338600,0,1300,0
post_load_walking,0,16.6665,16.6635,1.9866,18828,142,818730031804,1.6858,0.7402,14.9634,16652900,68400,565300,0,1200,0
post_load_walking,0,16.6651,16.6637,1.6292,12436,140,818730198439,1.6438,1.0259,15.0074,16649000,68000,250300,0,1300,0
post_load_walking,0,16.6684,16.6713,1.5596,12436,135,818730365076,1.8395,0.7838,14.8185,16654700,75200,250800,0,1400,0
post_load_walking,0,16.6663,16.6669,1.9712,12436,135,818730531789,2.0436,0.5952,14.6094,16652300,70900,254200,0,1300,0
post_load_walking,0,16.6707,16.6637,1.5954,12436,135,818730698458,1.7857,0.5861,14.8635,16662100,65100,306300,0,1200,0
post_load_walking,0,16.6686,16.6692,1.5759,18828,135,818730865095,1.6708,0.6065,14.9841,16649200,74400,583500,0,1200,0
post_load_walking,0,16.6716,16.6655,1.6353,12436,135,818731031787,1.8917,0.6690,14.7607,16657600,79500,288300,0,1700,0
post_load_walking,0,16.6613,16.6811,1.5811,12436,135,818731198442,1.9986,0.8973,14.6638,16631900,97500,344500,0,2000,0
post_load_walking,0,16.6658,16.6670,1.9241,22868,135,818731365253,2.1010,0.6450,14.5484,27375300,106000,328300,839700,2100,0
post_load_walking,0,16.6678,16.6810,1.6425,12512,116,818731531923,1.8134,1.0411,14.8444,5921400,100000,369000,0,1800,0
post_load_walking,0,16.6664,16.6529,1.6824,18904,116,818731698733,1.9462,1.5340,14.6859,16643300,107700,882100,0,1900,0
post_load_walking,0,16.7099,27.3942,2.0244,12512,116,818731865262,13.7491,1.0274,13.6263,16689800,88800,487500,0,1600,0
post_load_walking,0,16.6659,5.9436,1.5944,12512,114,818732139204,1.9517,1.1300,3.9701,16648700,95400,309500,0,1900,0
post_load_walking,0,16.6689,16.6628,1.6978,12512,112,818732198640,2.4275,0.8449,14.2161,16650600,96000,293800,0,1500,0
post_load_walking,0,16.6671,16.7082,1.7060,12512,112,818732365268,2.5326,0.6417,14.1573,16646300,102800,292600,0,1800,0
post_load_walking,0,16.6657,16.6667,1.9671,18904,111,818732532350,1.8040,0.6075,14.8447,16646300,95400,567100,0,1400,0
post_load_walking,0,16.6678,16.6695,1.6742,12512,111,818732699017,1.6808,0.5745,14.9699,16649300,89800,300300,0,1400,0
post_load_walking,0,16.6664,16.6667,2.0152,12512,110,818732865712,1.7414,0.7388,14.9051,16647000,84900,281600,0,1700,0
post_load_walking,0,16.6667,16.6652,1.9487,12512,112,818733032379,1.8867,0.5668,14.7598,16646600,91800,330100,0,1600,0
post_load_walking,0,16.6672,16.6687,1.6968,12512,112,818733199031,1.6919,0.5764,14.9576,16648800,86100,286700,0,1600,0
post_load_walking,0,16.6682,16.6666,1.9446,18904,112,818733365718,1.8442,0.9404,14.8030,16651900,101100,649200,0,1700,0
post_load_walking,0,16.6674,16.6650,1.6333,12512,113,818733532384,1.6310,0.5652,15.0159,16577200,95400,306100,0,1800,0
post_load_walking,0,16.6668,16.6681,1.7203,12512,114,818733699034,1.9935,1.0851,14.6559,16645900,90800,294500,0,1700,0
post_load_walking,0,16.6650,16.7400,1.9692,12512,114,818733865715,1.6775,0.6125,14.9747,16637200,100200,367700,0,1500,0
post_load_walking,0,16.6680,16.6004,1.7142,12512,114,818734033115,1.8422,0.5872,14.7352,16652800,97300,357500,0,1800,0
post_load_walking,0,16.6667,16.6669,1.9743,18904,114,818734199119,1.7228,1.0121,14.9233,16649400,96400,621200,0,2000,0
post_load_walking,0,16.6695,16.6558,1.7132,12512,114,818734365788,1.8741,1.0241,14.7632,16712300,95800,656300,0,1700,0
post_load_walking,0,16.6670,16.6710,1.7183,12512,114,818734532346,2.0053,0.8231,14.6476,16587900,83500,283700,0,1900,0
post_load_walking,0,16.6637,16.6690,1.9671,12512,114,818734699056,2.1241,0.7624,14.5254,16637600,93800,262100,0,1700,0
post_load_walking,0,16.6685,16.7317,1.6425,12512,114,818734865746,2.1852,0.5718,14.5273,16650400,90700,273800,0,1500,0
post_load_walking,0,16.6665,16.6080,1.9569,18904,114,818735033063,1.9520,0.7977,14.6361,16649000,88900,513700,0,1500,0
post_load_walking,0,16.6690,16.6594,1.7367,12512,107,818735199143,1.7850,0.7430,14.8528,16649300,87000,388800,0,1500,0
post_load_walking,0,16.6663,16.6691,1.7336,12512,107,818735365737,1.8198,0.6608,14.8308,16646600,93100,279500,0,1500,0
post_load_walking,0,16.6645,16.6671,1.7449,12512,106,818735532428,1.8202,1.2098,14.8290,16640000,106200,314700,0,1700,0
post_load_walking,0,16.6684,16.6695,1.7285,12512,106,818735699099,1.6297,0.5766,15.0198,16658700,89400,335000,0,1700,0
post_load_walking,0,16.6666,16.6665,1.9395,18904,105,818735865794,1.5523,0.5787,15.0946,16641600,98800,582600,0,1500,0
post_load_walking,0,16.6685,16.6561,1.7142,12512,106,818736032459,1.8169,0.9241,14.8232,16650800,94900,393800,0,1500,0
post_load_walking,0,16.6677,16.6788,1.7551,12512,106,818736199020,1.8843,0.8157,14.7747,16646800,100300,318900,0,1600,0
post_load_walking,0,16.6649,16.6614,2.0009,12512,106,818736365808,2.0621,0.7365,14.5797,16643700,125500,655300,0,2000,0
post_load_walking,0,16.6698,16.6717,1.7428,12512,104,818736532422,1.8405,0.6686,14.8105,16657200,91400,362400,0,1600,0
post_load_walking,0,16.6647,16.6664,2.0767,18904,104,818736699139,1.8750,0.8248,14.7720,16637400,99300,576500,0,1400,0
post_load_walking,0,16.7367,16.6627,1.7572,12512,104,818736865803,2.1577,0.7311,14.4863,16713000,108500,408700,0,1700,0
post_load_walking,0,16.6667,16.6801,1.8063,12512,104,818737032430,2.4870,0.7347,14.1703,16651400,90300,279500,0,1500,0
post_load_walking,0,16.6652,16.6587,1.7725,12512,104,818737199231,1.9937,1.0743,14.6440,16642800,89500,276300,0,1200,0
post_load_walking,0,16.6671,16.7315,1.7715,12512,104,818737365818,2.3540,0.5899,14.3592,16652600,95000,282700,0,1800,0
post_load_walking,0,16.6688,16.6702,2.0060,29260,104,818737533133,1.7663,0.5708,14.8853,16652800,90500,712000,0,1600,0
post_load_walking,0,16.6644,16.6590,2.1268,12512,330,818737699835,1.6843,0.5834,14.9588,16645600,87000,412100,0,1700,0
post_load_walking,0,16.6707,16.6683,1.6896,12512,327,818737866425,1.6305,3.6454,15.0222,16657100,83400,268100,0,1400,0
post_load_walking,0,16.6665,16.6691,1.7725,12512,327,818738033108,2.6846,2.8455,13.9684,16641600,85800,341700,0,1400,0
post_load_walking,0,16.6660,16.6637,1.7080,12512,327,818738199799,1.9480,0.6748,14.6979,16644000,83400,277500,0,2100,0
post_load_walking,0,16.6669,16.6777,2.0449,18904,323,818738366436,1.7156,0.6516,14.9418,16646700,94400,532100,0,1600,0
post_load_walking,0,16.6676,16.6640,1.7367,12512,324,818738533213,1.8235,0.6747,14.8184,16648700,84200,382000,0,1700,0
post_load_walking,0,16.6791,16.6649,1.7715,12512,325,818738699853,1.9278,0.8329,14.7164,16666800,99000,395500,0,1400,0
post_load_walking,0,16.6544,16.6666,1.7787,12512,324,818738866502,1.7305,1.1187,14.9165,16623000,91000,525400,0,1500,0
post_load_walking,0,16.6697,16.6688,1.7787,12512,325,818739033168,1.7540,1.0773,14.8949,16651100,91300,348100,0,1700,0
post_load_walking,0,16.6650,16.6893,2.0234,18904,326,818739199856,1.8513,1.0410,14.8157,16643700,157000,565100,0,1900,0
post_load_walking,0,16.6683,16.6442,1.7992,12512,319,818739366749,2.0330,1.1403,14.5902,16648500,90200,310500,0,1300,0
post_load_walking,0,16.6659,16.6721,1.7070,12512,326,818739533191,2.2962,0.8154,14.3552,16643900,83000,343300,0,1300,0
post_load_walking,0,16.6695,16.6630,2.0204,12512,324,818739699912,2.3695,0.6575,14.2745,16651300,90000,294100,0,1400,0
post_load_walking,0,16.6641,16.6698,2.2528,12512,326,818739866542,1.6434,1.1152,15.0053,16636900,94700,402400,0,1600,0
post_load_walking,0,16.6826,16.6658,2.1545,18904,325,818740033240,1.7680,0.7720,14.8763,16664800,87200,582700,0,2000,0
post_load_walking,0,16.6681,16.6718,1.7408,22868,325,818740199898,1.8489,1.0409,14.8026,16648700,102800,309400,0,1500,0
post_load_walking,0,16.6694,16.6578,1.7807,12512,630,818740366616,2.1003,0.7925,14.5368,16658700,95800,325900,0,2100,0
post_load_walking,0,16.6634,16.6837,1.9139,12512,630,818740533194,1.9801,9.5526,14.6849,16620200,128300,331300,0,2300,0
post_load_walking,0,16.6676,16.6670,2.3767,12512,629,818740700031,2.8282,10.4435,13.8207,16652900,90300,293000,0,1400,0
post_load_walking,0,16.6689,16.6817,1.9476,18904,630,818740866701,2.4742,1.4647,14.1848,16657700,88900,651000,0,1500,0
post_load_walking,0,16.7612,16.6485,2.0398,12512,627,818741033518,2.6951,0.8859,13.9250,16735700,138100,830500,0,2000,0
post_load_walking,0,16.5719,16.6698,2.4412,12512,630,818741200003,2.2449,1.2592,14.4082,16548100,87200,379300,0,1800,0
post_load_walking,0,16.6648,16.6801,2.1012,12512,630,818741366701,2.8284,1.3173,13.8297,16640300,101000,581300,0,2000,0
post_load_walking,0,16.6671,16.7579,2.0695,12512,632,818741533502,3.2733,1.6083,13.4627,16649500,89100,310900,0,2000,0
post_load_walking,0,16.6663,16.5690,2.2671,18904,632,818741701081,2.4248,1.2575,14.1235,16656200,82400,565500,0,1500,0
post_load_walking,0,16.6681,16.6583,2.0040,12512,626,818741866771,2.7616,1.0215,13.8788,16647100,87600,365200,0,1600,0
post_load_walking,0,16.6685,16.6652,2.3470,12512,632,818742033354,2.9017,1.1341,13.7479,16650800,87000,375500,0,1600,0
post_load_walking,0,16.6702,16.6732,2.1094,12512,631,818742200006,2.4617,1.5803,14.1947,16654600,91000,793000,0,1500,0
post_load_walking,0,16.6669,16.6653,2.4576,12512,632,818742366738,2.3101,1.6157,14.3373,16641500,115700,331300,0,3000,0
post_load_walking,0,16.6648,16.6705,2.0838,18904,630,818742533391,2.6881,1.5971,13.9629,16639100,101900,1532600,0,2200,0
post_load_walking,0,16.7564,16.6782,2.1197,12512,630,818742700096,3.5320,1.0883,13.1228,16732600,97000,420000,0,1900,0
post_load_walking,0,16.6697,16.6635,2.3583,12512,630,818742866878,3.1486,1.4847,13.4932,16657300,92500,794200,0,1900,0
post_load_walking,0,16.7306,16.6639,2.1330,12512,631,818743033513,3.7712,1.2152,12.8681,16705600,100500,501400,0,2700,0
post_load_walking,0,16.6545,16.7511,2.0931,12512,627,818743200152,2.7571,1.4890,13.9756,16625500,121400,372600,0,2200,0
post_load_walking,0,16.8753,16.6832,2.1484,18904,619,818743367663,3.0223,1.8184,13.6353,16844100,132200,752300,0,2100,0
post_load_walking,0,16.6710,16.7335,2.0808,12512,623,818743534495,3.7336,1.2338,12.9724,16653400,96200,490900,0,2100,0
post_load_walking,0,16.6647,16.6527,2.4730,12512,623,818743701830,2.8768,1.5474,13.7490,16637900,116200,363700,0,2000,0
post_load_walking,0,16.6675,16.8646,2.1094,12512,615,818743868357,2.8116,1.6471,14.0327,16648600,96200,587400,0,1900,0
post_load_walking,0,16.6642,16.6764,2.1565,12512,620,818744037003,2.8902,1.2080,13.7635,16638400,105100,376900,0,1900,0
post_load_walking,0,16.6652,16.6589,2.3562,18904,616,818744203767,2.7530,1.1620,13.8852,16643500,92400,688200,0,1900,0
post_load_walking,0,16.6687,16.6717,2.1053,12512,617,818744370356,2.8528,1.7347,13.7962,16650000,94600,342500,0,1800,0
post_load_walking,0,16.6656,16.6586,2.4300,12512,611,818744537073,2.5103,1.3351,14.1284,16649300,98900,322800,0,1700,0
post_load_walking,0,16.6692,16.6619,2.0705,12512,606,818744703659,2.5345,1.0971,14.1093,16651900,98500,389300,0,1600,0
post_load_walking,0,16.6700,16.6678,2.0265,12512,616,818744870278,2.1960,1.0248,14.4542,16653700,90800,386200,0,1800,0
post_load_walking,0,16.6626,16.6671,2.4300,18904,614,818745036956,2.3636,1.7524,14.2859,16639300,92900,605300,0,1500,0
post_load_walking,0,16.7398,16.6700,2.0367,12512,608,818745203627,2.2374,1.0286,14.4147,16719100,92300,686400,0,1900,0
post_load_walking,0,16.6682,16.6734,2.3071,12512,609,818745370327,2.7513,1.2238,13.9025,16650300,97500,302400,0,1900,0
post_load_walking,0,16.6657,16.6573,2.0634,12512,602,818745537061,2.7239,1.6559,13.9156,16649400,89900,291200,0,1900,0
post_load_walking,0,16.6686,16.7394,2.1320,12512,594,818745703634,2.6137,1.2958,14.1054,16651300,95900,379900,0,2200,0
post_load_walking,0,16.6706,16.6670,2.2538,18904,596,818745871028,2.3439,0.9053,14.3065,16657000,93500,673400,0,1600,0
post_load_walking,0,16.6637,16.6667,2.0654,12512,591,818746037698,2.1464,1.3354,14.5031,16628100,252300,595300,0,2200,0
post_load_walking,0,16.6661,16.6693,2.3245,12512,590,818746204365,2.5761,1.5968,14.0754,16646000,107600,350000,0,2100,0
post_load_walking,0,16.6659,16.6829,2.0982,12512,591,818746371058,2.8321,1.9133,13.8252,16646800,100000,437200,0,2100,0
post_load_walking,0,16.6678,16.6545,2.0849,12512,592,818746537887,4.3538,1.6096,12.2744,16651500,92300,333200,0,1600,0
post_load_walking,0,16.6655,16.6638,2.0890,18904,591,818746704432,2.5336,1.9179,14.1127,16646100,90100,669900,0,1600,0
post_load_walking,0,16.6699,16.6644,2.1053,12512,592,818746871070,2.6516,0.9960,13.9953,16655300,90100,500600,0,1400,0
post_load_walking,0,16.6638,16.6677,2.4443,12512,592,818747037714,2.4339,1.3080,14.2177,16640300,88900,314600,0,1700,0
post_load_walking,0,16.6988,16.6644,1.9845,12512,589,818747204391,2.6231,1.7785,14.0231,16683500,93200,490800,0,1700,0
post_load_walking,0,16.6671,16.6740,2.0132,12512,588,818747371035,2.7265,0.9355,13.9288,16651300,91000,743000,0,2000,0
post_load_walking,0,16.6680,16.6594,2.0695,18904,582,818747537775,2.2702,1.5749,14.3702,16677400,83400,682500,0,1600,0
post_load_walking,0,16.6661,16.7016,2.1873,12512,586,818747704369,2.8276,1.2646,13.8561,16620600,93900,593400,0,2200,0
post_load_walking,0,16.6710,16.6671,2.3235,12512,585,818747871385,3.0315,1.6955,13.6201,16659700,92300,428500,0,1600,0
post_load_walking,0,16.6662,16.6947,2.1463,12512,586,818748038056,2.5549,1.6446,14.1228,16639300,120000,323400,0,1900,0
post_load_walking,0,16.6636,16.6387,2.1801,12512,586,818748205003,3.2190,1.2720,13.4018,16631900,116600,365300,0,1900,0
post_load_walking,0,16.6672,16.6860,2.4371,18904,585,818748371390,2.7461,1.0377,13.9138,16649700,94400,727000,0,2200,0
post_load_walking,0,16.6692,16.6628,2.0234,12512,586,818748538250,2.7609,1.5279,13.8786,16651200,104700,478900,0,2300,0
post_load_walking,0,16.6649,16.6519,2.3450,12512,586,818748704878,3.5693,1.7479,13.0627,16639800,100200,2982000,1094800,2300,0
post_load_walking,0,16.6677,16.6713,2.1934,12512,586,818748871397,3.0857,1.7437,13.5641,16651600,98000,421800,0,1700,0
post_load_walking,0,16.6655,16.6702,2.4576,12512,585,818749038110,3.1983,1.1238,13.4531,16646400,100600,341100,0,3200,0
post_load_walking,0,16.6683,16.6591,2.3828,18904,586,818749204812,4.3001,1.0511,12.3399,16651800,95500,884100,0,2000,0
post_load_walking,0,16.6652,16.6696,2.1914,12512,585,818749371403,2.8897,1.1580,13.7620,16648700,103200,357900,0,2100,0
post_load_walking,0,16.6689,16.6645,2.4822,12512,584,818749538099,2.9535,1.2258,13.6929,16652600,88400,344100,0,1700,0
post_load_walking,0,16.6655,16.6673,2.2968,12512,586,818749704744,3.0647,1.3605,13.5872,16647600,90300,304100,0,1700,0
post_load_walking,0,16.6688,16.6652,2.4105,12512,585,818749871417,3.2231,1.5832,13.4256,16654200,89800,477400,0,2100,0
post_load_walking,0,16.6660,16.6691,2.4474,18904,585,818750038069,2.7296,0.9770,13.9231,16645900,95800,831600,0,1300,0
post_load_walking,0,16.6676,16.6637,2.2415,12512,585,818750204760,2.4022,1.7486,14.2455,16649100,92300,428600,0,2200,0
post_load_walking,0,16.6661,16.6734,2.4934,12512,538,818750371397,3.0024,1.4310,13.6519,16649300,101400,334000,0,2000,0
post_load_walking,0,16.6701,16.6634,2.0736,12512,535,818750538131,3.2541,1.1684,13.3920,16655700,93200,318100,0,1900,0
post_load_walking,0,16.6657,16.6675,2.0828,12512,537,818750704765,2.9894,1.0185,13.6598,16643000,99100,396300,0,2100,0
post_load_walking,0,16.6663,16.6677,2.2354,18904,538,818750871440,2.4890,1.3589,14.1605,16647300,107500,615200,0,2100,0
post_load_walking,0,16.6694,16.6750,2.2702,12512,533,818751038117,2.5254,1.0004,14.1305,16648000,89300,485400,0,1900,0
post_load_walking,0,16.6653,16.6624,2.3726,12512,533,818751204867,2.7249,1.5457,13.9184,16645800,106800,559400,0,1900,0
post_load_walking,0,16.6733,16.6680,2.0449,12512,533,818751371491,2.9326,1.8537,13.7149,16655300,118100,414400,0,1800,0
post_load_walking,0,16.6602,16.6690,2.1955,12436,533,818751538171,3.0622,1.3043,13.5859,16628000,98200,388600,0,2900,0
post_load_walking,0,16.6674,16.6669,2.4156,18828,533,818751704861,2.8349,1.1015,13.8113,16644400,86200,1208400,0,1500,0
post_load_walking,0,16.6665,16.6839,2.0244,12436,528,818751871530,2.6030,1.3497,14.0526,16641800,86300,808500,0,1900,0
post_load_walking,0,16.6665,16.6507,2.3572,12436,536,818752038369,3.0113,1.4055,13.6169,16647000,83400,577000,0,1500,0
post_load_walking,0,16.6681,16.6669,2.2170,12436,527,818752204876,3.4807,1.4946,13.1642,16652900,82400,512900,0,1900,0
post_load_walking,0,16.6680,16.6619,2.4586,12436,528,818752371545,3.1970,1.8525,13.4452,16651100,92700,396900,0,2100,0
post_load_walking,0,16.6642,16.6648,2.3593,18828,527,818752538164,3.1374,1.1174,13.5097,16637500,86900,838200,0,3600,0
post_load_walking,0,16.6696,16.6702,2.0623,12436,527,818752704812,2.8334,1.7055,13.8198,16654300,81800,929300,0,1900,0
post_load_walking,0,16.6651,16.6744,2.4381,12436,528,818752871514,2.5875,1.3576,14.0639,16641400,81300,308300,0,2100,0
post_load_walking,0,16.6669,16.6563,2.2129,12436,528,818753038258,3.4327,1.6018,13.2049,16649900,78800,481300,0,1700,0
post_load_walking,0,16.6751,16.6734,2.0173,12436,529,818753204821,4.1113,0.9497,12.5431,16663500,86300,350900,0,1900,0
post_load_walking,0,16.6583,16.6601,2.0111,18828,519,818753371555,2.4382,1.9379,14.2034,16623400,111000,635800,0,1900,0
post_load_walking,0,16.6654,16.6687,2.1412,12436,504,818753538156,2.4388,1.2435,14.2115,16650000,76300,443500,0,1500,0
post_load_walking,0,16.6684,16.6873,2.3962,12436,514,818753704843,2.5858,1.1797,14.0779,16652500,76300,326000,0,1700,0
post_load_walking,0,16.6650,16.6427,1.9927,12436,514,818753871716,3.1588,1.7190,13.4646,16648300,74400,288100,0,1600,0
post_load_walking,0,16.6696,16.6657,1.9927,12436,513,818754038143,2.4347,1.0710,14.2156,16655900,71100,366300,0,1500,0
post_load_walking,0,16.6666,16.6671,2.0357,18828,511,818754204800,2.5771,1.3740,14.0754,16650000,80000,563800,0,1500,0
post_load_walking,0,16.6682,16.6643,2.1463,12436,364,818754371471,2.2806,1.0533,14.3678,16652200,83900,330300,0,1700,0
post_load_walking,0,16.7356,16.6711,2.6327,12436,358,818754538114,2.7106,1.0131,13.9455,16719000,80100,352100,0,1600,0
post_load_walking,0,16.6675,16.6667,2.7935,12436,360,818754704825,2.5505,1.1148,14.0996,16650200,78000,299700,0,1600,0
post_load_walking,0,16.6678,16.6688,2.2948,12436,356,818754871492,2.7455,1.4888,13.9070,16650500,78600,381300,0,1500,0
post_load_walking,0,16.6671,16.7361,2.6429,18828,352,818755038180,2.2963,0.9526,14.4229,16651400,77400,892900,0,1500,0
post_load_walking,0,16.6668,16.6675,2.3306,22276,351,818755205541,2.2130,1.1291,14.4373,16650000,78100,399800,0,1400,0
post_load_walking,0,16.6708,16.6664,2.5795,12436,325,818755372216,2.4549,1.0187,14.1957,16657500,86200,372300,0,1400,0
post_load_walking,0,16.7068,16.6682,2.3603,12436,327,818755538880,2.6490,1.0712,14.0025,16674200,91500,420400,0,1700,0
post_load_walking,0,16.6681,16.6668,2.3153,12436,327,818755705562,2.7138,1.1122,13.9362,16651300,108800,371600,0,2000,0
post_load_walking,0,16.6671,16.6808,2.6296,18828,327,818755872230,2.1378,1.0546,14.5199,16649800,86900,644400,0,1400,0
post_load_walking,0,16.6692,16.6967,2.2456,12436,327,818756039038,2.7030,1.0453,13.9713,16654300,77100,692200,0,1500,0
post_load_walking,0,16.6655,16.6685,2.6481,12436,324,818756206005,2.7716,1.5138,13.8797,16643200,79700,303100,0,1500,0
post_load_walking,0,16.6666,16.6667,2.3921,12436,324,818756372690,2.5229,1.1680,14.1270,16650100,84000,460100,0,1500,0
post_load_walking,0,16.6677,16.6720,2.2764,12436,323,818756539357,2.6745,0.8687,13.9801,16649600,79500,739900,0,1500,0
post_load_walking,0,16.6705,16.6618,2.5979,18828,323,818756706077,2.3503,0.9862,14.2930,16653000,88600,740900,0,1800,0
post_load_walking,0,16.6639,16.6686,2.4125,22792,318,818756872695,2.5789,1.0507,14.0714,16648200,74800,305300,0,1700,0
post_load_walking,0,16.6672,16.6675,2.6778,12436,261,818757039381,2.9769,1.1015,13.6728,16652600,72600,301800,0,1700,0
post_load_walking,0,16.6724,16.6687,1.8627,12436,257,818757206056,2.7660,1.4857,13.8872,16661600,82900,466900,0,1700,0
post_load_walking,0,16.6624,16.6637,1.8115,12436,256,818757372743,2.5395,0.7869,14.1088,16622100,139700,410100,0,3300,0
post_load_walking,0,16.6659,16.6700,2.0654,18828,253,818757539380,2.1501,1.3610,14.5027,16650200,80900,691200,0,1600,0
post_load_walking,0,16.6654,16.6870,1.7981,12436,251,818757706080,2.5036,1.4393,14.1584,16648100,77100,758000,0,1600,0
post_load_walking,0,16.6687,16.6464,1.9804,12436,248,818757872950,2.5923,0.8764,14.0299,16651500,75300,301400,0,1500,0
post_load_walking,0,16.6688,16.6670,1.7562,12436,247,818758039414,2.2561,1.0060,14.3942,16654700,78900,314000,0,1700,0
post_load_walking,0,16.7404,16.6651,1.7951,12436,247,818758206084,2.7548,0.8537,13.8935,16716200,95000,395500,0,2100,0
post_load_walking,0,16.6674,16.6684,2.0316,18828,242,818758372735,2.2214,0.7445,14.4302,16650900,86900,677100,0,1700,0
post_load_walking,0,16.6689,16.6744,1.8012,12436,243,818758539419,2.1700,1.1469,14.4848,16649000,87600,417100,0,1800,0
post_load_walking,0,16.6653,16.7360,2.1094,12436,241,818758706163,2.4984,1.2611,14.2180,16644900,87100,345200,0,1700,0
post_load_walking,0,16.6676,16.6690,1.8176,12436,241,818758873523,2.5133,1.4601,14.1378,16647200,87500,416300,0,1900,0
post_load_walking,0,16.6674,16.6709,1.6957,12436,238,818759040213,2.6077,1.3236,14.0415,16650500,83300,671800,0,1600,0
post_load_walking,0,16.7252,16.6651,1.7695,18828,235,818759206922,2.6673,1.3861,13.9778,16703800,85400,654200,0,1800,0
post_load_walking,0,16.6688,16.6656,1.7183,12436,234,818759373573,2.3999,1.3747,14.2476,16652300,90900,538300,0,2200,0
post_load_walking,0,16.6644,16.6692,1.9722,12436,233,818759540229,2.9478,1.2599,13.7028,16642400,88900,403700,0,2100,0
post_load_walking,0,16.6670,16.7223,1.7111,12436,234,818759706921,2.7225,1.4026,13.9814,16649000,85900,517400,0,2000,0
post_load_walking,0,16.6652,16.6729,1.7449,12436,234,818759874144,2.9311,1.3321,13.7215,16645400,85900,309500,0,1500,0
post_load_walking,0,16.6701,16.6603,1.7152,28668,233,818760040873,2.3753,1.4917,14.2672,16652800,86100,602100,0,1700,0
post_load_walking,0,16.6663,16.6680,1.7295,12436,190,818760207476,2.9974,0.8211,13.6519,16646000,86500,372400,0,2200,0
post_load_walking,0,16.6663,16.6646,2.0306,12436,189,818760374156,2.3649,0.9255,14.2805,16643800,94000,469200,0,1900,0
post_load_walking,0,16.6693,16.6699,1.6804,12436,188,818760540802,2.4989,1.0292,14.1541,16653100,79800,494000,0,1600,0
post_load_walking,0,16.6686,16.6676,1.7234,12436,188,818760707501,2.4181,1.1868,14.2280,16648900,89900,1034400,0,1900,0
post_load_walking,0,16.6655,16.6643,1.9446,18828,186,818760874177,2.1074,1.1476,14.5365,16647600,91500,858100,0,2200,0
post_load_walking,0,16.6763,16.6713,1.7275,12436,156,818761040820,2.2447,1.2167,14.4085,16652900,92700,364900,0,1800,0
post_load_walking,0,16.6580,16.6691,1.9374,12436,156,818761207533,3.1501,1.0254,13.4990,16637000,101600,462500,0,1800,0
post_load_walking,0,16.6708,16.6708,1.6835,12436,153,818761374224,2.6015,0.8589,14.0462,16653200,91600,519500,0,2000,0
post_load_walking,0,16.6625,16.6730,1.6824,12436,154,818761540932,2.3381,1.0402,14.3149,16625800,139200,879500,0,2300,0
post_load_walking,0,16.6690,16.6568,1.9487,18828,154,818761707662,2.5200,1.2370,14.1173,16651100,97800,689900,0,2400,0
post_load_walking,0,16.6669,16.6821,1.6538,12436,153,818761874230,2.3351,1.2003,14.3186,16644100,102400,479100,0,2600,0
post_load_walking,0,16.6647,16.6530,1.9077,12436,154,818762041051,3.3748,1.4600,13.2513,16641100,100700,764300,0,2100,0
post_load_walking,0,16.6719,16.6728,1.6804,12436,156,818762207581,2.9426,0.9084,13.7088,16649700,109500,690600,0,2100,0
post_load_walking,0,16.6623,16.6657,1.6015,12436,152,818762374309,2.8676,1.1713,13.7767,16627900,152000,377400,0,3600,0
post_load_walking,0,16.7100,16.6653,1.5852,18828,151,818762540966,3.2524,1.3112,13.3889,16698400,84900,700800,0,1800,0
post_load_walking,0,16.6236,16.6769,1.7029,12436,150,818762707619,3.5473,1.1794,13.1027,16597200,81000,544000,0,1500,0
post_load_walking,0,16.6670,16.6499,1.5923,12436,144,818762874388,3.4144,0.8954,13.2137,16649700,77400,293700,0,1400,0
post_load_walking,0,16.6945,16.7172,1.6742,12436,142,818763040887,2.5246,1.2680,14.1741,16688200,73700,304000,0,1700,0
post_load_walking,0,16.6568,16.6142,1.6589,12436,142,818763208059,2.4155,0.6840,14.1818,16630800,80800,321100,0,1700,0
post_load_walking,0,16.6649,16.6654,2.2313,18828,142,818763374201,1.9258,0.6880,14.7241,16645600,83000,972500,0,1700,0
post_load_walking,0,16.6671,16.7049,1.6599,12436,140,818763540855,1.9914,0.7265,14.6970,16650400,76800,588700,0,1500,0
post_load_walking,0,16.6666,16.6496,1.8995,12436,134,818763707904,1.9967,0.9079,14.6343,16650000,74000,536200,0,1600,0
post_load_walking,0,16.6680,16.6627,1.6323,12436,135,818763874400,2.4188,0.8448,14.2270,16653700,77200,293900,0,1700,0
post_load_walking,0,16.6681,16.6665,1.6978,12436,135,818764041027,2.3730,0.7300,14.2775,16654700,86200,363400,0,1900,0
post_load_walking,0,16.6805,16.6665,1.8811,18828,135,818764207692,2.1969,0.6025,14.4531,16669100,89200,636300,0,2000,0
post_load_walking,0,16.6551,16.6706,1.6558,12436,135,818764374357,1.9137,1.1227,14.7402,16607000,164500,368200,0,2400,0
post_load_walking,0,16.6646,16.6756,1.8872,12436,135,818764541063,2.1154,0.8800,14.5396,16635900,98900,470900,0,1900,0
post_load_walking,0,16.6682,16.7021,1.6712,22868,135,818764707819,2.5923,1.1232,14.0774,16648700,91200,341800,0,1700,0
post_load_walking,0,16.6671,16.6372,2.1391,12512,116,818764874840,2.6613,1.1541,13.9460,16646300,91300,321500,0,1400,0
post_load_walking,0,16.6649,16.6566,1.6609,18904,116,818765041212,2.4862,1.8041,14.1499,16646400,96700,593200,0,1800,0
post_load_walking,0,16.6668,16.6666,1.7101,12512,116,818765207778,2.4900,0.6113,14.1589,16647200,93900,1144800,0,2000,0
post_load_walking,0,16.6703,16.6669,1.6067,12512,114,818765374444,1.8351,0.8563,14.8114,16652700,101100,499400,0,1800,0
post_load_walking,0,16.6708,16.6659,1.6804,12512,112,818765541113,2.1951,0.9621,14.4515,16653300,185100,998600,0,3500,0
post_load_walking,0,16.6634,16.6662,1.7050,12512,112,818765707772,3.3048,1.1442,13.3425,16632600,105600,411500,0,2500,0
post_load_walking,0,16.6648,16.6729,1.6701,18904,111,818765874434,2.2229,1.2231,14.4301,16641600,115000,1177000,0,1900,0
post_load_walking,0,16.6705,16.6798,1.6876,12512,112,818766041163,3.4125,0.7845,13.2412,16654500,93800,481000,0,1800,0
post_load_walking,0,16.6659,16.6545,1.9630,12512,112,818766207961,2.7802,1.4535,13.8526,16644800,139400,728500,0,2900,0
post_load_walking,0,16.6672,16.6622,1.6998,12512,111,818766374506,3.4021,0.9303,13.2397,16643600,122200,2589300,1494300,3700,0
post_load_walking,0,16.6661,16.6760,1.9907,12512,112,818766541128,2.7484,1.5001,13.9062,16638400,92700,379400,0,1600,0
post_load_walking,0,16.6685,16.6680,1.7244,18904,112,818766707888,4.1110,0.9836,12.5341,16653000,91700,980000,0,1900,0
post_load_walking,0,16.6669,16.6650,1.6343,12512,113,818766874568,4.2367,1.0602,12.4071,16625900,91600,350400,0,2100,0
post_load_walking,0,16.6661,16.6598,1.9425,12512,114,818767041218,1.9060,1.1919,14.7325,16655700,93400,364500,0,1400,0
post_load_walking,0,16.6651,16.6915,1.7183,12512,114,818767207816,2.3527,0.6696,14.3004,16632500,95400,294300,0,1900,0
post_load_walking,0,16.6687,16.6483,1.7203,12512,114,818767374731,2.2031,1.0137,14.4231,16645700,102800,325500,0,2700,0
post_load_walking,0,16.6635,16.6766,1.9651,18904,113,818767541214,1.7812,0.6865,14.8746,16645800,85800,642500,0,1800,0
post_load_walking,0,16.6676,16.6534,1.6906,12512,114,818767707980,1.7943,0.6142,14.8384,16650100,83400,291000,0,1800,0
post_load_walking,0,16.6658,16.6629,1.6579,12512,114,818767874514,1.9036,0.7220,14.7423,16653000,78500,286300,0,1200,0
post_load_walking,0,16.6677,16.6631,1.7306,12512,114,818768041143,1.9749,0.5413,14.6711,16651000,81700,282800,0,1200,0
post_load_walking,0,16.6685,16.6656,1.6445,12512,114,818768207774,1.7365,0.5409,14.9137,16654200,82700,277900,0,1700,0
post_load_walking,0,16.6769,16.6675,1.9548,18904,114,818768374430,1.7360,0.5392,14.9172,16668000,96300,685600,0,2000,0
post_load_walking,0,16.6572,16.6656,1.7347,12512,106,818768541105,1.6513,0.5321,14.9998,16569600,115800,342500,0,2100,0
post_load_walking,0,16.6667,16.6715,1.9354,12512,107,818768707761,1.7604,0.8856,14.8940,16651000,87900,459900,0,1700,0
post_load_walking,0,16.6694,16.6877,1.7500,12512,106,818768874476,2.2282,0.7631,14.4400,16659400,99200,447300,0,1400,0
post_load_walking,0,16.6681,16.6450,1.7285,12512,106,818769041353,2.2407,0.7128,14.3292,16647300,161500,310200,0,1700,0
post_load_walking,0,16.6638,16.6669,1.9917,18904,106,818769207803,2.0192,0.9990,14.6320,16636600,101900,745500,0,1700,0
post_load_walking,0,16.6680,16.6786,1.7347,12512,106,818769374472,1.9973,0.6805,14.6623,16652900,95300,544300,0,1800,0
post_load_walking,0,16.6677,16.6688,2.0613,12512,106,818769541258,2.2555,1.2632,14.3920,16647500,93200,459500,0,1600,0
post_load_walking,0,16.6665,16.6555,1.7439,12512,106,818769707946,2.2003,1.1793,14.4365,16648500,102600,291300,0,1600,0
post_load_walking,0,16.6670,16.6705,1.7633,12512,104,818769874501,2.1009,0.6539,14.5522,16648100,102000,371200,0,1900,0
post_load_walking,0,16.6673,16.6672,2.1146,18904,104,818770041206,2.0722,0.7311,14.5753,16650300,92600,720100,0,1800,0
post_load_walking,0,16.6694,16.6671,1.7121,12512,103,818770207878,2.1019,0.7135,14.5469,16650800,97600,659900,0,2300,0
post_load_walking,0,16.6664,16.6657,2.0470,12512,104,818770374549,2.1281,0.7576,14.5202,16649000,106000,363800,0,1800,0
post_load_walking,0,16.6635,16.6702,1.7879,12512,104,818770541206,2.2875,0.7692,14.3629,16636700,104200,301900,0,1700,0
post_load_walking,0,16.6649,16.6701,1.7633,12512,104,818770707908,2.3953,1.0275,14.2557,16648200,91300,453400,0,1700,0
post_load_walking,0,16.6685,16.6697,1.9958,29260,104,818770874609,1.9449,0.6086,14.7043,16652500,79600,520900,0,1400,0
post_load_walking,0,16.6673,16.6539,1.7889,12512,331,818771041306,1.9508,1.0059,14.6859,16651200,78900,317000,0,1500,0
post_load_walking,0,16.6658,16.6644,1.7981,12512,327,818771207845,1.8950,3.4689,14.7532,16650500,78700,270800,0,1200,0
post_load_walking,0,16.6672,16.6679,1.7562,12512,328,818771374489,2.1299,2.3865,14.5229,16654000,83100,288200,0,1500,0
post_load_walking,0,16.6671,16.6660,1.7910,12512,327,818771541168,1.8180,0.6737,14.8333,16651900,79800,340700,0,1600,0
post_load_walking,0,16.6677,16.6655,1.9855,18904,325,818771707828,1.6590,0.6517,14.9916,16653800,82800,515900,0,1500,0
post_load_walking,0,16.6684,16.6682,1.7633,12512,325,818771874483,1.6292,0.9954,15.0250,16653700,78300,320400,0,1600,0
post_load_walking,0,16.6662,16.6672,1.6701,12512,325,818772041165,1.7296,0.8500,14.9225,16649200,88600,379600,0,1600,0
post_load_walking,0,16.6663,16.6697,1.7940,12512,324,818772207837,1.8135,1.0062,14.8406,16651300,85300,351300,0,1600,0
post_load_walking,0,16.6661,16.6691,1.7562,12512,325,818772374534,1.7490,1.1974,14.9047,16647700,92200,323100,0,1700,0
post_load_walking,0,16.6667,16.6654,1.6988,18904,326,818772541225,1.8464,1.1574,14.8029,16648400,82500,656400,0,1400,0
post_load_walking,0,16.6655,16.6685,1.7746,12512,326,818772707879,2.1301,0.6815,14.5214,16650500,76700,356500,0,1400,0
post_load_walking,0,16.6693,16.6637,2.1340,12512,325,818772874564,2.0972,1.1845,14.5507,16656700,78200,261300,0,1100,0
post_load_walking,0,16.6674,16.6639,1.7981,12512,324,818773041201,2.0706,0.7698,14.5778,16652200,74600,321700,0,1400,0
post_load_walking,0,16.6786,16.6650,1.7961,12512,326,818773207840,1.8610,0.6901,14.7897,16669600,80700,321000,0,1300,0
post_load_walking,0,16.6644,16.6714,2.1012,18904,326,818773374490,1.6680,0.6389,14.9889,16643900,83900,614700,0,2100,0
post_load_walking,0,16.6573,16.6674,1.7910,22868,325,818773541204,1.7926,1.0172,14.8598,16642700,85900,297800,0,1300,0
post_load_walking,0,16.6673,16.6834,1.7070,12512,630,818773707878,1.6750,0.7990,14.9947,16652600,83200,296300,0,1300,0
post_load_walking,0,16.6662,16.6587,2.0367,12512,630,818773874712,1.8554,8.1315,14.7886,16650800,80100,314300,0,1300,0
post_load_walking,0,16.6693,16.6578,1.9180,12512,630,818774041299,2.5808,7.7734,14.0619,16656600,81000,272400,0,1300,0
post_load_walking,0,16.6667,16.6666,2.2671,18904,629,818774207877,2.0010,1.1070,14.6518,16652800,73300,669600,0,1000,0
post_load_walking,0,16.6691,16.6651,2.0285,12512,629,818774374543,2.1206,0.8388,14.5304,16655600,87000,386700,0,1600,0
post_load_walking,0,16.6642,16.6701,2.2999,12512,630,818774541194,1.9464,1.1454,14.7103,16648400,82200,378300,0,1900,0
post_load_walking,0,16.6677,16.6668,2.0675,12512,630,818774707895,2.2518,0.9426,14.4011,16654100,78400,310200,0,1300,0
post_load_walking,0,16.6673,16.6704,2.0316,12512,628,818774874563,2.2767,1.3807,14.3791,16650300,79200,266000,0,1400,0
post_load_walking,0,16.6666,16.6640,2.0716,18904,632,818775041267,2.3217,1.0149,14.3270,16651200,97700,653000,0,1800,0
post_load_walking,0,16.6664,16.6695,2.0736,12512,632,818775207907,2.0525,0.9690,14.6017,16651600,80100,351000,0,1500,0
post_load_walking,0,16.6693,16.6651,2.2825,12512,631,818775374602,1.9451,1.6241,14.7054,16654900,82300,284800,0,1500,0
post_load_walking,0,16.6640,16.6669,1.9948,12512,630,818775541253,2.2845,1.5217,14.3669,16647500,79800,320600,0,1500,0
post_load_walking,0,16.6665,16.6660,2.1105,12512,632,818775707922,2.2115,0.8850,14.4402,16623100,76800,269500,0,1400,0
post_load_walking,0,16.6692,16.6701,2.0972,18904,630,818775874582,1.8937,1.4503,14.7613,16654400,75900,811100,0,1200,0
post_load_walking,0,16.6662,16.6922,2.0101,12512,632,818776041283,1.9871,0.7874,14.6605,16653700,77100,274600,0,1300,0
post_load_walking,0,16.6674,16.6368,2.3675,12512,633,818776208205,1.9198,0.9885,14.7034,16651800,75300,312500,0,1300,0
post_load_walking,0,16.6676,16.6693,2.1228,12512,631,818776374573,2.3534,0.9305,14.3011,16652800,85300,307000,0,1500,0
post_load_walking,0,16.6653,16.6682,2.0152,12512,623,818776541266,1.9705,0.8657,14.6834,16644700,87100,328600,0,1500,0
post_load_walking,0,16.6667,16.6677,2.3593,18904,621,818776707948,2.2799,0.9283,14.3721,16652400,81700,615500,0,1300,0
post_load_walking,0,16.6680,16.6694,2.0634,12512,623,818776874625,2.1222,1.0612,14.5306,16654100,76900,275200,0,1300,0
post_load_walking,0,16.6675,16.6608,2.3388,12512,621,818777041319,2.0883,1.5039,14.5566,16651900,78000,305300,0,1500,0
post_load_walking,0,16.6991,16.6668,2.0357,12512,620,818777207927,1.9870,0.8858,14.6656,16683700,75800,265300,0,1100,0
post_load_walking,0,16.6658,16.6704,2.0265,12512,620,818777374595,2.3141,0.8944,14.3401,16645900,111900,323300,0,1600,0
post_load_walking,0,16.6688,16.6665,2.3316,18904,618,818777541299,2.2011,1.0285,14.4509,16658100,76800,531600,0,1500,0
post_load_walking,0,16.6659,16.7010,2.0951,12512,618,818777707964,1.9350,0.9301,14.7489,16644900,93900,338200,0,1700,0
post_load_walking,0,16.6667,16.6624,2.3204,12512,616,818777874974,1.9521,1.3278,14.6940,16649300,78300,278800,0,1200,0
post_load_walking,0,16.7109,16.6743,1.9732,12512,615,818778041598,2.1691,1.0607,14.4893,16698900,81100,292000,0,1200,0
post_load_walking,0,16.6241,16.6623,1.9845,12512,616,818778208341,2.4388,0.8908,14.2063,16603600,88500,366400,0,1700,0
post_load_walking,0,16.6660,16.6675,2.1012,18904,614,818778374964,1.9418,1.2943,14.7077,16646200,90600,648800,0,2000,0
post_load_walking,0,16.6666,16.7172,1.9743,12512,607,818778541639,2.1493,1.6002,14.5497,16648800,87500,425300,0,1600,0
post_load_walking,0,16.6676,16.6198,2.2979,12512,609,818778708811,2.3805,1.1515,14.2233,16652700,79800,391000,0,1600,0
post_load_walking,0,16.6675,16.6634,2.0634,12512,603,818778875009,2.3537,0.9753,14.2927,16650100,87300,451400,0,1600,0
post_load_walking,0,16.6692,16.6663,2.0716,12512,596,818779041643,2.3540,1.5312,14.2949,16655000,81500,302200,0,1500,0
post_load_walking,0,16.6658,16.6696,1.9436,18904,594,818779208306,2.0295,1.5990,14.6235,16646200,92200,641800,0,1900,0
post_load_walking,0,16.6704,16.6666,1.9231,12512,590,818779375002,2.2864,1.0417,14.3640,16655500,103300,325900,0,2100,0
post_load_walking,0,16.6631,16.6722,2.3265,12512,579,818779541668,2.0190,1.1727,14.6361,16636400,106900,334300,0,2200,0
post_load_walking,0,16.6698,16.6656,2.0716,12512,592,818779708390,2.7337,0.9864,13.9127,16657100,83400,653400,0,1500,0
post_load_walking,0,16.6635,16.6756,2.6071,12512,593,818779875046,2.8217,1.0626,13.8340,16642200,113400,412800,0,2100,0
post_load_walking,0,16.6686,16.6546,2.3194,18904,593,818780041802,2.9306,1.1167,13.7059,16650900,92600,690600,0,1600,0
post_load_walking,0,16.6668,16.6751,2.1473,12512,592,818780208348,2.7293,1.4599,13.9279,16653400,85600,391500,0,1600,0
post_load_walking,0,16.6684,16.6621,2.3634,12512,591,818780375099,2.5759,1.6950,14.0665,16649400,89900,316100,0,1700,0
post_load_walking,0,16.6664,16.6670,1.9978,12512,590,818780541720,2.5893,1.7818,14.0619,16640000,103600,380300,0,1800,0
post_load_walking,0,16.6678,16.6711,2.0173,12512,588,818780708390,2.5398,1.3539,14.1137,16650000,85300,436000,0,1900,0
post_load_walking,0,16.6636,16.6698,2.1627,18904,583,818780875101,2.0082,1.7066,14.6415,16644800,86200,660100,0,1400,0
post_load_walking,0,16.6685,16.6599,2.1801,12512,586,818781041799,2.3607,1.2385,14.2795,16652300,82300,426900,0,1500,0
post_load_walking,0,16.6672,16.6686,2.3572,12512,586,818781208398,2.4130,1.6427,14.2372,16650800,85200,361000,0,1400,0
post_load_walking,0,16.6664,16.6627,2.0285,12512,583,818781375084,2.4764,1.5635,14.1686,16646600,95400,311700,0,1800,0
post_load_walking,0,16.6692,16.6684,2.1750,12512,582,818781541711,2.7884,1.0632,13.8642,16660500,84100,359400,0,1500,0
post_load_walking,0,16.6663,16.6682,2.3962,18904,585,818781708395,2.3918,1.0874,14.2592,16642100,87400,702600,0,1600,0
post_load_walking,0,16.6641,16.6646,2.1268,12512,586,818781875077,2.2711,1.5895,14.3757,16643100,91200,334600,0,1800,0
post_load_walking,0,16.6665,16.6784,2.3491,12512,582,818782041723,2.3880,1.8904,14.2726,16652500,78300,284200,0,1400,0
post_load_walking,0,16.6691,16.6605,2.2077,12512,585,818782208507,2.8305,0.9121,13.8116,16656100,77400,272700,0,1200,0
post_load_walking,0,16.6658,16.6582,2.1811,12512,586,818782375112,2.7752,0.7962,13.8681,16648900,84300,291600,0,1600,0
post_load_walking,0,16.6669,16.6666,2.3859,18904,586,818782541694,2.1583,0.9059,14.4945,16650200,79600,578400,0,1300,0
post_load_walking,0,16.6672,16.6734,2.0623,12512,586,818782708360,2.3110,1.0215,14.3452,16650700,88700,458700,0,1600,0
post_load_walking,0,16.6661,16.6639,2.4934,12512,585,818782875094,2.4963,1.0904,14.1527,16649000,86700,389000,0,1500,0
post_load_walking,0,16.6685,16.6668,2.2579,12512,584,818783041733,2.3632,1.0983,14.2872,16653700,83100,497600,0,1300,0
post_load_walking,0,16.6674,16.6671,2.1924,12512,586,818783208401,2.8549,0.9849,13.7960,16652100,81900,422400,0,1300,0
post_load_walking,0,16.6682,16.6649,2.5006,18904,586,818783375072,2.5068,1.4654,14.1423,16649100,92700,618100,0,1600,0
post_load_walking,0,16.6641,16.6700,2.2405,12512,585,818783541721,2.9717,1.4977,13.6822,16643700,89200,651200,0,1500,0
post_load_walking,0,16.6674,16.6696,2.5610,12512,585,818783708421,2.5287,1.0805,14.1235,16651900,78100,295500,0,1300,0
post_load_walking,0,16.6666,16.6675,2.1842,12512,535,818783875117,2.3619,1.1422,14.2875,16656800,79700,268600,0,1300,0
post_load_walking,0,16.6667,16.6607,2.1432,12512,536,818784041792,2.6307,0.8172,14.0133,16645700,86000,2267000,968000,1500,0
post_load_walking,0,16.6674,16.6672,2.5375,18904,538,818784208399,2.2275,0.7738,14.4246,16652500,81200,586800,0,1400,0
post_load_walking,0,16.6672,16.6728,2.2354,12512,532,818784375071,1.9777,1.0313,14.6793,16653900,82200,275400,0,1700,0
post_load_walking,0,16.6669,16.6607,2.3644,12512,533,818784541799,3.2496,1.5574,13.3963,16651400,79500,359400,0,1500,0
post_load_walking,0,16.6665,16.6663,2.1064,12512,533,818784708406,2.3659,0.9458,14.2868,16652600,77000,344400,0,1400,0
post_load_walking,0,16.6666,16.6682,2.1873,12436,533,818784875069,2.0686,0.9778,14.5855,16652300,70100,262500,0,1300,0
post_load_walking,0,16.6682,16.6663,2.4586,18828,533,818785041751,2.2717,1.0394,14.3798,16653600,70600,582200,0,1100,0
post_load_walking,0,16.6666,16.6672,2.0613,12436,529,818785208414,2.2259,0.7970,14.4268,16650200,70800,460200,0,1200,0
post_load_walking,0,16.6668,16.6671,2.4013,12436,534,818785375086,2.1441,0.8676,14.5084,16652300,77300,269900,0,1600,0
post_load_walking,0,16.6657,16.6698,2.2118,12436,526,818785541757,2.2563,1.5855,14.3974,16649700,70700,395400,0,1400,0
post_load_walking,0,16.6672,16.6647,2.2057,12436,526,818785708455,2.5235,0.8944,14.1269,16654000,67500,310900,0,1300,0
post_load_walking,0,16.6674,16.6670,2.4699,18828,528,818785875102,1.9770,0.8509,14.6754,16651900,66600,593200,0,1200,0
post_load_walking,0,16.6657,16.6649,2.1545,12436,528,818786041772,2.1927,1.3504,14.4572,16649800,73500,282300,0,1200,0
post_load_walking,0,16.6696,16.6682,2.4218,12436,527,818786208421,2.0223,1.0670,14.6318,16656400,73700,357200,0,1400,0
post_load_walking,0,16.6671,16.6684,2.1729,12436,524,818786375103,2.3878,1.0867,14.2644,16651000,75000,293000,0,1600,0
post_load_walking,0,16.6669,16.6642,2.0849,12436,529,818786541787,2.3931,0.9887,14.2569,16651500,72900,260100,0,1900,0
post_load_walking,0,16.6659,16.6714,2.3224,18828,529,818786708429,2.4265,0.9944,14.2301,16649300,70900,555900,0,1400,0
post_load_walking,0,16.6680,16.6667,2.1268,12436,512,818786875143,2.2054,0.8516,14.4458,16655800,70400,265800,0,1200,0
post_load_walking,0,16.6652,16.6670,2.3869,12436,509,818787041810,2.3704,1.0639,14.2813,16647300,88400,365700,0,1500,0
post_load_walking,0,16.6686,16.6641,2.0521,12436,513,818787208480,2.2807,0.8345,14.3687,16655000,70400,279900,0,1400,0
post_load_walking,0,16.6670,16.6710,2.0685,12436,513,818787375121,2.1949,0.8946,14.4613,16650100,81100,301700,0,1600,0
post_load_walking,0,16.6667,16.6619,2.4422,18828,513,818787541831,2.1311,1.2960,14.5164,16650900,73400,689300,0,1600,0
post_load_walking,0,16.6663,16.6710,2.0808,12436,365,818787708450,1.9239,0.9563,14.7312,16650800,74500,522000,0,1400,0
post_load_walking,0,16.6672,16.6657,2.7290,12436,360,818787875160,2.1863,1.6247,14.4639,16654000,75200,406800,0,1300,0
post_load_walking,0,16.6683,16.6664,2.2989,12436,360,818788041817,2.5599,1.1431,14.0911,16653500,74700,285800,0,1400,0
post_load_walking,0,16.6671,16.6654,2.4453,12436,356,818788208481,2.9111,1.0617,13.7399,16658500,80900,359900,0,1600,0
post_load_walking,0,16.6682,16.6689,2.4648,18828,352,818788375135,2.5170,1.3660,14.1371,16645100,85400,680400,0,1400,0
post_load_walking,0,16.6665,16.6686,2.3992,22276,352,818788541824,2.0936,1.5081,14.5599,16648300,82700,303300,0,1400,0
post_load_walking,0,16.6650,16.6749,2.5948,12436,327,818788708510,2.1131,1.7094,14.5456,16649700,77700,295300,0,1500,0
post_load_walking,0,16.6674,16.6620,2.3777,12436,326,818788875259,2.1427,1.3052,14.5026,16653400,74600,326500,0,1300,0
post_load_walking,0,16.6670,16.6642,2.2927,12436,327,818789041879,2.3600,0.8978,14.2885,16651700,75200,309000,0,1300,0
post_load_walking,0,16.6663,16.6644,2.8436,18828,327,818789208521,2.1222,1.2888,14.5275,16649400,70000,532300,0,1300,0
post_load_walking,0,16.6676,16.6691,2.2661,12436,326,818789375165,1.7971,0.7903,14.8565,16653800,75000,373100,0,1200,0
post_load_walking,0,16.6663,16.6662,2.6481,12436,324,818789541856,1.9141,1.1557,14.7376,16651000,69600,322500,0,1200,0
post_load_walking,0,16.6684,16.6639,2.3071,12436,324,818789708518,2.0585,1.5888,14.5911,16654400,71400,259900,0,1300,0
post_load_walking,0,16.6667,16.6698,2.2692,12436,323,818789875157,1.8032,1.3019,14.8508,16651300,90100,387900,0,1600,0
post_load_walking,0,16.6682,16.6658,2.2774,18828,324,818790041855,1.7628,0.7691,14.8882,16651300,87900,626000,0,1700,0
post_load_walking,0,16.6671,16.6696,2.3378,22792,317,818790208513,2.2193,1.4880,14.4352,16645800,82700,303200,0,1700,0
post_load_walking,0,16.6679,16.6689,3.0290,12436,261,818790375209,2.3462,1.1506,14.3053,16649600,126100,313700,0,1600,0
post_load_walking,0,16.6650,16.6712,1.8749,12436,256,818790541898,2.3312,1.6521,14.3203,16645300,83100,336300,0,1600,0
post_load_walking,0,16.6683,16.6642,1.8074,12436,256,818790708610,2.7640,0.7929,13.8819,16651900,75300,319400,0,1700,0
post_load_walking,0,16.6668,16.6694,2.0634,18828,253,818790875252,2.1325,0.7861,14.5172,16648100,79600,571400,0,1900,0
post_load_walking,0,16.6721,16.6631,1.7142,12436,251,818791041946,1.9499,0.8758,14.6956,16649500,82500,330200,0,1500,0
post_load_walking,0,16.6668,16.6704,1.9917,12436,248,818791208577,1.8966,1.0143,14.7554,16651600,82200,335800,0,1400,0
post_load_walking,0,16.6676,16.6669,1.7316,12436,248,818791375281,2.0612,1.3185,14.5871,16651600,86400,331000,0,1500,0
post_load_walking,0,16.6666,16.6682,1.8125,12436,248,818791541950,2.1359,0.8015,14.5139,16649700,81200,368700,0,1600,0
post_load_walking,0,16.6692,16.6673,2.0060,18828,241,818791708632,2.0462,0.7881,14.6056,16651300,80500,658400,0,1800,0
post_load_walking,0,16.6635,16.6690,1.6978,12436,242,818791875305,2.0365,0.9493,14.6152,16645500,74500,316700,0,1600,0
post_load_walking,0,16.6680,16.6667,2.0193,12436,240,818792041995,2.0734,0.9418,14.5763,16653400,77600,330800,0,1500,0
post_load_walking,0,16.6669,16.6674,1.7121,12436,241,818792208662,2.1411,0.7220,14.5104,16648800,82900,359600,0,1800,0
post_load_walking,0,16.6700,16.6624,1.7224,12436,238,818792375336,1.9780,0.7741,14.6677,16657600,84000,445300,0,1800,0
post_load_walking,0,16.6694,16.6703,1.7674,18828,238,818792541960,2.3011,1.0781,14.3525,16649500,78300,762000,0,2200,0
post_load_walking,0,16.6635,16.6653,1.6210,12436,233,818792708663,2.7546,0.8507,13.8944,16643400,83100,333400,0,1800,0
post_load_walking,0,16.6668,16.6758,1.9886,12436,233,818792875316,2.3681,0.8800,14.2897,16649300,79900,332500,0,1900,0
post_load_walking,0,16.6668,16.6678,1.7070,12436,233,818793042074,2.9483,0.9766,13.7013,16648400,78600,319000,0,1900,0
post_load_walking,0,16.6675,16.6604,1.6701,12436,234,818793208752,2.4728,0.8185,14.1708,16650000,80400,348700,0,1600,0
post_load_walking,0,16.6697,16.6679,1.9261,28668,234,818793375356,2.2896,0.7517,14.3599,16654100,86900,625900,0,1800,0
post_load_walking,0,16.6641,16.6662,1.6609,12436,190,818793542035,2.1655,0.8110,14.4831,16639800,88300,387800,0,1700,0
post_load_walking,0,16.6676,16.6677,1.9784,12436,189,818793708697,2.1208,1.2299,14.5294,16653200,75800,335300,0,1700,0
post_load_walking,0,16.6675,16.6752,1.6681,12436,189,818793875374,2.2480,0.8081,14.4063,16649300,89800,357000,0,1500,0
post_load_walking,0,16.6679,16.6570,1.6998,12436,188,818794042126,2.0290,0.8102,14.6111,16652500,79400,337000,0,1500,0
post_load_walking,0,16.6657,16.6704,1.9456,18828,188,818794208696,2.1387,0.9238,14.5145,16649600,84200,601900,0,1600,0
post_load_walking,0,16.6655,16.6658,1.7091,12436,156,818794375400,1.8646,0.6936,14.7848,16643600,97100,312300,0,2100,0
post_load_walking,0,16.6706,16.6706,1.9272,12436,156,818794542058,1.8706,0.9830,14.7821,16654200,79300,322400,0,1600,0
post_load_walking,0,16.6661,16.6688,1.6568,12436,153,818794708764,2.2725,0.6691,14.3772,16647800,89300,568800,0,1900,0
post_load_walking,0,16.6677,16.6603,1.6609,12436,154,818794875452,2.1068,0.7216,14.5370,16649100,81100,318800,0,1700,0
post_load_walking,0,16.6667,16.6730,1.9231,18828,154,818795042055,2.1593,1.3623,14.4951,16647700,84800,876600,0,1900,0
post_load_walking,0,16.6706,16.6667,1.5770,12436,154,818795208785,2.4668,0.6776,14.1811,16648700,84100,358200,0,2400,0
post_load_walking,0,16.6655,16.6680,1.9743,12436,154,818795375452,2.1818,1.2850,14.4674,16646300,98400,316900,0,2000,0
post_load_walking,0,16.6647,16.6688,1.6845,12436,156,818795542132,2.6275,0.8106,14.0205,16642500,91300,437800,0,1400,0
post_load_walking,0,16.6685,16.6679,1.6896,12436,152,818795708820,2.4732,0.7161,14.1756,16649100,78800,347000,0,1800,0
post_load_walking,0,16.6692,16.6679,1.6998,18828,151,818795875499,2.0317,1.3152,14.6150,16651800,88600,637300,0,1800,0
post_load_walking,0,16.6646,16.6626,1.7019,12436,151,818796042178,2.1483,0.9411,14.4944,16644300,89900,331800,0,1700,0
post_load_walking,0,16.6651,16.6676,1.9886,12436,144,818796208804,2.3610,1.0295,14.2883,16643700,82200,589100,0,1500,0
post_load_walking,0,16.6656,16.6723,1.6517,12436,142,818796375480,2.3646,0.8007,14.2875,16646600,90300,489300,0,1600,0
post_load_walking,0,16.6673,16.6630,1.6292,12436,141,818796542203,2.0086,1.3499,14.6360,16642200,77600,288700,0,1600,0
post_load_walking,0,16.7391,16.6626,1.9098,18828,142,818796708833,2.5921,0.9631,14.0519,16739900,69700,510600,0,1200,0
post_load_walking,0,16.6543,16.6671,1.6660,12436,140,818796875459,2.5815,0.6290,14.0653,16624800,66900,321500,0,1500,0
post_load_walking,0,16.6667,16.6606,1.8504,12436,135,818797042130,1.8937,0.9377,14.7487,16647500,68300,286900,0,1500,0
post_load_walking,0,16.6668,16.7584,1.6579,12436,135,818797208736,1.8328,0.9916,14.9075,16651700,65000,306400,0,1700,0
post_load_walking,0,16.6659,16.6394,1.6415,12436,135,818797376320,1.6287,0.6097,14.9963,16652400,73100,264500,0,1300,0
post_load_walking,0,16.6670,16.6618,1.9118,18828,133,818797542714,1.6912,1.0228,14.9565,16654000,66200,570100,0,1200,0
post_load_walking,0,16.6785,16.6659,1.6568,12436,135,818797709332,1.5319,0.5766,15.1200,16665300,69300,281200,0,1200,0
post_load_walking,0,16.7282,16.6659,1.5647,12436,135,818797875991,1.4284,1.0557,15.2242,16728200,69500,341900,0,1300,0
post_load_walking,0,16.6652,16.6682,1.6353,22868,135,818798042650,1.6866,0.6066,14.9676,16622500,78800,398200,0,1100,0
post_load_walking,0,16.6649,16.6789,1.6609,12512,116,818798209332,1.8780,1.4920,14.7875,16649600,77400,312600,0,1600,0
post_load_walking,0,16.6680,16.7555,1.6732,18904,116,818798376121,1.6062,1.4219,15.1224,16658600,82000,545500,0,1300,0
post_load_walking,0,16.7083,16.6377,1.6927,12512,116,818798543676,1.9472,0.8621,14.6754,16705100,81600,300500,0,1400,0
post_load_walking,0,16.7450,16.6632,1.6558,12512,114,818798710053,1.5098,0.6179,15.1399,16714400,78200,364300,0,1600,0
post_load_walking,0,16.6692,16.6723,1.6609,12512,112,818798876685,1.5336,0.6613,15.1250,16651000,81800,269600,0,1200,0
post_load_walking,0,16.6670,16.7206,1.6620,12512,112,818799043408,1.8794,0.9707,14.8258,16647300,78800,280700,0,1700,0
post_load_walking,0,16.6660,16.7337,2.0204,18904,112,818799210614,1.6937,0.5707,15.0209,16650500,77200,512200,0,1700,0
post_load_walking,0,16.6685,16.6714,1.6660,12512,112,818799377951,1.5932,0.5488,15.0576,16655000,78400,263000,0,1500,0
post_load_walking,0,16.6675,16.6615,1.6251,12512,112,818799544665,1.5795,0.6375,15.0680,16652900,82000,323200,0,1700,0
post_load_walking,0,16.6662,16.6655,1.6671,12512,112,818799711280,1.6736,0.5361,14.9770,16650000,83000,288300,0,1500,0
post_load_walking,0,16.6687,16.6689,1.7050,12512,111,818799877935,1.6699,0.7413,14.9852,16653300,79900,285000,0,1400,0
post_load_walking,0,16.6649,16.6687,1.9108,18904,112,818800044624,1.8544,0.6768,14.7988,16649700,81200,654900,0,1300,0
post_load_walking,0,16.6668,16.6657,1.7101,12512,113,818800211311,1.7680,0.5524,14.8821,16652300,82300,304600,0,1100,0
post_load_walking,0,16.6784,16.6685,1.9538,12512,114,818800377968,1.8141,1.1061,14.8393,16680700,84000,277400,0,1400,0
post_load_walking,0,16.6614,16.6641,2.0726,12512,114,818800544653,1.9271,0.6356,14.7228,16631900,79600,274700,0,1100,0
post_load_walking,0,16.6647,16.6665,1.7193,12512,114,818800711294,1.8215,0.5486,14.8310,16648600,78000,297700,0,1300,0
post_load_walking,0,16.6670,16.6948,2.0541,18904,114,818800877959,1.5899,0.6355,15.0910,16653300,82600,508500,0,1600,0
post_load_walking,0,16.6674,16.6467,1.6988,12512,114,818801044907,1.7648,0.5292,14.8672,16654200,153400,273300,0,1300,0
post_load_walking,0,16.6662,16.6622,2.0408,12512,112,818801211374,1.7410,0.6733,14.9077,16652100,79200,288300,0,1300,0
post_load_walking,0,16.6688,16.6674,1.9354,12512,114,818801377996,1.9082,0.5506,14.7452,16656700,83500,266900,0,1400,0
post_load_walking,0,16.7581,16.6677,1.7224,12512,114,818801544670,1.9867,0.5321,14.6675,16740600,80900,415100,0,1600,0
post_load_walking,0,16.6300,16.6661,2.0408,18904,114,818801711347,1.6880,0.5343,14.9643,16617700,77100,2154600,756700,7300,0
post_load_walking,0,16.6688,16.6710,1.7500,12512,107,818801878008,1.4630,1.3513,15.1938,16657000,116000,299700,0,1700,0
post_load_walking,0,16.6674,16.7551,1.9333,12512,107,818802044718,1.5181,0.7004,15.2227,16651800,79900,252700,0,1200,0
post_load_walking,0,16.6661,16.6302,1.9671,12512,105,818802212269,2.4812,0.5367,14.1366,16651400,80200,261800,0,1300,0
post_load_walking,0,16.6663,16.6710,1.6947,12512,105,818802378571,1.9982,0.5025,14.6589,16651400,90400,424400,0,2200,0
post_load_walking,0,16.6670,16.6669,2.0460,18904,106,818802545281,1.5625,0.5497,15.0895,16648200,87300,652800,0,1600,0
post_load_walking,0,16.6657,16.6666,1.6333,12512,106,818802711950,1.7053,0.7360,14.9463,16648700,84700,378100,0,1300,0
post_load_walking,0,16.6684,16.6677,2.0009,12512,106,818802878616,1.9311,0.8143,14.7205,16657400,78800,258800,0,1200,0
post_load_walking,0,16.6740,16.6650,1.9753,12512,106,818803045293,2.4869,0.6931,14.1614,16661300,82300,296900,0,1400,0
post_load_walking,0,16.6611,16.6632,1.7541,12512,104,818803211943,1.8702,0.4911,14.7786,16641500,95200,283700,0,1700,0
post_load_walking,0,16.6660,16.6714,1.9784,18904,104,818803378575,1.5936,0.7175,15.0639,16649600,92200,653000,0,1600,0
post_load_walking,0,16.6657,16.6773,1.7900,12512,104,818803545289,1.8303,0.6177,14.8314,16645600,90400,342500,0,1400,0
post_load_walking,0,16.6682,16.6588,1.9507,12512,104,818803712062,1.9132,0.6997,14.7284,16653800,94400,261300,0,1300,0
post_load_walking,0,16.7134,16.6653,1.7797,12512,104,818803878650,1.8877,0.9510,14.7621,16702300,76900,253000,0,1200,0
post_load_walking,0,16.6644,16.6632,1.7336,12512,104,818804045303,2.0053,0.5296,14.6405,16645100,86400,495800,0,1700,0
post_load_walking,0,16.6649,16.6682,1.9999,29260,104,818804211935,1.6077,0.4918,15.0462,16649000,115400,602900,0,1700,0
post_load_walking,0,16.6666,16.7194,1.7777,12512,330,818804378617,1.4651,0.7703,15.2374,16650400,85300,303300,0,1700,0
post_load_walking,0,16.6656,16.6616,1.7060,12512,327,818804545811,1.9489,3.9057,14.6964,16650200,86900,296600,0,1400,0
post_load_walking,0,16.6807,16.6641,1.6599,12512,327,818804712427,2.6186,3.4039,14.0307,16669000,82700,262800,0,1100,0
post_load_walking,0,16.6545,16.6652,1.6548,12512,328,818804879068,1.9607,0.6582,14.6899,16638600,87500,291500,0,1300,0
post_load_walking,0,16.6674,16.6638,2.0296,18904,325,818805045720,1.7409,0.6436,14.9094,16652100,85500,549900,0,1200,0
post_load_walking,0,16.6670,16.6831,1.6845,12512,322,818805212358,1.6015,0.6919,15.0676,16654900,75400,379600,0,1200,0
post_load_walking,0,16.6676,16.6536,1.9579,12512,325,818805379189,1.8810,0.6946,14.7578,16658300,82500,258400,0,1200,0
post_load_walking,0,16.6670,16.6655,1.6906,12512,323,818805545725,1.9318,0.9977,14.7205,16649600,85700,406100,0,1400,0
post_load_walking,0,16.6669,16.6669,1.7654,12512,325,818805712380,2.0030,0.7494,14.6520,16654700,103600,263200,0,1100,0
post_load_walking,0,16.6681,16.6720,1.7940,18904,326,818805879049,1.6013,0.7128,15.0573,16655300,77700,528500,0,1200,0
post_load_walking,0,16.6680,16.6639,1.6620,12512,324,818806045769,1.8109,0.6938,14.8388,16654400,76500,279100,0,1300,0
post_load_walking,0,16.6644,16.6670,2.0204,12512,326,818806212408,1.6741,0.7526,14.9808,16647100,79000,273800,0,1200,0
post_load_walking,0,16.6696,16.6689,1.7172,12512,326,818806379078,1.8439,0.8196,14.8115,16660900,77100,424500,0,1400,0
post_load_walking,0,16.6740,16.6686,1.7234,12512,327,818806545767,1.9293,0.8338,14.7252,16654200,97700,252200,0,1100,0
post_load_walking,0,16.6672,16.6612,1.7664,18904,325,818806712453,1.6803,1.7085,14.9671,16651300,83500,530100,0,1100,0
post_load_walking,0,16.6659,16.6756,1.7050,22868,324,818806879065,1.4731,0.9741,15.1880,16652200,98200,243900,0,1400,0
post_load_walking,0,16.6664,16.6710,2.0367,12512,630,818807045821,1.7308,0.7259,14.9236,16657000,85800,258100,0,1400,0
post_load_walking,0,16.6670,16.6669,1.9343,12512,627,818807212531,1.8218,7.6065,14.8297,16648900,86100,256100,0,1200,0
post_load_walking,0,16.6828,16.6659,1.9087,12512,630,818807379200,2.4413,7.3771,14.2111,16674500,80600,251100,0,1500,0
post_load_walking,0,16.6521,16.6706,1.9476,18904,630,818807545859,2.0331,0.8653,14.6240,16630600,92500,639200,0,1900,0
post_load_walking,0,16.7730,16.6625,2.0306,12512,630,818807712565,1.9732,0.8883,14.6758,16750800,83500,277100,0,1500,0
post_load_walking,0,16.6836,16.6906,2.3142,12512,628,818807879190,2.1660,0.9797,14.5087,16667300,76300,423000,0,1500,0
post_load_walking,0,16.6664,16.6491,1.9558,12512,629,818808046096,2.4945,0.9074,14.1363,16652400,77500,266200,0,1300,0
post_load_walking,0,16.6675,16.7704,1.9784,12512,631,818808212587,2.3675,0.9533,14.3833,16653400,76100,266200,0,1200,0
post_load_walking,0,16.6673,16.6810,2.0480,18904,631,818808380291,2.2947,1.0502,14.3726,16654900,90200,509100,0,1700,0
post_load_walking,0,16.8712,16.6671,2.0941,12512,629,818808547101,2.4166,0.7889,14.2360,16756200,84000,277700,0,1700,0
post_load_walking,0,16.6629,16.6666,2.2538,12512,630,818808713772,2.2688,1.0007,14.3846,16639900,87400,305900,0,1400,0
post_load_walking,0,16.6710,16.7745,2.0920,12512,631,818808880438,2.2820,1.0086,14.3731,16658500,78700,293900,0,1200,0
post_load_walking,0,16.6654,16.7728,2.0316,12512,630,818809048183,2.2304,0.9244,14.5261,16647500,78400,285700,0,1300,0
post_load_walking,0,16.6659,16.6546,2.0152,18904,632,818809215911,2.1835,0.9217,14.4565,16650600,78300,517800,0,1400,0
post_load_walking,0,16.6681,16.6737,1.9599,12512,630,818809382457,1.8892,0.7630,14.7695,16656800,75000,270600,0,1100,0
post_load_walking,0,16.6677,16.6633,2.3757,12512,633,818809549194,1.9007,1.0566,14.7470,16655200,84000,262600,0,1500,0
post_load_walking,0,16.6676,16.6645,2.1207,12512,630,818809715827,2.0343,0.7648,14.6165,16649200,100000,714500,0,1900,0
post_load_walking,0,16.8115,16.6711,2.0050,12512,626,818809882472,1.9611,0.9356,14.6957,16852100,92600,772100,0,1700,0
post_load_walking,0,16.6650,16.6712,2.0347,18904,620,818810049183,1.8741,1.4310,14.7813,16587700,91800,638500,0,1800,0
post_load_walking,0,16.6681,16.6681,2.0511,12512,622,818810215895,3.3404,1.1506,13.3091,16653100,90900,305900,0,1600,0
post_load_walking,0,16.6676,16.8703,2.0244,12512,623,818810382576,3.1840,1.1820,13.6683,16650400,88700,469300,0,1600,0
post_load_walking,0,16.6660,16.6037,2.1279,12512,620,818810551279,2.6594,0.8870,13.9284,16650500,89000,347000,0,1700,0
post_load_walking,0,16.6658,16.6693,2.3419,12512,618,818810717316,2.3029,1.5568,14.3504,16648600,91200,369700,0,1700,0
post_load_walking,0,16.6664,16.6662,2.1043,18904,618,818810884009,2.3398,1.2182,14.3108,16648800,84400,964000,0,1700,0
post_load_walking,0,16.6668,16.6668,2.0931,12512,617,818811050671,2.4752,1.5391,14.1755,16652500,80900,293100,0,1600,0
post_load_walking,0,16.6731,16.6649,2.0859,12512,616,818811217339,2.1620,1.3420,14.4867,16658600,81800,277700,0,1500,0
post_load_walking,0,16.6636,16.6640,2.0296,12512,616,818811383988,2.6060,1.1638,14.0430,16646800,80800,473400,0,1300,0
post_load_walking,0,16.6663,16.6670,2.0234,12512,616,818811550628,2.1115,0.8173,14.5412,16652000,91800,279100,0,1700,0
post_load_walking,0,16.6663,16.6757,2.0675,18904,613,818811717298,2.0204,0.8831,14.6384,16647400,94000,872000,0,1900,0
post_load_walking,0,16.6665,16.6628,2.0562,12512,606,818811884055,2.1799,0.9392,14.4671,16649600,94900,344100,0,1900,0
post_load_walking,0,16.6668,16.6691,2.2211,12512,606,818812050683,1.9546,1.4476,14.6975,16649700,91000,307300,0,1700,0
post_load_walking,0,16.6692,16.6648,2.1043,12512,600,818812217374,3.1019,1.1874,13.5457,16654400,86000,314700,0,1700,0
post_load_walking,0,16.6673,16.6653,2.4340,12512,595,818812384022,2.9838,0.9235,13.6659,16650300,98900,380500,0,1700,0
post_load_walking,0,16.6659,16.6658,2.0398,18904,596,818812550675,2.4404,0.9799,14.2095,16650800,92900,712100,0,1800,0
post_load_walking,0,16.6663,16.6709,2.0101,12512,590,818812717333,2.5359,0.9736,14.1186,16650600,83800,357000,0,1700,0
post_load_walking,0,16.6683,16.6666,1.9968,12512,589,818812884042,2.4942,1.0261,14.1564,16650900,87600,447200,0,1400,0
post_load_walking,0,16.6651,16.6656,2.0460,12512,593,818813050708,2.9710,0.9623,13.6800,16648700,91200,309600,0,1500,0
post_load_walking,0,16.6668,16.6663,2.3951,12512,593,818813217364,2.6355,0.9680,14.0154,16652600,87900,322800,0,1600,0
post_load_walking,0,16.7084,16.6683,2.0818,18904,590,818813384027,2.6216,1.2207,14.0294,16693500,86200,575800,0,1300,0
post_load_walking,0,16.6656,16.6642,2.1258,12512,592,818813550710,3.1314,0.9698,13.5174,16645600,96600,309800,0,2000,0
post_load_walking,0,16.6697,16.6679,2.1217,12512,589,818813717352,2.5866,1.0877,14.0661,16655200,121100,411600,0,1600,0
post_load_walking,0,16.6659,16.7121,2.0859,12512,591,818813884031,2.8303,0.9417,13.8634,16647300,89800,304600,0,1600,0
post_load_walking,0,16.6654,16.6612,2.3204,12512,587,818814051152,2.6280,1.1714,14.0177,16644900,84600,278400,0,1400,0
post_load_walking,0,16.6683,16.6722,2.1545,18904,585,818814217764,2.6984,0.9364,13.9569,16655600,104100,1131300,0,1500,0
post_load_walking,0,16.6642,16.6654,2.1340,12512,586,818814384486,2.6567,0.9689,13.9908,16642100,83600,313900,0,1600,0
post_load_walking,0,16.6706,16.6619,2.1115,12512,586,818814551140,2.7454,1.1337,13.8997,16656200,90100,334800,0,1800,0
post_load_walking,0,16.6658,16.6749,2.0224,12512,586,818814717759,2.9428,1.0608,13.7130,16646900,85400,305800,0,1500,0
post_load_walking,0,16.6670,16.6581,2.4678,12512,581,818814884508,2.7239,1.1196,13.9182,16646600,88300,299400,0,1800,0
post_load_walking,0,17.5626,16.6732,2.1565,18904,580,818815051089,2.4535,1.3813,14.2029,17546700,84600,552700,0,1500,0
post_load_walking,0,16.7267,16.6671,2.0992,12512,586,818815217821,3.0588,1.1359,13.5882,16688400,89800,300500,0,1800,0
post_load_walking,0,16.6686,16.6653,2.3624,12512,585,818815384492,2.5518,0.9812,14.0949,16646200,89500,361200,0,1900,0
post_load_walking,0,16.6648,17.5650,2.1924,12512,585,818815551145,2.4965,0.9865,15.0503,16643300,90700,273000,0,1800,0
post_load_walking,0,16.6685,16.7292,2.2118,12512,586,818815726795,2.6081,1.5979,14.0804,16654300,82400,271000,0,1300,0
post_load_walking,0,16.6663,16.6650,2.1361,18904,586,818815894087,2.5278,0.9469,14.1186,16650700,85100,549100,0,1800,0
post_load_walking,0,16.6657,16.6614,2.1289,12512,586,818816060737,2.4926,0.9201,14.1509,16649500,88100,285900,0,1700,0
post_load_walking,0,16.6703,16.6694,2.2610,12512,586,818816227351,2.3751,0.9917,14.2793,16656300,83800,316200,0,1000,0
post_load_walking,0,16.6667,16.6673,2.2374,12512,586,818816394045,2.5569,1.0440,14.0940,16652800,87400,323100,0,1200,0
post_load_walking,0,16.6675,16.6633,2.4986,12512,586,818816560718,1.9993,1.3884,14.6504,16653100,84900,264700,0,1300,0
post_load_walking,0,16.6746,16.6710,2.1688,18904,583,818816727351,1.9139,1.4160,14.7426,16656500,79400,687000,0,1100,0
post_load_walking,0,16.6582,16.6674,2.2538,12512,586,818816894061,2.0353,0.8266,14.6177,16639400,82300,266300,0,1700,0
post_load_walking,0,16.6660,16.6676,2.2764,12512,538,818817060735,1.8648,1.6141,14.7885,16652100,81200,279000,0,1100,0
post_load_walking,0,16.6714,16.6745,2.0838,12512,537,818817227411,2.1966,0.8549,14.4601,16662300,77100,266400,0,1300,0
post_load_walking,0,16.6642,16.6547,2.3788,12512,537,818817394156,1.9227,0.9121,14.7167,16646500,83000,332600,0,1500,0
post_load_walking,0,16.6667,16.6659,2.1555,18904,533,818817560703,1.9645,0.8460,14.6876,16649000,88100,663300,0,2000,0
post_load_walking,0,16.6666,16.6781,2.4320,12512,533,818817727362,2.0069,1.4559,14.6555,16652600,78800,313000,0,1500,0
post_load_walking,0,16.6679,16.6631,2.0378,12512,533,818817894143,1.9726,1.6519,14.6740,16652800,87000,279700,0,1400,0
post_load_walking,0,16.6662,16.6637,2.0255,12512,533,818818060774,2.0904,1.3330,14.5587,16651600,81300,368500,0,1400,0
post_load_walking,0,16.6669,16.6671,2.4279,12436,533,818818227411,1.8673,0.9457,14.7854,16647600,70700,268000,0,1400,0
post_load_walking,0,16.6682,16.6672,2.1760,18828,532,818818394082,2.2033,1.3467,14.4497,16654600,65900,486800,0,1200,0
post_load_walking,0,16.6655,16.6698,2.0357,12436,533,818818560754,2.3512,0.9185,14.3004,16649300,70600,278400,0,1400,0
post_load_walking,0,16.6709,16.6618,2.0388,12436,536,818818727452,2.2758,1.0283,14.3720,16768300,69900,287600,0,1400,0
post_load_walking,0,16.6624,16.6700,2.1391,12436,527,818818894070,1.9819,0.8474,14.6729,16530900,81600,292700,0,1600,0
post_load_walking,0,16.6674,16.6652,2.4310,41290,528,818819060770,1.7732,0.9808,14.8763,16653100,84700,606300,0,1400,0
post_load_walking,0,16.6676,16.7866,2.1647,18828,525,818819227422,2.2131,0.8994,14.5553,16655900,69100,2382500,855300,47600,0
post_load_walking,0,16.6663,16.5454,2.0398,12436,527,818819395288,2.1826,0.9562,14.3486,16650100,67800,316600,0,26200,0
post_load_walking,0,16.6678,16.6670,2.1996,12436,522,818819560742,2.1038,1.1254,14.5495,16653300,72200,303900,0,1500,0
post_load_walking,0,16.6654,16.6698,2.1012,12436,523,818819727412,3.0618,0.8423,13.5944,16650500,66700,249700,0,1200,0
post_load_walking,0,16.6686,16.6653,2.3142,12436,529,818819894110,2.3290,0.8668,14.3213,16657000,63100,250100,0,1200,0
post_load_walking,0,16.6664,16.6665,1.9876,18828,519,818820060763,2.1611,1.0288,14.4923,16650700,67400,522100,0,1300,0
post_load_walking,0,16.6658,16.6639,2.4125,12436,510,818820227428,1.9818,0.7632,14.6688,16652200,63700,243300,0,1100,0
post_load_walking,0,16.6682,16.6710,2.1187,12436,513,818820394067,2.1011,1.0219,14.5560,16657300,68000,262700,0,1500,0
post_load_walking,0,16.6702,16.6658,1.9866,12436,514,818820560777,2.2156,0.9311,14.4353,16658700,81600,330000,0,1500,0
post_load_walking,0,16.6636,16.6647,2.2835,12436,513,818820727435,2.0584,1.0193,14.5938,16639300,87200,420800,0,3600,0
post_load_walking,0,16.6678,16.6724,2.0961,18828,513,818820894082,2.1617,0.9801,14.4957,16656000,71800,575200,0,1400,0
post_load_walking,0,16.6670,16.6751,2.3532,12436,364,818821060806,2.3120,1.3225,14.3468,16651100,79000,300800,0,1400,0
post_load_walking,0,16.6662,16.6554,2.2989,12436,360,818821227557,3.2507,1.0749,13.3887,16649700,82400,369400,0,1400,0
post_load_walking,0,16.6691,16.6712,2.2958,12436,359,818821394111,2.4655,0.9872,14.1907,16657000,72900,383700,0,1200,0
post_load_walking,0,16.6737,16.6666,2.6409,12436,356,818821560823,2.2732,1.0467,14.3780,16654600,85800,307000,0,1600,0
post_load_walking,0,16.6618,16.6632,2.3869,18828,352,818821727489,2.4988,1.1014,14.1511,16653400,69800,522900,0,1200,0
post_load_walking,0,16.6665,16.6724,2.5969,22276,351,818821894121,2.6764,1.2922,13.9809,16646500,81600,281000,0,1600,0
post_load_walking,0,16.6657,16.6701,2.1555,12436,327,818822060845,2.4129,1.0379,14.2418,16650600,73900,271900,0,1400,0
post_load_walking,0,16.6665,16.6693,2.2938,12436,325,818822227546,2.0031,0.8235,14.6506,16651000,76600,316800,0,1500,0
post_load_walking,0,16.6689,16.6616,2.5385,12436,327,818822394239,2.4462,0.7420,14.2005,16656500,71200,277100,0,1100,0
post_load_walking,0,16.6666,16.6656,2.2589,18828,327,818822560855,1.8744,1.2787,14.7764,16649900,82500,631400,0,1800,0
post_load_walking,0,16.6661,16.6662,2.1719,12436,327,818822727511,1.8472,0.8458,14.8039,16648300,80300,377500,0,1300,0
post_load_walking,0,16.6788,16.6718,2.2784,12436,324,818822894173,1.9144,1.1227,14.7423,16753400,78700,288300,0,1500,0
post_load_walking,0,16.6552,16.6674,2.3183,12436,324,818823060891,2.4166,1.0006,14.2337,16548200,80700,292500,0,1400,0
post_load_walking,0,16.6671,16.6638,2.5190,12436,324,818823227565,2.1403,0.8315,14.5081,16653200,70900,260500,0,1100,0
post_load_walking,0,16.6699,16.7690,2.2856,18828,324,818823394203,2.0934,0.8849,14.6602,16656900,72800,503200,0,1200,0
post_load_walking,0,16.6658,16.5627,2.3409,22792,316,818823561893,2.1238,0.8267,14.4245,16648000,77400,281300,0,1400,0
post_load_walking,0,16.6667,16.6674,2.2303,12436,261,818823727520,1.8626,1.2039,14.7907,16649600,68000,274700,0,1400,0
post_load_walking,0,16.6680,16.6730,1.8688,12436,257,818823894194,2.0479,1.4718,14.6092,16653500,74600,305400,0,1800,0
post_load_walking,0,16.6704,16.6630,2.0716,12436,256,818824060924,2.1321,0.6686,14.5161,16658000,73600,364900,0,1400,0
post_load_walking,0,16.6628,16.6682,1.7367,18828,252,818824227554,1.8284,0.9027,14.8213,16638200,90300,592200,0,1400,0
post_load_walking,0,16.6661,16.6699,1.7961,12436,250,818824394236,2.1034,0.8015,14.5503,16650200,73400,287300,0,1500,0
post_load_walking,0,16.6688,16.6767,1.7562,12436,248,818824560935,2.0692,0.8703,14.5890,16652300,79900,280400,0,1500,0
post_load_walking,0,16.6651,16.6555,1.6548,12436,248,818824727702,2.1191,0.6858,14.5192,16647900,76300,304000,0,1500,0
post_load_walking,0,16.6696,16.6661,2.0388,12436,248,818824894257,1.8783,0.6317,14.7721,16658000,72700,263500,0,1300,0
post_load_walking,0,16.6655,16.6679,1.7930,18828,242,818825060918,1.6541,0.7716,14.9984,16648200,71800,664800,0,1300,0
post_load_walking,0,16.6663,16.6641,1.7900,12436,243,818825227597,2.0910,0.6350,14.5571,16643100,71200,254900,0,1300,0
post_load_walking,0,16.6687,16.6800,1.7787,12436,241,818825394238,1.7105,0.7975,14.9477,16653500,72400,258200,0,1100,0
post_load_walking,0,16.6646,16.6643,1.7992,12436,241,818825561038,2.0852,0.6005,14.5631,16647400,76800,260200,0,1600,0
post_load_walking,0,16.6697,16.6584,2.0562,12436,238,818825727681,1.8554,0.6242,14.7879,16656200,70400,265000,0,1300,0
post_load_walking,0,16.6649,16.6697,1.7695,18828,238,818825894265,1.8323,0.6853,14.8215,16646700,72600,1351100,0,1800,0
post_load_walking,0,16.6655,16.6620,1.7193,12436,233,818826060962,2.0153,0.6307,14.6323,16650800,70100,269700,0,1700,0
post_load_walking,0,16.6658,16.6728,1.7551,12436,233,818826227582,1.9023,0.9742,14.7540,16649700,72200,422800,0,1600,0
post_load_walking,0,16.6686,16.6628,1.6630,12436,234,818826394310,2.6742,0.6464,13.9726,16655200,76900,307900,0,1500,0
post_load_walking,0,16.6674,16.6650,1.9937,12436,234,818826560938,2.1043,0.7680,14.5468,16653600,70200,299300,0,1200,0
post_load_walking,0,16.6680,16.6642,1.7183,28668,234,818826727588,2.1123,1.0639,14.5376,16654000,73400,502600,0,1400,0
post_load_walking,0,16.6666,16.6691,1.6435,12436,190,818826894230,1.9099,1.0121,14.7454,16650500,75800,276300,0,1300,0
post_load_walking,0,16.6651,16.6680,1.6865,12436,189,818827060921,1.5631,0.7538,15.0906,16650600,68600,256300,0,1600,0
post_load_walking,0,16.6687,16.6704,1.6845,12436,188,818827227601,2.4239,0.6804,14.2303,16655600,71000,254800,0,1400,0
post_load_walking,0,16.6653,16.6638,2.0193,12436,188,818827394305,1.7908,0.5816,14.8599,16647900,70400,281900,0,1300,0
post_load_walking,0,16.6683,16.6653,1.7009,18828,188,818827560943,1.6043,0.5428,15.0465,16654400,71700,619100,0,1300,0
post_load_walking,0,16.6651,16.6706,1.7050,12436,156,818827727596,1.6778,0.5975,14.9779,16651000,66000,250200,0,1900,0
post_load_walking,0,16.6695,16.6623,1.6067,12436,156,818827894302,1.6522,1.1587,14.9959,16657500,70100,244400,0,1100,0
post_load_walking,0,16.6659,16.6684,1.6937,12436,154,818828060925,1.5366,0.6769,15.1180,16650100,76000,273900,0,1300,0
post_load_walking,0,16.6674,16.6646,1.8924,12436,154,818828227609,1.9562,0.8233,14.6948,16652100,99800,268900,0,1600,0
post_load_walking,0,16.6661,16.6719,1.6947,18828,154,818828394255,1.7127,0.6575,14.9449,16651000,70500,547900,0,1200,0
post_load_walking,0,16.6673,16.6655,1.6599,12436,154,818828560974,1.8572,0.5893,14.7933,16650300,75800,262700,0,1600,0
post_load_walking,0,16.6679,16.6674,1.6947,12436,154,818828727629,1.8088,0.9113,14.8435,16656800,72100,266500,0,1200,0
post_load_walking,0,16.6673,16.6671,1.6845,12436,156,818828894303,1.8248,0.5595,14.8265,16655800,75300,323500,0,1700,0
post_load_walking,0,16.6649,16.6648,1.9692,12436,153,818829060974,1.4695,0.5909,15.1810,16641400,68400,281000,0,1500,0
post_load_walking,0,16.6665,16.6722,1.6753,18828,151,818829227622,1.6525,0.9670,15.0045,16654700,64700,670100,0,1200,0
post_load_walking,0,16.6690,16.6715,1.6906,12436,151,818829394344,1.7981,0.5861,14.8578,16656200,67700,341300,0,1100,0
post_load_walking,0,16.6653,16.6553,1.6671,12436,144,818829561059,1.6080,1.1545,15.0336,16650200,75100,260600,0,1500,0
post_load_walking,0,16.6669,16.6686,1.6835,12436,142,818829727612,1.8205,0.6612,14.8345,16650900,66000,248100,0,1000,0
post_load_walking,0,16.6679,16.6707,1.9988,12436,142,818829894298,1.7114,0.6135,14.9449,16656200,69200,253100,0,1400,0
post_load_walking,0,16.6679,16.6637,1.6599,18828,142,818830061005,1.5753,0.8126,15.0750,16652500,71200,506900,0,1500,0
post_load_walking,0,16.6662,16.6652,1.6527,12436,140,818830227642,1.5945,0.6506,15.0566,16651800,70200,280500,0,1400,0
post_load_walking,0,16.6669,16.6705,1.6435,12436,135,818830394294,1.6586,0.9247,14.9977,16649900,70500,359400,0,1400,0
post_load_walking,0,16.6667,16.6673,1.6579,12436,135,818830560999,1.7461,0.5879,14.9065,16652600,100200,380400,0,1600,0
post_load_walking,0,16.8377,16.6672,1.9968,12436,134,818830727672,1.5939,0.5929,15.0580,16832600,70800,272000,0,1500,0
post_load_walking,0,16.6614,16.6650,1.6497,18828,135,818830894344,1.6489,0.8057,15.0010,16643900,68900,890800,0,1400,0
post_load_walking,0,16.6634,16.6673,1.6722,12436,135,818831060994,1.8834,0.6664,14.7694,16635000,75600,306300,0,1600,0
post_load_walking,0,16.6675,16.8469,2.0193,12436,135,818831227667,1.8321,0.8063,15.0006,16654700,72000,344200,0,1400,0
post_load_walking,0,16.6670,16.6645,1.5995,24948,135,818831396136,2.5210,0.6822,14.1231,16649200,91000,279600,0,1500,0
post_load_walking,0,16.6662,16.6519,1.9190,12512,116,818831562781,2.0404,1.0392,14.5947,16650000,87200,342700,0,1500,0
post_load_walking,0,16.6681,16.6705,1.5401,18904,116,818831729300,1.8150,1.3164,14.8399,16653400,81300,638400,0,1500,0
post_load_walking,0,16.6670,16.6652,1.5964,12512,116,818831896005,2.3859,0.6297,14.2635,16651000,85700,293000,0,1700,0
post_load_walking,0,16.6694,16.6653,1.6364,12512,114,818832062657,1.7969,0.7665,14.8534,16654800,90700,485600,0,1500,0
post_load_walking,0,16.6653,16.6690,1.6159,12512,112,818832229310,1.9780,0.5630,14.6755,16636600,96300,377900,0,1500,0
post_load_walking,0,16.6657,16.6682,1.8954,12512,112,818832396000,1.8473,0.7053,14.8039,16645800,83600,288100,0,1500,0
post_load_walking,0,16.6669,16.6771,1.6118,18904,112,818832562682,2.0558,1.0135,14.5991,16651900,87500,550600,0,1500,0
post_load_walking,0,16.6649,16.6592,1.5933,12512,112,818832729453,2.1434,0.5714,14.4933,16646500,84000,333600,0,1500,0
post_load_walking,0,16.6677,16.6617,1.9507,12512,112,818832896045,1.6905,0.7494,14.9555,16655400,80000,361800,0,1400,0
post_load_walking,0,16.6676,16.6687,1.5985,12512,112,818833062662,1.6306,0.9400,15.0214,16649800,87000,276000,0,1400,0
post_load_walking,0,16.6687,16.6617,1.6036,12512,112,818833229349,2.0550,0.5681,14.5917,16653500,81100,283500,0,1600,0
post_load_walking,0,16.6649,16.6720,1.6579,18904,112,818833395966,1.6429,0.5600,15.0127,16648300,88300,663500,0,1600,0
post_load_walking,0,16.6666,16.6655,1.7326,12512,113,818833562686,1.7639,0.5418,14.8860,16648000,90300,299200,0,1700,0
post_load_walking,0,16.6668,16.6700,1.5944,12512,114,818833729341,1.8726,1.1695,14.7810,16650500,93800,348800,0,1600,0
post_load_walking,0,16.6708,16.6646,1.6763,12512,114,818833896041,2.1694,0.5624,14.4790,16665000,79600,258700,0,1300,0
post_load_walking,0,16.6767,16.6657,2.0091,12512,111,818834062687,1.8884,0.6786,14.7598,23823400,86900,330700,0,1500,0
post_load_walking,0,16.7194,16.6665,1.7306,18904,114,818834229344,2.0958,0.4987,14.5550,9526100,111700,887900,0,3000,0
post_load_walking,0,16.6654,16.6808,1.6097,12512,114,818834396009,1.7403,0.6533,14.9248,21409800,111900,488200,0,2600,0
post_load_walking,0,16.6654,23.8459,1.7388,12512,114,818834562817,9.0890,1.4771,14.7350,11875900,103900,615800,0,2000,0
post_load_walking,0,16.6701,9.5475,1.6282,12512,114,818834801276,2.9735,1.1631,6.5527,16655700,89100,307200,0,1600,0
post_load_walking,0,16.6653,21.4304,1.6466,12512,114,818834896751,7.2597,1.2469,14.1504,16631900,119800,370900,0,2500,0
post_load_walking,0,16.6673,11.8983,1.6906,18904,114,818835111055,2.0682,0.5669,9.8079,16650700,86800,732800,0,1400,0
post_load_walking,0,16.6655,16.6790,1.6415,12512,107,818835230038,1.8206,1.0456,14.8355,16648300,84100,320100,0,1400,0
post_load_walking,0,16.6685,16.6523,1.7224,12512,106,818835396828,1.8801,0.6759,14.7519,16655600,81000,309800,0,1600,0
post_load_walking,0,16.6658,16.6672,1.7480,12512,106,818835563351,1.9228,0.8671,14.7280,16648000,110900,266600,0,2100,0
post_load_walking,0,16.6666,16.6633,1.9722,12512,106,818835730023,1.4774,0.8145,15.1710,16650600,80900,318600,0,1300,0
post_load_walking,0,16.6679,16.6719,1.7265,18904,106,818835896656,1.5634,0.5398,15.0923,16651700,85400,542900,0,1600,0
post_load_walking,0,16.6679,16.6633,1.7080,12512,106,818836063375,1.6308,0.8882,15.0175,16651500,89800,277700,0,1500,0
post_load_walking,0,16.6648,16.6677,1.6599,12512,106,818836230008,1.6062,0.9033,15.0446,16648000,86500,280400,0,1400,0
post_load_walking,0,16.9028,16.6676,1.7070,12512,106,818836396685,1.7792,0.5822,14.8726,16887400,86000,270100,0,1500,0
post_load_walking,0,16.6664,16.6675,2.0214,12512,104,818836563361,1.6087,0.6554,15.0430,16649500,88700,270100,0,53500,0
post_load_walking,0,16.6672,16.6638,1.6886,18904,104,818836730036,1.8371,0.5132,14.8111,16654800,80800,536900,0,1500,0
post_load_walking,0,16.6664,16.9037,1.7889,12512,104,818836896674,1.6032,0.5352,15.2845,16651100,83400,2269900,857800,1400,0
post_load_walking,0,16.6684,16.6639,1.7551,12512,104,818837065711,1.5954,0.6471,15.0543,16653700,90300,281700,0,1400,0
post_load_walking,0,16.6668,16.6693,1.7940,12512,104,818837232350,1.7396,0.6754,14.9153,16651000,86700,278500,0,1500,0
post_load_walking,0,16.6680,16.6659,1.9732,12512,104,818837399043,2.7038,0.5329,13.9475,16652300,88200,265500,0,1500,0
post_load_walking,0,16.6672,16.6690,2.1402,29260,104,818837565702,1.7604,0.7161,14.8934,16650800,86900,532600,0,1400,0
post_load_walking,0,16.6667,16.6675,1.6988,12512,331,818837732392,1.9499,0.5369,14.7013,16652000,86500,310900,0,1800,0
post_load_walking,0,16.6674,16.6684,1.7234,12512,327,818837899067,1.7365,3.6683,14.9160,16650400,81800,285700,0,1500,0
post_load_walking,0,16.6661,16.6664,2.0306,12512,328,818838065751,2.4295,2.7384,14.2214,16647100,81300,373400,0,1500,0
post_load_walking,0,16.6673,16.6679,2.0204,12512,328,818838232415,2.2250,0.6553,14.4271,16650500,84400,301400,0,1900,0
post_load_walking,0,16.6653,16.6673,2.1258,18904,325,818838399094,1.9124,1.2056,14.7382,16648100,84400,661700,0,2000,0
post_load_walking,0,16.6690,16.6663,1.6701,12512,324,818838565767,2.1243,0.7160,14.5230,16652500,88800,284100,0,1800,0
post_load_walking,0,16.6648,16.6664,2.0920,12512,325,818838732430,2.0423,0.8305,14.6084,16648700,82500,284500,0,1600,0
post_load_walking,0,16.6686,16.6654,2.1402,12512,324,818838899094,2.1744,0.7136,14.4739,16653900,80000,351400,0,1600,0
post_load_walking,0,16.6682,16.6685,1.9804,12512,323,818839065748,1.8870,0.6523,14.7656,16639900,99800,265100,0,1900,0
post_load_walking,0,16.6659,16.6642,2.2241,18904,325,818839232433,2.0659,0.6965,14.5830,16649900,80000,605400,0,1500,0
post_load_walking,0,16.6671,16.6684,1.7613,12512,323,818839399075,1.9786,0.5904,14.6753,16652300,81500,409300,0,1200,0
post_load_walking,0,16.6670,16.6694,1.7674,12512,325,818839565759,1.9268,0.8786,14.7133,16649400,89900,283900,0,1600,0
post_load_walking,0,16.6658,16.6660,1.8330,12512,324,818839732453,2.1875,0.7758,14.4626,16648800,84200,304600,0,1500,0
post_load_walking,0,16.6664,16.6682,2.1473,12512,327,818839899113,2.2887,0.6554,14.3638,16651900,81000,281100,0,1400,0
post_load_walking,0,16.6679,16.6658,1.7766,18904,326,818840065795,1.9664,0.7061,14.6832,16651800,81700,582400,0,1600,0
post_load_walking,0,16.6652,16.6650,1.7736,22868,325,818840232453,2.0927,0.6411,14.5562,16649700,79800,290700,0,1400,0
post_load_walking,0,16.6678,16.6670,1.8022,12512,625,818840399103,1.8887,0.8515,14.7633,16652200,80400,400900,0,1400,0
post_load_walking,0,16.6671,16.6673,2.0388,12512,628,818840565773,2.0883,8.4078,14.5636,16653900,103800,295100,0,1500,0
post_load_walking,0,16.6671,16.6650,1.9907,12512,629,818840732446,2.5769,8.8616,14.0730,16651200,83600,293200,0,1500,0
post_load_walking,0,16.6706,16.6669,2.0204,18904,627,818840899096,2.4306,0.9543,14.2217,16660500,82400,784200,0,1500,0
post_load_walking,0,16.6637,16.6689,2.3654,12512,629,818841065765,2.3765,0.9837,14.2775,16639600,91000,418000,0,1700,0
post_load_walking,0,16.6677,16.6660,2.0982,12512,629,818841232454,2.2450,1.3660,14.4064,16651900,85500,368400,0,1600,0
post_load_walking,0,16.6662,16.6793,1.9681,12512,629,818841399114,2.8017,1.4333,13.8591,16649500,86900,356700,0,1500,0
post_load_walking,0,16.6668,16.6564,2.0767,12512,632,818841565907,2.6294,1.7200,14.0104,16651400,86900,351200,0,1500,0
post_load_walking,0,16.6671,16.6679,2.0388,18904,631,818841732471,2.3186,1.5227,14.3333,16652300,85900,636700,0,1400,0
post_load_walking,0,16.6671,16.6653,2.3450,12512,632,818841899150,2.7831,1.4986,13.8667,16651700,80400,288100,0,1600,0
post_load_walking,0,16.6664,16.6669,1.9907,12512,621,818842065803,2.0474,1.2562,14.6042,16650200,93600,329100,0,1700,0
post_load_walking,0,16.7440,16.6669,2.0920,12512,630,818842232472,2.7493,0.8959,13.9033,16728300,80400,273000,0,1600,0
post_load_walking,0,16.6672,16.6675,2.4699,12512,628,818842399141,2.2949,1.0530,14.3569,16654400,80200,318400,0,1800,0
post_load_walking,0,16.6673,16.6652,2.1156,18904,632,818842565816,2.2724,0.8317,14.3779,16651600,83700,588300,0,1500,0
post_load_walking,0,16.6689,16.7430,2.4095,12512,630,818842732468,2.3621,1.4001,14.3663,16654600,77800,453000,0,1500,0
post_load_walking,0,16.6634,16.6689,2.1156,12512,633,818842899898,2.0628,1.0561,14.5918,16646100,83000,361300,0,1800,0
post_load_walking,0,16.6664,16.6665,2.0367,12512,631,818843066587,2.2896,0.8995,14.3622,16652200,80500,268200,0,1400,0
post_load_walking,0,16.6669,16.6701,2.1023,12512,624,818843233252,2.5317,1.2389,14.1230,16652200,74700,260100,0,1000,0
post_load_walking,0,16.6680,16.6613,2.1135,18904,620,818843399953,2.5485,0.8697,14.0978,16656300,75400,859300,0,1200,0
post_load_walking,0,16.6667,16.6662,2.3910,12512,615,818843566566,2.3242,1.2223,14.3282,16649900,84300,273000,0,1800,0
post_load_walking,0,16.6666,16.6656,2.0982,12512,623,818843733228,2.0645,1.0759,14.5878,16650200,82100,282600,0,1500,0
post_load_walking,0,16.6654,16.6715,2.1279,12512,617,818843899884,2.6880,0.9218,13.9685,16649600,88400,341600,0,1500,0
post_load_walking,0,16.6687,16.6657,2.3480,12512,619,818844066599,2.3333,0.9613,14.3167,16658700,71900,262800,0,1300,0
post_load_walking,0,16.6749,16.6654,2.0869,18904,617,818844233256,2.3733,1.1907,14.2772,16661700,93600,582600,0,1100,0
post_load_walking,0,16.6598,16.6616,2.4340,12512,618,818844399910,2.7170,1.0899,13.9326,16645600,72200,250400,0,1600,0
post_load_walking,0,16.6677,16.6716,2.0562,12512,617,818844566526,2.0359,1.3362,14.6229,16659000,78100,262200,0,1400,0
post_load_walking,0,16.6660,16.6748,2.0572,12512,615,818844733242,2.6293,0.9497,14.0325,16645400,73800,296700,0,1300,0
post_load_walking,0,16.6665,16.6596,2.3450,12512,616,818844899990,2.3790,0.9359,14.2668,16653600,75400,264900,0,1300,0
post_load_walking,0,16.6678,16.6738,2.0931,18904,614,818845066586,1.9976,1.3034,14.6615,16656500,78400,484300,0,1300,0
post_load_walking,0,16.6661,16.6593,2.2784,12512,608,818845233324,1.9534,0.7746,14.6920,16650600,73700,246200,0,1800,0
post_load_walking,0,16.6672,16.6659,1.9241,12512,608,818845399917,2.1696,1.2599,14.4841,16653200,73100,285700,0,1200,0
post_load_walking,0,16.6675,16.6706,2.0214,12512,603,818845566576,2.3930,1.0452,14.2637,16653400,79800,281600,0,1000,0
post_load_walking,0,16.6670,16.6652,2.3235,12512,596,818845733282,2.2570,1.0384,14.3937,16654000,75800,237800,0,1100,0
post_load_walking,0,16.6684,16.6673,1.9507,18904,596,818845899934,2.2276,1.2632,14.4258,16655900,81800,499600,0,1200,0
post_load_walking,0,16.6670,16.6670,2.2794,12512,591,818846066607,1.7380,0.9862,14.9156,16652000,78800,277800,0,1600,0
post_load_walking,0,16.6673,16.6668,2.0879,12512,581,818846233277,1.9272,1.1297,14.7268,16651800,82200,370100,0,1500,0
post_load_walking,0,16.6655,16.6707,2.3941,12512,592,818846399945,2.2762,0.9241,14.3799,16639500,87600,275300,0,1600,0
post_load_walking,0,16.6667,16.6682,2.4627,12512,589,818846566652,2.2672,1.6096,14.3848,16651800,84100,283000,0,1600,0
post_load_walking,0,16.6678,16.6766,1.9917,18904,592,818846733334,2.4578,0.9389,14.1942,16655100,79400,593300,0,1500,0
post_load_walking,0,16.6947,16.6545,2.4064,12512,591,818846900100,2.4857,0.9464,14.1538,16679100,79100,360000,0,1400,0
post_load_walking,0,16.6659,16.6663,2.0378,12512,591,818847066645,2.0555,0.9925,14.5964,16646700,79800,343900,0,1400,0
post_load_walking,0,16.6672,16.6701,2.0306,12512,589,818847233308,2.4516,1.0529,14.2037,16651400,77200,306400,0,1700,0
post_load_walking,0,16.6647,16.6953,2.1023,12512,588,818847400009,2.4247,1.0863,14.2546,16645600,72700,306900,0,1200,0
post_load_walking,0,16.6688,16.6644,2.0685,18904,586,818847566962,2.5218,1.3393,14.1251,16658100,83000,537700,0,1100,0
post_load_walking,0,16.6669,16.6662,2.3982,12512,586,818847733606,2.2395,1.4301,14.4120,16653600,79900,297600,0,1000,0
post_load_walking,0,16.6819,16.6614,2.0132,12512,586,818847900268,2.1332,1.4385,14.5125,16680400,77900,242200,0,1500,0
post_load_walking,0,16.6673,16.6711,2.0111,12512,586,818848066882,2.2726,1.2944,14.3857,16643800,74100,251300,0,1100,0
post_load_walking,0,16.6978,16.6664,2.4238,12512,585,818848233593,2.2418,1.0296,14.4119,16682100,80800,458300,0,1500,0
post_load_walking,0,16.6670,16.6943,2.1524,18904,585,818848400257,1.9123,0.8173,14.7683,16652000,118300,739700,0,1700,0
post_load_walking,0,16.6666,16.6569,2.3306,12512,586,818848567200,2.2038,1.5466,14.4401,16650200,82700,323100,0,1400,0
post_load_walking,0,16.6670,16.6971,2.1146,12512,586,818848733769,2.4036,1.0145,14.2785,16653700,71900,299900,0,1100,0
post_load_walking,0,16.6672,16.6673,2.2118,12512,585,818848900740,3.0555,1.3566,13.5966,16655600,98400,292900,0,1000,0
post_load_walking,0,16.6669,16.6641,2.2077,12512,586,818849067413,2.0077,1.3484,14.6426,16654900,73200,311100,0,1000,0
post_load_walking,0,16.6667,16.6664,2.0726,18904,586,818849234054,2.0518,1.2791,14.6021,16652800,72900,582600,0,1100,0
post_load_walking,0,16.6674,16.6686,2.3992,12512,584,818849400718,2.2106,1.4266,14.4451,16656100,83300,257900,0,1100,0
post_load_walking,0,16.6684,16.6670,2.2569,12512,579,818849567404,2.2980,1.4660,14.3570,16656200,79900,354400,0,1200,0
post_load_walking,0,16.6656,16.6654,2.2989,12512,586,818849734074,2.1146,0.8573,14.5384,16649900,79600,281300,0,1800,0
post_load_walking,0,16.6692,16.6690,2.4146,12512,585,818849900728,1.8528,1.0141,14.8035,16655400,80200,270100,0,1500,0
post_load_walking,0,16.6722,16.6700,2.1924,18904,586,818850067418,1.9721,0.8446,14.6843,16662200,86300,709600,0,1300,0
post_load_walking,0,16.6633,16.6654,2.4893,12512,586,818850234118,2.0426,0.8434,14.6075,16664900,93500,292800,0,2100,0
post_load_walking,0,16.6731,16.6714,2.2231,12512,583,818850400772,1.9450,1.9472,14.7106,16627300,92300,394100,0,1400,0
post_load_walking,0,16.9678,16.6876,2.0961,12512,538,818850567486,2.5606,1.1090,14.1018,16939600,123800,399300,0,1900,0
post_load_walking,0,16.6655,16.6842,2.0746,12512,538,818850734362,2.4330,1.7201,14.2322,16641400,99300,451300,0,1500,0
post_load_walking,0,16.6664,16.6497,3.6567,18904,538,818850901204,2.3974,1.7233,14.2300,16650100,85900,603300,0,1700,0
post_load_walking,0,16.6688,16.9607,2.4576,12512,532,818851067701,2.4340,1.6037,14.5059,16651200,85300,304200,0,1600,0
post_load_walking,0,16.6662,16.6609,2.0347,12512,530,818851237308,2.5904,1.0594,14.0512,16647000,188300,481200,0,1800,0
post_load_walking,0,16.6657,16.6685,3.3833,12512,533,818851403917,2.4773,1.0653,14.1730,16648700,87400,289700,0,1700,0
post_load_walking,0,16.7218,16.6693,2.2047,12436,533,818851570602,2.2853,1.3790,14.3662,16699700,83600,301100,0,1600,0
post_load_walking,0,16.8104,16.6677,3.0915,18828,532,818851737295,2.6737,1.1080,13.9734,16795300,80600,707500,0,1700,0
post_load_walking,0,16.6554,16.6664,2.3542,12436,533,818851903972,2.1659,1.0841,14.4831,16633500,77500,276300,0,2100,0
post_load_walking,0,16.6700,16.7185,2.9819,12436,536,818852070636,2.0346,1.3893,14.6652,16656100,92400,288400,0,1300,0
post_load_walking,0,16.6666,16.8130,3.3444,12436,525,818852237821,2.6007,1.1641,14.1950,16647900,79500,287700,0,1900,0
post_load_walking,0,16.6870,16.6503,2.1903,12436,527,818852405951,2.2133,1.1717,14.4204,16678500,77800,297000,0,1400,0
post_load_walking,0,16.6546,16.6738,2.9297,18828,528,818852572454,2.0874,0.8884,14.5690,16630500,89500,776700,0,1900,0
post_load_walking,0,16.6691,16.6649,2.3828,12436,528,818852739192,2.4824,1.4046,14.1658,16648100,123100,279500,0,2200,0
post_load_walking,0,16.6657,16.6946,2.4125,12436,528,818852905841,2.2498,1.9278,14.4288,16646700,78800,290600,0,1700,0
post_load_walking,0,16.6685,16.6504,3.4191,12436,527,818853072787,2.7009,0.8814,13.9298,16650900,77500,350100,0,1700,0
post_load_walking,0,16.6643,16.6662,2.1084,12436,525,818853239291,2.7112,1.1494,13.9372,16642400,74300,364900,0,1600,0
post_load_walking,0,16.6666,16.6652,3.1631,18828,519,818853405953,2.4548,1.3652,14.1921,16652700,70700,562900,0,1500,0
post_load_walking,0,16.6665,16.6673,2.3695,12436,509,818853572605,2.2400,1.2176,14.4110,16648200,75200,338100,0,1600,0
post_load_walking,0,16.6923,16.6605,2.1289,12436,514,818853739278,2.2452,0.9467,14.3974,16683400,70600,331600,0,1200,0
post_load_walking,0,16.6438,16.6678,1.9794,12436,514,818853905883,2.3318,1.4785,14.3211,16625200,69200,285900,0,1400,0
post_load_walking,0,16.6671,16.6649,2.0408,12436,513,818854072561,1.8565,1.4304,14.7918,16651100,79600,336300,0,1700,0
post_load_walking,0,16.6664,16.6987,2.1443,18828,512,818854239210,1.9413,0.9320,14.7423,16650000,85300,919700,0,1700,0
post_load_walking,0,16.6671,16.6409,2.3603,12436,365,818854406197,2.0091,1.1162,14.6164,16651200,77200,294300,0,1300,0
post_load_walking,0,16.6652,16.6667,2.3030,12436,360,818854572606,2.1957,1.7147,14.4555,16645400,83300,277600,0,1500,0
post_load_walking,0,16.6670,16.6661,2.5518,12436,358,818854739273,2.7330,1.1705,13.9171,16652900,72400,253800,0,1000,0
post_load_walking,0,16.6657,16.6689,2.7904,12436,356,818854905934,2.0832,0.8362,14.5681,16650500,79300,1624300,892400,900,0
post_load_walking,0,16.6686,16.6612,2.4197,18828,352,818855072623,1.8128,0.7999,14.8328,16655400,68000,516900,0,1400,0
post_load_walking,0,16.6671,16.6670,2.7576,22276,352,818855239235,2.0569,1.4197,14.5962,16655400,67200,300300,0,1100,0
post_load_walking,0,16.6666,16.6642,2.3450,12436,326,818855405905,3.0355,1.0396,13.6151,16650400,77500,295900,0,1900,0
post_load_walking,0,16.6674,16.6684,2.3040,12436,327,818855572547,2.2266,0.9049,14.4289,16651800,78600,283800,0,1300,0
post_load_walking,0,16.6656,16.6697,2.3306,12436,327,818855739231,2.2430,0.9380,14.4125,16649200,72400,310800,0,1400,0
post_load_walking,0,16.7995,16.6661,2.1729,18828,327,818855905928,2.6287,0.8571,14.0220,16796400,71900,507400,0,1300,0
post_load_walking,0,16.6555,16.6678,2.5743,12436,327,818856072589,1.9762,1.2793,14.6759,16630500,71300,274400,0,1100,0
post_load_walking,0,16.6672,16.6636,2.4064,12436,324,818856239267,2.0096,0.9828,14.6396,16654400,71900,325100,0,1200,0
post_load_walking,0,16.6660,16.8107,2.5569,12436,324,818856405903,2.4135,0.8491,14.3831,16650400,74600,390100,0,1300,0
post_load_walking,0,16.6663,16.6450,2.2538,12436,323,818856574010,2.0177,0.9030,14.6130,16651700,74600,327100,0,1300,0
post_load_walking,0,16.6681,16.6686,2.6235,18828,324,818856740460,2.0542,0.8247,14.6003,16655400,68700,511900,0,1200,0
post_load_walking,0,16.6672,16.6645,3.7489,22792,319,818856907146,2.3161,1.0096,14.3343,16651300,68700,307500,0,1300,0
post_load_walking,0,16.6680,16.6648,2.4074,12436,260,818857073791,2.0409,0.9870,14.6110,16655000,67700,252000,0,1100,0
post_load_walking,0,16.6677,16.6710,2.0675,12436,257,818857240439,2.2650,1.4646,14.3904,16651900,71600,392800,0,1300,0
post_load_walking,0,16.6659,16.6655,2.0613,12436,255,818857407149,2.3531,0.6766,14.2984,16648900,77500,336800,0,1400,0
post_load_walking,0,16.6690,16.6696,1.8176,18828,253,818857573804,1.8594,0.7400,14.7957,16655200,76000,625000,0,1500,0
post_load_walking,0,16.6639,16.6699,2.0449,12436,251,818857740500,2.1761,0.7262,14.4760,16645100,105500,437000,0,1700,0
post_load_walking,0,16.6688,16.6646,1.7940,12436,248,818857907199,2.1312,0.7918,14.5179,16652400,74700,283200,0,1300,0
post_load_walking,0,16.6659,16.6717,1.7357,12436,247,818858073845,2.2457,1.4793,14.4098,16650500,88000,339600,0,1800,0
post_load_walking,0,16.6659,16.6611,2.0552,12436,247,818858240562,2.2157,0.6652,14.4295,16650300,65700,264600,0,1200,0
post_load_walking,0,16.6678,16.6678,1.7797,18828,242,818858407173,1.9809,0.7048,14.6715,16653600,68400,606200,0,1200,0
post_load_walking,0,16.6663,16.6656,2.1494,12436,243,818858573851,2.0372,0.6809,14.6135,16652500,87700,293200,0,1300,0
post_load_walking,0,16.6668,16.6651,1.7623,12436,241,818858740507,1.7360,1.2417,14.9144,16651800,70800,265300,0,1200,0
post_load_walking,0,16.6701,16.6674,1.8176,12436,241,818858907158,2.2617,1.0178,14.3920,16657100,72800,253700,0,1200,0
post_load_walking,0,16.6658,16.6673,1.7244,12436,238,818859073832,1.8604,1.1046,14.7923,16650900,66800,253500,0,1400,0
post_load_walking,0,16.6671,16.6665,1.7859,18828,238,818859240505,2.0415,0.6565,14.6104,16652400,66200,756700,0,1400,0
post_load_walking,0,16.6715,16.6705,1.6312,12436,234,818859407170,1.8579,0.6344,14.7992,16660700,67800,437200,0,1400,0
post_load_walking,0,16.8973,16.6656,1.7326,12436,234,818859573875,1.8852,0.8141,14.7658,16873400,122600,428400,0,2600,0
post_load_walking,0,16.4377,16.6704,1.7111,12436,234,818859740531,2.1454,0.7045,14.5073,16412400,88800,423800,0,2600,0
post_load_walking,0,16.6636,16.6804,1.6456,12436,234,818859907235,1.8893,1.2845,14.7716,16629700,125800,675200,0,3200,0
post_load_walking,0,16.6821,16.8981,1.7091,28668,234,818860074039,3.6867,1.4729,13.1868,16676300,104300,677100,0,1600,0
post_load_walking,0,16.6544,16.4383,1.9958,12436,190,818860243020,3.1298,1.4165,13.2829,16622500,76200,321100,0,1800,0
post_load_walking,0,16.6659,16.6536,1.6896,12436,189,818860407403,3.4677,1.3218,13.1623,16655800,79600,276000,0,1500,0
post_load_walking,0,16.6658,16.6952,1.6947,12436,189,818860573939,2.7336,0.6877,13.9430,16645800,72100,371100,0,1400,0
post_load_walking,0,16.6678,16.6377,1.8872,12436,188,818860740891,1.8753,0.7751,14.7474,16654700,64100,320900,0,1100,0
post_load_walking,0,16.6673,16.6706,1.7019,18828,187,818860907268,1.8045,0.7724,14.8513,16653500,69800,537200,0,1300,0
post_load_walking,0,16.6671,16.6594,1.6271,12436,156,818861073974,1.6557,0.6120,14.9902,16652200,72700,273400,0,1400,0
post_load_walking,0,16.6679,16.6682,1.6916,12436,156,818861240568,1.6704,0.7260,14.9845,16656400,67600,316300,0,1200,0
post_load_walking,0,16.6667,16.6684,1.6568,12436,154,818861407250,1.8350,0.5854,14.8187,16650900,66700,273300,0,1500,0
post_load_walking,0,16.6651,16.6659,1.6701,12436,154,818861573934,1.7312,0.9726,14.9211,16649300,69900,377500,0,1200,0
post_load_walking,0,16.7660,16.6708,2.0388,18828,154,818861740593,1.5800,0.7352,15.0765,16752900,71500,578700,0,1200,0
post_load_walking,0,16.6662,16.6657,2.7730,12436,154,818861907301,1.6256,0.6766,15.0254,16649300,67800,251700,0,1800,0
post_load_walking,0,16.6701,16.6631,1.6886,12436,154,818862073958,1.5870,0.7056,15.0625,16657600,66600,382200,0,1300,0
post_load_walking,0,16.6644,16.7678,1.5882,12436,155,818862240589,2.0484,0.5657,14.7046,16642800,86400,303300,0,1600,0
post_load_walking,0,16.6654,16.6655,1.6732,12436,152,818862408267,1.7488,0.7847,14.9006,16650800,67400,248600,0,1400,0
post_load_walking,0,16.6698,16.6747,1.6753,18828,151,818862574922,1.9649,0.6869,14.6928,16659200,75400,520500,0,1300,0
post_load_walking,0,16.6673,16.6601,1.9190,12436,151,818862741669,2.2171,0.8642,14.4259,16650200,74100,315200,0,1500,0
post_load_walking,0,16.6672,16.6649,1.6886,12436,144,818862908270,1.6035,0.7117,15.0474,16652900,74000,288500,0,1200,0
post_load_walking,0,16.6655,16.6738,1.6650,12436,142,818863074919,1.7786,0.6651,14.8808,16646600,76500,278800,0,1700,0
post_load_walking,0,16.6656,16.6655,1.5811,12436,142,818863241657,2.2124,0.8444,14.4380,16648800,70300,368700,0,1300,0
post_load_walking,0,16.6705,16.6701,1.6589,18828,142,818863408312,1.7159,0.8502,14.9372,16659800,70700,498700,0,1600,0
post_load_walking,0,16.6635,16.6627,1.9046,12436,140,818863575013,1.7948,0.6716,14.8520,16643600,77800,370700,0,2300,0
post_load_walking,0,16.6678,16.6639,1.6568,12436,135,818863741640,1.7905,0.7532,14.8585,16652900,72800,299100,0,1700,0
post_load_walking,0,16.6668,16.6759,1.6527,12436,134,818863908279,1.8428,1.0307,14.8171,16649600,75800,339700,0,1700,0
post_load_walking,0,16.6646,16.6594,1.8729,12436,135,818864075038,1.5788,0.6530,15.0650,16647500,71500,328200,0,1500,0
post_load_walking,0,16.6686,16.6687,1.5647,18828,135,818864241632,1.6654,1.0645,14.9877,16660000,75900,611300,0,1300,0
post_load_walking,0,16.6668,16.6654,1.8770,12436,135,818864408319,1.8947,0.8790,14.7551,16648700,70400,532800,0,1200,0
post_load_walking,0,16.6712,16.6607,1.6568,12436,135,818864574973,1.8054,1.1413,14.8423,16660800,70400,284600,0,1200,0
post_load_walking,0,16.6630,16.6737,1.6558,22868,135,818864741580,1.9678,0.6867,14.6923,16642800,85200,262900,0,1700,0
post_load_walking,0,16.6652,16.6642,1.8842,12512,116,818864908317,1.8842,0.5646,14.7647,16648000,79000,292000,0,1400,0
post_load_walking,0,16.6670,16.6769,1.5729,18904,116,818865074959,1.8903,1.3073,14.7706,16654300,75800,500100,0,1400,0
post_load_walking,0,16.6683,16.6579,1.9395,12512,116,818865241728,2.1491,0.5683,14.4937,16656500,97400,236900,0,1100,0
post_load_walking,0,16.6686,16.6626,1.6599,12512,114,818865408307,1.7918,0.6198,14.8564,16655100,74700,284800,0,1100,0
post_load_walking,0,16.6753,16.6671,1.6742,12512,112,818865574933,2.0266,0.4912,14.6278,16673400,76100,267600,0,1400,0
post_load_walking,0,16.6615,16.6690,1.6835,12512,112,818865741604,1.6308,0.7961,15.0258,16626100,238100,881100,0,3800,0
post_load_walking,0,16.6630,16.6700,1.6855,18904,112,818865908294,1.6658,0.5709,14.9894,16637300,117100,1136400,0,2500,0
post_load_walking,0,16.6658,16.6960,1.6343,12512,112,818866074994,1.3594,2.3387,15.3142,16648200,94600,339900,0,1600,0
post_load_walking,0,16.6701,16.6503,1.7203,12512,111,818866241954,4.5930,1.0970,12.0332,16655500,87300,370000,0,1400,0
post_load_walking,0,16.6648,16.6558,1.6722,12512,112,818866408457,3.0503,0.7160,13.5871,16646200,77700,444400,0,1700,0
post_load_walking,0,16.6680,16.6635,1.6650,12512,112,818866575015,1.9544,1.0006,14.6940,16655700,87700,295600,0,1200,0
post_load_walking,0,16.6668,16.6716,1.6916,18904,112,818866741650,1.8398,1.3762,14.8158,16648700,87500,757600,0,1600,0
post_load_walking,0,16.7268,16.6634,1.9681,12512,113,818866908366,1.6690,0.6123,14.9774,16709500,82200,309700,0,1500,0
post_load_walking,0,16.6685,16.6707,1.6794,12512,114,818867075000,1.5619,1.2191,15.0939,16651700,80600,299100,0,1700,0
post_load_walking,0,16.6671,16.6647,1.6620,12512,114,818867241707,2.0273,1.1085,14.6216,16650200,88300,303700,0,1400,0
post_load_walking,0,16.6816,16.7285,1.6742,12512,114,818867408354,1.7535,0.6663,14.9562,16665500,83300,315400,0,1700,0
post_load_walking,0,16.6653,16.6702,1.6548,18904,114,818867575639,1.7170,0.8078,14.9348,16648600,89400,705700,0,1600,0
post_load_walking,0,16.6679,16.6659,2.0183,12512,114,818867742341,1.8375,0.5639,14.8129,16653300,81500,360300,0,1400,0
post_load_walking,0,16.6669,16.6813,1.7306,12512,114,818867909000,1.7105,1.1508,14.9551,16652300,88400,510200,0,1400,0
post_load_walking,0,16.6686,16.6639,1.6814,12512,114,818868075813,1.9137,0.9448,14.7351,16655000,87600,455200,0,1700,0
post_load_walking,0,16.6659,16.6685,1.7050,12512,113,818868242452,1.7637,1.2307,14.8897,16647200,99100,404600,0,4700,0
post_load_walking,0,16.6660,16.6681,1.7132,18904,114,818868409137,2.0472,1.2910,14.6053,16647000,85500,833500,0,1500,0
post_load_walking,0,16.6685,16.6712,1.9855,12512,107,818868575818,1.8606,1.0302,14.7946,16651000,88700,280300,0,1700,0
post_load_walking,0,16.6642,16.6643,1.6998,12512,107,818868742530,1.9132,1.0996,14.7342,16646700,82400,288300,0,1200,0
post_load_walking,0,16.6677,16.6638,1.7490,12512,106,818868909173,2.1377,0.5570,14.5095,16652500,90200,305600,0,1300,0
post_load_walking,0,16.6662,16.6681,1.7142,12512,106,818869075811,1.5558,0.5886,15.0954,16652800,89100,295900,0,1600,0
post_load_walking,0,16.6685,16.6635,1.7428,18904,106,818869242492,1.8101,0.9694,14.8365,16651300,106200,648200,0,1800,0
post_load_walking,0,16.6690,16.6678,1.9620,12512,106,818869409127,1.8662,0.7660,14.7865,16657200,89000,363000,0,1200,0
post_load_walking,0,16.6691,16.6676,1.6753,12512,106,818869575805,1.9717,0.7024,14.6813,16656300,95500,332600,0,1700,0
post_load_walking,0,16.6620,16.6661,1.6333,12512,106,818869742481,2.1741,0.8361,14.4773,16629700,138600,292300,0,2900,0
post_load_walking,0,16.6705,16.6725,1.9917,12512,104,818869909142,1.9209,0.6239,14.7365,16661800,82700,313400,0,1300,0
post_load_walking,0,16.6630,16.6775,1.6558,18904,104,818870075867,1.8282,0.6928,14.8284,16640400,94400,759000,0,1800,0
post_load_walking,0,16.6667,16.6482,2.0152,12512,104,818870242642,2.5982,0.5523,14.0315,16654200,79100,370100,0,1500,0
post_load_walking,0,16.6710,16.6775,1.7551,12512,104,818870409124,1.8149,0.7337,14.8471,16661700,78600,276300,0,1200,0
post_load_walking,0,16.6634,16.6569,1.7910,12512,104,818870575899,2.3772,0.5273,14.2632,16643700,86100,284000,0,1400,0
post_load_walking,0,16.6663,16.6670,1.7459,12512,104,818870742468,1.8583,0.5051,14.7959,16650100,78200,245100,0,1300,0
post_load_walking,0,16.6671,16.6766,1.7582,29260,103,818870909138,1.6462,0.8450,15.0156,16655300,74100,526000,0,1600,0
post_load_walking,0,16.6682,16.6593,2.0849,12512,330,818871075904,1.5356,0.4602,15.1083,16655900,74200,261300,0,1100,0
post_load_walking,0,16.6666,16.6636,1.8074,12512,327,818871242497,1.5406,3.4375,15.1097,16653600,74800,267700,0,1400,0
post_load_walking,0,16.6664,16.6678,1.9784,12512,327,818871409133,2.4349,2.3503,14.2205,16648500,77200,272100,0,1100,0
post_load_walking,0,16.6681,16.6685,2.0152,12512,328,818871575811,1.8719,0.6089,14.7841,16654900,82500,283200,0,1200,0
post_load_walking,0,16.7110,16.6713,1.7521,18904,325,818871742496,1.7474,0.5969,14.9063,16695900,79400,1193500,0,24800,0
post_load_walking,0,16.6652,16.6615,2.0275,12512,325,818871909209,1.6759,0.6909,14.9727,16651300,76900,315600,0,1500,0
post_load_walking,0,16.6670,16.6692,1.7357,12512,324,818872075824,1.5524,0.9791,15.1026,16655400,80000,277400,0,1300,0
post_load_walking,0,16.6675,16.7092,1.7910,12512,321,818872242516,2.4706,0.6189,14.2254,16653000,79900,275100,0,1500,0
post_load_walking,0,16.6678,16.6646,1.6763,12512,324,818872409608,1.9931,0.6168,14.6583,16655300,77000,265000,0,1200,0
post_load_walking,0,16.6674,16.6688,1.8022,18904,326,818872576254,1.9011,0.7502,14.7545,16649900,86700,2147400,865700,1900,0
post_load_walking,0,16.6677,16.6673,1.9948,12512,326,818872742942,1.7405,0.5889,14.9127,16651600,85800,272500,0,1500,0
post_load_walking,0,16.6663,16.6709,1.7971,12512,324,818872909615,1.6035,1.2829,15.0521,16650300,83400,315900,0,1600,0
post_load_walking,0,16.6650,16.6675,1.7336,12512,325,818873076324,2.8926,0.6498,13.7575,16647700,82900,314600,0,1700,0
post_load_walking,0,16.6699,16.6675,1.7377,12512,324,818873242999,1.9534,0.7998,14.6983,16658600,76500,263000,0,1300,0
post_load_walking,0,16.6649,16.6655,1.6650,18904,326,818873409674,2.2894,0.6517,14.3611,16648500,80300,717500,0,2100,0
post_load_walking,0,16.6675,16.6619,2.0122,22868,326,818873576329,2.0016,0.6098,14.6463,16652400,82600,335200,0,1400,0
post_load_walking,0,16.6661,16.6735,1.6845,12512,630,818873742948,1.8247,0.9703,14.8341,16651800,76800,286100,0,1400,0
post_load_walking,0,16.6662,16.6641,2.2661,12512,630,818873909683,2.4272,8.4683,14.2215,16652100,75200,276300,0,1400,0
post_load_walking,0,16.6661,16.6669,1.9825,12512,629,818874076324,2.5366,8.5252,14.1159,16652400,73700,292100,0,1400,0
post_load_walking,0,16.6687,16.6651,1.9548,18904,630,818874242993,2.1350,0.8173,14.5170,16658500,74800,470700,0,1000,0
post_load_walking,0,16.6697,16.6645,2.2395,12512,622,818874409644,2.1128,1.1400,14.5395,16657200,80100,324600,0,1200,0
post_load_walking,0,16.6687,16.6655,2.0879,12512,630,818874576289,1.8996,0.9295,14.7531,16649100,98100,332900,0,1700,0
post_load_walking,0,16.6670,16.6743,2.3173,12512,630,818874742944,2.3058,1.1698,14.3528,16650500,90100,299600,0,1800,0
post_load_walking,0,16.6648,16.6741,2.3849,12512,632,818874909687,2.9516,1.2427,13.7058,16635200,106500,438000,0,1500,0
post_load_walking,0,16.6679,16.6685,2.2927,18904,632,818875076428,2.5301,1.2811,14.1193,16654800,89100,595200,0,2000,0
post_load_walking,0,16.6863,16.6743,1.9712,12512,632,818875243113,2.8499,1.4946,13.8008,16668900,99200,338400,0,1400,0
post_load_walking,0,16.6495,16.6527,1.9712,12512,631,818875409856,2.5732,1.3196,14.0621,16624200,116200,266000,0,1300,0
post_load_walking,0,16.6652,16.6753,2.3173,12512,630,818875576383,3.2046,1.3907,13.4504,16639400,122900,375200,0,1900,0
post_load_walking,0,16.6682,16.6934,2.0347,12512,630,818875743136,2.4845,0.9144,14.1845,16642900,129200,369000,0,1700,0
post_load_walking,0,16.6674,16.6485,2.0152,18904,629,818875910070,2.5846,1.3347,14.0396,16647000,101100,874000,0,1900,0
post_load_walking,0,16.6663,16.6629,1.9814,12512,631,818876076555,2.9059,1.2402,13.7337,16648200,158400,342400,0,2500,0
post_load_walking,0,16.6714,16.6634,1.9978,12512,632,818876243184,3.6062,1.5678,13.0369,16657200,113900,337100,0,2000,0
post_load_walking,0,16.6618,16.6657,2.3552,12512,628,818876409818,3.5804,0.9629,13.0668,16634800,104000,310500,0,2300,0
post_load_walking,0,16.6673,16.6661,2.0040,12512,625,818876576475,3.0030,1.0625,13.6453,16649900,116200,302000,0,1700,0
post_load_walking,0,16.6697,16.6796,2.0163,18904,618,818876743136,3.0392,1.0284,13.6183,16655400,90300,878600,0,1800,0
post_load_walking,0,16.6664,16.6530,2.3869,12512,622,818876909932,2.6733,0.9331,13.9616,16645800,111500,289900,0,1400,0
post_load_walking,0,16.6652,16.6677,1.9896,12512,623,818877076462,2.5152,1.2501,14.1350,16633700,126700,346200,0,1600,0
post_load_walking,0,16.6664,16.6777,2.3880,12512,620,818877243139,2.9516,0.9418,13.7041,16649600,80700,281900,0,2000,0
post_load_walking,0,16.6677,16.6681,2.0111,12512,619,818877409916,2.5259,1.0843,14.1199,16651800,76100,403200,0,1800,0
post_load_walking,0,16.6652,16.6513,2.0060,18904,618,818877576597,3.0795,0.9726,13.5543,16653400,86400,649900,0,1600,0
post_load_walking,0,16.6659,16.6650,2.3276,12512,616,818877743110,2.5718,1.4012,14.0779,16643800,76400,464700,0,1300,0
post_load_walking,0,16.6666,16.6680,1.9988,12512,617,818877909760,2.2619,0.9776,14.3901,16656300,73100,265700,0,1200,0
post_load_walking,0,16.6658,16.6696,2.2907,12512,615,818878076440,2.3929,0.9442,14.2607,16652400,74400,254600,0,1700,0
post_load_walking,0,16.6700,16.6564,2.0122,12512,614,818878243136,2.6577,1.0223,13.9861,16659200,71300,237100,0,1600,0
post_load_walking,0,16.6682,16.6687,2.0890,18904,612,818878409700,2.2328,0.7679,14.4237,16655100,76100,574200,0,1400,0
post_load_walking,0,16.6661,16.6646,2.2886,12512,609,818878576387,2.3092,0.7650,14.3433,16649800,79100,277900,0,1400,0
post_load_walking,0,16.6665,16.6725,1.9374,12512,609,818878743033,2.1043,1.4750,14.5551,16648800,87300,341900,0,1500,0
post_load_walking,0,16.6674,16.6702,2.0408,12512,603,818878909758,2.2580,0.9972,14.3973,16652900,81600,316300,0,1500,0
post_load_walking,0,16.6661,16.6673,1.9886,12512,596,818879076460,1.9987,1.0906,14.6512,16651100,77700,369700,0,1400,0
post_load_walking,0,16.6674,16.6640,1.9548,18904,593,818879243133,2.6817,1.1121,13.9671,16650000,88200,526400,0,1500,0
post_load_walking,0,16.6663,16.6688,2.2354,12512,590,818879409773,2.3463,1.1514,14.3069,16651100,78600,337800,0,1200,0
post_load_walking,0,16.6666,16.6671,2.0050,12512,591,818879576461,2.4442,0.9501,14.2070,16649300,81100,435600,0,1600,0
post_load_walking,0,16.6668,16.6660,2.2477,12512,593,818879743132,2.3973,1.0382,14.2529,16651600,76300,319400,0,1100,0
post_load_walking,0,16.6684,16.6676,1.9692,12512,593,818879909792,2.2938,1.0456,14.3575,16654100,76600,271600,0,1300,0
post_load_walking,0,16.6662,16.6649,2.0081,18904,593,818880076468,2.2605,1.4522,14.3891,16650600,80100,691700,0,1600,0
post_load_walking,0,16.6794,16.6656,2.3972,12512,591,818880243117,1.9948,1.1343,14.6567,16681200,75900,262200,0,1200,0
post_load_walking,0,16.6550,16.6686,2.4689,12512,591,818880409773,2.0191,1.1724,14.6352,16620800,75300,340500,0,1100,0
post_load_walking,0,16.6669,16.6650,2.3327,12512,591,818880576459,2.5245,0.8906,14.1262,16653200,83300,340500,0,1600,0
post_load_walking,0,16.6685,16.7016,2.0603,12512,587,818880743109,2.4570,1.6244,14.2246,16669100,82000,322500,0,1000,0
post_load_walking,0,16.6661,16.6337,2.0716,18904,586,818880910125,2.0893,0.8803,14.5316,16637100,85600,647100,0,1900,0
post_load_walking,0,16.6675,16.6676,2.5139,12512,584,818881076462,2.0952,1.4113,14.5582,16653500,80000,340900,0,1500,0
post_load_walking,0,16.6665,16.6837,2.5426,12512,586,818881243138,2.0616,1.4375,14.6075,16650800,86100,370400,0,1200,0
post_load_walking,0,16.6682,16.6515,2.3480,12512,586,818881409975,2.6795,1.4340,13.9577,16654400,82900,295000,0,1200,0
post_load_walking,0,16.6682,16.6678,2.1842,12512,585,818881576490,2.2448,0.9104,14.4088,16651300,91100,299400,0,1600,0
post_load_walking,0,16.6665,16.6663,2.0685,18904,582,818881743168,2.2068,1.0023,14.4441,16647200,91500,593400,0,1400,0
post_load_walking,0,16.6667,16.6719,2.3153,12512,582,818881909831,2.2169,1.0613,14.4377,16650400,83300,385600,0,1600,0
post_load_walking,0,16.6662,16.6685,2.0777,12512,586,818882076550,2.0196,1.0746,14.6319,16649900,86200,370300,0,1500,0
post_load_walking,0,16.6656,16.6636,2.7156,12512,585,818882243235,2.4234,1.4955,14.2239,16647100,86800,356800,0,1600,0
post_load_walking,0,16.6671,16.6668,2.2139,12512,586,818882409871,2.2553,0.9562,14.3953,16656000,80000,359600,0,1500,0
post_load_walking,0,16.7254,16.6662,2.1391,18904,584,818882576539,2.2081,1.4900,14.4421,16710000,90100,569100,0,1700,0
post_load_walking,0,16.6637,16.6620,2.3921,12512,586,818882743201,2.0426,0.9097,14.6046,16641900,124300,285300,0,1700,0
post_load_walking,0,16.6713,16.6702,2.2671,12512,585,818882909821,2.3577,0.9665,14.2983,16659400,88600,328300,0,1300,0
post_load_walking,0,16.6627,16.7274,2.5795,12512,586,818883076523,2.4672,0.9096,14.2431,16644600,80600,389800,0,1400,0
post_load_walking,0,16.6681,16.6599,2.1719,12512,586,818883243797,2.5602,0.9702,14.0818,16654700,87000,278700,0,1300,0
post_load_walking,0,16.6673,16.6750,2.3613,18904,585,818883410396,2.2503,1.4258,14.4094,16651200,85600,527600,0,1300,0
post_load_walking,0,16.6669,16.6602,2.5999,12512,582,818883577146,2.4599,0.9438,14.1848,16652300,85400,295900,0,1500,0
post_load_walking,0,16.6670,16.6695,2.1248,12512,577,818883743748,2.1175,1.0491,14.5373,16652600,86200,283800,0,1300,0
post_load_walking,0,16.6675,16.6667,2.4883,12512,537,818883910443,2.1380,0.8431,14.5134,16652700,91100,270300,0,1400,0
post_load_walking,0,16.6652,16.6661,2.1330,12512,538,818884077110,1.8998,0.9700,14.7527,16650600,82700,310300,0,1400,0
post_load_walking,0,16.6675,16.6667,2.2405,18904,535,818884243771,2.0352,0.8362,14.6175,16653500,81900,592400,0,1600,0
post_load_walking,0,16.6671,16.6668,2.1862,12512,533,818884410438,2.2806,1.3471,14.3722,16653300,80200,313900,0,1300,0
post_load_walking,0,16.6681,16.6650,2.5764,12512,533,818884577106,1.8805,1.4890,14.7700,16653200,83900,432000,0,1500,0
post_load_walking,0,16.6670,16.6682,2.4412,12512,533,818884743756,2.0648,1.3692,14.5889,16652800,90700,280400,0,1500,0
post_load_walking,0,16.6653,16.6673,2.1361,12436,532,818884910438,1.8481,0.9723,14.8053,16649300,81300,319600,0,1500,0
post_load_walking,0,16.6674,16.6689,2.1780,18828,533,818885077111,2.1060,0.8623,14.5474,16652500,113700,798500,0,1500,0
post_load_walking,0,16.6667,16.6674,2.3572,12436,533,818885243800,2.5085,1.0725,14.1444,16652500,82700,314600,0,1200,0
post_load_walking,0,16.6692,16.6642,2.6399,12436,534,818885410474,2.2750,1.1416,14.3743,16657400,78300,276600,0,1200,0
post_load_walking,0,16.6672,16.6666,2.4781,12436,527,818885577116,2.9686,1.0460,13.6840,16652100,85200,292500,0,1600,0
post_load_walking,0,16.7815,16.6660,2.1760,12436,528,818885743782,2.4146,1.0579,14.2381,16779400,149500,290700,0,1800,0
post_load_walking,0,16.6533,16.6715,2.1586,18828,525,818885910442,2.1088,0.8682,14.5488,16621500,73900,582800,0,1400,0
post_load_walking,0,16.6674,16.6674,2.3613,12436,526,818886077157,1.9486,0.9078,14.7036,16652500,70400,270700,0,1500,0
post_load_walking,0,16.6673,16.7952,2.2077,12436,528,818886243831,2.5219,1.1227,14.2575,16654900,71000,262000,0,1600,0
post_load_walking,0,16.6684,16.6376,2.4320,12436,527,818886411783,2.0331,1.0161,14.5886,16654400,69800,279700,0,1400,0
post_load_walking,0,16.6667,16.6664,1.9814,12436,529,818886578159,1.9435,0.9142,14.7091,16653200,111700,291700,0,1800,0
post_load_walking,0,16.6661,16.6694,2.0449,18828,529,818886744823,1.8505,0.8990,14.8047,16648700,78800,557400,0,1600,0
post_load_walking,0,16.6693,16.6691,2.3931,12436,511,818886911517,2.0646,0.9608,14.5899,16652500,74700,274800,0,1300,0
post_load_walking,0,16.7516,16.6689,2.0306,12436,514,818887078208,1.9517,1.0175,14.7017,16749000,75700,311500,0,1500,0
post_load_walking,0,16.6551,16.6644,2.3071,12436,513,818887244897,2.2425,1.3032,14.4064,16613300,70100,349400,0,1600,0
post_load_walking,0,16.7202,16.6695,1.9773,12436,513,818887411541,2.0013,1.0710,14.6514,16723200,83000,277900,0,1900,0
post_load_walking,0,16.6593,16.7764,2.1166,18828,509,818887578236,2.7081,1.1123,14.0413,16629400,80000,691000,0,1300,0
post_load_walking,0,16.6662,16.6283,2.3378,12436,365,818887746000,2.5254,0.9018,14.0881,16639000,71900,267800,0,1100,0
post_load_walking,0,16.6647,16.7382,2.2907,12436,357,818887912283,2.2763,1.1553,14.4470,16645200,75800,341300,0,1300,0
post_load_walking,0,16.6672,16.6512,2.5385,12436,360,818888079665,2.4935,0.8290,14.1361,16652200,75200,340300,0,1400,0
post_load_walking,0,16.6671,16.6597,2.3951,12436,356,818888246177,2.0348,1.4362,14.6042,16653500,70800,269400,0,1200,0
post_load_walking,0,16.6690,16.6613,2.3542,18828,351,818888412774,2.0521,1.4162,14.5933,16654300,70200,480400,0,1300,0
post_load_walking,0,16.6653,16.6680,2.5887,22276,352,818888579387,1.9270,0.9265,14.7253,16647800,82500,255000,0,1500,0
post_load_walking,0,16.6671,16.6682,2.2405,12436,327,818888746067,1.9241,0.9140,14.7296,16650600,74300,326000,0,1200,0
post_load_walking,0,16.6654,16.6723,2.5600,12436,327,818888912749,2.0437,0.7951,14.6108,16650800,77700,487600,0,1100,0
post_load_walking,0,16.6681,16.6639,2.2170,12436,326,818889079472,2.0425,1.2665,14.6054,16654200,72400,351000,0,1300,0
post_load_walking,0,16.6692,16.6654,2.1494,18828,327,818889246111,1.8667,1.2393,14.7841,16652900,76100,519300,0,1200,0
post_load_walking,0,16.6660,16.6650,2.5088,12436,327,818889412765,2.1002,1.0147,14.5506,16647900,76500,288500,0,1400,0
post_load_walking,0,16.6672,16.6703,2.3142,12436,324,818889579415,2.0340,0.8903,14.6203,16651600,79200,342400,0,1300,0
post_load_walking,0,16.6691,16.6693,2.5385,12436,324,818889746118,2.0757,0.8070,14.5773,16659100,74000,264100,0,1200,0
