phase,previous_operation,frame_ms,cpu_ms,gpu_ms,gc_alloc_bytes,draw_calls,timing_timestamp,timing_main_ms,timing_render_ms,timing_present_wait_ms,loop_ns,scripts_ns,gui_ns,gc_ns,present_ns,render_wait_ns
walking,3,16.8000,16.5681,2.2620,1771444,240,816783781140,2.0255,0.7037,14.5278,0,0,278800,0,1600,0
walking,0,16.5334,16.4354,1.7940,16674,241,816783946821,1.7575,0.7177,14.6615,16528800,706700,496100,0,1300,0
walking,0,16.6668,16.6655,1.8514,10234,240,816784111175,1.7320,0.8528,14.9155,16650300,82400,253200,0,1800,0
walking,0,16.6671,16.7921,1.7091,10234,238,816784277830,16.0612,0.7211,0.7158,16982700,78100,235800,0,1600,0
walking,0,16.6767,16.5423,2.1443,10234,238,816784445751,2.4110,0.7805,14.1180,16561000,68900,316000,0,1500,0
walking,0,16.6580,16.6677,2.1412,10234,238,816784611174,2.4119,0.8629,14.2387,16666100,70600,300900,0,1400,0
walking,0,16.6657,16.9981,1.7080,16626,234,816784777851,2.2360,0.8404,14.7469,16690800,66100,473600,0,1400,0
walking,0,16.6671,16.5746,2.1125,10234,234,816784947832,2.4032,0.7682,14.1579,16446700,72700,219500,0,1500,0
walking,0,16.6676,16.6805,1.7562,10234,234,816785113578,2.2783,0.8050,14.3880,16654600,73700,234100,0,1700,0
walking,0,16.6668,16.7075,2.1176,10234,235,816785280383,2.2728,0.6327,14.4182,16587100,65500,481900,0,1500,0
walking,0,16.6674,16.4597,2.0787,10234,231,816785447458,1.9392,0.6740,14.5077,16745900,70700,248200,0,1300,0
walking,0,16.6664,16.6704,1.6241,16626,223,816785612055,2.0564,0.6928,14.5982,16777700,74800,632600,0,1700,0
walking,0,16.6648,16.6025,2.0316,10234,224,816785778759,2.3007,0.6767,14.2865,16607000,67900,305700,0,1400,0
walking,0,16.7002,16.7621,1.7080,10234,221,816785944784,2.1735,1.4681,14.5724,17740000,62600,288200,0,1100,0
walking,0,16.6648,16.7948,2.0511,10234,222,816786112405,2.3669,0.7023,14.4110,16174700,93300,352400,0,2100,0
walking,0,16.8404,16.6255,2.0173,10234,221,816786280353,2.3841,0.7915,14.2230,16267900,80200,317500,0,1800,0
walking,0,16.6565,17.7568,1.5933,16626,219,816786446608,3.1284,0.9976,14.6119,16885400,69800,554100,0,1600,0
walking,0,16.6668,16.1968,1.5923,10234,218,816786624176,3.6407,1.0107,12.5343,16428700,64600,288900,0,1500,0
walking,0,16.6671,16.2846,1.6855,22218,216,816786786144,2.7693,0.8674,13.4987,16483900,66500,294200,0,1300,0
walking,0,16.6658,16.8995,1.9825,10234,176,816786948990,2.5862,0.7074,14.2994,16579900,65100,300600,0,1300,0
walking,0,16.6690,16.4429,2.0234,10234,176,816787117985,2.2447,0.6926,14.1840,16674100,72300,331200,0,1400,0
walking,0,16.6662,16.4968,1.5657,16626,176,816787282414,2.3016,0.6343,14.1824,16634400,67800,538100,0,1300,0
walking,0,16.6671,16.5943,2.0183,10258,172,816787447382,1.9382,0.7721,14.6418,16661900,68900,432700,0,1300,0
walking,0,16.6684,16.6889,1.6404,10234,172,816787613325,2.0513,0.7434,14.6230,16675800,75700,245400,0,1600,0
walking,0,16.6651,16.6491,2.0931,10234,172,816787780214,1.8884,1.4131,14.7461,16616600,70400,246000,0,1500,0
walking,0,16.6675,16.6768,2.0644,10234,172,816787946705,1.8959,0.6214,14.7661,17123800,71400,245500,0,1400,0
walking,0,16.6659,16.6913,1.6630,16694,173,816788113473,1.8115,0.5825,14.8645,16417800,65700,475800,0,1700,0
walking,0,16.6671,16.6309,1.9907,10234,173,816788280386,1.9700,0.7247,14.6467,16483500,64700,248000,0,1200,0
walking,0,16.6685,17.1392,1.6486,10234,173,816788446695,2.3795,0.7255,14.7445,16663100,68900,231500,0,1300,0
walking,0,16.6659,16.4315,1.6814,10234,173,816788618087,2.5779,0.6399,13.8401,16803200,76200,255900,0,1300,0
walking,0,16.6671,16.4967,2.0398,10234,171,816788782402,1.9365,0.5794,14.5471,16642100,68200,240900,0,1100,0
walking,0,16.6670,16.6786,1.6527,16626,139,816788947369,1.8323,0.6936,14.8310,16689000,66700,621300,0,1400,0
walking,0,16.6670,16.8189,1.9876,10234,139,816789114155,2.0194,0.5584,14.7839,16374600,74600,246000,0,1200,0
walking,0,16.6667,16.6563,1.6435,10234,139,816789282344,2.1445,0.7484,14.4978,16652800,69300,254000,0,1500,0
walking,0,16.6667,16.7020,1.9784,10234,139,816789448907,2.2858,0.6217,14.4034,16652700,70900,235300,0,1600,0
walking,0,16.6669,16.3882,1.9630,10234,138,816789615927,1.8011,0.5832,14.5737,16652500,75000,1981900,926600,1600,0
walking,0,16.6672,16.6665,1.6435,16626,138,816789779809,1.7920,0.6630,14.8609,16655900,73100,516400,0,1300,0
walking,0,16.6674,16.6668,1.6384,10234,138,816789946474,1.7319,0.7741,14.9208,16731900,69600,224100,0,1600,0
walking,0,16.6672,16.6655,1.6548,10234,138,816790113142,2.7742,0.7180,13.8784,16843200,69400,669500,0,1500,0
walking,0,16.6675,16.6708,1.5401,10234,138,816790279797,1.9688,0.7295,14.6872,16483300,69300,251100,0,1400,0
walking,0,16.6679,16.7473,1.9927,10234,136,816790446505,1.8496,0.7702,14.8823,16644000,79900,252200,0,1600,0
walking,0,16.6787,16.8578,1.5841,16626,136,816790613978,2.3393,0.6979,14.5040,16677000,74500,574800,0,1500,0
walking,0,16.6573,16.4993,1.9743,10234,129,816790782556,1.9933,0.6772,14.4901,16789100,65200,330300,0,1300,0
walking,0,16.6675,16.6580,1.5831,10234,127,816790947549,1.9970,0.8815,14.6470,16667500,62200,225000,0,1000,0
walking,0,16.6692,16.6921,1.6138,10234,122,816791114129,2.1443,0.6029,14.5329,16542500,65900,269100,0,1300,0
walking,0,16.6645,16.8044,1.9927,19026,122,816791281050,2.0936,0.6476,14.6957,16488400,83800,252800,0,2200,0
walking,0,16.6671,16.6813,1.5585,16626,122,816791449094,2.0158,0.9353,14.6518,16652600,72800,581400,0,1500,0
walking,0,16.6680,16.5601,1.6312,10234,122,816791615907,2.0157,0.7696,14.5270,16653900,81000,238000,0,1500,0
walking,0,16.6663,16.5056,1.6425,23558,122,816791781508,2.4739,0.7182,14.0145,16653700,73600,216500,0,1600,0
walking,0,16.6666,16.6666,1.9999,10234,103,816791946564,1.9409,0.7689,14.7118,16650800,72500,244200,0,1100,0
walking,0,16.7271,16.6686,1.6404,10234,103,816792113230,1.7090,1.8553,14.9450,16711300,180300,231300,0,1800,0
walking,0,16.6669,16.6682,1.5585,16626,103,816792279916,2.0820,0.5351,14.5719,16650000,71800,480800,0,1400,0
walking,0,16.6672,16.6664,2.0275,10234,102,816792446598,1.5855,0.7450,15.0655,16652400,69100,255800,0,1400,0
walking,0,16.6656,16.7277,1.6343,10474,103,816792613262,1.7862,0.6164,14.9252,16656200,2009300,416100,0,1700,0
walking,0,16.6778,16.6656,1.6435,10310,101,816792780539,1.7746,0.9230,14.8755,16850900,75900,267000,0,1500,0
walking,0,16.6584,16.6692,1.6620,19102,99,816792947195,1.6776,0.5686,14.9748,16437200,73600,236300,0,1600,0
walking,0,16.6659,16.6806,1.6701,16702,99,816793113887,3.8076,0.7838,12.8491,16648900,83100,595200,0,1500,0
walking,0,16.6670,16.8663,2.2159,10310,99,816793280693,1.9035,0.7580,14.9475,16653100,80000,240300,0,1500,0
walking,0,16.6664,16.4553,1.6466,10310,98,816793449356,1.9663,1.1568,14.4711,16646900,96700,262400,0,1500,0
walking,0,16.6707,16.6649,1.6609,10310,99,816793613909,1.8438,0.5307,14.8053,16660700,80100,218100,0,1400,0
walking,0,16.6637,16.6690,2.0081,10310,99,816793780558,1.6872,0.6955,14.9660,16638600,99600,255900,0,1900,0
walking,0,16.6694,16.6617,1.6046,16702,99,816793947248,2.4503,0.4812,14.1967,16652400,84600,503200,0,1500,0
walking,0,16.6687,16.6784,2.0449,10310,99,816794113865,1.6554,0.6662,15.0054,16657400,88200,270100,0,1400,0
walking,0,16.6652,16.6575,1.5739,10310,99,816794280649,1.8299,0.7442,14.8088,16647700,80000,216600,0,1500,0
walking,0,16.6662,16.6672,2.0326,10310,99,816794447224,1.8113,0.8622,14.8411,16726600,76200,211200,0,1300,0
walking,0,16.6680,16.6712,2.0070,10310,99,816794613896,1.8340,0.7366,14.8236,16777900,73600,254900,0,1200,0
walking,0,16.6681,16.6622,1.5811,16702,98,816794780608,1.6213,0.6287,15.0265,16543800,77000,494500,0,1800,0
walking,0,16.6665,16.7393,1.6312,10310,99,816794947230,1.6212,0.5906,15.1055,16873200,78100,238600,0,1700,0
walking,0,16.6683,16.7940,1.7029,10310,98,816795114623,1.6979,0.8024,15.0803,16430100,73600,302900,0,1600,0
walking,0,16.6670,16.5628,2.0531,10382,99,816795282563,1.9049,0.5801,14.6391,16651300,111100,276100,0,1600,0
walking,0,16.6661,16.8892,2.0562,10310,99,816795448191,2.2625,0.8961,14.6110,16558400,83900,238300,0,1600,0
walking,0,16.6676,16.4460,1.6261,16702,93,816795617083,1.6307,0.8402,14.7996,16652000,92900,602400,0,1800,0
walking,0,16.6672,16.6678,2.0787,10310,93,816795781543,1.8410,0.7896,14.8106,16651300,87500,248900,0,1700,0
walking,0,16.6666,16.5750,1.6927,10310,93,816795948221,1.6457,1.0264,14.9128,16649000,86800,239400,0,1300,0
walking,0,16.6661,16.6684,1.7162,10310,93,816796113971,1.7066,0.7211,14.9457,16651800,82100,219900,0,1300,0
walking,0,16.6667,16.6680,2.0664,10310,92,816796280655,1.7486,0.5724,14.9028,16651100,91800,256200,0,1200,0
walking,0,16.6663,16.6636,1.6097,16702,93,816796447335,1.7347,0.4804,14.9144,16650200,83800,509300,0,1300,0
walking,0,16.6669,16.6672,2.0705,10310,93,816796613971,1.5016,0.5268,15.1504,16744500,92200,248200,0,1400,0
walking,0,16.6667,16.6653,1.7521,10310,90,816796780643,1.7143,0.6252,14.9369,16650000,78500,222600,0,1500,0
walking,0,16.6688,16.6637,1.7050,10310,91,816796947296,1.5884,0.5119,15.0618,17035600,76800,234300,0,1500,0
walking,0,16.6671,16.7593,1.6425,10310,91,816797113933,1.5609,0.4972,15.1838,16448300,91100,251600,0,1700,0
walking,0,16.6663,16.6642,1.6415,16702,91,816797281526,1.6262,0.5115,15.0240,16650800,79900,614500,0,1200,0
walking,0,16.6665,17.0505,2.1340,10310,91,816797448168,1.9446,0.7433,15.0912,16386900,91600,256800,0,1600,0
walking,0,16.6665,16.4626,1.7592,10310,91,816797618673,2.2760,0.6878,14.1724,16652700,83500,237300,0,1700,0
walking,0,16.6680,16.6655,2.1248,10310,91,816797783299,2.1410,0.5516,14.5100,16653500,83100,333400,0,1200,0
walking,0,16.6894,16.4008,1.6753,20666,91,816797949954,1.7990,0.4955,14.5881,16677100,90300,236100,0,1300,0
walking,0,16.6454,16.6673,1.6312,16702,294,816798113962,1.4958,1.3060,15.1571,16720900,87600,544900,0,1700,0
walking,0,16.6680,16.6677,1.6742,10310,292,816798280635,1.4923,3.4011,15.1612,16657800,80500,251600,0,1700,0
walking,0,16.6667,16.6928,1.7490,10310,290,816798447312,2.8826,3.0427,13.7947,17036800,79900,252500,0,1400,0
walking,0,16.6673,16.7364,1.7172,10310,291,816798614240,2.5849,0.7096,14.1362,16275300,85200,244700,0,1700,0
walking,0,16.6669,16.6727,2.0511,10310,291,816798781604,1.9239,0.6558,14.7341,16929200,85800,237700,0,1800,0
walking,0,16.6643,17.0525,1.6620,16702,288,816798948331,2.3175,0.5944,14.7196,16644700,82000,593200,0,1800,0
walking,0,16.7251,16.2914,2.1023,10310,288,816799118856,1.7416,0.6141,14.5338,16428300,84000,228800,0,1200,0
walking,0,16.6676,16.9461,1.7193,10310,283,816799281770,2.4524,0.8815,14.4771,16579000,78300,232800,0,1300,0
walking,0,16.6675,16.6611,2.0756,10310,287,816799451231,2.4257,0.6327,14.2191,16800900,78900,244100,0,1500,0
walking,0,16.6655,16.4425,2.0357,10310,287,816799617842,1.8272,0.8008,14.6011,16500700,82600,241200,0,1900,0
walking,0,16.6661,16.5928,1.6445,16702,286,816799782267,1.7059,0.8545,14.8732,16661800,74600,448900,0,1200,0
walking,0,16.6685,16.8157,2.0787,10310,287,816799948195,2.3423,0.6067,14.4588,16697000,74300,225400,0,1500,0
walking,0,16.6671,16.5144,1.7828,10334,287,816800116352,1.8252,0.7751,14.6756,16597600,74000,228500,0,1500,0
walking,0,16.6659,16.6763,2.1228,10310,287,816800281496,1.6517,0.7494,15.0103,16743900,90300,269000,0,1300,0
walking,0,16.6661,16.7131,2.0828,10310,289,816800448259,1.8391,0.5829,14.8581,16808700,83500,316200,0,1600,0
walking,0,16.6656,16.6119,1.6763,54554,288,816800615390,1.6707,0.9738,14.9271,16598100,78400,500200,0,1300,0
walking,0,16.6690,16.7596,2.1494,10334,550,816800781509,1.9394,0.7891,14.8046,16957400,72100,248100,0,1100,0
walking,0,16.6674,16.8228,1.8647,10310,583,816800949105,2.3459,10.3001,14.4629,16486100,78500,251800,0,1500,0
walking,0,16.6657,16.6118,1.9139,10310,583,816801117333,3.1645,10.0915,13.4338,16528100,77300,250200,0,1500,0
walking,0,16.6678,16.9710,1.8821,10310,583,816801283451,2.7024,1.0483,14.2551,16755800,87300,239100,0,1500,0
walking,0,16.6674,16.5000,1.9026,16702,582,816801453161,2.6751,1.4658,13.8111,16497500,66800,496300,0,1400,0
walking,0,16.6664,16.5429,1.9405,10310,582,816801618161,2.5081,0.9429,14.0202,16501300,80300,239200,0,1500,0
walking,0,16.6679,16.7693,2.0797,10310,583,816801783590,2.5422,1.4811,14.2139,16670800,79400,294300,0,1400,0
walking,0,16.6658,16.5109,2.0408,10310,584,816801951283,2.2950,1.0700,14.2027,16632200,79300,297000,0,1500,0
walking,0,16.6684,16.5154,2.0214,10310,584,816802116392,2.2542,1.0288,14.2473,16659100,84000,314900,0,1200,0
walking,0,16.6661,16.6855,1.9343,16702,584,816802281546,2.1725,1.5014,14.4984,16937200,76200,506600,0,1300,0
walking,0,16.6651,16.6470,2.4801,10310,585,816802448401,2.1635,0.9094,14.4688,16573900,72400,234300,0,1300,0
walking,0,16.6678,16.6742,2.0193,10310,585,816802614871,2.2767,1.0261,14.3826,16414500,77000,241700,0,1100,0
walking,0,16.6668,16.9530,2.0726,10310,585,816802781613,2.5100,0.8178,14.4273,16653100,76500,228300,0,1400,0
walking,0,16.6710,16.5868,2.0285,10310,582,816802951143,2.3123,1.5025,14.2618,16659500,73000,214300,0,14800,0
walking,0,16.6648,16.4272,1.9681,16702,583,816803117011,1.6270,0.9354,14.7877,16643400,91200,614800,0,1800,0
walking,0,16.6666,16.6671,2.3603,10310,584,816803281283,1.9836,0.9134,14.6696,16650700,92300,338900,0,1700,0
walking,0,16.6770,16.6755,1.9732,10310,580,816803447954,2.3743,1.2334,14.2854,16671700,88100,351100,0,1400,0
walking,0,16.6564,16.6637,2.0306,10310,571,816803614709,2.9041,1.3001,13.7394,16624600,87700,324800,0,1400,0
walking,0,16.6685,16.6665,2.0951,10310,572,816803781346,3.4595,1.1980,13.1914,16655800,89100,288000,0,1700,0
walking,0,16.6670,16.6932,2.1023,16702,573,816803948011,2.4316,1.4295,14.2403,16649800,83600,659200,0,1200,0
walking,0,16.6667,16.6386,2.1053,10310,570,816804114943,1.8411,1.1149,14.7836,16653200,75600,215700,0,1200,0
walking,0,16.6655,16.6707,1.9937,10310,567,816804281329,2.3118,0.9637,14.3442,16741600,85000,247400,0,1500,0
walking,0,16.6675,16.6641,2.5088,10310,566,816804448036,2.4008,0.9532,14.2492,16889800,77400,232300,0,1400,0
walking,0,16.6663,16.6689,2.0511,10310,566,816804614677,1.8611,1.2761,14.7922,16348200,77600,221500,0,1500,0
walking,0,16.6688,16.7553,1.9937,16702,566,816804781366,2.4840,1.2282,14.2577,17211400,71400,552600,0,1500,0
walking,0,16.6674,16.9050,2.4453,19102,565,816804948919,2.2687,0.7801,14.6214,16345000,75400,248800,0,1500,0
walking,0,16.6662,16.3614,2.0029,10310,562,816805117969,1.8295,1.4526,14.5187,16378800,77700,257000,0,1400,0
walking,0,16.6660,17.2255,1.9845,10310,567,816805281583,2.4908,0.8711,14.7210,16647700,83100,300200,0,1300,0
walking,0,16.6674,16.3604,2.0552,10310,565,816805453838,2.8585,1.0159,13.4867,17062800,82300,271500,0,1400,0
walking,0,16.6661,16.3941,1.9026,16702,561,816805617442,1.9915,0.8348,14.3873,16457600,72700,456000,0,1300,0
walking,0,16.6690,16.6643,1.9139,10310,561,816805781383,2.1031,1.2341,14.5447,18181100,76700,317200,0,1200,0
walking,0,16.6657,17.0778,1.9395,10310,556,816805948026,2.5768,0.9316,14.4861,15448800,78300,242800,0,1400,0
walking,0,16.6666,16.4712,2.4392,10310,549,816806118804,2.1296,0.8208,14.3281,16593800,80200,251300,0,1500,0
walking,0,16.7318,18.1979,2.3153,10310,549,816806283516,3.8161,1.3218,14.3653,16416100,76000,231900,0,1400,0
walking,0,16.6667,15.4639,2.2159,16702,543,816806465495,2.9824,0.9062,12.4668,16493500,75400,594100,0,1400,0
walking,0,16.6670,16.6093,1.9640,10310,542,816806620134,2.5669,1.1742,14.0271,16636400,86600,252100,0,1400,0
walking,0,16.6676,16.4329,2.8897,10310,544,816806786227,2.2022,1.5453,14.2142,16637700,100500,262200,0,1400,0
walking,0,16.8443,16.5102,2.0244,10310,544,816806950556,2.2697,2.1279,14.2240,23933700,85600,262100,0,1600,0
walking,0,16.4922,16.6526,2.9665,10310,544,816807115658,1.9592,0.7963,14.6775,9695400,119100,290800,0,1700,0
walking,0,16.6694,16.6552,2.3214,16702,542,816807282184,2.0650,1.0018,14.5728,16564500,87100,600800,0,1700,0
walking,0,16.6668,23.9560,2.0265,10310,542,816807448736,9.4855,1.3189,14.4487,16943200,85100,343300,0,1300,0
walking,0,16.6629,9.7137,2.2764,10310,538,816807688296,2.7639,1.0618,6.9316,16303300,96500,230700,0,1400,0
walking,0,16.6675,16.5814,3.2154,10310,535,816807785433,2.5788,0.8571,13.9859,16696000,75100,222000,0,1100,0
walking,0,16.7339,16.9610,3.2205,10310,531,816807951247,2.8946,0.8849,14.0489,16848700,78000,224900,0,1400,0
walking,0,16.6663,16.3167,2.3654,16702,535,816808120857,2.1519,0.8664,14.1516,16451100,67300,509600,0,1100,0
walking,0,16.6700,16.7100,2.9286,10310,535,816808284024,2.2416,0.8916,14.4545,16810600,77000,357300,0,1200,0
walking,0,16.6658,16.8620,2.3562,10310,535,816808451124,2.5526,1.0791,14.2963,16801000,84300,246100,0,1300,0
walking,0,16.6767,16.4642,2.7023,10310,535,816808619744,2.1414,1.2867,14.3099,16371100,86700,241500,0,1600,0
walking,0,16.6565,16.8262,3.0781,10310,535,816808784386,2.4278,0.8340,14.3829,16681300,81500,1780900,958100,1500,0
walking,0,16.6696,16.8182,2.0675,16702,535,816808952648,2.6947,0.8913,14.1066,16787000,72200,716000,0,1200,0
walking,0,16.6647,16.3877,2.9460,10310,534,816809120830,2.6795,1.3837,13.6917,16591800,85500,476500,0,1200,0
walking,0,16.6690,16.6942,2.0306,10310,534,816809284707,3.5542,0.9106,13.1272,16588900,104400,307900,0,1600,0
walking,0,16.9473,16.8005,2.0992,10310,502,816809451649,2.5805,1.2758,14.2067,17663900,121700,224000,0,1800,0
walking,0,16.6663,16.6062,3.5359,10310,503,816809619654,3.2630,1.1122,13.3290,16117100,74200,227000,0,3100,0
walking,0,16.6653,16.6043,2.3398,16702,503,816809785716,2.9927,0.8693,13.5965,16442800,138500,883600,0,1400,0
walking,0,16.6684,17.6913,3.0228,10310,502,816809951759,3.5170,0.8078,14.1473,16437400,77500,327100,0,1600,0
walking,0,16.6794,16.1454,2.4310,10310,502,816810128672,2.8569,1.0876,13.2609,16692100,88400,279500,0,1500,0
walking,0,16.6541,16.4593,2.0982,10310,502,816810290126,3.4151,1.5849,13.0279,16579600,89300,263600,0,1400,0
walking,0,16.6673,16.4540,2.0460,10310,503,816810454719,2.7163,1.2351,13.7213,16652100,85800,319400,0,1300,0
walking,0,16.7694,16.7080,2.3808,16702,503,816810619259,2.3469,1.1636,14.3454,16754600,85700,623000,0,1800,0
walking,0,16.5640,16.5939,2.1647,10310,502,816810786339,2.3062,1.1273,14.2735,16546900,90300,267600,0,1700,0
walking,0,16.6679,16.6665,2.0367,10310,503,816810952278,2.2758,1.0016,14.3764,16655900,110400,435400,0,1200,0
walking,0,16.6661,16.7711,2.0204,10310,503,816811118943,2.5337,1.1391,14.2211,16651300,85300,258100,0,1600,0
walking,0,16.6671,16.5598,2.0787,10310,499,816811286654,2.4499,1.1536,14.0970,16651600,83100,245400,0,1600,0
walking,0,16.6661,16.6700,2.1146,16702,498,816811452252,2.9524,1.1165,13.7036,16652500,84300,661200,0,1200,0
walking,0,16.6679,16.6662,1.9855,10310,498,816811618952,2.4081,0.8653,14.2434,16657800,80200,264900,0,1000,0
walking,0,16.6681,16.6653,2.3224,10310,497,816811785614,2.5059,1.5573,14.1458,16653700,84700,246100,0,1500,0
walking,0,16.6672,16.6658,2.0040,10234,496,816811952267,2.5345,1.0637,14.1181,16653200,75500,301600,0,1500,0
walking,0,16.6666,16.6712,2.0388,10234,498,816812118925,2.1514,0.8686,14.5064,16649100,80200,265700,0,1600,0
walking,0,16.6665,16.6680,2.4740,16626,496,816812285637,2.0545,1.4358,14.5993,16651700,75700,777900,0,1500,0
walking,0,16.6674,16.6685,1.9968,10234,499,816812452317,2.2425,1.1174,14.4107,16652800,76100,336800,0,1700,0
walking,0,16.6676,16.6645,2.3624,10234,490,816812619002,2.6388,1.0506,14.0105,16651700,75700,335700,0,1400,0
walking,0,16.6647,16.6666,2.0716,10234,491,816812785647,3.4262,0.9825,13.2256,16646300,79900,272700,0,1600,0
walking,0,16.6675,16.6688,2.1135,10234,490,816812952313,2.5440,1.0350,14.1089,16656100,81400,266300,0,1400,0
walking,0,16.6790,16.6665,2.3327,16626,491,816813119001,2.4140,1.0135,14.2379,16667800,76700,555400,0,1300,0
walking,0,16.6660,16.6607,2.0224,10234,490,816813285666,2.2492,0.9715,14.3972,16654100,72800,595600,0,1400,0
walking,0,16.6580,16.6696,2.8109,10258,488,816813452273,2.7748,1.3495,13.8815,16640400,69600,246400,0,1100,0
walking,0,16.6662,16.6818,1.9456,10234,491,816813618969,2.8375,1.0555,13.8304,16652000,69900,220000,0,1300,0
walking,0,16.6692,16.6673,1.9579,10234,481,816813785787,2.5460,0.8408,14.1082,16658200,74900,274200,0,1600,0
walking,0,16.6680,16.6545,2.2979,16626,473,816813952460,2.1521,0.8815,14.4885,16652500,76100,661500,0,1500,0
walking,0,16.6671,16.6658,2.4095,10234,469,816814119005,2.2494,1.0969,14.4028,16647800,78600,327500,0,1500,0
walking,0,16.6646,16.6721,2.2559,10234,473,816814285663,2.3737,1.0325,14.2846,17270100,77900,253300,0,1800,0
walking,0,16.6684,16.6732,1.9364,10234,473,816814452384,2.4666,1.0086,14.1861,16968900,77600,268300,0,1500,0
walking,0,16.6662,16.6645,1.9333,10282,473,816814619116,2.4436,1.0282,14.2044,15906000,74600,263200,0,1300,0
walking,0,16.6693,17.2861,2.1012,16626,348,816814785761,3.5432,1.0706,13.7271,16759600,69800,464100,0,1000,0
walking,0,16.6655,16.9821,2.3173,10234,341,816814958622,3.4036,1.3808,13.5654,16636500,88600,258200,0,1500,0
walking,0,16.6679,15.9167,2.5313,10234,343,816815128443,2.1610,0.9591,13.7451,16879800,71900,255000,0,1200,0
walking,0,16.6688,16.7714,2.2569,10234,339,816815287610,2.2387,1.0768,14.5211,16456300,74000,308100,0,1200,0
walking,0,16.6682,16.6498,2.3060,10234,335,816815455324,2.7772,1.0786,13.8595,16660300,74300,247500,0,1200,0
walking,0,16.6658,16.8924,2.3378,28610,335,816815621822,2.6758,0.9271,14.2042,16338200,83700,595400,0,1900,0
walking,0,16.6661,16.4713,2.2671,10234,310,816815790746,2.7700,1.1253,13.6865,16649500,84200,281800,0,1600,0
walking,0,16.6771,16.6771,2.4689,10234,309,816815955459,2.4230,1.1550,14.2375,16664800,76600,249400,0,1300,0
walking,0,16.8542,16.3537,2.3767,10234,308,816816122230,2.9823,1.0816,13.3560,16835500,76500,251400,0,1600,0
walking,0,16.6685,16.6635,2.4596,10234,310,816816285767,2.3009,0.9541,14.3488,16654500,79100,246200,0,1400,0
walking,0,16.7163,16.6818,2.3122,16626,307,816816452402,2.2164,1.0801,14.4486,16700500,78200,518200,0,1700,0
walking,0,16.6664,16.8534,2.3183,10234,307,816816619220,2.2651,0.9073,14.5706,240430100,75400,243800,0,1400,0
walking,0,225.8910,16.6690,0.0000,10234,307,816816787754,2.3040,1.4920,14.3506,2303400,87500,212100,0,1600,0
walking,0,16.6865,16.7152,2.3685,16626,307,816816954444,2.5360,0.8276,14.1646,16468400,102800,961500,0,1500,0
walking,0,16.6638,240.4473,0.0000,20590,268,816817121596,225.8923,1.5389,14.5381,16643900,84700,277000,0,2200,0
walking,0,16.6669,2.3187,2.1596,10258,350,816819526069,2.2958,1.5308,0.0078,16659300,73700,303600,0,1400,0
walking,0,16.6648,16.4804,1.8811,10234,350,816819549256,3.0301,16.4804,13.4385,16644600,175100,243900,0,1100,0
walking,0,16.6673,16.6606,2.2211,16626,345,816819714060,2.4903,0.6525,14.1538,16654400,72200,489300,0,1200,0
walking,0,16.9269,16.6706,1.9128,10234,241,816819880666,1.9266,0.7933,14.7326,16917700,69400,324000,0,1200,0
walking,0,16.6656,16.6566,2.0961,10234,241,816820047372,2.0940,0.9537,14.5508,16651700,69400,224900,0,1200,0
walking,0,16.6803,16.6673,1.8975,10234,240,816820213938,1.7201,1.2376,14.9344,16685500,76500,239300,0,1300,0
walking,0,16.6563,16.9313,2.9153,10234,239,816820380611,1.7024,0.6664,15.2155,16606800,198300,351200,0,1800,0
walking,0,16.6658,16.6647,2.1504,16626,240,816820549924,1.7205,0.9351,14.9314,16647800,76100,767600,0,1500,0
walking,0,16.6675,16.7144,1.8104,10234,240,816820716571,1.7342,1.3578,14.9517,16663200,78800,253900,0,1500,0
walking,0,16.6668,16.6254,2.1330,10234,240,816820883715,2.6419,1.0730,13.9650,16650800,71900,233800,0,1100,0
walking,0,16.6669,16.6636,1.7900,10234,238,816821049969,2.3240,0.7812,14.3239,16642100,71000,292300,0,1500,0
walking,0,16.6660,16.6781,1.7900,10234,238,816821216605,1.8551,0.6970,14.8083,16651800,78500,266400,0,1500,0
walking,0,16.6653,16.6656,2.1043,16626,237,816821383386,1.7113,1.1331,14.9397,16648100,73700,643300,0,1200,0
walking,0,16.6669,16.6573,1.6998,10234,234,816821550042,1.8645,0.8720,14.7778,16654600,72000,341600,0,1200,0
walking,0,16.6673,16.6658,1.6753,10234,234,816821716615,1.6502,0.8318,15.0017,16654400,70400,237300,0,1300,0
walking,0,16.7114,16.6607,1.8063,10234,231,816821883273,2.1336,0.9316,14.5146,16707500,71300,247100,0,1300,0
walking,0,16.6634,16.6662,1.7039,10234,231,816822049880,1.7998,0.6978,14.8548,16636200,89000,260400,0,1500,0
walking,0,16.6662,16.6682,1.9988,16626,231,816822216542,1.7457,0.7412,14.9087,16647600,70100,623600,0,1400,0
walking,0,16.9938,16.7274,1.6404,10234,231,816822383224,1.9398,0.8420,14.7677,16989100,75800,239000,0,1500,0
walking,0,16.6555,16.6538,1.9784,10234,227,816822550498,1.9184,0.8078,14.7180,16630900,162600,232600,0,1100,0
walking,0,16.6682,16.6640,1.7162,20074,224,816822717036,2.1195,0.9867,14.5282,16658500,69500,293900,0,1400,0
walking,0,16.6655,17.0021,1.6435,10234,185,816822883676,1.7671,0.8858,15.2221,16650900,72700,243000,0,1200,0
walking,0,16.6685,16.6440,1.5872,16626,185,816823053697,1.7180,1.0127,14.9129,16656800,72900,670900,0,1300,0
walking,0,16.6688,16.6709,1.6558,10234,185,816823220137,1.9427,1.0060,14.7160,16657900,74400,241500,0,3600,0
walking,0,16.6644,16.6628,1.9241,10234,185,816823386846,1.6277,1.1853,15.0233,16646800,79800,244000,0,1700,0
walking,0,16.6682,16.6693,1.6036,10234,182,816823553474,2.0034,0.5999,14.6534,16654000,72100,225200,0,1400,0
walking,0,16.6657,16.6727,1.5995,10234,182,816823720167,2.0270,0.6740,14.6311,16652000,118400,323500,0,1600,0
walking,0,16.6679,16.6616,1.9876,16626,179,816823886894,1.6755,0.5879,14.9714,16654100,80700,1048400,0,1900,0
walking,0,16.6678,16.6683,1.5985,10234,176,816824053510,1.6397,0.7685,15.0145,16654500,78300,335300,0,1400,0
walking,0,16.6655,16.6657,1.9046,10234,176,816824220193,2.1421,0.8794,14.5100,16650100,76900,246200,0,1500,0
walking,0,16.6688,16.6687,1.6640,10234,175,816824386850,2.7194,0.8328,13.9349,16657000,77600,237700,0,1500,0
walking,0,16.6666,16.6690,1.6343,10234,176,816824553537,2.0668,0.6184,14.5879,16649900,189500,262500,0,1600,0
walking,0,16.6636,16.6640,1.9159,16626,172,816824720227,2.1021,0.6112,14.5482,16649700,79200,556000,0,1500,0
walking,0,16.6674,16.6718,1.6456,10234,173,816824886867,2.0405,0.6632,14.6167,16652200,67500,232100,0,1100,0
walking,0,16.6665,16.6666,1.9026,10234,173,816825053585,2.0733,0.7183,14.5769,16656600,66700,227900,0,1200,0
walking,0,16.7424,16.6593,1.6568,10234,171,816825220251,2.3390,0.9003,14.3108,16732500,68600,236600,0,1200,0
walking,0,16.6662,16.6636,1.7172,10234,171,816825386844,1.6854,0.5671,14.9668,16652100,71500,235600,0,1500,0
walking,0,16.6684,16.6674,1.9149,16626,171,816825553480,1.5719,0.5333,15.0848,16663500,65300,484300,0,1000,0
walking,0,16.6660,16.7440,1.6148,10234,170,816825720154,1.5457,0.5534,15.1869,16646500,69800,278900,0,1300,0
walking,0,16.6660,16.6645,1.6261,10234,171,816825887594,1.5938,0.7297,15.0584,16651400,72200,227200,0,1300,0
walking,0,16.6708,16.6783,1.6763,10234,138,816826054239,1.7749,0.7242,14.8888,16660000,67400,225300,0,1100,0
walking,0,16.6663,16.6612,1.6568,10234,137,816826221022,1.9318,0.6307,14.7148,16651600,64500,310200,0,1200,0
walking,0,16.6680,16.6644,1.8749,16626,138,816826387634,1.8138,0.7072,14.8377,16654200,78200,974900,0,1700,0
walking,0,16.6650,16.6747,1.5432,10234,138,816826554278,1.9511,0.7906,14.7091,16642600,72800,235800,0,1500,0
walking,0,16.6700,16.6665,1.5759,10234,138,816826721025,1.9032,0.7741,14.7487,16659800,73400,225700,0,1300,0
walking,0,16.6670,16.6725,1.6548,10234,136,816826887690,2.1002,0.6690,14.5541,16665000,73000,391500,0,1800,0
walking,0,16.6669,16.6576,1.6251,10234,136,816827054415,1.9898,0.6170,14.6529,16623700,76000,251200,0,1600,0
walking,0,16.6649,16.6752,1.9087,16626,136,816827220991,1.9174,0.7225,14.7424,16644700,75500,666500,0,1500,0
walking,0,16.6651,16.6881,1.5575,10234,134,816827387743,1.9882,0.6280,14.6771,16647200,79000,293100,0,1900,0
walking,0,16.6683,16.6483,1.5555,10234,129,816827554624,1.9615,0.7687,14.6623,16656800,78300,252300,0,1200,0
walking,0,16.6676,16.6610,1.6087,10234,125,816827721107,2.0562,0.9230,14.5887,16649000,75300,232000,0,1200,0
walking,0,16.6661,16.6627,1.5708,20878,122,816827887717,1.9682,0.6873,14.6791,16648700,76300,232500,0,1400,0
walking,0,16.6651,16.6731,1.9087,16626,103,816828054344,1.7669,0.6214,14.8901,16650300,70000,524200,0,1400,0
walking,0,16.6706,16.6653,1.5954,10234,103,816828221075,1.7399,1.3794,14.9092,16661100,70200,242300,0,1200,0
walking,0,16.6643,16.6630,1.6660,10234,103,816828387728,1.9693,0.6413,14.6796,16643800,133000,299900,0,1600,0
walking,0,16.6655,16.6631,1.6753,10234,103,816828554358,1.6739,0.6602,14.9767,16651800,70400,234800,0,1400,0
walking,0,16.6666,16.6766,1.6691,10234,103,816828720989,1.5258,0.9077,15.1355,16651600,68300,225200,0,1400,0
walking,0,16.6733,16.6577,1.9466,16626,103,816828887755,1.6262,0.5281,15.0177,16658700,61000,619900,0,1100,0
walking,0,16.6671,16.6650,1.5483,10234,103,816829054332,1.5414,0.4904,15.1106,16655700,63600,224200,0,1200,0
walking,0,16.6669,16.6644,1.5596,10234,101,816829220982,1.5725,0.9441,15.0792,16650300,70700,408300,0,1400,0
walking,0,16.6688,16.6733,1.5759,10310,99,816829387626,1.7857,0.5512,14.8732,16656000,83700,305400,0,1600,0
walking,0,16.6624,16.6713,1.6906,10310,98,816829554359,1.6463,0.6272,15.0096,16635800,83700,251300,0,1400,0
walking,0,16.6669,16.6693,2.3572,16702,99,816829721072,1.8568,0.6173,14.7937,16768000,75900,554400,0,1200,0
walking,0,16.6692,16.6740,1.6835,10310,99,816829887765,2.0832,0.5654,14.5730,16547400,75800,239800,0,1200,0
walking,0,16.6662,16.6483,1.6957,10310,99,816830054505,1.8784,0.5574,14.7575,16650000,80300,289300,0,1500,0
walking,0,16.6647,16.7798,1.6957,10310,99,816830220988,1.7406,0.5038,15.0275,16649600,81800,278800,0,1400,0
walking,0,16.6681,16.5635,1.6906,10310,99,816830388786,1.7273,0.9348,14.8204,16655800,75900,221800,0,1200,0
walking,0,16.6670,16.6641,2.0224,16702,99,816830554421,1.6941,0.5745,14.9559,16660800,75700,556900,0,1100,0
walking,0,16.6666,16.6618,1.7162,10310,99,816830721062,1.7787,0.4515,14.8710,16648600,80700,2660200,978200,1500,0
walking,0,16.6668,16.6672,1.6077,10310,99,816830887680,1.3417,0.6614,15.3142,16654200,76100,223600,0,1100,0
walking,0,16.6700,16.6721,2.0726,10310,99,816831054352,1.8901,0.6742,14.7708,16666600,70500,307200,0,1100,0
walking,0,16.6673,16.6622,1.7193,10310,99,816831221073,3.1168,0.6541,13.5319,16649100,83500,260000,0,1300,0
walking,0,16.6648,16.6653,1.9692,28854,99,816831387695,1.6605,0.5722,14.9938,16649900,89100,559200,0,1400,0
walking,0,16.6676,16.6803,1.7172,10310,99,816831554348,1.7936,0.6395,14.8733,16654600,85100,370500,0,1300,0
walking,0,16.6665,16.6636,1.5913,10310,99,816831721151,1.7305,0.6220,14.9187,16653700,81400,237400,0,1300,0
walking,0,16.6668,16.6619,1.6241,10310,99,816831887787,1.6121,0.7282,15.0380,16657000,80700,230500,0,1200,0
walking,0,16.6683,16.6674,1.7224,10310,99,816832054406,1.8658,0.5115,14.7890,16654500,88700,230300,0,1300,0
walking,0,16.6667,16.6660,2.0623,16702,99,816832221080,1.9248,0.5148,14.7291,16651500,84400,494600,0,1300,0
walking,0,16.6654,16.6698,1.7234,10310,99,816832387740,1.6073,0.5448,15.0499,16649900,82500,215400,0,1400,0
walking,0,16.6651,16.6683,1.9384,10310,92,816832554438,1.9546,0.6683,14.7001,16650200,81800,277300,0,1400,0
walking,0,16.6680,16.6654,1.7152,10310,93,816832721121,1.9575,0.4760,14.6942,16659200,82500,220600,0,1000,0
walking,0,16.6678,16.6626,1.7439,10310,93,816832887775,1.4089,0.8554,15.2412,16660100,76400,223600,0,1200,0
walking,0,16.6695,16.6616,2.0378,16702,93,816833054401,1.6142,0.7117,15.0360,16656800,76100,562000,0,1200,0
walking,0,16.6668,16.6705,1.7388,10310,93,816833221017,1.6504,0.5924,15.0089,16651500,77300,217700,0,1400,0
walking,0,16.6653,16.6724,1.9374,10310,93,816833387722,1.5117,0.6797,15.1486,16647400,85400,269700,0,1700,0
walking,0,16.6669,16.6704,1.7562,10310,93,816833554446,1.9860,0.4815,14.6710,16654300,75700,257300,0,1100,0
walking,0,16.6664,16.6693,1.7674,10310,93,816833721150,1.5630,0.8388,15.0886,16556400,79900,262100,0,1200,0
walking,0,16.6683,16.6607,2.1289,16702,91,816833887843,1.3349,0.5740,15.3125,16656900,79700,463400,0,1400,0
walking,0,16.6674,16.6685,1.7326,20666,91,816834054450,1.5301,0.8037,15.1243,16654500,77700,221200,0,1300,0
walking,0,16.6669,16.6653,1.6906,10310,294,816834221135,1.4069,0.5953,15.1497,16675000,85300,232400,0,1100,0
walking,0,16.6682,16.6697,1.9825,10310,294,816834387788,1.6346,11.8932,15.0224,16631000,80800,208000,0,1600,0
walking,0,16.6657,16.6693,2.0449,10310,289,816834554485,2.1253,3.0039,14.5295,16650100,80900,310400,0,1600,0
walking,0,16.6676,16.6892,1.9866,16702,289,816834721178,1.9459,0.5723,14.7293,16651500,77800,497500,0,1500,0
walking,0,16.6660,16.6457,2.1658,10310,290,816834888070,1.7979,0.7370,14.8332,16648600,83100,326700,0,1400,0
walking,0,16.6667,16.6659,2.0654,10310,288,816835054527,2.4874,0.9002,14.1628,16649700,86100,246000,0,1600,0
walking,0,16.6644,16.6685,2.1780,10310,288,816835221186,2.0024,0.8025,14.6492,16648800,89200,252300,0,1400,0
walking,0,16.6688,16.6637,1.7367,10310,288,816835387871,2.3819,0.6356,14.2668,16658200,82100,227000,0,1200,0
walking,0,16.6688,16.6652,1.9825,16702,288,816835554508,2.1744,0.7501,14.4754,16657900,77700,583000,0,1100,0
walking,0,16.6678,16.6611,1.7459,10310,287,816835721160,1.8478,0.8331,14.8011,16658000,76000,225600,0,1700,0
walking,0,16.6665,16.6719,2.0070,10310,286,816835887771,1.5108,1.1043,15.1476,16639100,85900,235700,0,1400,0
walking,0,16.7321,16.6703,1.7295,10310,286,816836054490,1.7396,0.5981,14.9186,16717500,80400,238800,0,1500,0
walking,0,16.6640,16.6735,1.6712,10310,287,816836221193,1.7427,0.5976,14.9154,16646100,80300,229800,0,1300,0
walking,0,16.6663,16.6624,2.4494,16702,287,816836387928,1.6853,0.9972,14.9539,16649400,93400,535400,0,1300,0
walking,0,16.6682,16.7328,1.7347,10310,289,816836554552,1.9322,0.5992,14.7855,16656400,74800,261000,0,1200,0
walking,0,16.6645,16.6605,1.9968,20666,288,816836721880,1.6148,1.2890,15.0315,16643800,81000,256200,0,1400,0
walking,0,16.6686,16.6653,2.1166,10310,583,816836888485,1.7896,0.9015,14.8599,16657700,80600,272900,0,1300,0
walking,0,16.6706,16.6735,2.2036,10310,582,816837055138,1.8214,9.5639,14.8352,16663000,78300,245300,0,1100,0
walking,0,16.6652,16.6587,1.9589,16702,583,816837221873,2.7658,7.6702,13.8782,16639000,85200,537700,0,1600,0
walking,0,16.6636,16.6694,2.4535,10310,583,816837388460,2.1762,0.8989,14.4816,16646000,82700,240600,0,1500,0
walking,0,16.6660,16.6795,2.2354,10310,583,816837555154,1.9499,1.1558,14.7132,16650600,79000,274200,0,1300,0
walking,0,16.6675,16.6588,2.3931,10310,583,816837721949,2.3310,1.5134,14.3081,16657500,77100,233200,0,1100,0
walking,0,16.6658,16.6601,1.9927,10310,585,816837888537,1.9387,1.3489,14.7075,16653800,77700,233400,0,1400,0
walking,0,16.6697,16.6619,2.4187,16702,583,816838055138,1.9138,0.8569,14.7369,16660600,76000,592300,0,1300,0
walking,0,16.6695,16.6691,2.4023,10310,585,816838221757,1.8456,0.8541,14.8120,16658400,80400,313000,0,1500,0
walking,0,16.6655,16.6653,2.2569,10310,585,816838388448,2.1450,1.5055,14.5089,16649300,92300,254500,0,1700,0
walking,0,16.6659,16.6736,2.4402,10310,585,816838555101,2.1208,1.0780,14.5399,16649300,81300,285400,0,1500,0
walking,0,16.6649,16.6730,1.9487,10310,585,816838721837,2.3515,1.3432,14.3070,16647900,84700,235500,0,1400,0
walking,0,16.6695,16.6658,3.0065,16702,584,816838888567,2.1352,1.4725,14.5144,16659800,74500,441300,0,1100,0
walking,0,16.6654,16.6640,2.5262,10310,584,816839055225,2.0358,1.0054,14.6137,16650600,84600,393100,0,1300,0
walking,0,16.6766,16.6602,2.3378,10310,575,816839221865,1.9126,0.8301,14.7353,16664200,80500,277100,0,1200,0
walking,0,16.6601,16.6733,2.6696,10310,584,816839388467,1.9101,1.6760,14.7498,16650400,76300,209600,0,1000,0
walking,0,16.6960,16.6642,2.0101,10310,583,816839555200,3.0358,0.8033,13.6149,16694800,80200,229900,0,1400,0
walking,0,16.6796,16.6764,2.4054,16702,572,816839721842,2.0544,0.9024,14.6099,16632000,218500,589500,0,1600,0
walking,0,16.6574,16.6636,2.7402,10310,566,816839888606,1.8034,1.1383,14.8470,16639600,76500,216100,0,1400,0
walking,0,16.6746,16.7213,2.3235,10310,572,816840055242,1.9463,1.4370,14.7487,16661100,74900,265900,0,1300,0
walking,0,16.7205,16.6555,2.7402,10310,572,816840222455,2.2553,1.1549,14.3766,16706900,78600,249300,0,1200,0
walking,0,16.6663,16.6530,1.9896,10310,569,816840389010,1.9532,0.9310,14.6866,16652800,78500,225900,0,1300,0
walking,0,16.8616,16.6738,2.7064,16702,565,816840555540,1.9948,1.2950,14.6663,16857000,77900,697100,0,1100,0
walking,0,16.6546,16.7202,2.4084,10310,566,816840722278,2.1230,0.9132,14.5840,16630800,71300,239500,0,1000,0
walking,0,16.6775,16.6649,2.2938,10310,567,816840889480,1.7226,1.2860,14.9302,16670900,68900,226300,0,700,0
walking,0,16.6685,16.8721,2.3624,10310,564,816841056129,2.4473,1.3204,14.4098,16656500,78200,197500,0,1300,0
walking,0,16.6657,16.6423,1.9804,10310,564,816841224850,1.9236,0.8993,14.7073,16652400,75200,213300,0,1100,0
walking,0,16.6681,16.6827,2.6511,16702,567,816841391273,1.7249,0.9087,14.9461,16656800,82200,508600,0,1400,0
walking,0,16.6666,16.6677,2.4279,10310,566,816841558100,1.7939,0.9271,14.8627,16650800,82200,225000,0,1100,0
walking,0,16.6779,16.6651,2.2497,10310,556,816841724777,1.7025,0.9835,14.9502,16667000,73600,290100,0,1000,0
walking,0,16.6595,16.6695,2.3665,10310,561,816841891428,1.9736,1.0178,14.6833,16652300,83800,328600,0,900,0
walking,0,16.6670,16.6633,1.9364,10310,556,816842058123,1.9670,0.9691,14.6838,16653900,74900,245200,0,1100,0
walking,0,16.6671,16.6769,2.4453,16702,549,816842224756,1.8789,1.3088,14.7881,16651000,79300,658900,0,1200,0
walking,0,16.6708,16.6651,2.6184,10310,549,816842391525,2.2366,0.8454,14.4158,16660400,83000,227500,0,1400,0
walking,0,16.6833,16.6682,2.2712,10310,544,816842558176,1.9809,1.1002,14.6730,16619100,95200,287600,0,1800,0
walking,0,16.6656,16.6658,2.6132,10310,544,816842724858,2.3383,0.8689,14.3127,16650300,83500,250100,0,1400,0
walking,0,16.7150,16.7209,2.2866,10310,543,816842891516,1.9686,1.2207,14.6921,16699000,81400,279500,0,1400,0
walking,0,16.6661,16.6353,2.3624,16702,544,816843058725,2.5417,0.9487,14.0775,16651900,80200,617600,0,1300,0
walking,0,16.7495,16.6645,2.4371,10310,544,816843225078,2.2079,1.4444,14.4425,16738400,75800,298500,0,1300,0
walking,0,16.6657,16.7131,2.3163,10310,544,816843391723,2.0157,1.5783,14.6833,16649700,88900,235600,0,1300,0
walking,0,16.6685,16.6652,2.4689,10310,540,816843558854,2.1188,0.8607,14.5332,16657000,79600,231700,0,1200,0
walking,0,16.6668,16.7524,1.9384,10310,540,816843725506,2.2654,0.9771,14.4732,16650800,82500,287500,0,1500,0
walking,0,16.6668,16.6633,2.4351,16702,537,816843893030,1.8841,1.0463,14.7658,16652700,83100,573600,0,1300,0
walking,0,16.6675,16.6713,3.2850,10310,535,816844059663,1.9430,1.4692,14.7141,16653900,84200,295900,0,1300,0
walking,0,16.6752,16.6653,2.1463,10310,535,816844226376,2.0128,1.6566,14.6382,16658700,89700,348700,0,2100,0
walking,0,16.6670,16.6670,1.9835,10310,533,816844393029,2.3746,1.4254,14.2781,16647100,78900,248500,0,1300,0
walking,0,16.6659,16.6702,2.3286,10310,533,816844559699,2.3558,1.1562,14.2983,16648900,90500,239700,0,1100,0
walking,0,16.6660,16.6762,2.7648,16702,534,816844726401,2.5827,0.9965,14.0761,16568800,75400,585900,0,1100,0
walking,0,16.6676,16.6626,2.7955,10310,535,816844893163,2.1362,1.0331,14.5110,16654900,78300,274300,0,1300,0
walking,0,16.7318,16.6614,2.0869,10310,535,816845059789,2.4941,1.4989,14.1550,16721700,72900,218300,0,1200,0
walking,0,16.6624,16.6676,2.7771,10310,535,816845226403,2.3316,1.4030,14.2372,16642800,83700,229700,0,1500,0
walking,0,16.9514,16.6683,2.1647,10310,535,816845393079,2.1517,0.8405,14.5034,16940600,74700,209200,0,1200,0
walking,0,16.6676,16.7366,2.8129,16702,500,816845559762,1.8331,1.3227,14.8887,16655200,82800,558200,0,1000,0
walking,0,16.6692,16.6559,2.7863,10310,503,816845727128,2.1096,0.9264,14.5333,16658900,96300,265700,0,1700,0
walking,0,16.6671,16.9532,2.1043,10310,503,816845893687,1.7178,1.4079,15.2228,16649900,81600,228100,0,1400,0
walking,0,16.6687,16.6680,2.5149,10310,503,816846063219,2.0379,1.0553,14.6174,16656000,80800,237400,0,1600,0
walking,0,16.6634,16.6728,2.4924,10310,502,816846229899,2.3915,0.9815,14.2674,16638400,115900,269900,0,3100,0
walking,0,16.6666,16.6655,2.7361,16702,503,816846396627,1.9734,0.8272,14.6766,16653800,85900,518700,0,1500,0
walking,0,16.7050,16.6758,2.1443,10310,502,816846563282,2.2264,1.0160,14.4297,16705600,79900,212600,0,1200,0
walking,0,16.6630,16.6537,2.4381,10310,502,816846730040,3.1047,1.1210,13.5337,16634700,76800,221600,0,1400,0
walking,0,16.7293,16.6665,2.8109,10310,503,816846896577,2.3301,0.7417,14.3238,16715000,76400,220700,0,1400,0
walking,0,16.6672,16.7202,2.4392,10310,502,816847063242,2.1704,0.8591,14.5353,16653300,90400,250300,0,1100,0
walking,0,16.9132,16.6500,2.1268,16702,502,816847230444,2.3527,1.4188,14.2823,16898300,87500,480200,0,1300,0
walking,0,16.6679,16.7295,2.5426,10310,502,816847396944,2.2906,0.8913,14.4244,16652900,102600,249700,0,1600,0
walking,0,16.6648,16.6657,2.2385,10310,496,816847564239,1.9018,1.3896,14.7516,16647100,76700,279400,0,1000,0
walking,0,16.6665,16.9130,2.6880,10310,498,816847730896,2.1121,0.9591,14.7863,16654700,74200,320900,0,1300,0
walking,0,16.6662,16.6688,2.3890,10234,498,816847900026,2.0368,1.3154,14.6162,16652900,70500,298500,0,1000,0
walking,0,16.6836,16.6616,2.5559,16626,498,816848066714,1.8252,1.0502,14.8219,16679400,60900,517300,0,900,0
walking,0,16.6771,16.6664,2.1627,10234,498,816848233330,1.9892,1.3707,14.6656,16676800,63000,266300,0,1200,0
walking,0,16.6576,16.6627,2.0664,10234,498,816848399994,1.8568,1.4216,14.7962,16608900,63600,202100,0,1000,0
walking,0,16.6656,16.6913,2.0470,10234,499,816848566621,1.8408,1.3355,14.8388,16650400,69900,230200,0,1400,0
walking,0,16.6696,16.7014,2.3634,10234,490,816848733534,1.8407,0.8742,14.8364,16661600,67000,262300,0,1100,0
walking,0,16.6668,16.6320,2.2088,16626,491,816848900548,1.6975,0.8940,14.9115,16654200,71700,539400,0,1300,0
walking,0,16.6669,16.6623,2.0992,10234,491,816849066868,2.2264,1.2905,14.4240,16650600,74100,229000,0,1400,0
walking,0,16.6658,16.6747,2.8232,10234,491,816849233491,1.8914,0.8908,14.7703,16650800,70500,228400,0,1100,0
walking,0,16.6648,16.6685,2.6348,10234,491,816849400238,2.0117,0.9445,14.6427,16646600,78400,228400,0,1500,0
walking,0,16.6676,16.6662,2.4084,10234,491,816849566923,1.8231,0.8509,14.8276,16654100,65700,216700,0,900,0
walking,0,16.6688,16.6652,2.3613,16626,490,816849733585,1.8833,1.1787,14.7677,16661200,62900,439300,0,1200,0
walking,0,16.6694,16.6602,2.3747,10234,467,816849900237,1.9564,0.8258,14.6903,16657300,66100,240200,0,1200,0
walking,0,16.6654,16.6659,2.3409,10234,473,816850066839,1.7513,0.8499,14.9029,16646000,80500,263600,0,1600,0
walking,0,16.6664,16.6737,2.3450,10234,471,816850233498,1.8453,1.3003,14.8161,16646400,68600,218400,0,1300,0
walking,0,16.6683,16.6737,2.3388,10234,470,816850400235,1.9430,1.0767,14.7143,16657000,69500,259800,0,1300,0
walking,0,16.6634,16.6639,2.6214,16626,473,816850566972,2.2467,0.9069,14.3995,16638200,84000,633100,0,1700,0
walking,0,16.6659,16.6625,2.6440,10234,472,816850733611,1.9852,0.8801,14.6612,16652900,67900,250000,769300,1100,0
walking,0,16.6667,16.6736,2.1146,10234,347,816850900236,1.9130,1.4173,14.7442,16655900,65100,208300,0,800,0
walking,0,16.6683,16.6551,2.9010,10234,343,816851066972,2.5755,0.8299,14.0627,16659400,71500,286200,0,900,0
walking,0,16.6660,16.6652,2.5262,10234,343,816851233523,1.9830,0.7503,14.6700,16646300,73900,216300,0,1300,0
walking,0,16.7330,16.6678,2.3532,16626,339,816851400175,2.0172,1.0600,14.6389,16729400,69800,920500,0,900,0
walking,0,16.6634,16.6721,3.0648,10234,335,816851566853,2.2711,0.7965,14.3884,16645200,75800,343200,0,1200,0
walking,0,16.6670,16.6583,2.3316,20074,335,816851733574,2.0858,1.1165,14.5605,16656100,70800,233700,0,1200,0
walking,0,16.6662,16.7428,2.1565,10234,310,816851900157,2.2911,1.5546,14.4384,16652400,70100,218800,0,1100,0
walking,0,16.6676,16.6576,2.5068,10234,310,816852067585,2.3591,1.0761,14.2863,16657100,70400,211000,0,1000,0
walking,0,16.6657,16.6686,2.3101,16626,310,816852234161,2.3286,0.8004,14.3277,16651700,69500,512300,0,1100,0
walking,0,16.6688,16.6635,2.6132,10234,309,816852400847,2.2991,0.7730,14.3534,16661400,76600,269100,0,1100,0
walking,0,16.6660,16.6685,2.2702,10234,310,816852567482,1.9260,0.9881,14.7312,16651600,74400,386400,0,1800,0
walking,0,16.6674,16.6633,2.6808,10234,306,816852734167,2.2211,1.1836,14.4307,16653600,68700,211500,0,1200,0
walking,0,16.6684,16.6740,2.6173,10234,306,816852900800,1.7878,0.8378,14.8737,16659200,71400,210100,0,1000,0
walking,0,16.6672,16.6643,2.6143,16626,304,816853067540,2.3652,0.7473,14.2864,16653800,72900,485400,0,1400,0
walking,0,16.6663,16.6648,2.6368,10234,307,816853234183,2.1566,0.8928,14.4970,16650900,74600,210400,0,1200,0
walking,0,16.6683,16.6734,2.2241,20590,299,816853400831,1.9203,0.8930,14.7390,16656500,75800,248800,0,1400,0
walking,0,16.6664,16.6683,2.8119,10234,237,816853567565,2.3128,0.6793,14.3411,16648700,72000,235200,0,1500,0
walking,0,16.6660,16.6644,2.0634,10234,234,816853734248,1.9602,1.5916,14.6908,16652700,71900,420400,0,1300,0
walking,0,16.6704,16.6713,2.1463,16626,233,816853900892,2.5171,0.7023,14.1395,16661100,73400,548300,0,1300,0
walking,0,16.6663,16.6631,2.1217,10234,230,816854067605,1.9886,0.8652,14.6603,16645300,79600,230000,0,1200,0
walking,0,16.6691,16.6651,2.1606,10234,228,816854234236,2.0102,0.9715,14.6426,16650200,74000,248500,0,1400,0
walking,0,16.6636,16.6795,2.2067,10234,227,816854400887,2.1898,0.6960,14.4715,16647700,99500,326300,0,1800,0
walking,0,16.6656,16.6638,1.9425,10234,225,816854567682,1.9488,0.9570,14.6966,16639700,77300,264200,0,1700,0
walking,0,16.6642,16.6717,1.6814,16626,225,816854734320,1.8013,1.0855,14.8491,16648800,66200,545100,0,1300,0
walking,0,16.6693,16.6649,1.7357,10234,218,816854901037,2.3778,0.8497,14.2701,16661300,64900,218600,0,1100,0
walking,0,16.6672,16.6538,1.9968,10234,219,816855067686,2.4755,0.7158,14.1643,16651900,68400,280100,0,1400,0
walking,0,16.6684,16.6621,2.3368,10234,216,816855234224,1.7802,0.7164,14.8688,16658000,68300,262400,0,1400,0
walking,0,16.6737,16.6744,2.0040,10234,216,816855400845,1.5769,1.0633,15.0846,16652500,74900,247200,0,1400,0
walking,0,16.6686,16.6653,2.3869,16626,213,816855567589,1.8308,1.0774,14.8212,16657200,71800,518000,0,1300,0
walking,0,16.6664,16.6766,2.0705,10234,213,816855734242,1.6793,0.7340,14.9789,16649300,97300,225700,0,1800,0
walking,0,16.6671,16.6660,1.9180,10234,209,816855901008,1.5628,0.8381,15.0898,16654900,67500,208900,0,1300,0
walking,0,16.6667,16.6742,2.3009,10234,209,816856067668,1.8806,0.7388,14.7768,16651500,69200,373200,0,1100,0
walking,0,16.6660,16.6617,1.6988,10234,209,816856234410,1.8667,0.6536,14.7827,16650200,68700,220000,0,1200,0
walking,0,16.6666,16.6684,2.0603,16626,209,816856401027,1.6791,1.0108,14.9761,16746600,67800,482800,0,1200,0
walking,0,16.7083,16.6648,2.0326,20074,209,816856567711,1.8325,0.6092,14.8191,16609800,64200,217500,0,1300,0
walking,0,16.6572,16.6630,1.8995,10234,173,816856734359,1.6942,0.6794,14.9562,16637300,93500,346700,0,2100,0
walking,0,16.6659,16.7600,1.9958,10234,173,816856900989,1.7490,0.6011,14.9977,16652600,74700,251200,0,1500,0
walking,0,16.6670,16.6233,1.9825,10234,173,816857068589,1.7978,1.1850,14.8122,16654800,66400,228100,0,1100,0
walking,0,16.6692,16.6515,2.0480,16626,173,816857234822,2.3275,0.6711,14.3099,16657800,68000,520300,0,1100,0
walking,0,16.6685,16.6648,1.9702,10234,173,816857401337,1.8393,0.5897,14.8135,16657000,76000,246700,0,1400,0
walking,0,16.6662,16.6671,1.9313,10234,141,816857567985,1.4714,0.8169,15.1835,16651900,169500,277000,0,1500,0
walking,0,16.6679,16.6714,2.0060,10234,141,816857734656,1.7562,0.7499,14.9019,16652000,80400,227300,0,1400,0
walking,0,16.6674,16.6714,1.9220,10234,139,816857901370,1.6105,1.0109,15.0466,16649400,110200,357300,0,1800,0
walking,0,16.6645,16.6679,2.2211,16626,139,816858068084,1.7957,0.5886,14.8564,16644600,87400,571500,0,1500,0
walking,0,16.6655,16.6686,1.5780,10234,138,816858234763,1.8001,0.8144,14.8521,16649000,67000,215500,0,1200,0
walking,0,16.7336,16.6668,1.8729,10234,139,816858401449,2.5215,0.9043,14.1279,16723100,63400,220200,0,1100,0
walking,0,16.6676,16.6600,2.2764,10234,139,816858568117,2.0256,0.5960,14.6192,16657400,98300,293200,0,900,0
walking,0,16.6647,16.6609,1.6691,10234,140,816858734717,1.5115,0.5404,15.1376,16648200,69300,232900,0,1000,0
walking,0,16.6721,16.7349,2.0408,16626,137,816858901326,1.3478,0.6699,15.3754,16668300,58300,793300,0,900,0
walking,0,16.6666,16.6694,2.0511,10234,138,816859068675,1.5977,0.6109,15.0599,16648600,75100,222300,0,1400,0
walking,0,16.6650,16.6586,2.0081,10234,138,816859235369,1.5559,0.7982,15.0924,16647500,69400,223000,0,1300,0
walking,0,16.6670,16.6828,2.6900,10234,131,816859401955,1.7555,0.6640,14.9129,16654100,73700,254700,0,1300,0
walking,0,16.6679,16.6652,1.5985,10234,129,816859568783,1.6034,0.5965,15.0454,16656100,67700,227300,0,1100,0
walking,0,16.6667,16.6617,2.2395,16626,129,816859735435,1.5576,0.7211,15.0900,16649800,80300,508100,0,1500,0
walking,0,16.6685,16.6684,2.0265,10234,127,816859902052,1.6637,0.5491,14.9904,16653000,69200,280400,0,1300,0
walking,0,16.6817,16.6707,1.8883,10234,127,816860068736,1.5498,0.8931,15.1064,16659800,72400,249200,0,1500,0
walking,0,16.7247,16.6673,2.2538,10234,122,816860235443,1.8466,0.6130,14.8032,16712600,67300,270200,0,1000,0
walking,0,16.6539,16.6708,1.5565,10234,122,816860402116,1.8173,0.6024,14.8360,16633700,76200,221100,0,1400,0
walking,0,16.6653,16.6754,2.1105,16626,122,816860568824,1.8192,0.8781,14.8407,16650700,73500,491300,0,1300,0
walking,0,16.6652,16.7302,2.0152,10234,121,816860735578,1.7442,0.7574,14.9686,16649700,64600,259400,0,1000,0
walking,0,16.6737,16.6503,1.8964,10234,122,816860902880,1.6170,0.8490,15.0168,16674700,56600,218800,0,900,0
walking,0,16.6631,16.6635,1.8606,10234,122,816861069383,1.7754,0.8868,14.8755,16632400,113700,293400,0,1800,0
walking,0,16.6658,16.6590,1.6886,20666,122,816861236018,1.5470,0.6073,15.1028,16648900,82300,227200,0,1600,0
walking,0,16.6685,16.6920,1.6527,16702,103,816861402608,1.4807,0.8173,15.1942,16656400,82700,579500,0,1400,0
walking,0,16.6658,16.6537,1.6660,10310,103,816861569528,2.4176,1.4770,14.2148,16650000,82100,258500,0,1400,0
walking,0,16.6658,16.6611,1.6660,10310,103,816861736065,2.0439,0.7480,14.6052,16648400,83500,383600,0,1400,0
walking,0,16.6673,16.6713,1.9814,10310,101,816861902676,1.7041,0.6909,14.9525,16657400,77600,310300,0,1300,0
walking,0,16.6660,16.6663,1.9108,10310,99,816862069389,1.6524,0.8668,14.9978,16652500,71300,225900,0,900,0
walking,0,16.6682,16.6608,1.6671,16702,99,816862236052,1.8065,0.9160,14.8420,16653200,71400,465200,0,1000,0
walking,0,16.6663,16.6699,2.1330,10310,99,816862402660,1.7924,0.5650,14.8649,16653900,76000,227200,0,1300,0
walking,0,16.6701,16.6687,1.9835,10310,98,816862569359,1.4272,0.7674,15.2254,16660900,73700,224400,0,1400,0
walking,0,16.6637,16.6651,2.1217,10310,99,816862736046,1.5233,0.7063,15.1299,16644400,83700,345700,0,1400,0
walking,0,16.6664,16.6661,1.6691,10310,99,816862902697,1.3106,0.5588,15.3434,16650900,74400,242300,0,1400,0
walking,0,16.6675,16.6751,1.6691,16702,99,816863069358,1.3786,1.3128,15.2825,16654500,69300,434400,0,1100,0
walking,0,16.6685,16.6578,2.1012,10310,99,816863236109,1.6835,0.5006,14.9609,16651900,71700,221600,0,1600,0
walking,0,16.6656,16.6657,2.0347,10310,98,816863402687,1.5137,0.7415,15.1372,16649600,75100,221700,0,1300,0
walking,0,16.6700,16.6724,2.1248,10310,99,816863569344,1.4692,0.4824,15.1853,16660900,73200,215000,0,1300,0
walking,0,16.6654,16.6678,1.6517,10310,99,816863736068,1.4525,0.6750,15.1994,16646700,76400,219700,0,1500,0
walking,0,16.6672,16.6640,2.0634,16702,99,816863902746,1.3518,0.6450,15.2978,16651800,82700,786900,0,1400,0
walking,0,16.6681,16.6748,2.0890,10310,99,816864069386,1.5921,0.5445,15.0689,16651000,81300,288000,0,1300,0
walking,0,16.6679,16.6629,1.9476,10310,99,816864236134,1.5447,0.6750,15.1020,16653500,89000,346100,0,1500,0
walking,0,16.6654,16.6694,1.7121,10310,99,816864402763,1.7834,0.8751,14.8686,16645000,93000,249000,0,1700,0
walking,0,16.6686,16.6699,1.6169,10310,99,816864569457,1.7493,0.7621,14.9019,16658800,84600,356500,0,1700,0
walking,0,16.7159,16.6694,2.0408,16702,99,816864736156,2.0136,0.8526,14.6400,16689800,86200,525400,0,1800,0
walking,0,16.6660,16.6625,2.3020,10310,99,816864902850,1.6635,0.9321,14.9816,16648900,87000,314400,0,1700,0
walking,0,16.6677,16.6752,1.9835,10310,93,816865069475,1.7580,0.7015,14.9010,16651700,84500,241900,0,1400,0
walking,0,16.6646,16.7090,1.6302,10310,93,816865236227,2.1591,1.3491,14.5308,16646000,84900,251700,0,1700,0
walking,0,16.6691,16.6627,1.9702,10310,93,816865403317,1.6276,0.5764,15.0213,16658500,85600,233300,0,1400,0
walking,0,16.6924,16.6686,2.2958,16702,93,816865569944,2.0524,0.5518,14.5994,16676500,83800,521300,0,1400,0
walking,0,16.6666,16.6628,2.0695,10310,93,816865736630,1.8368,0.4954,14.8094,16655000,86300,234900,0,1500,0
walking,0,16.7790,16.6729,1.9722,10310,93,816865903258,1.4041,0.7741,15.2546,16760500,85800,289900,0,1700,0
walking,0,16.6664,16.6936,2.3409,10310,93,816866069987,1.7795,0.5843,14.8971,16650600,94700,369500,0,2700,0
walking,0,16.6644,16.6688,1.6384,10310,93,816866236923,1.6168,0.9062,15.0382,16645700,85100,238000,0,1300,0
walking,0,16.6688,16.7757,1.6753,16702,90,816866403611,1.5644,1.0290,15.1962,16661000,87000,519900,0,1200,0
walking,0,16.6680,16.6666,2.3603,10310,91,816866571368,2.1532,0.5746,14.4976,16654100,80900,275000,0,1500,0
walking,0,16.6648,16.6577,1.9825,10310,91,816866738034,1.6059,0.6790,15.0398,16646900,88200,308100,0,1400,0
walking,0,16.6683,16.6750,1.7254,10310,91,816866904611,1.6312,0.8455,15.0299,16656100,85000,303700,0,1500,0
walking,0,16.6684,16.6682,2.0122,10310,91,816867071361,1.4938,0.9786,15.1605,16653700,86600,311200,0,1400,0
walking,0,16.6881,16.6599,1.9671,16702,91,816867238043,1.8130,0.8963,14.8339,16671300,89000,527800,0,1700,0
walking,0,16.6525,16.6719,1.7398,20666,91,816867404642,1.8489,0.6628,14.8072,16629700,86500,236800,0,1400,0
walking,0,16.6679,16.6726,1.7500,10310,294,816867571361,2.0556,0.7865,14.5982,16656200,77700,258200,0,1300,0
walking,0,16.6649,16.6870,1.9876,10310,290,816867738087,1.9439,3.3285,14.7275,16647900,79100,252200,0,1300,0
walking,0,16.8976,16.6458,1.7203,10310,291,816867904957,2.2767,2.5216,14.3532,16885500,198000,231000,0,1200,0
walking,0,16.6677,16.6708,1.9620,16702,290,816868071415,1.9786,0.6411,14.6778,16657000,74000,598700,0,1400,0
walking,0,16.6670,16.6602,1.6312,10310,288,816868238123,1.8495,0.6123,14.7984,16655000,85000,309800,0,1400,0
walking,0,16.6680,16.8971,1.6753,10310,288,816868404725,1.6530,1.1448,15.2325,16657600,77000,218200,0,1400,0
walking,0,16.6697,16.6691,1.6609,10310,288,816868573696,2.0534,0.7394,14.6038,16658600,74300,214600,0,1300,0
walking,0,16.6676,16.6665,2.0275,10310,287,816868740387,1.7858,0.5796,14.8693,16655100,73900,217700,0,1200,0
walking,0,16.6647,16.6702,1.9395,16702,287,816868907052,1.4656,0.6688,15.1921,16644700,97600,798700,0,1800,0
walking,0,16.6678,16.6733,1.6660,10310,287,816869073754,1.7268,0.8507,14.9318,16653000,94200,310600,0,1500,0
walking,0,16.6655,16.6704,1.6712,10310,287,816869240487,1.6478,0.9927,15.0076,16649300,87300,399800,0,1800,0
walking,0,16.6662,16.6604,1.6865,10310,287,816869407191,2.5281,1.0282,14.1168,16651500,89600,419000,0,1700,0
walking,0,16.6982,16.6698,2.0142,10310,287,816869573795,1.8159,1.5066,14.8373,16687900,83200,263100,0,1400,0
walking,0,16.6546,16.6643,1.7060,16702,288,816869740493,1.7929,0.6852,14.8565,16634800,83800,725800,0,1400,0
walking,0,16.6671,16.6661,1.6937,10310,287,816869907136,2.0475,0.6582,14.6042,16652500,74800,284800,0,1200,0
walking,0,16.6655,16.7028,1.7572,21210,283,816870073797,1.9118,0.8291,14.7762,16655000,76200,234500,792000,1500,0
walking,0,16.6681,16.6485,1.6742,10310,581,816870240825,2.2332,0.6188,14.4018,16656200,79300,304200,0,1100,0
walking,0,16.6682,16.6650,1.9169,10310,583,816870407310,1.8165,8.3682,14.8361,16655100,86000,233400,0,1600,0
walking,0,16.6685,16.6674,1.9968,16702,583,816870573960,3.6194,8.4570,13.0357,16654000,83500,597500,0,1300,0
walking,0,16.6667,16.6689,1.9067,10310,583,816870740634,2.2685,0.9990,14.3879,16649800,86000,408000,0,1400,0
walking,0,16.6662,16.6692,1.8749,10310,582,816870907323,2.2866,1.4702,14.3686,16651700,84800,253600,0,1500,0
walking,0,16.6667,16.6719,1.9630,10310,582,816871074015,2.6333,1.0849,14.0209,16651400,89600,250400,0,1400,0
walking,0,16.6668,16.6642,2.3009,10310,581,816871240734,2.3170,0.8785,14.3329,16649500,82400,248500,0,1300,0
walking,0,16.6663,16.6673,1.9476,16702,582,816871407376,2.1971,1.0219,14.4549,16653900,88700,521000,0,1600,0
walking,0,16.6652,16.6673,2.2692,10310,583,816871574049,2.2556,0.9744,14.3959,16648300,76800,242500,0,1400,0
walking,0,16.6661,16.6647,1.9620,10310,585,816871740722,2.2060,0.9612,14.4435,16650400,88500,304600,0,1400,0
walking,0,16.6671,16.6671,2.0367,10310,584,816871907369,2.2372,1.1607,14.4168,16655000,81400,253400,0,1500,0
walking,0,16.6753,16.6613,2.3142,10310,582,816872074040,2.2341,1.1925,14.4143,16665800,89200,230100,0,1200,0
walking,0,16.6612,16.6624,2.0265,16702,581,816872240653,2.6035,0.9832,14.0469,16650600,76200,511900,0,1100,0
walking,0,16.6662,16.6677,1.9825,10310,585,816872407277,2.8707,0.8529,13.7844,16652000,82800,233100,0,1500,0
walking,0,16.7022,16.6780,2.0552,10310,585,816872573954,2.4108,1.2843,14.2550,16689200,79100,227500,0,1300,0
walking,0,16.6672,16.6645,2.1074,10310,585,816872740734,2.5220,1.0284,14.1287,16652800,104800,242600,0,1300,0
walking,0,16.6659,16.6651,2.4013,10310,581,816872907379,2.1244,0.7782,14.5278,16651900,81300,330800,0,1300,0
walking,0,16.6672,16.7030,1.9507,16702,578,816873074030,2.1657,0.8283,14.5236,16654700,75800,583400,0,1400,0
walking,0,16.6665,16.6651,2.4248,10310,572,816873241060,2.3073,1.1534,14.3455,16651400,76000,267500,0,1200,0
walking,0,16.6698,16.6661,2.1033,10310,571,816873407711,2.5181,1.2543,14.1339,16658100,79800,246500,0,1400,0
walking,0,16.6672,16.6671,2.0644,10310,573,816873574372,2.3585,1.3908,14.2964,16657300,76000,228900,0,1400,0
walking,0,16.6657,16.6630,2.4412,10310,566,816873741043,2.1171,0.9121,14.5343,16651300,79000,245400,0,1300,0
walking,0,16.6672,16.6703,2.0644,16702,564,816873907673,2.2264,1.1633,14.4317,16657900,75100,504400,0,1100,0
walking,0,16.6674,16.6689,2.3419,10310,567,816874074376,2.2917,1.0764,14.3655,16653600,87200,259000,0,1100,0
walking,0,16.6897,16.6617,2.0797,10310,566,816874241065,2.2584,0.9978,14.3929,16679200,78800,250600,0,1000,0
walking,0,16.6652,16.6710,2.0634,10310,566,816874407682,2.4914,0.9952,14.1666,16649100,85300,234900,0,1300,0
walking,0,16.6671,16.6686,2.2968,10310,567,816874574392,2.1278,1.0880,14.5259,16654400,80500,223100,0,2000,0
walking,0,16.6658,16.6941,2.2723,16702,567,816874741078,2.1241,0.8993,14.5552,16651400,88100,545200,0,1500,0
walking,0,16.6663,16.6625,2.3511,10310,565,816874908019,2.0538,1.1257,14.5955,16649400,83600,278200,0,1100,0
walking,0,16.6686,16.6693,1.9927,10310,560,816875074644,2.0660,1.1069,14.5887,16655900,73800,237600,0,1200,0
walking,0,16.6666,16.6658,1.8811,10310,560,816875241337,2.9553,1.0008,13.6963,16653300,85200,274600,0,1500,0
walking,0,16.7274,16.6627,2.3245,10310,555,816875407995,1.8641,1.0774,14.7855,16723500,83900,256500,0,1300,0
walking,0,16.6581,16.6694,1.9876,16702,549,816875574622,1.8779,0.9588,14.7781,16637300,82900,870600,0,1400,0
walking,0,16.6647,16.6670,1.9528,10310,538,816875741316,2.1265,0.8653,14.5270,16647700,86100,256300,0,1400,0
walking,0,16.6663,16.7365,2.0081,10310,544,816875907986,1.8643,1.2517,14.8594,16650000,85600,265500,0,1500,0
walking,0,16.6696,16.6515,2.0132,10310,544,816876075351,2.8026,1.0217,13.8347,16659900,84300,246600,0,1300,0
walking,0,16.6631,16.6633,1.9661,10310,543,816876241866,1.9671,1.1136,14.6807,16642300,84300,240800,0,1700,0
walking,0,16.6673,16.6634,2.0367,16702,543,816876408499,2.0498,1.0434,14.6003,16655500,83500,608000,0,1200,0
walking,0,16.6672,16.6743,2.3040,10310,542,816876575133,2.3767,1.1220,14.2835,16652100,82700,310800,0,1400,0
walking,0,16.6656,16.6564,2.1084,10310,543,816876741876,2.6003,1.5846,14.0421,16653400,79500,260600,0,1300,0
walking,0,16.6693,16.6686,2.0234,10310,543,816876908440,2.4660,1.0463,14.1897,16663000,82800,243500,0,1000,0
walking,0,16.6664,16.6637,2.3009,10310,540,816877075126,2.2340,1.1711,14.4181,16653600,72600,224100,0,1400,0
walking,0,16.8994,16.6648,2.0306,16702,537,816877241763,2.1164,0.7763,14.5371,16887200,82700,546400,0,1300,0
walking,0,16.6678,16.6753,2.4433,10310,533,816877408411,1.9184,0.7995,14.7448,16654200,89100,314500,0,1400,0
walking,0,16.6646,16.6666,2.1289,10310,535,816877575164,1.9708,1.0972,14.6829,16645700,93800,349600,0,1600,0
walking,0,16.6690,16.9015,2.0654,10310,535,816877741830,2.3599,1.0182,14.5274,16656900,83800,312500,0,1500,0
walking,0,16.6643,16.6680,2.3644,10310,534,816877910845,2.0289,1.6880,14.6255,16643000,83800,256500,0,1300,0
walking,0,16.6667,16.6615,2.0705,16702,535,816878077525,2.4774,1.0267,14.1684,16655200,75300,525600,0,1100,0
walking,0,16.6678,16.6718,2.4596,10310,535,816878244140,2.2378,1.3941,14.4191,16653100,82000,243100,0,1300,0
walking,0,16.6710,16.6592,2.0081,10310,534,816878410858,2.3173,1.3349,14.3259,16666800,79400,219500,0,3100,0
walking,0,16.6638,16.6689,1.9855,10310,534,816878577450,2.2190,0.8266,14.4364,16641600,113900,270800,0,1600,0
walking,0,16.7149,16.6651,2.3818,10310,535,816878744139,2.0863,0.7775,14.5670,16701800,82900,259000,0,1300,0
walking,0,16.6670,16.6814,2.0828,16702,501,816878910790,1.9696,1.0498,14.6972,16652600,85900,674500,0,1800,0
walking,0,16.6669,16.6572,2.3439,10310,501,816879077604,3.1208,0.9992,13.5208,16652200,84000,262300,0,1500,0
walking,0,16.6678,16.7174,2.0326,10310,502,816879244176,2.4599,1.0459,14.2420,16650800,88400,561700,0,1500,0
walking,0,16.6675,16.6668,2.2282,10310,503,816879411350,2.6508,1.0159,14.0021,16650600,91800,381000,0,1700,0
walking,0,16.6661,16.6691,2.5569,10310,502,816879578018,2.6334,1.8908,14.0190,16648700,87700,294200,0,1600,0
walking,0,16.6679,16.6670,2.0705,16702,501,816879744709,2.7617,1.6056,13.8893,16652700,83300,827200,0,1800,0
walking,0,16.6675,16.6685,2.3828,10310,503,816879911379,2.6381,0.9349,14.0126,16654200,81100,241400,0,1500,0
walking,0,16.6627,16.6650,2.6132,10310,503,816880078064,2.7244,1.4276,13.9245,16640800,97800,312100,0,1500,0
walking,0,16.6690,16.6694,2.1023,10310,503,816880244714,2.5834,1.0309,14.0695,16658000,77500,211000,0,1300,0
walking,0,16.7127,16.6697,2.3450,10310,503,816880411408,2.1220,0.9855,14.5325,16713200,76400,263100,0,1000,0
walking,0,16.6550,16.6536,2.0347,16702,501,816880578105,2.0677,1.1371,14.5732,16614800,73600,935900,0,1200,0
walking,0,16.6673,16.6703,2.4586,10310,502,816880744641,1.9326,0.9421,14.7255,16658400,67600,189800,0,900,0
walking,0,16.6693,16.7357,2.6153,10310,498,816880911344,1.9743,1.7133,14.7389,16662200,67000,238100,0,1000,0
walking,0,16.6669,16.6252,1.9866,10310,497,816881078701,2.6099,0.9056,14.0050,16653900,90500,226300,0,1400,0
walking,0,16.6651,16.6689,2.0265,10310,496,816881244953,1.6748,1.1157,14.9837,16648400,71800,289700,0,1000,0
walking,0,16.6695,16.6750,2.1371,16626,497,816881411642,1.6268,0.9936,15.0355,16663300,61000,947400,0,1200,0
walking,0,16.6687,16.6666,2.3491,10234,495,816881578392,2.0237,0.9424,14.6303,16653300,80900,331700,0,1500,0
walking,0,16.6653,16.6584,2.5119,10234,498,816881745058,1.9228,1.2525,14.7256,16652100,72300,299900,0,1200,0
walking,0,16.6661,16.6768,1.9937,10234,499,816881911642,3.7455,1.5925,12.9179,16650600,70500,250600,0,1400,0
walking,0,16.6664,16.6673,2.1228,10234,491,816882078410,2.2004,1.3992,14.4530,16656100,69300,237900,0,1400,0
walking,0,16.7208,16.6652,2.0756,16626,491,816882245083,1.8162,0.9537,14.8360,16722500,67400,485200,0,1200,0
walking,0,16.6858,16.6635,2.3368,10234,491,816882411735,1.9143,0.9653,14.7365,16652800,94000,217400,0,1200,0
walking,0,16.6583,16.6684,2.0040,10234,490,816882578370,2.2717,0.9106,14.3845,16622400,62000,300700,0,1100,0
walking,0,16.6653,16.7469,2.0470,10234,491,816882745054,2.0687,1.0559,14.6543,16650200,72700,285600,0,1300,0
walking,0,16.6682,16.6853,2.1432,10234,491,816882912523,1.9375,1.2164,14.7155,16656700,70200,241400,0,1300,0
walking,0,16.6641,16.6350,1.9630,16626,490,816883079376,1.8756,1.3894,14.7469,16649700,68800,464000,0,1100,0
walking,0,16.6694,16.6628,2.2989,10234,477,816883245726,2.3150,0.8449,14.3353,16659500,64200,208700,0,1000,0
walking,0,16.6677,16.6696,2.0163,10234,472,816883412354,2.2121,1.0800,14.4448,16656100,73300,226000,0,1900,0
walking,0,16.6669,16.6606,2.1217,10234,473,816883579050,2.3686,0.7884,14.2813,16652700,69300,232400,0,1400,0
walking,0,16.6688,16.6714,1.9251,10234,473,816883745656,1.9367,0.9070,14.7229,16655100,69700,221100,0,1300,0
walking,0,16.6653,16.6710,1.9364,16626,473,816883912370,2.0556,0.8658,14.6006,16646900,79100,612100,0,1700,0
walking,0,16.6666,16.6674,2.3265,10234,472,816884079080,2.0897,0.9413,14.5631,16650500,73400,228800,0,1300,0
walking,0,16.6683,16.6712,1.9661,10234,348,816884245754,2.1197,1.1338,14.5356,16659600,71100,237600,0,1200,0
walking,0,16.6647,16.6629,2.3060,10234,341,816884412466,2.7892,1.3224,13.8579,16643800,84200,251300,0,1500,0
walking,0,16.6655,16.6636,2.5436,10234,343,816884579095,2.3678,0.9808,14.2827,16649700,75100,280400,0,1300,0
walking,0,16.6841,16.6761,2.3398,16626,339,816884745731,2.2245,0.9343,14.4351,16683000,75100,604000,0,1500,0
walking,0,16.6602,16.6574,3.1478,10234,335,816884912492,2.2621,1.3652,14.3818,16632100,70400,225900,0,1100,0
walking,0,16.6666,16.6607,2.7566,20074,335,816885079066,1.8212,1.5161,14.8286,16650400,73000,231400,0,1100,0
walking,0,16.6691,16.7003,2.1944,10234,310,816885245673,2.3575,0.8798,14.3256,16661800,70400,281800,0,1300,0
walking,0,16.6647,16.6482,2.5334,10234,309,816885412676,1.9247,0.7503,14.7074,16647700,78200,501700,0,1500,0
walking,0,16.6678,16.6616,2.2856,16626,310,816885579158,2.2631,1.2351,14.3874,16657200,72700,604700,0,1200,0
walking,0,16.6671,16.6748,3.0228,10234,310,816885745774,1.9105,0.9004,14.7514,16654700,81900,259200,0,1200,0
walking,0,16.6699,16.6596,2.6941,10234,310,816885912522,2.1755,1.5138,14.4724,16660000,70200,224500,0,1200,0
walking,0,16.6856,16.6701,2.3521,10234,307,816886079118,2.1981,0.8653,14.4593,16669900,73900,376800,0,1300,0
walking,0,16.6681,16.6680,2.7566,10234,306,816886245819,2.2952,0.7002,14.3595,16656100,73300,326500,0,1300,0
walking,0,16.6660,16.6745,2.3808,16626,307,816886412499,1.9629,0.9305,14.6973,16649000,87000,564600,0,1600,0
walking,0,16.6649,16.6837,2.5887,10234,304,816886579244,2.3113,0.9392,14.3589,16645300,78000,252000,0,1400,0
walking,0,16.6663,16.6719,2.3163,20590,302,816886746081,2.1556,1.0892,14.5008,16652800,71400,236500,0,1300,0
walking,0,16.6688,16.6646,2.4044,10234,238,816886912800,2.2717,0.8313,14.3774,16659400,66600,289000,0,1100,0
walking,0,16.6708,16.6605,1.7695,10234,234,816887079446,2.4438,1.4779,14.2017,16662500,73500,286600,0,1300,0
walking,0,16.6630,16.6650,1.8145,16626,233,816887246051,2.1590,1.0513,14.4939,16642000,69000,1035500,0,1200,0
walking,0,16.6675,16.6723,2.4924,10234,229,816887412701,1.8906,1.0712,14.7690,16653700,72900,228800,0,1200,0
walking,0,16.6665,16.6781,1.7654,10234,228,816887579424,1.7741,0.8495,14.8888,16652700,68200,226100,0,1600,0
walking,0,16.6656,16.6550,1.7254,10234,225,816887746205,2.3154,0.8329,14.3268,16650300,67300,226000,0,1100,0
walking,0,16.6659,16.6677,1.9825,10234,225,816887912755,1.8155,0.6703,14.8383,16653000,65600,210400,0,1000,0
walking,0,16.6680,16.6671,1.6896,16626,224,816888079432,1.7656,0.8626,14.8873,16658900,64000,524700,0,1300,0
walking,0,16.6662,16.6617,1.7715,10234,217,816888246103,1.8715,0.5515,14.7789,16650000,69000,228400,0,1200,0
walking,0,16.6676,16.6641,1.7347,10234,219,816888412720,1.6504,0.7710,15.0027,16659300,66600,202000,0,1300,0
walking,0,16.6751,16.6717,1.7367,10234,216,816888579361,2.1027,0.9424,14.5563,16661700,68300,230000,0,1200,0
walking,0,16.7084,16.6621,2.0019,10234,216,816888746078,2.0653,0.5775,14.5849,16698000,65300,208500,0,1200,0
walking,0,16.6741,16.6708,1.7060,16626,213,816888912699,1.5403,0.6517,15.1192,16662800,66600,609700,0,1200,0
walking,0,16.6684,16.6727,1.9681,10234,213,816889079407,2.0750,0.7974,14.5868,16659000,66600,219900,0,1200,0
walking,0,16.6670,16.7099,1.6906,10234,208,816889246134,1.8447,0.7720,14.8534,16651600,65100,228300,0,1100,0
walking,0,16.6677,16.6738,1.7295,10234,209,816889413233,2.0846,0.5732,14.5784,16655800,73000,222700,0,1200,0
walking,0,16.6657,16.6723,1.9374,10234,209,816889579971,1.8787,0.6250,14.7804,16651500,70900,235800,0,1200,0
walking,0,16.6693,16.6657,1.6876,16626,209,816889746694,1.7923,0.5904,14.8594,16659400,72600,630600,0,1300,0
walking,0,16.6658,16.6699,2.9809,20074,209,816889913351,1.6056,0.6510,15.0503,16648300,74500,1476700,1051500,1300,0
walking,0,16.6970,16.6636,1.6794,10234,173,816890080050,1.6542,1.2167,14.9973,16682000,71900,327300,0,1400,0
walking,0,16.6641,16.6738,1.5770,10234,173,816890246686,2.2079,1.0435,14.4517,16650800,69300,228700,0,1500,0
walking,0,16.6685,16.6633,1.8811,10234,172,816890413424,3.2087,0.9698,13.4397,16657800,75600,243500,0,1300,0
walking,0,16.6641,16.6948,1.6906,16626,172,816890580057,1.8114,0.6014,14.8706,16644000,71000,519900,0,1200,0
walking,0,16.6674,16.6631,1.6015,10234,173,816890747005,1.6957,0.7515,14.9553,16660200,60700,216000,0,1000,0
walking,0,16.6715,16.6725,1.6589,10234,141,816890913636,1.7013,0.8591,14.9567,16658200,89100,213000,0,1200,0
walking,0,16.6707,16.6547,1.6701,10234,141,816891080361,2.3197,0.6599,14.3244,16665400,61000,1788700,0,800,0
walking,0,16.6641,16.6723,1.9139,10234,139,816891246908,1.6785,0.5740,14.9818,16645400,86800,315700,0,2000,0
walking,0,16.6653,16.6693,1.5616,16626,139,816891413631,1.8436,2.7389,14.8146,16651000,74300,618500,0,1400,0
walking,0,16.6661,16.6779,1.9548,10234,139,816891580324,4.9336,0.7913,11.7318,16652100,64700,211200,0,1100,0
walking,0,16.6679,16.6595,1.6036,10234,139,816891747103,2.6412,0.9780,14.0043,16661700,63600,223400,0,1000,0
walking,0,16.6658,16.6636,1.5739,10234,139,816891913698,2.0433,0.5969,14.6077,16651900,64300,321800,0,1300,0
walking,0,16.6694,16.6623,1.8995,10234,141,816892080334,1.7388,0.7076,14.9134,16662400,58000,284300,0,900,0
walking,0,16.6648,16.6726,1.5749,16626,138,816892246957,1.6822,0.5538,14.9796,16649300,74300,653100,0,1400,0
walking,0,16.6702,16.6622,1.6538,10234,138,816892413683,1.7599,0.6285,14.8920,16662200,68300,238900,0,1100,0
walking,0,16.7292,16.6740,1.6763,10234,138,816892580305,1.6683,0.9376,14.9942,16718400,71300,249500,0,1300,0
walking,0,16.6662,16.6614,1.5800,10234,131,816892747045,2.3154,0.7451,14.3339,16650500,73600,250100,0,1500,0
walking,0,16.6675,16.6748,1.8842,10234,129,816892913659,1.5476,0.6273,15.1147,16650900,78700,248500,0,1400,0
walking,0,16.6665,16.7323,1.5575,16626,129,816893080407,1.8551,0.9821,14.8635,16651500,68900,626200,0,1300,0
walking,0,16.6637,16.6671,1.9108,10234,129,816893247730,2.0488,0.6780,14.6019,16645100,71300,220600,0,1300,0
walking,0,16.6710,16.6661,1.5657,10234,127,816893414401,1.9983,0.7210,14.6527,16664500,65700,208300,0,1200,0
walking,0,16.6666,16.6662,1.5524,10234,122,816893581062,2.1817,0.6748,14.4699,16651900,170100,222200,0,1800,0
walking,0,16.6679,16.6572,1.8678,10234,122,816893747724,1.5952,0.5153,15.0501,16653300,75600,276700,0,1600,0
walking,0,16.6645,16.6782,1.5964,16626,122,816893914296,1.4981,0.5917,15.1665,16646600,75100,621400,0,1600,0
walking,0,16.6668,16.6663,1.5759,10234,121,816894081078,1.8192,0.9015,14.8329,16656100,88400,228900,0,1500,0
walking,0,16.6695,16.6686,1.5319,10234,122,816894247741,2.0749,0.7602,14.5786,16658100,72700,243700,0,1400,0
walking,0,16.6664,16.6605,1.6200,10234,122,816894414427,1.9846,0.8052,14.6621,16648500,84000,287200,0,1900,0
walking,0,16.6645,16.6685,1.8719,20666,122,816894581032,1.7547,0.9055,14.9014,16645700,91300,309700,0,1300,0
walking,0,16.6670,16.6737,1.5770,16702,103,816894747717,1.9097,0.6073,14.7485,16655500,76700,675000,0,1200,0
walking,0,16.6680,16.6635,1.9149,10310,102,816894914454,1.9130,1.4039,14.7356,16656800,98900,228600,0,1400,0
walking,0,16.6653,16.6600,1.6937,10310,103,816895081089,2.1674,0.7149,14.4783,16654500,79100,230200,0,1500,0
walking,0,16.6679,16.6677,1.5831,10310,101,816895247689,1.8991,0.5464,14.7565,16655000,72300,225500,0,1000,0
walking,0,16.6670,16.6707,1.9016,10310,99,816895414366,2.0185,0.5319,14.6384,16649400,84400,373300,0,1800,0
walking,0,16.6654,16.6667,1.6558,16702,99,816895581073,1.6493,0.4759,15.0053,16650100,77700,512200,0,1300,0
walking,0,16.6666,16.6684,1.9302,10310,99,816895747740,1.5765,1.3428,15.0787,16655500,71500,204100,0,1000,0
walking,0,16.6680,16.6638,1.6753,10310,99,816895914424,1.5825,0.6876,15.0670,16655600,73800,217700,0,1300,0
walking,0,16.6692,16.6625,1.6957,10310,99,816896081062,1.8467,0.4408,14.8035,16659600,72000,304600,0,1100,0
walking,0,16.6695,16.6668,1.9272,10310,99,816896247687,1.7030,0.5008,14.9526,16653200,89300,264800,0,4400,0
walking,0,16.6691,16.6698,1.6036,16702,99,816896414355,1.5317,0.6248,15.1239,16655700,97700,698500,0,2300,0
walking,0,16.6628,16.6727,1.9548,10310,99,816896581053,1.7604,0.7000,14.8994,16624300,152800,234200,0,1700,0
walking,0,16.6651,16.6753,1.6507,10310,99,816896747780,2.1730,1.1510,14.4802,16647400,95400,207400,0,1300,0
walking,0,16.6717,16.6844,1.6927,10310,99,816896914533,2.7438,0.5590,13.9120,16663000,80200,306800,0,1300,0
walking,0,16.6664,16.6420,1.9702,10310,99,816897081377,2.2806,0.7556,14.3438,16642400,101400,237000,0,2100,0
walking,0,16.6648,16.6640,1.6108,16702,99,816897247797,1.7186,0.6580,14.9289,16642200,122400,560300,0,1700,0
walking,0,16.6656,16.6842,2.9184,10310,99,816897414437,1.7947,0.5402,14.8685,16642700,94200,284800,0,1500,0
walking,0,16.6688,16.6638,1.6906,10310,99,816897581279,1.7215,0.9643,14.9212,16657200,95000,320300,0,1400,0
walking,0,16.6702,16.6620,1.7019,10310,99,816897747917,2.2567,0.7196,14.3856,16654000,102600,251700,0,1800,0
walking,0,16.6658,16.6597,1.7070,10310,99,816897914537,1.6076,1.3489,15.0352,16640600,97900,229400,0,1400,0
walking,0,16.6654,16.6759,2.8498,16702,99,816898081134,1.6985,0.6236,14.9588,16642900,113400,503200,0,1700,0
walking,0,16.6665,16.6756,1.6353,10310,99,816898247893,1.9930,0.7720,14.6612,16648500,108500,344200,0,1400,0
walking,0,16.6662,16.6625,1.6507,10310,93,816898414649,1.7085,0.6817,14.9324,16644200,116300,450900,0,1600,0
walking,0,16.6691,16.6641,1.6333,10310,93,816898581274,2.2843,0.5442,14.3586,16652100,105600,243600,0,1400,0
walking,0,16.6668,16.6679,2.1565,10310,93,816898747915,1.7644,0.5802,14.8842,16644500,113100,223400,0,1500,0
walking,0,16.6654,16.6626,2.8744,16702,93,816898914594,2.0194,0.5962,14.6249,16641300,145800,634000,0,1400,0
walking,0,16.6651,16.6733,1.6282,10310,93,816899081220,1.7105,0.8359,14.9418,16648300,82500,245900,0,1300,0
walking,0,16.6672,16.6631,1.6681,10310,93,816899247953,1.7098,1.0979,14.9349,16654800,78200,218900,0,1200,0
walking,0,16.6676,16.6591,2.3357,10310,93,816899414584,2.1566,0.5258,14.4849,16655200,90800,317500,0,1700,0
walking,0,16.6676,16.6615,1.9722,10310,93,816899581175,1.4963,0.4882,15.1522,16655400,84400,293500,0,1500,0
walking,0,16.6679,16.6682,1.6794,16702,91,816899747790,1.4302,1.2588,15.2246,16656600,83300,610800,0,1400,0
walking,0,16.6658,16.6690,2.2405,10310,91,816899914472,1.5764,0.9588,15.0790,16648600,88000,272500,0,1600,0
walking,0,16.6652,16.6692,1.7766,10310,91,816900081162,1.5923,0.6896,15.0632,16646600,83300,252000,0,1600,0
walking,0,16.6684,16.6698,2.3828,10310,91,816900247854,2.0867,0.7005,14.5701,16657700,84300,287500,0,1400,0
walking,0,16.6677,16.6641,2.0050,10310,91,816900414552,1.6210,0.5317,15.0278,16656100,87500,233000,0,1300,0
walking,0,16.6673,16.6597,1.7572,16702,89,816900581193,1.5077,0.8735,15.1390,16649000,87500,639800,0,1500,0
walking,0,16.6689,16.6715,1.7039,20666,91,816900747790,1.5141,0.5141,15.1437,16654500,79100,298300,0,1300,0
walking,0,16.6665,16.6726,1.7756,10310,293,816900914505,1.5251,0.7928,15.1311,16648200,85200,246500,0,1800,0
walking,0,16.6646,16.6645,1.9988,10310,290,816901081231,2.0239,3.4638,14.6253,16644900,106500,260200,0,1700,0
walking,0,16.6653,16.6722,1.7377,10310,290,816901247876,2.2709,2.9702,14.3839,16649200,78700,336000,0,1500,0
walking,0,16.6702,16.6670,1.6855,16702,291,816901414598,1.7807,0.7172,14.8676,16658300,85500,696200,0,1500,0
walking,0,16.6661,16.6610,2.0695,10310,288,816901581268,2.1667,1.0635,14.4783,16649800,81800,248700,0,1500,0
walking,0,16.6670,16.6635,1.7469,10310,288,816901747878,1.8267,1.1077,14.8226,16652300,83600,284600,0,1600,0
walking,0,16.6667,16.6722,2.4771,10310,288,816901914513,1.7903,0.7124,14.8681,16651100,82200,232300,0,1700,0
walking,0,16.6660,16.6657,2.0255,10310,287,816902081235,1.7180,1.1168,14.9319,16646400,84600,301000,0,1500,0
walking,0,16.6663,16.6684,1.6742,16702,287,816902247892,1.7529,0.6191,14.8994,16652900,78000,671100,0,1500,0
walking,0,16.6669,16.6668,1.9692,10310,286,816902414576,1.8381,0.7212,14.8131,16652900,78600,272300,0,1300,0
walking,0,16.6658,16.6623,1.6773,10310,287,816902581244,1.8872,0.7547,14.7594,16653800,74200,250900,0,1200,0
walking,0,16.6670,16.6654,1.6773,10310,286,816902747867,2.1192,0.9291,14.5340,16655400,71300,434000,0,1200,0
walking,0,16.6706,16.6643,2.0931,10310,287,816902914521,1.5079,0.5326,15.1450,16662700,72400,620400,0,1100,0
walking,0,16.6648,16.6652,1.8022,16702,287,816903081164,1.6218,0.8181,15.0322,16647400,80500,657900,0,1400,0
walking,0,16.6658,16.6677,2.0972,10310,287,816903247816,1.5698,0.8128,15.0857,16652900,76500,269100,0,1200,0
walking,0,16.6661,16.6761,1.7736,20666,287,816903414493,2.4447,0.7126,14.2181,16654600,79400,233600,0,1300,0
walking,0,16.6666,16.6608,1.6773,10310,583,816903581254,2.2020,0.9586,14.4455,16652900,101900,228900,0,1100,0
walking,0,16.6691,16.6651,2.3030,10310,583,816903747862,1.6590,7.7355,14.9943,16659500,76400,228400,0,1200,0
walking,0,16.6674,16.6667,2.3183,16702,582,816903914513,2.0674,7.2955,14.5872,16654600,75200,478000,0,1300,0
walking,0,16.6661,16.6645,2.3071,10310,583,816904081180,2.1203,0.8684,14.5327,16651200,79500,269300,0,1500,0
walking,0,16.6708,16.6723,1.9948,10310,583,816904247825,1.9148,0.9916,14.7449,16663900,73500,220700,0,1300,0
walking,0,16.6658,16.6680,2.0429,10310,583,816904414548,2.2315,1.3394,14.4233,16645800,92100,248200,0,2000,0
walking,0,16.6670,16.6635,2.2938,10310,582,816904581228,1.9863,0.7646,14.6649,16650600,88500,274300,0,2100,0
walking,0,16.6673,16.6805,2.0152,16702,584,816904747863,1.8562,1.0138,14.8079,16651200,81600,882500,0,1700,0
walking,0,16.6650,16.6624,2.7412,10310,585,816904914668,2.0632,1.0464,14.5828,16648600,85400,339800,0,1200,0
walking,0,16.6682,16.6660,2.4852,10310,585,816905081292,2.4026,1.0874,14.2482,16654800,72900,243300,0,1200,0
walking,0,16.6665,16.6661,3.4294,10310,585,816905247952,2.8305,1.5389,13.8209,16647100,77100,230700,0,1400,0
walking,0,16.6678,16.6649,2.5549,10310,583,816905414613,2.1806,1.3704,14.4681,16651500,87300,307400,0,1500,0
walking,0,16.6656,16.6690,2.1156,16702,585,816905581262,2.1411,0.8432,14.5139,16650500,80800,954300,0,1400,0
walking,0,16.6678,16.6678,2.3388,10310,573,816905747952,2.5278,0.8827,14.1195,16654300,78400,229700,0,1300,0
walking,0,16.6680,16.6655,2.4412,10310,584,816905914630,2.2645,1.0416,14.3871,16652800,77200,297100,0,1400,0
walking,0,16.6675,16.6647,2.4084,10310,582,816906081285,2.9515,0.8967,13.6990,16703400,81100,617400,0,1900,0
walking,0,16.6778,16.6690,2.4740,10310,583,816906247932,2.5796,1.2216,14.0747,16613400,91200,255900,0,1800,0
walking,0,16.6588,16.6700,1.9876,16702,577,816906414622,2.2715,1.2287,14.3815,16638300,89800,667800,0,2000,0
walking,0,16.6648,16.7185,2.3122,10310,572,816906581322,3.4495,1.0344,13.2541,16647600,124000,307900,0,1800,0
walking,0,16.6657,16.6314,2.0183,10310,571,816906748507,2.1789,1.7405,14.4347,16650500,81200,375200,0,1800,0
walking,0,16.6658,16.6549,1.9917,10310,573,816906914821,2.4578,1.1016,14.1808,16649300,78500,249100,0,1300,0
walking,0,16.6670,16.6636,1.9999,10310,569,816907081370,2.4176,0.9433,14.2301,16652800,75900,266500,0,1300,0
walking,0,16.6690,16.6656,1.9948,16702,565,816907248006,2.1486,0.8994,14.5020,16657400,78700,1073900,0,1400,0
walking,0,16.6651,16.6624,2.3060,10310,556,816907414662,1.8909,0.8632,14.7586,16650700,88800,278300,0,1600,0
walking,0,16.6666,16.6668,1.9804,10310,565,816907581286,2.0901,1.0792,14.5629,16650600,78300,274600,0,1200,0
walking,0,16.6668,16.6719,2.2508,10310,567,816907747954,2.8104,1.3929,13.8471,16652900,79200,289700,0,1300,0
walking,0,16.6695,16.6656,1.9476,10310,563,816907914673,2.4383,1.0558,14.2125,16659200,80900,306200,0,1400,0
walking,0,16.6683,16.6635,1.9569,16702,567,816908081329,2.2933,0.9228,14.3574,16651900,96500,486100,0,1500,0
walking,0,16.6651,16.6662,2.3265,10310,564,816908247964,2.6073,1.3549,14.0457,16648900,90200,672100,0,1600,0
walking,0,16.6664,16.6740,1.9302,10310,551,816908414626,2.5678,1.3271,14.0915,16652300,81300,324200,0,1400,0
walking,0,16.6660,16.6671,1.9077,10310,561,816908581366,2.3883,1.0740,14.2638,16652200,79900,294200,0,1400,0
walking,0,16.6662,16.6630,2.5149,10310,555,816908748037,2.7813,1.4012,13.8678,16651100,81600,232700,0,1200,0
walking,0,16.6703,16.6664,1.9917,16702,548,816908914667,2.1652,0.8706,14.4872,16663000,78100,610800,0,1100,0
walking,0,16.6631,16.6648,2.3501,10310,548,816909081331,2.1880,0.8476,14.4644,16643600,87000,338000,0,1300,0
walking,0,16.6681,16.6633,1.9845,10310,544,816909247979,2.2066,0.9965,14.4446,16657000,76000,236100,0,1400,0
walking,0,16.6679,16.6763,1.9241,10310,544,816909414612,2.3339,1.4166,14.3292,16656600,84500,225900,0,1300,0
walking,0,16.6661,16.6576,2.2856,10310,544,816909581375,2.1436,0.8044,14.5001,16653100,74000,254900,0,1200,0
walking,0,16.6696,16.6693,1.9466,16702,541,816909747951,2.0112,1.1306,14.6459,16656600,71400,527000,0,1100,0
walking,0,16.6663,16.6707,2.2784,10310,544,816909914644,1.8417,0.7677,14.8151,16646800,89100,225500,0,1000,0
walking,0,16.6660,16.6672,2.5641,10310,542,816910081351,2.1275,1.3754,14.5259,16649400,79000,338000,0,1400,0
walking,0,16.6791,16.6742,2.4156,10310,543,816910248023,2.3933,0.9143,14.2637,16679100,75200,382600,665900,1200,0
walking,0,16.6634,16.6632,2.5815,10310,541,816910414765,2.3804,1.3601,14.2665,16620600,204200,692400,0,3700,0
walking,0,16.6662,16.6635,1.9640,16702,537,816910581397,2.2534,1.3417,14.3963,16630500,191500,1252500,0,3900,0
walking,0,16.6648,16.7043,2.6327,10310,535,816910748032,2.5537,2.9893,14.1258,16639700,113600,405000,0,2200,0
walking,0,16.6715,16.6540,2.9450,10310,535,816910915075,5.1634,1.7391,11.4574,16645600,160300,596400,0,2700,0
walking,0,16.6623,16.6620,1.9999,10310,535,816911081615,4.5684,1.9776,12.0623,16622300,97400,579100,0,2000,0
walking,0,16.6713,16.6697,1.9866,10310,535,816911248235,3.4621,2.1978,13.1777,16650200,92200,375500,0,1600,0
walking,0,16.6635,16.6808,2.7525,16702,535,816911414932,4.3381,1.6812,12.3076,16633400,134600,811600,0,2600,0
walking,0,16.6658,16.6469,2.8344,10310,532,816911581740,3.6079,1.5917,13.0145,16639300,96800,311900,0,1700,0
walking,0,16.6800,16.6766,1.9732,10310,535,816911748209,2.9638,2.1945,13.6866,16680100,96300,440700,0,1800,0
walking,0,16.6531,16.6591,2.7269,10310,534,816911914975,2.9279,1.1747,13.7056,16602000,117500,393000,0,2800,0
walking,0,16.6722,16.6602,2.5549,10310,535,816912081566,2.4983,1.2432,14.1411,16655700,105200,379100,0,1900,0
walking,0,16.6657,16.7117,2.1074,16702,503,816912248168,2.6056,1.3327,14.0750,16643200,133600,1015900,0,2900,0
walking,0,16.6643,16.6238,3.1252,10310,503,816912415285,2.9953,1.8739,13.6068,16630100,159500,640000,0,3000,0
walking,0,16.6659,16.6769,2.0029,10310,503,816912581523,2.4319,2.2087,14.2240,16647600,106600,479900,0,2000,0
walking,0,16.6702,16.6695,3.7888,10310,503,816912748292,4.3186,1.9608,12.3248,16652300,95800,531500,0,2100,0
walking,0,16.6630,16.6528,2.1299,10310,502,816912914987,3.5461,2.0676,13.0841,16641800,99100,302300,0,1500,0
walking,0,16.6686,16.6663,2.0992,16702,501,816913081515,3.6284,1.3029,13.0193,16655200,92300,629100,0,2000,0
walking,0,16.6736,16.6701,3.6465,10310,503,816913248178,3.2823,1.0306,13.3702,16658000,102400,303800,0,1700,0
walking,0,16.6610,16.6597,2.1166,10310,503,816913414879,2.8708,1.2484,13.7711,16640000,109000,559900,0,1600,0
walking,0,16.6670,16.6710,2.8017,10310,497,816913581476,2.7885,1.3985,13.8668,16648100,98300,310500,0,1300,0
walking,0,16.6673,16.6765,2.0275,10310,503,816913748186,2.5234,1.1549,14.1347,16649000,99200,290400,0,1400,0
walking,0,16.6660,16.6587,2.0408,16702,503,816913914951,2.6349,1.4876,14.0053,16646100,98800,772000,0,1400,0
walking,0,16.6671,16.6669,2.8416,10310,503,816914081538,2.4307,0.9526,14.2175,16650800,92300,263300,0,1800,0
walking,0,16.6687,16.6698,2.7812,10310,496,816914248207,2.5377,1.2191,14.1115,16658000,97300,265300,0,1600,0
walking,0,16.6636,16.6620,2.5590,10310,497,816914414905,3.0838,1.0406,13.5625,16637100,104600,275300,0,1700,0
walking,0,16.6692,16.6663,1.9886,10310,498,816914581525,2.2674,1.5876,14.3835,16655200,114100,278700,0,2400,0
walking,0,16.6707,16.6784,2.1074,16626,496,816914748188,2.6406,1.0314,14.0175,16627700,79000,941400,0,1700,0
walking,0,16.6645,16.6538,2.3982,10234,497,816914914972,2.2335,0.9682,14.4037,16646200,96300,281800,0,2000,0
walking,0,16.6652,16.6707,1.9927,10234,498,816915081510,2.5684,1.7642,14.0869,16641700,87900,458200,0,1900,0
walking,0,16.7238,16.6730,2.0101,10234,498,816915248217,3.2577,1.1227,13.3697,16708900,86400,300700,0,1800,0
walking,0,16.6644,16.6666,2.7023,10234,491,816915414947,2.2101,1.8190,14.4363,16907300,123400,338100,0,1700,0
walking,0,16.6684,16.6609,2.0777,16626,491,816915581613,2.7784,1.5380,13.8634,16383800,81200,718700,0,1600,0
walking,0,16.6675,16.7253,2.6593,10234,491,816915748222,2.7924,1.2433,13.9167,16652600,76200,301800,0,1500,0
walking,0,16.6679,16.9259,2.5539,10234,491,816915915475,2.5847,1.7891,14.3228,16655100,105600,239500,0,1900,0
walking,0,16.6666,16.4021,2.4054,10234,491,816916084734,2.7990,1.4922,13.5852,16649400,86300,385900,0,1500,0
walking,0,16.6682,16.6682,3.0945,10234,490,816916248755,2.0148,0.8901,14.6380,16655000,77300,498900,0,1400,0
walking,0,16.6664,16.6699,1.9702,16626,491,816916415437,2.1733,1.1174,14.4819,16650800,107300,609200,0,2000,0
walking,0,16.6681,16.6645,2.2784,10234,491,816916582136,2.3520,1.0679,14.2976,16650500,87400,298100,0,1600,0
walking,0,16.6682,16.6705,2.6696,10234,473,816916748781,2.4610,1.6277,14.1944,16653000,77100,292900,0,1700,0
walking,0,16.6670,16.6671,2.1084,10234,473,816916915486,2.8351,1.1753,13.8158,16650100,96600,279100,0,1600,0
walking,0,16.6645,16.6671,1.9425,10234,473,816917082157,2.2457,1.6581,14.4049,16645900,88900,273500,0,1500,0
walking,0,16.6696,16.6699,1.9589,16626,473,816917248828,2.4290,1.5842,14.2242,16656400,90400,710000,0,1600,0
walking,0,16.6669,16.6671,2.3101,10234,473,816917415527,2.3642,1.4228,14.2860,16651000,126600,264600,0,1800,0
walking,0,16.6658,16.6605,3.1222,10234,348,816917582198,2.0804,1.8702,14.5657,16626800,85800,409600,0,2500,0
walking,0,16.6719,16.6723,2.2917,10234,343,816917748803,2.6061,0.8769,14.0504,16658700,85000,383900,0,1300,0
walking,0,16.6632,16.6881,2.2968,10234,343,816917915526,2.1869,1.2055,14.4642,16642700,89600,276300,0,1600,0
walking,0,16.6649,16.6440,2.3788,16626,339,816918082407,2.5710,1.5407,14.0559,16644600,83100,600000,0,1600,0
walking,0,16.6742,16.6770,2.6307,10234,335,816918248847,2.3251,1.0006,14.3338,16663500,81900,291200,0,1500,0
walking,0,16.6614,16.6605,2.2057,20074,335,816918415617,2.3152,1.1826,14.3277,16636000,135100,662900,0,2500,0
walking,0,16.6663,16.6620,2.1780,10234,308,816918582222,2.3846,1.1029,14.2601,16649500,84700,361300,0,1500,0
walking,0,16.6651,16.6825,2.2292,10234,310,816918748842,2.1514,1.2764,14.5122,16646400,91900,297000,0,1500,0
walking,0,16.6687,16.6554,2.3009,16626,309,816918915667,3.7802,0.9921,12.8559,16655000,84200,617900,0,1700,0
walking,0,16.6686,16.6651,2.4453,10234,309,816919082221,2.4262,0.9846,14.2235,16654700,85400,331700,0,1300,0
walking,0,16.6697,16.6614,2.8672,10234,310,816919248872,2.4314,1.1223,14.2152,16655000,84300,328800,0,1600,0
walking,0,16.6638,16.6712,2.2569,10234,306,816919415486,2.9459,1.5154,13.7093,16638000,121900,728000,0,2100,0
walking,0,16.6664,16.6688,2.2477,10234,307,816919582198,2.5328,1.5171,14.1221,16648400,100200,375900,0,1700,0
walking,0,16.6684,16.6760,2.9061,16626,307,816919748886,2.4396,1.2996,14.2156,16655400,84700,889700,0,1600,0
walking,0,16.6697,16.6577,2.9399,10234,306,816919915646,3.1629,1.5377,13.4753,16654000,86900,269300,0,1300,0
walking,0,16.6676,16.6644,2.4320,20590,302,816920082223,2.5004,1.1292,14.1481,16645600,190800,380000,0,2500,0
walking,0,16.6660,16.6720,2.3245,10234,238,816920248867,2.9385,1.4223,13.7172,16647300,104900,589200,0,1900,0
walking,0,16.6732,16.6746,1.7582,10234,234,816920415587,2.4084,1.8264,14.2451,16647300,132700,363400,0,2700,0
walking,0,16.6620,16.6664,1.7725,16626,233,816920582333,3.6584,1.4680,12.9874,16617000,147300,1277800,0,3100,0
walking,0,16.6657,16.6763,2.0439,10234,230,816920748997,3.3662,1.4164,13.2813,16637400,122000,281300,0,2800,0
walking,0,16.6667,16.6811,1.6701,10234,226,816920915760,2.5874,1.1577,14.0602,16652600,85500,679100,0,1800,0
walking,0,16.6660,16.6466,1.6722,10234,225,816921082571,4.2304,0.8528,12.3867,16644200,125200,546200,0,3400,0
walking,0,16.6725,16.6581,1.6302,10234,225,816921249037,2.6038,1.2508,14.0336,16658400,90200,315100,0,1700,0
walking,0,16.6602,16.6716,1.7879,16626,225,816921415618,3.0783,1.0746,13.5746,16627900,125200,925900,0,2900,0
walking,0,16.6668,16.6628,2.0050,10234,218,816921582334,2.9914,0.9292,13.6529,16648600,87400,398700,0,1400,0
walking,0,16.6676,16.6812,2.2938,10234,219,816921748962,2.1194,1.6445,14.5392,16652000,80500,749100,0,1400,0
walking,0,16.6667,16.6508,1.9395,10234,215,816921915774,3.3218,1.3530,13.3063,16641400,114700,268300,0,1700,0
walking,0,16.6750,16.6659,1.7582,10234,216,816922082282,2.2254,1.1192,14.4234,16658300,81500,283300,0,1300,0
walking,0,16.6681,16.6722,1.8125,16626,213,816922248941,2.8990,0.8644,13.7533,16652100,80100,907800,0,1900,0
walking,0,16.6675,16.6617,2.0582,10234,212,816922415663,2.2149,0.7635,14.4266,16646600,85500,387100,0,3100,0
walking,0,16.6674,16.6739,1.7080,10234,209,816922582280,1.8524,0.9508,14.8061,16653800,85300,317000,0,1400,0
walking,0,16.6655,16.6707,1.7316,10234,209,816922749019,2.6767,1.2994,13.9755,16643100,81200,274100,0,1600,0
walking,0,16.6647,16.6656,1.6896,10234,209,816922915726,2.0166,0.9247,14.6301,16642200,83400,291500,0,1700,0
walking,0,16.6697,16.6728,1.7080,16626,209,816923082382,1.8822,0.7266,14.7718,16655600,76000,549300,0,1600,0
walking,0,16.6707,16.6645,1.9620,20074,209,816923249110,2.0073,0.7695,14.6359,16660400,85800,349300,0,1400,0
walking,0,16.6855,16.6590,1.6947,10234,173,816923415755,2.3319,0.8628,14.3103,16654200,111500,393700,0,2400,0
walking,0,16.6454,16.6712,1.6712,10234,173,816923582345,2.2997,0.7192,14.3560,16618300,83500,322800,0,1900,0
walking,0,16.6676,16.6832,1.6507,10234,173,816923749057,2.3052,0.8483,14.3554,16650300,91600,351300,0,3500,0
walking,0,16.6677,16.6840,1.6906,16626,173,816923915889,2.2334,0.7374,14.4209,16649900,86800,771400,0,1800,0
walking,0,16.6680,16.6375,1.9354,10234,173,816924082729,1.8848,1.2148,14.7336,16647400,92300,678200,0,3500,0
walking,0,16.6683,16.6683,1.6599,10234,141,816924249104,2.3126,1.5443,14.3377,16649700,77400,397400,0,1600,0
walking,0,16.6652,16.6689,1.9794,10234,141,816924415787,2.5070,1.1453,14.1431,16639600,88100,352500,0,2200,0
walking,0,16.6669,16.6672,1.8944,10234,139,816924582476,3.0679,0.8416,13.5797,16652100,83100,293100,0,1300,0
walking,0,16.6654,16.6724,1.6568,16626,139,816924749148,2.1569,1.5872,14.4929,16645100,91400,552500,0,1600,0
walking,0,16.6698,16.6573,1.9999,10234,139,816924915872,1.8108,0.6958,14.8291,16656200,79000,325800,0,1600,0
walking,0,16.6647,16.6711,1.6364,10234,139,816925082445,1.9362,0.8371,14.7159,16673400,76900,291900,0,1500,0
walking,0,16.6696,16.6620,1.5974,10234,138,816925249156,2.1076,1.5681,14.5377,16517800,84200,272300,0,1400,0
walking,0,16.6635,16.6782,1.9046,10234,141,816925415776,2.1636,0.6954,14.4927,16644700,83100,318900,0,1800,0
walking,0,16.6656,16.6933,1.6415,16626,138,816925582558,2.0077,0.7009,14.6659,16645500,72200,546900,0,1500,0
walking,0,16.6691,16.6408,1.8934,10234,138,816925749491,1.9833,1.0966,14.5346,16651900,72800,306400,0,1300,0
walking,0,16.6667,16.6632,1.6691,10234,138,816925915899,2.1455,0.7934,14.4992,16669900,75400,348100,0,1200,0
walking,0,16.6930,16.6600,1.6640,10234,131,816926082531,2.1104,1.0406,14.5352,16652600,73300,338100,0,1400,0
walking,0,16.6438,16.6696,1.6241,10234,129,816926249131,1.6541,0.8769,14.9978,16628700,77500,307200,0,1300,0
walking,0,16.6640,16.6892,1.6415,16626,129,816926415827,2.1472,0.7169,14.5229,16643600,83000,570100,0,1900,0
walking,0,16.6714,16.6693,1.8852,10234,128,816926582719,2.1025,1.0580,14.5503,16655100,77600,276900,0,1400,0
walking,0,16.6650,16.6458,2.0009,10234,126,816926749412,1.8321,0.7900,14.7968,16646800,76500,253800,0,1700,0
walking,0,16.6929,16.6622,1.5503,10234,121,816926915870,1.8885,0.6488,14.7553,16675000,78100,374100,0,1400,0
walking,0,16.6662,16.6722,1.8944,10234,122,816927082492,1.8300,0.6264,14.8252,16649800,75900,254000,0,1700,0
walking,0,16.6662,16.6646,1.5596,16626,122,816927249214,1.7775,1.1975,14.8695,16644900,80100,647700,0,1500,0
walking,0,16.6689,16.6936,1.5370,10234,122,816927415860,1.8461,0.6531,14.8291,16647300,81900,365200,0,1600,0
walking,0,16.6650,16.6689,1.6343,10234,122,816927582796,1.7341,0.8161,14.9159,16650900,79200,340900,0,1800,0
walking,0,16.6667,16.6640,1.6179,10234,122,816927749485,2.0776,0.6851,14.5674,16647900,78500,230200,0,1600,0
walking,0,16.6671,16.6656,1.8872,20666,121,816927916125,1.7840,1.0580,14.8635,16648000,85600,238200,0,1400,0
walking,0,16.6676,16.6682,1.6415,16702,103,816928082781,1.7946,0.5787,14.8564,16651500,97400,568800,0,1700,0
walking,0,16.6679,16.6657,1.9128,10310,103,816928249463,1.6890,1.2764,14.9591,16651500,94800,267600,0,1300,0
walking,0,16.6664,16.6663,1.6036,10310,103,816928416120,2.0894,0.7057,14.5587,16648000,90200,425200,0,1500,0
walking,0,16.6663,16.6668,1.6609,10310,101,816928582783,2.1509,0.6430,14.5006,16649200,83500,228300,0,1100,0
walking,0,16.6650,16.6676,1.9364,10310,99,816928749451,1.6573,0.6277,14.9943,16651300,89600,265200,0,1300,0
walking,0,16.6673,16.6659,1.6568,16702,99,816928916127,1.6219,0.5264,15.0262,16653300,82500,615700,0,1600,0
walking,0,16.6687,16.6629,1.6036,10310,99,816929082786,1.5150,0.6396,15.1342,16655800,81700,367900,0,1500,0
walking,0,16.6681,16.6652,1.6732,10310,99,816929249415,1.6593,0.6547,14.9921,16668000,87100,314400,0,1200,0
walking,0,16.6658,16.6676,1.7029,10310,99,816929416067,1.8523,0.6958,14.8012,16636000,85700,343600,0,1400,0
walking,0,16.6689,16.6702,1.6159,10310,99,816929582743,1.7950,1.1706,14.8609,16655100,92300,285200,1393200,1500,0
walking,0,16.6831,16.6847,1.6794,16702,99,816929749445,1.9322,1.0000,14.7362,16664500,194200,663300,0,1700,0
walking,0,16.6624,16.6527,1.6056,10310,99,816929916292,1.6613,0.5893,14.9749,16636900,83700,275700,0,1300,0
walking,0,16.6729,16.6741,1.7213,10310,99,816930082819,2.0309,0.7635,14.6245,16664400,89500,304600,0,1400,0
walking,0,16.6623,16.6859,1.6876,10310,99,816930249560,2.4388,0.5864,14.2259,16646300,116600,494700,0,1900,0
walking,0,16.6674,16.6522,1.6927,10310,99,816930416419,1.8479,0.7964,14.7891,16639200,114000,410900,0,2200,0
walking,0,16.6672,16.6835,2.1924,16702,99,816930582941,2.1383,1.2389,14.5263,16646400,94300,735800,0,1400,0
walking,0,16.6666,16.6658,1.9538,10310,98,816930749776,2.8217,0.8811,13.8247,16648800,94600,323500,0,1500,0
walking,0,16.6682,16.6587,1.7091,10310,99,816930916434,2.2913,0.9174,14.3481,16651700,87400,305400,0,1400,0
walking,0,16.6684,16.6646,1.6579,10310,99,816931083021,2.5665,1.0273,14.0801,16652900,98600,268900,0,1700,0
walking,0,16.6637,16.6647,1.7060,10310,99,816931249667,1.8425,0.7556,14.8063,16646900,92000,302900,0,2000,0
walking,0,16.6665,16.6673,1.7398,16702,98,816931416314,2.1446,0.6001,14.5071,16649000,98400,1250900,0,2300,0
walking,0,16.6649,16.6688,1.9446,10310,99,816931582987,1.9215,0.6633,14.7316,16647400,95100,333600,0,1400,0
walking,0,16.6667,16.6638,2.2589,10310,93,816931749675,2.4022,0.9382,14.2448,16648400,83500,364700,0,2600,0
walking,0,16.6669,16.6665,1.7193,10310,93,816931916313,3.0688,1.0926,13.5804,16652200,99200,246300,0,1400,0
walking,0,16.6651,16.6615,1.7347,10310,93,816932082978,1.9993,0.6122,14.6482,16646800,82300,254600,0,1300,0
walking,0,16.6685,16.6637,1.7152,16702,91,816932249593,1.8145,0.8634,14.8341,16657700,83500,743400,0,1400,0
walking,0,16.6661,16.6671,1.9753,10310,92,816932416230,1.9212,0.5441,14.7311,16652300,85300,282600,0,1700,0
walking,0,16.6679,16.6614,1.7398,10310,92,816932582901,1.6409,0.7735,15.0060,16655400,82300,249100,0,1300,0
walking,0,16.6665,16.6705,1.7480,10310,93,816932749515,2.0245,0.6095,14.6334,16654200,76700,231900,0,1300,0
walking,0,16.6693,16.6657,1.7316,10310,93,816932916220,1.8920,0.8739,14.7604,16660200,79200,258600,0,1200,0
walking,0,16.6668,16.6675,1.7644,16702,91,816933082877,1.7575,0.5220,14.8979,16649600,83700,512600,0,1600,0
walking,0,16.6666,16.6665,1.9610,10310,91,816933249552,1.6219,0.5799,15.0323,16652500,82400,604300,0,1600,0
walking,0,16.6652,16.6736,1.6937,10310,91,816933416217,1.7648,0.8970,14.8956,16648200,88900,311300,0,1600,0
walking,0,16.6653,16.6666,1.7377,10310,91,816933582953,2.6883,0.7855,13.9614,16647800,90000,247600,0,1400,0
walking,0,16.6679,16.6677,2.0562,10310,91,816933749619,2.2518,0.9303,14.4009,16657400,158400,268500,0,3600,0
walking,0,16.6669,16.6631,1.7398,16702,91,816933916296,1.6692,0.6239,14.9792,16656900,72600,702600,0,1800,0
walking,0,16.6791,16.6585,1.9988,20666,91,816934082927,1.9984,0.8391,14.6494,16665900,70100,277700,0,1100,0
walking,0,16.6674,16.6681,1.7746,10310,294,816934249512,2.1792,0.6257,14.4783,16652100,75400,261500,0,1400,0
walking,0,16.6656,16.6697,2.0593,10310,290,816934416193,1.8834,3.0979,14.7737,16650800,99300,243600,0,1500,0
walking,0,16.6659,16.6791,1.7367,10310,291,816934582890,2.0380,2.7480,14.6280,16650700,75100,289600,0,1500,0
walking,0,16.6708,16.6706,1.7654,16702,291,816934749681,1.6889,0.6940,14.9634,16665100,72400,528300,0,1400,0
walking,0,16.6636,16.6634,2.0224,10310,288,816934916387,1.6088,1.0380,15.0420,16644900,75800,231600,0,1200,0
walking,0,16.6668,16.6625,2.1535,10310,287,816935083021,1.6633,1.2215,14.9874,16652400,71000,356000,0,1400,0
walking,0,16.6691,16.6778,1.7234,10310,287,816935249646,2.1366,0.6700,14.5285,16663600,69000,345800,0,1200,0
walking,0,16.6680,16.6609,1.7848,10310,287,816935416424,1.7246,1.5841,14.9203,16650600,83600,346600,0,1200,0
walking,0,16.6644,16.6643,1.7439,16702,287,816935583033,1.6474,1.4528,15.0050,16642800,95800,629600,0,1800,0
walking,0,16.6666,16.6800,2.2026,10310,286,816935749676,1.4754,1.6056,15.1884,16659600,81100,359700,0,1300,0
walking,0,16.6700,16.6659,1.6681,10310,287,816935916476,1.4636,0.8699,15.1872,16655300,73700,248000,0,1300,0
walking,0,16.6633,16.6567,1.7766,10310,287,816936083135,2.5910,1.5785,14.0519,16646900,88600,418200,0,1400,0
walking,0,16.6663,16.6726,1.7592,10310,287,816936249702,1.6498,0.9875,15.0098,16653500,75200,244800,0,1200,0
walking,0,16.6691,16.6677,1.7920,16702,288,816936416428,1.7497,1.1094,14.9057,16663400,72000,490400,0,1200,0
walking,0,16.6705,16.6580,2.0746,10310,287,816936583105,1.8331,0.6173,14.8138,16659300,82900,250400,0,1500,0
walking,0,16.6645,16.6639,1.7807,20666,284,816936749685,1.7901,0.9261,14.8634,16647400,85700,306900,0,1600,0
walking,0,16.6685,16.6766,1.7367,10310,582,816936916324,1.5189,0.6443,15.1445,16653600,89300,271600,0,1600,0
walking,0,16.6683,16.6752,2.0081,10310,583,816937083090,2.0131,11.3536,14.6463,16653900,93200,272500,0,1400,0
walking,0,16.6660,16.6628,1.9958,16702,583,816937249842,2.7229,8.7130,13.9246,16648600,212000,636200,0,2000,0
walking,0,16.6639,16.6697,2.2149,10310,582,816937416470,2.6080,1.3261,14.0458,16644400,89000,248700,0,1500,0
walking,0,16.6683,16.6689,2.0081,10310,583,816937583167,2.2776,1.1784,14.3763,16659300,80500,240900,0,1600,0
walking,0,16.6674,16.6651,2.0500,10310,582,816937749856,2.8320,0.8339,13.8167,16651600,85400,351300,0,1400,0
walking,0,16.6642,16.6574,2.0275,10310,582,816937916507,1.8681,0.9887,14.7764,16646300,83200,283300,0,1300,0
walking,0,16.6722,16.6735,2.0552,16702,585,816938083081,1.9641,1.0129,14.6952,16666500,79400,723500,0,1700,0
walking,0,16.6640,16.6659,2.3480,10310,585,816938249816,2.3902,1.4689,14.2616,16643600,88600,261300,0,1700,0
walking,0,16.6679,16.6586,2.0664,10310,585,816938416475,1.9228,2.0992,14.7235,16655400,107100,463200,0,1600,0
walking,0,16.6692,16.6821,2.2620,10310,585,816938583061,2.6676,1.5310,13.9992,16657200,89400,610700,0,1300,0
walking,0,16.6641,16.6586,2.2979,10310,585,816938749882,2.2542,1.1052,14.3894,16637600,121900,341600,0,2800,0
walking,0,16.6691,16.6697,2.0982,16702,585,816938916468,2.2162,1.0750,14.4392,16656900,189800,912600,0,1800,0
walking,0,16.6653,16.6753,2.0613,10310,582,816939083165,2.7707,1.1491,13.8868,16645600,94200,469600,0,1700,0
walking,0,16.6677,16.6573,2.0818,10310,585,816939249918,3.3172,1.3781,13.3206,16654300,83000,311000,0,1600,0
walking,0,16.6674,16.6720,2.3849,10310,585,816939416491,3.5012,1.3538,13.1559,16653100,89900,289200,0,1400,0
walking,0,16.6673,16.6631,2.0941,10310,581,816939583211,3.2766,1.4952,13.3692,16652900,85600,249600,0,1500,0
walking,0,16.6664,16.6688,2.0091,16702,575,816939749842,2.4979,0.8453,14.1566,16649900,87400,552800,0,1600,0
walking,0,16.6679,16.6675,2.3060,10310,572,816939916530,2.2090,0.8691,14.4442,16653400,87500,267200,0,1500,0
walking,0,16.6671,16.6685,2.1617,10310,571,816940083205,2.2068,1.1671,14.4460,16648300,83600,393500,0,1500,0
walking,0,16.6713,16.6655,2.4381,10310,572,816940249890,2.4527,1.0208,14.1973,16656900,83800,245800,0,1400,0
walking,0,16.6661,16.6696,1.9886,10310,569,816940416545,2.0993,1.0489,14.5542,16647900,94000,272400,0,1800,0
walking,0,16.6661,16.6657,2.0060,16702,566,816940583241,2.4455,0.9717,14.2029,16650600,87500,1131500,0,1500,0
walking,0,16.6653,16.6731,2.0357,10310,567,816940749898,2.0799,1.1878,14.5772,16648200,86000,355000,0,1400,0
walking,0,16.6680,16.6643,1.9732,10310,565,816940916629,2.1915,1.4925,14.4567,16654300,78300,244500,0,1300,0
walking,0,16.6685,16.6653,1.9773,10310,567,816941083272,3.4335,1.0727,13.2173,16655600,78500,388200,0,1300,0
walking,0,16.6666,16.6634,2.2897,10310,567,816941249925,2.5022,0.9231,14.1461,16650800,81700,238200,0,1700,0
walking,0,16.6658,16.6685,2.0193,16702,566,816941416559,2.0214,1.4510,14.6332,16651100,85800,636900,0,2000,0
walking,0,16.6668,16.6698,2.3009,10310,565,816941583244,2.3086,0.8005,14.3470,16649300,78000,297400,0,1500,0
walking,0,16.6662,16.6661,1.8790,10310,560,816941749942,1.9879,1.6314,14.6631,16651900,83800,235400,0,1200,0
walking,0,16.6679,16.6665,1.8831,10310,558,816941916603,2.4968,0.8430,14.1543,16655700,76600,223700,0,1600,0
walking,0,16.6675,16.6619,2.2948,10310,555,816942083268,2.0137,0.9479,14.6357,16649700,77200,237700,0,1600,0
walking,0,16.6652,16.6679,2.4392,16702,549,816942249887,2.1993,0.7530,14.4527,16648600,201000,681900,0,1700,0
walking,0,16.6695,16.6700,2.2456,10310,549,816942416566,2.0037,0.8215,14.6521,16658100,86100,352600,0,1400,0
walking,0,16.6661,16.6667,1.8862,10310,543,816942583266,2.0031,1.9604,14.6467,16647500,82800,266000,0,1600,0
walking,0,16.6669,16.6640,2.0480,10310,541,816942749933,2.7783,0.9413,13.8704,16650800,84100,273300,0,1300,0
walking,0,16.6650,16.6720,1.9466,10310,544,816942916573,2.1962,1.3155,14.4621,16648200,89000,264000,0,1700,0
walking,0,16.6685,16.6642,1.9200,16702,543,816943083293,2.1629,1.4479,14.4847,16655600,86000,1001900,0,1400,0
walking,0,16.6673,16.6682,2.4658,10310,543,816943249935,2.1941,0.9204,14.4568,16649200,78300,225000,0,1600,0
walking,0,16.6693,16.6617,2.0521,10310,542,816943416617,2.6295,1.9539,14.0188,16657700,80800,368100,0,1300,0
walking,0,16.6625,16.6699,2.4443,10310,540,816943583234,2.5090,0.8021,14.1468,16639600,86400,273400,0,1400,0
walking,0,16.6679,16.6669,1.9886,10310,540,816943749933,2.3066,0.9800,14.3426,16657200,78700,245300,0,1600,0
walking,0,16.6669,16.6733,1.9907,16702,537,816943916602,2.0247,0.9003,14.6331,16651800,79200,539500,0,1300,0
walking,0,16.6663,16.6548,2.4003,10310,535,816944083335,2.2302,1.3620,14.4093,16652300,77900,242500,0,1300,0
walking,0,16.6687,16.6703,2.1207,10310,534,816944249883,2.0992,1.0518,14.5581,16658800,75900,339300,0,1000,0
walking,0,16.6683,16.6660,1.9630,10310,534,816944416586,2.7005,0.8425,13.9515,16652100,85000,232300,0,1400,0
walking,0,16.6652,16.6657,1.9855,10310,534,816944583246,2.0542,0.7858,14.5982,16650400,80400,305100,0,1500,0
walking,0,16.6665,16.6730,2.1924,16702,535,816944749903,1.9512,1.1044,14.7078,16649000,86000,557600,0,1600,0
walking,0,16.6650,16.6687,2.1432,10310,535,816944916633,1.7681,1.8716,14.8841,16648600,81100,268000,0,1500,0
walking,0,16.6691,16.6659,2.0838,10310,535,816945083320,2.1486,1.0532,14.5019,16661300,70900,276700,0,1300,0
walking,0,16.6667,16.6623,2.3828,10310,534,816945249979,2.5292,0.9924,14.1199,16655600,81300,321900,0,1400,0
walking,0,16.6922,16.6604,2.2067,10310,535,816945416602,2.2559,0.8752,14.3929,16679900,83100,234800,0,1500,0
walking,0,16.6656,16.6740,2.1043,16702,503,816945583206,2.3354,1.1599,14.3259,16649000,91900,649200,0,1600,0
walking,0,16.6667,16.6688,2.3695,10310,503,816945749946,2.6475,0.9624,14.0081,16648900,88500,723300,0,1200,0
walking,0,16.6654,16.6979,3.0034,10310,503,816945916634,2.1953,1.7893,14.4847,16656100,84400,266200,0,1500,0
walking,0,16.6640,16.6648,2.5631,10310,501,816946083613,2.9789,1.0995,13.6703,16639600,82900,247400,0,1500,0
walking,0,16.6687,16.6639,2.1934,10310,503,816946250261,3.2904,1.0078,13.3587,16656900,74700,249600,0,1300,0
walking,0,16.6671,16.6711,2.0511,16702,502,816946416900,2.1701,0.8963,14.4860,16657500,164300,527500,0,1700,0
walking,0,16.6656,16.6515,2.3235,10310,501,816946583611,1.9844,0.8655,14.6553,16650500,91200,301200,0,1400,0
walking,0,16.6707,16.6684,2.2180,10310,503,816946750126,1.9654,1.1640,14.6915,16664300,85300,293300,0,1100,0
walking,0,16.6666,16.6706,2.3880,10310,503,816946916810,2.5161,1.5755,14.1415,16650300,83600,261100,0,1600,0
walking,0,16.6641,16.6627,2.0879,10310,503,816947083516,1.9441,0.8913,14.7066,16646400,82100,243200,0,1500,0
walking,0,16.6693,16.6782,2.0152,16702,503,816947250143,2.1353,1.2625,14.5291,16661200,77400,527400,0,1200,0
walking,0,16.6678,16.6651,2.4556,10310,501,816947416925,2.2041,0.9074,14.4463,16654200,83600,278400,0,1600,0
walking,0,16.6669,16.6583,2.1914,10310,498,816947583576,2.6911,0.9753,13.9552,16650300,92400,407000,0,1500,0
walking,0,16.6669,16.6754,2.3480,10310,495,816947750159,2.3743,1.3930,14.2869,16652000,88400,248000,0,1600,0
walking,0,16.6663,16.6696,2.0787,10310,492,816947916913,2.2210,1.6103,14.4334,16652500,80700,236700,0,1400,0
walking,0,16.6682,16.6653,2.1545,16626,497,816948083609,2.5349,0.9035,14.1155,16654500,76300,606200,0,1600,0
walking,0,16.6647,16.6659,2.3511,10234,498,816948250262,2.4356,0.8480,14.2165,16647300,76800,327000,0,1400,0
walking,0,16.6681,16.6664,2.0808,10234,498,816948416921,2.1010,1.2144,14.5515,16655700,75600,305700,0,1500,0
walking,0,16.6671,16.6696,2.8355,10234,498,816948583585,2.8505,1.1077,13.8042,16651700,82100,269000,0,1700,0
walking,0,16.6656,16.6614,2.2077,10234,491,816948750281,2.4817,1.5879,14.1656,16649000,73600,252700,0,1500,0
walking,0,16.6673,16.6713,2.1258,16626,491,816948916895,2.2870,0.9312,14.3689,16654900,74600,654800,0,1300,0
walking,0,16.6672,16.6666,2.6491,10234,491,816949083608,2.3939,0.9829,14.2579,16654500,72300,251900,0,1200,0
walking,0,16.6668,16.6620,2.0941,10234,491,816949250274,2.4409,1.1156,14.2081,16652500,71300,609300,0,1400,0
walking,0,16.7672,16.6675,2.4668,10234,491,816949416894,2.7009,0.9601,13.9541,16770900,70700,350000,813000,1600,0
walking,0,16.6552,16.6674,2.1453,10234,491,816949583569,2.1960,1.5164,14.4587,16617900,81600,309400,0,1500,0
walking,0,16.6656,16.6668,2.0500,16626,491,816949750243,2.6848,1.4131,13.9678,16644600,87800,713300,0,1300,0
walking,0,16.6657,16.7938,2.6532,10234,490,816949916911,2.5131,0.9244,14.2582,16654500,66500,226900,0,1300,0
walking,0,16.6685,16.6338,2.1084,10234,473,816950084849,2.5151,1.0634,14.1029,16658900,63700,341400,0,1200,0
walking,0,16.6659,16.6559,2.0869,10234,473,816950251187,2.9859,0.7628,13.6587,16651900,77600,247100,0,1200,0
walking,0,16.6674,16.6661,2.0644,10234,471,816950417746,2.0812,1.2364,14.5735,16656000,66200,287100,0,1200,0
walking,0,16.6686,16.6712,2.0296,16626,473,816950584407,2.1727,0.9087,14.4863,16659500,71700,711200,0,1100,0
walking,0,16.6661,16.6632,2.4310,10234,473,816950751119,2.3049,0.9411,14.3471,16649300,74200,241800,0,1100,0
walking,0,16.6674,16.6686,2.0808,10234,348,816950917751,2.0901,1.3674,14.5660,16656000,72500,254200,0,1300,0
walking,0,16.6667,16.6732,2.5324,10234,343,816951084437,2.7154,0.9401,13.9442,16652500,80300,365800,0,1400,0
walking,0,16.6670,16.6633,2.3122,10234,343,816951251169,2.2234,1.0560,14.4260,16653900,76900,302100,0,1300,0
walking,0,16.6682,16.6688,2.4658,16626,339,816951417802,2.1791,1.2135,14.4770,16658500,76400,665200,0,1600,0
walking,0,16.6656,16.6652,2.9716,10234,333,816951584490,2.6248,1.6440,14.0279,16649500,80100,248000,0,1200,0
walking,0,16.6670,16.6669,2.4310,20074,335,816951751142,2.0954,1.1372,14.5587,16665200,68800,241900,0,1100,0
walking,0,16.6692,16.6716,2.4914,10234,310,816951917811,2.7340,1.1521,13.9247,16647000,76400,324100,0,1300,0
walking,0,16.6665,16.6619,2.3675,10234,310,816952084527,2.2781,0.7463,14.3714,16667400,78000,258900,0,1400,0
walking,0,16.6676,16.6790,2.2866,16626,310,816952251146,2.2485,1.3451,14.4168,16639500,78500,861200,0,1400,0
walking,0,16.6659,16.6600,2.5784,10234,310,816952417936,2.8384,1.0096,13.8086,16650000,76900,260100,0,1300,0
walking,0,16.6664,16.6814,2.3675,10234,310,816952584536,2.1736,2.0192,14.4938,16650600,80200,241800,0,1500,0
walking,0,16.6696,16.6555,2.3265,10234,307,816952751350,2.6524,0.9668,13.9873,16659000,77300,241300,0,1300,0
walking,0,16.6646,16.6650,2.3562,10234,306,816952917905,2.0881,1.1464,14.5621,16648300,85500,271400,0,1600,0
walking,0,16.6695,16.6640,2.3747,16626,307,816953084555,2.1958,0.7929,14.4549,16655300,82000,755100,0,1400,0
walking,0,16.6693,16.6733,2.5682,10234,305,816953251195,2.0715,1.3523,14.5877,16658400,75400,299100,0,1200,0
walking,0,16.6669,16.6624,2.4381,20590,302,816953417928,2.2603,1.0047,14.3881,16652400,80900,345000,0,1700,0
walking,0,16.6659,16.6691,2.9276,10234,238,816953584552,2.7465,0.8568,13.9090,16635700,82100,299700,0,1800,0
walking,0,16.6677,16.6725,1.8524,10234,234,816953751243,2.1781,2.5535,14.4805,16649800,84900,415500,0,1600,0
walking,0,16.6686,16.6704,1.7213,16626,233,816953917968,3.4564,1.2162,13.1962,16653200,86000,857000,0,1900,0
walking,0,16.6653,16.6634,1.9999,10234,230,816954084672,2.1052,1.2976,14.5306,16647100,79100,361600,0,1700,0
walking,0,16.6675,16.6669,1.6876,10234,228,816954251306,2.3332,1.6459,14.3168,16651300,102600,418200,0,3100,0
walking,0,16.6683,16.6706,2.0531,10234,224,816954417975,3.0710,0.8918,13.5824,16651000,83200,305100,0,1800,0
walking,0,16.6636,16.6643,1.6650,10234,225,816954584681,2.4397,0.8532,14.2074,16644100,84500,243800,0,2300,0
walking,0,16.6671,16.6685,1.7213,16626,225,816954751324,2.4024,1.1844,14.2489,16650300,81300,630700,0,1600,0
walking,0,16.6687,16.6682,2.2733,10234,218,816954918009,2.1414,0.8639,14.5097,16654400,74100,297200,0,1600,0
walking,0,16.6670,16.6605,1.6988,10234,219,816955084691,1.9234,0.8933,14.7209,16650700,79600,523500,0,1600,0
walking,0,16.6733,16.6662,1.7459,10234,216,816955251296,2.3313,1.1304,14.3191,16658600,78500,296700,0,1800,0
walking,0,16.6621,16.6707,1.6855,10234,215,816955417958,2.0836,1.2123,14.5710,16627800,80100,268300,0,1600,0
walking,0,16.6663,16.6679,1.6968,16626,213,816955584665,2.7199,0.7676,13.9309,16647100,80700,761600,0,1600,0
walking,0,16.6670,16.6792,2.0070,10234,213,816955751344,2.3630,0.7545,14.2958,16650200,80300,238500,0,1400,0
walking,0,16.7080,16.6553,1.6896,10234,209,816955918136,2.5310,0.9465,14.0968,16692300,77600,742000,0,1600,0
walking,0,16.6704,16.6674,2.7853,10234,209,816956084689,2.3631,0.8218,14.2842,16650400,85900,282600,0,1500,0
walking,0,16.6626,16.6694,2.0480,10234,209,816956251363,2.1340,1.0083,14.5163,16631300,80500,332500,0,2300,0
walking,0,16.6651,16.7156,1.6558,16626,209,816956418057,2.8585,0.7510,13.8341,16648800,82200,541400,0,1800,0
walking,0,16.6670,16.6700,2.0040,20074,209,816956585213,2.2224,1.2165,14.4281,16648700,83400,287400,0,1800,0
walking,0,16.6670,16.6519,1.6128,10234,173,816956751913,2.1764,0.8542,14.4552,16651100,77500,396600,0,1500,0
walking,0,16.6717,16.6650,1.5749,10234,173,816956918432,2.3989,0.8031,14.2500,16658400,76200,271400,0,1500,0
walking,0,16.6622,16.6661,1.9456,10234,173,816957085082,2.2275,0.7930,14.4213,16644600,80300,306800,0,1600,0
walking,0,16.6661,16.6660,1.6876,16626,173,816957251743,2.1625,0.6908,14.4887,16649900,82300,630100,0,1500,0
walking,0,16.6678,16.6742,1.9630,10234,173,816957418403,2.0572,0.6599,14.6014,16653600,73300,290900,0,1400,0
walking,0,16.6680,16.6606,1.6026,10234,141,816957585145,2.1111,0.8243,14.5335,16654100,76800,682800,0,1400,0
walking,0,16.6675,16.6649,1.5974,10234,141,816957751751,2.3571,1.0371,14.2930,16650000,78000,267300,0,1300,0
walking,0,16.6651,16.6682,1.5892,10234,139,816957918400,1.8386,0.7919,14.8150,16649100,81500,292200,0,1400,0
walking,0,16.6690,16.6698,1.5596,16626,139,816958085082,2.0974,0.6625,14.5569,16655000,79900,764600,0,1300,0
walking,0,16.6666,16.6667,1.9743,10234,139,816958251780,2.0732,1.0286,14.5770,16650900,77300,279000,0,1600,0
walking,0,16.6683,16.6634,1.6343,10234,139,816958418447,1.8191,0.8381,14.8302,16653100,74100,367400,0,1800,0
walking,0,16.6664,16.6708,1.6579,10234,139,816958585081,2.3793,0.7122,14.2758,16651600,101500,236800,0,1700,0
walking,0,16.6661,16.6660,1.6445,10234,141,816958751789,1.9377,0.6965,14.7134,16649800,74800,303300,0,1700,0
walking,0,16.6736,16.6690,1.6722,16626,138,816958918449,1.9483,0.6077,14.7050,16656000,85500,539400,0,1400,0
walking,0,16.8065,16.6668,1.9773,10234,138,816959085139,1.9255,1.0365,14.7262,16804600,73100,238900,0,1800,0
walking,0,16.6519,16.6657,1.6671,10234,138,816959251807,1.8410,0.7840,14.8089,16614500,73400,351900,0,1800,0
walking,0,16.6674,16.6739,1.6701,10234,131,816959418464,2.1456,0.8959,14.5106,16650900,72800,248000,0,1400,0
walking,0,16.6649,16.8243,1.5708,10234,129,816959585203,1.7012,1.1166,15.1036,16648200,82200,245000,0,1600,0
walking,0,16.6672,16.6319,1.5616,16626,128,816959753446,1.7962,0.6694,14.8185,16653800,76100,631700,0,1500,0
walking,0,16.6653,16.6692,2.0337,10234,129,816959919765,1.6408,0.9077,15.0101,16650500,72100,291900,0,1400,0
walking,0,16.6688,16.6623,1.6343,10234,127,816960086457,1.6090,0.7509,15.0392,16655000,70000,342500,0,1200,0
walking,0,16.6666,16.6675,2.0787,10234,122,816960253080,2.1099,0.9598,14.5441,16650400,70800,275700,0,1100,0
walking,0,16.6678,16.6640,1.5688,10234,122,816960419755,1.5717,1.0833,15.0790,16651700,72300,322700,0,1400,0
walking,0,16.6675,16.6723,1.6538,16626,122,816960586395,1.6732,1.0109,14.9820,16649300,76700,532400,0,1500,0
walking,0,16.6659,16.6652,1.6425,10234,121,816960753118,1.5720,0.9099,15.0786,16650500,74400,262600,0,1400,0
walking,0,16.6668,16.6696,1.6374,10234,121,816960919770,1.8025,0.8591,14.8493,16649300,71500,402200,0,1300,0
walking,0,16.6666,16.6664,1.6589,10234,122,816961086466,1.9777,0.6500,14.6718,16652100,71300,283800,0,1200,0
walking,0,16.7232,16.6657,1.6599,21722,122,816961253130,1.9302,0.8304,14.7205,16710400,83700,252400,0,1700,0
walking,0,16.6674,16.6643,1.6650,16702,103,816961419787,2.2639,1.2391,14.3857,16642600,81400,957100,0,1600,0
walking,0,16.6668,16.6680,2.2272,10310,103,816961586430,1.9637,1.3347,14.6886,16650000,83200,231200,0,1600,0
walking,0,16.6663,16.7260,1.6138,10310,101,816961753110,2.3143,0.8322,14.3961,16651600,81700,249300,0,1400,0
walking,0,16.6675,16.6653,1.6527,10310,100,816961920370,2.4184,0.5813,14.2244,16652500,84500,279100,0,1700,0
walking,0,16.7087,16.6661,1.8964,10310,99,816962087023,1.3899,0.6341,15.2602,16694300,82700,332900,0,1500,0
walking,0,16.6668,16.6669,1.6691,16702,99,816962253684,1.7508,0.5250,14.9011,16653500,129400,639200,0,2500,0
walking,0,16.6654,16.6669,1.9548,10310,99,816962420353,1.7765,1.1427,14.8761,16649100,82500,291000,0,1300,0
walking,0,16.6684,16.7086,1.6620,10310,99,816962587022,1.7620,1.5228,14.9323,16658000,79000,236400,0,1100,0
walking,0,16.6678,16.6662,1.7050,10310,98,816962754108,2.2356,0.8657,14.4180,16653800,71500,269100,0,1200,0
walking,0,16.6691,16.6614,1.9190,10310,99,816962920770,1.5761,0.5829,15.0732,16654400,84200,307900,0,1500,0
walking,0,16.6659,16.6716,1.6794,16702,99,816963087384,1.3875,0.8421,15.2707,16650100,87900,875300,0,1500,0
walking,0,16.6669,16.6696,1.9784,10310,99,816963254100,1.4069,0.9655,15.2470,16650500,84600,380600,0,1500,0
walking,0,16.6690,16.6715,1.7152,10310,99,816963420796,1.6242,0.7890,15.0303,16652600,84600,318700,0,1400,0
walking,0,16.6666,16.6653,1.7111,10310,99,816963587511,2.2565,0.6847,14.3936,16648700,88600,290100,0,1900,0
walking,0,16.6654,16.6680,2.1012,10310,99,816963754164,1.5949,0.6329,15.0558,16650400,83500,243600,0,1700,0
walking,0,16.6681,16.6691,1.6906,16702,99,816963920844,1.8584,0.8963,14.7945,16652500,87700,582100,0,1500,0
walking,0,16.6644,16.6648,2.0142,10310,99,816964087535,1.4921,0.5687,15.1568,16646100,93600,270300,0,1600,0
walking,0,16.7454,16.6661,1.6794,10310,99,816964254183,1.7113,0.8551,14.9392,16731400,82700,245700,0,1200,0
walking,0,16.6662,16.6692,1.7316,10310,99,816964420844,1.8627,0.6018,14.7900,16652000,79200,298400,0,1300,0
walking,0,16.6679,16.6608,1.9374,10310,99,816964587536,1.8098,0.5383,14.8365,16655200,86000,290400,0,1500,0
walking,0,16.6667,16.7459,1.7152,16702,99,816964754144,1.5783,0.9226,15.1531,16651800,88100,805500,0,1500,0
walking,0,16.6677,16.6655,2.0204,10310,98,816964921603,1.4729,0.9895,15.1792,16651300,87200,338500,0,1300,0
walking,0,16.6660,16.6699,1.7347,10310,93,816965088258,1.5304,1.1272,15.1249,16648100,84100,240300,0,1400,0
walking,0,16.6656,16.6673,1.7162,10310,93,816965254957,2.0880,0.6488,14.5640,16648500,92000,233100,0,1300,0
walking,0,16.7158,16.6672,1.9507,10310,93,816965421630,1.7414,0.5718,14.9100,16714000,95800,486800,0,1500,0
walking,0,16.6576,16.6644,1.6978,16702,93,816965588302,1.6400,0.5501,15.0082,16612900,87700,987800,0,1500,0
walking,0,16.6697,16.6624,2.0388,10310,92,816965754946,1.5911,0.6413,15.0574,16661000,84600,249100,0,1300,0
walking,0,16.6662,16.7363,1.7121,10310,93,816965921570,1.8038,0.6741,14.9105,16649200,79800,233000,0,1700,0
walking,0,16.6652,16.6362,1.7480,10310,93,816966088933,2.4918,0.6976,14.1211,16648700,80400,351600,0,1500,0
walking,0,16.6676,16.6746,2.2006,10310,93,816966255295,1.5644,0.5362,15.0967,16661700,75900,271900,0,1200,0
walking,0,16.6669,16.6637,2.1780,16702,91,816966422041,1.9539,0.5456,14.6954,16644900,80000,571800,0,1300,0
walking,0,16.6656,16.6636,1.9958,10310,91,816966588678,1.8248,0.8011,14.8239,16653700,86000,314400,0,1600,0
walking,0,16.6713,16.6744,1.7572,10310,91,816966755314,1.7795,0.6632,14.8823,16663700,88900,250200,0,1500,0
walking,0,16.6661,16.6589,1.6701,10310,91,816966922058,1.9086,1.0971,14.7365,16648100,85300,241900,0,1600,0
walking,0,16.6668,16.6664,1.7715,10310,91,816967088647,1.6297,0.5459,15.0241,16651500,85700,293600,0,1300,0
walking,0,16.6702,16.6791,1.7459,16702,91,816967255311,1.8744,0.5680,14.7894,16658600,83300,502800,0,1500,0
walking,0,16.6645,16.6633,1.9927,20666,91,816967422102,1.5836,0.8522,15.0646,16644200,102400,432300,0,1800,0
walking,0,16.6701,16.6668,1.6609,10310,294,816967588735,1.5989,0.6951,15.0527,16656500,106800,296800,0,1700,0
walking,0,16.6667,16.6752,1.9855,10310,290,816967755403,1.9391,4.3672,14.7197,16647300,96200,293700,0,1900,0
walking,0,16.6648,16.6607,1.6507,10310,291,816967922155,2.9105,3.4527,13.7338,16646200,89600,257900,0,2100,0
walking,0,16.6669,16.6740,1.7787,16702,290,816968088762,1.9615,0.7533,14.6953,16650400,87700,530500,0,1700,0
walking,0,16.6660,16.6655,2.0234,10310,287,816968255502,2.0918,0.6819,14.5559,16647900,80400,244800,0,1700,0
walking,0,16.6652,16.6644,1.6824,10310,284,816968422157,1.8059,0.7815,14.8405,16647400,81400,246800,0,1300,0
walking,0,16.6656,16.6657,1.7213,10310,287,816968588801,2.0699,0.7723,14.5806,16649600,83800,243800,0,1100,0
walking,0,16.6706,16.6633,1.6742,10310,286,816968755458,1.7869,0.8607,14.8611,16661500,76200,235700,0,1500,0
walking,0,16.6692,16.6643,1.6558,16702,284,816968922091,1.7931,0.6517,14.8544,16655700,84600,608000,809000,1600,0
walking,0,16.6664,16.6617,1.9988,10310,287,816969088734,1.5369,0.7524,15.1128,16649800,89800,243400,0,1800,0
walking,0,16.6665,16.6762,1.6732,10310,286,816969255351,1.6252,1.2026,15.0365,16650300,85500,651700,0,1300,0
walking,0,16.6675,16.6720,1.7623,10310,287,816969422113,1.9389,0.6739,14.7170,16651100,88800,277800,0,1700,0
walking,0,16.6664,16.6662,1.7531,10310,286,816969588833,2.0238,1.1260,14.6260,16649800,91300,313500,0,1900,0
walking,0,16.6689,16.6672,1.8176,16702,288,816969755495,2.6853,0.6632,13.9652,16652000,87600,561100,0,1400,0
walking,0,16.6643,16.6671,2.0470,10310,286,816969922167,2.1217,1.0423,14.5297,16644400,84200,331700,0,1900,0
walking,0,16.6639,16.6668,1.6886,20666,286,816970088838,1.9267,1.1801,14.7232,16644500,79700,242600,0,1600,0
walking,0,16.6659,16.6673,1.6671,10310,583,816970255506,2.1369,0.8191,14.5152,16651500,77100,242000,0,1300,0
walking,0,16.6679,16.6632,1.9261,10310,583,816970422179,2.1148,9.6107,14.5298,16657200,77400,274600,0,1000,0
walking,0,16.6663,16.6596,1.8883,16702,582,816970588811,2.7669,7.5846,13.8777,16652800,88000,530400,0,1500,0
walking,0,16.6682,16.6634,2.2436,10310,581,816970755407,2.1452,0.9636,14.5065,16646400,79100,248700,0,1400,0
walking,0,16.6696,16.6700,1.9835,10310,580,816970922041,2.2025,1.1595,14.4547,16660500,82200,254900,0,1500,0
walking,0,16.6643,16.6659,1.9712,10310,582,816971088741,2.4985,0.8481,14.1544,16643700,83900,254700,0,1500,0
walking,0,16.6650,16.6689,2.3276,46435,581,816971255400,2.4319,1.0631,14.2145,16650200,77800,11161500,0,1300,0
walking,0,16.6684,16.6762,1.9640,16702,585,816971422089,2.7127,0.9607,13.9478,16658800,77800,725100,0,1300,0
walking,0,16.6656,16.6566,2.2467,10310,582,816971588851,2.1947,1.8754,14.4491,16654400,80400,227800,0,1100,0
walking,0,16.6691,16.6626,1.9476,10310,585,816971755417,11.7799,0.9244,4.8705,16659400,78300,399500,0,1500,0
walking,0,16.6694,16.6700,2.2651,10310,584,816971922043,2.5101,0.7964,14.1489,16655000,94000,264900,0,1500,0
walking,0,16.6652,16.6663,2.3767,10310,583,816972088743,2.1687,1.2021,14.4858,16647700,95700,316300,0,1500,0
walking,0,16.6662,16.6734,2.0244,16702,585,816972255406,2.7330,0.9024,13.9265,16650100,88600,586100,0,1500,0
walking,0,16.6672,16.6705,2.0101,10310,581,816972422140,2.5604,1.6356,14.0947,16654500,82400,251500,0,1500,0
walking,0,16.7681,16.6636,1.9620,10310,584,816972588845,2.4258,1.2422,14.2220,16755600,92700,373300,0,1900,0
walking,0,16.6684,16.6633,2.0398,10310,583,816972755481,2.6254,0.8880,14.0249,16655100,87100,273200,0,1300,0
walking,0,16.6681,16.6667,2.4474,10310,583,816972922114,2.3055,1.3257,14.3491,16653200,84300,241200,0,1500,0
walking,0,16.6648,16.7709,1.9651,16702,569,816973088781,2.6064,0.9516,14.1494,16645800,89100,600200,0,1500,0
walking,0,16.6669,16.6691,1.9999,10310,572,816973256490,2.3285,0.9905,14.3268,16654800,83000,295100,0,1300,0
walking,0,16.6676,16.6697,2.0582,10310,572,816973423181,2.2977,1.6469,14.3556,16655600,81600,336700,0,1400,0
walking,0,16.6656,16.6584,2.2835,10310,573,816973589878,2.5767,0.8727,14.0691,16653700,87400,255300,0,1800,0
walking,0,16.6694,16.6681,2.3828,10310,567,816973756462,2.4213,1.0571,14.2335,16658500,85600,361500,0,1500,0
walking,0,16.6666,16.6684,1.9732,16702,567,816973923143,2.5967,0.8316,14.0590,16652200,88800,575900,0,1400,0
walking,0,16.6927,16.6653,2.0183,10310,567,816974089827,2.1333,1.1611,14.5204,16678800,83900,281300,0,1400,0
walking,0,16.6676,16.6724,1.9886,10310,567,816974256480,2.4670,1.0558,14.1917,16652500,88500,370100,0,1500,0
walking,0,16.6644,16.6667,1.9610,10310,565,816974423204,2.7012,1.0613,13.9510,16644000,89400,353000,0,1700,0
walking,0,16.6688,16.6953,2.2907,10310,567,816974589871,2.3297,0.9680,14.3493,16657200,85500,241500,0,1500,0
walking,0,16.6663,16.6688,2.0163,16702,564,816974756824,2.5667,1.4114,14.0859,16650700,166800,540700,0,4200,0
walking,0,16.6677,16.6592,2.6583,10310,564,816974923512,2.8086,1.0984,13.8355,16649900,99300,322100,0,2000,0
walking,0,16.6645,16.6713,1.9354,10310,561,816975090104,2.1567,1.0644,14.5007,16645900,84500,270400,0,1500,0
walking,0,16.6677,16.6682,2.2026,10310,559,816975256817,3.3168,0.9080,13.3340,16654900,82100,302200,0,1300,0
walking,0,16.6680,16.6660,1.9835,10310,556,816975423499,2.6588,1.0597,13.9913,16655400,79100,263000,0,1400,0
walking,0,16.6643,16.6593,2.1862,16702,546,816975590159,2.4331,1.4971,14.2129,16647600,85800,750500,0,1500,0
walking,0,16.6684,16.6686,2.6153,10310,549,816975756752,2.4086,1.0348,14.2464,16655700,79700,250900,0,1400,0
walking,0,16.6668,16.6699,1.8801,10310,544,816975923438,2.2713,1.2993,14.3842,16654200,82000,255500,0,1400,0
walking,0,16.6668,16.6613,2.3552,10310,544,816976090137,2.7818,1.4383,13.8658,16650900,84400,254000,0,1400,0
walking,0,16.6657,16.6677,2.0214,10310,543,816976256750,2.4070,1.0035,14.2487,16652300,77500,244700,0,1200,0
walking,0,16.6664,16.6705,2.0070,16702,544,816976423427,2.7135,1.3078,13.9407,16662700,75200,509200,0,1300,0
walking,0,16.6672,16.6634,2.2733,10310,544,816976590132,2.6713,0.7838,13.9797,16648500,81500,243400,0,1100,0
walking,0,16.6681,16.6636,2.1320,10310,543,816976756766,2.1087,0.9720,14.5437,16656300,77600,242500,0,1300,0
walking,0,16.6672,16.6734,1.9958,10310,540,816976923402,2.0560,0.8017,14.6067,16655000,77600,237900,0,1400,0
walking,0,16.6689,16.6610,2.0736,10310,535,816977090136,1.7779,0.9554,14.8708,16659100,85100,246400,0,1300,0
walking,0,16.6679,16.6679,1.9620,16702,535,816977256746,2.3177,1.0189,14.3388,16651300,85800,546900,0,1300,0
walking,0,16.6633,16.6704,2.4781,10310,535,816977423425,1.8837,0.9535,14.7714,16642500,83300,252500,0,1700,0
walking,0,16.6673,16.6731,2.0490,10310,535,816977590129,2.0556,1.0731,14.6036,16653400,82300,274200,0,1200,0
walking,0,16.6675,16.6677,2.4074,10310,534,816977756860,2.3338,0.9415,14.3175,16654200,80400,329800,0,1400,0
walking,0,16.6674,16.6591,2.0541,10310,535,816977923537,2.2018,1.2813,14.4408,16656900,75800,264000,0,1200,0
walking,0,16.6673,16.6666,2.0828,16702,535,816978090128,2.3008,1.2280,14.3529,16652600,90500,562100,0,1700,0
walking,0,16.6681,16.6663,2.3624,10310,535,816978256794,2.3982,1.3175,14.2560,16654100,83500,260400,0,1300,0
walking,0,16.6653,16.6725,2.0470,10310,535,816978423457,1.8029,1.0178,14.8541,16648000,83900,252000,0,1600,0
walking,0,16.6658,16.6673,2.0132,10310,535,816978590182,2.5008,0.8925,14.1519,16650500,91400,258800,0,1800,0
walking,0,16.6665,16.6685,2.6993,10310,530,816978756855,2.0580,1.3937,14.5962,16655900,80200,259400,0,1400,0
walking,0,16.6681,16.6621,2.1668,16702,502,816978923540,2.0331,0.8558,14.6149,16656500,82000,624300,0,1200,0
walking,0,16.6659,16.6626,2.3071,10310,502,816979090161,2.0546,0.8684,14.5959,16650400,84700,255500,0,1400,0
walking,0,16.6949,16.6681,2.1248,10310,501,816979256787,2.0383,0.9906,14.6176,16683000,77900,295800,0,1200,0
walking,0,16.6692,16.6698,2.5610,10310,501,816979423468,2.3648,1.2547,14.2917,16660000,76000,235500,0,1200,0
walking,0,16.6637,16.6633,2.1934,10310,503,816979590166,2.1036,1.3815,14.5469,16644800,87200,294700,0,1600,0
walking,0,16.6671,16.6954,2.1463,16702,503,816979756799,2.0510,0.9425,14.6322,16657100,73400,517000,0,1200,0
walking,0,16.6671,16.6734,2.4474,10310,503,816979923753,1.8057,1.4523,14.8543,16657500,75500,247100,0,1200,0
walking,0,16.6673,16.6565,2.2272,10310,500,816980090487,1.9560,1.0041,14.6889,16657000,77900,696400,0,1300,0
walking,0,16.6681,16.6683,2.4945,10310,501,816980257052,2.2266,0.9573,14.4307,16655800,72200,321100,0,1200,0
walking,0,16.6740,16.6694,2.1125,10310,501,816980423735,2.1144,1.0865,14.5433,16668100,83600,286600,0,1200,0
walking,0,16.6614,16.6684,2.1176,16702,503,816980590429,2.9773,0.9796,13.6799,16629800,90400,837700,0,1800,0
walking,0,16.6662,16.6704,2.2426,10310,501,816980757113,2.4206,1.3931,14.2353,16649500,94800,274800,0,1300,0
walking,0,16.6687,16.6881,2.1750,10310,498,816980923817,2.4334,1.1138,14.2349,16653400,85000,261700,0,1400,0
walking,0,16.6643,16.6501,2.4023,10310,498,816981090698,2.8787,1.1796,13.7512,16643400,84600,300800,0,1400,0
walking,0,16.6672,16.6654,2.0869,10310,498,816981257199,2.7003,1.0103,13.9494,16653500,82200,346300,0,1500,0
walking,0,16.6650,16.6694,2.1934,16626,498,816981423853,2.3064,1.1263,14.3470,16648400,75200,622500,0,1200,0
walking,0,16.6665,16.6612,2.4494,10234,498,816981590547,2.6625,1.3669,13.9808,16653700,75200,219800,0,1000,0
walking,0,16.6746,16.6678,2.0767,10234,498,816981757159,2.5289,1.9386,14.1247,16672900,64200,444900,0,1100,0
walking,0,16.6619,16.6603,2.0040,10234,498,816981923837,2.4029,0.7829,14.2456,16635100,73200,249400,0,1200,0
walking,0,16.6666,16.6647,2.1985,10234,490,816982090440,2.0260,0.9018,14.6277,16652300,85100,250500,0,1300,0
walking,0,16.6671,16.6895,2.1361,16626,490,816982257087,2.1354,0.9673,14.5377,16652600,73400,616900,0,1500,0
walking,0,16.6675,16.6541,2.3255,10234,491,816982423982,3.1463,0.8578,13.4889,16653500,71200,566200,0,1300,0
walking,0,16.6650,16.6660,2.0214,10234,491,816982590523,2.3437,0.9558,14.3088,16648900,77000,309500,0,1500,0
walking,0,16.6681,16.6663,2.4044,10234,491,816982757183,2.4326,0.9351,14.2202,16658500,75600,281900,0,1200,0
walking,0,16.6695,16.6671,2.0460,10234,491,816982923846,2.4835,0.9077,14.1701,16659700,74800,346200,0,1100,0
walking,0,16.6638,16.6616,2.0818,16626,490,816983090517,2.3306,1.5113,14.3185,16643000,77900,601700,0,1600,0
walking,0,16.6667,16.6709,2.2692,10234,489,816983257133,2.0354,0.9849,14.6231,16653000,72900,252600,0,1400,0
walking,0,16.6647,16.6743,2.0460,10234,473,816983423842,2.6089,1.1084,14.0509,16651900,68700,340800,0,1400,0
walking,0,16.6677,16.6572,1.9814,10234,473,816983590585,2.8950,0.8620,13.7481,16657600,68000,227700,0,1300,0
walking,0,16.6679,16.6645,1.9395,10234,473,816983757157,1.9950,0.9383,14.6580,16660900,64900,221500,0,1100,0
activity,3,16.6833,16.6627,1.9436,27366,473,816983923802,2.2826,1.1257,14.3693,16680200,1572300,599400,0,1300,0
activity,0,16.6585,16.6676,2.3368,10298,301,816984090429,1.7150,1.0192,14.9426,16629400,68100,240200,0,1400,0
activity,0,16.6701,16.6724,1.8852,10274,301,816984257105,1.8080,1.4386,14.8529,16664300,65300,241300,0,1400,0
activity,0,16.6631,16.6968,1.8022,10274,300,816984423829,3.9179,0.7326,12.7624,16641900,78600,246600,0,1300,0
activity,0,16.6691,16.6417,1.8493,10274,301,816984590797,2.3210,0.8315,14.3085,16661800,64200,297600,0,1400,0
activity,0,16.6692,16.6783,1.8319,16666,301,816984757214,1.7118,1.0905,14.9527,16660400,69700,543100,0,1400,0
activity,0,16.6656,16.6540,2.1637,10274,301,816984923997,1.6941,1.2866,14.9479,16649900,74700,296800,0,1500,0
activity,0,16.6677,16.6736,1.8319,10274,301,816985090537,1.6343,1.0135,15.0276,16651300,74200,260500,0,1500,0
activity,0,16.6673,16.6743,1.8483,10274,301,816985257273,2.0757,1.3264,14.5848,16653100,74000,308700,0,1300,0
activity,0,16.6650,16.6655,1.8493,10274,301,816985424016,1.8904,0.7969,14.7596,16648700,70300,264400,0,1300,0
activity,0,16.6687,16.6656,1.9169,16666,301,816985590671,1.7857,1.1297,14.8657,16657000,75600,574100,0,1600,0
activity,0,16.6662,16.6675,2.1289,10274,301,816985757327,1.9848,0.6596,14.6683,16651000,72100,255000,0,1500,0
activity,0,16.6663,16.6627,1.8575,10274,301,816985924002,1.9651,1.0726,14.6839,16653200,73200,265500,0,1400,0
activity,0,16.6646,16.6713,1.8524,10274,300,816986090629,1.8927,0.6947,14.7643,16644400,70000,236700,0,1200,0
activity,0,16.6703,16.6650,2.2712,10274,300,816986257342,1.9079,0.7916,14.7432,16663700,62800,310900,0,1500,0
activity,0,16.6644,16.6684,1.8166,16666,301,816986423992,1.8448,0.6471,14.8084,16646600,74200,549800,0,1600,0
activity,0,16.6662,16.6563,2.1064,10274,301,816986590676,1.6281,1.4270,15.0164,16659100,64600,228500,0,1200,0
activity,0,16.8017,16.6766,1.8360,10274,301,816986757239,1.7509,0.8465,14.9128,16791400,62000,246300,0,1300,0
activity,0,16.6687,16.6590,1.9016,10274,300,816986924005,2.1092,0.5977,14.5374,16640900,66300,342300,0,1300,0
activity,0,16.6661,16.6697,1.8647,10274,301,816987090595,1.5912,0.6949,15.0681,16649400,72800,258500,0,1400,0
activity,0,16.6642,16.8067,1.8452,16666,301,816987257292,1.9485,1.3453,14.8431,16648000,66500,499200,0,1600,0
activity,0,16.6664,16.6669,2.1115,10274,301,816987425359,1.8942,0.7683,14.7467,16655100,65300,224400,0,1100,0
activity,0,16.6662,16.6656,1.8534,10274,301,816987592028,1.9723,0.8120,14.6772,16647000,69300,238000,0,1300,0
activity,0,16.6678,16.6602,3.0249,10274,301,816987758684,1.8770,0.6116,14.7711,16656200,64600,228000,0,1600,0
activity,0,16.6683,16.6674,1.8432,10274,299,816987925286,1.7147,0.6620,14.9405,16662600,60100,259800,0,1000,0
activity,0,16.6661,16.6633,1.8237,16666,301,816988091960,1.6929,0.6636,14.9542,16649500,69300,544400,0,1200,0
activity,0,16.6665,16.6668,2.1473,10274,300,816988258593,1.6297,0.9985,15.0266,16655300,65400,227200,0,1100,0
activity,0,16.6695,16.6755,1.8627,10274,301,816988425261,1.4981,0.9181,15.1645,16659200,65000,2278800,850200,1400,0
activity,0,16.6637,16.6615,1.8207,10274,301,816988592016,1.8838,0.7549,14.7657,16647400,75000,261400,0,1300,0
activity,0,16.6662,16.6674,1.8156,10274,298,816988758631,1.7203,0.7388,14.9351,16652200,65800,224100,0,1300,0
activity,0,16.6705,16.6722,1.8309,16666,301,816988925305,2.9705,0.6760,13.6888,16664000,73500,516900,0,1200,0
activity,0,16.6664,16.6608,2.1678,10274,301,816989092027,1.8080,0.6717,14.8396,16651300,77100,254500,0,1400,0
activity,0,16.6694,16.6633,1.8473,10274,298,816989258635,1.5266,1.0942,15.1257,16657200,68500,862500,0,1300,0
activity,0,16.6656,16.6774,1.8422,10274,301,816989425268,1.8832,0.7281,14.7809,16650500,67800,290900,0,1400,0
activity,0,16.9509,16.6652,1.8463,10274,301,816989592042,2.0953,0.8702,14.5560,16939100,77800,606800,0,1600,0
activity,0,16.6643,16.6710,1.9057,16666,301,816989758694,2.6307,0.6955,14.0265,16645100,74600,762000,0,1500,0
activity,0,16.6676,16.6656,2.2159,10274,300,816989925404,2.0479,0.9292,14.6028,16650800,76000,467400,0,1500,0
activity,0,16.6652,16.9556,1.9180,10274,301,816990092060,2.9146,0.8733,14.0247,16644900,80600,474700,0,1400,0
activity,0,16.6627,16.6621,2.1985,10274,301,816990261616,2.2938,1.1629,14.3514,16640200,103200,248700,0,2400,0
activity,0,16.6678,16.6716,1.9323,10274,300,816990428237,2.5237,1.1879,14.1273,16653200,101600,261000,0,1200,0
activity,0,16.6650,16.6621,1.9128,16666,301,816990594953,2.8397,0.7972,13.8053,16651100,64100,578500,0,1400,0
activity,0,16.6705,16.6548,2.1780,10274,301,816990761574,2.1907,0.6826,14.4496,16664800,63200,229500,0,1100,0
activity,0,16.6660,16.6666,1.9180,10274,299,816990928122,1.9259,0.7639,14.7274,16650700,70800,248100,0,1300,0
activity,0,16.6657,16.6623,1.8350,10274,300,816991094788,1.8206,0.6116,14.8305,16651000,65600,235100,0,1300,0
activity,0,16.6671,16.6785,1.8412,10274,301,816991261411,1.6387,0.7090,15.0263,16655200,69400,241400,0,1700,0
activity,0,16.6678,16.6641,1.9026,16666,301,816991428196,1.8676,0.7760,14.7832,16653200,68300,733800,0,1800,0
activity,0,16.6647,16.6632,2.2477,10274,301,816991594837,1.6243,0.8237,15.0268,16646500,74400,257600,0,1600,0
activity,0,16.6685,16.6683,2.2579,10274,300,816991761469,1.8033,1.6356,14.8521,16660000,65000,322700,0,1200,0
activity,0,16.6654,16.6699,1.9231,10274,301,816991928152,2.5265,0.6605,14.1267,16652600,64700,277300,0,1400,0
activity,0,16.6696,16.6571,1.8934,10274,301,816992094851,2.0333,0.8564,14.6132,16657200,64600,256100,0,1200,0
activity,0,16.6639,16.6723,1.8422,16666,301,816992261422,2.1768,1.1357,14.4833,16642800,71700,546900,0,1200,0
activity,0,16.6661,16.6646,2.1893,10274,300,816992428145,1.8617,0.8422,14.7909,16653000,63000,221600,0,1100,0
activity,0,16.6678,16.6757,1.9364,10274,301,816992594791,1.9719,0.9680,14.6855,16658700,64000,239600,0,1200,0
activity,0,16.6661,16.6568,2.1985,10274,301,816992761548,2.0117,0.9944,14.6312,16653200,62500,221300,0,1000,0
activity,0,16.6682,16.6642,1.9681,10274,301,816992928116,1.5304,0.7230,15.1228,16661000,60300,264600,0,1200,0
activity,0,16.6660,16.6698,1.9128,16666,301,816993094758,1.5403,0.6453,15.1184,16653400,138900,485200,0,1200,0
activity,0,16.6664,16.6635,2.1391,10274,301,816993261456,1.6378,0.9909,15.0155,16654900,66300,243300,0,1100,0
activity,0,16.6676,16.6730,1.9169,10274,301,816993428091,1.4297,0.9277,15.2313,16658200,63600,328300,0,1100,0
activity,0,16.6656,16.6642,2.1801,10274,299,816993594821,1.8302,0.6962,14.8234,16650400,68500,246500,0,1400,0
activity,0,16.6680,16.6662,1.8381,10274,301,816993761463,1.6061,0.7283,15.0490,16659000,63300,256300,0,1200,0
activity,4,16.7477,16.6703,0.0000,140724,301,816993928125,1.8403,0.8227,14.8180,16732100,9787900,8897700,0,1600,0
activity,0,16.6706,16.6614,2.1074,13196,310,816994094828,1.7142,0.6844,14.9363,16667900,81400,307200,0,2700,0
activity,0,16.6658,16.6695,2.1617,13196,309,816994261442,1.8731,2.1400,14.7859,16650600,74100,300700,0,1500,0
activity,0,16.6687,16.7462,2.2333,13196,311,816994428137,16.7240,0.7561,0.0084,16656800,68900,312400,0,1200,0
activity,0,16.6653,16.6781,1.7531,13196,308,816994595599,2.1662,10.4658,14.5017,16648400,89700,315600,0,1600,0
activity,0,16.6693,16.6646,1.8883,35868,310,816994762380,2.0297,0.7809,14.6210,16659900,80200,1861100,0,1400,0
activity,0,16.6656,16.6705,2.1320,13196,310,816994929026,1.8103,0.9382,14.8467,16647000,75600,310300,0,1700,0
activity,0,16.6672,16.6624,1.8463,13196,309,816995095731,1.7058,1.2117,14.9427,16651800,80100,377300,0,1500,0
activity,0,16.6645,16.6750,2.2077,13196,311,816995262355,2.7727,0.7510,13.8872,16646500,77800,309600,0,1500,0
activity,0,16.6752,16.6636,2.2047,13196,311,816995429105,1.9358,0.7913,14.7113,16666400,66900,354200,0,1300,0
activity,0,16.6681,16.6662,1.7981,35868,311,816995595741,2.3509,0.8726,14.3011,16655000,73500,1820300,0,1500,0
activity,0,16.6690,16.6585,2.1606,13196,311,816995762403,1.8420,1.1427,14.8046,16657200,72400,301800,0,1600,0
activity,0,16.6652,16.6789,1.8135,13196,311,816995928988,1.6078,0.9580,15.0587,16645400,76200,539700,0,1800,0
activity,0,16.6658,16.6690,2.1391,13196,310,816996095777,2.5808,0.7092,14.0744,16645500,79300,568100,0,1500,0
activity,0,16.6682,16.6754,1.8156,13196,311,816996262467,2.0171,0.8384,14.6402,16656000,78800,312400,0,1300,0
activity,0,16.6678,16.6635,1.8422,35868,310,816996429221,2.3185,0.8623,14.3270,16651600,75400,1672000,0,1500,0
activity,0,16.6633,16.6601,1.8063,13196,310,816996595856,2.3784,1.1552,14.2672,16643700,105300,426300,0,1300,0
activity,0,16.6671,16.6703,1.8319,13196,311,816996762457,2.4449,0.9277,14.2113,16660900,77000,304700,0,1100,0
activity,0,16.6668,16.6701,2.0972,13196,311,816996929160,3.0190,0.8963,13.6327,16649800,66200,272300,0,1100,0
activity,0,16.6698,16.6574,1.8330,13196,310,816997095861,2.3764,0.7169,14.2674,16661600,63200,318800,0,1100,0
activity,0,16.6676,16.6729,1.7920,35868,310,816997262435,2.3465,0.6186,14.3145,16652200,74300,1850600,0,1500,0
activity,4,16.6623,16.6602,2.0982,34580,310,816997429164,1.8417,0.7813,14.8082,16641300,918400,986700,0,1400,0
activity,0,16.6675,16.6763,2.2405,13070,311,816997595766,1.8108,1.2429,14.8510,16659200,65500,395300,0,1200,0
activity,0,16.6679,16.6670,1.8504,13070,311,816997762529,3.1179,1.5836,13.5344,16657400,68000,427300,0,1200,0
activity,0,16.6683,16.6525,1.8422,13070,311,816997929199,4.1746,0.8693,12.4668,16657700,70500,344900,0,1400,0
activity,0,16.6674,16.6709,1.8872,35742,310,816998095724,1.6721,1.5336,14.9872,16652800,78300,2045700,0,1600,0
activity,0,16.6671,16.6705,2.1473,13070,311,816998262433,1.8388,1.1148,14.8187,16654800,74500,325700,0,1500,0
activity,0,16.6658,16.6709,1.8412,13070,308,816998429138,1.6468,1.0567,15.0110,16648100,172000,316300,0,1800,0
activity,0,16.6661,16.6662,2.1473,13070,311,816998595847,3.2766,0.7905,13.3763,16652000,73500,352500,0,1500,0
activity,0,16.6698,16.6683,1.8186,13070,311,816998762509,2.0001,0.9926,14.6548,16663500,69400,300300,0,1100,0
activity,0,16.6647,16.6618,1.9067,35742,310,816998929192,2.0829,1.1154,14.5652,16644200,76400,1812600,0,1600,0
activity,0,16.6661,16.6648,2.1217,13070,311,816999095810,1.8273,0.6260,14.8248,16653800,82100,330300,0,1300,0
activity,0,16.6686,16.6782,1.8401,13070,311,816999262458,1.6791,1.0235,14.9846,16658700,71000,328900,0,1500,0
activity,0,16.6670,16.6580,2.1463,13070,311,816999429240,2.7960,1.1177,13.8483,16652700,70500,295900,0,1300,0
activity,0,16.6658,16.6659,1.8278,13070,310,816999595820,1.8205,0.9955,14.8333,16652100,73900,322400,0,1500,0
activity,0,16.6686,16.6711,1.8565,35742,309,816999762479,1.8158,0.6406,14.8430,16658700,72200,1662100,0,1200,0
activity,0,16.6664,16.6656,2.3931,13070,311,816999929190,1.7410,1.0275,14.9116,16650500,72900,366800,0,1600,0
activity,0,16.6679,16.6648,1.8422,13070,311,817000095846,1.7989,0.9475,14.8533,16656300,73600,365200,0,1600,0
activity,0,16.6647,16.6727,2.0982,13070,311,817000262494,2.5257,1.1587,14.1331,16646600,80000,348800,0,1400,0
activity,0,16.6681,16.6634,1.8749,13070,310,817000429221,1.8023,0.7600,14.8483,16653800,70600,704700,0,1200,0
activity,0,16.6661,16.6708,1.8381,35742,311,817000595855,2.0173,0.7561,14.6391,16651800,69500,1577300,0,1200,0
activity,0,16.6665,16.6641,1.8442,13070,309,817000762563,1.9869,0.9541,14.6597,16655500,71000,289800,0,1300,0
activity,0,16.6694,16.6646,1.8104,13070,311,817000929204,2.3901,0.9242,14.2639,16662100,68000,391300,0,1700,0
activity,4,16.6658,16.6639,2.1361,30566,311,817001095850,2.8236,0.7063,13.8283,16648700,1245300,1208600,0,2200,0
activity,0,16.6659,16.6661,1.8739,13116,316,817001262489,1.9903,0.9880,14.6653,16650000,73200,319000,0,1400,0
activity,0,16.6661,16.6767,2.1391,35788,315,817001429150,1.9936,1.0911,14.6684,16655400,68400,1265800,0,1300,0
activity,0,16.6699,16.6626,2.1258,13116,316,817001595917,3.7499,0.7016,12.8989,16660400,67500,362800,0,1300,0
activity,0,16.6653,16.6621,1.9436,13116,315,817001762543,2.1470,1.3524,14.5032,16649200,70100,380200,0,1200,0
activity,0,16.6679,16.6661,2.1279,13116,315,817001929164,2.6338,0.7338,14.0217,16659200,65700,297300,0,1200,0
activity,0,16.6666,16.6736,1.8381,13116,315,817002095825,1.9349,1.0846,14.7257,16652500,73000,565200,0,1400,0
activity,0,16.6675,16.6614,1.7951,35788,316,817002262561,2.0223,0.6458,14.6270,16657400,72100,1288800,0,1300,0
activity,0,16.6667,16.6712,2.1443,13116,316,817002429175,1.6421,0.9216,15.0171,16650600,71500,303600,0,1300,0
activity,0,16.7368,16.6656,1.8575,13116,316,817002595887,2.1530,1.3613,14.4996,16724100,69900,308800,0,1800,0
activity,0,16.6682,16.6717,2.1309,13116,316,817002762543,2.4475,0.6635,14.2101,16655300,76000,475700,789700,1500,0
activity,0,16.6653,16.6638,1.8565,13116,312,817002929260,1.7744,1.1626,14.8763,16650500,74200,449000,0,1300,0
activity,0,16.6656,16.7373,1.9456,35788,316,817003095898,2.0353,0.9505,14.6889,16650300,69900,1527500,0,1300,0
activity,0,16.6682,16.6685,1.8053,13116,316,817003263271,2.3169,1.7114,14.3388,16660000,66600,296200,0,1200,0
activity,0,16.6658,16.6648,1.8422,13116,316,817003429956,2.1155,0.8633,14.5352,16650000,68000,385300,0,1200,0
activity,0,16.6669,16.6611,2.3777,13116,316,817003596604,2.6432,0.8502,14.0072,16655400,66500,340300,0,1200,0
activity,0,16.8061,16.6729,1.8954,13116,315,817003763215,1.9803,0.8207,14.6797,16802800,69500,285600,0,1300,0
activity,0,16.6680,16.6611,1.8452,35788,315,817003929944,2.0500,0.6580,14.6002,16649700,78500,1613500,0,1400,0
activity,0,16.6813,16.6666,2.1432,13116,316,817004096555,1.7461,0.7601,14.9094,16657100,78200,410000,0,2100,0
activity,0,16.6659,16.8176,2.8099,13116,316,817004263221,1.8752,1.9354,14.9278,16646100,113400,326500,0,1700,0
activity,0,16.6642,16.6666,2.2364,13116,314,817004431397,3.4519,0.9588,13.1981,16644300,72000,298800,0,1300,0
activity,4,16.6665,16.6832,1.7930,28550,316,817004598063,2.3394,0.7687,14.3179,16654500,116700,1194400,0,1600,0
activity,0,16.7097,16.6623,3.1222,35758,321,817004764895,2.5417,0.7208,14.1045,16694100,65100,1780000,0,1400,0
activity,0,16.7124,16.6579,2.1340,13086,321,817004931518,1.9647,1.1063,14.6797,16710200,65700,444200,0,1500,0
activity,0,16.6621,16.6670,3.0075,13086,320,817005098097,2.3243,1.0898,14.3302,16636500,125000,495200,0,1400,0
activity,0,16.8072,16.7087,2.0726,13086,319,817005264767,2.7559,0.9220,13.9383,16804400,78000,385500,0,1600,0
activity,0,16.6529,16.7275,1.8575,13086,320,817005431854,2.3137,1.3626,14.3969,16616000,82600,344100,0,1500,0
activity,0,16.6683,16.6573,2.9983,35758,320,817005599129,2.7780,0.8784,13.8588,16651800,82800,1656700,0,1300,0
activity,0,16.6663,16.8240,2.1688,13086,320,817005765702,2.2551,0.7590,14.5496,16651700,73100,375800,0,1500,0
activity,0,16.6691,16.6341,2.8037,13086,320,817005933942,2.2497,1.0756,14.3664,16652900,73800,384500,0,1600,0
activity,0,16.6654,16.6668,2.1576,13086,321,817006100283,2.6399,1.1676,14.0120,16647700,72100,402900,0,1300,0
activity,0,16.6667,16.6677,1.7981,13086,321,817006266951,1.9592,0.9686,14.6926,16650200,76900,377300,0,1500,0
activity,0,16.6635,16.6682,3.0413,35758,317,817006433628,2.1990,1.3109,14.4541,16645000,76400,1737800,0,1500,0
activity,0,16.6679,16.6663,1.8852,13086,321,817006600310,1.8669,1.2222,14.7811,16655100,72400,371400,0,1400,0
activity,0,16.6688,16.6656,2.8498,13086,321,817006766973,2.2605,1.0027,14.3898,16656900,64700,315000,0,1100,0
activity,0,16.6681,16.6590,2.1965,13086,321,817006933629,2.7112,0.8006,13.9339,16698500,71800,294900,0,1400,0
activity,0,16.6661,16.6671,1.9159,13086,321,817007100219,1.7138,0.6419,14.9415,16604100,74100,311700,0,1600,0
activity,0,16.6651,16.6732,1.8934,35758,321,817007266890,1.6837,0.6983,14.9734,16648900,70400,2067400,0,1400,0
activity,0,16.6668,16.7147,2.1514,13086,321,817007433622,1.9933,0.8596,14.7055,16653400,71000,299800,0,1200,0
activity,0,16.6664,16.6197,1.8012,13086,321,817007600769,2.0111,0.9699,14.5932,16652000,70200,427600,0,1300,0
activity,0,16.6666,16.6622,2.1268,13086,321,817007766966,2.9256,0.8554,13.7234,16651100,72900,385000,0,1300,0
activity,0,16.6675,16.6680,1.8586,13086,321,817007933588,1.8051,0.8290,14.8484,16657200,68300,292500,0,1300,0
activity,4,16.6675,16.6644,1.9128,59974,317,817008100268,1.8059,0.7655,14.8461,16656300,2750400,2770100,0,1600,0
activity,0,16.6669,16.6654,2.1084,13788,323,817008266912,1.9502,0.7753,14.7009,16651200,69900,304000,0,1800,0
activity,0,16.6645,16.6699,2.1453,13788,323,817008433566,1.6566,1.3459,15.0007,16647600,70500,308000,0,1600,0
activity,0,16.6672,16.6691,2.1688,13788,322,817008600265,5.9867,0.6516,10.6698,16654500,66900,291200,0,1100,0
activity,0,16.6678,16.6661,1.8586,13788,323,817008766956,2.0433,0.6829,14.6080,16658600,60400,435100,0,1200,0
activity,0,16.6702,16.6599,1.8862,36460,323,817008933617,1.8472,0.6341,14.8005,16663700,76400,1517300,0,1400,0
activity,0,16.6653,16.6653,2.1238,13788,323,817009100216,1.5956,0.6693,15.0589,16646300,74700,312800,0,1400,0
activity,0,16.6637,16.6705,1.8575,13788,323,817009266869,1.7561,1.1777,14.9025,16646100,66300,470100,0,1100,0
activity,0,16.6697,16.6773,2.2385,13788,321,817009433574,2.7540,0.7049,13.9098,16663400,62000,282600,0,1300,0
activity,0,16.6651,16.6615,1.8913,13788,323,817009600347,2.0937,0.7144,14.5527,16647500,71300,409400,0,1400,0
activity,0,16.6676,16.6570,1.9067,36460,323,817009766962,1.9858,0.6399,14.6605,16656400,61500,1919500,0,1200,0
activity,0,16.8039,16.6759,1.7971,13788,323,817009933532,1.7391,1.1192,14.9244,16805700,64300,331100,0,1300,0
activity,0,16.6557,16.6599,1.8463,13788,323,817010100291,1.9019,0.8996,14.7456,16625200,87300,416500,0,1600,0
activity,0,16.6672,16.6702,2.1187,13788,323,817010266890,3.0016,1.1790,13.6549,16656300,67900,287400,0,1200,0
activity,0,16.6674,16.8233,1.8217,13788,320,817010433592,1.9113,0.8419,14.8947,16647900,74400,420600,0,1600,0
activity,0,16.6674,16.6408,1.8504,36460,323,817010601825,2.2292,0.7343,14.3960,16653000,78500,1751600,0,1800,0
activity,0,16.6663,16.6717,1.9190,13788,323,817010768233,2.0508,1.0320,14.6056,16646100,75400,328800,0,1700,0
activity,0,16.6722,16.6639,1.8043,13788,323,817010934950,2.3265,0.9515,14.3215,16668400,72200,562600,0,1300,0
activity,0,16.6659,16.6695,2.1606,13788,323,817011101589,3.1650,1.0503,13.4881,16635400,79500,357400,0,1900,0
activity,0,16.6641,16.6602,1.8033,13788,323,817011268284,2.0913,1.0275,14.5550,16644400,75900,408800,0,1600,0
activity,0,16.6678,16.6906,1.8493,36460,323,817011434886,2.6829,1.1885,13.9856,16651500,82400,1669800,0,1300,0
activity,4,16.6685,16.6559,2.1238,199222,323,817011601792,2.4099,0.8907,14.2257,16653200,1092000,8219100,0,2500,0
activity,0,16.6646,16.6607,2.2190,19008,319,817011768351,2.2105,1.0226,14.4339,16644000,87800,608900,0,1800,0
activity,0,16.6672,16.6681,2.2231,19008,319,817011934958,2.8487,2.4402,13.8030,16650000,74600,429100,0,1500,0
activity,0,16.6715,16.6713,2.3992,19008,319,817012101639,8.8349,1.4872,7.8184,16656700,72500,357800,0,1700,0
activity,0,16.6667,16.6610,1.8452,49488,318,817012268352,2.5340,0.7425,14.1101,16650400,71400,2135200,0,1500,0
activity,0,16.6684,16.6662,2.1852,34238,319,817012434962,1.8681,0.7094,14.7821,16654900,70500,1115700,0,1500,0
activity,0,16.6659,16.6733,2.2477,18982,316,817012601624,1.7976,0.9536,14.8592,16646600,81900,426200,0,1900,0
activity,0,16.6668,16.6649,2.1699,18982,319,817012768357,2.8304,1.3086,13.8201,16650500,74000,375900,0,1500,0
activity,0,16.6684,16.6723,1.7951,18982,318,817012935006,2.3924,0.7826,14.2627,16654700,71000,355600,0,1500,0
activity,0,16.6647,16.6635,2.1412,49462,319,817013101729,2.1253,0.7116,14.5214,16642900,78500,2181000,0,1700,0
activity,0,16.6692,16.6666,2.1053,34238,319,817013268364,1.8592,0.6540,14.7915,16656100,70000,2561200,930800,1200,0
activity,0,16.6674,16.6734,2.2948,18982,319,817013435030,1.8357,1.0520,14.8191,16649900,84200,1031600,0,1600,0
activity,0,16.7000,16.6588,1.8145,18982,319,817013601764,3.1244,1.2957,13.5187,16682700,79900,415600,0,1800,0
activity,0,16.6681,16.6717,1.9620,18982,319,817013768352,3.5712,1.1782,13.0851,16653100,74800,345700,0,1700,0
activity,0,16.6641,16.6679,1.8207,49462,319,817013935069,2.9032,1.1683,13.7470,16642800,81900,1957600,0,1900,0
activity,0,16.6685,16.6998,1.8606,34238,319,817014101748,1.9469,1.0942,14.7359,16653900,74400,1425600,0,1400,0
activity,0,16.6663,16.6715,1.8012,18982,319,817014268746,2.2663,1.5002,14.3870,16648500,87100,587100,0,1500,0
activity,0,16.6694,16.6585,2.1207,18982,319,817014435461,3.2400,0.9553,13.4030,16653900,69600,366200,0,1800,0
activity,0,16.6657,16.6717,1.8115,18982,319,817014602046,2.5377,0.9575,14.1164,16644700,83800,527100,0,2100,0
activity,0,16.6644,16.6644,1.8493,49462,318,817014768763,2.4404,0.7144,14.2082,16642000,79400,2059200,0,1900,0
activity,0,16.6648,16.6721,1.8176,34238,319,817014935407,1.9899,0.9068,14.6643,16646200,72200,1611200,0,1400,0
activity,4,16.6662,16.6650,1.8606,24910,319,817015102128,2.3721,1.1877,14.2728,16651900,109500,754400,0,1300,0
activity,0,16.7120,16.6617,2.1166,18902,322,817015268778,3.2873,0.8877,13.3549,16715100,74500,404700,0,1100,0
activity,0,16.6560,16.6604,1.8350,18902,324,817015435395,2.7641,0.8056,13.8822,16617700,67100,370000,0,1300,0
activity,0,16.6694,16.6644,1.7981,49382,324,817015601999,2.2156,1.3591,14.4364,16658200,80600,2486900,0,1500,0
activity,0,16.6655,16.7337,1.8237,34158,324,817015768643,1.9743,0.7229,14.7410,16650500,71700,1326900,0,1500,0
activity,0,16.6673,16.6365,1.8729,18902,324,817015935980,2.2276,1.0912,14.3901,16650900,73600,638700,0,1500,0
activity,0,16.6667,16.6724,2.1412,18902,324,817016102345,3.4356,0.9440,13.2228,16653800,70900,328100,0,1400,0
activity,0,16.6695,16.6658,2.2016,18902,324,817016269069,2.4557,0.9811,14.1950,16651500,76300,476500,0,2000,0
activity,0,16.6656,16.6658,1.8504,49382,323,817016435727,2.3948,0.6705,14.2562,16648200,74600,2225500,0,1900,0
activity,0,16.6671,16.6708,1.8299,34158,323,817016602385,1.8923,0.9132,14.7616,16648700,84900,1539900,0,2400,0
activity,0,16.6673,16.6695,1.8299,18902,324,817016769093,2.2006,1.0727,14.4512,16647000,76400,390300,0,1900,0
activity,0,16.6680,16.6666,2.1238,18902,324,817016935788,3.7266,1.0919,12.9219,16654700,70900,395500,0,1300,0
activity,0,16.6646,16.6678,1.8360,18902,324,817017102454,2.7798,0.8024,13.8690,16785000,80300,684100,0,1500,0
activity,0,16.6687,16.6621,1.7818,49382,324,817017269132,2.1595,1.1122,14.4875,16506500,74100,2055200,0,1300,0
activity,0,16.6689,16.6702,1.8575,34158,324,817017435753,1.8745,1.1049,14.7805,16651800,85300,2314900,0,1500,0
activity,0,16.6659,16.8122,1.8104,18902,324,817017602455,2.8107,0.9729,13.9745,16647400,86500,418200,0,1800,0
activity,0,16.7055,16.5239,2.1535,18902,324,817017770577,2.9929,1.1960,13.5137,16685900,83700,405000,0,1500,0
activity,0,16.6684,16.6698,1.8739,18902,322,817017935816,3.5539,0.9211,13.0981,16650900,83000,632800,0,1400,0
activity,0,16.6685,16.6661,1.9364,49382,323,817018102514,2.2581,0.8716,14.3895,16650700,83000,2139500,0,1700,0
activity,0,16.6645,16.7045,1.7900,34158,324,817018269175,2.3777,1.0713,14.3085,16645500,83200,1505600,0,1700,0
activity,0,16.6689,16.6691,1.9231,18902,323,817018436220,2.7480,1.0682,13.9032,16652100,83000,532600,0,1500,0
activity,4,16.6653,16.6681,2.0920,24880,324,817018602911,3.2037,1.0328,13.4471,16644200,133800,1392500,0,2000,0
activity,0,16.6666,16.6639,1.9241,18872,329,817018769592,2.7889,1.0240,13.8568,16650800,78300,438200,0,1500,0
activity,0,16.6674,16.6702,1.8842,49352,329,817018936231,2.5945,1.0564,14.0578,16648100,80500,3172700,0,1700,0
activity,0,16.6677,16.6624,1.9558,34128,327,817019102933,2.7538,1.4554,13.8905,16648800,76700,1551800,0,1400,0
activity,0,16.6665,16.6689,1.8289,18872,328,817019269557,2.5472,1.1300,14.1039,16653600,72200,399400,0,1600,0
activity,0,16.6652,16.6659,1.8708,18872,329,817019436246,4.0306,0.9684,12.6177,16639400,82400,379900,0,1400,0
activity,0,16.6695,16.6680,1.8043,18872,329,817019602905,2.8169,1.2225,13.8323,16653800,81500,914000,0,2000,0
activity,0,16.6652,16.6739,1.8483,49352,329,817019769585,1.9958,0.9049,14.6578,16647400,81900,2626400,0,1800,0
activity,0,16.6680,16.6563,1.8975,34128,329,817019936324,2.0065,1.1906,14.6328,16651700,78100,1569900,0,1500,0
activity,0,16.6693,16.6712,1.9241,18872,328,817020102887,2.9680,1.2103,13.6859,16653400,85300,451600,0,2300,0
activity,0,16.6640,16.6646,2.1279,18872,328,817020269599,3.7946,1.0246,12.8530,16642300,89800,1084400,0,2100,0
activity,0,16.6667,16.6700,1.9507,18872,328,817020436245,2.8133,0.8872,13.8386,16649300,79100,486600,0,1700,0
activity,0,16.6668,16.6703,2.1576,49352,329,817020602945,2.7597,1.0884,13.8938,16650600,80800,2300400,0,1900,0
activity,0,16.6698,16.6602,1.9292,34128,329,817020769648,3.3312,1.3657,13.3113,16654100,81100,1195900,0,1500,0
activity,0,16.6654,16.6664,1.8278,18872,329,817020936250,2.4658,1.1157,14.1838,16644900,92000,423100,0,2100,0
activity,0,16.6653,16.6661,1.9415,18872,329,817021102914,3.2802,1.5550,13.3706,16650200,75800,377600,0,1500,0
activity,0,16.6691,16.6724,1.8883,18872,329,817021269575,2.9802,1.0579,13.6741,16653700,73500,439500,0,1800,0
activity,0,16.6652,16.6617,2.1596,49352,329,817021436299,2.7765,1.1858,13.8686,16643800,74800,1964700,0,1600,0
activity,0,16.6665,16.6669,1.8135,34128,329,817021602916,2.1894,1.4206,14.4609,16648000,78900,1553100,0,1600,0
activity,0,16.6661,16.6728,3.5973,18872,329,817021769585,2.0553,1.5122,14.5986,16650000,75100,2825700,1016300,1400,0
activity,0,16.6680,16.6613,2.1309,18872,327,817021936313,3.1581,1.0259,13.4859,16654700,73900,633500,0,1300,0
activity,4,16.6656,16.6648,1.9333,50332,329,817022102926,2.7583,0.8692,13.8898,16649800,233900,2114200,0,1600,0
activity,0,16.6693,16.6644,2.1320,50118,331,817022269574,3.4253,0.8016,13.2249,16655300,70400,2222700,0,1300,0
activity,0,16.6662,16.6684,1.9128,34894,330,817022436218,2.3358,1.2484,14.3191,16651900,70200,1383300,0,1300,0
activity,0,16.6683,16.6643,1.8780,19638,329,817022602902,3.3887,1.1282,13.2613,16652600,76600,393500,0,1400,0
activity,0,16.6651,16.6705,2.1606,19638,331,817022769545,3.1587,0.8734,13.4967,16648000,74200,469100,0,1700,0
activity,0,16.6684,16.6676,1.8780,19638,331,817022936250,2.4901,0.7803,14.1620,16656400,73800,433100,0,1300,0
activity,0,16.6646,16.6681,1.8749,50118,331,817023102926,2.0391,0.7963,14.6138,16647300,72800,2408200,0,1400,0
activity,0,16.6666,16.6632,1.8893,34894,331,817023269607,2.1015,0.7785,14.5465,16652500,73900,1465900,0,1500,0
activity,0,16.6672,16.6705,2.1565,19638,330,817023436239,2.0875,1.1888,14.5690,16654100,70000,400000,0,1300,0
activity,0,16.8710,16.6622,1.8094,19638,330,817023602944,3.3554,0.9186,13.2919,16868900,69800,463000,0,1300,0
activity,0,16.6554,16.6652,1.8084,19638,331,817023769566,2.7269,0.7104,13.9257,16629900,74400,604300,0,1400,0
activity,0,16.6674,16.6677,1.8698,50118,330,817023936218,1.9944,0.7528,14.6599,16651800,67200,1993800,0,1200,0
activity,0,16.6646,16.8826,1.8504,34894,330,817024102895,1.8853,0.8348,14.9837,16649000,65200,1092300,0,1200,0
activity,0,16.6719,16.6447,1.8115,19638,331,817024271721,2.1127,0.9008,14.5174,16661700,70800,389800,0,1200,0
activity,0,16.6640,16.6677,1.8381,19638,330,817024438168,2.7611,1.2991,13.8907,16647800,72000,354600,0,1400,0
activity,0,16.6656,16.6628,1.8053,19638,330,817024604845,2.4437,0.7455,14.2052,16651800,83600,464400,0,1300,0
activity,0,16.6670,16.6764,1.8493,50118,331,817024771473,1.8558,0.7123,14.8061,16649700,72000,2578900,0,1000,0
activity,0,16.6684,16.6624,1.8074,34894,331,817024938237,2.2300,0.7428,14.4180,16659900,67800,1429000,0,1400,0
activity,0,16.6657,16.6664,2.1002,19638,331,817025104861,2.1741,0.9681,14.4778,16647700,71900,365000,0,1400,0
activity,0,16.6680,16.6619,1.8084,19638,331,817025271525,3.2374,0.9125,13.4123,16657900,69800,355800,0,1100,0
activity,0,16.6646,16.6742,1.9425,19638,331,817025438144,2.5219,0.7159,14.1381,16648300,70100,375800,0,1200,0
activity,4,16.6679,16.6603,1.8207,71526,331,817025604886,2.0996,0.6916,14.5483,16656600,122500,2835000,0,1500,0
activity,0,16.6703,16.6712,1.8391,35122,317,817025771489,1.8823,0.7735,14.7758,16660600,72600,1468100,0,1300,0
activity,0,16.6670,16.6602,2.1074,19866,319,817025938201,2.4471,0.8968,14.2013,16648800,85000,472000,0,1700,0
activity,0,16.6651,16.6689,1.8565,19866,318,817026104803,3.3820,0.9360,13.2747,16648500,73400,453600,0,1500,0
activity,0,16.6712,16.6784,1.8002,19866,319,817026271492,2.6578,0.8870,14.0030,16659300,72800,383400,0,1400,0
activity,0,16.6674,16.6635,2.1709,50346,319,817026438276,2.5341,0.9055,14.1148,16646200,81100,2328000,0,1900,0
activity,0,16.7551,16.6642,1.8616,35122,317,817026604911,2.2572,1.0971,14.3914,16739400,155100,1793200,0,2000,0
activity,0,16.6636,16.6761,2.1821,19866,319,817026771553,2.2105,1.1929,14.4488,16636000,86700,1020100,0,1900,0
activity,0,16.6633,16.6677,2.2630,19866,319,817026938314,3.7745,1.2900,12.8717,16644800,81400,518300,0,1900,0
activity,0,16.6754,16.7613,1.8668,19866,319,817027104991,3.6222,1.0392,13.1173,16663200,77300,514400,0,2000,0
activity,0,16.6598,16.6576,2.1289,50346,319,817027272604,3.0536,0.9302,13.5825,16634600,105700,2349900,0,1800,0
activity,0,16.6695,16.6629,1.8719,35122,319,817027439180,2.6432,0.8163,14.0018,16646800,83600,1347200,0,3800,0
activity,0,16.6693,16.6884,2.1791,19866,319,817027605809,2.4460,1.3186,14.2175,16643800,97900,405700,0,2100,0
activity,0,16.6617,16.6582,2.1125,19866,319,817027772693,4.0471,1.5500,12.5876,16634600,107000,456500,0,2000,0
activity,0,16.6702,16.6692,1.7879,19866,319,817027939275,3.0227,0.8684,13.6243,16649400,108600,438100,0,1600,0
activity,0,16.6669,16.6688,2.1617,50346,319,817028105967,2.4465,1.2062,14.1977,16640800,106100,2250700,0,2400,0
activity,0,16.6656,16.6584,1.8309,35122,319,817028272655,2.2598,1.0014,14.3751,16640800,99300,1522900,0,1700,0
activity,0,16.6675,16.6761,1.8350,19866,319,817028439239,2.7052,1.1104,13.9443,16650700,85100,521000,0,1800,0
activity,0,16.6643,16.6626,1.8217,19866,318,817028606000,3.4862,0.9751,13.1546,16637500,113300,535300,0,2000,0
activity,0,16.6692,16.6591,1.8360,19866,317,817028772626,2.9601,1.4541,13.6810,16657900,97300,411900,0,1500,0
activity,0,16.6665,16.6743,2.1463,50346,319,817028939217,2.7617,0.8013,13.8892,16639800,172400,2162200,0,1600,0
activity,4,16.6625,16.6541,1.8278,62862,319,817029105960,2.4100,0.7706,14.2278,16632800,1374900,3779900,0,1600,0
activity,0,16.6752,16.6811,2.2180,14374,314,817029272501,2.3662,1.5596,14.2917,16671900,71600,468500,0,1200,0
activity,0,16.6639,16.6631,2.8795,14374,313,817029439312,3.9995,1.5503,12.6407,16629600,104300,446800,0,1700,0
activity,0,16.6660,16.6483,1.8176,20766,313,817029605943,5.3873,1.2302,11.2456,16651700,107500,821100,0,1600,0
activity,0,16.6656,16.6960,2.1422,30654,314,817029772426,2.2347,0.8082,14.4374,16636100,104700,1587300,0,1300,0
activity,0,16.6660,16.6507,1.8002,14374,314,817029939386,2.3390,1.6774,14.2908,16650300,77200,436200,0,1600,0
activity,0,16.6667,16.6732,2.2180,14374,313,817030105893,3.1765,0.9969,13.4755,16652100,77500,4402800,1747100,1200,0
activity,0,16.6659,16.6531,2.1484,33419,313,817030272625,2.9666,1.0037,13.6698,16649100,73000,327900,0,1500,0
activity,0,16.6664,16.6653,1.7981,20766,314,817030439156,2.2381,0.7956,14.4125,16653400,66500,794000,0,1300,0
activity,0,16.6661,16.6667,2.0767,30654,313,817030605809,4.2765,0.6997,12.3757,16653100,67100,1634500,0,1800,0
activity,0,16.6678,16.6616,1.8586,14374,313,817030772476,1.9327,1.2619,14.7164,16657300,67500,314500,0,1100,0
activity,0,16.6704,16.6655,1.7981,14374,314,817030939092,2.1992,1.0512,14.4542,16660600,76500,296900,0,1700,0
activity,0,16.6644,16.6652,2.1914,14374,312,817031105747,2.8677,0.7342,13.7855,16647600,70900,292600,0,1400,0
activity,0,16.6670,16.6695,2.0849,20766,313,817031272399,2.0186,0.6465,14.6388,16654700,70100,692000,0,1300,0
activity,0,16.6643,16.6763,1.8565,30654,314,817031439094,2.0518,0.6099,14.6090,16647400,68800,1473300,0,1200,0
activity,0,16.6705,16.6598,1.8924,14374,314,817031605857,1.8328,0.7864,14.8149,16666100,64900,302000,0,1300,0
activity,0,16.6636,16.6683,1.9261,14374,314,817031772455,2.1791,1.0127,14.4758,16641600,102600,335100,0,1200,0
activity,0,16.6678,16.6586,2.2108,14374,312,817031939138,2.6683,0.6538,13.9792,16658400,66900,318300,0,1200,0
activity,0,16.6666,16.6800,1.8524,20766,314,817032105724,1.6728,0.6607,14.9934,16653100,66600,825700,0,1100,0
activity,0,16.6693,16.6553,2.1023,30654,314,817032272524,2.1416,0.6659,14.5000,16659900,70200,1438700,0,1300,0
activity,0,16.6642,16.6708,1.9118,14374,313,817032439077,1.9673,0.8151,14.6913,16647300,77600,460200,0,1200,0
activity,0,16.6680,16.6647,2.5498,14374,314,817032605785,2.0143,1.0468,14.6388,16659000,64000,277800,0,1300,0
activity,4,16.6689,16.6723,2.1842,20374,314,817032772432,2.7161,0.9119,13.9439,16658700,104100,579900,0,1200,0
activity,0,16.6664,16.6590,1.9005,20758,319,817032939155,2.5401,0.7792,14.1073,16651700,69700,801000,0,1400,0
activity,0,16.6692,16.6697,2.1146,30646,319,817033105745,1.6642,0.8632,14.9949,16656500,71600,1372700,0,1300,0
activity,0,16.6724,16.6724,1.8842,14366,315,817033272442,2.0073,0.9419,14.6515,16660700,71400,382800,0,2600,0
activity,0,16.6626,16.6687,1.8319,14366,319,817033439166,2.7938,0.9553,13.8580,16640600,93500,415400,0,2100,0
activity,0,16.6666,16.6703,2.1012,14366,318,817033605853,2.6802,1.1385,13.9765,16647500,77900,315300,0,2000,0
activity,0,16.6643,16.6790,1.9415,20758,319,817033772556,1.9965,0.9505,14.6644,16643800,72100,642400,0,1700,0
activity,0,16.6659,16.6578,1.8125,30646,318,817033939346,2.4939,0.6754,14.1468,16648100,88600,1587800,0,2800,0
activity,0,16.6655,16.6664,1.8309,14366,319,817034105924,1.9345,1.0943,14.7132,16653100,63800,303500,0,1200,0
activity,0,16.8289,16.6611,1.7961,14366,319,817034272588,2.4589,1.4738,14.1850,16818900,73700,484300,0,1000,0
activity,0,16.8444,16.6601,2.1535,14366,318,817034439199,3.0926,1.1410,13.5555,16916100,73800,296700,0,800,0
activity,0,16.6271,16.6650,1.8493,20758,318,817034605800,1.8506,0.6847,14.8026,16426200,945400,3419300,0,9300,0
activity,0,16.6599,16.8303,1.8391,30646,319,817034772450,1.8916,0.6674,14.9274,16611100,174300,3999900,0,4200,0
activity,0,16.6608,17.0054,2.1156,14366,319,817034940753,1.7558,4.4452,15.1614,16631000,108100,518200,0,3000,0
activity,0,16.6690,16.4960,1.9364,14366,317,817035110807,13.4505,2.8174,2.9751,16653500,76700,364500,0,1400,0
activity,0,16.6652,16.6467,1.9036,14366,318,817035275767,7.7035,1.3248,8.9077,16648500,70600,360700,0,1100,0
activity,0,16.6682,16.6490,1.9261,20758,318,817035442234,3.8531,0.8320,12.7781,16656200,66900,635500,0,1300,0
activity,0,16.6687,16.6690,2.1084,30646,319,817035608724,2.1454,1.1251,14.5082,16656800,75700,1135500,0,1100,0
activity,0,16.6671,16.6641,1.8145,14366,319,817035775414,1.8806,0.9593,14.7680,16648400,75300,1941100,0,3200,0
activity,0,16.6643,16.6698,1.8811,14366,319,817035942055,2.2640,0.8541,14.3923,16644800,95200,600000,0,2200,0
activity,0,16.6652,16.6736,1.9272,14366,317,817036108753,2.3735,2.4154,14.2837,16645200,80600,397100,0,1500,0
activity,4,16.7287,16.6660,1.8760,26736,319,817036275489,6.0910,1.1783,10.5574,16722000,105900,963600,0,1100,0
activity,0,16.7123,16.6601,2.2395,30616,324,817036442149,3.4817,0.7634,13.1632,16708500,70600,1390400,0,1100,0
activity,0,16.6563,16.6571,1.8801,14336,324,817036608750,2.2169,0.9445,14.4284,16618400,68700,574900,0,1200,0
activity,0,16.6684,16.7389,1.8340,14336,324,817036775321,2.3461,0.8845,14.3760,16652800,70300,663300,0,1200,0
activity,0,16.6668,16.7305,1.8862,14336,323,817036942710,2.3785,1.5341,14.3302,16652100,66500,296400,0,1100,0
activity,0,16.6673,16.6330,1.9180,20728,323,817037110015,2.2862,0.7598,14.3324,16671900,64500,576300,0,1200,0
activity,0,16.6685,16.6712,2.0849,30616,324,817037276345,2.2198,0.6431,14.4331,16639800,68300,1367400,0,1200,0
activity,0,16.6652,16.6659,1.9128,14336,323,817037443057,1.8051,0.9163,14.8471,16648700,71200,303500,0,1200,0
activity,0,16.6655,16.6862,1.8749,14336,319,817037609716,2.1067,1.0079,14.5653,16643600,77800,288400,0,1300,0
activity,0,16.6883,16.6565,2.1606,14336,324,817037776578,2.4874,0.6326,14.1525,16676000,67900,332000,0,1300,0
activity,0,16.6475,16.6661,1.8186,20728,324,817037943143,1.8741,0.6236,14.7746,16632600,74000,755200,0,1400,0
activity,0,16.6820,16.6566,2.1678,30616,323,817038109804,1.7584,0.7266,14.8852,16670300,64300,1313700,0,1200,0
activity,0,16.6667,16.6901,1.7951,14336,324,817038276370,2.1958,0.8037,14.4802,16652300,70100,461000,0,1200,0
activity,0,16.6656,16.6449,2.1309,14336,324,817038443271,2.5442,0.8031,14.0884,16652700,67100,292300,0,1600,0
activity,0,16.6661,16.6845,1.7818,14336,323,817038609720,2.4147,0.7543,14.2557,16648600,69900,362500,0,1400,0
activity,0,16.6663,16.6655,1.8278,20728,320,817038776565,2.0879,0.7245,14.5645,16656300,63600,701800,0,1100,0
activity,0,16.6722,16.6665,2.0972,30616,324,817038943220,1.9231,0.7475,14.7297,16664800,66500,1427700,0,1200,0
activity,0,16.6639,16.6610,1.9415,14336,324,817039109885,1.9667,0.7267,14.6819,16646500,70500,372500,0,1500,0
activity,0,16.6661,16.6678,1.7930,14336,323,817039276495,2.0457,0.8704,14.6106,16648700,66000,282700,0,1100,0
activity,0,16.6701,16.6795,1.8196,14336,323,817039443173,2.4142,0.8945,14.2508,16664800,60700,365400,0,1100,0
activity,0,16.6677,16.6626,1.7787,20728,324,817039609968,2.2406,0.6349,14.4059,16652000,77300,607900,0,1600,0
activity,4,16.6654,16.6591,2.1371,37924,324,817039776594,1.8258,0.9897,14.8230,16649200,227900,1577600,0,1400,0
activity,0,16.6694,16.6799,1.8401,15038,326,817039943185,2.3269,1.0770,14.3380,16652400,76300,306800,0,1300,0
activity,0,16.6641,16.6694,1.8350,15038,325,817040109984,2.4115,0.9297,14.2407,16647400,76300,316800,0,1300,0
activity,0,16.6661,16.6650,2.1043,15038,325,817040276678,2.8851,0.7859,13.7642,16647400,73100,321700,0,1100,0
activity,0,16.6661,16.6673,1.8299,21430,326,817040443328,1.8957,0.7128,14.7568,16650300,72400,670600,0,1200,0
activity,0,16.6788,16.6629,2.1074,31318,325,817040610001,2.1470,0.7608,14.5004,16669500,61000,897500,0,900,0
activity,0,16.6552,16.6627,1.8483,15038,326,817040776630,1.9262,0.8048,14.7213,16641300,70100,399500,0,1600,0
activity,0,16.6693,16.6609,1.7961,15038,325,817040943257,2.1875,1.0971,14.4629,16660500,67100,375300,0,1100,0
activity,0,16.6674,16.6830,2.1043,15038,324,817041109866,2.1466,0.8166,14.5228,16652200,67400,300900,0,1100,0
activity,0,16.6649,16.6531,1.8412,21430,326,817041276696,2.2036,0.7184,14.4377,16649300,75900,653800,0,1300,0
activity,0,16.6685,16.6754,2.1596,31318,326,817041443227,2.0066,0.6889,14.6540,16655000,69200,1390100,0,1300,0
activity,0,16.6679,16.6665,1.8033,15038,324,817041609981,1.9234,0.9005,14.7291,16654300,71600,336800,0,1400,0
activity,0,16.6640,16.6628,1.8401,15038,326,817041776646,2.2398,0.8482,14.4098,16638400,69600,378200,0,1300,0
activity,0,16.6665,16.6702,2.1115,15038,325,817041943274,2.4575,0.7869,14.1975,16652300,68100,331100,0,1100,0
activity,0,16.6669,16.6783,1.8053,21430,326,817042109976,1.7755,1.0942,14.8789,16651200,69300,4020800,1104900,1200,0
activity,0,16.6695,16.6524,2.1197,31318,323,817042276759,1.9514,0.6621,14.6870,16658300,85800,1312200,0,1600,0
activity,0,16.6675,16.6663,1.8196,15038,326,817042443283,1.9091,0.9409,14.7434,16653700,69300,438300,0,1000,0
activity,0,16.6634,16.6650,1.8442,15038,326,817042609946,3.8424,0.8067,12.8090,16642800,68600,320900,0,1300,0
activity,0,16.6697,16.6730,2.2354,15038,325,817042776596,2.6412,0.8645,14.0172,16660500,61400,297000,0,1100,0
activity,0,16.6671,16.6695,1.8022,21430,326,817042943326,2.2508,0.7170,14.4031,16654500,81100,628800,0,1000,0
activity,0,16.6647,16.6557,2.1453,31318,326,817043110021,1.7333,0.6352,14.9094,16644900,73400,1450200,0,1400,0
activity,0,16.6685,16.6748,1.7992,15038,326,817043276578,1.7220,1.2467,14.9387,16656600,76400,335200,0,1300,0
activity,4,16.6663,16.6697,2.1443,52954,324,817043443326,2.3412,0.9996,14.3135,16652200,155500,3371000,0,1100,0
activity,0,16.6670,16.6589,2.0838,12456,313,817043610023,2.8966,0.8981,13.7483,16652100,74600,348300,0,1400,0
activity,0,16.6665,16.6700,1.9200,18848,314,817043776612,1.9483,1.7036,14.7084,16656000,160200,581200,0,1400,0
activity,0,16.6661,16.6660,2.0849,12456,313,817043943312,3.7961,1.1877,12.8562,16653200,70000,284000,0,1100,0
activity,0,16.6673,16.6638,1.8668,12456,314,817044109972,1.6454,1.1250,15.0068,16655400,67000,293800,0,1200,0
activity,0,16.6890,16.6684,1.8248,12456,314,817044276610,2.0777,1.1892,14.5784,16678700,61300,324200,0,1100,0
activity,0,16.6682,16.6646,1.8248,12456,314,817044443294,1.7672,0.7516,14.8862,16658300,63100,248500,0,900,0
activity,0,16.6682,16.6659,1.8135,18848,314,817044609940,2.0227,1.3452,14.6327,16658700,72400,576700,0,1200,0
activity,0,16.6659,16.6896,2.1412,12456,314,817044776599,1.5734,0.8750,15.1054,16650200,83500,263400,0,1500,0
activity,0,16.6666,16.6694,1.8022,12456,313,817044943495,1.8118,0.9356,14.8466,16654300,64800,292000,0,1100,0
activity,0,16.6679,16.6716,1.8452,12456,314,817045110189,2.2324,0.6922,14.4263,16661000,62200,247500,0,1100,0
activity,0,16.6675,16.6620,2.2016,12456,314,817045276905,2.0092,0.6556,14.6410,16652000,71700,274200,0,1200,0
activity,0,16.6646,16.6652,1.9384,18848,314,817045443525,1.7825,0.5831,14.8719,16648900,165000,512500,0,1500,0
activity,0,16.6662,16.6736,2.1268,12456,314,817045610177,1.6555,0.6645,15.0058,16652400,67100,260600,0,1200,0
activity,0,16.6687,16.6659,1.9057,12456,314,817045776913,1.6249,0.9097,15.0272,16661200,63400,283500,0,1300,0
activity,0,16.6695,16.6614,1.8729,12456,309,817045943572,2.3121,0.5873,14.3367,16661000,79100,320300,0,1300,0
activity,0,16.6702,16.6630,1.9681,12456,314,817046110186,1.5972,0.6688,15.0553,16657900,69700,269200,0,1400,0
activity,0,16.6641,16.6728,1.9098,18848,312,817046276816,1.7202,1.3580,14.9411,16644200,77900,643400,0,1600,0
activity,0,16.6670,16.6749,2.2108,12456,313,817046443544,1.8447,0.7121,14.8165,16651400,72200,275800,0,1400,0
activity,0,16.6671,16.6753,1.8790,12456,314,817046610293,1.7149,1.2469,14.9434,16653600,73400,276800,0,1300,0
activity,0,16.6670,16.6578,1.9343,12456,314,817046777046,2.4400,0.7322,14.2043,16650500,66200,322700,0,1400,0
activity,0,16.6670,16.6680,2.1033,12456,314,817046943624,1.9737,0.9182,14.6778,16654300,65000,268200,0,1400,0
activity,4,16.6681,16.6680,1.9272,29148,312,817047110304,1.6604,0.8109,14.9934,16651200,108000,1233700,0,1400,0
activity,0,16.6678,16.6638,2.2057,12028,314,817047276984,2.1811,0.7335,14.4694,16656000,63500,327800,0,1000,0
activity,0,16.6702,16.6680,1.9210,12028,314,817047443622,1.8470,0.9713,14.8075,16664000,63100,294600,0,1200,0
activity,0,16.6669,16.6639,1.8852,12028,314,817047610302,2.7119,0.7397,13.9393,16655600,76700,265600,0,1400,0
activity,0,16.6679,16.6671,1.8278,12028,314,817047776941,1.8473,1.1422,14.8089,16648600,70900,322500,0,1600,0
activity,0,16.6630,16.6779,1.8299,18420,314,817047943612,1.6099,0.6432,15.0541,16642400,76200,999900,0,1800,0
activity,0,16.6901,16.6708,2.1832,12028,314,817048110391,1.7508,1.1027,14.9049,16681100,63900,249200,0,1200,0
activity,0,16.6684,16.6637,1.8872,12028,314,817048277099,1.9202,0.9620,14.7286,16655800,66300,319900,0,1300,0
activity,0,16.6675,16.6568,1.9108,12028,313,817048443736,2.2750,0.5997,14.3675,16652900,71000,280100,0,1400,0
activity,0,16.6645,16.6941,2.0951,12028,313,817048610304,1.7177,0.6037,14.9634,16646900,76000,287900,0,1700,0
activity,0,16.7146,16.6705,1.9272,18420,314,817048777245,1.7814,0.7779,14.8745,16699300,77200,578900,0,1700,0
activity,0,16.6679,16.6687,2.1965,12028,314,817048943950,1.9117,0.9354,14.7412,16655000,68700,256900,0,1500,0
activity,0,16.6674,16.6620,1.8975,12028,314,817049110637,1.8082,0.9000,14.8388,16652000,80900,284000,0,1300,0
activity,0,16.6634,16.7143,1.8678,12028,314,817049277257,2.1360,0.9209,14.5634,16641000,66800,239900,0,1600,0
activity,0,16.6691,16.6696,2.1596,12028,314,817049444400,1.8830,0.6818,14.7721,16665800,66700,266600,0,1400,0
activity,0,16.6655,16.6673,1.8043,18420,314,817049611096,1.6735,0.6226,14.9786,16648300,69400,775800,0,1400,0
activity,0,16.6712,16.6533,2.1699,12028,313,817049777769,1.8797,0.6555,14.7614,16665200,69900,294600,0,1300,0
activity,0,16.6653,16.6778,1.8883,12028,313,817049944302,1.8601,0.8223,14.8059,16647000,79300,280900,0,1600,0
activity,0,16.6638,16.6600,1.9251,12028,313,817050111080,2.1723,0.7323,14.4761,16643900,70000,287800,0,1500,0
activity,0,16.6677,16.6802,1.9005,12028,313,817050277680,1.9828,0.6763,14.6826,16657500,66600,361000,0,1200,0
activity,0,16.6655,16.6635,1.9272,18420,313,817050444482,2.0411,0.6846,14.6061,16651400,65200,672500,0,1000,0
activity,0,16.6658,16.6591,2.1565,12028,314,817050611117,1.7843,0.8060,14.8597,16651300,60000,271900,0,1300,0
activity,4,16.6712,16.6706,1.8463,18292,313,817050777708,1.9060,1.5405,14.7515,16671500,91500,633300,0,1000,0
activity,0,16.6658,16.6619,1.8883,12284,319,817050944414,2.0534,0.6262,14.5981,16643900,79300,321200,0,1600,0
activity,0,16.6672,16.6605,2.1248,12284,319,817051111033,1.8274,0.8441,14.8240,16651500,69100,269200,0,1600,0
activity,0,16.6670,16.6857,1.8801,18676,317,817051277638,1.8642,0.7926,14.8075,16655800,81900,649500,0,1600,0
activity,0,16.6669,16.6592,2.2344,12284,319,817051444495,2.0784,0.6666,14.5654,16654100,69700,261200,0,1200,0
activity,0,16.6649,16.6644,1.8903,12284,319,817051611087,1.7974,1.2856,14.8542,16648800,70100,270900,0,1300,0
activity,0,16.6666,16.6679,1.8053,12284,319,817051777731,2.2133,0.6492,14.4426,16655100,60400,248100,0,1100,0
activity,0,16.6670,16.6673,2.0726,12284,319,817051944410,1.6221,0.6925,15.0322,16655700,60200,235400,0,1000,0
activity,0,16.6673,16.6610,1.9384,18676,319,817052111083,1.5482,0.6749,15.1006,16654800,60900,555300,0,1000,0
activity,0,16.6685,16.6678,2.0797,12284,319,817052277693,1.5510,0.6033,15.1043,16658300,71800,316400,0,1200,0
activity,0,16.6650,16.6663,1.8278,12284,318,817052444371,1.6480,0.8663,15.0078,16650000,70300,271000,0,1200,0
activity,0,16.6671,16.6669,1.8043,12284,319,817052611034,1.7979,1.1168,14.8569,16658200,67800,248600,0,1100,0
activity,0,16.6672,16.6716,1.8063,12284,319,817052777703,1.5922,0.6271,15.0662,16653500,66100,255600,0,1200,0
activity,0,16.7546,16.6620,1.7828,18676,319,817052944419,1.8807,0.8230,14.7693,16746600,67500,597900,0,1400,0
activity,0,16.6680,16.6695,2.1074,12284,318,817053111039,1.5505,0.6230,15.1079,16653500,71400,288800,0,1300,0
activity,0,16.6687,16.6653,1.8555,12284,317,817053277734,1.6118,1.1349,15.0418,16656800,72000,270400,0,1300,0
activity,0,16.6674,16.7595,1.8391,12284,319,817053444387,2.2390,0.6591,14.5078,16651200,72300,300900,0,1500,0
activity,0,16.6640,16.6673,1.8616,12284,319,817053611982,1.7913,1.0661,14.8623,16644800,74600,271700,0,1500,0
activity,0,16.6661,16.6718,1.8401,18676,318,817053778655,1.7385,0.7174,14.9185,16649800,70800,519500,0,1200,0
activity,0,16.6668,16.6680,2.0961,12284,319,817053945373,1.7441,0.6265,14.9072,16657100,65900,256600,0,900,0
activity,0,16.6672,16.6588,1.8350,12284,316,817054112053,1.6304,0.7236,15.0145,16656600,58000,276600,0,900,0
activity,4,16.6682,16.6608,1.7705,18262,318,817054278641,1.9819,0.5991,14.6680,16658400,95600,556400,0,1000,0
activity,0,16.6670,16.6681,1.8166,12254,321,817054445249,1.5480,0.9835,15.1092,16652700,81500,277000,0,1400,0
activity,0,16.6649,16.6683,1.8596,18646,324,817054611930,1.5200,1.0867,15.1368,16651000,70800,571600,0,1400,0
activity,0,16.6672,16.6719,2.1524,12254,324,817054778613,1.7930,0.8404,14.8655,16655700,66500,301100,0,1100,0
activity,0,16.6698,16.6637,1.8043,12254,324,817054945332,1.7898,0.8199,14.8630,16661600,63900,584600,0,1500,0
activity,0,16.6675,16.6649,1.8268,12254,323,817055111969,2.0297,1.0862,14.6215,16653600,94100,348100,0,1400,0
activity,0,16.6684,16.6679,1.8022,12254,323,817055278618,1.6674,0.7558,14.9884,16653700,74600,267600,0,1600,0
activity,0,16.6651,16.6749,1.8196,18646,323,817055445297,2.0229,0.6582,14.6388,16647600,94400,1186000,0,1500,0
activity,0,16.6660,16.6684,2.1248,12254,324,817055612046,2.0676,0.6827,14.5862,16648100,73700,280100,0,1600,0
activity,0,16.6677,16.6700,1.8248,12254,322,817055778730,1.8854,0.9748,14.7684,16655600,68300,282200,0,1300,0
activity,0,16.6655,16.6640,1.8606,12254,323,817055945430,2.8192,0.6303,13.8285,16650600,86000,337300,0,1200,0
activity,0,16.6688,16.6622,2.1268,12254,324,817056112070,2.2832,0.6099,14.3650,16657000,68800,284200,0,1300,0
activity,0,16.6653,16.6696,1.7869,18646,323,817056278692,1.8179,0.8103,14.8376,16648000,74600,687200,0,1400,0
activity,0,16.6688,16.6644,2.1371,12254,324,817056445388,2.0580,0.7350,14.5926,16654400,68700,272700,0,1400,0
activity,0,16.6674,16.6714,1.7900,12254,323,817056612032,2.0698,1.2561,14.5873,16652000,70900,246800,0,1200,0
activity,0,16.6660,16.6632,1.8340,12254,322,817056778746,2.1920,0.7357,14.4561,16648700,67300,245400,0,1400,0
activity,0,16.6679,16.6692,1.7818,12254,323,817056945378,1.7430,0.7756,14.9115,16657400,81500,282000,0,1600,0
activity,0,16.6717,16.6700,1.7992,18646,324,817057112070,1.6719,0.5864,14.9804,16654300,70100,638500,0,1700,0
activity,0,16.6634,16.6642,2.0910,12254,324,817057278770,1.9380,0.7403,14.7109,16646800,73800,253100,0,1500,0
activity,0,16.6674,16.6716,1.8401,12254,324,817057445412,2.2670,1.3437,14.3905,16651000,67300,673300,0,1300,0
activity,0,16.6662,16.6708,1.7736,12254,324,817057612128,2.2019,0.6390,14.4525,16647500,76700,248600,0,1300,0
activity,4,16.6654,16.6613,1.8360,31108,324,817057778836,1.8605,0.8643,14.7864,16651400,218400,1115900,0,1200,0
activity,0,16.6694,16.6690,1.7930,19268,326,817057945449,2.2598,0.6913,14.3914,16653100,66800,501000,0,1300,0
activity,0,16.6671,16.6660,2.1391,12876,325,817058112139,1.8492,0.8364,14.7985,16644600,71700,273300,0,1600,0
activity,0,16.6659,16.6668,1.8074,12876,326,817058278799,2.3323,0.7418,14.3193,16652400,69000,272200,0,1500,0
activity,0,16.6662,16.6700,1.8176,12876,326,817058445467,1.9160,0.7871,14.7372,16647500,71800,260300,0,1300,0
activity,0,16.6664,16.6617,1.8504,12876,326,817058612167,1.8348,0.8005,14.8098,16653200,71300,261900,0,1700,0
activity,0,16.6670,16.6699,1.8371,19268,325,817058778784,1.8766,0.6891,14.7759,16650400,73400,2308600,803800,1500,0
activity,0,16.6689,16.6626,2.0992,12876,326,817058945483,1.8303,0.6812,14.8173,16653700,74700,304600,0,2000,0
activity,0,16.6666,16.6676,1.8289,12876,326,817059112109,1.6938,0.9013,14.9595,16649100,76500,406600,0,1500,0
activity,0,16.6662,16.6673,1.7684,12876,325,817059278785,2.9891,0.7388,13.6614,16650400,70700,286600,0,1400,0
activity,0,16.6693,16.6691,1.9251,12876,325,817059445458,2.1038,0.7559,14.5499,16659700,70400,673500,0,1600,0
activity,0,16.6650,16.6655,1.7848,19268,324,817059612149,2.1056,0.6777,14.5437,16629700,74900,777800,0,1700,0
activity,0,16.6653,16.6657,2.1084,12876,326,817059778804,1.8277,0.8882,14.8228,16648500,67500,263600,0,1200,0
activity,0,16.6701,16.6874,2.1668,12876,326,817059945461,2.2845,0.8448,14.3755,16657600,77700,783000,0,1300,0
activity,0,16.6663,16.6475,1.9241,12876,326,817060112335,2.6640,0.6910,13.9658,16648100,76900,736400,0,1400,0
activity,0,16.6657,16.6635,1.8739,12876,326,817060278810,1.8605,0.9402,14.7881,16644600,73700,370600,0,1600,0
activity,0,16.6678,16.6764,1.7971,19268,326,817060445445,2.4814,0.9490,14.1763,16650700,72700,1266400,0,1700,0
activity,0,16.6663,16.6654,2.1023,12876,325,817060612209,2.4961,1.2762,14.1522,16648300,70400,265000,0,1600,0
activity,0,16.6667,16.6634,1.9067,12876,326,817060778863,2.1280,1.0984,14.5166,16650000,66800,772600,0,1400,0
activity,0,16.6689,16.6681,1.8964,12876,326,817060945497,2.8032,0.6854,13.8477,16654500,73600,331300,0,1200,0
activity,0,16.6641,16.6654,1.9067,12876,326,817061112178,1.8402,0.9668,14.8082,16645500,75300,363300,0,1500,0
activity,4,16.6770,16.6674,1.8995,33998,326,817061278832,2.3168,0.6814,14.3333,16662400,255300,2894800,0,1800,0
activity,0,16.6583,16.6708,2.2139,12366,314,817061445506,2.0803,1.1559,14.5743,16641700,71900,325100,0,1600,0
activity,0,16.8038,16.6608,2.0142,12366,314,817061612214,2.1123,2.0412,14.5334,16795000,75500,271600,0,1300,0
activity,0,16.6636,16.6791,1.9343,12366,311,817061778822,3.6027,1.1418,13.0598,16639600,76300,248600,0,1300,0
activity,0,16.6663,16.6560,1.9077,12366,314,817061945613,1.8022,0.7130,14.8396,16651200,73400,264800,0,1500,0
activity,0,16.6660,16.8122,1.9395,18758,314,817062112173,2.0393,0.6627,14.7558,16650100,73800,743300,0,1400,0
activity,0,16.6688,16.6567,2.2067,12366,314,817062280295,1.8519,0.6800,14.7879,16653300,73700,331900,0,1500,0
activity,0,16.6641,16.6661,1.8883,12366,314,817062446862,1.8799,1.0598,14.7713,16642000,73000,458800,0,1500,0
activity,0,16.6680,16.6652,1.8565,12366,314,817062613523,2.4307,0.8630,14.2194,16654800,75700,463700,0,1900,0
activity,0,16.7195,16.6695,1.9497,12366,313,817062780175,2.2363,1.2020,14.4170,16702700,72500,410400,0,1600,0
activity,0,16.6661,16.6591,1.9087,18758,314,817062946870,2.1241,0.9019,14.5179,16651600,76700,784800,0,1600,0
activity,0,16.6687,16.6709,2.1381,12366,314,817063113461,2.4207,0.9282,14.2344,16648300,80900,300200,0,1400,0
activity,0,16.6637,16.7202,1.8944,12366,314,817063280170,2.0957,0.9703,14.6071,16640300,73600,286700,0,1700,0
activity,0,16.6670,16.6708,1.9210,12366,314,817063447372,2.8312,0.7352,13.8205,16652600,67100,333400,0,1300,0
activity,0,16.6673,16.6659,2.1320,12366,313,817063614080,2.0084,0.6984,14.6400,16653200,70100,349500,0,1200,0
activity,0,16.6671,16.6591,2.2129,18758,314,817063780739,1.9304,0.8393,14.7100,16652400,76300,811400,0,1400,0
activity,0,16.6659,16.6686,2.1678,12366,314,817063947330,2.0565,1.0731,14.5963,16652300,72900,356600,0,1200,0
activity,0,16.6672,16.6671,1.9425,12366,314,817064114016,1.7259,1.0567,14.9273,16653800,200100,336900,0,1400,0
activity,0,16.6679,16.6676,2.1279,12366,314,817064280687,2.3750,1.2181,14.2777,16655000,75400,298200,0,1300,0
activity,0,16.6674,16.6651,1.9128,12366,313,817064447363,2.0445,0.9309,14.6079,16653200,74400,469900,0,1300,0
activity,0,16.6717,16.6677,1.8913,18758,313,817064614014,2.4895,0.7047,14.1644,16663100,73900,572500,0,1700,0
activity,4,16.6663,16.6682,2.1443,18350,313,817064780691,2.2125,0.8351,14.4426,16631000,153700,617200,0,2200,0
activity,0,16.6678,16.6674,1.9108,12222,314,817064947373,2.2077,0.8835,14.4455,16646900,92500,501800,0,1800,0
activity,0,16.6655,16.6795,2.2129,12222,314,817065114047,2.3132,1.0480,14.3499,16638800,96300,328000,0,1900,0
activity,0,16.6702,16.6696,1.8913,12222,314,817065280842,2.6408,1.1827,13.9904,16658700,79800,295900,0,1800,0
activity,0,16.6661,16.6697,1.9538,18614,314,817065447538,2.7358,1.0814,13.9112,16632000,125700,933200,0,1800,0
activity,0,16.6655,16.6591,2.1125,12222,313,817065614235,2.1296,0.9176,14.5094,16638900,99400,508000,0,2100,0
activity,0,16.6671,16.6874,1.8493,12222,314,817065780826,2.3443,1.0522,14.3149,16649200,95900,384600,0,1600,0
activity,0,16.6671,16.6575,2.1166,12222,313,817065947700,3.3899,1.4524,13.2423,16639600,84800,280500,0,2300,0
activity,0,16.6684,16.6594,1.9558,12222,314,817066114275,2.3301,0.9001,14.3089,16652000,85500,346300,0,1900,0
activity,0,16.6664,16.6717,1.8166,18614,314,817066280869,2.7412,1.0215,13.9082,16644900,89100,1125900,0,1900,0
activity,0,16.6667,16.6602,2.1115,12222,312,817066447586,2.3723,0.9596,14.2673,16644900,80400,483400,0,1700,0
activity,0,16.6692,16.6722,1.8493,12222,314,817066614188,2.2392,1.2509,14.4131,16645200,92000,386400,0,1600,0
activity,0,16.6650,16.6668,1.8545,12222,314,817066780910,3.3277,1.3732,13.3174,16640900,84100,295100,0,1400,0
activity,0,16.6704,16.6696,1.8012,12222,314,817066947578,2.1906,1.3354,14.4545,16651700,78600,281300,0,2300,0
activity,0,16.6698,16.6679,1.8442,18614,313,817067114274,2.3082,0.7318,14.3370,16653100,89900,613900,0,2100,0
activity,0,16.6638,16.6600,2.1238,12222,314,817067280953,2.3692,0.7692,14.2718,16632400,95300,506000,0,2100,0
activity,0,16.6711,16.6731,1.8637,12222,314,817067447553,2.7648,1.1766,13.8873,16652300,89300,386800,0,2200,0
activity,0,16.6623,16.6772,1.7797,12222,312,817067614284,3.0045,1.7202,13.6490,16632400,99500,340700,0,2200,0
activity,0,16.6711,16.6568,1.8309,12222,311,817067781056,2.9612,1.0737,13.6716,16653500,90400,266000,0,1900,0
activity,0,16.6666,16.6769,1.8012,18614,314,817067947624,2.6213,0.8512,14.0311,16653600,123600,1285100,0,2700,0
activity,0,16.6656,16.6547,2.1688,12222,314,817068114393,2.3726,0.9618,14.2599,16625100,90500,304000,0,3500,0
activity,4,16.6666,16.6771,2.2170,18236,312,817068280940,2.3893,1.0548,14.2645,16646300,146600,653700,0,1500,0
activity,0,16.6677,16.6778,1.8504,12228,319,817068447711,3.4109,0.8670,13.2429,16645300,101600,392600,0,1700,0
activity,0,16.6641,16.6502,1.8166,12228,318,817068614489,2.5518,1.4426,14.0736,16638600,93700,413200,0,2000,0
activity,0,16.6688,16.6683,1.8371,18620,319,817068780991,3.0279,0.8400,13.6186,16651000,87000,718300,0,2400,0
activity,0,16.8033,16.6664,2.4351,12228,319,817068947674,2.6580,1.0029,13.9876,16787200,82000,376500,0,1900,0
activity,0,16.6659,16.6593,1.8104,12228,319,817069114338,2.3894,1.5325,14.2494,16642100,88300,358800,0,2100,0
activity,0,16.6665,16.6690,1.8504,12228,319,817069280931,2.4923,0.9833,14.1589,16643900,85200,359700,0,1800,0
activity,0,16.6690,16.8093,1.9313,12228,318,817069447621,2.1002,1.3293,14.6871,16646900,88500,406100,0,1700,0
activity,0,16.6774,16.6650,1.7992,18620,318,817069615714,2.3189,0.8727,14.3234,16668000,104900,794800,0,2000,0
activity,0,16.6534,16.6647,2.1361,12228,318,817069782364,2.3231,1.1014,14.3211,16606500,93400,317000,0,1900,0
activity,0,16.6697,16.6717,2.2088,12228,319,817069949011,2.3655,1.0863,14.2816,16649500,121500,289200,0,2000,0
activity,0,16.6657,16.7011,1.8514,12228,319,817070115728,2.7494,0.9436,13.9193,16649200,82200,487100,0,2900,0
activity,0,16.6676,16.6276,1.8063,12228,319,817070282739,2.0827,0.8403,14.5239,16640700,105800,366200,0,2300,0
activity,0,16.6659,16.6688,1.8135,18620,319,817070449015,2.5610,1.1754,14.0888,16640600,97400,951200,0,1900,0
activity,0,16.6667,16.6732,1.8596,12228,319,817070615703,2.9345,1.1701,13.7148,16646200,88200,424700,0,2200,0
activity,0,16.6713,16.6641,1.9446,12228,319,817070782435,2.7455,1.7729,13.8955,16654700,84100,559600,0,1900,0
activity,0,16.6621,16.6620,1.8074,12228,317,817070949076,3.3131,1.0437,13.3275,16625100,107700,395500,0,1800,0
activity,0,16.6681,16.6684,1.8330,12228,319,817071115696,2.5950,1.0200,14.0514,16647000,90500,369700,0,1400,0
activity,0,16.6646,16.6815,1.8022,18620,319,817071282380,2.8655,0.8578,13.7893,16668600,86300,739600,0,2200,0
activity,0,16.6714,16.6501,2.1750,12228,317,817071449195,2.8513,1.0630,13.7739,16628800,81000,360000,0,1500,0
activity,0,16.6693,16.6686,1.8176,12228,319,817071615696,2.3456,1.1253,14.3016,16647900,92100,348100,0,2600,0
activity,4,16.6663,16.6884,2.1350,18206,318,817071782382,3.0471,0.9058,13.6216,16640100,154100,586700,0,1700,0
activity,0,16.6658,16.6521,1.8022,12198,324,817071949266,2.1731,1.1602,14.4559,16642600,95700,339800,0,2100,0
activity,0,16.6642,16.6728,1.8514,18590,324,817072115787,2.1978,1.2843,14.4504,16636100,129400,605000,0,2400,0
activity,0,16.6672,16.6644,2.1228,12198,324,817072282515,2.7445,1.2344,13.8957,16647600,82800,338400,0,1500,0
activity,0,16.6894,16.6676,1.8340,12198,324,817072449159,2.3814,0.8223,14.2615,16670400,86800,516500,0,1900,0
activity,0,16.6435,16.6564,2.1371,12198,324,817072615835,2.6796,1.5342,13.9567,16617800,93100,363800,0,1900,0
activity,0,16.6625,16.6679,1.8094,12198,324,817072782399,2.0274,0.9384,14.6203,16640000,78200,364700,0,1300,0
activity,0,16.6681,16.6918,1.7889,18590,324,817072949078,2.8001,0.8366,13.8705,16655400,72300,577200,0,1100,0
activity,0,16.6660,16.6365,2.1494,12198,324,817073115996,2.3116,0.8347,14.3064,16651100,69500,296600,0,2300,0
activity,0,16.6688,16.6554,1.8616,12198,324,817073282361,2.0284,0.9403,14.6116,16660900,66100,284000,0,1300,0
activity,0,16.6656,16.6681,1.8463,12198,323,817073448915,2.1190,1.0537,14.5365,16645500,70600,325600,0,1300,0
activity,0,16.6693,16.6628,1.8862,12198,319,817073615596,1.9741,0.6798,14.6771,16658500,74700,348100,0,1300,0
activity,0,16.6652,16.6742,1.8975,18590,324,817073782224,1.8799,0.7419,14.7810,16646400,70800,640800,0,1500,0
activity,0,16.6670,16.6619,2.1299,12198,324,817073948966,1.8946,1.1179,14.7510,16656000,76500,289900,0,1200,0
activity,0,16.6661,16.6734,1.9251,12198,323,817074115585,1.6950,0.8734,14.9637,16651900,74100,324200,0,1400,0
activity,0,16.6688,16.6608,1.8934,12198,324,817074282319,2.1121,0.6844,14.5344,16657600,76500,395000,0,1400,0
activity,0,16.6651,16.6693,1.9231,12198,324,817074448927,1.9635,0.9164,14.6925,16650100,74400,390700,0,1600,0
activity,0,16.6661,16.6643,1.8483,18590,324,817074615620,2.0971,0.7978,14.5548,16651500,79800,1040500,0,1700,0
activity,0,16.6699,16.6720,2.1699,12198,323,817074782263,2.3162,1.1728,14.3415,16659200,74700,319000,0,1400,0
activity,0,16.6667,16.6629,1.8534,12198,324,817074948983,2.3778,1.0834,14.2724,16649200,68900,679800,0,1200,0
activity,0,16.6656,16.6640,1.8360,12198,324,817075115612,3.1096,0.7094,13.5419,16650300,70500,279100,0,1500,0
activity,0,16.6663,16.6737,1.8801,12198,324,817075282252,2.1845,0.9034,14.4749,16651100,67300,257000,0,1200,0
activity,4,16.6677,16.6664,1.9057,25868,324,817075448989,2.5058,0.7558,14.1435,16653100,220200,942500,0,1600,0
activity,0,16.6653,16.6649,2.1955,12876,326,817075615653,1.8409,0.6183,14.8095,16649500,69100,346200,0,1500,0
activity,0,16.6688,16.6676,1.8770,12876,326,817075782302,1.7090,1.0867,14.9421,16658200,66000,283000,0,1300,0
activity,0,16.6686,16.6670,1.7684,12876,326,817075948978,2.6150,1.0927,14.0382,16654000,70200,304300,0,1600,0
activity,0,16.6644,16.6628,1.9528,12876,326,817076115648,1.6420,0.7885,15.0075,16644100,75000,336800,0,1700,0
activity,0,16.6684,16.6730,1.8606,19268,326,817076282276,1.7900,0.7905,14.8683,16654700,70000,1256000,0,1300,0
activity,0,16.6666,16.6690,2.1248,12876,324,817076449006,1.7456,1.0299,14.9085,16646300,73600,1999900,944600,1300,0
activity,0,16.6677,16.6600,1.7889,12876,326,817076615696,2.2701,1.3404,14.3741,16654600,71900,322500,0,1300,0
activity,0,16.6705,16.6732,2.1832,12876,326,817076782296,2.5924,1.1521,14.0624,16657000,69400,295200,0,1500,0
activity,0,16.6650,16.6630,1.9077,12876,326,817076949028,2.9087,0.8810,13.7377,16644900,86900,398600,0,2100,0
activity,0,16.6685,16.6696,1.8790,19268,326,817077115658,2.0521,0.7007,14.6026,16652100,80500,891700,0,1800,0
activity,0,16.6657,16.6761,2.0746,12876,326,817077282354,1.9979,1.0897,14.6593,16645200,84700,343200,0,1800,0
activity,0,16.6662,16.6639,1.9067,12876,326,817077449115,2.6192,1.5112,14.0260,16646500,87200,312900,0,1600,0
activity,0,16.6671,16.6710,1.8698,12876,326,817077615754,3.5976,1.2295,13.0547,16649800,77600,379700,0,1700,0
activity,0,16.6668,16.6638,1.8227,12876,326,817077782464,2.4677,0.8518,14.1777,16651100,73200,288400,0,1300,0
activity,0,16.6648,16.6631,1.8555,19268,325,817077949102,2.1274,0.9760,14.5192,16647100,76100,637400,0,1500,0
activity,0,16.6682,16.6663,2.1309,12876,326,817078115733,2.0330,0.8180,14.6169,16681300,73000,273100,0,1200,0
activity,0,16.6682,16.6670,1.8637,12876,323,817078282396,1.9813,0.8912,14.6698,16625300,69400,418900,0,1400,0
activity,0,16.6657,16.6615,2.7761,12876,325,817078449066,2.3242,0.7054,14.3230,16649500,72900,290400,0,1800,0
activity,0,16.6667,16.6972,1.8565,12876,326,817078615681,2.0156,0.8317,14.6658,16650100,76700,312800,0,1700,0
activity,0,16.6691,16.6419,1.9036,19268,326,817078782653,2.4056,0.9405,14.2198,16654900,78600,850000,0,1600,0
activity,4,16.6665,16.6660,2.1217,25154,325,817078949072,1.7720,0.7647,14.8777,16648700,150300,1839400,0,1700,0
activity,0,16.6637,16.6672,1.8954,12366,314,817079115732,2.3366,0.9302,14.3136,16645000,79700,596100,0,1600,0
activity,0,16.6671,16.6708,2.2149,12366,314,817079282404,2.5720,1.1825,14.0831,16653000,74500,294900,0,2300,0
activity,0,16.6684,16.6660,1.9292,12366,314,817079449112,3.3199,1.3890,13.3290,16659400,71200,451300,0,1500,0
activity,0,16.6661,16.6587,1.9149,18758,314,817079615772,2.5611,0.6814,14.0840,16648400,85600,774700,0,1600,0
activity,0,16.6685,16.6659,2.1228,12366,313,817079782359,2.1987,1.2075,14.4545,16657700,70100,322900,0,1400,0
activity,0,16.6657,16.6738,1.8565,12366,314,817079949018,2.2625,0.9066,14.3971,16649500,79000,290200,0,1700,0
activity,0,16.6684,16.6631,1.8657,12366,314,817080115756,2.6118,1.1518,14.0367,16652800,79800,308300,0,1800,0
activity,0,16.6667,16.6720,2.1934,12366,313,817080282387,1.9397,0.8953,14.7182,16652200,76300,301800,0,1400,0
activity,0,16.6657,16.6647,1.8555,18758,309,817080449107,2.1501,0.7787,14.4994,16645100,77100,729000,0,1800,0
activity,0,16.6669,16.6674,2.1023,12366,314,817080615754,2.1406,0.7445,14.5123,16650300,70200,301900,0,1500,0
activity,0,16.6692,16.6682,1.9538,12366,314,817080782428,2.2363,0.8915,14.4160,16657500,69900,378100,0,1600,0
activity,0,16.6667,16.6607,2.1258,12366,313,817080949110,2.6728,0.7603,13.9724,16646300,86000,466400,0,1600,0
activity,0,16.6684,16.6667,2.2139,12366,313,817081115717,2.3820,1.1169,14.2683,16650900,77900,325300,0,1500,0
activity,0,16.6653,16.6769,1.8565,18758,314,817081282384,2.2815,0.8476,14.3761,16647600,91400,644200,0,1700,0
activity,0,16.6643,16.6636,2.1750,12366,314,817081449153,2.7064,0.7713,13.9399,16646600,70700,422600,0,1600,0
activity,0,16.7068,16.6694,1.8207,12366,314,817081615789,2.2294,0.9203,14.4217,16694500,72300,707400,0,1500,0
activity,0,16.7386,16.6626,1.8504,12366,314,817081782483,3.9541,0.8157,12.6936,16734700,71800,275000,0,1500,0
activity,0,16.6581,16.6629,2.1504,12366,314,817081949109,2.3499,0.9171,14.2968,16635900,74400,347800,0,1500,0
activity,0,16.6666,16.7075,1.8688,18758,314,817082115738,2.5026,1.0655,14.1920,16650100,76300,622100,0,1500,0
activity,0,16.6656,16.7487,2.1309,12366,314,817082282813,1.8202,1.1488,14.9146,16650400,73400,276400,0,1400,0
activity,4,16.6657,16.6511,1.8217,18496,312,817082450300,1.8134,0.9681,14.8226,16651200,102600,680200,0,1500,0
activity,0,16.6672,16.6644,1.8637,12240,314,817082616811,2.1659,0.6961,14.4844,16653300,72400,388600,0,1600,0
activity,0,16.6765,16.6645,2.2282,12240,314,817082783455,1.9178,1.2774,14.7327,16673500,70600,277800,0,1500,0
activity,0,16.6619,16.6645,1.8156,44448,313,817082950100,2.3235,1.2286,14.3279,16629400,90800,1013000,0,1900,0
activity,0,16.6672,16.6651,2.1279,12240,314,817083116745,1.8012,0.6879,14.8521,16651300,77500,320800,0,1900,0
activity,0,16.6670,16.6945,1.8084,12240,311,817083283396,1.7277,1.1737,14.9458,16646900,77200,394700,0,1600,0
activity,0,16.6927,16.6508,1.8780,12240,314,817083450341,3.1380,0.8490,13.4916,16674100,81700,360000,0,1500,0
activity,0,16.6784,16.6691,2.1862,12240,312,817083616849,2.2863,1.4595,14.3650,16662600,74500,751100,0,1700,0
activity,0,16.6689,16.6682,1.7951,18632,313,817083783540,2.6522,0.9570,13.9948,16652200,79500,1216500,0,1800,0
activity,0,16.6650,16.6896,2.0634,12240,314,817083950222,2.5971,0.8945,14.0770,16648000,77000,302100,0,1500,0
activity,0,16.6669,16.6809,1.9415,12240,313,817084117118,2.5764,1.0153,14.0866,16649400,75400,331700,0,1400,0
activity,0,16.6650,16.6678,1.7828,12240,314,817084283927,2.6134,0.7444,14.0390,16646200,72400,720400,0,1300,0
activity,0,16.6671,16.6640,2.2313,12240,312,817084450605,2.1859,0.7951,14.4622,16655700,64500,242500,0,1200,0
activity,0,16.6646,16.6646,1.7951,18632,314,817084617245,2.1541,0.8805,14.4954,16646700,63700,579800,0,1200,0
activity,0,16.6703,16.6596,2.1565,12240,314,817084783891,2.3594,0.6571,14.2869,16662900,62100,310100,0,1000,0
activity,0,16.6691,16.6690,1.8012,12240,313,817084950487,1.7351,1.1592,14.9207,16655500,68500,336000,0,1300,0
activity,0,16.6661,16.6601,1.7910,12240,313,817085117177,1.7547,1.0264,14.8920,16651200,75800,244800,0,1600,0
activity,0,16.6705,16.6763,1.7797,12240,314,817085283778,1.4553,1.1629,15.2078,16657900,66400,250200,0,1200,0
activity,0,16.6688,16.6712,1.8330,18632,314,817085450541,1.8743,1.0455,14.7813,16642700,112900,664500,0,1800,0
activity,0,16.6642,16.6672,2.1043,12240,313,817085617253,1.7524,0.9807,14.8989,16640300,88700,404600,0,2100,0
activity,0,16.6667,16.6804,1.8637,12240,313,817085783925,2.1015,1.1494,14.5566,16645700,81800,439800,0,2000,0
activity,4,16.6681,16.6653,2.1197,18382,314,817085950729,2.8057,1.1870,13.8371,16651500,134500,686900,0,1900,0
activity,0,16.6666,16.6599,2.2118,12246,319,817086117382,3.0428,0.9981,13.5976,16647900,78300,314800,0,1800,0
activity,0,16.6656,16.6663,1.8002,18638,319,817086283981,2.2812,0.9228,14.3648,16641900,74700,830600,0,1700,0
activity,0,16.6674,16.6683,2.1238,12246,315,817086450644,2.4008,0.9651,14.2508,16654300,72400,689600,0,1400,0
activity,0,16.6635,16.6690,1.8708,12246,319,817086617327,2.2108,0.8612,14.4373,16640800,72500,380400,0,1400,0
activity,0,16.6684,16.6606,1.8186,12246,319,817086784017,2.4737,0.8648,14.1683,16656300,74900,520400,0,1400,0
activity,0,16.6684,16.6700,2.1228,12246,319,817086950623,2.1747,0.9366,14.4797,16654900,73500,383200,0,1400,0
activity,0,16.6695,16.6583,1.8360,18638,318,817087117323,2.5022,0.9452,14.1387,16649800,74100,687500,0,1400,0
activity,0,16.6674,16.6698,2.1002,12246,319,817087283906,2.3355,0.9776,14.3209,16661300,63900,240400,0,1200,0
activity,0,16.6669,16.6708,1.8524,12246,318,817087450604,2.2891,0.8908,14.3658,16649200,121200,300300,0,1800,0
activity,0,16.6696,16.6637,2.1064,12246,319,817087617312,2.5075,0.7392,14.1423,16652000,97500,337900,0,1700,0
activity,0,16.6673,16.6793,1.9026,12246,319,817087783949,1.9008,0.7956,14.7607,16641300,101000,339100,0,1900,0
activity,0,16.6673,16.6686,1.8606,18638,318,817087950742,2.1979,1.1631,14.4515,16641000,100400,618400,0,2200,0
activity,0,16.6655,16.6766,2.1596,12246,318,817088117428,1.9902,1.2835,14.6621,16644200,91300,394600,0,1600,0
activity,0,16.6665,16.6680,1.8893,12246,319,817088284194,1.9683,1.2129,14.6732,16645200,99800,381500,0,1900,0
activity,0,16.6710,16.6641,1.9313,12246,319,817088450874,2.5101,0.8415,14.1312,16649500,145000,398400,0,2000,0
activity,0,16.6645,16.6672,1.9098,12246,319,817088617515,2.2619,1.3482,14.3825,16638500,104100,408300,0,2200,0
activity,0,16.6671,16.6649,1.9241,18638,319,817088784187,2.1751,1.4285,14.4704,16647700,108800,709200,0,2100,0
activity,0,16.6671,16.6770,2.1361,12246,319,817088950836,2.2860,1.4473,14.3639,16630000,123900,349400,0,2800,0
activity,0,16.6720,16.6610,1.9046,12246,319,817089117606,2.5062,1.4209,14.1324,16656600,102300,370700,0,1600,0
activity,0,16.6597,16.6723,2.1084,12246,318,817089284216,2.3143,0.9354,14.3335,16623400,95400,600900,0,1700,0
activity,4,16.6632,16.6579,1.9497,18352,319,817089450939,2.3831,1.3102,14.2471,16642100,119700,653200,0,1600,0
activity,0,16.6689,16.6804,1.8790,18608,324,817089617518,2.4139,1.2692,14.2430,16657700,66500,561000,0,1000,0
activity,0,16.6606,16.6418,2.1699,12216,324,817089784322,2.2017,0.8502,14.4219,16633400,92300,336500,0,1400,0
activity,0,16.6722,16.6583,1.8801,12216,324,817089950740,2.3160,1.1248,14.3262,16668900,56200,344000,0,1300,0
activity,0,16.6676,16.6770,2.2200,12216,324,817090117323,2.1400,1.2857,14.5177,16649500,79300,489900,0,1700,0
activity,0,16.9153,16.6446,1.8565,12216,324,817090284093,2.1619,0.9781,14.4715,16897400,73100,279300,0,1500,0
activity,0,16.6597,16.6835,1.9057,18608,324,817090450539,1.7606,0.9118,14.9085,16647500,68300,865500,0,1200,0
activity,0,16.6652,16.6669,2.0726,12216,324,817090617374,2.3812,0.6735,14.2685,16646900,69700,326800,0,1500,0
activity,0,16.6669,16.9126,1.9343,12216,322,817090784043,1.7537,1.6333,15.1438,16654000,73800,334300,0,1300,0
activity,0,16.6690,16.6617,2.1033,12216,323,817090953169,1.9763,1.0722,14.6713,16656500,70600,325100,0,1200,0
activity,0,16.6652,16.6632,1.9261,12216,324,817091119786,1.6086,0.7667,15.0384,16646500,75800,293200,0,1700,0
activity,0,16.6658,16.6677,1.7920,18608,324,817091286418,2.0918,1.0765,14.5622,16653900,69600,545300,0,1200,0
activity,0,16.6680,16.6716,1.9405,12216,323,817091453095,1.6170,1.1882,15.0396,16650900,63000,254600,0,1000,0
activity,0,16.6657,16.6619,1.8196,12216,324,817091619811,1.9302,0.8036,14.7164,16648900,65900,251800,0,1200,0
activity,0,16.6705,16.6667,1.8299,12216,321,817091786430,2.0269,0.6356,14.6269,16658600,82600,274600,0,1300,0
activity,0,16.6663,16.6670,1.8422,12216,324,817091953097,1.5634,0.7341,15.0876,16648900,82300,367500,0,2100,0
activity,0,16.6818,16.6649,1.9139,18608,323,817092119767,2.0852,1.0004,14.5639,16665700,74900,638300,0,1500,0
activity,0,16.6630,16.6780,2.0941,12216,324,817092286416,1.7398,1.3026,14.9190,16638700,74200,270200,0,1600,0
activity,0,16.6647,16.6640,1.9425,12216,323,817092453196,2.1677,0.8690,14.4813,16648000,67000,277500,0,1300,0
activity,0,16.6650,16.6846,1.7971,12216,322,817092619836,2.0935,0.6788,14.5726,16650400,58000,279100,0,1000,0
activity,0,16.6746,16.6563,1.9169,12216,323,817092786682,1.7075,0.6697,14.9314,16675100,58700,248300,0,900,0
activity,4,16.6623,16.6603,1.8637,26014,324,817092953245,1.6738,0.6632,14.9743,16636100,433700,1041100,0,2200,0
activity,0,16.6676,16.6619,2.1340,12894,324,817093119848,1.5060,0.6647,15.1444,16653500,75400,391400,0,1400,0
activity,0,16.6678,16.6910,1.8606,12894,326,817093286467,1.6312,1.2074,15.0440,16652400,68600,421400,0,1300,0
activity,0,16.6651,16.6529,2.1576,12894,325,817093453377,3.4252,1.1681,13.2110,16646700,73700,307000,0,1500,0
activity,0,16.6667,16.6681,1.8555,12894,326,817093619906,1.8622,1.1540,14.7915,16652600,73200,320200,0,1200,0
activity,0,16.6657,16.6710,1.8268,19286,326,817093786587,1.7994,0.7302,14.8531,16652200,81200,2475500,924000,1500,0
activity,0,16.9074,16.6598,2.0767,12894,326,817093953297,1.8604,0.6681,14.7864,16905000,70700,292800,0,1100,0
activity,0,16.6630,16.6651,1.8524,12894,326,817094119895,1.8239,0.9512,14.8288,16628800,69000,323200,0,1400,0
activity,0,16.6647,16.6634,2.0869,12894,326,817094286546,3.0388,0.6520,13.6135,16648500,62300,260600,0,1200,0
activity,0,16.6712,16.9233,1.7981,12894,326,817094453180,2.1577,0.8397,14.7476,16664400,62400,295900,0,1100,0
activity,0,16.6664,16.6504,1.8442,19286,326,817094622413,2.5252,0.6597,14.1036,16651700,67700,605500,0,1400,0
activity,0,16.6669,16.6610,2.1627,12894,325,817094788917,2.0114,0.6201,14.6371,16649900,75700,302600,0,1400,0
activity,0,16.6652,16.6778,1.7777,12894,326,817094955527,1.8340,0.7457,14.8305,16646500,70000,284300,0,1700,0
activity,0,16.6637,16.6677,2.1535,12894,324,817095122305,2.0961,0.6997,14.5558,16646500,61900,262400,0,1200,0
activity,0,16.6694,16.6655,1.7746,12894,326,817095288982,2.0139,0.7346,14.6360,16662300,56200,282000,0,800,0
activity,0,16.6987,16.6626,1.8473,19286,325,817095455637,2.1927,0.6226,14.4539,16690000,78700,583900,0,1400,0
activity,0,16.7243,16.6568,2.0787,12894,326,817095622263,1.8058,0.7820,14.8407,16705700,68100,292200,0,1200,0
activity,0,16.7699,16.6741,1.8217,12894,326,817095788831,1.8411,0.9372,14.8213,16758600,65700,326300,0,1400,0
activity,0,16.5664,16.7046,2.0726,12894,325,817095955572,2.1734,0.7582,14.5167,16553000,70700,299900,0,1200,0
activity,0,16.6653,16.7195,1.8381,12894,326,817096122618,1.8676,0.7531,14.8382,16648500,70000,292300,0,1300,0
activity,0,16.6644,16.7733,1.7992,19286,326,817096289813,1.8267,0.7067,14.9319,16648000,71700,625500,0,1200,0
activity,4,16.7180,16.5682,1.9261,25154,325,817096457546,1.9142,0.8671,14.6389,16711900,115500,685800,0,900,0
activity,0,16.6656,16.6626,1.7746,12366,314,817096623228,1.7675,1.0013,14.8811,16646400,68100,274900,0,1100,0
activity,0,16.6660,16.6590,2.1565,12366,314,817096789854,1.8649,1.0503,14.7831,16654100,68300,236900,0,1200,0
activity,0,16.6700,16.7259,1.8186,12366,314,817096956444,1.9690,0.8866,14.7431,16660400,65000,249700,0,1300,0
activity,0,16.6638,16.6605,1.8166,18758,314,817097123703,1.8984,1.0026,14.7480,16645600,78400,691700,0,1400,0
activity,0,16.7154,16.6666,2.2118,12366,314,817097290308,1.4946,0.6577,15.1595,16716200,63200,241600,0,1100,0
activity,0,16.6575,16.6737,1.8371,12366,314,817097456974,1.8006,0.9756,14.8599,16635100,66800,266500,0,1200,0
activity,0,16.6663,16.6576,2.1207,12366,312,817097623711,2.4238,0.7234,14.2219,16653200,69100,266700,0,1300,0
activity,0,16.6672,16.7277,1.8022,12366,314,817097790287,2.0693,0.6725,14.6469,16654600,73900,321700,0,1300,0
activity,0,16.6676,16.6470,1.8063,18758,314,817097957564,2.0332,0.6660,14.6019,16656800,74700,569000,0,1600,0
activity,0,16.6693,16.6646,1.8473,12366,314,817098124034,1.9671,0.8771,14.6861,16658500,96600,282100,0,1300,0
activity,0,16.6651,16.6678,1.7940,12366,313,817098290680,1.9008,0.9092,14.7539,16645300,75500,404100,0,1600,0
activity,0,16.6653,16.6708,2.1504,12366,314,817098457358,2.2665,0.8336,14.3904,16654100,75700,258200,0,1500,0
activity,0,16.6675,16.6744,1.8698,12366,314,817098624066,2.1148,0.9507,14.5439,16652300,63700,272900,0,1100,0
activity,0,16.6713,16.6603,1.9405,18758,314,817098790810,2.4370,0.9402,14.2083,16664200,69400,854000,0,1000,0
activity,0,16.6662,16.6668,1.8022,12366,312,817098957413,1.7030,0.6527,14.9512,16651400,77100,303100,0,1500,0
activity,0,16.6664,16.6637,1.8473,12366,313,817099124081,1.7338,1.6051,14.9185,16647100,88100,291600,0,1700,0
activity,0,16.6663,16.6777,2.1002,12366,314,817099290718,3.0734,0.7337,13.5909,16649800,78500,305500,0,1500,0
activity,0,16.6680,16.6687,1.8473,12366,311,817099457495,1.8915,0.7151,14.7600,16652300,75200,402900,0,1300,0
activity,0,16.6655,16.6637,1.7940,18758,314,817099624182,1.8717,0.7680,14.7756,16648000,77300,600100,0,1400,0
activity,0,16.6672,16.6663,2.0869,12366,314,817099790819,1.9337,0.9232,14.7162,16652700,77000,467100,0,1400,0
activity,0,16.7378,16.6677,1.7193,12366,313,817099957482,2.1288,0.7665,14.5236,16739000,68200,242500,0,1200,0
activity,4,16.6819,16.6629,2.1750,18496,314,817100124159,2.1061,0.8206,14.5421,16648800,96500,819900,0,1500,0
activity,0,16.6663,16.6672,1.7746,12240,313,817100290788,2.1344,0.6541,14.5185,16650300,73700,384700,0,1300,0
activity,0,16.6666,16.7569,1.8412,18632,314,817100457460,1.8859,0.8737,14.8532,16653300,71200,559700,0,1400,0
activity,0,16.6639,16.6650,1.7777,12240,314,817100625029,2.2243,0.8501,14.4246,16646500,76300,304300,0,1300,0
activity,0,16.7239,16.6633,1.9538,12240,314,817100791679,2.4583,0.8885,14.1920,16716400,63300,254300,0,1200,0
activity,0,16.6621,16.6662,2.1238,12240,313,817100958312,1.9262,0.9298,14.7272,16653800,76200,383300,0,1100,0
activity,0,16.6669,16.6575,1.8371,12240,314,817101124974,1.7327,0.6748,14.9139,16649000,72900,295800,0,1800,0
activity,0,16.6778,16.7273,2.1709,18632,314,817101291549,1.7644,1.4363,14.9521,16673800,69700,573600,0,1400,0
activity,0,16.6538,16.6687,1.9589,12240,314,817101458822,1.7535,0.9436,14.9005,16627400,70700,320400,0,1200,0
activity,0,16.6682,16.6664,1.7910,12240,314,817101625509,1.8065,1.2562,14.8426,16654700,75300,379400,0,1400,0
activity,0,16.6661,16.6882,2.1299,12240,314,817101792173,1.9669,1.0673,14.7070,16653200,69700,307800,0,1400,0
activity,0,16.7105,16.6411,1.8872,12240,314,817101959055,1.7019,0.9995,14.9257,16700000,66200,262300,0,1500,0
activity,0,16.6665,16.6667,1.9630,18632,314,817102125466,2.1130,1.0411,14.5417,16650200,72200,594000,0,1400,0
activity,0,16.6706,16.6659,1.7879,12240,314,817102292133,1.5758,0.8727,15.0775,16662100,68800,321800,0,1100,0
activity,0,16.6719,16.7136,1.8903,12240,314,817102458792,1.6954,0.7786,15.0047,16652600,112200,300800,0,1800,0
activity,0,16.6653,16.6662,2.1217,12240,314,817102625928,2.1557,0.7383,14.4946,16647800,81900,303500,0,1700,0
activity,0,16.6650,16.6801,1.9681,12240,313,817102792590,2.0539,0.8258,14.6084,16641300,89500,309700,0,2000,0
activity,0,16.6659,16.6714,1.8647,18632,314,817102959391,2.3896,0.8289,14.2631,16643900,76700,614300,0,1900,0
activity,0,16.6654,16.6701,1.9395,12240,312,817103126105,2.4265,1.1994,14.2216,16646300,76600,304000,0,1500,0
activity,0,16.6708,16.6621,1.8801,12240,314,817103292806,2.3278,0.9363,14.3137,16656500,103700,306900,0,3400,0
activity,0,16.6656,16.6618,2.1893,12240,313,817103459427,2.3809,0.8638,14.2633,16637700,101100,406900,0,1800,0
activity,4,16.6663,16.6639,1.8739,18382,314,817103626045,2.2346,0.9431,14.4119,16645000,123900,617800,0,1900,0
activity,0,16.6683,16.6800,1.9016,18638,319,817103792684,2.5124,1.0260,14.1443,16657200,76100,581800,0,1500,0
activity,0,16.6711,16.6581,1.8678,12246,315,817103959484,2.3091,1.2600,14.3288,16651700,83100,283600,0,1700,0
activity,0,16.6734,16.6620,1.9231,12246,318,817104126065,2.2235,0.7940,14.4216,16648900,163300,291000,0,1800,0
activity,0,16.6701,16.6797,2.1791,12246,319,817104292685,1.8517,0.7018,14.8058,16632200,120900,269800,0,1700,0
activity,0,16.6537,16.6814,1.9272,12246,319,817104459482,1.9328,0.8343,14.7191,16612800,82400,346200,0,1700,0
activity,0,16.6684,16.6864,1.8196,18638,319,817104626296,2.3385,1.0607,14.3107,16657500,78800,607600,0,1800,0
activity,0,16.6682,16.6591,1.8360,12246,318,817104793160,2.1367,0.9738,14.4957,16641600,91100,375500,0,1500,0
activity,0,16.6697,16.6316,1.8924,12246,319,817104959751,2.4218,0.8995,14.1911,16645100,86700,285300,0,1600,0
activity,0,16.6658,16.6819,2.1289,12246,316,817105126067,2.0521,1.3465,14.6055,16641400,76600,286300,0,1500,0
activity,0,16.6674,16.6693,1.8391,12246,319,817105292886,1.9624,0.7117,14.6794,16641300,77300,466400,0,1500,0
activity,0,16.6718,16.6705,1.9292,18638,319,817105459579,2.1585,0.6836,14.4867,16643000,210600,793000,0,1700,0
activity,0,16.6630,16.6682,1.8924,12246,319,817105626284,1.9105,1.2265,14.7311,16629200,129900,314300,0,1600,0
activity,0,16.6638,16.6718,1.9169,12246,319,817105792966,2.2225,1.6556,14.4191,16632100,148100,383200,0,2700,0
activity,0,16.6690,16.6721,2.1064,12246,318,817105959684,2.5703,1.2501,14.0730,16644900,78600,308300,0,1500,0
activity,0,16.6726,16.6625,1.9200,12246,316,817106126405,2.3477,0.9207,14.2817,16647000,112300,457600,0,1600,0
activity,0,16.6670,16.6584,1.8708,18638,319,817106293030,2.6449,0.8608,13.9873,16633900,153600,610900,0,2100,0
activity,0,16.8275,16.6764,1.8412,12246,318,817106459614,1.8679,1.2282,14.7773,16780300,87100,305300,0,1500,0
activity,0,16.5274,16.6795,1.8719,12246,319,817106626378,2.5699,1.1829,14.0772,16512300,82700,390800,0,1800,0
activity,0,16.6622,16.6660,2.1524,12246,319,817106793173,2.4675,0.8290,14.1668,16645600,81400,338500,0,2000,0
activity,0,16.6689,16.8010,1.7930,12246,319,817106959833,2.2150,1.3692,14.5655,16646700,81000,799200,0,1700,0
activity,4,16.6696,16.5310,2.2313,24744,319,817107127843,2.7693,1.0228,13.7431,16638000,143300,1052100,0,2600,0
activity,0,16.6885,16.6710,1.8258,12216,323,817107293153,2.0250,1.0685,14.6208,16646900,92000,355100,0,2500,0
activity,0,16.6651,16.6773,1.9456,12216,323,817107459863,2.7763,1.0312,13.8710,16637400,159300,390600,0,1800,0
activity,0,16.6647,16.6717,1.8790,12216,324,817107626636,2.9582,0.9404,13.6800,16637200,85400,281500,0,1700,0
activity,0,16.6675,16.6806,1.8268,12216,324,817107793353,3.3679,1.3350,13.2792,16648800,82300,568200,0,1500,0
activity,0,16.6666,16.6568,1.7848,18608,321,817107960159,2.5885,1.1505,14.0491,16651700,79000,760800,0,2100,0
activity,0,16.7449,16.6562,1.8360,12216,324,817108126727,2.1397,0.9196,14.4977,16726500,85800,320300,0,1700,0
activity,0,16.6639,16.6651,1.7940,12216,324,817108293289,2.3257,1.1959,14.3234,16641200,86600,379800,0,2200,0
activity,0,16.6661,16.6707,2.1207,12216,323,817108459940,2.3966,0.7693,14.2555,16649400,76900,272800,0,1500,0
activity,0,16.6680,16.7458,1.8002,12216,322,817108626647,2.2476,1.2903,14.4791,16664000,74500,268900,0,1900,0
activity,0,16.6676,16.6601,1.9436,18608,323,817108794105,2.1863,0.7155,14.4553,16638000,73700,579900,0,1600,0
activity,0,16.6687,16.6656,2.5825,12216,323,817108960706,1.8583,0.7754,14.7912,16650600,82500,317300,0,1600,0
activity,0,16.6692,16.6825,1.8196,12216,324,817109127362,1.9042,0.7526,14.7601,16652700,78300,271000,0,1400,0
activity,0,16.6641,16.6551,2.1135,12216,324,817109294187,1.8175,0.7256,14.8207,16617400,75400,270300,0,1600,0
activity,0,16.6646,16.6671,1.8463,12216,324,817109460738,1.9637,0.6673,14.6869,16645800,87400,302000,0,1700,0
activity,0,16.6684,16.6704,1.7920,18608,324,817109627409,1.8014,0.6369,14.8515,16653400,77400,656900,0,1700,0
activity,0,16.6649,16.6635,1.8514,12216,324,817109794113,1.7714,1.2744,14.8461,16641700,87500,310800,0,2000,0
activity,0,16.6682,16.6635,1.8145,12216,324,817109960748,1.9461,1.2962,14.6998,16656600,78200,311100,0,1500,0
activity,0,16.6641,16.6717,2.1801,12216,324,817110127383,1.9324,0.7779,14.7211,16641500,101000,348700,0,1100,0
activity,0,16.6660,16.6582,1.7920,12216,324,817110294100,1.8282,0.7895,14.8136,16651500,83900,343400,0,1300,0
activity,0,16.6659,16.6739,2.1514,18608,324,817110460682,2.0246,1.4496,14.6322,16651600,70500,690200,0,1400,0
activity,0,16.6689,16.6565,1.8534,12216,324,817110627421,1.7512,0.7127,14.8904,16658800,66500,327000,0,1300,0
activity,4,16.6648,16.6633,1.8514,19622,320,817110793986,1.9141,1.5330,14.7374,16652100,217800,552300,0,1500,0
activity,0,16.7476,16.6633,2.0890,12894,326,817110960619,2.0037,0.7323,14.6480,16742000,61400,263600,0,1200,0
activity,0,16.6648,16.6706,1.8340,12894,326,817111127252,1.7786,1.5520,14.8801,16646500,65200,264400,0,1400,0
activity,0,16.6665,16.6618,1.7695,19286,326,817111293958,1.9547,0.7277,14.6976,16652900,70900,536700,0,1200,0
activity,0,16.6688,16.7565,1.8575,12894,325,817111460576,1.8285,0.8401,14.9135,16659300,68300,256900,0,1100,0
activity,0,16.6679,16.6621,1.7951,12894,326,817111628141,1.9556,1.0419,14.6911,16652600,78600,2348800,918800,1800,0
activity,0,16.6686,16.6663,2.1248,12894,325,817111794762,1.9645,0.6535,14.6885,16653000,83500,311100,0,1900,0
activity,0,16.6662,16.6736,1.8545,12894,326,817111961425,1.8285,0.9326,14.8309,16646200,90600,346400,0,2800,0
activity,0,16.6677,16.6695,1.8422,19286,325,817112128161,3.2077,0.7393,13.4451,16649100,78800,715500,0,1800,0
activity,0,16.6662,16.6712,1.8074,12894,326,817112294856,2.0385,1.0054,14.6147,16645300,85100,330400,0,1900,0
activity,0,16.6662,16.6657,1.8534,12894,326,817112461568,2.4917,1.3925,14.1547,16651700,82900,441100,0,1700,0
activity,0,16.6663,16.6670,2.1002,12894,326,817112628225,2.2303,0.9108,14.4190,16648400,79400,426500,0,1400,0
activity,0,16.6667,16.6631,1.8565,12894,325,817112794895,2.1427,1.2729,14.5028,16648300,78800,286000,0,1300,0
activity,0,16.6682,16.6687,1.7859,19286,326,817112961526,2.9226,0.9707,13.7292,16652800,75300,576600,0,1500,0
activity,0,16.6682,16.6654,1.8401,12894,326,817113128213,2.3911,0.7936,14.2574,16652600,76700,374500,0,1500,0
activity,0,16.6650,16.6652,1.8524,12894,326,817113294867,1.8230,0.8043,14.8253,16644300,87900,306700,0,1500,0
activity,0,16.6666,16.6692,2.1309,12894,325,817113461519,2.2022,1.0558,14.4508,16650400,75400,344200,0,2400,0
activity,0,16.6663,16.6716,1.7900,12894,325,817113628211,1.9419,0.7883,14.7107,16648900,72900,273600,0,1200,0
activity,0,16.6666,16.6614,1.8319,19286,326,817113794927,1.9896,0.7745,14.6548,16649100,74600,999100,0,1400,0
activity,0,16.6682,16.6660,1.7869,12894,324,817113961541,2.0952,0.6410,14.5554,16656500,179200,338000,0,1900,0
activity,0,16.6634,16.6653,2.1688,12894,326,817114128201,2.0958,2.4167,14.5533,16642900,75200,298000,0,2200,0
activity,4,16.6664,16.6638,2.1484,25154,326,817114294854,4.0436,1.3070,12.6056,16654900,127200,821300,0,1500,0
activity,0,16.6708,16.6716,1.7992,12366,314,817114461492,2.3341,0.7314,14.3224,16667400,61700,243500,0,1300,0
activity,0,16.6638,16.6549,1.8524,18758,314,817114628208,2.1551,0.9334,14.4878,16645300,68800,527900,0,1300,0
activity,0,16.6682,16.6653,1.8422,12366,313,817114794757,2.2300,0.6495,14.4248,16655500,71100,268800,0,1300,0
activity,0,16.6668,16.6804,1.8227,12366,313,817114961410,1.8187,0.8434,14.8488,16655200,65900,249800,0,1000,0
activity,0,16.8416,16.6574,2.1606,12366,314,817115128214,1.9202,0.7714,14.7252,16834900,67500,306500,0,1100,0
activity,0,16.6578,16.6685,1.8115,12366,313,817115294788,1.8731,0.7114,14.7824,16550900,76100,361200,0,1300,0
activity,0,16.6679,16.6681,1.9538,18758,312,817115461473,2.0797,0.6837,14.5756,16648600,74000,637800,0,2000,0
activity,0,16.6656,16.8576,1.8258,12366,313,817115628154,1.8696,0.8926,14.9653,16646400,72700,303800,0,1500,0
activity,0,16.6688,16.6491,1.8811,12366,311,817115796730,2.3907,0.8599,14.1602,16650300,80300,600000,0,2700,0
activity,0,16.6653,16.6685,2.1279,12366,314,817115963221,2.2419,0.7189,14.4068,16645400,81000,390600,0,1600,0
activity,0,16.6681,16.6655,1.9425,12366,314,817116129906,2.0336,0.9840,14.6129,16649400,76500,356500,0,1500,0
activity,0,16.6642,16.6708,2.1361,18758,314,817116296561,2.4019,0.8199,14.2486,16641900,79800,625200,0,1800,0
activity,0,16.6693,16.6646,1.9180,12366,314,817116463269,2.3032,0.9579,14.3425,16654500,74000,274100,0,1500,0
activity,0,16.6654,16.6682,1.8934,12366,314,817116629915,2.5123,1.0264,14.1374,16643400,75300,271700,0,1300,0
activity,0,16.6671,16.6611,2.1617,12366,313,817116796597,2.2809,0.6987,14.3611,16649700,82800,351300,0,1600,0
activity,0,16.6685,16.6738,1.8852,12366,314,817116963208,1.9411,0.7874,14.7135,16652200,81500,384900,0,1600,0
activity,0,16.6678,16.6615,1.8330,18758,314,817117129946,1.8642,0.9410,14.7794,16650100,80100,627000,0,2100,0
activity,0,16.6636,16.6673,1.7920,12366,314,817117296561,2.0352,0.8030,14.6149,16642700,81500,302500,0,1800,0
activity,0,16.6666,16.6698,1.9436,12366,314,817117463234,2.2630,1.0369,14.3892,16649000,76100,394500,0,1700,0
activity,0,16.6648,16.6683,2.2385,12366,312,817117629932,2.5703,0.7142,14.0801,16649000,70700,270100,0,1500,0
activity,4,16.6669,16.6591,1.8719,18496,314,817117796615,2.0441,0.8845,14.5988,16654100,106000,614100,0,1400,0
activity,0,16.6656,16.6633,1.8708,18632,314,817117963206,2.7269,0.6805,13.9222,16654200,61400,495000,0,1100,0
activity,0,16.6683,16.6618,1.8811,12240,314,817118129839,1.9414,0.8672,14.7076,16659500,59900,237300,0,900,0
activity,0,16.6699,16.6658,1.9149,12240,314,817118296457,2.0503,0.7288,14.6040,16661600,83200,256500,0,1500,0
activity,0,16.6660,16.6649,2.1228,12240,314,817118463115,1.7840,0.8242,14.8704,16652000,76700,273500,0,1300,0
activity,0,16.6677,16.6704,1.8647,12240,314,817118629764,1.6265,0.7256,15.0331,16652100,68800,289800,0,1100,0
activity,0,16.6682,16.6743,1.9261,18632,314,817118796468,2.0631,0.9221,14.5987,16659700,68700,605700,0,1200,0
activity,0,16.6658,16.6668,1.9118,12240,313,817118963211,1.8763,0.6353,14.7758,16644300,87300,1301700,0,1900,0
activity,0,16.6661,16.6659,1.9077,12240,309,817119129879,1.8804,0.7361,14.7719,16647800,75700,297500,0,1400,0
activity,0,16.6667,16.6762,1.8596,12240,314,817119296538,1.7720,1.6411,14.8878,16652900,68600,276700,0,1300,0
activity,0,16.6652,16.6609,1.9497,12240,314,817119463300,3.8102,1.0493,12.8341,16652000,68400,254200,0,1200,0
activity,0,16.6691,16.6626,1.8954,18632,314,817119629909,2.0104,0.7288,14.6375,16658800,68300,544500,0,1300,0
activity,0,16.7322,16.6654,1.9210,12240,314,817119796535,1.7389,0.6667,14.9141,16715600,76000,287300,0,1300,0
activity,0,16.6678,16.6646,1.8821,12240,301,817119963189,1.7422,0.9385,14.9098,16656600,78100,365200,0,1200,0
activity,0,16.6657,16.6727,2.1422,12240,314,817120129835,2.0721,0.7314,14.5869,16650100,72800,341900,0,1300,0
activity,0,16.7076,16.7284,1.9087,12240,314,817120296562,1.6944,0.8317,15.0212,16702800,61900,236000,0,1100,0
activity,0,16.6642,16.6700,1.9169,18632,314,817120463846,2.1659,0.7567,14.4908,16657100,63400,487700,0,1400,0
activity,0,16.6604,16.6614,1.8770,12240,314,817120630546,1.8593,0.7893,14.7908,16628300,145400,311000,0,1700,0
activity,0,16.6667,16.7154,1.9671,12240,314,817120797160,1.9110,0.7850,14.7921,16650200,78400,338400,0,1500,0
activity,0,16.6672,16.6780,1.8975,12240,314,817120964314,2.0706,0.9602,14.5868,16652400,74100,295300,0,1400,0
activity,0,16.6672,16.6481,1.8780,12240,308,817121131094,2.9396,1.3288,13.6889,16651100,72500,353600,0,1600,0
activity,4,16.6690,16.6651,1.8657,24774,314,817121297575,1.8151,0.7292,14.8354,16653600,115000,676500,0,1300,0
activity,0,16.6641,16.6668,1.9231,12246,318,817121464226,1.7626,1.3571,14.8899,16646500,72800,265800,0,1500,0
activity,0,16.6681,16.6667,1.8893,12246,318,817121630894,1.8043,0.8571,14.8469,16650900,69500,357500,0,1300,0
activity,0,16.6644,16.6692,2.1391,12246,319,817121797561,2.0301,0.6780,14.6235,16645800,73000,265900,0,1400,0
activity,0,16.6671,16.6610,1.8186,12246,318,817121964253,1.8383,0.8530,14.8083,16651800,67400,320300,0,1300,0
activity,0,16.6671,16.6711,1.8391,18638,317,817122130863,2.0007,0.6495,14.6505,16655100,69600,503000,0,1000,0
activity,0,16.6657,16.6606,1.7981,12246,318,817122297574,1.5492,0.7446,15.0967,16652600,72700,308400,0,1300,0
activity,0,16.6797,16.6638,1.8043,12246,318,817122464180,2.0045,0.7866,14.6473,16683600,66600,288100,0,1000,0
activity,0,16.6538,16.6692,2.0675,12246,319,817122630818,1.8238,0.9564,14.8315,16624100,63300,306100,0,1100,0
activity,0,16.6691,16.6647,1.8258,12246,319,817122797510,1.8510,0.7067,14.8016,16662300,63800,277800,0,1100,0
activity,0,16.6680,16.6958,2.1094,18638,318,817122964157,1.7342,1.0716,14.9495,16656400,96500,572600,0,1700,0
activity,0,16.7074,16.6344,1.8412,12246,319,817123131115,1.6523,0.6661,14.9718,16692100,77100,285600,0,1100,0
activity,0,16.6887,16.6749,1.8217,12246,319,817123297459,1.9773,0.9359,14.6852,16677700,78000,370500,0,1300,0
activity,0,16.6526,16.6693,2.1309,12246,319,817123464208,2.2787,1.0363,14.3776,16625900,68000,281400,0,1400,0
activity,0,16.6656,16.7056,1.7715,12246,318,817123630901,1.5274,0.7909,15.1647,16652600,80600,320000,0,1200,0
activity,0,16.6688,16.6992,2.1453,18638,318,817123797957,2.3216,0.7590,14.3560,16659700,66800,554700,0,1200,0
activity,0,16.6683,16.6394,1.7633,12246,317,817123964949,2.1537,0.9011,14.4723,16658700,62400,272400,0,1000,0
activity,0,16.6641,16.6636,1.7920,12246,319,817124131343,2.0319,0.7228,14.6207,16645600,69100,316200,0,1300,0
activity,0,16.7306,16.6711,2.1002,12246,319,817124297979,1.7179,0.6635,14.9419,16719400,67600,352200,0,1300,0
activity,0,16.6619,16.6736,1.8371,12246,319,817124464690,1.6452,1.4354,15.0135,16644600,69100,283800,0,1500,0
activity,0,16.6661,16.6599,1.7725,18638,316,817124631426,1.6382,0.7402,15.0073,16651300,70600,512100,0,1400,0
activity,0,16.7065,16.7327,1.8330,12246,318,817124798025,1.8046,1.0621,14.9149,16695500,64400,287300,0,1100,0
activity,4,16.6632,16.6591,1.7910,18352,319,817124965352,1.7790,1.0103,14.8656,16646100,108800,530200,0,1400,0
activity,0,16.6769,16.6657,2.1043,12216,324,817125131943,2.0267,0.6068,14.6247,16663800,64400,258500,0,1100,0
activity,0,16.6609,16.7113,1.8627,12216,322,817125298600,1.5602,1.1219,15.1353,16654200,59400,258200,0,900,0
activity,0,16.6656,16.6591,1.8432,18608,324,817125465713,2.0710,0.7145,14.5752,16648300,65500,746700,0,1400,0
activity,0,16.6677,16.6741,1.7951,12216,324,817125632304,1.5159,0.8972,15.1481,16656500,61900,248900,0,1300,0
activity,0,16.6788,16.6679,1.8319,12216,324,817125799045,1.7337,0.7953,14.9207,16673300,147900,262000,0,1400,0
activity,0,16.6549,16.6602,2.0879,12216,324,817125965724,2.0752,0.5765,14.5732,16634300,64400,397500,0,1200,0
activity,0,16.6664,16.6688,1.8319,12216,324,817126132326,1.4867,0.7246,15.1699,16654600,64700,266900,0,1200,0
activity,0,16.6675,16.6873,2.1053,18608,324,817126299014,1.6453,1.6453,15.0280,16655200,63700,632300,0,1200,0
activity,0,16.6655,16.6465,1.8452,12216,324,817126465887,1.5664,0.8715,15.0679,16651400,67600,324800,0,1300,0
activity,0,16.6963,16.6661,1.8504,12216,323,817126632352,2.1147,0.6884,14.5399,16692500,59600,254300,0,1000,0
activity,0,16.6583,16.6674,2.1432,12216,323,817126799013,1.8870,0.8488,14.7683,16641700,68700,234500,0,900,0
activity,0,16.6672,16.6622,1.7695,12216,324,817126965687,2.1182,0.6545,14.5333,16653500,56600,278500,0,900,0
activity,0,16.6673,16.7037,1.8422,18608,323,817127132309,1.7248,0.6009,14.9678,16653400,64500,903000,0,1100,0
activity,0,16.6667,16.6542,1.7807,12216,324,817127299346,1.6537,0.7134,14.9881,16654900,65000,249700,0,1200,0
activity,0,16.6656,16.6673,1.8258,12216,324,817127465888,2.0971,0.8006,14.5565,16648800,68200,257100,0,1200,0
activity,0,16.6702,16.6676,2.0900,12216,323,817127632561,2.2890,0.9415,14.3645,16661600,63800,269000,0,1000,0
activity,0,16.6667,16.6699,1.8514,12216,324,817127799237,2.0538,0.6198,14.6012,16648300,74200,302200,0,1400,0
activity,0,16.7632,16.6624,2.0767,18608,324,817127965936,1.9412,0.6168,14.7077,16747600,66400,632700,0,1300,0
activity,0,16.6590,16.6766,1.8104,12216,324,817128132560,1.5651,0.8145,15.0967,16638300,69200,268600,0,1300,0
activity,0,16.6703,16.6638,1.7838,12216,324,817128299326,1.7407,1.2181,14.9077,16661400,64700,272700,0,1200,0
activity,0,16.6645,16.7645,2.1453,12216,323,817128465964,1.7951,0.6356,14.9527,16645300,69000,248700,0,1200,0
activity,4,16.6796,16.6519,1.8135,19622,323,817128633609,1.7020,1.0027,14.9364,16663500,194700,597900,0,1700,0
activity,0,16.6912,16.6784,2.1514,19286,326,817128800128,1.7081,0.6436,14.9533,16676800,66700,571500,0,1500,0
activity,0,16.6709,16.6611,1.7777,12894,325,817128966912,1.7074,1.0421,14.9380,16889700,71800,346800,0,1800,0
activity,0,16.6652,16.6789,1.8371,12894,326,817129133523,2.0556,0.7228,14.6080,16416000,76000,293300,0,1600,0
activity,0,16.6672,16.6914,1.8790,12894,325,817129300312,2.3855,0.8605,14.2915,16651100,73600,304600,0,1300,0
activity,0,16.6663,16.9073,1.8473,12894,326,817129467226,2.4132,0.9979,14.4767,16651700,75300,324700,837600,1500,0
activity,0,16.6868,16.4324,2.0982,19286,325,817129636299,1.9358,0.7320,14.4804,16674800,69600,841900,0,1400,0
activity,0,16.6646,16.6667,1.9220,12894,326,817129800623,1.8718,0.6893,14.7794,16640500,73600,276300,0,1700,0
activity,0,16.6662,16.6651,1.8647,12894,326,817129967290,2.0289,0.8252,14.6230,16656500,60700,318900,0,1000,0
activity,0,16.6692,16.6909,2.1514,12894,323,817130133941,2.4821,0.9353,14.1928,16658600,62200,267600,0,1100,0
activity,0,16.6683,16.6549,1.8760,12894,325,817130300850,1.7984,0.7019,14.8422,16653900,65200,270400,0,1300,0
activity,0,16.6608,16.6680,2.1412,19286,325,817130467399,2.1177,0.6183,14.5389,16636100,187300,535900,0,1700,0
activity,0,16.6719,16.6726,1.8514,12894,326,817130634079,1.9284,0.6237,14.7304,16667700,62100,270200,0,1200,0
activity,0,16.6659,16.6706,1.9200,12894,326,817130800805,2.1162,0.9641,14.5377,16646800,73500,322400,0,1500,0
activity,0,16.6658,16.6509,1.8780,12894,326,817130967511,2.3239,1.3424,14.3123,16649400,75200,286800,0,1100,0
activity,0,16.6665,16.6813,1.9466,12894,325,817131134020,1.6476,0.8831,15.0202,16652400,68400,387600,0,1200,0
activity,0,16.6705,16.6636,2.0961,19286,325,817131300833,1.8324,0.6224,14.8146,16661800,70700,557600,0,1100,0
activity,0,16.6647,16.6645,1.9026,12894,322,817131467469,1.7515,0.7536,14.8981,16647100,68800,277400,0,1800,0
activity,0,16.6650,16.6654,1.8729,12894,326,817131634114,1.9477,0.7838,14.7049,16649700,77500,345800,0,1100,0
activity,0,16.6676,16.6766,2.1473,12894,326,817131800768,2.2191,0.6398,14.4430,16656300,64800,257600,0,1200,0
activity,0,16.6966,16.6611,1.7818,12894,326,817131967534,1.9332,1.0566,14.7140,16686400,63700,281400,0,1200,0
activity,4,16.6630,16.6618,2.1494,31546,326,817132134145,2.0949,0.6582,14.5548,16642700,131700,842200,0,1300,0
activity,0,16.6702,16.6694,1.9057,12366,314,817132300763,1.8119,1.0073,14.8446,16663300,63700,252700,0,1400,0
activity,0,16.6651,16.7005,1.9241,12366,314,817132467457,1.6245,0.9218,15.0621,16645400,67000,334000,0,1300,0
activity,0,16.6863,16.6557,2.0931,12366,314,817132634462,2.1945,0.7370,14.4483,16682400,63800,291300,0,1100,0
activity,0,16.6591,16.6769,1.9712,12366,314,817132801019,1.6324,1.5268,15.0310,16640600,69100,554700,0,1200,0
activity,0,16.6641,16.6591,2.2200,18758,313,817132967788,1.6085,0.9805,15.0370,16641900,62600,603700,0,1100,0
activity,0,16.6678,16.6951,1.9200,12366,314,817133134379,1.6055,0.8620,15.0768,16658200,63700,262100,0,1300,0
activity,0,16.6687,16.6531,1.8719,12366,314,817133301330,2.2580,0.8305,14.3826,16656900,71500,322500,0,1300,0
activity,0,16.6645,16.6592,2.1279,12366,314,817133467861,1.8011,0.6990,14.8407,16646800,70400,279300,0,1400,0
activity,0,16.6688,16.6704,1.8903,12366,313,817133634453,1.7629,0.7407,14.8953,16659200,64700,320900,0,1300,0
activity,0,16.6652,16.6727,2.1555,18758,314,817133801157,2.0070,0.8239,14.6501,16651500,67100,506700,0,1500,0
activity,0,16.6685,16.6592,1.8944,12366,314,817133967884,1.6680,0.7668,14.9789,16659500,68000,259000,0,1100,0
activity,0,16.6694,16.6714,1.9292,12366,314,817134134476,1.8693,0.7604,14.7901,16659800,67700,330300,0,1000,0
activity,0,16.6790,16.6632,2.1023,12366,314,817134301190,1.6954,0.6551,14.9562,16667400,71800,287000,0,1200,0
activity,0,16.6564,16.6714,1.9067,12366,314,817134467822,1.8697,0.8239,14.7898,16638100,77500,384300,0,1600,0
activity,0,16.6655,16.6730,2.9286,18758,311,817134634536,1.9045,0.8806,14.7554,16647300,81500,1115300,0,1400,0
activity,0,16.7067,16.6831,1.9466,12366,314,817134801266,2.1392,0.7785,14.5283,16689500,76000,304800,0,1700,0
activity,0,16.6676,16.6545,1.8094,12366,314,817134968097,2.4358,1.1997,14.2024,16652900,71500,356300,0,1500,0
activity,0,16.6639,16.6637,2.1422,12366,314,817135134642,3.2107,0.7089,13.4367,16639500,74500,297000,0,1400,0
activity,0,16.6683,16.7052,1.8719,12366,314,817135301279,1.9634,1.2530,14.7262,16656800,66800,315700,0,1200,0
activity,0,16.6871,16.6695,2.1555,18758,314,817135468331,2.1324,0.8292,14.5207,16669800,73000,642500,0,1400,0
activity,4,16.6677,16.6553,1.8125,18496,314,817135635026,2.4283,1.7062,14.2112,16655000,101300,544700,0,1400,0
activity,0,16.6694,16.6727,1.9036,12240,314,817135801579,2.4868,0.8171,14.1701,16655800,75000,294600,0,1400,0
activity,0,16.6647,16.6848,2.1053,12240,314,817135968306,2.1509,0.8186,14.5189,16647100,75400,274700,0,1500,0
activity,0,16.6683,16.6709,1.8473,12240,314,817136135154,1.9739,0.7123,14.6812,16657400,66000,320500,0,1200,0
activity,0,16.6682,16.6727,2.1187,18632,314,817136301863,1.8514,0.6480,14.8045,16654600,86900,1644200,0,1600,0
activity,0,16.6646,16.6598,1.8524,12240,313,817136468590,1.9048,1.1280,14.7423,16637500,80500,314500,0,1600,0
activity,0,16.6668,16.6734,1.8125,12240,314,817136635188,1.6854,1.1392,14.9720,16650800,67700,316300,0,1400,0
activity,0,16.6755,16.6711,1.8504,12240,314,817136801922,3.0620,1.2183,13.5927,16662300,64500,265400,0,1300,0
activity,0,16.6692,16.6558,1.8166,12240,314,817136968633,2.1958,1.0963,14.4417,16657900,77600,298900,0,1700,0
activity,0,16.6640,16.6654,2.1289,18632,314,817137135191,1.7773,0.6672,14.8734,16645800,77300,617500,0,1500,0
activity,0,16.6680,16.6765,1.8463,12240,312,817137301845,1.5779,0.7955,15.0846,16658800,65100,318700,0,1200,0
activity,0,16.6670,16.6718,1.8452,12240,314,817137468610,2.2127,0.8092,14.4452,16656100,67000,289500,0,1400,0
activity,0,16.6661,16.6583,1.8268,12240,313,817137635328,2.0983,1.4168,14.5476,16650900,81500,366600,0,1400,0
activity,0,16.7068,16.6703,1.8217,12240,314,817137801911,1.6024,1.0587,15.0564,16693100,72700,320800,0,1500,0
activity,0,16.6676,16.6685,2.1115,18632,313,817137968614,2.1434,1.1448,14.5128,16654500,76300,709000,0,1400,0
activity,0,16.6667,16.6633,1.9681,12240,314,817138135299,1.9132,0.9916,14.7379,16648600,72300,290900,0,1100,0
activity,0,16.6655,16.7095,1.7940,12240,314,817138301932,1.9552,1.3818,14.7380,16652900,67900,300900,0,1200,0
activity,0,16.6689,16.6710,2.1053,12240,314,817138469027,2.0070,0.6498,14.6477,16661700,65000,322200,0,1200,0
activity,0,16.6665,16.6627,1.8555,12240,314,817138635737,1.6914,0.9984,14.9573,16651200,81700,289100,0,1300,0
activity,0,16.6646,16.6632,2.1637,18632,314,817138802364,1.6257,1.0465,15.0272,16647200,74000,741700,0,1500,0
activity,0,16.6720,16.6749,1.7848,12240,314,817138968996,1.5708,0.7548,15.0910,16665400,63600,299800,0,1000,0
activity,4,16.6656,16.6649,1.8227,18382,314,817139135745,1.9721,0.8494,14.6793,16654300,116700,544600,0,1300,0
activity,0,16.6739,16.6586,2.1094,12246,318,817139302394,2.0043,0.9730,14.6431,16661400,74600,265600,0,1300,0
activity,0,16.6660,16.6787,1.9517,12246,319,817139468980,1.5337,0.9154,15.1318,16644800,73200,277300,0,1500,0
activity,0,16.6630,16.6671,2.1105,18638,319,817139635767,1.9842,0.8309,14.6702,16644800,70500,535100,0,1200,0
activity,0,16.6670,16.6766,1.8043,12246,319,817139802438,1.7807,0.8821,14.8809,16661600,61100,255300,0,900,0
activity,0,16.7294,16.6617,1.8371,12246,316,817139969204,1.7482,1.0063,14.8969,16719200,63300,281200,0,1300,0
activity,0,16.6693,16.6570,2.1811,12246,319,817140135821,1.7949,0.7164,14.8500,16646600,64900,247000,0,13800,0
activity,0,16.6662,16.6729,1.7930,12246,319,817140302391,1.3958,0.6340,15.2659,16648700,92000,355900,0,1500,0
activity,0,16.7906,16.7328,2.1719,18638,319,817140469120,1.5320,0.8564,15.1874,16774300,71100,602100,0,1400,0
activity,0,16.6669,16.6664,1.8084,12246,319,817140636448,1.6177,0.9047,15.0290,16651200,66100,253100,0,1300,0
activity,0,16.7302,16.6644,1.9528,12246,319,817140803112,2.4298,0.7829,14.2189,16725900,65700,320200,0,1600,0
activity,0,16.7001,16.7901,1.8043,12246,319,817140969756,2.1404,1.0456,14.6340,16690200,62100,261300,0,1100,0
activity,0,16.6564,16.6651,1.9016,12246,318,817141137657,1.7354,1.2325,14.9159,16623400,68300,239300,0,1100,0
activity,0,16.6670,16.7376,2.0879,18638,319,817141304308,1.6180,0.6636,15.1080,16656800,66500,766700,0,1100,0
activity,0,16.6684,16.7093,1.8350,12246,319,817141471684,1.5008,0.6575,15.1894,16656300,67300,292000,0,1100,0
activity,0,16.6653,16.6398,1.7797,12246,318,817141638777,1.6500,1.2906,14.9734,16645600,67300,315800,0,1200,0
activity,0,16.6671,16.6701,2.1555,12246,319,817141805175,2.0143,0.6172,14.6426,16654900,65700,348600,0,1100,0
activity,0,16.6667,16.6713,1.8156,12246,319,817141971876,1.6828,1.0393,14.9737,16654600,66900,310900,0,1300,0
activity,0,16.6737,16.6586,2.1637,18638,319,817142138589,1.6205,1.0276,15.0252,16667300,62500,518700,0,1100,0
activity,0,16.8042,16.6688,1.7940,12246,319,817142305175,1.7670,1.0879,14.8880,16775800,75600,333800,0,1300,0
activity,0,16.6706,16.6686,1.8422,12246,319,817142471863,1.8789,0.7311,14.7758,16660400,70100,280000,0,1200,0
activity,4,16.6657,16.6849,1.7684,18352,318,817142638549,1.8098,1.1812,14.8576,16650800,116600,595100,0,1400,0
activity,0,16.6680,16.7920,1.8217,12216,324,817142805398,1.8720,0.6955,14.9040,16653500,81500,340600,0,1300,0
activity,0,16.6662,16.6760,2.0961,18608,321,817142973318,1.7687,0.9067,14.8919,16649700,71600,631500,0,1400,0
activity,0,16.6667,16.6644,1.8575,12216,324,817143140078,2.0455,1.1178,14.6055,16650700,71900,282000,0,1400,0
activity,0,16.6658,16.6695,1.7869,12216,323,817143306722,1.7150,0.7490,14.9386,16640500,71800,239000,0,1300,0
activity,0,16.6927,16.6648,1.9497,12216,324,817143473417,1.9127,0.7515,14.7372,16694000,71800,348400,0,1400,0
activity,0,16.6555,16.6758,1.7654,12216,324,817143640065,1.5904,0.5952,15.0605,16608800,68900,257300,0,2100,0
activity,0,16.6667,16.6525,2.1555,18608,323,817143806823,1.6025,1.2185,15.0380,16657100,64000,637000,0,1000,0
activity,0,16.6696,16.7232,1.8463,12216,323,817143973348,2.0995,0.6282,14.5948,16662600,59500,291200,0,900,0
activity,0,16.6769,16.6196,1.9180,12216,323,817144140580,1.8781,0.7005,14.7308,16664500,61500,313900,0,1200,0
activity,0,16.6662,16.6672,1.8780,12216,324,817144306776,1.7551,0.7884,14.9022,16646400,86900,297600,0,1300,0
activity,0,16.6677,16.6758,1.9077,12216,324,817144473448,1.7470,0.6922,14.9158,16654100,75900,289300,0,1400,0
activity,0,16.6629,16.6824,2.1197,18608,324,817144640206,1.9177,0.8006,14.7469,16640900,78000,616200,0,1400,0
activity,0,16.6683,16.6625,1.9292,12216,321,817144807030,2.5601,0.9001,14.0865,16658300,66400,288000,0,1500,0
activity,0,16.6665,16.6702,1.8749,12216,324,817144973655,1.9057,0.8207,14.7486,16654800,61700,297700,0,1300,0
activity,0,17.4285,16.6544,1.8524,12216,324,817145140357,2.0638,0.9703,14.5771,17506800,60600,252400,0,900,0
activity,0,16.6017,16.6689,1.8391,12216,323,817145306901,1.7030,1.0038,14.9554,16341600,117700,396500,0,3300,0
activity,0,16.7055,16.6674,2.1238,18608,324,817145473590,1.5702,0.8390,15.0845,16690600,72100,819600,0,1700,0
activity,0,16.6650,17.5911,1.7766,12216,324,817145640264,1.8281,1.0872,15.6799,16648000,62600,464200,0,1300,0
activity,0,16.6712,16.4376,2.2426,12216,323,817145816175,3.4116,1.0693,12.9293,16666300,57900,386700,0,900,0
activity,0,16.6646,16.7074,1.7869,12216,324,817145980551,2.1513,1.2681,14.5394,16645200,68800,396300,0,1300,0
activity,4,16.6682,16.6607,1.9036,19622,324,817146147625,2.1877,0.9538,14.4604,16657200,225900,730900,0,1400,0
activity,0,16.6660,16.6808,1.8719,19286,324,817146314232,1.7016,1.6603,14.9648,16649100,69500,564400,0,1000,0
activity,0,16.6665,16.6593,1.9261,12894,326,817146481040,1.8107,0.7761,14.8346,16651800,73000,255300,0,1500,0
activity,0,16.6660,16.6692,2.0726,12894,323,817146647633,2.2737,1.2086,14.3836,16651700,67100,288700,0,1200,0
activity,0,16.6668,16.6647,1.8985,12894,326,817146814325,2.2289,0.6709,14.4202,16650200,69300,1361100,870900,1100,0
activity,0,16.6696,16.6658,1.8688,12894,325,817146980972,2.1488,0.8469,14.5030,16659700,66700,252300,0,1100,0
activity,0,16.6660,16.6697,1.9210,19286,324,817147147630,1.6765,0.8491,14.9754,16649300,69100,579700,0,1000,0
activity,0,16.6655,16.6615,1.8688,12894,325,817147314327,2.6478,0.8203,14.0023,16654200,64800,271600,0,1400,0
activity,0,16.6663,16.6742,2.2487,12894,326,817147480942,1.8669,0.8901,14.7929,16650300,65300,273700,0,1200,0
activity,0,16.6662,16.6640,1.8483,12894,325,817147647684,2.2719,0.6291,14.3774,16655800,63200,259800,0,1100,0
activity,0,16.6689,16.6675,1.9005,12894,326,817147814324,1.8247,0.6690,14.8296,16657500,65800,428000,0,1100,0
activity,0,16.7707,16.6609,2.0787,19286,326,817147980999,1.9702,1.0559,14.6802,16756700,65800,541900,0,1000,0
activity,0,16.6658,16.6670,1.9333,12894,326,817148147608,1.6951,0.6795,14.9608,16646500,178100,402400,0,1600,0
activity,0,16.6690,16.6724,2.1842,12894,326,817148314278,1.7497,0.7859,14.9079,16660600,61600,274100,0,1000,0
activity,0,16.6662,16.7720,1.9395,12894,326,817148481002,2.4612,0.9373,14.2956,16649100,69600,311000,0,1200,0
activity,0,16.6685,16.6616,1.8606,12894,326,817148648722,2.5071,0.6127,14.1394,16656200,75400,282800,0,1200,0
activity,0,16.6643,16.6751,1.9057,19286,326,817148815338,1.8654,1.2761,14.7953,16646400,67400,504200,0,1300,0
activity,0,16.6668,16.6646,1.8893,12894,326,817148982089,2.1731,0.7852,14.4761,16654000,67000,279900,0,1600,0
activity,0,16.6668,16.6697,2.2784,12894,325,817149148735,2.0841,0.7909,14.5723,16654100,61400,326600,0,1100,0
activity,0,16.6704,16.6612,1.7766,12894,324,817149315432,2.0099,0.6846,14.6365,16667400,63100,260800,0,1100,0
activity,0,16.6683,16.6656,1.8995,12894,325,817149482044,2.2595,0.6467,14.3945,16646900,74500,301900,0,1500,0
activity,4,16.6633,16.6677,2.1105,31546,326,817149648700,1.9280,0.6164,14.7263,16642300,132900,1180400,0,1500,0
activity,0,16.6676,16.6819,1.8227,12366,314,817149815377,1.7571,0.8136,14.9103,16652500,74500,257100,0,1200,0
activity,0,16.6660,16.6642,2.1381,12366,313,817149982196,2.0759,0.9569,14.5712,16649100,67000,246200,0,1200,0
activity,0,16.6686,16.6606,1.8913,12366,314,817150148838,2.5312,0.6957,14.1114,16659300,65900,272900,0,1100,0
activity,0,16.6664,16.6670,1.8299,12366,314,817150315444,1.7951,0.6240,14.8576,16652000,68000,270200,0,1100,0
activity,0,16.6669,16.6617,1.8371,18758,313,817150482114,1.8694,1.1438,14.7798,16654700,74300,602200,0,1500,0
activity,0,16.6658,16.6726,1.7541,12366,314,817150648731,1.9308,0.7174,14.7285,16648400,74100,316600,0,1600,0
activity,0,16.6660,16.6646,2.1914,12366,313,817150815457,2.1525,1.1691,14.4995,16654000,68500,305300,0,1200,0
activity,0,16.6709,16.6682,1.7900,12366,314,817150982103,1.9782,0.7435,14.6765,16664300,72700,428600,0,1100,0
activity,0,16.6628,16.6617,1.8565,12366,314,817151148785,2.1072,0.5912,14.5412,16643200,77100,261200,0,1400,0
activity,0,16.6666,16.6647,2.1309,18758,314,817151315402,1.5298,0.6463,15.1244,16655100,63300,581500,0,1100,0
activity,0,16.6669,16.6778,1.8412,12366,313,817151482049,1.7310,0.7569,14.9333,16657300,71400,312200,0,1100,0
activity,0,16.6918,16.6560,2.1381,12366,314,817151648827,1.8366,0.6995,14.8067,16692700,72400,272600,0,1300,0
activity,0,16.6584,16.6661,1.8237,12366,313,817151815387,2.0007,0.7588,14.6544,16623400,66600,256100,0,1200,0
activity,0,16.6671,16.6694,1.8586,12366,314,817151982048,2.0650,0.6339,14.5925,16654900,62400,242500,0,1200,0
activity,0,16.6667,16.7134,1.8534,18758,312,817152148742,1.8596,0.9438,14.8333,16679600,62300,684700,0,1300,0
activity,0,16.7546,16.6337,1.8074,12366,313,817152315876,1.7379,0.6127,14.8855,16710600,102400,249100,0,2400,0
activity,0,16.6605,16.6676,2.1709,12366,301,817152482213,1.9217,0.9820,14.7333,16638600,67800,255500,0,1300,0
activity,0,16.6681,16.6981,1.7879,12366,314,817152648889,2.0153,0.6545,14.6646,16658900,58700,227500,0,900,0
activity,0,16.6654,16.7306,1.9528,12366,314,817152815870,2.1858,0.6443,14.5249,16652000,67600,318700,0,1400,0
activity,0,16.6655,16.6522,2.1299,18758,314,817152983176,1.5609,0.7246,15.0778,16653100,67500,530000,0,1100,0
activity,4,16.6674,16.6729,1.7930,18496,313,817153149698,1.6250,1.2680,15.0339,16659000,89400,532400,0,1000,0
activity,0,16.6677,16.6628,2.1064,12240,313,817153316427,1.5874,0.8693,15.0647,16656500,63400,240600,0,1100,0
activity,0,16.6676,16.6631,1.8319,12240,314,817153483055,1.9078,0.7728,14.7455,16657400,61200,242200,0,1100,0
activity,0,16.6664,16.6691,1.7930,12240,314,817153649686,1.7738,0.7790,14.8852,16654000,68600,268800,0,1400,0
activity,0,16.6685,16.6667,2.1821,18632,313,817153816377,1.5343,0.6039,15.1222,16657700,68500,534000,0,1200,0
activity,0,16.6650,16.6708,1.7920,12240,313,817153983044,1.5761,0.6973,15.0815,16652000,63000,252900,0,1200,0
activity,0,16.7562,16.6651,2.1688,12240,314,817154149752,1.6509,0.9055,15.0031,16743300,75800,337600,0,1100,0
activity,0,16.6676,16.6689,1.7910,12240,313,817154316403,1.8107,0.6052,14.8470,16657900,63500,287400,0,1100,0
activity,0,16.6682,16.6660,1.8268,12240,313,817154483092,1.6709,0.7340,14.9813,16660300,65800,254800,0,1000,0
activity,0,16.6680,16.7536,1.8985,18632,314,817154649752,1.8393,1.0268,14.9040,16654700,64100,556700,0,1100,0
activity,0,16.6824,16.6693,1.9395,12240,314,817154817288,1.8212,0.7818,14.8368,16663400,74600,385800,0,1500,0
activity,0,16.6674,16.6730,2.3972,12240,314,817154983981,1.7218,1.1651,14.9386,16654600,67100,254000,0,1200,0
activity,0,16.6653,16.6687,1.8166,12240,314,817155150711,1.8144,1.1117,14.8404,16651600,61900,257000,0,1100,0
activity,0,16.6718,16.6767,1.8104,12240,308,817155317398,2.2426,0.8357,14.4209,16667100,63200,314800,0,1200,0
activity,0,16.6617,16.6670,1.9825,18632,314,817155484165,1.6240,0.7617,15.0307,16637100,72700,609000,0,1300,0
activity,0,16.6682,16.6641,1.8289,12240,314,817155650835,1.5434,1.0062,15.1083,16661700,64200,358500,0,1100,0
activity,0,16.6691,16.6806,2.1289,12240,314,817155817476,1.5659,0.8131,15.1014,16657100,70600,272800,0,1000,0
activity,0,16.6655,16.6507,1.7766,12240,313,817155984282,2.0368,0.8713,14.6004,16650500,68600,259600,0,1400,0
activity,0,16.6678,16.6744,1.8381,12240,314,817156150789,2.0828,0.6634,14.5791,16655100,64900,243300,0,1100,0
activity,0,16.6696,16.6713,2.1228,18632,313,817156317533,1.8419,0.8018,14.8154,16658000,72700,666300,0,1500,0
activity,0,16.6662,16.6647,1.8545,12240,314,817156484246,1.4734,0.6245,15.1771,16646300,93100,273000,0,1600,0
activity,4,16.6655,16.6685,2.1217,18382,313,817156650893,1.5501,0.8116,15.1051,16650400,111400,584400,0,1300,0
activity,0,16.6633,16.6736,1.8524,12246,319,817156817578,2.1043,0.6819,14.5538,16644400,74800,278900,0,1300,0
activity,0,16.6681,16.6617,1.8033,12246,319,817156984314,2.0655,0.8989,14.5810,16659200,62700,238600,0,1100,0
activity,0,16.6693,16.6664,2.1381,18638,319,817157150931,2.0407,0.6746,14.6098,16658400,58500,635500,0,1200,0
activity,0,16.6636,16.6565,1.8606,12246,318,817157317595,1.8605,0.7634,14.7838,16649800,69500,328300,0,1300,0
activity,0,16.6685,16.6695,2.1514,12246,319,817157484160,1.5544,1.3010,15.1050,16658900,63200,405400,0,1200,0
activity,0,16.6679,16.6710,1.8442,12246,319,817157650855,1.9548,1.5495,14.7037,16656700,63000,238900,0,1000,0
activity,0,16.6679,16.6623,2.1228,12246,319,817157817565,1.8607,1.5609,14.7892,16654200,71400,413300,0,1300,0
activity,0,16.6661,16.6705,1.8964,18638,319,817157984188,1.9478,0.8837,14.7113,16654500,68700,509100,0,1400,0
activity,0,16.6643,16.6688,1.8350,12246,319,817158150893,1.5547,1.1246,15.1022,16645200,67800,247700,0,1400,0
activity,0,16.6691,16.6662,2.1064,12246,319,817158317581,1.9330,1.0393,14.7213,16661700,64100,286700,0,1300,0
activity,0,16.6660,16.6706,1.8790,12246,319,817158484243,1.9128,0.9003,14.7417,16652500,65700,346100,0,1300,0
activity,0,16.6690,16.6559,1.8463,12246,319,817158650949,1.7263,0.7518,14.9189,16659400,84300,398400,0,1100,0
activity,0,16.6813,16.6737,2.1514,18638,316,817158817508,1.6557,0.8912,15.0061,16679700,65300,585200,0,1200,0
activity,0,16.6522,16.6647,1.7879,12246,319,817158984245,1.7922,0.6832,14.8603,16625600,63100,307100,0,1000,0
activity,0,16.6656,16.6727,2.1443,12246,319,817159150892,1.9462,1.1893,14.7132,16655700,61100,347600,0,1000,0
activity,0,16.6695,16.6921,1.8678,12246,319,817159317619,1.8201,1.0433,14.8597,16657300,60800,256400,0,1100,0
activity,0,16.6675,16.6360,1.9313,12246,319,817159484540,1.5619,0.6152,15.0638,16657300,67200,302000,0,1400,0
activity,0,16.6674,16.6670,1.8678,18638,319,817159650900,1.7110,0.7005,14.9449,16644600,81800,600100,0,1600,0
activity,0,16.6639,16.6741,1.9169,12246,319,817159817570,1.6717,0.9200,14.9857,16643700,70600,260000,0,1800,0
activity,0,16.6670,16.6750,2.0562,12246,319,817159984311,1.8054,1.0546,14.8521,16656000,64900,259600,0,1300,0
activity,4,16.6665,16.6617,1.8964,18352,319,817160151061,2.2158,0.8404,14.4289,16652700,129500,760300,0,1500,0
activity,0,16.6702,16.6558,1.8739,12216,323,817160317678,1.7624,0.6676,14.8813,16660800,76100,234800,0,1000,0
activity,0,16.6635,16.6709,1.9354,18608,323,817160484236,1.7186,1.0651,14.9376,16638400,72200,1005100,0,1400,0
activity,0,16.6692,16.6655,1.9057,12216,324,817160650945,2.4608,0.7004,14.1919,16661500,58400,372400,0,1200,0
activity,0,16.6669,16.6752,2.1135,12216,324,817160817600,1.8655,0.9921,14.7954,16650800,65600,237900,0,1200,0
activity,0,16.6675,16.6552,1.8698,12216,323,817160984352,2.4986,1.3369,14.1398,16652700,78200,303000,0,1500,0
activity,0,16.6645,16.6773,1.8227,12216,324,817161150904,1.7794,0.6831,14.8822,16646400,73300,328200,0,1400,0
activity,0,16.6690,16.6647,1.8586,18608,324,817161317677,1.7171,1.1295,14.9339,16659200,62600,624500,0,1100,0
activity,0,16.6654,16.6679,1.9139,12216,324,817161484324,1.7738,1.0709,14.8792,16646300,74900,275800,0,1200,0
activity,0,16.6653,16.6583,2.1176,12216,324,817161651003,1.6758,1.2425,14.9707,16651300,64800,246500,0,1000,0
activity,0,16.6680,16.6752,1.9302,12216,324,817161817586,1.7255,0.9002,14.9339,16657100,61100,229300,0,1000,0
activity,0,16.6685,16.6613,1.8821,12216,323,817161984338,1.8247,0.8519,14.8217,16659500,62800,246500,0,900,0
activity,0,16.6657,16.6649,2.1166,18608,324,817162150951,1.5186,0.5952,15.1327,16650500,65900,523800,0,1300,0
activity,0,16.6683,16.6673,1.8862,12216,324,817162317600,1.4799,0.8332,15.1773,16656600,62500,242900,0,1500,0
activity,0,16.6697,16.6719,2.1873,12216,324,817162484273,1.5380,0.9800,15.1216,16657300,74400,282800,0,1400,0
activity,0,16.6672,16.6645,1.8668,12216,323,817162650992,1.7860,1.1105,14.8645,16650800,80000,342700,0,1600,0
activity,0,16.6669,16.6729,1.9098,12216,323,817162817637,1.6838,1.1128,14.9730,16650400,79400,288000,0,1800,0
activity,0,16.6664,16.6722,1.8852,18608,322,817162984366,1.9162,1.2947,14.7412,16647400,74300,552700,0,1500,0
activity,0,16.6644,16.6667,1.9343,12216,324,817163151088,1.8878,0.6989,14.7631,16644800,69300,705400,0,1500,0
activity,0,16.6679,16.6673,2.2190,12216,324,817163317755,1.9358,0.9144,14.7147,16653200,69500,456400,0,1200,0
activity,0,16.6790,16.6658,1.9395,12216,324,817163484428,1.8987,0.9133,14.7489,16664400,66200,361500,0,1400,0
activity,0,16.6648,16.6619,1.9026,12216,323,817163651086,2.4763,0.8647,14.1686,16649300,66900,281900,0,1500,0
activity,4,16.6680,16.6682,2.1391,26014,324,817163817705,2.3543,0.6361,14.2990,16653100,215000,817200,0,1900,0
activity,0,16.6671,16.6805,1.8627,12894,326,817163984387,1.7588,0.9176,14.9057,16652300,75200,345600,0,1700,0
activity,0,16.6671,16.6636,2.1279,12894,326,817164151192,1.6380,1.3119,15.0115,16649800,70800,351800,0,1300,0
activity,0,16.6772,16.6675,1.7981,12894,326,817164317828,2.1235,1.1290,14.5297,16661700,72000,333700,0,1600,0
activity,0,16.6705,16.6676,1.9466,12894,326,817164484503,1.6830,1.1890,14.9694,16653800,72800,376600,0,1500,0
activity,0,16.6627,16.6685,1.7971,19286,325,817164651179,1.8064,1.0064,14.8435,16646600,70700,2354600,957700,1300,0
activity,0,16.6673,16.6776,1.8268,12894,326,817164817864,1.8705,1.3743,14.7914,16652600,80200,684100,0,1300,0
activity,0,16.6677,16.6687,2.1002,12894,326,817164984640,2.1426,1.3673,14.5112,16651900,86800,272200,0,1600,0
activity,0,16.6652,16.6627,1.8340,12894,326,817165151327,2.9850,1.0771,13.6618,16645800,67700,341700,0,1300,0
activity,0,16.6657,16.6675,1.8688,12894,326,817165317954,2.4884,0.6386,14.1643,16648900,63500,336300,0,1300,0
activity,0,16.6680,16.6693,1.8166,19286,326,817165484629,1.7769,1.1827,14.8750,16658100,64500,695200,0,1200,0
activity,0,16.6645,16.6622,1.7797,12894,326,817165651322,1.8540,0.7592,14.7919,16643300,76400,318600,0,1800,0
activity,0,16.7397,16.6638,2.1238,12894,326,817165817944,2.0704,0.9065,14.5786,16729900,71000,275000,0,1300,0
activity,0,16.6546,16.6729,1.8033,12894,326,817165984582,2.0344,1.0568,14.6238,16640400,74800,265400,0,1200,0
activity,0,16.6676,16.6569,1.8442,12894,325,817166151311,2.3211,0.8499,14.3223,16653100,67100,263800,0,1500,0
activity,0,16.6633,16.7429,2.0838,19286,325,817166317880,1.9306,0.6729,14.7994,16644100,74200,561400,0,1700,0
activity,0,16.6692,16.6563,1.8473,12894,325,817166485309,1.9194,0.8059,14.7211,16660400,64900,308400,0,1300,0
activity,0,16.6645,16.6679,2.0716,12894,325,817166651872,2.1384,0.8777,14.5149,16646200,72600,434700,0,1600,0
activity,0,16.6662,16.6559,1.8176,12894,326,817166818551,2.5123,0.9335,14.1318,16653100,66300,294100,0,1800,0
activity,0,16.6664,16.6734,1.7961,12894,326,817166985110,2.3373,0.8581,14.3232,16657700,60500,286100,0,1000,0
activity,0,16.6675,16.6611,1.9425,19286,326,817167151844,2.6077,0.7639,14.0385,16657100,60300,611100,0,900,0
activity,4,16.6694,16.6637,1.7930,25296,326,817167318455,2.0556,0.5968,14.5976,16663200,116300,763000,0,1100,0
activity,0,16.6664,16.6670,2.1504,12380,314,817167485092,1.6982,1.1385,14.9596,16651800,68700,275800,0,1200,0
activity,0,16.6659,16.6670,1.8033,12380,314,817167651762,1.9129,0.8121,14.7442,16650200,69400,510700,0,1300,0
activity,0,16.6662,16.6759,1.8401,12380,314,817167818432,2.4939,0.7380,14.1695,16654600,63900,250700,0,900,0
activity,0,16.6682,16.6665,1.8708,18772,314,817167985191,2.0922,0.8068,14.5599,16659700,62800,649500,0,1100,0
activity,0,16.6654,16.6612,1.8719,12380,314,817168151856,2.4294,0.8940,14.2207,16650800,65800,278100,0,1200,0
activity,0,16.6677,16.6648,2.1207,12380,314,817168318468,1.8600,0.8550,14.7946,16657800,67200,261100,0,1100,0
activity,0,16.6675,16.6714,1.8258,12380,312,817168485116,1.8811,0.8025,14.7787,16655400,66800,375000,0,1300,0
activity,0,16.6658,16.6638,1.7746,12380,313,817168651830,1.9783,0.6926,14.6725,16652200,70300,300100,0,1000,0
activity,0,16.6706,16.6692,1.8739,18772,314,817168818468,2.1400,0.7730,14.5180,16664800,63600,740700,0,1100,0
activity,0,16.6678,16.6670,1.8135,12380,314,817168985160,2.0399,1.1012,14.6156,16653500,74100,272800,0,1200,0
activity,0,16.6619,16.6641,2.1064,12380,314,817169151830,1.8057,1.3067,14.8466,16634800,82200,264100,0,2100,0
activity,0,16.6720,16.6787,1.7848,12380,312,817169318471,1.9764,0.9231,14.6886,16668300,57000,295700,0,1100,0
activity,0,16.6678,16.6681,1.8524,12380,314,817169485258,1.8887,0.6324,14.7648,16653200,68600,282900,0,1300,0
activity,0,16.6678,16.6503,2.1473,18772,314,817169651939,2.0895,0.6933,14.5452,16661700,103300,1501800,0,2200,0
activity,0,16.6644,16.6826,1.8371,12380,310,817169818442,1.7982,0.7913,14.8702,16627200,83900,411100,0,2600,0
activity,0,16.6661,16.6738,1.8115,12380,313,817169985268,2.4000,1.0105,14.2534,16647900,72300,264000,0,1300,0
activity,0,16.6678,16.6812,1.8555,12380,314,817170152006,3.5647,0.8648,13.0973,16654300,70000,279700,0,1600,0
activity,0,16.6663,16.6453,1.8196,12380,314,817170318818,2.8544,0.6746,13.7729,16653000,73900,288700,0,1300,0
activity,0,16.6637,16.6644,2.1617,18772,314,817170485271,1.8152,0.7298,14.8327,16644000,74300,636800,0,1300,0
activity,0,16.6672,16.6685,1.7869,12380,314,817170651915,1.8605,0.9161,14.7940,16655900,78700,320000,0,1300,0
activity,0,16.6701,16.6676,2.1647,12380,314,817170818600,2.3411,0.8512,14.3121,16666100,58500,236100,0,1100,0
activity,4,16.6692,16.6557,1.7992,18638,314,817170985276,2.1536,1.0687,14.4905,16654900,113100,845800,0,1500,0
activity,0,16.6667,16.6665,1.8801,12254,314,817171151833,1.9969,0.6029,14.6591,16653200,71300,258300,0,1800,0
activity,0,16.6670,16.6788,1.7859,18646,314,817171318498,1.6613,0.9117,15.0050,16651400,82000,902600,0,1600,0
activity,0,16.6668,16.6691,1.8483,12254,313,817171485286,2.2890,0.6397,14.3660,16650000,90600,294000,0,2000,0
activity,0,16.6658,16.6686,2.1125,12254,314,817171651977,2.1117,0.9204,14.5415,16650200,75800,273200,0,1400,0
activity,0,16.6662,16.6674,1.9149,12254,314,817171818663,2.3897,0.7641,14.2619,16649100,74100,333100,0,1200,0
activity,0,16.6675,16.6658,1.8883,12254,314,817171985337,2.4132,0.7365,14.2369,16652300,70300,271000,0,1300,0
activity,0,16.6660,16.6660,2.1740,18646,313,817172151995,1.9052,0.7833,14.7450,16652600,65100,498000,0,1400,0
activity,0,16.6657,16.6640,1.8094,12254,314,817172318655,1.9237,0.7050,14.7255,16651200,79900,355900,0,1700,0
activity,0,16.6662,16.6655,2.1576,12254,314,817172485295,1.7845,0.8035,14.8678,16652600,77500,275000,0,1200,0
activity,0,16.6696,16.6652,1.8964,12254,314,817172651950,2.0161,0.8473,14.6366,16662900,63900,350700,0,1100,0
activity,0,16.6684,16.6642,1.9343,12254,313,817172818602,2.4960,0.6983,14.1554,16656600,71200,305900,0,1300,0
activity,0,16.6654,16.6637,1.8708,18646,313,817172985244,1.9276,0.8858,14.7250,16646500,79000,691000,0,1600,0
activity,0,16.6636,16.6758,1.8186,12254,314,817173151881,2.0175,0.7279,14.6455,16646700,70900,277800,0,1000,0
activity,0,16.6689,16.6709,2.0644,12254,314,817173318639,2.0806,0.8742,14.5761,16661200,59900,241400,0,1100,0
activity,0,16.6671,16.6610,1.9620,12254,314,817173485348,2.1729,0.6778,14.4737,16655800,69700,298800,0,1300,0
activity,0,16.6663,16.6580,1.8995,12254,313,817173651958,2.0031,0.5755,14.6435,16650000,74100,378100,0,1500,0
activity,0,16.6664,16.6730,1.9180,18646,314,817173818538,1.5954,0.9780,15.0659,16654700,70900,690400,0,1400,0
activity,0,16.6657,16.6694,1.8657,12254,314,817173985268,2.1349,1.2223,14.5210,16649400,76100,297900,0,1600,0
activity,0,16.6667,16.6628,2.1545,12254,314,817174151962,2.0220,1.4110,14.6281,16654900,64000,278800,0,1300,0
activity,0,16.6691,16.6683,1.7797,12254,314,817174318590,2.1467,0.7471,14.5080,16661700,65200,356200,0,1100,0
activity,4,16.6655,16.6616,1.9180,18524,312,817174485273,2.0414,0.6096,14.6080,16651800,101100,553500,0,1100,0
activity,0,16.6662,16.6664,1.8575,76183,319,817174651889,1.7896,0.7139,14.8653,16653400,62500,1073600,0,1200,0
activity,0,16.6695,16.6731,1.9436,12260,319,817174818553,1.9591,0.8451,14.7026,16663400,60200,233000,0,1300,0
activity,0,16.6687,16.6633,2.0920,12260,319,817174985284,1.9055,1.4523,14.7465,16656200,70700,257400,0,1200,0
activity,0,16.6660,16.6645,1.9272,12260,317,817175151917,2.1933,0.6141,14.4601,16650100,66100,350500,0,1200,0
activity,0,16.6674,16.6754,1.8842,12260,319,817175318562,1.8951,0.6410,14.7684,16654000,71800,293000,0,1200,0
activity,0,16.6687,16.6702,2.1944,18652,318,817175485316,1.7311,0.7307,14.9252,16654400,69800,582200,0,1400,0
activity,0,16.6661,16.6662,1.8760,12260,318,817175652018,1.9534,0.6400,14.6969,16650100,73500,345200,0,1400,0
activity,0,16.6688,16.6682,2.1115,12260,319,817175818680,1.7512,1.0866,14.9029,16653200,75000,337600,0,1300,0
activity,0,16.6662,16.6706,1.8616,12260,319,817175985362,1.8244,1.2198,14.8302,16645600,84500,512200,0,2000,0
activity,0,16.6657,16.6664,1.9446,12260,318,817176152068,1.8679,1.1109,14.7825,16646100,78400,367600,0,1400,0
activity,0,16.6670,16.6721,2.0787,18652,319,817176318732,1.7420,0.8135,14.9112,16652400,73100,609400,0,1500,0
activity,0,16.6666,16.6650,1.8975,12260,317,817176485453,2.0425,1.2411,14.6033,16650700,75100,304800,0,1500,0
activity,0,16.6650,16.6619,2.1811,12260,319,817176652103,1.9662,0.9146,14.6801,16647700,68600,286600,0,1300,0
activity,0,16.6674,16.6675,1.9272,12260,317,817176818722,2.1172,0.7798,14.5352,16655500,62900,253500,0,1000,0
activity,0,16.6661,16.6650,1.8801,12260,319,817176985397,1.8351,0.6656,14.8156,16652000,77000,258700,0,1200,0
activity,0,16.6657,16.6617,2.1555,18652,318,817177152047,1.6529,0.6588,14.9949,16651800,72100,664800,0,1400,0
activity,0,16.6675,16.6684,1.8616,12260,318,817177318664,1.6654,0.6164,14.9902,16655900,69300,286300,0,1300,0
activity,0,16.6662,16.6645,1.8186,12260,318,817177485348,1.4877,0.8716,15.1644,16653000,65900,264700,0,1400,0
activity,0,16.6686,16.6637,1.7654,12260,318,817177651993,2.0151,0.6734,14.6367,16658800,68400,397900,0,1300,0
activity,0,16.6786,16.6686,1.9456,12260,318,817177818630,1.8600,0.6180,14.7959,16676100,68900,297000,0,1300,0
activity,0,16.6576,16.6653,2.1473,18652,319,817177985316,1.7053,0.8717,14.9479,16633400,77200,766700,0,1800,0
activity,4,16.6671,16.6718,1.9415,18494,318,817178151969,2.0579,0.7471,14.6009,16654300,150400,636500,0,1800,0
activity,0,16.6668,16.6905,2.0931,12230,324,817178318687,2.3020,0.8571,14.3743,16651800,72700,284200,0,1400,0
activity,0,16.6678,16.6477,1.8350,12230,324,817178485592,2.3052,0.9083,14.3284,16653700,75800,279200,0,1300,0
activity,0,16.6663,16.6677,1.8401,12230,324,817178652069,2.4145,0.7973,14.2399,16651600,71300,286200,0,1500,0
activity,0,16.6674,16.6652,2.1627,18622,324,817178818746,1.7454,0.7361,14.9064,16653500,72700,562100,0,1400,0
activity,0,16.6645,16.6696,1.8002,12230,324,817178985398,1.7540,0.6740,14.8999,16647500,78900,301800,0,1500,0
activity,0,16.6651,16.6658,1.8698,12230,324,817179152094,1.8405,0.7728,14.8114,16649000,69300,269600,0,1100,0
activity,0,16.6674,16.6689,1.8053,12230,324,817179318752,1.8615,0.7836,14.7921,16653600,70000,263600,0,1200,0
activity,0,16.6673,16.6624,1.8442,12230,323,817179485441,1.7258,0.7179,14.9218,16659100,61700,331700,0,1300,0
activity,0,16.6686,16.6606,1.8043,18622,324,817179652065,1.6339,0.7903,15.0151,16656500,68200,537200,0,1200,0
activity,0,16.6668,16.6653,1.8135,12230,324,817179818671,1.6869,1.0378,14.9667,16657700,68500,306900,0,1200,0
activity,0,16.6647,16.6711,2.0961,12230,324,817179985324,1.5771,0.9210,15.0821,16644900,73400,389400,0,1300,0
activity,0,16.6696,16.6693,1.8002,12230,323,817180152035,1.9466,0.9093,14.7100,16659200,69500,247400,0,1200,0
activity,0,16.6657,16.6732,1.7715,12230,324,817180318728,1.8633,1.0323,14.7945,16650200,66700,254500,0,1100,0
activity,0,16.6647,16.6567,2.5088,18622,323,817180485460,1.7505,0.7623,14.8944,16650500,68000,645400,0,1100,0
activity,0,16.6669,16.6725,1.8125,12230,324,817180652027,1.7731,0.6305,14.8862,16657900,59800,317000,0,900,0
activity,0,16.6697,16.6622,2.1473,12230,324,817180818752,1.9493,1.2674,14.7008,16662700,57700,595000,0,1100,0
activity,0,16.7039,16.6612,1.7828,12230,323,817180985374,2.0287,0.7493,14.6219,16691400,70700,283300,0,1200,0
activity,0,16.6648,16.6676,1.8299,12230,324,817181151986,1.7125,1.1209,14.9455,16647900,68500,292800,0,1000,0
activity,0,16.7484,16.6762,2.0859,18622,323,817181318662,2.0946,0.7965,14.5682,16738400,70300,546100,0,1300,0
activity,0,16.6663,16.7044,1.8156,12230,323,817181485424,1.7283,0.6421,14.9631,16653400,69900,290800,0,1400,0
activity,0,16.6666,16.6605,1.7777,12230,322,817181652468,1.6995,0.7689,14.9483,16654800,68400,266400,0,1500,0
activity,4,16.6672,16.7511,1.8391,19764,324,817181819073,1.7884,0.6498,14.9500,16655200,206800,547900,0,1300,0
activity,0,16.6667,16.6652,1.8074,12908,324,817181986584,1.9280,0.7194,14.7255,16652700,74700,1637500,1090500,1500,0
activity,0,16.7608,16.6668,1.8350,19300,325,817182153236,1.6560,0.7963,14.9989,16746600,73300,817700,0,1300,0
activity,0,16.6675,16.6694,1.7910,12908,326,817182319904,1.9799,0.8205,14.6754,16654700,70300,290200,0,1400,0
activity,0,16.6707,16.6660,2.1135,12908,324,817182486598,2.9220,0.9329,13.7309,16655500,78500,319100,0,1800,0
activity,0,16.6616,16.7600,1.7684,12908,325,817182653258,2.4791,0.7103,14.2676,16646800,68300,286000,0,1300,0
activity,0,16.7697,16.6691,1.8463,12908,326,817182820858,2.0961,0.7659,14.5587,16761400,64900,266700,0,1100,0
activity,0,16.6682,16.6688,1.7848,19300,325,817182987549,2.2729,0.8145,14.3827,16658500,69600,595700,0,1400,0
activity,0,16.6644,16.6589,1.8483,12908,326,817183154237,1.8746,0.5837,14.7723,16642900,78000,301700,0,1800,0
activity,0,16.6686,16.7744,2.0910,12908,326,817183320826,1.7128,0.8076,15.0488,16657200,70800,386700,0,1300,0
activity,0,16.6656,16.6740,1.8483,12908,325,817183488570,1.9006,0.9014,14.7580,16649300,73800,315900,0,1400,0
activity,0,16.6668,16.6567,1.7766,12908,326,817183655310,2.0453,0.7848,14.5977,16654400,69200,281500,0,1400,0
activity,0,16.6677,16.6712,1.8176,19300,325,817183821877,2.0445,0.8024,14.6127,16655900,68600,763900,0,1300,0
save_load,3,16.6647,16.6631,1.8647,118480,322,817183988589,2.0864,0.6154,14.5630,16643700,170700,5976700,0,1600,0
save_load,0,16.7090,16.6657,2.1094,18288,332,817184155220,1.8332,0.8262,14.8212,16704800,33200,767700,0,1300,0
save_load,0,16.6601,16.6759,2.1135,18288,332,817184321877,2.2308,2.4421,14.4252,16640300,32400,817600,0,1200,0
save_load,0,16.6659,16.6557,1.8493,18288,334,817184488636,5.2807,0.8634,11.3632,16649600,32900,1038600,0,1200,0
save_load,0,16.6649,16.7187,1.7900,18288,329,817184655193,2.2153,0.8480,14.4896,16650600,32500,688600,0,1300,0
save_load,0,16.6684,16.6531,1.8504,18288,333,817184822380,2.0770,0.8540,14.5634,16660300,29500,750400,0,1100,0
save_load,0,16.6666,16.6640,2.0818,18288,333,817184988911,2.4118,0.8531,14.2379,16654900,32600,891600,0,1400,0
save_load,0,16.6668,16.6613,1.8033,18288,334,817185155551,1.9903,0.7597,14.6604,16653900,31300,564500,0,1100,0
save_load,0,16.6671,16.6715,1.7695,18288,333,817185322164,1.9660,0.9340,14.6942,16656600,32100,914500,0,1000,0
save_load,0,16.6657,16.6666,1.8350,18288,334,817185488879,2.1549,0.8362,14.5000,16655500,33400,769300,0,1300,0
save_load,0,16.6677,16.6653,1.8903,18288,334,817185655545,1.9148,0.7913,14.7394,16653900,31600,794000,0,1300,0
save_load,0,16.6661,16.6684,2.1678,18288,332,817185822198,2.2874,0.7683,14.3693,16652700,33000,804900,0,1200,0
save_load,0,16.6704,16.6674,1.8842,18288,330,817185988882,2.0178,0.8324,14.6377,16662800,31600,1304700,0,1300,0
save_load,0,16.6684,16.6656,1.9180,18288,333,817186155556,2.0402,0.7705,14.6141,16655600,34600,1174800,0,1400,0
save_load,0,16.6648,16.6643,1.8893,18288,332,817186322212,2.0545,0.7858,14.5983,16648100,36700,981300,0,1400,0
save_load,0,16.6668,16.6767,1.9087,18288,332,817186488855,2.4233,0.8142,14.2396,16652800,37400,842100,0,1300,0
save_load,0,16.6690,16.6705,2.0818,18288,334,817186655622,2.4296,0.9594,14.2262,16655900,37900,857500,0,1400,0
save_load,0,16.6674,16.6627,1.9159,18288,334,817186822327,2.7968,0.9741,13.8515,16652600,39600,664400,0,1300,0
save_load,0,16.6669,16.6671,1.8156,18288,334,817186988954,2.3998,0.8745,14.2530,16647400,49400,595700,0,1400,0
save_load,0,16.6648,16.6714,1.9200,18288,333,817187155625,2.3609,0.9458,14.2952,16647100,34800,701800,0,1300,0
save_load,0,16.6660,16.6685,1.8565,18288,333,817187322339,2.2891,1.1343,14.3636,16650700,38700,769800,0,1300,0
save_load,0,16.6672,16.6643,2.1596,18288,334,817187489024,1.9097,0.8676,14.7379,16653900,33200,717700,0,1000,0
save_load,0,16.6686,16.6644,1.8883,18288,333,817187655667,2.4412,0.8369,14.2061,16655600,34900,623700,0,1200,0
save_load,0,16.6669,16.6637,1.8156,18288,334,817187822311,2.2406,0.7739,14.4102,16651200,35500,718300,0,1800,0
save_load,0,16.6671,16.6674,1.8821,18288,334,817187988948,2.1032,1.1366,14.5509,16653200,34700,988600,0,1400,0
save_load,0,16.6662,16.6706,1.8299,18288,334,817188155622,2.1183,1.2806,14.5377,16651400,35400,1169500,0,1400,0
save_load,0,16.6689,16.6657,2.1166,18288,334,817188322328,2.7616,1.0768,13.8897,16657000,33400,769000,0,1300,0
save_load,0,16.6689,16.6686,1.9128,18288,329,817188488985,2.4183,0.9319,14.2351,16654300,36800,1135400,0,1400,0
save_load,0,16.6673,16.6645,1.8186,18288,334,817188655671,2.3150,0.9494,14.3365,16649200,41500,881700,0,1700,0
save_load,0,16.6685,16.6740,1.9548,18288,333,817188822316,2.3129,1.0826,14.3442,16651400,39800,889200,0,2000,0
save_load,0,16.7217,16.6705,1.8913,18288,334,817188989056,2.9424,0.8687,13.7121,16684000,75500,941900,0,2100,0
save_load,0,16.6659,16.6684,2.1514,18288,334,817189155761,2.3709,0.9745,14.2785,16646400,41100,1537800,0,1700,0
save_load,0,16.6683,16.6717,1.7848,18288,334,817189322445,2.7681,1.0499,13.8837,16652000,40700,825000,0,1900,0
save_load,0,16.6660,16.7184,2.2313,18288,334,817189489162,3.2437,1.0207,13.4403,16644500,44900,841300,0,1900,0
save_load,0,16.6701,16.6640,1.8934,18288,332,817189656346,2.8801,0.9375,13.7664,16649200,39000,796700,0,2000,0
save_load,0,16.6652,16.6720,1.9292,18288,333,817189822986,2.6489,0.9722,14.0031,16641000,39900,921800,0,2200,0
save_load,0,16.6647,16.6644,2.0992,18288,334,817189989706,2.5307,1.3780,14.1139,16651700,36400,942600,0,1900,0
save_load,0,16.6686,16.6710,1.9149,18288,333,817190156350,2.4551,1.0380,14.1942,16642900,40000,812700,0,2000,0
save_load,0,16.6665,16.6619,1.8985,18288,334,817190323060,2.6635,0.8867,13.9776,16647300,38300,686000,0,1800,0
save_load,0,16.6645,16.6716,1.9108,18288,333,817190489679,2.5614,0.9410,14.0904,16638400,53700,781800,0,2200,0
save_load,0,16.6669,16.6628,2.2303,18288,334,817190656395,2.4573,0.9342,14.1857,16649600,37400,791800,0,1500,0
save_load,0,16.6679,16.6723,2.1289,18288,334,817190823023,2.2888,1.3347,14.3587,16647000,37600,767100,0,1500,0
save_load,0,16.6661,16.6573,1.8944,18288,334,817190989746,2.3667,0.8568,14.2719,16648200,35900,779900,0,1500,0
save_load,0,16.6679,16.6673,1.8125,18288,334,817191156319,2.5697,0.9175,14.0800,16653800,39100,771600,0,1500,0
save_load,0,16.6887,16.6647,1.7981,18288,333,817191322992,2.5186,1.0032,14.1285,16669900,41200,752800,0,2100,0
save_load,0,16.6531,16.6667,1.9210,18288,334,817191489639,2.4652,0.9890,14.1832,16628800,36500,858800,0,1600,0
save_load,0,16.6667,16.6703,2.0992,18288,334,817191656306,2.6150,1.4009,14.0388,16649800,38200,855700,0,1500,0
save_load,0,16.6695,16.6914,1.8432,18288,334,817191823009,3.0087,1.2982,13.6612,16652200,39800,1137500,0,1600,0
save_load,0,16.6717,16.6478,1.7910,18288,334,817191989923,2.6346,0.9414,13.9943,16654800,39200,926900,0,1800,0
save_load,0,16.6714,16.6680,1.8473,18288,334,817192156401,2.4190,1.0453,14.2309,16655200,39700,1175800,0,1900,0
save_load,0,16.6608,16.6696,1.7951,18288,334,817192323081,2.7849,1.1195,13.8677,16637400,44300,1790400,0,1600,0
save_load,0,16.6667,16.6737,1.8094,18288,333,817192489777,2.6484,1.0467,14.0066,16649700,36500,784500,0,1200,0
save_load,0,16.6663,16.6735,1.7848,18288,333,817192656514,3.1185,1.2426,13.5369,16652200,39700,758600,0,1300,0
save_load,0,16.6712,16.6554,1.8565,18288,334,817192823249,3.3648,0.7883,13.2728,16658400,34100,613600,0,1300,0
save_load,0,16.6657,16.6652,1.7900,18288,334,817192989803,2.0562,0.7946,14.5936,16646600,35000,671300,0,1600,0
save_load,0,16.6670,16.6667,1.8012,18288,334,817193156455,2.0851,0.8779,14.5672,16650800,38400,837700,0,1900,0
save_load,0,16.6659,16.6749,2.0797,18288,334,817193323122,2.0605,0.8327,14.5982,16649000,38700,570300,0,1600,0
save_load,0,16.6678,16.6654,1.9231,18288,334,817193489871,2.3820,0.9915,14.2647,16648400,36300,866500,0,1700,0
save_load,0,16.6657,16.6660,1.8053,18288,333,817193656525,2.7886,0.9179,13.8622,16649900,36700,670100,0,1600,0
save_load,0,16.6666,16.6664,1.9354,18288,333,817193823185,2.1996,0.9550,14.4497,16652100,34300,659200,0,1000,0
save_load,1,16.6817,16.6659,1.7818,49272,334,817193989849,2.4163,0.8201,14.2322,16680300,8501600,977000,0,2000,0
save_load,0,16.6538,16.6656,2.1719,18138,334,817194156508,2.0821,0.8306,14.5680,16605900,34500,957500,0,1400,0
save_load,0,16.6656,16.6677,1.7951,18138,333,817194323164,2.0299,1.4008,14.6224,16651700,38500,747900,0,1600,0
save_load,0,16.9908,16.7079,1.8176,18138,334,817194489841,10.5091,1.0136,6.1714,16990300,35800,673700,0,1300,0
save_load,0,16.6544,16.6254,1.8657,18138,334,817194656920,2.2058,1.2671,14.4003,16621000,33100,1594400,758300,1300,0
save_load,0,16.6674,16.6675,1.8545,18138,334,817194823174,2.1658,1.1204,14.4859,16651500,35200,768500,0,1400,0
save_load,0,16.6672,17.0071,2.0449,18138,334,817194989849,1.8827,0.7965,15.1079,16655500,36800,734800,0,1500,0
save_load,0,16.6678,16.6362,1.8196,18138,334,817195159920,2.8841,0.8623,13.7370,16651500,41500,920900,0,1700,0
save_load,0,16.6660,16.6656,2.1238,18138,333,817195326282,2.1033,1.2518,14.5483,16648400,35300,650600,0,1400,0
save_load,0,16.6727,16.6712,1.8760,18138,334,817195492938,2.5402,0.9399,14.1156,16651600,36100,627100,0,1500,0
save_load,0,16.6665,16.6673,1.7879,18138,334,817195659650,2.5884,1.2210,14.0633,16657100,29400,793700,0,1000,0
save_load,0,16.6668,16.6648,2.1033,18138,334,817195826323,2.0375,0.8725,14.6110,16652900,34100,665000,0,1200,0
save_load,0,16.6700,16.6634,1.7797,18138,333,817195992971,1.9837,0.7726,14.6680,16664100,31700,772600,0,1100,0
save_load,0,16.6678,16.6697,2.1432,18138,333,817196159605,2.0805,1.1276,14.5768,16655900,34300,1329600,0,1300,0
save_load,0,16.6658,16.6645,1.7930,18138,334,817196326302,2.0889,0.8436,14.5642,16647000,39700,1219700,0,1700,0
save_load,0,16.6725,16.6769,1.8289,18138,334,817196492947,1.9775,0.9920,14.6868,16657200,34900,662200,0,1300,0
save_load,0,16.6599,16.6714,1.7838,18138,334,817196659716,2.9556,1.1563,13.7007,16645400,34100,689300,0,1600,0
save_load,0,16.6682,16.6628,1.8360,18138,334,817196826430,2.7418,1.0283,13.9054,16656400,32200,760900,0,1200,0
save_load,0,16.6676,16.6707,2.0879,18138,334,817196993058,2.2834,1.1723,14.3739,16656400,35200,674600,0,1200,0
save_load,0,16.6667,16.6569,1.8749,18138,334,817197159765,2.0527,0.7645,14.5927,16651500,33700,781700,0,1600,0
save_load,0,16.6671,16.6688,1.8422,18138,333,817197326334,2.0588,1.1088,14.5977,16654500,33900,936900,0,1600,0
save_load,0,16.6652,16.6705,2.1565,18138,334,817197493022,2.1367,0.8442,14.5198,16650700,39900,865600,0,1400,0
save_load,0,16.6680,16.6641,1.7736,18138,334,817197659727,2.1662,0.9568,14.4853,16656400,32600,720800,0,1300,0
save_load,0,16.6683,16.6674,2.1289,18138,334,817197826368,2.4127,0.9418,14.2418,16658000,33600,695200,0,1400,0
save_load,0,16.6651,16.6629,1.8135,18138,333,817197993042,2.3467,0.9838,14.3042,16649900,33700,713400,0,1500,0
save_load,0,16.6679,16.6688,1.8555,18138,334,817198159671,2.2017,0.7958,14.4548,16654700,31600,715600,0,1300,0
save_load,0,16.6671,16.6718,2.1166,18138,334,817198326359,2.4314,0.7638,14.2268,16656400,30700,648000,0,1200,0
save_load,0,16.6701,16.6625,1.8401,18138,332,817198493077,1.9996,0.7332,14.6504,16661200,33000,984700,0,1600,0
save_load,0,16.6670,16.6664,1.7900,18138,331,817198659702,2.0186,0.6724,14.6362,16647100,38300,758100,0,1900,0
save_load,0,16.6735,16.6704,1.8135,18138,332,817198826366,1.9406,1.0238,14.7159,16593100,39400,1494300,0,1900,0
save_load,0,16.6629,16.6783,1.7766,18138,334,817198993070,2.3487,0.9492,14.3127,16643100,147700,1289300,0,2800,0
save_load,0,16.6656,16.7320,1.9456,18138,334,817199159853,2.6306,1.2382,14.0166,16619000,57400,746100,0,3000,0
save_load,0,16.6701,16.6190,1.8166,18138,333,817199327173,3.1086,1.1699,13.4847,16652800,41100,938000,0,2200,0
save_load,0,16.6695,16.6743,2.1402,18138,334,817199493363,3.4728,1.0278,13.1708,16653100,42000,1261800,0,1800,0
save_load,0,16.6623,16.6441,1.8821,18138,334,817199660106,2.8995,1.2309,13.7199,16627300,51200,863500,0,2700,0
save_load,0,16.6672,16.6722,1.8678,18138,334,817199826547,3.2105,1.2519,13.4425,16644600,41100,1005900,0,2100,0
save_load,0,16.6661,16.6797,1.7910,18138,334,817199993269,2.9903,1.6327,13.6631,16647400,45300,958200,0,2100,0
save_load,0,16.6686,16.6517,1.9364,18138,333,817200160066,3.4699,1.3800,13.1577,16655200,40600,1563800,0,1900,0
save_load,0,16.6686,16.6651,2.3777,18138,334,817200326583,2.9260,1.6989,13.7188,16640000,46600,665800,0,1900,0
save_load,0,16.6636,16.6688,1.8350,18138,334,817200493234,3.1403,1.2990,13.5074,16638600,47300,914700,0,2300,0
save_load,0,16.6664,16.6761,1.8801,18138,333,817200659922,3.2670,1.0757,13.3884,16647300,39300,1200700,0,1700,0
save_load,0,16.6680,16.6634,2.1565,18138,333,817200826683,2.5407,1.4235,14.0994,16650900,36700,1586900,0,1700,0
save_load,0,16.6670,16.6573,1.8852,18138,334,817200993317,2.7039,1.2244,13.9350,16647800,36700,1044900,0,1700,0
save_load,0,16.6657,16.6648,2.2364,18138,333,817201159890,2.7276,0.9788,13.9199,16645500,40800,850500,0,2100,0
save_load,0,16.6661,16.6691,1.8831,18138,333,817201326538,3.1007,0.9930,13.5503,16650900,36900,664400,0,1800,0
save_load,0,16.6655,16.6687,1.9016,18138,333,817201493229,2.4039,1.3478,14.2442,16649200,37100,788100,0,1600,0
save_load,0,16.6662,16.6616,2.1596,18138,333,817201659916,2.8443,0.8703,13.8013,16650200,37100,763000,0,1600,0
save_load,0,16.6660,16.6667,1.9200,18138,334,817201826532,2.1606,1.3242,14.4903,16651200,36100,762100,0,1300,0
save_load,0,16.6676,16.6636,1.8821,18138,334,817201993199,2.5374,0.9147,14.1118,16656300,33800,712200,0,1300,0
save_load,0,16.6664,16.6637,1.9118,18138,334,817202159835,2.2144,1.0086,14.4359,16653600,33900,747200,0,1100,0
save_load,0,16.6680,16.6638,1.8801,18138,334,817202326472,2.2186,0.7802,14.4326,16654100,34800,1073600,0,1200,0
save_load,0,16.6666,16.6693,1.9231,18138,331,817202493110,2.0522,1.6814,14.6041,16652600,33300,729200,0,1500,0
save_load,0,16.6666,16.6670,1.8883,18138,334,817202659803,2.1558,0.8452,14.4979,16653700,36900,817200,0,1300,0
save_load,0,16.6668,16.6675,2.1514,18138,333,817202826473,2.4014,0.8505,14.2528,16656100,33000,741100,0,1500,0
save_load,0,16.6696,16.6655,1.8780,18138,334,817202993148,2.1324,0.8552,14.5203,16661200,33300,705400,0,1200,0
save_load,0,16.6637,16.6648,1.9016,18138,334,817203159803,1.9621,0.8402,14.6916,16646900,33900,619800,0,1400,0
save_load,0,16.7514,16.6674,2.0767,18138,334,817203326451,1.8731,0.7908,14.7832,16744200,37200,844300,0,1200,0
save_load,0,16.6663,16.6749,1.8524,18138,334,817203493125,1.9426,0.9245,14.7188,16645700,35400,857300,0,1600,0
save_load,0,16.6684,16.6606,2.2016,18138,334,817203659874,2.1397,0.9531,14.5072,16656300,35500,556100,0,1300,0
save_load,0,16.6657,16.7587,1.8770,18138,334,817203826480,2.2483,0.9251,14.4959,16650400,34000,643700,0,1400,0
save_load,2,19.5606,16.6593,0.0000,65410,334,817203994067,2.3702,0.9961,14.2754,19537800,16362200,1005000,0,2200,0
save_load,0,16.6681,16.6704,2.1156,18248,178,817204160660,1.9431,1.1192,14.7133,16666200,30800,963700,0,1700,0
save_load,0,16.6672,16.6650,2.2057,18248,520,817204327364,2.0168,7.0780,14.6337,16653400,34200,787300,0,1200,0
save_load,0,16.6707,19.5520,2.2508,18248,517,817204494014,19.5297,5.7721,0.0083,16662200,33500,597100,0,1200,0
save_load,0,16.6630,16.6746,2.1883,18248,521,817204689534,2.3593,0.9112,14.3069,16635000,37600,707100,0,1700,0
save_load,0,16.6694,16.6654,2.4678,18248,521,817204856280,2.0892,0.9515,14.5643,16660900,33500,631000,0,1200,0
save_load,0,16.6672,16.6833,2.2262,18248,520,817205022934,2.0867,1.0081,14.5756,16653100,34700,655700,0,1500,0
save_load,0,16.6666,16.6509,3.0116,18248,520,817205189767,2.3713,1.1221,14.2637,16650800,36100,628700,0,1400,0
save_load,0,16.6676,16.6751,2.2067,18248,520,817205356276,2.1331,1.0264,14.5279,16653100,36200,729400,0,1400,0
save_load,0,16.6662,16.6677,2.2569,18248,520,817205523027,2.2826,0.9746,14.3706,16648400,38400,953200,0,1900,0
save_load,0,16.6678,16.6660,2.8969,18248,521,817205689704,2.0494,1.0117,14.6015,16656600,35700,639700,0,1300,0
save_load,0,16.6675,16.6685,2.2436,18248,521,817205856364,2.2444,1.0931,14.4089,16654700,37200,734800,0,1600,0
save_load,0,16.6698,16.6634,2.4197,18248,518,817206023049,2.4851,1.0419,14.1635,16638100,37200,634100,0,1500,0
save_load,0,16.6639,16.6718,2.3009,18248,521,817206189683,2.0739,1.1665,14.5828,16633200,40500,806600,0,1900,0
save_load,0,16.6662,16.6826,2.1678,18248,520,817206356401,2.5632,1.3816,14.0918,16646100,38000,780200,0,1500,0
save_load,0,16.6651,16.6568,2.1914,18248,521,817206523227,2.6600,1.2033,13.9783,16648300,35800,775800,0,1400,0
save_load,0,16.6639,16.6621,2.1299,18248,521,817206689795,3.0650,0.9713,13.5682,16648200,32200,817000,0,1200,0
save_load,0,16.6671,16.6628,2.5518,18248,519,817206856416,2.6943,1.0340,13.9520,16658600,28400,562900,0,1000,0
save_load,0,16.6684,16.6616,2.1043,18248,521,817207023044,2.3747,0.9927,14.2737,16658900,27900,546000,0,1000,0
save_load,0,16.6671,16.6578,2.2753,18248,519,817207189660,2.3524,1.2211,14.2958,16656400,32700,788100,0,1200,0
save_load,0,16.7576,16.6680,2.1043,18248,521,817207356238,2.0122,0.9504,14.6465,16742100,33800,886500,0,1300,0
save_load,0,16.7098,16.6702,2.2456,18248,521,817207522918,2.4223,0.9420,14.2367,16699600,32200,601900,0,1100,0
save_load,0,16.6653,16.6710,2.7023,18248,521,817207689620,2.4049,0.9304,14.2515,16647100,40000,2905500,880000,1300,0
save_load,0,16.6669,16.7556,2.2610,18248,521,817207856330,2.4249,1.3236,14.3172,16653100,33600,650900,0,1400,0
save_load,0,16.6686,16.7147,2.4361,18248,519,817208023886,2.5340,0.9987,14.1656,16657000,32700,702700,0,1200,0
save_load,0,16.6676,16.6620,2.6307,18248,521,817208191033,3.7502,0.9635,12.8968,16654000,35100,966900,0,1400,0
save_load,0,16.6720,16.6667,2.2395,18248,521,817208357653,2.4848,0.9691,14.1685,16664600,37400,693500,0,1700,0
save_load,0,16.6618,16.6709,2.4955,18248,521,817208524320,2.1834,0.9729,14.4737,16632100,54000,871500,0,2400,0
save_load,0,16.6684,16.6697,2.1156,18248,520,817208691029,2.5163,1.1406,14.1378,16653400,38000,806300,0,1500,0
save_load,0,16.6667,16.6829,2.6266,18248,520,817208857726,2.6013,1.2094,14.0634,16650800,35900,696900,0,1500,0
save_load,0,16.6650,16.6508,2.2180,18248,521,817209024555,3.1427,1.0313,13.4896,16647300,35600,725300,0,1300,0
save_load,0,16.6674,16.6690,2.2067,18248,521,817209191063,2.6659,1.4854,13.9878,16653300,35800,829100,0,1400,0
save_load,0,16.6651,16.6673,2.3869,18248,521,817209357753,2.6209,0.9788,14.0300,16648100,35400,610200,0,1400,0
save_load,0,16.6694,16.6611,2.2047,18248,521,817209524426,2.3623,1.0378,14.2852,16659500,33100,666500,0,1200,0
save_load,0,16.6660,16.6673,2.2282,18248,516,817209691037,2.8936,1.3751,13.7598,16646900,33400,606500,0,1500,0
save_load,0,16.6703,16.6624,2.1791,18248,521,817209857710,2.3073,1.0452,14.3408,16661600,34800,770300,0,1400,0
save_load,0,16.6650,16.6750,2.0767,18248,519,817210024334,2.8598,1.3755,13.7998,16648100,37900,813100,0,1600,0
save_load,0,16.6642,16.6614,2.9737,18248,516,817210191084,2.2563,0.9225,14.3907,16646200,33400,1371300,0,1500,0
save_load,0,16.6675,16.6765,2.2620,18248,520,817210357698,2.3243,0.9855,14.3375,16658800,35000,747300,0,1300,0
save_load,0,16.6685,16.6635,2.4842,18248,517,817210524463,2.5393,1.1231,14.1088,16653600,32800,725500,0,1200,0
save_load,0,16.6652,16.6595,2.5733,18248,521,817210691098,2.9708,1.0097,13.6755,16647200,37300,605800,0,1400,0
save_load,0,16.6671,16.6712,2.2897,18248,521,817210857693,2.3454,0.9363,14.3136,16656900,33100,844000,0,1400,0
save_load,0,16.6674,16.6686,2.5436,18248,521,817211024405,2.2186,1.1533,14.4352,16653500,34600,608800,0,1300,0
save_load,0,16.6675,16.6605,2.2589,18248,521,817211191091,2.3565,1.0142,14.2907,16653300,36100,929700,0,1500,0
save_load,0,16.6665,16.6690,2.1207,18248,521,817211357696,2.8101,1.1570,13.8468,16653100,91700,860400,0,1700,0
save_load,0,16.6636,16.6679,2.5068,18248,519,817211524386,2.6466,1.1506,14.0071,16647300,34900,689200,0,1300,0
save_load,0,16.6707,16.6676,2.2579,18248,520,817211691065,2.7490,1.2302,13.9044,16666600,31900,759900,0,1000,0
save_load,0,16.6673,16.6656,2.4801,18248,519,817211857741,2.9046,1.0246,13.7486,16653300,40500,919500,0,1700,0
save_load,0,16.6658,16.6578,2.1043,18248,520,817212024397,2.4512,0.9813,14.1960,16647600,35600,1132200,0,1400,0
save_load,0,16.6690,16.6790,2.5027,18248,521,817212190975,2.6954,1.0539,13.9712,16653500,35700,799700,0,1500,0
save_load,0,16.6718,16.6684,2.2477,18248,521,817212357765,2.9220,1.3251,13.7313,16655000,38200,663700,0,1500,0
save_load,0,16.7206,16.6661,2.2405,18248,520,817212524449,3.0961,0.9563,13.5515,16715900,38700,764800,0,1400,0
save_load,0,16.6607,16.6692,2.8447,18248,521,817212691110,2.7583,1.4616,13.8953,16631400,31800,707600,0,1100,0
save_load,0,16.6689,16.6728,2.2477,18248,520,817212857802,2.8540,1.0122,13.8011,16658800,34900,803700,0,1200,0
save_load,0,16.6621,16.7325,2.2323,18248,520,817213024530,2.9356,0.8553,13.7805,16640500,38600,784000,0,1900,0
save_load,0,16.6671,16.6441,2.6307,18248,517,817213191855,2.2397,1.5329,14.3917,16655800,33100,795700,0,1300,0
save_load,0,16.6663,16.6744,2.2190,18248,519,817213358296,2.6184,1.2036,14.0405,16663900,32400,698300,0,1100,0
save_load,0,16.6674,16.6534,2.5344,18248,520,817213525040,2.8970,0.9633,13.7436,16646900,32400,714500,0,1300,0
save_load,0,16.6661,16.6678,2.2426,18248,518,817213691574,2.5171,0.9450,14.1388,16652500,33200,897100,0,1500,0
save_load,0,16.6716,16.6749,2.2538,18248,521,817213858252,2.4270,0.8851,14.2369,16663800,30600,677100,0,1000,0
save_load,1,16.6615,16.6593,2.1268,39795,520,817214025001,2.2088,1.3517,14.4381,16638900,8680800,770900,0,1500,0
save_load,0,16.6700,16.6641,2.2845,18138,521,817214191594,2.8002,1.0085,13.8522,16660300,29900,589000,0,1000,0
save_load,0,16.6662,16.6792,2.2436,18138,521,817214358235,2.4104,1.1159,14.2535,16648600,36800,630700,0,1600,0
save_load,0,16.6668,16.6542,2.2077,18138,520,817214525027,10.7858,1.2823,5.8532,16654800,31800,527300,0,1000,0
save_load,0,16.6664,16.6750,2.4771,18138,520,817214691569,1.9054,1.0725,14.7549,16654000,30700,524200,0,1200,0
save_load,0,16.6683,16.6626,2.2948,18138,517,817214858319,2.2262,1.2998,14.4225,16654700,30100,532000,0,1100,0
save_load,0,16.6680,16.6686,2.2405,18138,521,817215024945,1.9112,0.9371,14.7437,16654200,31700,540000,0,1200,0
save_load,0,16.6667,16.6661,2.9399,18138,519,817215191631,1.9248,1.0995,14.7294,16652100,34600,851100,0,1400,0
save_load,0,16.6671,16.6692,2.1944,18138,521,817215358292,1.9401,0.8532,14.7147,16651300,41300,857200,0,1300,0
save_load,0,16.6661,16.6690,2.5293,18138,518,817215524984,2.0854,1.5296,14.5690,16650200,33200,569900,0,1100,0
save_load,0,16.6662,16.6691,2.6890,18138,521,817215691674,2.4085,1.3597,14.2437,16649700,35500,574800,0,1100,0
save_load,0,16.6659,16.6664,2.2057,18138,521,817215858365,2.6483,0.8410,14.0030,16649700,134300,870700,0,1400,0
save_load,0,16.6666,16.6641,2.7331,18138,521,817216025029,1.9411,1.3265,14.7093,16651900,34600,688000,0,1100,0
save_load,0,16.7979,16.6653,2.2600,18138,521,817216191670,2.2287,1.0909,14.4212,16799900,33500,595600,0,1100,0
save_load,0,16.6573,16.6647,2.4719,18138,520,817216358323,2.7349,1.5274,13.9148,16612300,32700,568100,0,1200,0
save_load,0,16.6659,16.6670,2.2907,18138,521,817216524970,2.1141,0.8887,14.5378,16647000,32200,791600,0,1200,0
save_load,0,16.6649,16.8282,2.2016,18138,521,817216691640,2.0542,0.9368,14.7459,16646300,33500,512700,0,1200,0
save_load,0,16.6763,16.6327,2.5221,18138,521,817216859922,2.0670,1.3554,14.5454,16677200,30900,572700,0,1000,0
save_load,0,16.6583,16.6627,2.2620,18138,520,817217026249,2.2502,1.1892,14.3969,16619600,62700,1853300,0,3200,0
save_load,0,16.6669,16.6594,2.7290,18138,520,817217192876,2.1163,1.3428,14.5299,16654700,35400,671400,0,1400,0
save_load,0,16.6669,16.6974,2.1033,18138,520,817217359470,1.9759,1.8138,14.7014,16654400,31600,585900,0,1100,0
save_load,0,16.6717,16.6387,2.2845,18138,521,817217526444,4.1259,1.3411,12.4937,16666700,31900,537800,0,1300,0
save_load,0,16.6633,16.6666,2.6726,18138,521,817217692831,2.3368,0.9863,14.3180,16640600,36000,842200,0,1500,0
save_load,0,16.6660,16.6661,2.2528,18138,521,817217859497,2.0160,1.3757,14.6384,16652400,39600,792100,0,1500,0
save_load,0,16.6788,16.6830,2.4054,18138,520,817218026158,2.0733,1.0658,14.5935,16664600,32600,690000,0,1100,0
save_load,0,16.6669,16.6551,2.7249,18138,520,817218192988,2.4394,1.0810,14.2014,16653600,32200,618700,0,1300,0
save_load,0,16.6673,16.6648,2.1586,18138,521,817218359539,2.5147,1.6922,14.1378,16653200,34800,654500,0,1700,0
save_load,0,16.6653,16.6803,2.4402,18138,521,817218526187,2.3700,1.2270,14.2947,16648900,32900,517500,0,1300,0
save_load,0,16.6678,16.6688,2.2170,18138,520,817218692990,2.1220,1.0941,14.5317,16657800,30200,584700,0,1100,0
save_load,0,16.6713,16.6678,2.5569,18138,521,817218859678,2.4158,1.1674,14.2374,16660900,35400,622900,0,1000,0
save_load,0,16.6672,16.6610,2.2600,18138,521,817219026356,2.2111,1.4005,14.4379,16646700,32500,615200,0,1400,0
save_load,0,16.6658,16.6696,2.2753,18138,520,817219192966,2.0914,0.9098,14.5665,16652700,31200,1065100,0,1100,0
save_load,0,16.6674,16.6789,2.4852,18138,521,817219359662,2.3789,1.0372,14.2821,16652400,32800,731000,0,1200,0
save_load,0,16.6665,16.6612,2.1862,18138,520,817219526451,2.2114,1.2248,14.4355,16653400,35600,1003600,0,1600,0
save_load,0,16.6680,16.6666,2.7914,18138,521,817219693063,2.6656,1.2425,13.9872,16655000,32900,528500,0,1200,0
save_load,0,16.6665,16.6657,2.2344,18138,521,817219859729,2.3280,1.3484,14.3246,16646800,34400,768100,0,1500,0
save_load,0,16.6646,16.6672,2.0992,18138,521,817220026386,2.5842,1.0258,14.0694,16645500,33900,573200,0,1300,0
save_load,0,16.6656,16.6716,2.9757,18138,521,817220193058,1.8625,1.5748,14.7926,16648200,35800,632100,0,1200,0
save_load,0,16.6700,16.6652,2.2385,18138,518,817220359774,2.3098,0.9923,14.3370,16657000,29900,551200,0,1000,0
save_load,0,16.6640,16.6612,2.4730,18138,520,817220526426,2.0692,1.1544,14.5764,16659600,29400,640500,0,1200,0
save_load,0,16.6684,16.6623,2.5590,18138,520,817220693038,2.3891,0.9115,14.2592,16653200,36200,824300,0,1500,0
save_load,0,16.6687,16.6688,2.2385,18138,517,817220859661,1.9303,0.9569,14.7267,16655800,31600,710400,0,1100,0
save_load,0,16.6654,16.6703,2.4330,18138,521,817221026349,3.0297,1.2536,13.6300,16646700,35100,1757200,878600,1400,0
save_load,0,16.6657,16.6653,2.5876,18138,519,817221193052,2.8476,1.3809,13.8057,16648700,33100,757800,0,1400,0
save_load,0,16.6687,16.6718,2.4596,18138,518,817221359705,2.2612,1.0054,14.3947,16656400,31300,578100,0,1200,0
save_load,0,16.6653,16.6637,2.2825,18138,521,817221526423,3.6892,1.0523,12.9577,16649200,34900,627500,0,1600,0
save_load,0,16.6670,16.6639,2.1453,18138,519,817221693060,2.3339,0.9580,14.3148,16654200,37500,818500,0,1200,0
save_load,0,16.6683,16.6705,2.4596,18138,520,817221859699,2.0928,1.0882,14.5637,16654700,33100,1092200,0,1200,0
save_load,0,16.6657,16.6612,2.1340,18138,521,817222026404,2.4732,0.9737,14.1760,16648500,33300,884300,0,1600,0
save_load,0,16.6688,16.6682,2.9317,18138,521,817222193016,2.4219,1.0046,14.2324,16657400,32300,597800,0,1200,0
save_load,0,16.6674,16.6704,2.2149,18138,521,817222359698,2.7786,1.0879,13.8762,16651700,33300,785700,0,1300,0
save_load,0,16.6657,16.6640,2.2436,18138,511,817222526402,2.8213,1.1926,13.8273,16649900,35600,1018300,0,1400,0
save_load,0,16.6652,16.6728,2.8396,18138,521,817222693042,2.2958,0.9714,14.3618,16650600,33200,696300,0,1200,0
save_load,0,16.6662,16.6687,2.2917,18138,520,817222859770,2.3180,1.1078,14.3338,16654600,31600,519000,0,1000,0
save_load,0,16.6661,16.6638,2.4474,18138,519,817223026457,2.8302,0.9095,13.8199,16653300,32900,633600,0,1100,0
save_load,0,16.6670,16.6616,2.6409,18138,521,817223193095,2.2432,1.0400,14.4075,16659200,27400,572500,0,900,0
save_load,0,16.6714,16.6654,2.1268,18138,520,817223359711,2.0868,0.8915,14.5679,16668200,29000,734900,0,1200,0
save_load,0,16.6639,16.6627,2.5344,18138,521,817223526365,2.1083,1.1456,14.5450,16641000,37600,1363700,0,1900,0
save_load,0,16.6694,16.6681,2.2221,18138,521,817223692992,2.2238,0.8992,14.4355,16659400,33400,688400,0,1400,0
save_load,0,16.6694,16.6817,2.4842,18138,521,817223859673,2.4115,2.4191,14.2569,16654700,32900,524800,0,1800,0
save_load,2,16.6658,16.6572,2.2108,43074,520,817224026490,3.5524,1.0066,13.0887,16648800,624600,606800,0,1400,0
save_load,0,16.6653,16.6720,2.1832,18248,514,817224193062,2.4678,1.3620,14.1917,16647200,35600,789300,0,1400,0
save_load,0,16.6657,16.6711,2.4678,18248,521,817224359782,2.5362,0.9749,14.1186,16649200,33900,817100,0,1300,0
save_load,0,16.6913,16.6654,2.2610,18248,521,817224526493,2.8991,1.3400,13.7498,16680900,34600,760100,0,1200,0
save_load,0,16.6666,16.6641,2.4453,18248,521,817224693147,2.6690,0.9506,13.9785,16653400,33600,691300,0,1100,0
save_load,0,16.6708,16.6629,2.1606,18248,521,817224859788,2.6403,1.2666,14.0090,16661700,32600,1230300,0,1300,0
save_load,0,16.6659,16.6935,2.1289,18248,520,817225026417,2.7383,0.9402,13.9429,16645100,37400,848200,0,1600,0
save_load,0,16.6666,16.6647,2.6409,18248,521,817225193352,2.1063,1.0799,14.5472,16652300,35200,697600,0,1300,0
save_load,0,16.6678,16.6781,2.1166,18248,521,817225359999,2.8951,1.1921,13.7667,16652400,38000,1041800,0,1600,0
save_load,0,16.6769,16.6623,2.5733,18248,517,817225526780,2.8758,1.5935,13.7694,16665700,33400,651700,0,1200,0
save_load,0,16.6569,16.6678,2.1361,18248,521,817225693403,2.7946,1.1006,13.8577,16636500,35200,952000,0,1500,0
save_load,0,16.6674,16.6675,2.2712,18248,519,817225860081,3.0070,0.9649,13.6455,16654900,34100,754600,0,1500,0
save_load,0,16.6650,16.6821,2.4556,18248,519,817226026756,2.7119,1.0244,13.9540,16647900,37200,597200,0,1300,0
save_load,0,16.6665,16.6508,2.2764,18248,517,817226193577,2.6684,0.9580,13.9684,16650600,32800,586600,0,1100,0
save_load,0,16.6722,16.6700,3.2829,18248,520,817226360085,2.3777,1.3795,14.2774,16666400,30000,545000,0,1000,0
save_load,0,16.6593,16.6618,2.2712,18248,519,817226526785,2.3006,0.9618,14.3473,16628500,46600,906200,0,2000,0
save_load,0,16.7975,16.6634,2.2753,18248,521,817226693403,2.0692,0.9944,14.5815,16792200,33400,947300,0,1100,0
save_load,0,16.6655,16.6829,2.2682,18248,521,817226860037,1.9785,1.8043,14.6880,16635600,104200,725600,0,1600,0
save_load,0,16.6676,16.6469,2.1504,18248,518,817227026866,3.0859,1.3947,13.5427,16651400,34900,752100,0,1200,0
save_load,0,16.6635,16.8085,2.9368,18248,521,817227193335,2.9538,1.0010,13.8385,16643300,35900,729700,0,1400,0
save_load,0,16.6859,16.6598,2.2467,18248,521,817227361420,2.8059,1.0274,13.8299,16682300,29700,760800,0,1100,0
save_load,0,16.6635,16.6668,2.2835,18248,521,817227528018,2.7549,1.5120,13.8965,16642800,40900,870900,0,2900,0
save_load,0,16.6688,16.6565,2.8867,18248,521,817227694686,2.2110,1.2342,14.4322,16661000,28300,595300,0,1000,0
save_load,0,16.7796,16.6947,2.2682,18248,521,817227861251,2.0367,1.1048,14.6455,16780900,30500,615300,0,1200,0
save_load,0,16.6546,16.6543,2.5027,18248,521,817228028198,2.9188,1.5075,13.7240,16617500,29600,536400,0,1400,0
save_load,0,16.6714,16.6744,2.6614,18248,521,817228194741,1.7336,1.0449,14.9276,16667900,27800,636500,0,900,0
save_load,0,16.6667,16.8003,2.2415,18248,519,817228361485,2.0899,0.8272,14.6912,16647600,43100,1008100,0,2600,0
save_load,0,16.6634,16.6271,2.5457,18248,521,817228529488,2.2571,0.8313,14.3604,16641100,35200,616500,0,1400,0
save_load,0,16.6681,16.6811,2.1996,18248,521,817228695759,2.2562,1.0979,14.4119,16659700,27700,802600,0,800,0
save_load,0,16.6676,16.6673,2.5027,18248,518,817228862570,2.7983,1.1725,13.8493,16654500,32600,761300,0,1100,0
save_load,0,16.6700,16.6546,2.2385,18248,520,817229029243,2.1016,0.9811,14.5395,16656600,34700,623100,0,1400,0
save_load,0,16.6633,16.6722,2.1975,18248,521,817229195789,2.1799,1.5329,14.4798,16641100,38600,801800,0,2000,0
save_load,0,16.6686,16.6703,2.4945,18248,519,817229362511,2.4062,1.1017,14.2485,16656000,30900,525200,0,1200,0
save_load,0,16.7924,16.6745,2.2385,18248,520,817229529214,2.4007,1.1480,14.2560,16779800,32800,794800,0,1200,0
save_load,0,16.6570,16.6559,2.4269,18248,521,817229695959,3.1688,1.0232,13.4724,16636700,33800,756200,0,2200,0
save_load,0,16.6699,16.6699,2.2733,18248,518,817229862518,2.1809,1.1755,14.4752,16658900,34600,730800,0,1200,0
save_load,0,16.6653,16.7964,2.2548,18248,517,817230029217,2.6763,1.0926,14.1037,16648300,35100,669100,0,1500,0
save_load,0,16.6691,16.6522,2.9573,18248,520,817230197181,2.9418,1.1321,13.6951,16657000,38700,716400,0,1400,0
save_load,0,16.6672,16.6759,2.2333,18248,521,817230363703,2.7700,1.0600,13.8890,16648400,36300,870800,0,1600,0
save_load,0,16.6650,16.6630,2.5231,18248,518,817230530462,2.5466,0.9508,14.1017,16644700,35500,582600,0,1500,0
save_load,0,16.7069,16.6722,2.2589,18248,521,817230697092,2.2286,1.0647,14.4286,16700200,39500,796600,0,1300,0
save_load,0,16.6658,16.6667,2.2569,18248,521,817230863814,2.5261,1.0538,14.1223,16641100,35800,750900,0,1300,0
save_load,0,16.6670,16.6614,2.4207,18248,520,817231030481,2.1504,0.9687,14.4944,16783200,47400,666400,0,1500,0
save_load,0,16.6656,16.7157,2.2958,18248,519,817231197095,2.2128,0.9934,14.4876,16516800,35000,667200,0,1300,0
save_load,0,16.6672,16.6573,2.9112,18248,521,817231364252,2.7303,1.0675,13.9109,16654200,39900,601000,0,1100,0
save_load,0,16.6673,16.7987,2.4771,18248,521,817231530825,2.6779,0.9949,14.1053,16654100,33400,737800,0,1100,0
save_load,0,16.7121,16.5323,2.1965,18248,520,817231698812,2.2937,1.3574,14.2232,16713000,35800,701600,0,1300,0
save_load,0,16.7830,16.6672,2.5743,18248,521,817231864135,2.3264,0.9036,14.3278,16768200,28900,718300,0,900,0
save_load,0,16.6544,16.6661,2.2456,18248,521,817232030807,2.2374,0.9796,14.4168,16599300,30000,537000,0,1200,0
save_load,0,16.6646,16.7328,2.4648,18248,520,817232197468,2.7196,0.8173,13.9937,16647800,32200,2849300,0,1000,0
save_load,0,16.6698,16.7934,2.1862,18248,520,817232364796,2.0987,0.9902,14.6698,16662400,33300,875500,0,1300,0
save_load,0,16.6786,16.6248,2.5098,18248,520,817232532730,2.4608,2.3398,14.1385,16670000,34100,681800,0,1400,0
save_load,0,16.6549,16.6606,2.6399,18248,519,817232698978,4.1456,1.1879,12.5023,16635300,33800,630000,0,1500,0
save_load,0,16.6676,16.6751,2.2712,18248,519,817232865584,2.5302,0.9324,14.1322,16656600,32600,626900,0,1200,0
save_load,0,16.6680,16.6834,2.4975,18248,521,817233032335,2.5967,0.8273,14.0734,16655300,34100,753900,0,1400,0
save_load,0,16.6647,16.6465,2.2467,18248,520,817233199169,2.3409,1.2091,14.2944,16645800,34800,930100,0,1400,0
save_load,0,16.6680,16.6689,2.2436,18248,519,817233365634,2.6946,1.0136,13.9620,16656800,30900,591000,0,1100,0
save_load,0,16.6659,16.6697,2.2999,18248,521,817233532323,2.6868,1.1144,13.9687,16638100,30700,610000,0,1200,0
save_load,0,16.6661,16.6593,2.2508,18248,520,817233699020,2.8854,0.8474,13.7604,16652300,28100,710300,0,1000,0
save_load,0,16.6687,16.6848,2.5477,18248,520,817233865613,2.5506,0.9207,14.1063,16659400,34700,813900,0,1200,0
save_load,1,16.6648,16.6510,2.2589,39795,521,817234032461,2.1257,1.0067,14.5124,16644900,9919100,1702000,978200,1700,0
save_load,0,16.6710,16.6648,2.2292,18138,521,817234198971,2.3265,1.5692,14.3257,16663300,33300,737500,0,1100,0
save_load,0,16.6659,16.6738,2.2211,18138,521,817234365619,2.7071,1.1349,13.9525,16650900,34900,824100,0,1300,0
save_load,0,16.6907,16.6600,2.2548,18138,521,817234532357,13.1973,0.9635,3.4477,16676400,34000,517700,0,1200,0
save_load,0,16.6630,16.6766,2.8989,18138,520,817234698957,2.2890,1.0255,14.3745,16627600,30900,493100,0,1000,0
save_load,0,16.6696,16.6663,2.2630,18138,521,817234865723,2.4156,0.9681,14.2354,16665500,29100,729300,0,800,0
save_load,0,16.6663,16.6980,2.2252,18138,519,817235032386,2.2601,0.9747,14.4166,16649200,39700,1170900,0,2000,0
save_load,0,16.6675,16.6476,2.9676,18138,521,817235199366,2.1996,0.8505,14.4278,16656300,33200,687500,0,1300,0
save_load,0,16.6649,16.6781,2.2467,18138,520,817235365842,2.3850,1.2813,14.2807,16650200,32500,745600,0,1300,0
save_load,0,16.6654,16.6603,2.5201,18138,521,817235532623,3.0098,1.4410,13.6394,16651800,29400,670600,0,1000,0
save_load,0,16.6700,16.6695,2.1371,18138,518,817235699226,2.5832,1.5548,14.0733,16666000,27900,932900,0,1200,0
save_load,0,16.6647,16.6634,2.2968,18138,521,817235865921,2.5577,0.8480,14.0926,16645800,36500,594400,0,1200,0
save_load,0,16.6836,16.6610,2.2518,18138,520,817236032555,2.2147,1.0276,14.4371,16673900,28800,563100,0,800,0
save_load,0,16.6526,16.6790,2.2671,18138,521,817236199165,2.3493,1.3037,14.3169,16644900,29200,693600,0,1200,0
save_load,0,16.6696,16.6586,2.4453,18138,518,817236365955,2.3698,0.9485,14.2762,16657100,33500,1295100,0,2300,0
save_load,0,16.6661,16.6847,2.3081,18138,520,817236532541,2.3795,1.0036,14.2945,16646000,34500,693400,0,1900,0
save_load,0,16.7280,16.6585,2.8897,18138,521,817236699388,2.4506,1.5903,14.1946,16708500,35100,766400,0,1400,0
save_load,0,16.8676,16.6726,2.2825,18138,520,817236865973,4.3488,1.4796,12.3084,16860300,31400,778700,0,1100,0
save_load,0,16.6640,16.6620,2.1064,18138,521,817237032699,2.4300,0.9362,14.2161,16646900,40100,814000,0,1600,0
save_load,0,16.6673,16.7234,2.9297,18138,516,817237199319,2.5140,0.9205,14.1945,16651700,35300,617100,0,1300,0
save_load,0,16.6736,16.8767,2.2364,18138,521,817237366553,2.3424,1.2358,14.5181,16661700,34900,615600,0,1200,0
save_load,0,16.6578,16.6601,2.2671,18138,520,817237535320,2.8673,1.0540,13.7796,16633400,39900,647200,0,1400,0
save_load,0,16.6690,16.6663,2.6143,18138,521,817237701921,2.2713,1.4719,14.3806,16661600,30800,511600,0,900,0
save_load,0,16.6676,16.6787,2.1842,18138,519,817237868584,2.1156,1.4016,14.5462,16654700,34600,634100,0,1300,0
save_load,0,16.7276,16.6465,2.4678,18138,521,817238035371,2.2013,0.8187,14.4321,16726600,35200,778300,0,1300,0
save_load,0,16.6560,16.6733,2.2835,18138,521,817238201836,1.9210,1.3997,14.7407,16617200,34600,918500,0,1300,0
save_load,0,16.7063,16.6695,2.1135,18138,521,817238368569,2.3409,0.9904,14.3140,16696700,34700,802600,0,1200,0
save_load,0,16.6661,16.7503,2.2774,18138,521,817238535264,2.5710,1.1671,14.1559,16652500,34000,658800,0,1500,0
save_load,0,16.6660,16.6303,2.2344,18138,521,817238702767,2.4473,0.9485,14.1701,16650200,37500,828300,0,1400,0
save_load,0,16.6681,16.7098,2.5078,18138,521,817238869070,2.1169,1.4552,14.5798,16657500,34000,837700,0,1400,0
save_load,0,16.6691,16.6666,2.1084,18138,521,817239036168,2.1031,1.1323,14.5495,16656000,34100,924700,0,1400,0
save_load,0,16.6640,16.6634,2.2825,18138,520,817239202834,2.5115,1.1777,14.1389,16644500,38400,760600,0,1500,0
save_load,0,16.6647,16.6707,2.2364,18138,521,817239369468,2.3247,1.0673,14.3328,16648700,36900,1167800,0,1200,0
save_load,0,16.6685,16.6717,2.1709,18138,521,817239536175,2.5006,1.5928,14.1556,16659600,30100,724300,0,1000,0
save_load,0,16.7055,16.6597,2.8928,18138,521,817239702892,2.7848,1.0806,13.8597,16707000,32600,524800,0,1100,0
save_load,0,16.6588,16.6604,2.5672,18138,521,817239869489,2.9088,0.9178,13.7400,16618500,42600,517000,0,1100,0
save_load,0,16.6658,16.6721,2.4965,18138,521,817240036093,2.5326,0.9039,14.1270,16644500,33100,788300,0,1300,0
save_load,0,16.7013,16.7314,2.6399,18138,521,817240202814,2.5267,0.9470,14.1805,16691300,33100,631900,0,1200,0
save_load,0,16.6566,16.6391,2.2118,18138,520,817240370128,2.1268,1.0195,14.4918,16636900,33800,909700,0,1900,0
save_load,0,16.6670,16.6606,2.4924,18138,521,817240536519,2.5289,0.8771,14.1156,16649100,36000,748500,0,1900,0
save_load,0,16.6676,16.7062,2.1453,18138,519,817240703125,2.3878,1.2222,14.3036,16651000,35100,801900,0,1900,0
save_load,0,16.7048,16.6532,2.1606,18138,521,817240870187,2.7921,1.0138,13.8449,16718000,35800,781700,0,1600,0
save_load,0,16.6557,16.6668,2.2067,18138,521,817241036719,2.6850,1.1781,13.9642,16609800,34000,700700,0,1700,0
save_load,0,16.6687,16.6689,2.2743,18138,521,817241203387,3.0827,1.1911,13.5684,16656300,35000,622500,0,1500,0
save_load,0,16.6671,16.7351,2.4515,18138,521,817241370076,2.8700,1.6271,13.8483,16653000,34900,931300,0,1900,0
save_load,0,16.6673,16.6234,2.2589,18138,520,817241537427,2.0228,1.2317,14.5870,16652400,38600,1019700,0,1600,0
save_load,0,16.6664,16.6703,2.4300,18138,521,817241703661,2.2610,1.5023,14.3954,16647100,40000,755500,0,1700,0
save_load,0,16.7935,16.6687,2.2835,18138,521,817241870364,2.6053,1.3723,14.0478,16778000,35000,705200,0,1400,0
save_load,0,16.6669,16.6693,2.2405,18138,521,817242037051,2.6955,1.2329,13.9570,16650200,35900,597800,0,1600,0
save_load,0,16.6663,16.6638,2.4914,18138,521,817242203744,2.6882,1.5830,13.9589,16651100,35400,759500,0,1700,0
save_load,0,16.6698,16.7941,2.2098,18138,519,817242370382,2.2918,1.0886,14.4864,16656500,34700,857000,0,1300,0
save_load,0,16.6656,16.6649,2.5784,18138,518,817242538323,2.2231,1.0689,14.4272,16648700,36900,640600,0,1500,0
save_load,0,16.6630,16.6663,2.6870,18138,521,817242704972,2.3876,1.1781,14.2635,16641400,41200,681400,0,1500,0
save_load,0,16.6708,16.6735,2.2938,18138,521,817242871635,2.3674,1.4656,14.2891,16661000,35500,618900,0,1500,0
save_load,0,16.6639,16.6651,2.4412,18138,520,817243038370,2.1010,1.3436,14.5479,16644800,35000,1290000,0,1500,0
save_load,0,16.6696,16.6563,2.2723,18138,520,817243205021,2.3083,1.2595,14.3332,16661100,33900,762900,0,1300,0
save_load,0,16.6674,16.6752,2.5119,18138,520,817243371584,2.2208,1.2090,14.4403,16650900,39100,737700,0,1900,0
save_load,0,16.6670,16.6593,2.2600,18138,521,817243538336,3.2642,1.2158,13.3807,16647800,35500,777200,0,1400,0
save_load,0,16.6683,16.6751,2.2262,18138,521,817243704929,2.6575,1.5780,14.0037,16655100,39100,1044200,0,1500,0
save_load,0,16.6652,16.6682,2.5027,18138,517,817243871680,2.6396,0.9688,14.0113,16643200,38200,1659200,0,2000,0
save_load,2,16.6680,16.6650,2.2170,43074,520,817244038362,2.5505,1.3869,14.0973,16655600,671000,817800,0,1900,0
save_load,0,16.6662,16.6713,2.9245,18248,520,817244205012,3.1121,1.2869,13.5432,16646100,40500,786800,0,1600,0
save_load,0,16.6762,16.6626,2.2077,18248,521,817244371725,3.9781,1.1846,12.6653,16662200,36700,771600,0,2100,0
save_load,0,16.6969,16.6707,2.2876,18248,520,817244538351,3.4844,1.1245,13.1713,16677600,38600,675200,0,1500,0
save_load,0,16.6649,16.6632,2.6368,18248,521,817244705058,2.8026,1.1360,13.8437,16643800,35600,957000,0,1900,0
save_load,0,16.6675,16.6788,2.1842,18248,521,817244871690,3.0097,1.2404,13.6526,16652300,36400,905400,0,1700,0
save_load,0,16.6661,16.6970,2.5416,18248,519,817245038478,2.6589,1.5606,14.0188,16649800,37900,730100,0,1900,0
save_load,0,16.6665,16.6616,2.7249,18248,521,817245205448,2.9335,1.0333,13.7105,16648600,35400,876500,0,1300,0
save_load,0,16.6673,16.6690,2.2415,18248,521,817245372064,2.9053,1.0496,13.7471,16650800,40000,781100,0,1700,0
save_load,0,16.6675,16.6671,2.4678,18248,518,817245538754,2.8442,1.5641,13.8058,16648900,35600,722100,0,1600,0
save_load,0,16.6668,16.6645,2.2139,18248,520,817245705425,2.8284,1.1786,13.8204,16649900,37000,610400,0,1700,0
save_load,0,16.6679,16.6688,2.4791,18248,521,817245872070,2.9034,1.1373,13.7476,16652400,39200,735700,0,1800,0
save_load,0,16.6645,16.6677,2.2231,18248,521,817246038758,2.7763,1.5261,13.8726,16645700,35900,719700,0,1800,0
save_load,0,16.7541,16.6659,2.3040,18248,521,817246205435,2.8639,1.5774,13.7863,16737000,35200,1113300,0,1600,0
save_load,0,16.6649,16.6676,2.4474,18248,520,817246372094,2.5676,1.6727,14.0848,16648000,41600,669200,0,1600,0
save_load,0,16.6666,16.6641,2.2589,18248,517,817246538770,2.5766,1.1353,14.0693,16648000,42500,775900,0,1500,0
save_load,0,16.6645,16.7554,2.4576,18248,520,817246705411,3.1767,1.2199,13.5603,16650000,34100,726700,0,1300,0
save_load,0,16.6979,16.6634,2.2743,18248,520,817246872965,2.7022,1.1297,13.9459,16693900,30000,685100,0,1100,0
save_load,0,16.6765,16.6626,2.2579,18248,519,817247039599,2.5015,1.0762,14.1467,16659600,34800,631700,0,1500,0
save_load,0,16.8139,16.6608,2.9665,18248,515,817247206225,2.6354,0.8435,14.0147,16804200,35400,578800,929500,1200,0
save_load,0,16.6665,16.7064,2.1965,18248,521,817247372833,2.0675,0.8996,14.6265,16653300,33500,1282600,0,1000,0
save_load,0,16.6699,16.6716,2.5139,18248,518,817247539897,2.4954,1.3215,14.1643,16655300,34000,714800,0,1500,0
save_load,0,16.6644,16.8182,2.2344,18248,512,817247706613,2.5955,1.3554,14.2089,16648600,34000,670100,0,1400,0
save_load,0,16.6679,16.6668,2.2723,18248,521,817247874795,2.9624,1.0176,13.6909,16653100,35400,660200,0,1500,0
save_load,0,16.6694,16.6705,2.4392,18248,516,817248041463,2.4680,1.0828,14.1874,16655400,39500,808900,0,1800,0
save_load,0,16.6644,16.6633,2.2856,18248,517,817248208168,2.3954,1.0344,14.2533,16647700,36200,744700,0,2000,0
save_load,0,16.6656,16.6684,2.4709,18248,521,817248374801,2.5127,1.1123,14.1406,16648700,34200,625200,0,1500,0
save_load,0,16.6656,16.6709,2.2743,18248,520,817248541485,2.9327,1.0697,13.7228,16654400,31200,634100,0,1100,0
save_load,0,16.7620,16.6624,2.0920,18248,521,817248708194,2.4640,0.8771,14.1838,16761500,30400,534000,0,800,0
save_load,0,16.7422,16.6615,2.5160,18248,521,817248874818,2.3067,0.8267,14.3422,16709400,75100,1638200,0,3100,0
save_load,0,16.7199,16.6658,2.2354,18248,520,817249041433,2.1764,0.8457,14.4781,16696800,46800,1336800,0,2100,0
save_load,0,16.6671,16.7949,2.7423,18248,521,817249208091,2.1602,1.9804,14.6016,16626000,35800,668000,0,1300,0
save_load,0,16.6668,16.7311,2.1565,18248,521,817249376040,5.7099,1.5205,10.9996,16653400,33300,706700,0,1700,0
save_load,0,16.6685,16.7273,2.2651,18248,520,817249543351,3.9782,0.9852,12.7189,16657600,32800,966600,0,1300,0
save_load,0,16.6736,16.6402,2.9450,18248,520,817249710624,2.3533,0.9054,14.2728,16666600,37000,652400,0,1800,0
save_load,0,16.6585,16.6677,2.2661,18248,521,817249877026,2.2590,1.1667,14.3945,16632400,31100,586700,0,1100,0
save_load,0,16.6669,16.6717,2.4433,18248,514,817250043703,2.5295,1.5531,14.1282,16653800,33100,732700,0,1100,0
save_load,0,16.6669,16.6820,2.1832,18248,519,817250210420,2.1576,0.9125,14.5092,16653200,30900,734600,0,1000,0
save_load,0,16.6673,16.6449,2.2641,18248,521,817250377240,1.9272,0.9675,14.7054,16659100,33700,813200,0,1000,0
save_load,0,16.6684,16.6662,2.4924,18248,521,817250543689,2.0588,1.3446,14.5952,16651900,32400,591800,0,1300,0
save_load,0,16.6662,16.6679,2.2415,18248,521,817250710351,2.1495,0.9968,14.5040,16648200,33600,579100,0,1300,0
save_load,0,16.9271,16.6718,2.2016,18248,514,817250877030,2.2679,0.8654,14.3914,16912300,34000,597700,0,1300,0
save_load,0,16.6656,16.6665,2.2487,18248,521,817251043748,2.0245,1.0082,14.6276,16649700,33600,886600,0,1200,0
save_load,0,16.6664,16.6640,2.2630,18248,512,817251210413,2.1487,1.1536,14.4997,16648400,33400,680400,0,1300,0
save_load,0,16.6682,16.9294,2.1105,18248,521,817251377053,2.5496,0.9747,14.3628,16656500,34000,683400,0,1400,0
save_load,0,16.6669,16.6658,2.3265,18248,520,817251546347,2.5971,0.9004,14.0527,16653100,34600,698400,0,1400,0
save_load,0,16.6661,16.6621,2.6419,18248,520,817251713005,2.2298,0.9417,14.4187,16652300,33800,624200,0,1200,0
save_load,0,16.6697,16.6701,2.2323,18248,521,817251879626,2.1847,0.9776,14.4719,16658100,34100,786700,0,1400,0
save_load,0,16.6663,16.6669,2.1402,18248,520,817252046327,2.5592,1.6363,14.0941,16648500,35300,1013600,0,1500,0
save_load,0,16.6681,16.6648,2.6726,18248,521,817252212996,2.2189,0.9395,14.4335,16652800,37600,712500,0,1500,0
save_load,0,16.6662,16.6744,2.2528,18248,520,817252379644,2.4323,1.2169,14.2260,16651800,35300,853400,0,1200,0
save_load,0,16.6656,16.6646,2.5108,18248,521,817252546388,2.6151,1.0949,14.0334,16650100,36100,698800,0,1300,0
save_load,0,16.6676,16.6675,2.1228,18248,520,817252713034,2.4785,1.5888,14.1744,16651500,35300,586200,0,1100,0
save_load,0,16.6667,16.6673,2.2897,18248,520,817252879709,2.6053,0.9317,14.0466,16642800,36100,666700,0,1400,0
save_load,0,16.6652,16.6649,2.1842,18248,519,817253046382,2.2291,1.3928,14.4212,16647900,33100,731600,0,1800,0
save_load,0,16.6653,16.6741,2.2651,18248,521,817253213031,2.4583,0.9369,14.1933,16653300,31500,671200,0,1000,0
save_load,0,16.7001,16.6593,2.4617,18248,521,817253379772,2.6955,1.1363,13.9475,16699400,29600,621500,0,900,0
save_load,0,16.6448,16.6614,2.2815,18248,521,817253546365,2.9040,0.9691,13.7439,16603000,32900,906900,0,1200,0
save_load,0,16.6664,16.6650,2.2426,18248,520,817253712979,2.2407,0.8879,14.4127,16647400,36000,736700,0,1700,0
save_load,0,16.6671,16.7202,2.2630,18248,520,817253879629,2.1893,1.0755,14.5102,16648300,44400,565700,0,1500,0
save_load,1,16.6664,16.6353,2.1115,39795,521,817254046831,2.3773,1.0140,14.2257,16650400,4736300,570000,0,1800,0
save_load,0,16.6703,16.6647,2.9665,18138,521,817254213184,2.2233,1.3848,14.4241,16661600,33400,733000,0,1500,0
save_load,0,16.6664,16.6643,2.5375,18138,520,817254379831,2.2578,1.1014,14.3907,16643600,44000,644200,0,1600,0
save_load,0,16.6669,16.6650,2.2528,18138,521,817254546474,6.8067,0.9474,9.8438,16650600,40600,913700,0,1900,0
save_load,0,16.6656,16.6809,2.8570,18138,521,817254713124,2.2361,1.3579,14.4257,16641600,40400,636200,0,1500,0
save_load,0,16.6873,16.6622,2.2958,18138,521,817254879933,1.9673,0.9442,14.6765,16670600,42500,916200,0,2000,0
save_load,0,16.6692,16.6711,2.5866,18138,521,817255046555,2.5519,1.4809,14.0991,16652100,44200,841100,0,1700,0
save_load,0,16.8002,16.6603,2.6460,18138,520,817255213266,2.0974,1.5596,14.5443,16781900,42900,983000,0,1900,0
save_load,0,16.6649,16.6891,2.1402,18138,521,817255379869,2.4688,1.1305,14.2019,16640300,50200,802200,0,1700,0
save_load,0,16.6675,16.6710,2.3470,18138,518,817255546760,2.5120,1.2802,14.1404,16644900,41200,749500,0,1900,0
save_load,0,16.6661,16.8047,2.2252,18138,521,817255713470,3.2094,1.0569,13.5729,16647200,41000,1103800,0,1900,0
save_load,0,16.6955,16.6612,2.2589,18138,518,817255881517,2.8229,1.0110,13.8176,16676200,39200,687500,0,1500,0
save_load,0,16.6697,16.6637,2.2344,18138,521,817256048129,2.2510,1.0896,14.3941,16653000,57800,941200,0,1600,0
save_load,0,16.6632,16.6671,2.2907,18138,521,817256214766,2.5853,0.9579,14.0622,16639500,44200,676400,0,1800,0
save_load,0,16.6634,16.6947,2.4709,18138,521,817256381437,2.1098,0.9494,14.5667,16645400,35800,755300,0,1400,0
save_load,0,16.6702,16.6718,2.2804,18138,520,817256548384,2.3520,0.9995,14.3012,16663600,30800,583000,0,1000,0
save_load,0,16.6661,16.6552,2.4781,18138,521,817256715102,2.3505,0.9528,14.2891,16651400,33500,766300,0,1300,0
save_load,0,16.6665,16.6574,2.3194,18138,520,817256881654,2.1097,1.0339,14.5358,16651600,33200,713700,0,1300,0
save_load,0,16.6678,16.6769,2.2385,18138,521,817257048228,2.0060,1.0736,14.6578,16655000,36400,816200,0,1400,0
save_load,0,16.6651,16.6655,2.7310,18138,520,817257214997,2.3037,0.8602,14.3479,16647800,37100,655600,0,1400,0
save_load,0,16.6660,16.6657,2.1893,18138,521,817257381652,2.0998,1.0011,14.5520,16652000,33800,727200,0,1600,0
save_load,0,16.6694,16.6698,2.5262,18138,521,817257548309,2.2336,1.9493,14.4216,16661400,34700,694900,0,1400,0
save_load,0,16.6984,16.6610,2.2221,18138,521,817257715007,2.2092,1.2101,14.4388,16684200,34100,809500,0,1700,0
save_load,0,16.6654,16.6646,2.2610,18138,521,817257881617,2.4772,0.9758,14.1749,16645900,38900,673400,0,1400,0
save_load,0,16.6662,16.6744,2.4945,18138,521,817258048263,2.0796,1.4642,14.5819,16650300,33900,531600,0,1500,0
save_load,0,16.6688,16.7015,2.2856,18138,520,817258215007,2.2619,1.1586,14.4224,16658900,34700,869600,0,1400,0
save_load,0,16.6662,16.6610,2.5252,18138,520,817258382022,2.1613,0.9561,14.4847,16651100,34600,1124800,0,1300,0
save_load,0,16.6633,16.6636,2.2600,18138,519,817258548632,2.2145,1.1271,14.4358,16646400,33300,618800,0,1200,0
save_load,0,16.6690,16.6730,2.2211,18138,521,817258715268,2.5603,0.9895,14.0987,16657000,32600,1006400,0,1200,0
save_load,0,16.6696,16.6656,2.6010,18138,520,817258881998,2.7198,1.4694,13.9315,16660100,33600,729500,0,1500,0
save_load,0,16.6652,16.6591,2.2006,18138,521,817259048654,2.1369,1.0729,14.5096,16645200,37300,694500,0,1500,0
save_load,0,16.6677,16.6706,2.7597,18138,520,817259215245,2.5701,0.9958,14.0870,16652600,35200,660100,0,1200,0
save_load,0,16.6705,16.6762,2.1647,18138,521,817259381951,2.5313,1.0831,14.1288,16659500,35100,759800,0,1200,0
save_load,0,16.6636,16.6607,2.2856,18138,519,817259548713,2.5757,1.5379,14.0696,16642000,45500,881300,0,1800,0
save_load,0,16.6764,16.6677,2.6143,18138,521,817259715320,2.2247,1.0435,14.4280,16663800,36500,762300,0,1300,0
save_load,0,16.6594,16.6760,2.1842,18138,520,817259881997,2.6928,2.0272,13.9669,16648800,31800,625500,0,1100,0
save_load,0,16.7076,16.6582,2.4402,18138,520,817260048757,3.3919,0.9779,13.2502,16685200,39400,725700,0,1500,0
save_load,0,16.6605,16.6769,2.2958,18138,521,817260215339,2.5921,1.0807,14.0718,16649800,32700,1731300,733100,1100,0
save_load,0,16.6695,16.6645,2.1545,18138,521,817260382108,2.3382,1.0977,14.3108,16657600,33800,1030100,0,1200,0
save_load,0,16.6647,16.6990,2.2589,18138,521,817260548753,2.7674,1.0001,13.9179,16648100,33800,708100,0,1000,0
save_load,0,16.7046,16.6634,2.1985,18138,521,817260715743,3.4181,1.0176,13.2317,16705500,32300,793900,0,1200,0
save_load,0,16.6573,16.6720,2.6102,18138,521,817260882377,2.6707,1.0293,13.9871,16629100,38100,772700,0,1500,0
save_load,0,16.6658,16.6612,2.2569,18138,521,817261049097,2.3317,0.9940,14.3166,16650900,37200,1000100,0,1600,0
save_load,0,16.6670,16.7189,2.2641,18138,520,817261215709,2.3675,0.9563,14.3381,16655700,34900,788500,0,1500,0
save_load,0,16.6658,16.6439,2.2456,18138,521,817261382898,2.5738,1.1589,14.0554,16648800,35200,756800,0,1500,0
save_load,0,16.6675,16.6641,2.3091,18138,521,817261549337,2.8889,1.0666,13.7621,16654200,33200,580600,0,1200,0
save_load,0,16.6676,16.6700,2.2159,18138,511,817261715978,2.5430,1.0840,14.1129,16655400,32500,671000,0,1100,0
save_load,0,16.6686,16.6623,2.2200,18138,521,817261882678,2.4215,0.9853,14.2274,16663800,31300,847800,0,1200,0
save_load,0,16.6648,16.6667,2.0951,18138,521,817262049301,2.2490,0.9217,14.4053,16637000,37900,647900,0,1200,0
save_load,0,16.6683,16.6685,2.6573,18138,520,817262215968,2.1652,1.1045,14.4902,16656500,32500,728400,0,1200,0
save_load,0,16.6656,16.6779,2.2139,18138,519,817262382653,2.6162,1.0431,14.0477,16650800,34600,791200,0,1200,0
save_load,0,16.6669,16.6547,2.5917,18138,520,817262549432,2.5372,0.9235,14.1000,16652200,33400,1087300,0,1500,0
save_load,0,16.6693,16.6702,2.2282,18138,521,817262715979,2.2279,1.1635,14.4287,16661200,32400,787500,0,1500,0
save_load,0,16.6650,16.6640,2.2712,18138,519,817262882681,3.0000,1.1564,13.6509,16647900,35400,693100,0,1700,0
save_load,0,16.6685,16.6643,2.4300,18138,521,817263049321,2.6823,0.9837,13.9700,16657600,32500,755100,0,1100,0
save_load,0,16.6772,16.6761,2.2815,18138,520,817263215964,2.2896,0.9760,14.3717,16675700,34100,749600,0,1500,0
save_load,0,16.6565,16.6609,2.4515,18138,519,817263382725,2.4061,0.9922,14.2420,16619200,34200,773600,0,1600,0
save_load,0,16.6673,16.6716,2.2784,18138,518,817263549334,2.2169,1.0525,14.4407,16655800,33600,803500,0,1300,0
save_load,0,16.6657,16.6977,2.2149,18138,520,817263716050,2.6861,1.0363,13.9899,16650500,33900,695000,0,1500,0
save_load,0,16.6673,16.6321,2.2272,18138,521,817263883027,2.6055,0.9844,14.0138,16657900,30800,649000,0,1200,0
save_load,2,16.6782,16.6689,2.1658,43074,520,817264049348,2.6226,0.8998,14.0332,16704400,876200,555700,0,1900,0
save_load,0,16.6570,16.6635,2.7863,18248,521,817264216037,2.2948,1.0131,14.3557,16596100,44400,721200,0,1300,0
save_load,0,16.6664,16.6705,2.2385,18248,521,817264382672,2.1270,1.1078,14.5309,16653400,33500,667600,0,1400,0
save_load,0,16.6681,16.7237,2.2456,18248,521,817264549377,3.5202,1.0529,13.1846,16657100,73200,678600,0,1100,0
save_load,0,16.6678,16.6100,2.8662,18248,520,817264716614,2.4455,0.9213,14.1507,16654200,33200,515200,0,1400,0
save_load,0,16.6689,16.6653,2.3132,18248,520,817264882714,2.3206,0.9214,14.3329,16657400,40300,716400,0,1500,0
save_load,0,16.6656,16.6718,2.4484,18248,518,817265049367,2.1811,1.1184,14.4760,16649300,36900,1073400,0,1500,0
save_load,0,16.6663,16.6685,2.2794,18248,521,817265216085,2.1072,1.0582,14.5472,16647500,39800,918000,0,1700,0
save_load,0,16.6708,16.6727,2.4351,18248,520,817265382770,2.7408,1.4483,13.9167,16651900,60700,1000900,0,1900,0
save_load,0,16.6621,16.6654,2.5057,18248,520,817265549497,3.2086,1.0528,13.4409,16647800,34700,639300,0,1500,0
save_load,0,16.6674,16.6654,2.2528,18248,521,817265716151,2.6109,1.1450,14.0367,16652900,35500,662300,0,1200,0
save_load,0,16.6675,16.6676,2.5108,18248,521,817265882805,3.0068,1.1150,13.6453,16652600,35400,582200,0,1400,0
save_load,0,16.6677,16.6622,2.1361,18248,521,817266049481,2.3155,1.4745,14.3325,16652900,33900,829600,0,1500,0
save_load,0,16.6656,16.6675,2.2620,18248,521,817266216103,2.2539,1.2695,14.3992,16649200,40600,819000,0,1600,0
save_load,0,16.6672,16.6691,2.2252,18248,521,817266382778,2.2487,1.4422,14.4042,16649300,38700,993300,0,1600,0
save_load,0,16.7768,16.6685,2.2620,18248,521,817266549469,2.8324,1.1006,13.8207,16761200,37200,673600,0,1500,0
save_load,0,16.6660,16.6656,2.9706,18248,521,817266716154,2.7406,1.5787,13.9087,16634900,34800,725300,0,1600,0
save_load,0,16.6658,16.6654,2.2559,18248,519,817266882810,3.2787,1.9440,13.3707,16647800,35700,798600,0,1400,0
save_load,0,16.6641,16.7901,2.1238,18248,521,817267049464,2.4795,1.0046,14.2818,16651300,31500,668900,0,1500,0
save_load,0,16.6694,16.6527,2.6767,18248,521,817267217365,2.2602,0.9387,14.3749,16660000,31100,562800,0,1000,0
save_load,0,16.7309,16.6611,2.1238,18248,521,817267383892,2.4131,0.9089,14.2347,16728700,35600,737400,0,1500,0
save_load,0,16.6565,16.6634,2.5252,18248,520,817267550503,2.0742,0.9617,14.5771,16618100,32800,697500,0,1400,0
save_load,0,16.6680,16.6735,2.2067,18248,520,817267717137,2.3001,1.3110,14.3601,16656600,33000,612600,0,1100,0
save_load,0,16.6661,16.7545,2.2917,18248,520,817267883872,2.9750,0.9691,13.7540,16648300,33700,729600,0,1500,0
save_load,0,16.6683,16.6306,2.1514,18248,521,817268051417,2.4143,1.0432,14.2037,16651800,33600,1180900,0,1300,0
save_load,0,16.6842,16.6705,2.2661,18248,518,817268217723,2.3251,0.8801,14.3316,16669300,33600,889200,0,1100,0
save_load,0,16.6626,16.6631,2.4074,18248,521,817268384428,2.4712,0.9897,14.1773,16647300,32100,915900,0,1100,0
save_load,0,16.6661,16.6664,2.2938,18248,521,817268551059,2.9828,1.0650,13.6691,16648700,34000,703700,0,1300,0
save_load,0,16.6692,16.6848,2.2139,18248,517,817268717723,2.5235,1.0452,14.1459,16658700,35600,763700,0,1400,0
save_load,0,16.6658,16.6639,2.2610,18248,518,817268884571,2.2641,1.0999,14.3832,16645900,36700,646900,0,1500,0
save_load,0,16.7926,16.6638,2.2170,18248,521,817269051210,2.6637,1.0371,13.9851,16783600,32600,770400,0,1600,0
save_load,0,16.6524,16.6758,2.9880,18248,520,817269217848,2.8860,1.0884,13.7728,16626800,36400,539600,0,1000,0
save_load,0,16.6726,16.6626,2.1678,18248,521,817269384606,2.6835,1.3398,13.9625,16667900,27000,494400,0,1000,0
save_load,0,16.6679,16.7984,2.2876,18248,521,817269551232,2.6854,0.9517,14.0981,16651300,40800,618600,0,1700,0
save_load,0,16.8207,16.6387,2.5969,18248,521,817269719216,2.3141,0.8879,14.3127,16795900,39900,1051200,0,1700,0
save_load,0,16.6612,16.6834,2.2415,18248,516,817269885603,2.0377,0.8617,14.6304,16643200,34600,727100,0,1500,0
save_load,0,16.6692,16.6724,2.4637,18248,521,817270052437,2.4808,1.0987,14.1706,16657500,31700,513200,0,1200,0
save_load,0,16.6657,16.8154,2.3040,18248,521,817270219161,3.4130,1.1856,13.3829,16647200,42300,1090700,0,1700,0
save_load,0,16.6673,16.6588,2.1586,18248,518,817270387315,2.8349,1.0149,13.8083,16645300,37200,756400,0,1600,0
save_load,0,16.6639,16.6755,2.2682,18248,521,817270553903,2.1915,1.3414,14.4661,16645400,40100,944800,0,1300,0
save_load,0,16.6650,16.6655,2.2497,18248,521,817270720658,3.2199,1.2251,13.4275,16652500,31300,592200,0,1000,0
save_load,0,16.6699,16.6650,2.5242,18248,521,817270887313,2.8602,0.9691,13.7852,16661600,31400,534800,0,1000,0
save_load,0,16.6661,16.6574,2.2262,18248,520,817271053963,2.4579,0.9470,14.1877,16651800,33600,737200,0,1300,0
save_load,0,16.6651,16.6627,2.2989,18248,521,817271220537,2.3008,0.9524,14.3519,16648400,38800,575800,0,1400,0
save_load,0,16.6664,16.6740,2.2323,18248,521,817271387164,2.0762,0.8778,14.5855,16659200,29400,918800,0,1100,0
save_load,0,16.6686,16.6667,2.2426,18248,521,817271553904,2.0940,1.3808,14.5579,16655100,29000,522100,0,1200,0
save_load,0,16.7266,16.6590,2.6941,18248,521,817271720571,2.0360,0.8556,14.6125,16714600,29800,517400,0,900,0
save_load,0,16.6679,16.6711,2.2641,18248,521,817271887161,2.0947,1.0957,14.5645,16654600,36000,519500,0,1200,0
save_load,0,16.6633,16.6683,2.2845,18248,521,817272053872,2.0589,0.9121,14.5962,16641500,34700,626200,0,1400,0
save_load,0,16.6693,16.7293,2.6767,18248,518,817272220555,1.9791,1.2962,14.7356,16661600,29400,1006600,0,900,0
save_load,0,16.6651,16.6713,2.2252,18248,518,817272387848,2.3629,1.2509,14.2919,16647100,32000,811300,0,1400,0
save_load,0,16.6689,16.6535,2.9983,18248,520,817272554561,2.1845,0.9544,14.4571,16658500,35100,534500,0,900,0
save_load,0,16.6677,16.6761,2.2374,18248,519,817272721096,2.2220,1.4963,14.4398,16653100,33900,607300,0,1000,0
save_load,0,16.6664,16.6624,2.2231,18248,521,817272887857,2.5313,1.0376,14.1159,16622700,35300,543100,0,1500,0
save_load,0,16.7358,16.6741,2.2088,18248,521,817273054481,2.3305,1.0831,14.3283,16731300,32500,1069500,0,1200,0
save_load,0,16.6684,16.6686,2.3470,18248,521,817273221222,2.4084,1.1921,14.2448,16657200,29500,682700,0,1000,0
save_load,0,16.6538,16.6645,2.4791,18248,521,817273387908,2.5595,1.2051,14.0632,16610800,43700,731600,0,2000,0
save_load,0,16.6660,16.7443,2.2477,18248,521,817273554553,2.7650,0.9887,13.9664,16652000,30600,1609200,748900,1600,0
save_load,0,16.6660,16.6795,2.7177,18248,520,817273721996,2.6981,1.2027,13.9594,16652700,29500,672900,0,1100,0
save_load,0,16.6709,16.6282,2.2999,18248,520,817273888791,3.3527,0.8600,13.2581,16664700,31900,947800,0,1000,0
save_load,1,16.6651,16.6661,2.2282,39891,520,817274055073,3.2107,0.8792,13.4414,16647400,5311800,666500,0,2000,0
save_load,0,16.6696,16.6653,2.9686,18138,521,817274221734,2.1398,1.1188,14.5130,16659200,35200,655600,0,1400,0
save_load,0,16.6673,16.6785,2.5242,18138,521,817274388387,2.3609,0.9982,14.3038,16650400,36700,734900,0,1500,0
save_load,0,16.6830,16.6618,2.4709,18138,516,817274555172,7.4385,1.5142,9.2090,16682000,40200,1620900,0,1700,0
save_load,0,16.6571,16.6748,2.7279,18138,521,817274721790,2.0400,1.0407,14.6193,16623100,35700,630200,0,1400,0
save_load,0,16.6654,16.6658,2.2610,18138,521,817274888538,2.2378,1.0452,14.4126,16644700,39100,913300,0,1600,0
save_load,0,16.6646,16.7014,2.4740,18138,521,817275055196,2.8393,1.0504,13.8429,16647700,35700,611300,0,1400,0
save_load,0,16.6695,16.6407,2.2845,18138,521,817275222210,2.1765,1.5749,14.4468,16659200,35500,592900,0,1100,0
save_load,0,16.6647,16.6621,2.1596,18138,521,817275388617,2.6257,1.0858,14.0192,16647500,35700,672100,0,1500,0
save_load,0,16.6673,16.6613,2.2825,18138,513,817275555238,2.0642,0.9268,14.5836,16652300,32500,666500,0,1300,0
save_load,0,16.6698,16.6732,2.1187,18138,521,817275721851,2.0996,0.9551,14.5596,16662800,39900,609800,0,1400,0
save_load,0,16.6651,16.6618,2.4801,18138,515,817275888583,2.2727,0.9468,14.3749,16649500,34000,963800,0,1200,0
save_load,0,16.6658,16.6634,2.2579,18138,518,817276055201,2.0687,1.0255,14.5836,16650700,31800,661100,0,1200,0
save_load,0,16.6717,16.6753,2.1719,18138,521,817276221835,2.0836,1.2258,14.5794,16667700,29600,574200,0,900,0
save_load,0,16.6633,16.6626,2.1197,18138,520,817276388588,2.4815,0.9723,14.1680,16638700,47500,936000,0,2000,0
save_load,0,16.7769,16.6622,2.2927,18138,521,817276555214,2.1243,1.3002,14.5265,16782400,35800,1091900,0,1300,0
save_load,0,16.6505,16.6839,2.6102,18138,521,817276721836,1.9680,1.7750,14.6999,16593500,34100,684300,0,1300,0
save_load,0,16.6697,16.6544,2.2753,18138,521,817276888675,3.3410,1.7073,13.2977,16657200,34500,754600,0,1200,0
save_load,0,16.6648,16.8165,2.4033,18138,520,817277055219,2.7291,1.4235,14.0536,16649700,34300,572300,0,1500,0
save_load,0,16.6673,16.6108,2.6061,18138,521,817277223384,1.9806,1.1007,14.6130,16654000,33600,742900,0,1100,0
save_load,0,16.6695,16.6727,3.2696,18138,521,817277389492,2.2179,0.9746,14.4395,16656600,35700,652000,0,1300,0
save_load,0,16.6648,16.6635,2.5610,18138,521,817277556219,2.0109,0.9354,14.6387,16647300,37900,639900,0,1300,0
save_load,0,16.6671,16.6675,2.0879,18138,521,817277722854,2.1092,1.3919,14.5448,16653200,35800,606500,0,1400,0
save_load,0,16.6667,16.6721,2.1760,18138,521,817277889529,2.2989,1.1349,14.3579,16652600,34200,556100,0,1200,0
save_load,0,16.6660,16.6622,2.2467,18138,521,817278056250,2.3644,0.9381,14.2831,16649900,37000,764200,0,1700,0
save_load,0,16.6685,16.6678,2.2559,18138,521,817278222872,2.1670,0.8077,14.4863,16656700,35500,610500,0,1200,0
save_load,0,16.6680,16.6675,2.1238,18138,521,817278389550,1.9958,1.6779,14.6569,16653400,34600,827200,0,1300,0
save_load,0,16.6633,16.6631,2.2856,18138,521,817278556225,2.8436,1.2171,13.8065,16642500,35900,1126300,0,1600,0
save_load,0,16.6676,16.6700,2.4566,18138,511,817278722856,2.1390,1.4597,14.5177,16655200,32600,533600,0,1100,0
save_load,0,16.6689,16.6710,2.2723,18138,520,817278889556,2.4498,1.2022,14.2038,16659800,32400,543800,0,900,0
save_load,0,16.6653,16.6575,2.0961,18138,520,817279056266,2.5416,0.9852,14.1011,16648200,39400,1049900,0,1300,0
save_load,0,16.6655,16.6671,2.6726,18138,521,817279222841,2.1497,0.9980,14.5057,16652100,32700,565000,0,1200,0
save_load,0,16.6721,16.6743,2.2252,18138,521,817279389512,1.9497,1.0828,14.7103,16666500,31600,620400,0,1400,0
save_load,0,16.6665,16.6618,2.2395,18138,521,817279556255,2.8352,1.0256,13.8131,16648000,42700,714500,0,2000,0
save_load,0,16.6652,16.6635,2.4996,18138,521,817279722873,2.0659,1.3511,14.5862,16648500,37200,756100,0,1500,0
save_load,0,16.6667,16.6812,2.2405,18138,521,817279889508,2.2180,1.6095,14.4487,16650800,37100,773900,0,1800,0
save_load,0,16.6677,16.6645,2.5139,18138,521,817280056320,2.7119,0.9717,13.9363,16655300,32800,800100,0,1200,0
save_load,0,16.6661,16.6633,2.2815,18138,521,817280222965,2.1592,0.9855,14.4894,16647800,40600,884300,0,1700,0
save_load,0,16.6647,16.6656,2.3880,18138,520,817280389598,2.3972,1.3599,14.2537,16649800,34500,661400,0,1200,0
save_load,0,16.6701,16.6706,2.2682,18138,521,817280556254,2.3610,1.0632,14.2944,16661900,35700,638500,0,1500,0
save_load,0,16.6671,16.6623,2.2211,18138,521,817280722960,2.7788,0.8904,13.8690,16649200,38400,874000,0,1600,0
save_load,0,16.6679,16.6616,2.5119,18138,521,817280889583,2.2263,1.1651,14.4236,16653800,36000,826000,0,1400,0
save_load,0,16.6667,16.6777,2.1248,18138,521,817281056199,2.5216,1.0669,14.1404,16650900,39900,811100,0,1400,0
save_load,0,16.6658,16.6646,2.5477,18138,521,817281222976,2.9962,1.2272,13.6532,16648300,38700,830700,0,1400,0
save_load,0,16.6656,16.6688,2.5324,18138,521,817281389622,2.7267,1.1832,13.9272,16647200,39500,944100,0,1500,0
save_load,0,16.6649,16.6670,2.2467,18138,520,817281556310,2.6142,1.0744,14.0370,16656800,41600,691600,0,1300,0
save_load,0,16.6695,16.6632,2.8508,18138,518,817281722980,2.5988,1.1105,14.0496,16653100,34800,646000,0,1300,0
save_load,0,16.6725,16.6620,2.2641,18138,521,817281889612,3.1543,1.1559,13.4928,16663400,40400,941200,0,1600,0
save_load,0,16.6620,16.6691,2.1381,18138,521,817282056232,2.8389,1.1485,13.8179,16635300,35200,538400,0,1300,0
save_load,0,16.6656,16.6677,2.2702,18138,521,817282222923,2.4329,1.1875,14.2203,16649500,33300,739400,0,1600,0
save_load,0,16.6693,16.6848,2.1176,18138,521,817282389600,3.0427,1.2318,13.6210,16660400,37600,733300,0,1300,0
save_load,0,16.6643,16.6515,2.4596,18138,521,817282556448,2.3318,0.8899,14.3036,16638200,34800,779800,0,1400,0
save_load,0,16.6665,16.6646,2.2231,18138,521,817282722963,2.4232,1.6094,14.2264,16655300,35600,801500,0,1600,0
save_load,0,16.6687,16.6764,2.4637,18138,521,817282889609,2.5765,1.0240,14.0840,16657800,35500,709300,0,1200,0
save_load,0,16.6648,16.6529,2.2098,18138,521,817283056373,2.5898,1.1748,14.0483,16649800,33900,824100,0,1600,0
save_load,0,16.6670,16.6672,2.2743,18138,520,817283222902,2.7425,1.4644,13.9129,16653100,33700,877200,0,1200,0
save_load,0,16.6670,16.6714,2.4617,18138,521,817283389574,2.5038,1.0643,14.1541,16656600,33500,574100,0,1100,0
save_load,0,16.6677,16.6622,2.2671,18138,521,817283556288,2.4602,1.0362,14.1898,16657000,32800,688500,0,1200,0
save_load,0,16.6667,16.6652,2.6593,18138,520,817283722910,2.5797,1.3061,14.0735,16653400,32800,695700,0,1200,0
save_load,0,16.6690,16.6679,2.2671,18138,521,817283889562,2.2459,0.9117,14.4107,16658500,33000,699400,0,1400,0
save_load,2,16.6640,16.6689,2.2538,43170,520,817284056241,2.2131,0.9653,14.4441,16644800,654000,724400,0,1700,0
save_load,0,16.6674,16.6652,2.9440,18248,521,817284222930,2.3365,0.9684,14.3170,16656900,32500,603700,0,1200,0
save_load,0,16.6675,16.6755,2.2200,18248,521,817284389582,2.3476,1.0109,14.3110,16656700,31100,615200,0,1200,0
save_load,0,16.6682,16.6572,2.5651,18248,520,817284556337,3.1108,1.4110,13.5341,16655500,34300,845300,0,1100,0
save_load,0,16.6650,16.6679,2.2333,18248,520,817284722909,2.6950,1.4082,13.9619,16647800,37200,885000,0,1100,0
save_load,0,16.6703,16.6694,2.2569,18248,518,817284889588,2.5113,0.9299,14.1455,16662400,33700,1037000,0,1400,0
save_load,0,16.6676,16.6712,2.4709,18248,521,817285056282,2.3360,1.0291,14.3196,16652500,36700,786000,0,1700,0
save_load,0,16.6683,16.6607,2.2323,18248,521,817285222994,2.7386,1.1280,13.9092,16652100,37200,831500,0,1600,0
save_load,0,16.6665,16.6779,2.5262,18248,516,817285389601,2.5761,1.3799,14.0865,16647800,36100,702300,0,1600,0
save_load,0,16.6659,16.6684,2.1985,18248,521,817285556380,2.8550,1.0378,13.7976,16649300,37600,686700,0,1700,0
save_load,0,16.6667,16.6688,2.2436,18248,520,817285723064,2.8219,0.9505,13.8304,16651400,37300,768700,0,1400,0
save_load,0,16.6671,16.6664,2.5426,18248,521,817285889752,2.5087,1.0053,14.1393,16651700,34700,672400,0,1400,0
save_load,0,16.6686,16.6642,2.2180,18248,521,817286056416,2.4584,1.4350,14.1910,16655100,36000,692600,0,1400,0
save_load,0,16.6656,16.6658,2.1965,18248,521,817286223058,2.5811,0.9248,14.0705,16646300,36700,812700,0,1500,0
save_load,0,16.6651,16.6673,2.2149,18248,521,817286389716,2.2008,1.5441,14.4510,16648400,35300,848100,0,1700,0
save_load,0,16.6657,16.6721,2.2333,18248,521,817286556389,2.5675,1.5725,14.0878,16648900,36000,878600,868800,1100,0
save_load,0,16.6682,16.6635,2.8989,18248,521,817286723110,2.7946,1.3077,13.8518,16654000,32800,560400,0,1300,0
save_load,0,16.6663,16.6623,2.2897,18248,520,817286889745,2.6440,0.9733,14.0045,16654600,32600,825800,0,1200,0
save_load,0,16.6680,16.6617,2.4463,18248,521,817287056368,2.7405,1.1832,13.9085,16651700,33800,745500,0,1500,0
save_load,0,16.6678,16.6687,2.6573,18248,520,817287222985,2.2007,1.1110,14.4534,16653500,33100,662200,0,1400,0
save_load,0,16.8006,16.6708,2.2057,18248,521,817287389672,2.3120,0.8943,14.3428,16799600,35200,889700,0,1400,0
save_load,0,16.6442,16.6656,2.9368,18248,519,817287556380,2.4385,1.1140,14.2133,16603000,33500,755000,0,1400,0
save_load,0,16.7391,16.6702,2.1412,18248,516,817287723036,2.4838,1.0925,14.1700,16743700,38800,615500,0,1300,0
save_load,0,16.6562,16.8235,2.4422,18248,520,817287889738,2.3888,0.8743,14.4111,16626200,32700,649700,0,1200,0
save_load,0,16.6682,16.6180,2.2333,18248,521,817288057973,2.1824,1.2320,14.4208,16656500,32000,713000,0,1200,0
save_load,0,16.6663,16.7570,2.2917,18248,521,817288224153,2.4683,1.1236,14.2755,16634300,36600,572400,0,1400,0
save_load,0,16.6670,16.6398,2.5487,18248,521,817288391723,2.4133,1.0720,14.2129,16651000,37600,593000,0,1500,0
save_load,0,16.6665,16.6723,2.2784,18248,521,817288558121,2.4191,1.3689,14.2376,16650800,35700,976000,0,1400,0
save_load,0,16.6654,16.6649,2.4924,18248,521,817288724844,2.8039,1.0785,13.8303,16648900,39700,952300,0,1200,0
save_load,0,16.6688,16.6667,2.2764,18248,519,817288891493,2.5070,0.9792,14.1440,16659300,36300,922100,0,1000,0
save_load,0,16.6655,16.6658,2.2415,18248,521,817289058160,2.8623,1.2244,13.7887,16645400,38900,879700,0,1800,0
save_load,0,16.6682,16.6629,2.6716,18248,520,817289224818,2.7883,1.5852,13.8606,16654800,38700,888200,0,1500,0
save_load,0,16.6670,16.6754,2.2221,18248,520,817289391447,2.7817,1.1174,13.8778,16650600,35600,1133200,0,1500,0
save_load,0,16.6697,16.6593,2.5999,18248,519,817289558201,3.2920,1.0125,13.3535,16653100,36100,705500,0,1400,0
save_load,0,16.6631,16.6698,2.1586,18248,518,817289724794,2.5577,1.2474,14.0972,16641100,37000,615700,0,1600,0
save_load,0,16.7698,16.6680,2.1617,18248,521,817289891492,2.8120,1.0944,13.8386,16755600,38200,717700,0,1200,0
save_load,0,16.6643,16.6714,2.4320,18248,520,817290058172,2.4788,1.3602,14.1745,16643800,37300,1136000,0,1800,0
save_load,0,16.6685,16.6605,2.2180,18248,520,817290224886,3.0307,1.2476,13.6106,16653400,39700,1175700,0,1200,0
save_load,0,16.6660,16.7722,2.4433,18248,520,817290391491,2.8872,1.1360,13.8684,16651300,34900,658100,0,1200,0
save_load,0,16.6687,16.6616,2.2364,18248,521,817290559213,2.9148,1.1552,13.7290,16656100,34100,1327100,0,1300,0
save_load,0,16.6675,16.6686,2.1320,18248,520,817290725829,3.1271,1.4878,13.5263,16650600,36200,927800,0,1600,0
save_load,0,16.6662,16.6656,2.5149,18248,521,817290892515,2.4354,1.1197,14.2160,16648500,38800,1119000,0,1700,0
save_load,0,16.6719,16.6715,2.1780,18248,520,817291059171,2.7073,1.1336,13.9488,16663900,37500,704200,0,1900,0
save_load,0,16.6636,16.6681,2.5754,18248,521,817291225886,2.8130,1.0699,13.8376,16633200,52700,1146000,0,1800,0
save_load,0,16.6650,16.6645,2.1299,18248,521,817291392567,2.9000,1.1608,13.7486,16646700,36900,876700,0,2000,0
save_load,0,16.6653,16.6849,2.1944,18248,520,817291559212,2.4792,1.2851,14.1852,16648600,35400,678800,0,1400,0
save_load,0,16.6693,16.6523,2.9645,18248,521,817291726061,3.1561,1.3137,13.4772,16660100,34200,1071800,0,1500,0
save_load,0,16.6663,16.6630,2.2671,18248,521,817291892584,2.5396,1.4124,14.1073,16646300,34900,1275100,0,1600,0
save_load,0,16.6672,16.6639,2.4320,18248,521,817292059214,2.3102,1.2561,14.3384,16653500,35900,585000,0,1500,0
save_load,0,16.6682,16.6753,2.6470,18248,521,817292225853,2.5170,1.2475,14.1433,16650500,39800,864600,0,1400,0
save_load,0,16.8270,16.6616,2.1668,18248,521,817292392606,2.8027,1.2862,13.8436,16817900,37500,934100,0,1700,0
save_load,0,16.6514,16.6683,2.4986,18248,521,817292559222,2.3167,1.3446,14.3370,16625100,37500,664700,0,1700,0
save_load,0,16.6706,16.6687,2.2641,18248,521,817292725905,3.0301,1.4074,13.6207,16659000,33400,799400,0,1200,0
save_load,0,16.6663,16.8345,2.6266,18248,521,817292892592,2.9226,1.4335,13.8954,16648100,34900,716400,0,1400,0
save_load,0,16.6640,16.6404,2.2190,18248,521,817293060937,2.5491,0.9049,14.0760,16644400,39900,693400,0,2100,0
save_load,0,16.6698,16.6750,2.5661,18248,521,817293227341,2.4081,1.4982,14.2511,16658700,37500,695700,0,1300,0
save_load,0,16.6660,16.6660,2.4269,18248,520,817293394091,2.4466,1.2145,14.2016,16647700,39800,848200,0,1700,0
save_load,0,16.6676,16.6599,2.3081,18248,520,817293560751,2.5692,1.1308,14.0752,16652700,37300,1191100,0,1800,0
save_load,0,16.6655,16.6737,2.9594,18248,520,817293727350,2.3303,1.0182,14.3286,16647700,36600,940300,0,1600,0
save_load,0,16.6680,16.6630,2.2538,18248,520,817293894087,2.5087,1.2952,14.1392,16652700,37200,894900,0,1800,0
save_load,1,16.6639,16.6686,2.1074,39795,519,817294060717,2.7667,1.5676,13.8861,16643900,12537600,865100,0,2000,0
save_load,0,16.6712,16.6653,2.9194,18138,520,817294227403,2.7887,1.1031,13.8592,16660900,34800,635200,0,1200,0
save_load,0,16.6670,16.6692,2.5324,18138,521,817294394056,2.4811,1.1132,14.1718,16650400,37300,638100,0,1800,0
save_load,0,16.6654,16.6587,2.4914,18138,521,817294560748,14.8961,1.5481,1.7478,16645700,37400,1077200,0,1500,0
save_load,0,16.6685,16.6759,2.1074,18138,519,817294727335,2.4866,1.4004,14.1745,16653800,33500,858200,0,1600,0
save_load,0,16.6666,16.6681,2.3040,18138,521,817294894094,2.4009,1.1051,14.2495,16646600,36000,695400,0,1500,0
save_load,0,16.6651,16.6639,2.4658,18138,521,817295060775,2.3905,0.9470,14.2553,16649400,35400,624400,0,1700,0
save_load,0,16.6671,16.6695,2.2395,18138,519,817295227414,2.1204,1.5492,14.5334,16653600,33600,710600,0,1300,0
save_load,0,16.6691,16.6649,2.4248,18138,518,817295394109,2.2678,1.0301,14.3790,16653600,35700,614800,0,1300,0
save_load,0,16.6669,16.6638,2.2682,18138,520,817295560758,2.1690,1.0028,14.4805,16650500,34200,979000,0,1400,0
save_load,0,16.6678,16.6689,2.2354,18138,520,817295727396,2.1817,1.0876,14.4719,16652700,37000,891200,0,1700,0
save_load,0,16.6678,16.6692,2.4494,18138,518,817295894085,2.1461,1.0589,14.5075,16651400,39200,846800,0,2000,0
save_load,0,16.6666,16.6683,2.0808,18138,518,817296060777,2.5130,1.1701,14.1377,16649600,36700,873400,0,2200,0
save_load,0,16.6668,16.6689,3.0341,18138,520,817296227460,2.3859,1.1601,14.2670,16648500,38200,1561300,0,1700,0
save_load,0,16.6672,16.6690,2.2620,18138,521,817296394149,2.5324,1.3543,14.1191,16662800,39300,633400,0,1700,0
save_load,0,16.6692,16.6675,2.2825,18138,519,817296560839,3.3599,1.4436,13.2899,16639800,44800,914600,0,2000,0
save_load,0,16.6651,16.6655,2.8672,18138,521,817296727514,3.7930,1.2968,12.8558,16636900,57600,813700,0,2700,0
save_load,0,16.6696,16.6822,2.2794,18138,521,817296894169,2.6291,1.0434,14.0340,16651700,46000,956500,0,2100,0
save_load,0,16.6634,16.6617,2.5252,18138,521,817297060991,2.9564,1.8042,13.6836,16634500,58700,1292700,0,2900,0
save_load,0,16.6696,16.6597,2.1350,18138,520,817297227608,2.9436,1.3031,13.6934,16649300,43200,1067100,0,2400,0
save_load,0,16.6654,16.6745,2.1012,18138,520,817297394205,3.1842,1.3118,13.4679,16634000,58600,934100,0,2500,0
save_load,0,16.6673,16.6615,2.2159,18138,521,817297560950,3.1322,1.2608,13.5024,16648700,43400,974100,0,1900,0
save_load,0,16.6676,16.6731,2.1740,18138,518,817297727565,3.0038,1.2971,13.6456,16649800,39400,789500,0,1900,0
save_load,0,16.6647,16.6587,2.5569,18138,519,817297894296,3.2575,1.4491,13.3767,16644300,40400,1321800,0,2000,0
save_load,0,16.6675,16.6659,2.2559,18138,521,817298060883,3.0909,1.2596,13.5581,16650500,40300,1494400,0,2200,0
save_load,0,16.6663,16.6685,2.6573,18138,521,817298227542,2.9081,1.5081,13.7419,16642700,40200,823200,0,1400,0
save_load,0,16.6666,16.6626,2.2600,18138,519,817298394227,3.3191,1.2963,13.3254,16649100,36200,844900,0,1700,0
save_load,0,16.6670,16.6694,2.2323,18138,521,817298560853,3.4981,1.2461,13.1525,16651400,36700,833600,0,1600,0
save_load,0,16.6651,16.6618,2.8662,18138,521,817298727547,2.7892,1.6207,13.8535,16648700,35800,1645400,0,2500,0
save_load,0,16.6687,16.6666,2.3020,18138,521,817298894165,2.7797,1.1380,13.8696,16656800,36100,771900,0,1300,0
save_load,0,16.6671,16.6670,2.1514,18138,521,817299060831,2.6338,1.6122,14.0177,16651100,36200,984000,0,1500,0
save_load,0,16.6856,16.6627,2.8959,18138,519,817299227501,3.3237,1.1136,13.3250,16670600,38700,1166300,0,1900,0
save_load,0,16.6652,16.6726,2.2139,18138,521,817299394128,2.6896,0.9513,13.9674,16643500,35000,859100,0,1600,0
save_load,0,16.6674,16.6659,2.5651,18138,520,817299560854,2.8271,1.3968,13.8241,16649300,37200,3386700,978600,1500,0
save_load,0,16.6673,16.6878,2.2354,18138,521,817299727513,3.2022,1.0011,13.4685,16650900,37200,1158900,0,1900,0
save_load,0,16.7043,16.6650,2.5825,18138,520,817299894391,2.6712,1.3065,13.9724,16694700,38200,1024200,0,1900,0
save_load,0,16.6870,16.6651,2.3962,18138,521,817300061041,3.9146,1.3382,12.7349,16660400,39400,883900,0,1700,0
save_load,0,16.6663,16.6698,2.2026,18138,521,817300227692,2.8417,1.1619,13.8092,16643100,39100,823100,0,1800,0
save_load,0,16.6655,16.7145,2.5190,18138,520,817300394390,2.8029,1.3507,13.8920,16648600,39000,660300,0,2100,0
save_load,0,16.6673,16.6791,2.1832,18138,520,817300561535,2.8536,1.0366,13.8069,16651300,36800,829700,0,1700,0
save_load,0,16.6672,16.6633,2.2047,18138,521,817300728326,2.4757,1.1173,14.1675,16651200,36500,732200,0,1600,0
save_load,0,16.6667,16.6640,2.6081,18138,520,817300894959,2.5704,1.0488,14.0784,16651600,35400,704400,0,1800,0
save_load,0,16.6690,16.6675,2.2497,18138,517,817301061599,2.6398,1.0027,14.0116,16657200,33700,792900,0,1500,0
save_load,0,16.6648,16.6663,2.7668,18138,521,817301228274,2.2968,0.9291,14.3546,16642800,44100,855200,0,2200,0
save_load,0,16.6680,16.6668,2.2211,18138,521,817301394937,2.2300,0.9730,14.4217,16652800,34400,1451500,0,1400,0
save_load,0,16.6664,16.6736,2.1924,18138,519,817301561605,2.2771,1.2766,14.3802,16647600,35000,781200,0,1600,0
save_load,0,16.6666,16.6607,2.6747,18138,520,817301728341,2.9043,1.2847,13.7388,16652800,35500,735600,0,1400,0
save_load,0,16.6676,16.6689,2.2538,18138,521,817301894948,3.1411,1.0451,13.5117,16657000,39200,1217700,0,2500,0
save_load,0,16.6698,16.6651,2.4494,18138,521,817302061637,2.5023,1.2563,14.1453,16648000,38300,792600,0,1600,0
save_load,0,16.6662,16.6693,2.3183,18138,519,817302228288,2.9965,1.2415,13.6566,16645200,39400,890000,0,1700,0
save_load,0,16.6667,16.6730,2.2364,18138,521,817302394981,3.4022,1.0703,13.2550,16640600,36600,818000,0,1900,0
save_load,0,16.6652,16.6671,2.2702,18138,521,817302561711,2.6754,1.1840,13.9728,16646800,36200,1017100,0,1800,0
save_load,0,16.6693,16.6678,2.2067,18138,515,817302728382,3.0525,1.1085,13.5929,16653700,36700,698600,0,2200,0
save_load,0,16.6669,16.6625,2.6030,18138,516,817302895060,3.4599,1.0671,13.1808,16647000,40100,914300,0,1900,0
save_load,0,16.6655,16.6648,2.2528,18138,520,817303061685,3.2405,1.0658,13.4067,16649000,43300,1992600,0,3100,0
save_load,0,16.6651,16.6711,2.1873,18138,520,817303228333,2.5319,1.1852,14.1220,16646000,40700,667500,0,1700,0
save_load,0,16.6679,16.6642,2.2139,18138,521,817303395044,2.7252,1.4038,13.9220,16651800,36000,1014200,0,1400,0
save_load,0,16.6672,16.6673,2.2753,18138,521,817303561686,4.2119,1.2111,12.4372,16651800,38300,581900,0,1400,0
save_load,0,16.6670,16.6627,2.9573,18138,517,817303728359,2.8612,1.2314,13.7851,16652100,35000,700100,0,1600,0
save_load,0,16.6676,16.6665,2.2579,18138,521,817303894986,2.7534,1.0660,13.8984,16651700,36700,826500,0,1400,0
save_load,2,16.6661,16.6684,2.2272,43074,517,817304061651,2.4463,1.3273,14.2055,16649900,795600,734000,0,2000,0
save_load,0,16.6679,16.6668,2.9338,18248,521,817304228335,2.3619,1.0803,14.2904,16654000,35700,1154700,0,1900,0
save_load,0,16.6671,16.6682,2.2231,18248,521,817304395003,2.5703,1.5948,14.0815,16650800,39000,806800,0,1600,0
save_load,0,16.6665,16.6652,2.4719,18248,520,817304561685,3.4383,1.3672,13.2117,16648400,39600,692300,0,1600,0
save_load,0,16.6664,16.6693,2.2047,18248,521,817304728337,2.9282,1.1592,13.7259,16648900,36600,871500,0,1400,0
save_load,0,16.6675,16.6677,2.2927,18248,519,817304895030,2.6701,1.2348,13.9810,16653600,34700,599900,0,1600,0
save_load,0,16.6672,16.6650,2.4484,18248,518,817305061707,2.6568,1.0882,13.9917,16653000,101400,639700,0,1700,0
save_load,0,16.6680,16.6644,2.1955,18248,521,817305228357,2.5547,1.0291,14.0944,16652300,36100,783300,0,1800,0
save_load,0,16.6659,16.6688,2.4709,18248,521,817305395001,2.8330,1.4379,13.8207,16645400,39400,827300,0,1600,0
save_load,0,16.6676,16.6692,2.2764,18248,521,817305561689,2.4037,1.4990,14.2493,16653300,37500,889900,0,1600,0
save_load,0,16.6669,16.6689,2.2364,18248,521,817305728381,3.1151,1.0160,13.5374,16649500,38400,813800,0,1900,0
save_load,0,16.6667,16.6641,2.2559,18248,519,817305895070,2.5581,1.4079,14.0874,16650000,39000,640200,0,1900,0
save_load,0,16.6674,16.6693,2.2282,18248,520,817306061711,2.8463,1.0764,13.8072,16651400,102700,965000,0,1900,0
save_load,0,16.6672,16.6656,3.0372,18248,516,817306228404,3.1184,1.2204,13.5313,16650800,36700,863200,0,1800,0
save_load,0,16.6658,16.6664,2.2252,18248,521,817306395060,2.6653,1.1245,13.9849,16648600,41200,947800,0,2000,0
save_load,0,16.7479,16.6673,2.1719,18248,521,817306561724,3.0759,1.1298,13.5757,16741500,35800,744900,0,1600,0
save_load,0,16.6580,16.6675,2.6153,18248,521,817306728397,2.7270,1.1679,13.9240,16635800,34700,1308200,0,1700,0
save_load,0,16.6675,16.6648,2.2815,18248,521,817306895072,2.9076,1.0156,13.7411,16650300,36600,791000,0,1500,0
save_load,0,16.6652,16.7560,2.4689,18248,521,817307061720,2.6225,1.4916,14.1192,16649800,34600,644900,0,1500,0
save_load,0,16.6693,16.6514,2.2794,18248,521,817307229280,3.0622,1.0885,13.5740,16656900,33400,682200,0,1200,0
save_load,0,16.6658,16.6665,2.1484,18248,521,817307395794,2.6943,1.1828,13.9563,16646900,36200,796000,0,1700,0
save_load,0,16.6675,16.6634,2.5221,18248,520,817307562459,2.3848,1.2640,14.2650,16652300,36600,641800,0,1800,0
save_load,0,16.6662,16.6725,2.2149,18248,521,817307729093,2.6472,1.2089,14.0100,16650500,34800,1121500,0,1300,0
save_load,0,16.6686,16.6637,2.5733,18248,521,817307895818,2.8185,1.0962,13.8285,16654600,34200,849400,0,1600,0
save_load,0,16.6669,16.6677,2.2159,18248,521,817308062455,2.4408,1.2186,14.2116,16648700,38700,1572800,0,1800,0
save_load,0,16.6665,16.6660,2.2067,18248,519,817308229132,2.8120,1.2286,13.8386,16650400,37800,1683200,0,1900,0
save_load,0,16.6679,16.6714,2.1391,18248,521,817308395792,2.4485,1.3818,14.2063,16648700,46200,1097900,0,1800,0
save_load,0,16.6703,16.6657,2.1924,18248,521,817308562506,3.8093,1.5583,12.8395,16656500,182300,722500,0,2600,0
save_load,0,16.6763,16.6676,2.6399,18248,520,817308729163,3.5584,1.2850,13.0922,16661700,44200,931400,0,2100,0
save_load,0,16.6627,16.6701,2.2979,18248,521,817308895839,3.5254,1.2897,13.1235,16635500,45900,785700,0,2900,0
save_load,0,16.6662,16.6785,2.5938,18248,519,817309062540,3.8464,1.5535,12.8103,16629000,76400,717000,0,1700,0
save_load,0,16.6707,16.6899,2.6245,18248,520,817309229325,3.4086,1.5981,13.2532,16649300,42200,1239300,0,1700,0
save_load,0,16.6660,16.6690,2.1484,18248,515,817309396224,3.1692,1.6191,13.4667,16634600,44300,975700,0,1700,0
save_load,0,16.6595,16.6548,2.4934,18248,521,817309562914,2.8075,1.3205,13.8220,16607100,53200,859300,0,4300,0
save_load,0,16.6817,16.6784,2.1094,18248,520,817309729462,3.2426,1.3796,13.4073,16626600,41400,756700,0,1900,0
save_load,0,16.6525,16.6685,2.6225,18248,521,817309896246,3.4414,1.3994,13.1938,16599900,82200,942200,0,3400,0
save_load,0,16.6660,16.6346,2.2149,18248,515,817310062931,4.1668,1.7732,12.4403,16647100,39800,1192200,0,2400,0
save_load,0,16.6735,16.7123,2.1903,18248,520,817310229277,3.2649,1.2835,13.3619,16665500,39700,998700,0,3000,0
save_load,0,16.6615,16.6202,2.4596,18248,521,817310396400,3.8377,1.7886,12.7624,16624700,44200,825800,0,1800,0
save_load,0,16.6691,16.6645,2.2180,18248,521,817310562602,3.5121,2.0434,13.1351,16657400,42200,707300,0,1600,0
save_load,0,16.6667,16.6916,2.1729,18248,520,817310729247,3.9341,1.2230,12.7319,16637300,49900,1037200,0,1900,0
save_load,0,16.6661,16.6492,2.5252,18248,520,817310896163,3.0263,1.2491,13.5985,16641000,48500,659800,0,1600,0
save_load,0,16.6647,16.6794,2.1299,18248,521,817311062655,2.9031,1.4387,13.7545,16636700,57000,1809100,0,2200,0
save_load,0,16.6669,16.6619,2.7116,18248,518,817311229449,3.3843,1.6183,13.2534,16646500,40700,858400,0,1900,0
save_load,0,16.6695,16.6649,2.2385,18248,520,817311396068,2.8780,1.4529,13.7631,16654700,39700,1145800,0,2200,0
save_load,0,16.6676,16.6571,2.3255,18248,521,817311562717,4.1029,1.2585,12.5341,16646000,54400,837400,0,1800,0
save_load,0,16.6679,16.6644,2.6327,18248,521,817311729288,3.1072,1.9232,13.5393,16646900,47600,770100,0,2200,0
save_load,0,16.6631,16.6766,2.2856,18248,521,817311895932,3.4882,1.1233,13.1669,16637400,47200,1372100,0,2500,0
save_load,0,16.6724,16.6684,2.4586,18248,520,817312062698,3.2164,1.7544,13.4298,16664700,44600,793800,0,3200,0
save_load,0,16.6658,16.6683,2.2712,18248,521,817312229382,2.7180,1.5612,13.9291,16631700,61300,892600,0,1900,0
save_load,0,16.6614,16.6570,2.4822,18248,520,817312396065,3.4450,1.7892,13.1925,16635000,48400,672400,0,2300,0
save_load,0,16.6667,16.6904,2.4975,18248,521,817312562635,2.8200,1.2785,13.8449,16649000,38400,814900,0,1600,0
save_load,0,16.6678,16.6530,2.2487,18248,519,817312729539,2.8370,1.4508,13.7950,16652500,35900,635100,0,1400,0
save_load,0,16.6652,16.6521,2.5539,18248,521,817312896069,2.4877,1.0535,14.1474,16549400,36000,3114300,953200,1900,0
save_load,0,16.6673,16.6655,2.2170,18248,521,817313062590,2.4262,1.4064,14.2229,16652100,36100,863900,0,1800,0
save_load,0,16.6682,16.6670,2.5928,18248,518,817313229245,2.3111,1.0138,14.3415,16653000,37800,858200,0,1800,0
save_load,0,16.6780,16.6653,2.5508,18248,516,817313395915,3.3856,1.0708,13.1638,16664200,37800,833100,0,1800,0
save_load,0,16.6564,16.6676,2.2692,18248,521,817313562568,2.5718,1.0672,14.0803,16637800,37900,747200,0,1600,0
save_load,0,16.6652,16.6687,2.9379,18248,521,817313729244,2.5533,1.0312,14.1000,16648400,35400,846000,0,1700,0
save_load,0,16.6733,16.6811,2.2589,18248,520,817313895931,2.5155,1.5407,14.1488,16664600,34800,1130300,0,1500,0
save_load,1,16.6582,16.6533,2.2426,39795,520,817314062742,2.6943,1.0989,13.9438,16626400,11701100,810800,0,1900,0
save_load,0,16.6707,16.6633,2.7341,18138,521,817314229275,2.6105,1.2202,14.0380,16663400,34600,596100,0,1300,0
save_load,0,16.6670,16.6841,2.2262,18138,520,817314395908,2.8169,1.6285,13.8478,16651200,34000,718600,0,1200,0
save_load,0,16.6684,16.6422,2.6030,18138,519,817314562749,14.3674,1.1614,2.2590,16656100,36200,607400,0,1400,0
save_load,0,16.6658,16.6770,2.2600,18138,521,817314729171,2.1248,1.0041,14.5387,16649000,38900,1198100,0,1600,0
save_load,0,16.6663,16.6660,2.2784,18138,521,817314895941,2.1237,1.1696,14.5277,16648900,37200,771300,0,1800,0
save_load,0,16.6677,16.6720,2.4044,18138,520,817315062601,2.2911,1.3693,14.3651,16653400,37500,776500,0,1500,0
save_load,0,16.6672,16.6652,2.2098,18138,521,817315229321,2.6467,1.0405,14.0024,16650900,36100,1096700,0,1500,0
save_load,0,16.6675,16.6643,2.5344,18138,521,817315395973,2.3546,0.9878,14.2945,16651500,38600,682400,0,1500,0
save_load,0,16.6679,16.6685,2.2528,18138,521,817315562616,2.3018,1.3388,14.3517,16651100,38000,958000,0,1600,0
save_load,0,16.8107,16.6677,2.1627,18138,521,817315729301,2.6413,1.4916,14.0098,16796300,39100,658800,0,1600,0
save_load,0,16.6658,16.6683,2.5754,18138,520,817315895978,2.4164,1.3314,14.2352,16629900,37800,692800,0,1700,0
save_load,0,16.6669,16.6682,2.2374,18138,520,817316062661,2.6203,1.2122,14.0309,16649800,36800,921400,0,1700,0
save_load,0,16.6662,16.8200,3.0013,18138,521,817316229343,2.4567,0.9947,14.3399,16651100,34500,759000,0,1300,0
save_load,0,16.6678,16.6558,2.1924,18138,518,817316397543,2.1735,1.5940,14.4564,16651100,35600,974100,0,1600,0
save_load,0,16.6650,16.6653,2.2774,18138,521,817316564101,2.5788,1.0250,14.0711,16649600,36300,827100,0,1900,0
save_load,0,16.6836,16.6679,2.7259,18138,521,817316730754,2.2157,1.1833,14.4355,16671800,35900,692900,0,1400,0
save_load,0,16.6554,16.6661,2.2497,18138,518,817316897433,2.4690,1.0802,14.1822,16636500,35700,1007400,0,1600,0
save_load,0,16.6677,16.6654,2.4996,18138,519,817317064094,2.2867,0.9872,14.3630,16652800,37400,706400,0,1700,0
save_load,0,16.6669,16.6872,2.1709,18138,521,817317230748,2.1507,1.0659,14.5211,16649800,39000,1305900,0,1600,0
save_load,0,16.6659,16.6519,2.1821,18138,519,817317397620,2.4459,1.5420,14.1908,16647300,37000,689300,0,1900,0
save_load,0,16.6689,16.6691,2.7402,18138,521,817317564139,2.2435,1.3894,14.4094,16653500,37000,768000,0,1500,0
save_load,0,16.6664,16.6663,2.1074,18138,517,817317730830,2.8104,1.2590,13.8395,16648500,35900,951400,0,1900,0
save_load,0,16.6674,16.6639,2.5334,18138,520,817317897493,2.4846,0.9358,14.1628,16652800,36200,679600,0,1500,0
save_load,0,16.6655,16.6712,2.2426,18138,521,817318064132,2.3208,0.9863,14.3327,16647300,37700,623800,0,1800,0
save_load,0,16.6669,16.6650,2.6040,18138,521,817318230844,2.3419,1.5007,14.3068,16654300,39000,982800,0,1500,0
save_load,0,16.6672,16.6687,2.4443,18138,521,817318397494,2.2004,1.0718,14.4527,16650500,36400,593100,0,1300,0
save_load,0,16.6674,16.6631,2.3020,18138,521,817318564181,2.1485,1.2140,14.4989,16651100,36700,749300,0,1300,0
save_load,0,16.6662,16.6695,2.9389,18138,521,817318730812,2.5206,1.4721,14.1338,16651700,35200,749600,0,1600,0
save_load,0,16.6683,16.6666,2.2180,18138,519,817318897507,2.2809,1.0589,14.3699,16653000,37800,995500,0,1300,0
save_load,0,16.6653,16.6664,2.1135,18138,521,817319064173,2.4168,0.9587,14.2344,16648900,35800,767900,0,1400,0
save_load,0,16.6670,16.6666,2.9409,18138,519,817319230837,2.4239,1.1895,14.2279,16653500,35800,627900,0,1500,0
save_load,0,16.6664,16.6678,2.2630,18138,519,817319397503,2.3358,0.9600,14.3172,16655500,36100,610900,0,1500,0
save_load,0,16.6680,16.6636,2.5958,18138,517,817319564181,2.2623,1.0103,14.3865,16647800,34600,815200,0,1400,0
save_load,0,16.6659,16.6692,2.1412,18138,518,817319730817,2.1770,1.2463,14.4767,16650100,34800,577400,0,1300,0
save_load,0,16.6678,16.6716,2.2886,18138,520,817319897509,2.1643,0.9796,14.4913,16653900,35400,737200,0,1800,0
save_load,0,16.6670,16.6623,2.4893,18138,521,817320064225,2.2448,0.9492,14.4031,16651500,37200,841700,0,1700,0
save_load,0,16.6677,16.6660,2.2661,18138,521,817320230848,2.1084,1.5045,14.5420,16651800,36300,1170400,0,1400,0
save_load,0,16.7724,16.6691,2.4351,18138,520,817320397508,2.4202,1.0145,14.2339,16756900,35100,941000,0,1500,0
save_load,0,16.6615,16.6671,2.2569,18138,520,817320564199,2.5525,1.3663,14.0991,16639900,39500,855900,0,1500,0
save_load,0,16.6652,16.6676,2.4658,18138,521,817320730870,2.9255,1.1747,13.7264,16643100,35700,835700,0,1800,0
save_load,0,16.6721,16.7767,2.2088,18138,520,817320897546,2.9269,1.2569,13.8301,16660100,35800,785900,0,1500,0
save_load,0,16.6675,16.6593,2.1166,18138,521,817321065313,2.7794,1.0614,13.8607,16650700,47400,1579000,0,2000,0
save_load,0,16.6648,16.6632,3.0239,18138,520,817321231906,2.4496,1.2744,14.1936,16636000,64000,848200,0,2000,0
save_load,0,16.6687,16.6810,2.5928,18138,518,817321398538,2.6262,1.8608,14.0341,16647900,48100,903300,0,2300,0
save_load,0,16.6669,16.6743,2.2528,18138,517,817321565348,4.2020,1.6542,12.4488,16640000,45300,911900,0,2100,0
save_load,0,16.6687,16.6573,2.5405,18138,519,817321732091,3.6456,1.6443,12.9906,16648300,53600,1547000,0,2100,0
save_load,0,16.6641,16.6688,2.2651,18138,521,817321898664,3.8080,1.2364,12.8400,16638400,55700,1638000,0,1900,0
save_load,0,16.6680,16.6662,2.5006,18138,520,817322065352,3.3459,1.4809,13.2943,16645900,45200,770000,0,3000,0
save_load,0,16.6709,16.6734,2.2753,18138,519,817322232014,3.9918,1.3597,12.6567,16668500,51600,1781900,0,2700,0
save_load,0,16.6660,16.6600,2.4330,18138,521,817322398748,4.1211,1.0402,12.5176,16624200,57600,1454900,0,2100,0
save_load,0,16.6626,16.6681,2.2897,18138,521,817322565348,3.1401,2.0058,13.5058,16634100,52300,1399700,0,2300,0
save_load,0,16.6696,16.6940,2.1862,18138,521,817322732029,4.4815,1.4772,12.1872,16652900,41700,941800,0,1900,0
save_load,0,16.8384,16.6489,2.4965,18138,521,817322898969,4.1452,1.2769,12.4791,16819500,60200,882800,0,2400,0
save_load,0,16.6628,16.6546,2.1678,18138,520,817323065458,3.3478,1.7654,13.2865,16622100,60100,786800,0,2100,0
save_load,0,16.6655,16.6777,2.9594,18138,521,817323232004,3.8436,1.8383,12.8096,16631700,52400,1177900,0,1700,0
save_load,0,16.6612,16.8525,2.2292,18138,520,817323398781,3.3614,1.0928,13.4584,16637900,46000,862900,0,2400,0
save_load,0,16.6688,16.6510,2.1862,18138,521,817323567306,3.3316,1.4063,13.2908,16654500,36900,817900,0,1600,0
save_load,0,16.6656,16.6544,3.1386,18138,521,817323733816,3.2295,1.2007,13.4026,16649000,40200,1028000,0,1800,0
save_load,0,16.6686,16.6538,2.3173,18138,521,817323900360,3.4095,1.0752,13.2284,16718400,35600,780100,0,1300,0
save_load,2,16.6654,16.6707,2.5416,43074,521,817324066898,3.0663,1.5334,13.5884,16584700,787000,1682600,0,2000,0
save_load,0,16.6655,16.6637,2.6184,18248,520,817324233605,3.2125,1.3645,13.4365,16648200,37300,946200,0,1500,0
save_load,0,16.6670,16.7338,2.4279,18248,519,817324400242,2.6107,1.4238,14.1080,16652600,35100,733500,0,1300,0
save_load,0,16.6676,16.6002,2.4945,18248,521,817324567580,4.4878,1.2174,12.0971,16654700,33600,1002800,0,1300,0
save_load,0,16.6720,16.6645,2.2364,18248,520,817324733582,2.9818,1.4178,13.6666,16663700,33800,561400,0,1400,0
save_load,0,16.6649,16.6666,2.2108,18248,521,817324900227,2.6239,1.1533,14.0289,16633900,62300,971200,0,3200,0
save_load,0,16.6725,16.6679,2.2354,18248,521,817325066893,2.4293,1.1256,14.2256,16656400,41600,1331100,0,2000,0
save_load,0,16.6650,16.6834,2.2170,18248,521,817325233572,2.4759,1.4827,14.1880,16646100,41500,1654300,0,2200,0
save_load,0,16.6666,16.6572,2.4596,18248,521,817325400406,3.8979,1.3306,12.7362,16649500,37500,1422700,0,1500,0
save_load,0,16.6672,16.6728,2.2528,18248,521,817325566978,3.0079,1.4767,13.6485,16652200,38300,1376900,0,1300,0
save_load,0,16.6665,16.6634,2.5201,18248,519,817325733706,3.6598,1.1652,12.9865,16650000,34000,913100,0,1100,0
save_load,0,16.6675,16.6654,2.2958,18248,521,817325900340,3.1910,1.0986,13.4587,16654100,33800,1289700,0,1400,0
save_load,0,16.6678,16.6679,2.2354,49123,521,817326066994,3.2033,1.0217,13.4492,16651600,37000,4721500,1418300,1600,0
save_load,0,16.6666,16.6647,2.8877,18248,521,817326233673,2.8310,1.0683,13.8192,16652500,34600,828900,0,1500,0
save_load,0,16.6656,16.6698,2.2426,18248,518,817326400320,3.0906,1.1409,13.5636,16650200,35700,1036500,0,1500,0
save_load,0,16.6665,16.6664,2.2067,18248,521,817326567018,4.9770,1.0139,11.6746,16649100,38500,716800,0,1900,0
save_load,0,16.6668,16.6683,2.6993,18248,521,817326733682,2.4810,1.0210,14.1717,16651300,35000,732800,0,1100,0
save_load,0,16.6666,16.6658,2.2733,18248,521,817326900365,3.0357,1.0386,13.6147,16652400,34100,676900,0,1400,0
save_load,0,16.6663,16.6638,2.4596,18248,520,817327067023,2.5063,0.9438,14.1430,16650100,34100,730100,0,1100,0
save_load,0,16.6694,16.6665,2.2743,18248,521,817327233661,2.3635,0.9394,14.2878,16659600,34000,883900,0,1300,0
save_load,0,16.6661,16.6664,2.1565,18248,519,817327400326,2.5736,0.9439,14.0790,16649000,34600,709100,0,1300,0
save_load,0,16.6648,16.6643,2.2723,18248,521,817327566990,2.7792,1.3146,13.8710,16648000,32700,676600,0,1300,0
save_load,0,16.6689,16.6744,2.2098,18248,518,817327733633,2.6815,1.0862,13.9782,16658400,32500,994900,0,1000,0
save_load,0,16.6674,16.6633,2.5047,18248,520,817327900377,2.8619,0.8935,13.7872,16652700,34000,670500,0,1200,0
save_load,0,16.6682,16.6606,2.2211,18248,520,817328067010,2.2526,1.1703,14.3955,16652100,62500,592000,0,1400,0
save_load,0,16.6687,16.6725,2.2323,18248,521,817328233616,2.5424,1.0276,14.1163,16650400,37000,778200,0,1700,0
save_load,0,16.6669,16.6693,2.4402,18248,521,817328400341,2.2528,1.2870,14.4001,16647600,37700,797300,0,1700,0
save_load,0,16.6636,16.6699,2.2569,18248,521,817328567034,2.3646,1.1131,14.2876,16640200,38700,600400,0,1600,0
save_load,0,16.6662,16.6694,2.6460,18248,521,817328733733,2.6485,1.1405,14.0022,16651500,35100,789100,0,1500,0
save_load,0,16.6675,16.6686,2.2712,18248,520,817328900427,2.6739,1.1951,13.9738,16653900,32400,687600,0,1200,0
save_load,0,16.6673,16.6583,2.4658,18248,521,817329067113,2.9259,0.9859,13.7143,16653200,33800,799000,0,1300,0
save_load,0,16.6679,16.6657,2.7484,18248,519,817329233696,2.7245,1.4054,13.9270,16652200,35300,1020200,0,1600,0
save_load,0,16.6698,16.6677,2.2231,18248,520,817329400353,2.3428,0.9496,14.3113,16656300,37000,659300,0,1800,0
save_load,0,16.6615,16.6683,2.4883,18248,521,817329567030,2.3372,1.1052,14.3161,16633500,47500,908700,0,2400,0
save_load,0,16.6683,16.6685,2.2190,18248,519,817329733713,3.3471,1.3578,13.3053,16650200,35900,718000,0,1400,0
save_load,0,16.6678,16.6784,2.5795,18248,521,817329900398,3.2661,1.1785,13.3905,16653500,87400,1022800,0,1300,0
save_load,0,16.6658,16.6529,2.4750,18248,520,817330067182,3.1510,1.0613,13.4826,16647700,34900,1539700,0,1300,0
save_load,0,16.6679,16.6645,2.2845,18248,520,817330233711,2.7051,0.9432,13.9451,16652900,33900,885100,0,1400,0
save_load,0,16.6675,16.6703,2.4433,18248,519,817330400356,2.5944,0.9949,14.0593,16655300,35800,559200,0,1400,0
save_load,0,16.6662,16.6628,2.2262,18248,521,817330567059,3.2178,1.0189,13.4300,16650000,35500,583800,0,1800,0
save_load,0,16.6675,16.6694,2.1135,18248,521,817330733687,2.8059,1.2488,13.8470,16652500,34400,627400,0,1400,0
save_load,0,16.6664,16.6707,2.2927,18248,521,817330900381,2.2092,1.2911,14.4462,16651100,35100,709200,0,1300,0
save_load,0,16.6686,16.6649,2.2047,18248,521,817331067088,2.1459,1.0350,14.5041,16653300,35600,799300,0,1600,0
save_load,0,16.6655,16.6666,2.9440,18248,521,817331233737,2.3293,1.4105,14.3234,16648600,33500,584200,0,1300,0
save_load,0,16.6692,16.6686,2.2200,18248,521,817331400403,2.1958,0.9914,14.4554,16656600,34100,766800,0,1500,0
save_load,0,16.6649,16.6679,2.2897,18248,520,817331567089,2.3964,0.9593,14.2570,16647400,39500,1171100,0,2300,0
save_load,0,16.6647,16.6652,2.6276,18248,521,817331733768,2.0965,0.9773,14.5523,16636500,35100,591500,0,1300,0
save_load,0,16.6685,16.6733,2.2405,18248,520,817331900420,2.3201,1.3260,14.3367,16658800,33900,1155500,0,1300,0
save_load,0,16.6672,16.6673,2.4422,18248,521,817332067153,2.7743,1.2310,13.8733,16652900,34000,715000,0,1100,0
save_load,0,16.6679,16.6538,2.2845,18248,519,817332233826,2.2156,0.9371,14.4209,16656300,35000,1190600,0,1300,0
save_load,0,16.6661,16.6715,2.2067,18248,519,817332400364,2.3927,1.0659,14.2662,16652500,36200,665800,0,1600,0
save_load,0,16.6712,16.6663,2.5057,18248,519,817332567079,2.2232,1.1817,14.4298,16653600,37500,667600,0,1400,0
save_load,0,16.6614,16.6708,2.2292,18248,521,817332733742,2.7739,0.9491,13.8826,16646200,36500,712200,0,1400,0
save_load,0,16.6661,16.6679,2.5416,18248,521,817332900450,2.4242,0.9149,14.2283,16649900,32800,594800,0,1300,0
save_load,0,16.6680,16.6682,2.1473,18248,521,817333067129,2.1474,0.9558,14.5064,16658400,32400,674900,0,1200,0
save_load,0,16.6651,16.6598,2.1494,18248,521,817333233811,2.4206,0.9473,14.2257,16647200,34300,748000,0,1400,0
save_load,0,16.6690,16.6636,2.1340,18248,519,817333400409,2.2538,1.0475,14.3963,16662100,30700,590800,0,1100,0
save_load,0,16.6655,16.6712,2.2651,18248,520,817333567045,2.1383,0.9191,14.5202,16647300,35400,706600,0,1400,0
save_load,0,16.6687,16.6591,2.6767,18248,520,817333733757,2.3188,1.4288,14.3284,16660800,32700,674900,0,1500,0
save_load,0,16.6685,16.6758,2.2692,18248,521,817333900348,2.1799,0.9972,14.4823,16653400,34700,644700,0,1200,0
save_load,0,16.6636,16.6604,2.4381,18248,520,817334067106,2.3623,1.4631,14.2851,16645000,34500,735400,0,1200,0
save_load,1,16.6644,16.6747,2.5774,39795,520,817334233710,2.6826,1.0803,13.9783,16649200,4539000,487300,0,1200,0
save_load,0,16.6696,16.6682,2.2415,18138,521,817334400457,2.4425,0.9362,14.2111,16662000,29500,721300,0,900,0
save_load,0,16.6673,16.6581,2.2508,18138,521,817334567139,2.3872,1.1447,14.2579,16656700,31700,639400,0,900,0
save_load,0,16.6657,16.6620,2.1217,18138,521,817334733720,6.4133,1.1175,10.2359,16648700,35200,716900,0,1400,0
save_load,0,16.6684,16.6736,2.2252,18138,521,817334900340,2.1384,1.3342,14.5236,16658900,31100,596900,0,1200,0
save_load,0,16.6679,16.6698,2.2467,18138,521,817335067076,1.9211,1.4194,14.7357,16654500,33400,661900,0,1100,0
save_load,0,16.6724,16.6618,2.2497,18138,521,817335233774,2.1796,1.0048,14.4692,16659600,36100,659600,0,1400,0
save_load,0,16.6598,16.6712,2.4504,18138,520,817335400392,2.0895,1.3753,14.5695,16645600,37300,833100,0,1700,0
save_load,0,16.7179,16.6679,2.2948,18138,521,817335567104,1.9479,1.3083,14.7067,16714000,34400,609500,0,1100,0
save_load,0,16.6994,16.6723,2.4791,18138,520,817335733783,2.3860,1.1877,14.2738,16680300,33100,644900,0,1100,0
save_load,0,16.7014,16.6582,2.2712,18138,521,817335900506,2.4899,1.3398,14.1557,16688700,32100,931500,0,1200,0
save_load,0,16.6649,16.7257,2.0900,18138,521,817336067088,2.1317,1.3203,14.5823,16650000,39400,704700,0,1400,0
save_load,0,16.6691,16.6929,2.9850,18138,520,817336234345,1.9644,0.9623,14.7159,16656000,32800,624200,0,1000,0
save_load,0,16.6679,16.7025,2.2405,18138,521,817336401274,2.2568,0.9144,14.4320,16653000,35600,672900,0,1700,0
save_load,0,16.6669,16.6629,2.1606,18138,516,817336568299,2.2019,1.3287,14.4482,16650900,36400,640400,0,1500,0
save_load,0,16.6648,16.6742,2.5344,18138,519,817336734928,1.8977,1.0203,14.7584,16645900,34800,754500,0,1600,0
save_load,0,16.6694,16.6681,2.2610,18138,521,817336901670,2.6253,1.1655,14.0278,16657700,33200,621800,0,1200,0
save_load,0,16.6657,16.6670,2.4740,18138,517,817337068351,2.5361,0.9967,14.1149,16650400,35500,651400,0,1600,0
save_load,0,16.6662,16.6598,2.2303,18138,521,817337235021,2.6948,0.9989,13.9512,16651300,36200,735300,0,2000,0
save_load,0,16.6661,16.6732,2.3869,18138,520,817337401619,2.3481,1.0416,14.3097,16648300,37900,852400,0,1400,0
save_load,0,16.6653,16.6651,2.5129,18138,521,817337568351,2.2296,1.1184,14.4209,16650600,32700,2889500,826000,1200,0
save_load,0,16.7078,16.6674,2.2641,18138,521,817337735002,2.2937,0.9884,14.3576,16713700,30500,660000,0,1100,0
save_load,0,16.6623,16.6615,2.4852,18138,518,817337901676,2.4629,1.0653,14.1855,16625000,31000,651800,0,1200,0
save_load,0,16.6660,16.6618,2.2221,18138,521,817338068291,3.1871,0.9863,13.4636,16638000,59900,978000,0,2200,0
save_load,0,16.6642,16.7380,2.1770,18138,518,817338234909,2.2636,0.9091,14.4502,16646800,39200,1258300,0,1600,0
save_load,0,16.7102,16.6476,2.2610,18138,521,817338402289,2.3921,1.4263,14.2331,16695800,33900,746400,0,1500,0
save_load,0,16.6672,16.6601,3.2072,18138,521,817338568765,3.6250,1.1924,13.0131,16651400,34300,714500,0,1600,0
save_load,0,16.6648,16.6622,2.6173,18138,519,817338735366,3.0462,1.0052,13.6006,16647800,32700,572700,0,1100,0
save_load,0,16.7420,16.7100,2.2651,18138,521,817338901988,2.3802,0.9088,14.3156,16734400,38300,707300,0,1300,0
save_load,0,16.6646,16.6659,2.4771,18138,521,817339069088,2.5151,0.9555,14.1364,16645100,46900,1052100,0,1500,0
save_load,0,16.6654,16.6612,2.1586,18138,520,817339235747,2.2523,0.9131,14.3956,16650800,38600,661100,0,1400,0
save_load,0,16.6682,16.7504,2.2364,18138,520,817339402359,2.6292,0.9286,14.1052,16657500,36400,815300,0,1400,0
save_load,0,16.6726,16.6595,2.5375,18138,520,817339569863,2.6091,0.9492,14.0363,16663400,38600,849100,0,1300,0
save_load,0,16.6670,16.6628,2.2548,18138,521,817339736458,2.2333,1.1558,14.4176,16642100,53800,1268500,0,2100,0
save_load,0,16.6692,16.6708,2.5569,18138,520,817339903086,2.7149,1.0371,13.9427,16647200,58600,756400,0,2600,0
save_load,0,16.8624,16.6832,2.2292,18138,520,817340069794,2.7801,1.8331,13.8834,16831200,65400,954300,0,3200,0
save_load,0,16.6694,16.6663,2.2354,18138,521,817340236626,4.0535,1.7304,12.5887,16653200,40700,980500,0,1500,0
save_load,0,16.6650,16.6724,2.5324,18138,520,817340403289,3.6111,1.6700,13.0363,16645700,38900,1301700,0,1800,0
save_load,0,16.6677,16.8546,2.2467,18138,520,817340570013,3.7655,1.7408,13.0659,16651300,36400,777100,0,1400,0
save_load,0,16.6679,16.6706,2.5006,18138,521,817340738559,3.4340,1.3618,13.2196,16650800,41500,747800,0,1800,0
save_load,0,16.6660,16.6633,2.2671,18138,521,817340905265,3.4694,1.8019,13.1764,16649000,36600,930600,0,1900,0
save_load,0,16.6663,16.6677,2.1760,18138,521,817341071898,2.5298,1.6193,14.1215,16649900,35500,593200,0,1700,0
save_load,0,16.6681,16.6671,2.9082,18138,520,817341238575,2.5934,1.6353,14.0577,16651300,37800,862300,0,1800,0
save_load,0,16.6649,16.6647,2.5528,18138,521,817341405246,2.7285,1.1544,13.9206,16648800,36800,1145100,0,1700,0
save_load,0,16.6673,16.6661,2.3020,18138,519,817341571893,2.6370,1.2028,14.0131,16651500,34300,843900,0,1600,0
save_load,0,16.6659,16.6687,2.1729,18138,519,817341738554,2.6078,1.3387,14.0437,16650900,35700,688100,0,1600,0
save_load,0,16.6684,16.6649,2.2938,18138,520,817341905241,3.0812,0.9606,13.5678,16652300,35700,1143700,0,1300,0
save_load,0,16.6657,16.6668,2.5016,18138,521,817342071890,2.6500,1.0673,14.0017,16647600,36400,671500,0,2000,0
save_load,0,16.6778,16.6663,2.2661,18138,521,817342238558,2.4902,1.1967,14.1610,16676200,34300,796600,0,1200,0
save_load,0,16.6566,16.6685,2.2385,18138,521,817342405221,3.1040,1.4825,13.5485,16630700,35000,753000,0,1300,0
save_load,0,16.6671,16.6630,2.2682,18138,518,817342571906,2.3338,1.8856,14.3138,16654500,35300,582300,0,1200,0
save_load,0,16.6664,16.6910,2.2221,18138,520,817342738536,2.3838,0.9783,14.2926,16646600,35000,589700,0,1500,0
save_load,0,16.6675,16.6453,2.5170,18138,518,817342905446,2.2747,1.1256,14.3560,16665600,34000,774700,0,1400,0
save_load,0,16.6693,16.6694,2.2323,18138,520,817343071899,2.4850,1.0553,14.1696,16647700,35500,656500,0,1500,0
save_load,0,16.6658,16.6606,2.5836,18138,520,817343238593,2.5224,0.9717,14.1243,16622200,86100,1023700,0,2000,0
save_load,0,16.6661,16.6798,2.1975,18138,521,817343405199,2.4058,1.2808,14.2599,16649000,37000,945800,0,1700,0
save_load,0,16.6666,16.6644,2.2630,18138,516,817343571997,2.8400,1.1922,13.8078,16650000,35300,597100,0,1400,0
save_load,0,16.6675,16.6642,3.2256,18138,521,817343738641,2.7594,1.2047,13.8625,16651200,34600,657000,0,1500,0
save_load,0,16.6685,16.6655,2.2569,18138,521,817343905283,2.4831,1.5354,14.1661,16652700,36800,742300,0,1500,0
post_load_walking,3,16.6665,16.6657,2.2149,28590,521,817344071938,2.4798,1.3534,14.1703,16648900,277700,553000,0,1700,0
post_load_walking,0,16.6665,16.6683,2.6849,12778,258,817344238595,2.3019,1.7283,14.3495,16648800,82400,332300,0,2400,0
post_load_walking,0,16.6671,16.6703,1.9220,12778,257,817344405278,2.2409,1.6689,14.4120,16651500,122800,311900,0,1900,0
post_load_walking,0,16.8024,16.6660,1.8964,12778,257,817344571981,2.6457,0.8341,14.0033,16782800,82800,346000,0,2500,0
post_load_walking,0,16.6686,16.6651,1.8790,19170,255,817344738641,5.5514,0.7418,11.0976,16651000,77800,721000,0,1500,0
post_load_walking,0,16.6645,16.6694,1.8760,12778,254,817344905292,2.2229,0.9402,14.4289,16646400,81800,292500,0,1600,0
post_load_walking,0,16.6688,16.8009,1.8801,12778,255,817345071986,2.2869,1.4303,14.4960,16655100,77400,357700,0,1800,0
post_load_walking,0,16.6660,16.6684,1.8452,12778,250,817345239995,2.3756,0.8060,14.2754,16648500,78600,377600,0,2200,0
post_load_walking,0,16.6660,16.6622,2.0470,12778,251,817345406679,1.9961,0.8271,14.6505,16649400,78400,319000,0,1500,0
post_load_walking,0,16.6680,16.6715,1.7644,19170,253,817345573301,2.2875,0.8441,14.3678,16651200,79300,699000,0,1900,0
post_load_walking,0,16.6668,16.6644,1.7203,12778,254,817345740016,2.3635,0.7738,14.2851,16649900,84600,312100,0,1700,0
post_load_walking,0,16.6676,16.6661,1.7981,12778,249,817345906660,2.5310,1.4273,14.1184,16652900,73100,304900,0,1100,0
post_load_walking,0,16.6643,16.6685,1.7265,12778,242,817346073321,2.6469,0.7366,14.0044,16647300,82600,284900,0,1500,0
post_load_walking,0,16.6715,16.6657,2.4340,12778,243,817346240006,2.2737,0.7018,14.3764,16660700,70400,276600,0,1400,0
post_load_walking,0,16.6633,16.6684,1.7705,19170,240,817346406663,2.1267,0.6711,14.5264,16641400,75600,723700,0,1500,0
post_load_walking,0,16.6670,16.6622,1.6630,12778,239,817346573347,1.9722,0.6636,14.6753,16651300,73100,436400,0,1700,0
post_load_walking,0,16.6686,16.6782,1.7388,12778,241,817346739969,1.9606,0.8368,14.7003,16653700,79500,288500,0,1500,0
post_load_walking,0,16.6667,16.6577,1.7428,12778,238,817346906751,2.3344,0.7459,14.3071,16650800,76400,373900,0,1700,0
post_load_walking,0,16.6666,16.6668,1.9814,12778,238,817347073328,2.1569,1.0417,14.4945,16651600,86300,391300,0,1800,0
post_load_walking,0,16.6677,16.6691,1.6681,29010,234,817347239996,2.0738,0.8311,14.5800,16653800,79900,673200,0,2200,0
post_load_walking,0,16.6663,16.6672,1.6630,12778,194,817347406687,2.3830,0.8095,14.2680,16647100,77200,343800,0,1700,0
post_load_walking,0,16.6662,16.6666,1.7101,12778,194,817347573359,2.1723,1.1895,14.4794,16647500,82000,367900,0,1600,0
post_load_walking,0,16.6692,16.6706,1.6947,12778,193,817347740025,2.7466,0.7290,13.9073,16653600,78200,306300,0,1700,0
post_load_walking,0,16.6678,16.6648,1.9333,12778,189,817347906731,2.3008,1.0554,14.3464,16651200,75700,334100,0,1600,0
post_load_walking,0,16.6661,16.6646,1.7070,19170,189,817348073379,2.0416,0.6541,14.6058,16647300,85400,678300,0,2100,0
post_load_walking,0,16.6662,16.6691,1.6015,12778,189,817348240025,2.0849,0.9945,14.5689,16646900,78900,335200,0,1700,0
post_load_walking,0,16.6664,16.6690,1.7039,12778,189,817348406716,1.7604,0.9790,14.8908,16646000,79300,305300,0,2200,0
post_load_walking,0,16.6687,16.6675,1.7050,12778,190,817348573406,1.9821,0.7531,14.6655,16650700,82500,288500,0,2100,0
post_load_walking,0,16.6673,16.6670,2.0081,12778,190,817348740081,2.1257,0.6155,14.5213,16650300,72200,279600,0,1300,0
post_load_walking,0,16.6671,16.6644,1.6517,19170,190,817348906751,1.8671,0.6542,14.7789,16650300,81300,845100,0,1400,0
post_load_walking,0,16.6642,16.6679,1.7019,12778,189,817349073395,1.8656,0.6588,14.7853,16646100,87900,401300,0,1800,0
post_load_walking,0,16.6971,16.6687,1.7295,12778,188,817349240074,1.8786,1.2594,14.7718,16693200,77100,297200,0,1600,0
post_load_walking,0,16.6380,16.6678,1.6456,12778,156,817349406761,2.7109,0.7217,13.9396,16607400,76100,299800,0,1400,0
post_load_walking,0,16.6678,16.6630,1.9241,12778,154,817349573439,1.8182,0.8970,14.8281,16652700,79300,295400,0,1400,0
post_load_walking,0,16.6658,16.7109,1.7050,19170,156,817349740069,1.8695,0.6967,14.8240,16647900,99700,622000,0,1700,0
post_load_walking,0,16.6678,16.6235,1.6056,12778,154,817349907178,2.2734,0.9511,14.3342,16648400,80800,297900,0,1400,0
post_load_walking,0,16.6680,16.6700,1.7029,12778,153,817350073413,1.9072,0.8702,14.7456,16651400,79100,372300,0,1800,0
post_load_walking,0,16.6678,16.6659,1.6773,12778,153,817350240113,2.8184,0.7162,13.8297,16646300,80700,384900,0,1400,0
post_load_walking,0,16.6656,16.6649,1.9149,12778,153,817350406772,2.0493,1.0793,14.5992,16647300,98800,427200,0,2100,0
post_load_walking,0,16.6679,16.6735,1.5831,19170,153,817350573421,1.8285,0.7624,14.8230,16648900,94200,1013300,0,2000,0
post_load_walking,0,16.6668,16.6662,1.6046,12778,153,817350740156,2.2908,0.8177,14.3557,16638900,84700,370500,0,2400,0
post_load_walking,0,16.6682,16.6647,1.6445,12778,151,817350906818,2.4033,1.0774,14.2440,16646700,84400,816400,0,2000,0
post_load_walking,0,16.6642,16.6697,1.6814,12778,151,817351073465,2.8144,0.9493,13.8346,16641700,101400,608700,0,1900,0
post_load_walking,0,16.6678,16.6665,2.1484,12778,144,817351240162,2.3175,1.1367,14.3215,16656100,81500,828300,0,2900,0
post_load_walking,0,16.6682,16.6696,1.5759,19170,142,817351406827,2.9241,0.9657,13.7228,16647200,77500,723600,0,1600,0
post_load_walking,0,16.6652,16.6596,1.6087,12778,136,817351573523,2.4395,0.9500,14.2024,16645200,82400,734500,0,1800,0
post_load_walking,0,16.6671,16.6734,2.3572,12778,137,817351740119,2.5402,0.8310,14.1160,16651100,82700,328400,0,1600,0
post_load_walking,0,16.6673,16.6651,1.5729,12778,137,817351906853,2.2388,1.9472,14.4085,16648800,85100,377600,0,1600,0
post_load_walking,0,16.6678,16.6618,2.0040,12778,137,817352073504,2.0127,0.7093,14.6325,16650900,86900,323200,0,1900,0
post_load_walking,0,16.6664,16.6700,1.6927,29526,137,817352240122,2.0891,1.1445,14.5623,16648700,80300,587200,0,2200,0
post_load_walking,0,16.6663,16.6657,1.6732,12778,117,817352406822,2.0901,0.7066,14.5588,16646800,79500,322500,0,3000,0
post_load_walking,0,16.6671,16.6681,1.6845,12778,118,817352573479,1.8718,1.6040,14.7792,16649000,82700,2548600,982800,2000,0
post_load_walking,0,16.6657,16.6667,1.6906,12778,118,817352740160,2.7457,0.9346,13.9031,16646300,75600,301100,0,1600,0
post_load_walking,0,16.6668,16.6655,1.9261,12778,117,817352906827,2.3213,0.7470,14.3257,16649300,76000,370300,0,1700,0
post_load_walking,0,16.6680,16.6679,1.7050,19246,118,817353073482,3.1973,0.6116,13.4518,16650600,91700,678800,0,1800,0
post_load_walking,0,16.6663,16.6645,1.6056,12854,116,817353240161,1.9179,0.9359,14.7286,16647900,84000,381200,0,1500,0
post_load_walking,0,16.6671,16.6661,1.7213,12854,114,817353406806,1.7830,1.0980,14.8665,16650800,85400,298500,0,1700,0
post_load_walking,0,16.6673,16.6677,1.7009,12854,114,817353573467,1.8823,0.6783,14.7683,16653100,86300,352600,0,1500,0
post_load_walking,0,16.6775,16.6665,2.3388,12854,114,817353740144,1.9732,0.9223,14.6748,16660000,88500,403900,0,1600,0
post_load_walking,0,16.6557,16.6668,1.6804,19246,114,817353906809,2.0519,0.9234,14.5990,16636300,83400,721600,0,1600,0
post_load_walking,0,16.6689,16.6681,1.9159,12512,114,817354073477,1.9718,1.1111,14.6814,16652900,91600,807200,0,2400,0
post_load_walking,0,16.6674,16.6786,1.6814,12512,111,817354240158,3.1943,1.1365,13.4657,16651800,87400,806900,0,1600,0
post_load_walking,0,16.6669,16.6543,1.7244,12512,113,817354406944,2.2701,0.8453,14.3662,16648400,87300,294600,0,1600,0
post_load_walking,0,16.6680,16.6692,1.9272,12512,113,817354573487,2.5809,0.8923,14.0720,16651800,95800,846000,0,1700,0
post_load_walking,0,16.6668,16.6704,1.7244,18904,114,817354740179,2.3719,0.6033,14.2802,16648700,105400,788400,0,1900,0
post_load_walking,0,16.6642,16.6651,1.7265,12512,114,817354906883,2.1239,0.8984,14.5245,16645300,94200,286800,0,1300,0
post_load_walking,0,16.6676,16.6690,1.7080,12512,114,817355073534,2.6035,0.7869,14.0485,16651500,90100,265800,0,2200,0
post_load_walking,0,16.6676,16.6658,1.7060,12512,112,817355240224,2.4887,0.5678,14.1602,16649600,84100,267700,0,1600,0
post_load_walking,0,16.6779,16.6622,2.0101,12512,114,817355406882,1.8132,0.5568,14.8322,16660600,83600,265300,0,1500,0
post_load_walking,0,16.6555,16.6685,1.7254,18904,114,817355573504,1.5615,0.5364,15.0902,16639400,91600,564200,0,1700,0
post_load_walking,0,16.6674,16.6674,1.7019,12512,114,817355740189,1.7091,0.5267,14.9406,16652500,80900,267000,0,1700,0
post_load_walking,0,16.6669,16.6759,1.7306,12512,114,817355906863,1.5678,1.3229,15.0929,16652800,84500,262900,0,1500,0
post_load_walking,0,16.6668,16.6561,1.7265,12512,107,817356073622,2.1222,0.5697,14.5174,16647000,98100,658200,0,1500,0
post_load_walking,0,16.6657,16.6681,2.1412,12512,106,817356240183,1.6167,0.5248,15.0360,16650100,79100,254400,0,1600,0
post_load_walking,0,16.6696,16.6686,1.7347,18904,106,817356406864,1.7072,0.7092,14.9457,16661100,79500,496400,0,1400,0
post_load_walking,0,16.6673,16.6631,1.7418,12512,106,817356573550,1.9758,0.4709,14.6712,16646500,107200,417400,0,2400,0
post_load_walking,0,16.6872,16.6642,2.0531,12512,106,817356740181,1.5929,0.8750,15.0574,16669000,90400,297200,0,1600,0
post_load_walking,0,16.6701,16.6780,1.7490,12512,106,817356906823,1.9368,1.1497,14.7246,16653800,96500,328400,0,1800,0
post_load_walking,0,16.6633,16.6645,1.9866,12512,106,817357073603,2.3447,0.5815,14.3020,16639200,100500,297800,0,2200,0
post_load_walking,0,16.6663,16.6887,1.7633,18904,104,817357240248,1.9567,0.7140,14.7124,16649400,92200,751100,0,1700,0
post_load_walking,0,16.6682,16.6744,1.6558,12512,104,817357407135,2.3527,0.6124,14.3012,16650100,91800,276800,0,1500,0
post_load_walking,0,16.6703,16.6563,1.7510,12512,104,817357573879,1.7777,0.8702,14.8617,16659000,90800,296900,0,1700,0
post_load_walking,0,16.6663,16.6661,1.7347,12512,104,817357740442,2.2992,0.5273,14.3505,16647400,111000,289200,0,1600,0
post_load_walking,0,16.6631,16.6663,2.0009,12512,104,817357907103,1.7184,0.7644,14.9318,16638600,104700,378500,0,1700,0
post_load_walking,0,16.6687,16.6773,1.7766,18904,104,817358073766,1.6792,0.5595,14.9800,16654300,93600,770100,0,2400,0
post_load_walking,0,16.6669,16.6679,1.7613,12512,104,817358240539,1.8766,0.9735,14.7709,16649400,98900,310500,0,1800,0
post_load_walking,0,16.6665,16.6563,1.7777,22868,104,817358407218,1.8318,0.8967,14.8068,16650700,88100,507600,0,1800,0
post_load_walking,0,16.6672,16.6712,1.7756,12512,328,817358573781,1.9654,0.6052,14.6890,16649400,98100,353500,0,1500,0
post_load_walking,0,16.6671,16.6652,1.7951,12512,331,817358740493,1.7748,4.2142,14.8748,16649000,92500,349300,0,1200,0
post_load_walking,0,16.6670,16.6678,3.0853,18904,328,817358907145,2.5077,2.8489,14.1432,16649400,91100,731000,0,1600,0
post_load_walking,0,16.6658,16.6671,1.7674,12512,328,817359073823,1.9889,0.8074,14.6607,16648100,91700,299600,0,1600,0
post_load_walking,0,16.6681,16.6653,2.2211,12512,328,817359240494,2.2435,0.9190,14.4057,16655600,84400,291000,0,1400,0
post_load_walking,0,16.6686,16.6656,1.7920,12512,325,817359407147,2.4177,0.7207,14.2318,16652700,91800,331900,0,1700,0
post_load_walking,0,16.6665,16.6648,1.9896,12512,323,817359573803,2.2381,0.7969,14.4102,16647800,99100,372900,0,1900,0
post_load_walking,0,16.7277,16.6717,1.7009,18904,325,817359740451,1.9610,0.9248,14.6947,16706800,92700,996800,0,1800,0
post_load_walking,0,16.6048,16.6717,1.8156,12512,325,817359907168,2.1437,1.0183,14.5092,16587900,84600,322800,0,1700,0
post_load_walking,0,16.6680,16.6663,1.8053,12512,326,817360073885,2.3441,0.9574,14.3040,16654100,93800,302300,0,1500,0
post_load_walking,0,16.6661,16.7231,1.7603,12512,326,817360240548,2.7760,1.0375,13.9309,16647200,111800,351700,0,1800,0
post_load_walking,0,16.6661,16.6038,1.9886,12512,325,817360407779,1.8687,0.6560,14.7194,16651300,87200,325000,0,1800,0
post_load_walking,0,16.6665,16.6714,1.6988,18904,326,817360573817,1.6847,0.8472,14.9696,16648400,90300,772700,0,1500,0
post_load_walking,0,16.6680,16.6626,1.7408,12512,328,817360740531,2.3394,0.7107,14.3080,16652800,94200,418500,0,1700,0
post_load_walking,0,16.6689,16.6683,1.8176,12512,328,817360907157,1.9676,0.8182,14.6838,16654300,90100,302300,0,1600,0
post_load_walking,0,16.6645,16.6644,1.7111,22868,324,817361073840,2.2546,1.2277,14.3939,16646100,98500,327500,0,2200,0
post_load_walking,0,16.6659,16.6681,2.4443,12512,630,817361240484,2.0920,0.6961,14.5610,16650800,85600,556500,0,1700,0
post_load_walking,0,16.6690,16.6720,1.9384,18904,630,817361407165,2.1347,8.9642,14.5198,16655400,88300,1088500,0,1600,0
post_load_walking,0,16.6654,16.6610,1.9159,12512,626,817361573885,2.8876,8.6085,13.7585,16644000,92600,1119600,0,1700,0
post_load_walking,0,16.6683,16.6664,1.9292,12512,629,817361740495,3.1454,1.3729,13.5056,16655600,87000,351900,0,1400,0
post_load_walking,0,16.6669,16.6713,1.9558,12512,630,817361907159,3.2895,1.3042,13.3659,16650600,91000,337400,0,1400,0
post_load_walking,0,16.6688,16.6587,1.9907,12512,627,817362073872,3.7288,1.4855,12.9154,16653700,97500,751300,0,2400,0
post_load_walking,0,16.6660,16.6712,2.0879,18904,630,817362240459,2.6309,0.9533,14.0247,16649500,87100,1030500,0,1800,0
post_load_walking,0,16.6667,16.6683,2.3747,12512,629,817362407171,2.8266,1.1507,13.8241,16650000,90800,693500,0,1900,0
post_load_walking,0,16.6714,16.6692,2.0849,12512,630,817362573854,2.8493,1.2768,13.8045,16655600,89800,370400,0,1700,0
post_load_walking,0,16.6635,16.6665,2.0849,12512,632,817362740546,3.4019,1.1335,13.2478,16634500,128400,322600,0,2600,0
post_load_walking,0,16.6659,16.6688,2.3071,12512,632,817362907211,2.8368,1.0595,13.8134,16651600,93300,390200,0,1700,0
post_load_walking,0,16.6735,16.6774,2.0060,18904,632,817363073899,2.5962,0.9562,14.0597,16654900,92400,719100,0,1600,0
post_load_walking,0,16.6664,16.6555,2.3255,12512,632,817363240673,2.7066,1.6389,13.9280,16650900,83900,458600,0,1500,0
post_load_walking,0,16.6670,16.6673,2.0163,12512,632,817363407228,2.3585,1.2090,14.2932,16653100,84500,306900,0,1300,0
post_load_walking,0,16.6693,16.6704,2.0982,12512,632,817363573901,2.6735,1.4716,13.9814,16657000,81600,284100,0,1400,0
post_load_walking,0,16.6664,16.6656,2.7556,12512,628,817363740605,2.3260,1.2860,14.3251,16646300,84500,294200,0,1400,0
post_load_walking,0,16.6676,16.6676,2.0634,18904,628,817363907261,2.0554,0.8553,14.5978,16649900,87500,750500,0,1400,0
post_load_walking,0,16.6660,16.6746,1.9661,12512,621,817364073937,2.1142,1.0025,14.5430,16649100,91800,319600,0,1600,0
post_load_walking,0,16.6651,16.6642,2.1094,12512,620,817364240683,2.2176,1.8292,14.4289,16647000,84400,301900,0,1300,0
post_load_walking,0,16.6664,16.6661,2.0500,12512,621,817364407325,2.4532,1.1283,14.1968,16651200,83100,296500,0,1400,0
post_load_walking,0,16.6679,16.6657,2.3726,12512,623,817364573986,2.1188,0.8580,14.5306,16656100,79200,280900,0,1200,0
post_load_walking,0,16.6663,16.6619,2.0275,18904,620,817364740643,2.1221,0.8538,14.5249,16651600,80200,1237300,0,1300,0
post_load_walking,0,16.6657,16.6639,2.0460,12512,617,817364907262,2.2412,0.8674,14.4100,16651600,84100,362900,0,1200,0
post_load_walking,0,16.6672,16.6700,2.0408,12512,617,817365073901,1.9562,1.2394,14.6999,16656400,86500,374900,0,1200,0
post_load_walking,0,16.6681,16.6643,2.1299,12512,617,817365240601,3.4037,0.8926,13.2479,16655500,91100,591400,0,1200,0
post_load_walking,0,16.6680,16.6644,2.3009,12512,616,817365407244,2.6567,1.0044,13.9950,16662300,84100,342400,0,1200,0
post_load_walking,0,16.6703,16.6685,1.9702,18904,616,817365573888,2.4276,1.5109,14.2288,16653900,77900,1078700,0,1200,0
post_load_walking,0,16.6658,16.6686,2.4033,12512,616,817365740573,2.8224,0.9169,13.8332,16643500,86200,587900,0,1400,0
post_load_walking,0,16.6655,16.6768,2.1187,12512,614,817365907259,2.5257,1.0247,14.1367,16646000,83200,653700,0,1400,0
post_load_walking,0,16.6685,16.6699,1.9620,12512,609,817366074027,2.9959,1.5188,13.6582,16649900,89400,286100,0,1500,0
post_load_walking,0,16.6647,16.6615,2.3931,12512,606,817366240726,3.0971,1.1691,13.5464,16650300,84700,308000,0,1600,0
post_load_walking,0,16.6669,16.6663,1.9927,18904,602,817366407341,3.4219,0.9307,13.2241,16649800,90300,806800,0,1500,0
post_load_walking,0,16.6674,16.6665,2.3480,12512,592,817366574004,2.4011,0.9240,14.2488,16651700,83500,358800,0,1500,0
post_load_walking,0,16.6674,16.6660,1.9405,12512,596,817366740669,2.4703,1.1123,14.1800,16655800,189100,448600,0,1400,0
post_load_walking,0,16.6657,16.6662,2.0234,12512,591,817366907329,3.1418,1.4868,13.5081,16649600,84600,418700,0,1400,0
post_load_walking,0,16.6675,16.6643,1.9835,12512,591,817367073991,2.1010,1.3476,14.5507,16654000,85500,303500,0,1400,0
post_load_walking,0,16.6693,16.6696,2.0675,18904,593,817367240634,3.0573,1.5129,13.5986,16659100,88800,610100,0,1300,0
post_load_walking,0,16.6637,16.6646,2.3040,12512,592,817367407330,2.7899,1.3091,13.8598,16641200,90400,502300,0,2700,0
post_load_walking,0,16.6675,16.6674,2.1002,12512,587,817367573976,2.3617,1.5359,14.2924,16654300,93500,328200,0,1300,0
post_load_walking,0,16.6684,16.6755,2.0388,12512,591,817367740650,2.6992,1.0590,13.9603,16654400,87800,402400,0,1300,0
post_load_walking,0,16.8995,16.6553,2.3583,12512,589,817367907405,2.9139,1.4463,13.7275,16883800,85100,299700,0,1300,0
post_load_walking,0,16.6547,16.6671,2.0746,18904,586,817368073958,2.2393,1.1091,14.4150,16637600,88100,584600,0,1600,0
post_load_walking,0,16.6687,16.6716,2.3982,12512,583,817368240629,2.5611,0.8395,14.0933,16654600,80700,404500,0,1000,0
post_load_walking,0,16.6656,16.9005,2.1565,12512,586,817368407345,2.1067,1.1166,14.7774,16648600,89800,343000,0,1200,0
post_load_walking,0,16.6667,16.6533,2.0941,12512,586,817368576350,2.1116,1.4026,14.5261,16653900,77400,381600,0,1300,0
post_load_walking,0,16.6674,16.6690,2.5108,12512,585,817368742883,2.3050,1.4872,14.3498,16652700,115800,772600,0,1900,0
post_load_walking,0,16.6691,16.6639,2.1146,18904,585,817368909573,2.0502,1.0302,14.5986,16660200,89100,1376400,0,1500,0
post_load_walking,0,16.6667,16.6680,2.4842,12512,586,817369076212,2.1741,1.1867,14.4800,16644500,93600,342100,0,1600,0
post_load_walking,0,16.6676,16.6670,2.2180,12512,585,817369242892,3.2250,1.3324,13.4278,16646900,84100,636100,0,1700,0
post_load_walking,0,16.6661,16.6765,2.0142,12512,578,817369409562,3.5422,1.0603,13.1181,16653700,147800,329900,0,1500,0
post_load_walking,0,16.6654,16.6642,2.1002,12512,578,817369576327,3.0231,1.9905,13.6214,16646000,97100,425700,0,1500,0
post_load_walking,0,16.6666,16.6654,2.1770,18904,578,817369742969,3.0841,1.1116,13.5628,16649100,94000,845200,0,1500,0
post_load_walking,0,16.6674,16.6702,2.8068,12512,578,817369909623,2.5618,1.3277,14.0921,16654200,78200,686000,0,1100,0
post_load_walking,0,16.6685,16.6616,2.1371,12512,577,817370076325,2.9491,1.1346,13.6969,16656300,90200,350600,1014900,1200,0
post_load_walking,0,16.6660,16.6645,2.0838,12512,578,817370242941,2.7858,1.0700,13.8633,16653500,84500,293600,0,1500,0
post_load_walking,0,16.6680,16.6671,2.2446,12512,570,817370409586,2.9476,1.4735,13.7067,16652300,87000,282300,0,1700,0
post_load_walking,0,16.6678,16.6707,2.2139,18904,570,817370576257,2.3004,1.2013,14.3559,16653500,81400,614100,0,1400,0
post_load_walking,0,16.6680,16.6678,2.5160,12512,570,817370742964,2.3403,0.8536,14.3132,16652300,92100,397300,0,1400,0
post_load_walking,0,16.6679,16.6661,2.1811,12512,529,817370909642,2.3549,1.1483,14.2976,16651600,90900,341300,0,1800,0
post_load_walking,0,16.6656,16.6689,2.1248,12512,528,817371076303,2.6251,1.1101,14.0285,16649200,94300,414600,0,1700,0
post_load_walking,0,16.6670,16.6699,2.6962,12512,530,817371242992,2.5163,1.1585,14.1361,16647100,88300,310800,0,2000,0
post_load_walking,0,16.6675,16.6680,2.0603,18904,525,817371409691,2.6437,1.6125,14.0081,16652500,87700,1872200,0,1500,0
post_load_walking,0,16.7802,16.6665,2.4248,12512,529,817371576371,2.4693,0.9002,14.1800,16765000,101600,507200,0,1400,0
post_load_walking,0,16.5526,16.6628,2.2200,12512,530,817371743036,2.5885,1.3069,14.0588,16531100,85100,316100,0,1600,0
post_load_walking,0,16.9330,16.6694,2.1760,12512,525,817371909664,3.6449,1.1738,13.0077,16914500,87800,333600,0,1800,0
post_load_walking,0,16.6654,16.7827,2.3183,12512,525,817372076358,2.9608,1.0455,13.8042,16646700,90400,289800,0,1600,0
post_load_walking,0,16.6685,16.5493,2.4269,18904,521,817372244185,2.6205,0.9095,13.9108,16656900,95000,580400,0,1300,0
post_load_walking,0,16.6641,16.9329,2.4371,12436,521,817372409678,2.6320,0.8586,14.2825,16643700,76100,330500,0,1100,0
post_load_walking,0,16.6692,16.6624,2.1729,12436,525,817372579007,2.5145,0.9634,14.1323,16656800,72300,291800,0,1200,0
post_load_walking,0,16.6656,16.6718,2.1084,12436,525,817372745631,2.5606,0.8869,14.0963,16649800,73200,415600,0,1200,0
post_load_walking,0,16.6674,16.6592,2.1299,12436,528,817372912349,2.0313,0.9868,14.6125,16656500,71400,267700,0,1300,0
post_load_walking,0,16.6669,16.6716,2.2006,18828,518,817373078941,2.1218,1.5286,14.5352,16654200,78400,572100,0,1600,0
post_load_walking,0,16.6656,16.6629,2.5149,12436,520,817373245657,2.0777,0.7967,14.5722,16648700,73700,403500,0,1400,0
post_load_walking,0,16.6667,16.6700,2.1432,12436,520,817373412286,2.2568,1.0830,14.3999,16654000,73700,405600,0,1300,0
post_load_walking,0,16.6666,16.6681,2.0644,12436,520,817373578986,2.2922,0.9220,14.3620,16654400,71900,284600,0,1600,0
post_load_walking,0,16.6686,16.6614,2.5354,12436,520,817373745667,2.4010,0.9689,14.2478,16656800,119200,376800,0,1400,0
post_load_walking,0,16.6667,16.6665,2.1914,18828,520,817373912281,2.4568,1.0673,14.1972,16652800,71800,577700,0,1400,0
post_load_walking,0,16.6677,16.6670,2.3142,12436,517,817374078946,2.1280,0.9496,14.5264,16654400,77200,285700,0,1400,0
post_load_walking,0,16.6650,16.6709,2.0029,12436,509,817374245616,2.4812,0.9848,14.1757,16651400,67900,330200,0,1100,0
post_load_walking,0,16.6665,16.6653,2.1320,12436,504,817374412325,2.4777,0.8258,14.1751,16653000,75600,298900,0,1300,0
post_load_walking,0,16.6677,16.6678,2.1514,12436,498,817374578978,1.8058,1.3505,14.8487,16658300,69800,398300,0,1400,0
post_load_walking,0,16.6667,16.6636,1.9702,18828,498,817374745656,1.7978,1.2342,14.8537,16651300,67600,1181500,0,1200,0
post_load_walking,0,16.6697,16.6649,2.3583,12436,505,817374912292,2.1421,1.3434,14.5110,16658600,68000,308000,0,1100,0
post_load_walking,0,16.6661,16.6702,1.9988,12436,505,817375078941,2.0516,1.2119,14.6067,16647900,80500,389600,0,1400,0
post_load_walking,0,16.6660,16.6650,2.0593,12436,365,817375245643,2.9489,1.3052,13.7024,16648700,75800,275500,0,1900,0
post_load_walking,0,16.6648,16.6751,2.2927,12436,360,817375412293,2.0848,1.1416,14.5739,16646600,71100,255100,0,1100,0
post_load_walking,0,16.6666,16.6650,2.3122,18828,360,817375579044,2.8099,0.8755,13.8381,16653800,65300,742500,0,1100,0
post_load_walking,0,16.6672,16.6635,2.5897,12436,355,817375745694,2.4783,0.9567,14.1704,16657300,66700,333100,0,1000,0
post_load_walking,0,16.6687,16.6604,2.3972,12436,352,817375912329,2.0513,1.1209,14.5955,16658200,73600,309700,0,1500,0
post_load_walking,0,16.6673,16.6661,2.2600,22276,352,817376078933,2.4303,1.4725,14.2235,16654600,85000,339700,0,1400,0
post_load_walking,0,16.6686,16.6714,2.5989,12436,327,817376245594,1.8677,1.0679,14.7895,16655700,76800,352300,0,1200,0
post_load_walking,0,16.6657,16.6711,2.2825,18828,327,817376412308,2.2415,1.3284,14.4168,16651000,75000,553600,0,1800,0
post_load_walking,0,16.6668,16.6685,2.5068,12436,327,817376579019,2.0789,1.2963,14.5758,16652600,80900,286500,0,1600,0
post_load_walking,0,16.6665,16.6686,2.2426,12436,327,817376745704,1.9003,0.9569,14.7556,16652200,74800,303600,0,1200,0
post_load_walking,0,16.6680,16.6651,2.2856,12436,327,817376912390,2.2569,0.8237,14.3942,16654000,75200,339600,0,1300,0
post_load_walking,0,16.6653,16.6663,2.5580,12436,324,817377079041,1.8912,0.9313,14.7615,16648500,79100,281400,0,1200,0
post_load_walking,0,16.6686,16.6661,2.3450,18828,324,817377245704,1.9989,1.3310,14.6534,16658200,75600,573500,0,1200,0
post_load_walking,0,16.6649,16.6686,2.5559,12436,323,817377412365,1.9433,0.8575,14.7106,16647500,77100,434600,0,2400,0
post_load_walking,0,16.7118,16.6626,2.2692,12436,324,817377579051,1.7541,1.1757,14.8944,16702900,74100,288600,0,1200,0
post_load_walking,0,16.6241,16.6715,2.5252,22792,319,817377745677,2.5094,1.3642,14.1489,16605900,76900,394000,0,2000,0
post_load_walking,0,16.6658,16.6614,2.3398,12436,253,817377912392,2.4060,0.8752,14.2415,16648800,73500,288600,0,1400,0
post_load_walking,0,16.6671,16.7187,1.8381,18828,249,817378079006,2.3821,1.6903,14.3209,16654400,76300,824600,0,1300,0
post_load_walking,0,16.6674,16.6215,2.0756,12436,248,817378246193,2.8200,0.7145,13.7861,16656100,72300,280700,0,1400,0
post_load_walking,0,16.6667,16.6625,1.7777,12436,245,817378412408,2.1480,0.8571,14.5009,16650400,104600,313800,0,2000,0
post_load_walking,0,16.6662,16.6671,1.7121,12436,243,817378579033,2.2118,0.7604,14.4427,16649900,82300,314400,0,1400,0
post_load_walking,0,16.6673,16.6706,2.4105,12436,243,817378745704,1.9508,0.8042,14.7053,16658700,67700,293600,0,1300,0
post_load_walking,0,16.6680,16.6646,1.7695,18828,240,817378912410,2.1075,0.7178,14.5429,16653800,74000,696500,0,1300,0
post_load_walking,0,16.6669,16.6625,2.0111,12436,240,817379079056,1.7968,0.6866,14.8531,16650500,79800,354900,0,1600,0
post_load_walking,0,16.6688,16.6717,1.8053,12436,234,817379245681,1.7876,1.3018,14.8712,16656500,76000,440300,0,1500,0
post_load_walking,0,16.6628,16.6687,1.7674,12436,235,817379412398,2.2702,1.1561,14.3836,16640400,76300,304000,0,1500,0
post_load_walking,0,16.6706,16.6671,1.6968,12436,232,817379579085,2.0120,1.5642,14.6387,16658800,66300,305200,0,1200,0
post_load_walking,0,16.6641,16.6725,1.7756,18828,233,817379745756,1.9146,0.7210,14.7421,16643600,74900,1000800,0,1600,0
post_load_walking,0,16.6667,16.6544,2.0582,12436,230,817379912481,2.1734,0.8461,14.4670,16652700,72500,301800,0,1500,0
post_load_walking,0,16.6682,16.6752,1.7746,12436,230,817380079025,1.8728,0.8574,14.7860,16654100,78700,416700,0,1600,0
post_load_walking,0,16.6673,16.6613,1.6384,12436,226,817380245777,2.7090,0.7672,13.9348,16654400,72200,362900,0,1300,0
post_load_walking,0,16.6661,16.6668,1.9395,12436,226,817380412390,2.2489,0.7986,14.4038,16646300,75600,312800,0,1500,0
post_load_walking,0,16.6685,16.6677,1.6343,18828,226,817380579058,2.1005,1.2015,14.5536,16656800,70100,700100,0,1300,0
post_load_walking,0,16.6717,16.6717,1.6312,12436,226,817380745735,1.8864,0.6967,14.7680,16654500,79900,390000,0,1600,0
post_load_walking,0,16.6607,16.6604,1.6548,22276,226,817380912452,1.9708,1.3268,14.6756,16649300,74700,450400,0,1500,0
post_load_walking,0,16.6688,16.6747,1.6937,12436,190,817381079056,1.9778,1.2058,14.6792,16655700,80100,279200,0,1500,0
post_load_walking,0,16.6677,16.6677,2.0613,12436,189,817381245803,2.0744,1.1289,14.5801,16650800,75400,290400,0,1300,0
post_load_walking,0,16.6639,16.6626,1.6568,18828,189,817381412480,2.1810,0.6501,14.4684,16645500,80200,758000,0,1500,0
post_load_walking,0,16.6673,16.6712,1.6220,12436,188,817381579106,1.6558,0.8125,15.0001,16653600,76700,372000,0,1300,0
post_load_walking,0,16.6671,16.6668,1.6036,12436,188,817381745818,1.7669,1.3932,14.8840,16654800,77200,409900,0,1500,0
post_load_walking,0,16.6675,16.6589,1.6927,12436,156,817381912486,2.3996,1.0653,14.2459,16655400,78400,332500,0,1600,0
post_load_walking,0,16.6658,16.6673,1.8831,12436,156,817382079075,1.8381,1.1330,14.8155,16650700,82400,365800,0,1400,0
post_load_walking,0,16.6707,16.6671,1.7039,18828,154,817382245748,1.8461,0.6705,14.8088,16662900,70500,618100,0,1200,0
post_load_walking,0,16.6634,16.6687,1.9712,12436,154,817382412419,2.3948,1.1173,14.2608,16642000,78000,418400,0,1700,0
post_load_walking,0,16.6675,16.6641,1.6876,12436,154,817382579106,1.7734,0.7906,14.8773,16655600,73200,338500,0,1400,0
post_load_walking,0,17.0110,16.6774,1.6732,12436,154,817382745747,2.3745,0.7241,14.2886,17001200,72100,356100,0,1800,0
post_load_walking,0,16.6629,16.6559,1.9323,12436,153,817382912521,2.1663,0.6566,14.4757,16643500,72400,317300,0,1300,0
post_load_walking,0,16.6682,16.6674,1.5882,18828,156,817383079080,1.8180,1.1155,14.8378,16657300,74200,608400,0,1600,0
post_load_walking,0,16.6660,17.0149,1.9886,12436,152,817383245754,1.8411,0.6622,15.1602,16657900,180700,388900,0,1600,0
post_load_walking,0,16.6683,16.6583,1.6865,12436,151,817383415903,1.8062,0.7828,14.8373,16652500,74500,390800,0,1700,0
post_load_walking,0,16.6652,16.6696,1.7101,12436,151,817383582486,1.7655,1.1894,14.8917,16647300,74100,369500,0,1300,0
post_load_walking,0,16.6693,16.6715,2.1187,12436,144,817383749182,2.0263,1.2101,14.6318,16662300,63200,318900,0,1100,0
post_load_walking,0,16.6660,16.6653,1.6865,18828,142,817383915897,1.9734,0.9985,14.6792,16653500,70900,506200,0,1200,0
post_load_walking,0,16.6722,16.6593,1.6333,12436,142,817384082550,1.6967,0.9196,14.9507,16664100,72500,254700,0,1200,0
post_load_walking,0,16.6662,16.6764,1.6753,12436,142,817384249143,1.5126,0.6873,15.1499,16646700,96500,951500,0,1800,0
post_load_walking,0,16.6663,16.6657,1.6538,12436,140,817384415907,1.7932,0.5114,14.8603,16650500,83100,313900,0,1900,0
post_load_walking,0,16.6672,16.6799,1.6384,12436,135,817384582564,1.4336,1.0244,15.2306,16651100,75800,303700,0,1300,0
post_load_walking,0,16.6669,16.6631,1.6568,18828,135,817384749363,2.8407,0.6886,13.8061,16649200,77200,751100,0,1700,0
post_load_walking,0,16.6648,16.6667,2.0009,12436,135,817384915994,2.3100,0.6716,14.3409,16647800,80200,283400,0,1300,0
post_load_walking,0,16.6691,16.6676,1.6425,12436,135,817385082661,1.9321,0.8629,14.7191,16655800,80500,456400,0,1600,0
post_load_walking,0,16.6653,16.6651,1.5913,12436,135,817385249337,2.0967,1.3002,14.5525,16648600,80400,373900,0,1700,0
post_load_walking,0,16.6662,16.6629,1.6620,12436,135,817385415988,1.9620,1.1604,14.6860,16649100,74600,302200,0,1500,0
post_load_walking,0,16.6664,16.6710,1.6916,29260,135,817385582617,2.2642,1.1406,14.3916,16653500,79300,524300,0,1300,0
post_load_walking,0,16.6702,16.6639,1.9067,12512,115,817385749327,2.3003,0.6102,14.3484,16659600,83300,280600,0,1500,0
post_load_walking,0,16.6655,16.6634,1.6988,12512,116,817385915966,2.1544,1.4055,14.4948,16650400,84100,277400,0,1800,0
post_load_walking,0,16.6641,16.6661,1.6005,12512,116,817386082600,2.2858,0.6036,14.3678,16645200,87000,271800,0,1400,0
post_load_walking,0,16.6702,16.6728,1.9220,12512,114,817386249261,1.8964,0.6287,14.7634,16666300,70200,279800,0,1100,0
post_load_walking,0,16.6632,16.6651,1.6599,18904,112,817386415989,1.8926,0.5285,14.7580,16644100,86900,1170900,0,1400,0
post_load_walking,0,16.6669,16.6561,1.6978,12512,112,817386582640,1.5425,0.5160,15.1028,16651300,82000,473400,0,1200,0
post_load_walking,0,16.6717,16.6799,1.7080,12512,112,817386749201,1.6070,0.8705,15.0594,16666300,78100,347500,0,1200,0
post_load_walking,0,16.6676,16.6588,1.6773,12512,112,817386916000,2.7842,0.6430,13.8600,16649000,87700,320400,0,1800,0
post_load_walking,0,16.6858,16.6630,2.0398,12512,112,817387082588,2.0535,0.8917,14.5980,16664400,92400,513200,1099500,1700,0
post_load_walking,0,16.6693,16.6812,1.7029,18904,111,817387249218,1.7201,0.6458,14.9464,16660800,90700,1203700,0,1900,0
post_load_walking,0,16.6674,16.6658,2.0070,12512,112,817387416030,2.1011,0.7409,14.5479,16649500,87900,285400,0,1500,0
post_load_walking,0,16.6682,16.6810,1.6046,12512,112,817387582688,2.1202,0.8093,14.5443,16655200,82300,279000,0,1400,0
post_load_walking,0,16.6679,16.6772,1.6415,12512,113,817387749498,2.6419,0.5918,14.0188,16652000,91900,394000,0,1600,0
post_load_walking,0,16.6673,16.6650,1.6814,12512,114,817387916270,1.9232,0.5511,14.7263,16648200,95300,428300,0,1800,0
post_load_walking,0,16.6612,16.6721,1.6620,18904,114,817388082920,1.9682,1.1090,14.6873,16636300,100600,776600,0,1700,0
post_load_walking,0,16.6684,16.6683,1.9610,12512,114,817388249641,2.0033,1.1114,14.6488,16659600,74300,304700,0,1200,0
post_load_walking,0,16.6673,16.6662,1.7091,12512,114,817388416324,2.2025,0.8676,14.4459,16649500,84600,388900,0,1500,0
post_load_walking,0,16.6669,16.6502,1.6404,12512,114,817388582986,2.1476,0.8203,14.4887,16652100,76700,358600,0,1300,0
post_load_walking,0,16.6657,16.6736,1.7295,12512,114,817388749488,1.6850,1.0650,14.9746,16648100,78300,293500,0,1400,0
post_load_walking,0,16.6673,16.6640,1.7347,18904,114,817388916224,2.0176,0.9192,14.6319,16655900,77100,672900,0,1300,0
post_load_walking,0,16.6654,16.6686,1.9538,12512,114,817389082864,1.9188,0.5933,14.7334,16647800,92000,306600,0,1300,0
post_load_walking,0,16.6702,16.6648,1.6220,12512,114,817389249550,1.8841,0.8275,14.7641,16663800,80600,271900,0,1300,0
post_load_walking,0,16.6680,16.6687,1.7398,12512,107,817389416198,2.1518,0.5788,14.5042,16655000,87900,311100,0,1400,0
post_load_walking,0,16.6639,16.6611,1.9395,12512,107,817389582885,2.0728,0.7460,14.5751,16644100,90600,283300,0,1400,0
post_load_walking,0,16.6666,16.6770,1.7316,18904,105,817389749496,1.6830,0.6691,14.9809,16654800,81100,1302000,0,1300,0
post_load_walking,0,16.6666,16.6707,1.9364,12512,106,817389916266,1.7969,0.6583,14.8583,16651400,83400,342000,0,1400,0
post_load_walking,0,16.6683,16.6571,1.7388,12512,106,817390082973,2.1125,0.7764,14.5317,16658100,77700,387100,0,1300,0
post_load_walking,0,16.6685,16.6665,1.7531,12512,106,817390249544,2.6528,0.8807,14.0021,16655600,78900,265400,0,1700,0
post_load_walking,0,16.6654,16.6639,1.7633,12512,106,817390416209,1.8417,0.9413,14.8097,16649400,85300,306600,0,1400,0
post_load_walking,0,16.6676,16.6715,1.6415,18904,106,817390582848,1.6272,0.6509,15.0310,16654500,76800,728900,0,1300,0
post_load_walking,0,16.6660,16.6703,2.0265,12512,104,817390749563,1.8282,0.8604,14.8274,16649200,83300,334700,0,1300,0
post_load_walking,0,16.6708,16.6631,1.7633,12512,104,817390916266,1.7357,0.8089,14.9138,16660900,85400,359800,0,1900,0
post_load_walking,0,16.6656,16.6706,1.7848,12512,104,817391082897,2.0095,0.9034,14.6451,16648900,97700,339200,0,1900,0
post_load_walking,0,16.6674,16.6629,1.6824,12512,104,817391249603,1.5913,0.7858,15.0580,16651900,89200,325700,0,1500,0
post_load_walking,0,16.6663,16.6773,1.9538,18904,104,817391416232,2.3485,0.8770,14.3126,16649400,92700,657600,0,1400,0
post_load_walking,0,16.6622,16.6647,1.7746,12512,104,817391583005,1.8902,0.8661,14.7588,16640600,88100,337200,0,1700,0
post_load_walking,0,16.6682,16.6691,1.7162,22868,104,817391749652,1.9071,1.1080,14.7449,16658600,74900,300100,0,1300,0
post_load_walking,0,16.6668,16.6653,1.7654,12512,331,817391916343,1.9341,0.6305,14.7157,16656600,78700,302500,0,1400,0
post_load_walking,0,16.6681,16.6522,1.7152,12512,327,817392082996,2.0158,3.7055,14.6247,16655100,83600,282700,0,1300,0
post_load_walking,0,16.6679,16.6707,2.0029,18904,328,817392249518,2.4282,3.2806,14.2306,16657000,79900,565400,0,1500,0
post_load_walking,0,16.6677,16.6681,1.9988,12512,328,817392416225,1.9700,0.6716,14.6868,16653500,79800,347700,0,1400,0
post_load_walking,0,16.6635,16.6684,1.6568,12512,324,817392582906,1.8423,0.8562,14.8129,16645200,80100,284800,0,1300,0
post_load_walking,0,16.6705,16.6709,1.6620,12512,324,817392749590,2.0041,1.0685,14.6530,16663500,73500,424200,0,1200,0
post_load_walking,0,16.6666,16.6673,1.7449,12512,325,817392916299,1.7109,0.6256,14.9428,16653700,86500,435800,0,1500,0
post_load_walking,0,16.6648,16.6568,1.7019,18904,324,817393082972,2.0075,1.0043,14.6377,16647400,86100,679100,0,1500,0
post_load_walking,0,16.6681,16.6769,1.9640,12512,325,817393249540,1.7721,1.0573,14.8916,16658300,71000,280000,0,1100,0
post_load_walking,0,16.6676,16.6668,1.7879,12512,325,817393416309,2.0006,0.7673,14.6531,16660000,77800,396900,0,1400,0
post_load_walking,0,16.6651,16.6594,1.7091,12512,325,817393582977,1.9673,0.8512,14.6802,16642200,84800,302300,0,1500,0
post_load_walking,0,16.6694,16.6712,1.6998,12512,324,817393749571,1.6071,0.8199,15.0513,16660700,80300,304800,0,1400,0
post_load_walking,0,16.6690,16.6768,1.7285,18904,324,817393916283,2.2662,0.7631,14.3939,16656400,85300,1309900,0,1500,0
post_load_walking,0,16.6637,16.6544,2.1207,12512,327,817394083051,2.2851,0.6416,14.3570,16647000,93900,324100,0,1600,0
post_load_walking,0,16.6664,16.6744,1.8115,12512,326,817394249595,1.8381,1.0370,14.8228,16651400,78600,276800,0,1400,0
post_load_walking,0,16.6762,16.6708,1.7746,22868,326,817394416339,3.1030,0.6516,13.5535,16666900,76600,300200,0,1100,0
post_load_walking,0,16.6577,16.6622,1.7674,12512,629,817394583047,2.2256,0.6126,14.4217,16641600,93200,423500,0,1500,0
post_load_walking,0,16.6702,16.6632,2.0449,18904,630,817394749669,1.8851,7.1773,14.7663,16657900,82500,714400,0,1300,0
post_load_walking,0,16.6649,16.6810,1.9220,12512,630,817394916301,2.4252,8.4231,14.2419,16646500,87500,383000,0,1600,0
post_load_walking,0,16.6654,16.6562,1.9466,12512,630,817395083111,2.5243,1.1173,14.1173,16648800,94900,429500,0,1500,0
post_load_walking,0,16.6669,16.6714,2.2774,12512,630,817395249673,2.4470,1.7001,14.2111,16654600,82600,433700,0,1300,0
post_load_walking,0,16.6680,16.6614,2.0849,12512,630,817395416387,2.3887,1.1964,14.2580,16655000,111000,285000,0,1500,0
post_load_walking,0,16.6663,16.6622,1.9661,18904,629,817395583001,2.3256,1.9042,14.3233,16654900,72600,895000,0,1400,0
post_load_walking,0,16.6676,16.6661,2.2815,12512,628,817395749623,2.3975,1.2905,14.2572,16655100,80100,298200,0,1400,0
post_load_walking,0,16.6701,16.6671,2.0490,12512,632,817395916284,2.2998,1.0071,14.3553,16662300,78400,300300,0,1300,0
post_load_walking,0,16.6654,16.6682,1.9794,12512,630,817396082955,2.5461,0.9547,14.1089,16645300,90200,293700,0,1600,0
post_load_walking,0,16.6681,16.6665,2.0716,12512,630,817396249637,2.1860,0.8819,14.4691,16656500,80000,282600,0,1400,0
post_load_walking,0,16.6646,16.6779,2.1002,18904,630,817396416302,2.2790,1.0563,14.3833,16645300,84400,622600,0,1500,0
post_load_walking,0,16.6690,16.6620,2.3818,12512,632,817396583081,2.3881,0.9339,14.2573,16657900,77500,295000,0,1400,0
post_load_walking,0,16.6637,16.6726,2.1125,12512,632,817396749701,2.6672,1.2378,13.9894,16647800,78800,274000,0,1300,0
post_load_walking,0,16.6679,16.6586,1.9825,12512,632,817396916427,2.6441,1.0971,14.0013,16654200,78300,320100,0,1100,0
post_load_walking,0,16.6659,16.6722,2.1033,12512,633,817397083013,2.0297,1.0319,14.6284,16653900,77800,289000,0,1200,0
post_load_walking,0,16.6668,16.6593,2.0460,18904,631,817397249735,2.0773,1.3191,14.5706,16656400,72400,544600,0,1400,0
post_load_walking,0,16.6674,16.6662,2.3613,12512,627,817397416328,1.9116,0.9623,14.7428,16657800,72200,317100,0,1100,0
post_load_walking,0,16.6682,16.6645,2.0849,12512,620,817397582990,1.7424,1.0204,14.9116,16656600,91400,282200,0,1200,0
post_load_walking,0,16.6688,16.6679,2.0675,12512,622,817397749635,2.1300,1.0342,14.5265,16653200,78500,284100,0,1200,0
post_load_walking,0,16.6712,16.6699,2.0961,12512,623,817397916314,2.0412,0.8695,14.6168,16657400,76700,266600,0,1400,0
post_load_walking,0,16.6646,16.6717,2.1340,18904,620,817398083013,2.3174,1.0152,14.3393,16647300,82200,521700,0,1300,0
post_load_walking,0,16.6673,16.6693,2.3388,12512,620,817398249730,2.0051,1.1697,14.6482,16651800,83800,260200,0,1900,0
post_load_walking,0,16.6650,16.6734,2.1176,12512,615,817398416423,2.0734,0.9828,14.5841,16649100,85400,286200,0,1400,0
post_load_walking,0,16.6684,16.6642,2.0285,12512,617,817398583157,2.1358,0.9665,14.5115,16651500,86200,312000,0,1500,0
post_load_walking,0,16.6624,16.6672,2.0869,12512,612,817398749799,2.1665,1.4180,14.4854,16639700,80100,295000,0,1600,0
post_load_walking,0,16.6685,16.6655,2.0644,18904,616,817398916471,2.0786,0.9690,14.5705,16659600,78500,590300,0,1900,0
post_load_walking,0,16.6660,16.6677,2.3460,12512,609,817399083126,2.1722,0.8954,14.4794,16651000,87100,290500,0,1600,0
post_load_walking,0,16.6681,16.6552,2.0204,12512,607,817399249803,2.1991,1.0990,14.4407,16656300,85800,357500,0,1200,0
post_load_walking,0,16.6704,16.6715,2.0337,12512,609,817399416355,2.2139,0.8076,14.4458,16658400,76600,269500,0,1300,0
post_load_walking,0,16.6660,16.6636,3.0310,12512,609,817399583070,1.9148,1.2969,14.7363,16646400,80200,289700,0,1500,0
post_load_walking,0,16.6666,16.6702,2.1023,18904,603,817399749706,2.8406,0.7955,13.8158,16651200,93500,560100,0,1500,0
post_load_walking,0,16.6640,16.6758,2.3337,12512,595,817399916408,2.1045,1.0252,14.5540,16643200,77400,266200,0,1500,0
post_load_walking,0,16.6696,16.6645,2.0296,12512,596,817400083166,2.0511,1.3889,14.5955,16657700,86800,392800,0,1300,0
post_load_walking,0,16.6664,16.6681,1.9517,12512,591,817400249811,2.5756,1.0363,14.0759,16650400,78100,348300,0,1500,0
post_load_walking,0,16.6667,16.6595,2.2979,12512,588,817400416492,1.9893,1.5925,14.6540,16650300,76700,272400,0,1300,0
post_load_walking,0,16.6694,16.6726,2.0828,18904,593,817400583087,2.0640,1.5560,14.5938,16656500,76100,519700,0,1200,0
post_load_walking,0,16.6649,16.6646,2.2999,12512,593,817400749813,2.0698,0.9877,14.5806,16643700,88200,320400,0,1900,0
post_load_walking,0,16.6689,16.6670,2.0029,12512,593,817400916459,1.9928,0.8808,14.6575,16655800,114500,313500,0,1600,0
post_load_walking,0,16.6667,16.6745,2.4392,12512,591,817401083129,2.0843,1.0286,14.5724,16640700,131400,432400,0,1900,0
post_load_walking,0,16.6673,16.6630,2.4351,12512,590,817401249874,2.3442,1.0563,14.2996,16653300,88600,444400,0,1400,0
post_load_walking,0,16.6663,16.6746,2.0941,18904,591,817401416504,2.1055,1.2045,14.5505,16649600,85600,588600,0,1600,0
post_load_walking,0,16.6647,16.6597,2.3419,12512,588,817401583250,2.5141,1.4949,14.1266,16645300,81000,283500,0,1600,0
post_load_walking,0,16.6666,16.6685,2.1750,12512,586,817401749847,2.4301,1.2642,14.2234,16654500,79100,342700,0,1300,0
post_load_walking,0,16.6665,16.6660,2.0982,12512,586,817401916532,2.4467,0.8845,14.2031,16653600,80500,330600,0,1300,0
post_load_walking,0,16.6694,16.6590,2.3173,12512,586,817402083192,1.9561,1.1100,14.6893,16659600,91100,426100,0,1400,0
post_load_walking,0,16.6663,16.6673,2.0101,18904,585,817402249782,2.0386,1.0442,14.6161,16649400,86100,607900,0,1700,0
post_load_walking,0,16.6678,16.6659,2.4074,12512,585,817402416455,2.1048,1.1079,14.5488,16652900,84100,345100,0,2000,0
post_load_walking,0,16.6644,16.6751,2.1770,12512,586,817402583114,2.5102,1.0931,14.1498,16647300,87500,449600,0,1500,0
post_load_walking,0,16.6676,16.6644,2.3450,12512,585,817402749865,2.3919,1.4731,14.2575,16654900,80600,329500,0,1300,0
post_load_walking,0,16.6661,16.6687,2.3327,12512,585,817402916509,2.0420,1.2048,14.6109,16650200,81500,681900,0,1400,0
post_load_walking,0,16.6667,16.6613,2.2077,18904,586,817403083196,2.9130,1.1579,13.7344,16653500,83000,764300,0,1500,0
post_load_walking,0,16.6664,16.6686,2.4023,12512,585,817403249809,2.7245,1.0529,13.9307,16653400,75800,532000,0,1200,0
post_load_walking,0,16.6688,16.6633,2.0572,12512,583,817403416495,2.8570,1.0823,13.7933,16660900,73100,266000,0,1400,0
post_load_walking,0,16.6646,16.6646,2.4023,12512,581,817403583128,2.7647,1.3657,13.8888,16651600,78200,404000,0,1400,0
post_load_walking,0,16.6699,16.6652,2.4904,12512,585,817403749774,2.5261,1.0725,14.1274,16658400,73000,269200,0,1300,0
post_load_walking,0,16.6662,16.6738,2.2395,18904,585,817403916426,2.1638,1.4079,14.4972,16649900,76300,833700,0,3300,0
post_load_walking,0,16.6685,16.6634,2.4218,12512,582,817404083164,2.3413,0.7945,14.3104,16656100,80900,677400,0,1300,0
post_load_walking,0,16.6665,16.6718,2.1955,12512,586,817404249798,2.0594,1.0146,14.5991,16652000,79500,2833000,1030100,1500,0
post_load_walking,0,16.6677,16.6653,2.5610,12512,583,817404416516,3.0487,1.1211,13.6012,16652400,88800,380500,0,1500,0
post_load_walking,0,16.6748,16.6710,2.4515,12512,586,817404583169,3.1089,0.9590,13.5474,16669100,84100,282500,0,1500,0
post_load_walking,0,16.6614,16.6672,2.1770,18904,538,817404749879,3.6900,1.4442,12.9621,16632100,89700,669600,0,1700,0
post_load_walking,0,16.6654,16.6676,2.3716,12512,538,817404916551,2.5641,1.0661,14.0884,16644900,82100,555500,0,1500,0
post_load_walking,0,16.6666,16.6897,2.2528,12512,538,817405083227,2.2978,1.2125,14.3715,16646200,88500,726700,0,1600,0
post_load_walking,0,16.6664,16.6488,2.4300,12512,533,817405250124,2.9448,1.4412,13.6877,16648000,81900,289700,0,1500,0
post_load_walking,0,16.6698,16.6659,2.3357,12512,533,817405416612,2.6902,1.3259,13.9548,16656100,82200,687000,0,2400,0
post_load_walking,0,16.6660,16.6651,2.0275,18904,523,817405583271,2.7971,0.9601,13.8491,16648100,85800,585400,0,1400,0
post_load_walking,0,16.6661,16.6648,2.4187,12436,533,817405749922,2.6101,1.3233,14.0380,16648700,83400,417600,0,1900,0
post_load_walking,0,16.6681,16.6732,2.0439,12436,533,817405916570,2.9164,1.5204,13.7399,16652700,76200,325800,0,1500,0
post_load_walking,0,16.6682,16.6647,2.0296,12436,533,817406083302,2.7247,1.5240,13.9235,16651300,82200,332900,0,1700,0
post_load_walking,0,16.6645,16.6646,2.0511,12436,531,817406249949,2.5640,1.1709,14.0848,16641100,77700,336100,0,1700,0
post_load_walking,0,16.7039,16.6708,2.1105,18828,521,817406416595,2.8011,1.1171,13.8516,16688700,76900,727900,0,1700,0
post_load_walking,0,16.6546,16.6727,2.1606,12436,528,817406583303,2.3276,1.0090,14.3238,16635000,98300,307600,0,1500,0
post_load_walking,0,16.6672,16.6593,2.0572,12436,528,817406750030,2.4776,1.3389,14.1636,16651500,75400,799500,0,1600,0
post_load_walking,0,16.6639,16.7059,2.3828,12436,528,817406916623,3.4686,0.9753,13.2203,16641400,74200,300400,0,1200,0
post_load_walking,0,16.6679,16.6525,2.2036,12436,527,817407083682,2.6266,1.2484,14.0086,16656000,79100,292100,0,1500,0
post_load_walking,0,16.6668,16.6687,2.1658,18828,527,817407250207,3.1186,1.4009,13.5329,16651600,78400,1416500,0,3200,0
post_load_walking,0,16.6692,16.6573,2.3091,12436,528,817407416894,2.7238,0.9085,13.9176,16653500,74300,367100,0,1900,0
post_load_walking,0,16.6673,16.6705,1.9763,12436,528,817407583467,2.4525,1.3881,14.2036,16649800,77400,348500,0,1800,0
post_load_walking,0,16.6648,16.6667,2.3542,12436,511,817407750172,3.4992,1.5575,13.1526,16646600,83600,402500,0,3200,0
post_load_walking,0,16.6664,16.6722,2.1309,12436,514,817407916839,2.6157,1.1006,14.0378,16648200,76700,800700,0,1700,0
post_load_walking,0,16.6653,16.6683,1.9907,18828,514,817408083561,2.7651,1.0433,13.8848,16647800,84900,880600,0,1800,0
post_load_walking,0,16.6654,16.6623,1.9722,12436,513,817408250244,3.2524,1.4113,13.3942,16651600,70600,424200,0,1300,0
post_load_walking,0,16.6713,16.6646,2.1156,12436,512,817408416867,3.2046,1.4858,13.4436,16664800,73300,297300,0,2200,0
post_load_walking,0,16.6656,16.6607,2.2958,12436,360,817408583513,3.1609,1.1131,13.4868,16644200,111900,294900,0,2800,0
post_load_walking,0,16.6668,16.6635,2.2313,12436,365,817408750120,2.5631,1.1365,14.0884,16655900,72000,278700,0,1200,0
post_load_walking,0,16.6653,16.6795,2.2989,18828,360,817408916755,2.3455,0.9906,14.3195,16647400,73000,1139700,0,1700,0
post_load_walking,0,16.6686,16.6595,2.6102,12436,355,817409083550,2.8545,0.9083,13.7896,16658400,75800,258800,0,1300,0
post_load_walking,0,16.6670,16.6701,2.3583,12436,352,817409250145,2.3655,1.0704,14.2905,16650000,71400,410600,0,1300,0
post_load_walking,0,16.6688,16.6610,2.5518,22276,349,817409416846,2.9675,0.8459,13.6800,16654800,72000,1000800,0,1300,0
post_load_walking,0,16.6663,16.6720,2.3327,12436,326,817409583456,1.9833,0.9438,14.6752,16650400,72100,274600,0,1500,0
post_load_walking,0,16.6659,16.6665,3.6127,18828,327,817409750176,2.6448,0.9907,14.0053,16648900,74900,815300,0,1100,0
post_load_walking,0,16.6679,16.6708,2.5539,12436,327,817409916841,3.1947,0.8431,13.4602,16654500,73500,264600,0,1300,0
post_load_walking,0,16.6666,16.6673,2.3491,12436,326,817410083549,2.2073,1.5222,14.4433,16648800,77900,445100,0,1200,0
post_load_walking,0,16.6652,16.6647,2.4699,12436,324,817410250222,2.5543,0.8766,14.0947,16652200,81700,267800,0,1200,0
post_load_walking,0,16.6675,16.6689,2.4054,12436,324,817410416869,2.1376,0.8624,14.5170,16654000,71000,403400,0,1300,0
post_load_walking,0,16.6659,16.6650,2.2907,18828,324,817410583558,2.0866,0.8264,14.5623,16649700,77700,768100,0,1300,0
post_load_walking,0,16.6687,16.6651,2.6808,12436,323,817410750208,2.2725,1.2437,14.3797,16660700,68800,354600,0,1400,0
post_load_walking,0,16.6660,16.6673,2.3716,12436,324,817410916859,2.1644,1.0165,14.4896,16651200,73000,292100,0,1200,0
post_load_walking,0,16.6672,16.6618,2.6399,22792,318,817411083532,2.3445,0.9875,14.3053,16654800,74700,271300,0,1200,0
post_load_walking,0,16.6691,16.6735,2.3583,12436,261,817411250150,2.2639,0.9404,14.3969,16658500,74800,298300,0,2400,0
post_load_walking,0,16.6669,16.6641,1.8627,18828,257,817411416885,2.2797,1.4712,14.3716,16653200,74900,580700,0,1500,0
post_load_walking,0,16.6643,16.6675,2.0234,12436,256,817411583526,2.1156,0.6949,14.5393,16644500,72600,287500,0,1400,0
post_load_walking,0,16.6672,16.6732,1.8350,12436,253,817411750201,2.1124,0.8994,14.5464,16653700,66800,340400,0,1300,0
post_load_walking,0,16.6668,16.6679,1.7633,12436,251,817411916933,2.3598,0.6683,14.2936,16654200,68300,282400,0,1300,0
post_load_walking,0,16.6666,16.6588,1.7705,12436,245,817412083612,2.0197,1.1208,14.6249,16652500,71700,324500,0,1300,0
post_load_walking,0,16.6690,16.6666,1.7039,18828,248,817412250200,1.9238,0.6895,14.7300,16660700,69600,566100,0,1500,0
post_load_walking,0,16.6646,16.6664,2.0142,12436,248,817412416866,1.9113,1.0808,14.7430,16647100,73800,407500,0,1500,0
post_load_walking,0,16.6668,16.6647,2.0050,12436,242,817412583530,1.7571,1.0135,14.8955,16654000,72600,343200,0,1400,0
post_load_walking,0,16.6672,16.6745,2.1228,12436,243,817412750177,2.2601,0.9195,14.4007,16652900,70600,343400,0,1200,0
post_load_walking,0,16.6699,16.6609,1.7633,12436,241,817412916922,2.5047,1.1463,14.1425,16662600,67100,454700,0,1300,0
post_load_walking,0,16.6682,16.6673,1.8084,18828,241,817413083531,2.1083,0.6992,14.5457,16653300,79700,1108400,0,1900,0
post_load_walking,0,16.6666,16.6653,2.0224,12436,238,817413250204,2.0788,0.7599,14.5743,16649600,78900,328900,0,1400,0
post_load_walking,0,16.6649,16.6764,1.7664,12436,237,817413416857,2.1285,0.9469,14.5342,16644900,80800,301400,0,1300,0
post_load_walking,0,16.6663,16.6701,1.6323,12436,234,817413583621,2.4700,0.7952,14.1834,16651000,71100,271300,0,1300,0
post_load_walking,0,16.6663,16.6678,1.6855,12436,234,817413750322,2.1614,0.7399,14.4884,16656400,67900,372900,0,1300,0
post_load_walking,0,16.6676,16.6591,1.6343,18828,234,817413917000,1.9269,0.6578,14.7182,16652900,66700,625900,0,1100,0
post_load_walking,0,16.6676,16.6643,1.9814,12436,234,817414083591,1.8797,0.6945,14.7714,16651700,76100,311000,0,1500,0
post_load_walking,0,16.6668,16.6686,1.6906,22276,232,817414250234,1.9730,1.2167,14.6835,16652100,67200,335200,0,1200,0
post_load_walking,0,16.6670,16.6668,1.7306,12436,190,817414416920,1.8401,0.7713,14.8129,16655300,68700,279800,0,1100,0
post_load_walking,0,16.6653,16.6652,1.6620,12436,189,817414583588,1.8471,1.0111,14.8046,16648900,73800,432100,0,1500,0
post_load_walking,0,16.6683,16.6683,2.6890,18828,189,817414750240,1.9031,0.6424,14.7490,16657400,70200,622600,0,1400,0
post_load_walking,0,16.6641,16.6689,1.9180,12436,188,817414916923,1.5659,1.0986,15.0896,16644200,68200,286200,0,1200,0
post_load_walking,0,16.6817,16.6612,1.7080,12436,188,817415083612,1.9932,1.1025,14.6558,16671600,68400,342300,0,1200,0
post_load_walking,0,16.6583,16.6712,1.6783,12436,156,817415250224,1.8944,0.5811,14.7631,16646100,62100,1168500,0,1300,0
post_load_walking,0,16.6675,16.6582,1.5852,12436,156,817415416936,1.6914,0.6821,14.9529,16656700,68400,289900,0,1100,0
post_load_walking,0,16.6681,16.6830,1.6548,18828,154,817415583518,1.4930,0.7769,15.1787,16654100,90700,739500,0,1400,0
post_load_walking,0,16.6664,16.6595,1.8893,12436,154,817415750348,2.4864,0.8808,14.1598,16651100,73000,352400,0,1500,0
post_load_walking,0,16.6672,16.6689,1.6579,12436,154,817415916943,1.7674,1.2065,14.8894,16655600,71500,352500,0,1500,0
post_load_walking,0,16.6656,16.6702,1.5852,12436,154,817416083632,2.2503,1.0659,14.4039,16650200,75300,303200,0,1500,0
post_load_walking,0,16.6675,16.6638,1.5780,12436,154,817416250334,1.8153,1.0798,14.8359,16656500,64800,296100,0,1400,0
post_load_walking,0,16.6676,16.6682,1.6507,18828,155,817416416972,1.7834,0.5978,14.8724,16656400,66600,612600,0,1200,0
post_load_walking,0,16.6663,16.6639,1.9026,12436,152,817416583654,1.5697,0.5876,15.0807,16652700,68400,295500,0,1300,0
post_load_walking,0,16.6688,16.6678,1.6916,12436,151,817416750293,1.6145,0.7210,15.0420,16660500,67000,292800,0,1100,0
post_load_walking,0,16.6724,16.6688,1.7070,12436,151,817416916971,1.7111,0.5941,14.9454,16656100,73300,294400,0,1400,0
post_load_walking,0,16.6613,16.6652,1.5759,12436,144,817417083659,1.6494,0.7602,15.0033,16644000,75100,269200,0,1200,0
post_load_walking,0,16.6665,16.6742,1.5657,18828,142,817417250311,1.6117,0.8858,15.0490,16654800,65000,657000,0,1300,0
post_load_walking,0,16.6657,16.6710,1.8770,12436,142,817417417053,1.7044,0.5715,14.9518,16652600,68800,350900,0,1400,0
post_load_walking,0,16.6677,16.6575,1.6640,12436,142,817417583763,1.4903,1.1121,15.1539,16656300,68300,311700,0,1300,0
post_load_walking,0,16.6672,16.6670,1.6568,12436,140,817417750338,1.8030,0.5824,14.8519,16656300,70800,310400,0,1500,0
post_load_walking,0,16.6683,16.6646,1.5677,12436,135,817417917008,1.7269,0.6663,14.9257,16657500,80300,355400,0,1800,0
post_load_walking,0,16.6683,16.6682,1.6589,18828,134,817418083654,1.7105,0.6383,14.9459,16652900,81300,694100,0,1700,0
post_load_walking,0,16.6662,16.6695,1.8749,12436,135,817418250336,1.6680,1.1110,14.9883,16649400,73900,300500,0,1400,0
post_load_walking,0,16.6648,16.6716,1.6568,12436,134,817418417031,1.8497,1.2771,14.8078,16648700,72200,340100,0,1400,0
post_load_walking,0,16.6706,16.6690,1.6404,12436,135,817418583747,1.8768,0.6525,14.7762,16663100,68400,351500,0,1200,0
post_load_walking,0,16.6660,16.6634,1.6548,12436,135,817418750437,1.7706,1.0195,14.8790,16649400,79100,333800,0,1400,0
post_load_walking,0,16.6710,16.6616,1.6609,29260,135,817418917071,1.6396,0.9827,15.0091,16654300,85700,623500,0,1600,0
post_load_walking,0,16.6631,16.6784,1.8719,12512,116,817419083687,1.6272,0.7127,15.0361,16646300,92700,320800,0,1800,0
post_load_walking,0,16.6664,16.6648,1.6497,12512,116,817419250471,1.9922,1.5790,14.6572,16650700,83400,299500,0,1600,0
post_load_walking,0,16.6672,16.6703,1.6896,12512,116,817419417119,2.6770,0.5808,13.9773,16652400,81000,288900,0,1200,0
post_load_walking,0,16.6672,16.6620,1.6681,12512,114,817419583822,1.6683,0.6818,14.9780,16652700,80600,487800,0,1500,0
post_load_walking,0,16.6669,16.6669,1.6978,18904,112,817419750442,1.9557,0.8069,14.6951,16651600,78700,709800,0,1700,0
post_load_walking,0,16.6663,16.6667,1.8790,12512,112,817419917111,1.5523,1.0918,15.1001,16650800,80500,278400,0,1600,0
post_load_walking,0,16.6688,16.6678,1.7009,12512,112,817420083778,1.8664,0.6840,14.7864,16654800,84400,294400,0,1300,0
post_load_walking,0,16.6652,16.6664,1.5954,12512,112,817420250456,1.9152,0.5593,14.7366,16649100,83400,311800,0,1700,0
post_load_walking,0,16.6683,16.6663,1.9599,12512,112,817420417120,1.6038,0.5480,15.0472,16654600,81200,280500,0,1300,0
post_load_walking,0,16.6679,16.6697,1.6968,18904,112,817420583783,1.4669,0.8121,15.1880,16652500,86500,718200,0,1400,0
post_load_walking,0,16.6638,16.6642,1.9190,12512,112,817420750480,1.7283,0.5736,14.9210,16640800,103600,440600,0,2000,0
post_load_walking,0,16.6672,16.6706,1.6333,12512,112,817420917122,1.8689,0.7173,14.7857,16656100,84600,388500,0,1600,0
post_load_walking,0,16.6693,16.6697,1.6323,12512,113,817421083828,2.0087,0.8283,14.6438,16656400,85100,282200,0,1500,0
post_load_walking,0,16.6669,16.6552,1.7050,12512,114,817421250525,2.7463,1.0815,13.8945,16652400,83700,723900,0,1200,0
post_load_walking,0,16.6677,16.6704,1.7459,18904,114,817421417077,1.9796,0.5717,14.6766,16650500,86700,635200,0,2100,0
post_load_walking,0,16.6670,16.6711,1.9241,12512,114,817421583781,1.6726,0.7666,14.9840,16650800,89500,313600,0,1500,0
post_load_walking,0,16.6681,16.6683,1.7408,12512,114,817421750492,2.2393,1.1070,14.4132,16653900,87300,394200,966600,1700,0
post_load_walking,0,16.6715,16.6676,1.6097,12512,114,817421917175,2.2967,0.6230,14.3539,16660900,100500,329300,0,2300,0
post_load_walking,0,16.6655,16.6676,1.7162,12512,114,817422083851,2.0418,0.7244,14.6090,16640400,126500,294100,0,1700,0
post_load_walking,0,16.6953,16.6725,1.7275,18904,114,817422250527,2.2720,0.6748,14.3820,16669800,91100,985000,0,1900,0
post_load_walking,0,16.6644,16.6849,1.9446,12512,114,817422417252,2.1579,0.6316,14.5033,16631800,122000,474000,0,1800,0
post_load_walking,0,16.6639,16.6693,1.6292,12512,114,817422584101,1.9314,1.0044,14.7092,16629300,141300,397300,0,2200,0
post_load_walking,0,16.6766,16.6961,2.0388,12512,107,817422750794,2.6413,0.7601,14.0287,16667600,125300,854900,0,2000,0
post_load_walking,0,16.6657,16.6584,1.7244,12512,107,817422917755,2.4869,1.1162,14.1452,16637100,99200,293100,0,2400,0
post_load_walking,0,16.6609,16.6516,1.7469,18904,106,817423084339,2.5208,0.9198,14.1088,16620700,151800,786200,0,2200,0
post_load_walking,0,16.6702,16.6974,1.9354,12512,105,817423250855,2.9380,0.6558,13.7297,16641300,91500,337900,0,1700,0
post_load_walking,0,16.6666,16.6690,1.7521,12512,104,817423417829,2.1485,0.7244,14.4888,16644400,155500,372300,0,3000,0
post_load_walking,0,16.6661,16.6495,2.0285,12512,106,817423584519,2.1759,0.8293,14.4451,16631800,143300,352500,0,1600,0
post_load_walking,0,16.6715,16.6670,1.7695,12512,106,817423751014,2.5623,0.7693,14.0793,16653500,104800,306500,0,1900,0
post_load_walking,0,16.6569,16.6747,1.7244,18904,106,817423917684,2.9812,0.7161,13.6634,16616100,146300,617500,0,2800,0
post_load_walking,0,16.6634,16.6569,1.9640,12512,103,817424084431,2.6047,0.6822,14.0273,16634100,96000,291200,0,1900,0
post_load_walking,0,16.6671,16.6871,1.6630,12512,104,817424251000,2.2749,1.1399,14.3790,16657700,76200,348000,0,1300,0
post_load_walking,0,16.6668,16.6357,1.7971,12512,104,817424417871,2.5410,0.6056,14.0753,16653900,79700,343500,0,1200,0
post_load_walking,0,16.6692,16.6465,1.7572,12512,104,817424584228,1.5536,0.6469,15.0804,16661900,75500,331800,0,1000,0
post_load_walking,0,16.6658,16.6690,1.7848,18904,104,817424750693,1.7280,0.8805,14.9297,16647900,79100,598500,0,1200,0
post_load_walking,0,16.6699,16.6654,2.0214,12512,104,817424917383,1.5031,0.5952,15.1509,16655900,79700,351000,0,1400,0
post_load_walking,0,16.6641,16.6751,1.6998,22868,104,817425084037,1.6575,0.6839,15.0045,16647700,80500,297000,0,1300,0
post_load_walking,0,16.6676,16.6622,1.6988,12512,330,817425250788,2.1235,0.9640,14.5245,16652800,77900,290600,0,1300,0
post_load_walking,0,16.6662,16.6712,1.7265,12512,327,817425417410,1.6277,3.3573,15.0283,16651400,75500,308800,0,1300,0
post_load_walking,0,16.6672,16.6635,2.0398,18904,327,817425584122,2.0468,2.7608,14.6010,16653500,73800,592400,0,1100,0
post_load_walking,0,16.6665,16.6666,1.9866,12512,327,817425750757,1.8068,0.9251,14.8461,16650500,75100,284200,0,1200,0
post_load_walking,0,16.6742,16.6656,1.7910,12512,323,817425917423,1.6841,0.7159,14.9675,16660600,72300,277200,0,1200,0
post_load_walking,0,16.6811,16.6682,1.7664,12512,324,817426084079,1.9498,0.5636,14.7038,16663800,79000,276700,0,1500,0
post_load_walking,0,16.6678,16.6648,1.7562,12512,323,817426250761,1.6123,0.6506,15.0382,16653900,72400,290700,0,1300,0
post_load_walking,0,16.6684,16.6764,1.7971,18904,323,817426417409,1.6783,0.6782,14.9823,16657700,78500,679700,0,1600,0
post_load_walking,0,16.6650,16.6781,1.9876,12512,325,817426584173,1.6363,0.7178,15.0276,16643900,74900,324900,0,1300,0
post_load_walking,0,16.6661,16.6692,1.7981,12512,324,817426750954,1.7773,0.8403,14.8766,16652700,74800,325000,0,1400,0
post_load_walking,0,16.6670,16.6741,1.6538,12512,326,817426917646,2.1750,1.0286,14.4830,16655500,75300,319700,0,1500,0
post_load_walking,0,16.6674,16.6591,1.7951,12512,326,817427084387,1.6995,1.0802,14.9445,16653600,79500,284400,0,1400,0
post_load_walking,0,16.6685,16.6652,1.7848,18904,326,817427250978,1.7991,0.7963,14.8537,16656600,87600,553100,0,1300,0
post_load_walking,0,16.6651,16.6674,2.0582,12512,327,817427417630,2.0077,0.7887,14.6478,16646900,75000,378500,0,1100,0
post_load_walking,0,16.6728,16.6664,1.7469,12512,326,817427584304,1.6181,1.0360,15.0355,16667500,71900,275200,0,1200,0
post_load_walking,0,16.6618,16.6714,2.0429,22868,325,817427750968,1.8822,1.2127,14.7745,16638700,86300,300200,0,1800,0
post_load_walking,0,16.6674,16.6614,1.7940,12512,629,817427917682,2.2060,0.9722,14.4410,16653300,81500,323100,0,1300,0
post_load_walking,0,16.6679,16.6857,2.2579,18904,629,817428084296,2.2212,9.1150,14.4466,16655200,89300,618500,0,1800,0
post_load_walking,0,16.6680,16.6557,1.9814,12512,629,817428251153,2.9600,8.2210,13.6789,16656600,83300,323300,0,1900,0
post_load_walking,0,16.6686,16.6677,2.0337,12512,630,817428417710,2.6939,1.0998,13.9594,16652800,86700,305800,0,1700,0
post_load_walking,0,16.6667,16.6680,2.3419,12512,630,817428584387,2.3746,1.2194,14.2806,16650400,85400,322100,0,1500,0
post_load_walking,0,16.6664,16.6714,2.0900,12512,629,817428751067,2.5443,1.4007,14.1126,16649300,88200,309000,0,1400,0
post_load_walking,0,16.6660,16.6691,2.0818,18904,630,817428917781,2.5633,1.2364,14.0896,16647000,86800,671300,0,1300,0
post_load_walking,0,16.6654,16.6669,2.2989,12512,632,817429084472,2.1004,1.0774,14.5501,16648000,86500,289300,0,1400,0
post_load_walking,0,16.6664,16.6668,2.0429,12512,632,817429251141,2.4258,1.6918,14.2235,16653100,83600,306200,0,1300,0
post_load_walking,0,16.6670,16.6631,2.3009,12512,632,817429417809,2.3515,0.8681,14.2956,16652900,83000,407600,0,1400,0
post_load_walking,0,16.6688,16.6615,2.2477,12512,628,817429584440,1.9133,0.9506,14.7347,16658800,79400,282300,0,1400,0
post_load_walking,0,16.6664,16.6657,2.0132,18904,629,817429751055,2.5249,1.1234,14.1282,16652200,82400,624300,0,1600,0
post_load_walking,0,16.6656,16.6659,2.3480,12512,631,817429917712,2.3285,0.9267,14.3245,16649900,81400,326700,0,1300,0
post_load_walking,0,16.6698,16.6735,2.0337,12512,631,817430084371,2.2817,1.2552,14.3773,16659800,84000,278100,0,1300,0
post_load_walking,0,16.8049,16.6663,2.3153,12512,627,817430251106,3.1718,0.9976,13.4806,16797900,87600,367800,0,1800,0
post_load_walking,0,16.8760,16.6631,2.0050,12512,633,817430417769,2.6258,0.8660,14.0242,16866000,68900,355600,0,1100,0
post_load_walking,0,16.6553,16.6739,2.3552,18904,631,817430584400,2.3963,1.6261,14.2636,16625000,81300,602500,0,1400,0
post_load_walking,0,16.6655,16.8108,2.3122,12512,626,817430751139,2.8163,0.9342,13.9818,16652300,78600,276400,0,1100,0
post_load_walking,0,16.8023,16.8782,2.0224,12512,621,817430919247,1.9694,1.1316,14.8966,16790200,78600,301100,0,1300,0
post_load_walking,0,16.6610,16.6407,2.3736,12512,623,817431088029,2.3145,1.2617,14.3106,16642800,83600,325400,0,1500,0
post_load_walking,0,16.6670,16.6667,2.0101,12512,621,817431254436,2.1878,1.0472,14.4647,16655900,72100,276900,0,1400,0
post_load_walking,0,16.6655,16.8031,2.1330,18904,620,817431421103,2.0462,0.8924,14.7441,16648900,75500,650100,0,1100,0
post_load_walking,0,16.6717,16.6582,2.3480,12512,613,817431589134,1.9590,0.8341,14.6839,16663100,70900,337000,0,1100,0
post_load_walking,0,16.7197,16.6701,2.1084,12512,618,817431755716,1.9307,1.0710,14.7252,16699600,82900,351600,0,1400,0
post_load_walking,0,16.6668,16.6627,2.3163,12512,618,817431922417,2.2817,0.8287,14.3671,16649500,80100,296500,0,1400,0
post_load_walking,0,16.6658,16.6802,1.9681,12512,617,817432089044,2.1044,0.9941,14.5589,16648000,86500,297000,0,1400,0
post_load_walking,0,16.6655,16.7159,1.9476,18904,614,817432255846,2.7762,0.9926,13.9235,16651100,76900,1075000,0,1200,0
post_load_walking,0,16.6679,16.6669,2.0275,12512,615,817432423005,2.6949,1.0818,13.9547,16656500,77900,337800,0,1100,0
post_load_walking,0,16.6798,16.6617,1.9927,12512,614,817432589674,2.3301,1.0544,14.3181,16666300,80500,326400,0,1500,0
post_load_walking,0,16.6675,16.6674,2.2764,12512,607,817432756291,3.1722,1.4437,13.4790,16655800,84900,333700,0,1400,0
post_load_walking,0,16.6878,16.6695,1.9456,12512,609,817432922965,2.2446,1.0444,14.4120,16676100,90200,402400,0,1600,0
post_load_walking,0,16.6592,16.6805,2.0173,18904,603,817433089660,2.4582,1.2574,14.2083,16641600,92500,646300,0,1900,0
post_load_walking,0,16.6692,16.6704,1.9753,12512,595,817433256465,2.2184,1.3424,14.4375,16652000,87200,384200,0,1600,0
post_load_walking,0,16.6644,16.6907,1.9507,12512,596,817433423169,2.3746,1.3126,14.3016,16643300,85700,350700,0,2600,0
post_load_walking,0,16.6696,16.6573,2.2385,12512,591,817433590076,2.4865,1.3292,14.1551,16653900,81600,326900,0,1500,0
post_load_walking,0,16.7275,16.6698,2.0941,12512,590,817433756649,2.4402,1.5434,14.2119,16708300,97600,350300,0,1800,0
post_load_walking,0,16.6699,16.6632,1.9528,18904,591,817433923347,2.7169,1.3008,13.9267,16653000,94900,1106400,0,1900,0
post_load_walking,0,16.6644,16.6736,1.9773,12512,561,817434089979,2.4040,1.1711,14.2502,16621000,107800,467300,0,2300,0
post_load_walking,0,16.6650,16.7288,1.9999,12512,592,817434256715,2.6727,1.2383,14.0358,16633500,110100,926000,0,2400,0
post_load_walking,0,16.6667,16.6986,2.3941,12512,592,817434424003,3.1390,1.8026,13.5144,16648500,89000,344300,0,1600,0
post_load_walking,0,16.6701,16.6446,2.1146,12512,586,817434590989,3.3387,1.6355,13.2824,16655200,90700,528200,0,1700,0
post_load_walking,0,16.6651,16.6525,2.3214,18904,590,817434757435,4.4347,1.1735,12.1988,16647400,94700,812700,0,1700,0
post_load_walking,0,16.6679,16.6658,2.0152,12512,587,817434923960,3.0620,1.8734,13.5865,16648200,95600,648300,0,1900,0
post_load_walking,0,16.6684,16.6732,2.8129,12512,586,817435090618,2.8777,2.0664,13.7777,16654000,99400,458500,0,1900,0
post_load_walking,0,16.6669,16.6668,2.3542,12512,583,817435257350,3.2428,1.8766,13.4049,16643800,101400,310400,0,1800,0
post_load_walking,0,16.6661,16.6655,2.1320,12512,586,817435424018,3.2203,1.0575,13.4280,16634200,96900,314000,0,1800,0
post_load_walking,0,16.6650,16.6758,2.0449,18904,586,817435590673,2.7647,1.4181,13.8897,16643900,101800,770200,0,2000,0
post_load_walking,0,16.6680,16.6734,2.1432,12512,586,817435757431,2.3798,1.2930,14.2643,16649200,91500,354600,0,2000,0
post_load_walking,0,16.6683,16.6552,2.1361,12512,586,817435924165,2.3463,1.3331,14.2880,16652700,97000,342000,0,2000,0
post_load_walking,0,16.6692,16.6623,2.3398,12512,586,817436090717,2.9607,1.4063,13.6833,16643800,129000,331400,0,2400,0
post_load_walking,0,16.6668,16.6675,2.0163,12512,586,817436257340,2.8053,1.1768,13.8441,16642800,105000,421200,0,1700,0
post_load_walking,0,16.6643,16.6764,2.4740,18904,585,817436424015,2.7974,1.1442,13.8555,16641900,106000,680700,0,2000,0
post_load_walking,0,16.6667,16.6672,2.1688,12512,585,817436590779,2.6522,1.5757,13.9919,16643700,107400,320100,0,2300,0
post_load_walking,0,16.6703,16.6660,2.0500,12512,585,817436757451,2.7760,1.3418,13.8670,16647900,111100,317500,0,1900,0
post_load_walking,0,16.6647,16.6651,2.3839,12512,582,817436924111,3.1413,1.0190,13.5009,16639800,111700,371400,0,1800,0
post_load_walking,0,16.6653,16.6665,2.2620,12512,585,817437090762,3.0224,1.0466,13.6216,16640500,108100,311500,0,2000,0
post_load_walking,0,16.7625,16.6727,2.5354,18904,582,817437257427,2.8202,1.1243,13.8279,16742200,90900,566900,0,1900,0
post_load_walking,0,16.6639,16.6625,2.2108,12512,586,817437424154,3.0186,1.0203,13.6214,16641400,93900,579200,0,2200,0
post_load_walking,0,16.6729,16.6624,2.2026,12512,586,817437590779,2.5514,1.0369,14.0893,16653100,103200,441100,0,2200,0
post_load_walking,0,16.6668,16.7623,2.5774,12512,586,817437757403,2.7384,1.5828,14.0040,16644300,177000,396000,0,1900,0
post_load_walking,0,16.6695,16.6626,2.2200,12512,586,817437925026,3.5335,1.2677,13.1081,16644100,104800,378600,0,1800,0
post_load_walking,0,16.6620,16.6758,2.4177,18904,537,817438091652,3.4732,1.6595,13.1802,16638600,114200,996100,0,2200,0
post_load_walking,0,16.6681,16.6696,2.1699,12512,537,817438258410,2.8501,1.5113,13.7943,16652600,122800,351100,0,2000,0
post_load_walking,0,16.6664,16.6666,2.2671,12512,538,817438425106,2.9265,1.4161,13.7179,16641200,107600,374600,0,1800,0
post_load_walking,0,16.6837,16.6589,2.5088,12512,533,817438591772,3.2137,1.3815,13.4250,16666600,92500,364100,0,2000,0
post_load_walking,0,16.6632,16.6746,2.6255,12512,533,817438758361,2.8091,1.3633,13.8437,16616500,142600,389500,0,2100,0
post_load_walking,0,16.6669,16.6647,2.4044,18904,533,817438925107,2.5619,1.6300,14.0795,16642100,115800,2850200,957100,1800,0
post_load_walking,0,16.6671,16.6946,2.2047,12436,533,817439091754,2.3695,1.1445,14.2975,16647000,101700,479500,0,2900,0
post_load_walking,0,16.6666,16.6517,2.3839,12436,533,817439258700,2.6542,1.1868,13.9623,16639500,108400,416600,0,3200,0
post_load_walking,0,16.6712,16.6647,2.1228,12436,533,817439425217,4.0034,1.2043,12.6389,16657000,89000,318900,0,1700,0
post_load_walking,0,16.6628,16.6693,2.1340,12436,535,817439591864,3.3698,1.1688,13.2773,16630400,90100,389900,0,2000,0
post_load_walking,0,16.6693,16.6624,2.5518,18828,526,817439758557,3.3853,0.9757,13.2544,16641900,95800,755400,0,2100,0
post_load_walking,0,16.6669,16.6853,2.1576,12436,527,817439925181,2.7706,1.0498,13.8867,16640800,90600,501300,0,2000,0
post_load_walking,0,16.6673,16.6585,2.1033,12436,528,817440092034,3.0724,1.2438,13.5582,16649500,100000,743900,0,1800,0
post_load_walking,0,16.6682,16.6654,2.1484,12436,528,817440258619,3.6208,1.5578,13.0213,16646300,99900,380600,0,3100,0
post_load_walking,0,16.6643,16.6613,2.2170,12436,526,817440425273,3.2710,1.2121,13.3699,16634500,119200,456800,0,3200,0
post_load_walking,0,16.6759,16.6742,2.4617,18828,528,817440591886,3.1763,1.3088,13.4735,16665600,90000,717300,0,1800,0
post_load_walking,0,16.6589,16.6716,2.0163,12436,529,817440758628,3.4670,1.3953,13.1794,16615400,102700,363100,0,2300,0
post_load_walking,0,16.6668,16.6562,1.9692,12436,519,817440925344,3.6202,1.7743,13.0144,16642100,128300,497100,0,3800,0
post_load_walking,0,16.6662,16.6984,2.1524,12436,511,817441091906,3.4770,1.5853,13.1891,16644000,105200,412900,0,2700,0
post_load_walking,0,16.6695,16.6415,2.0951,12436,514,817441258890,3.0668,1.0707,13.5489,16648100,91300,301600,0,2100,0
post_load_walking,0,16.6660,16.6639,2.3685,18828,508,817441425305,3.4893,1.3158,13.1532,16645500,122000,789600,0,1500,0
post_load_walking,0,16.6656,16.6666,1.9640,12436,513,817441591944,2.7802,1.2070,13.8642,16639900,89700,550200,0,2600,0
post_load_walking,0,16.6666,16.6696,2.0460,12436,513,817441758610,2.7908,1.5407,13.8576,16644800,96800,317400,0,2200,0
post_load_walking,0,16.6715,16.6680,2.3409,12436,365,817441925306,3.6667,1.4878,12.9789,16650100,98100,303600,0,1900,0
post_load_walking,0,16.6677,16.6638,2.3869,12436,360,817442091986,3.2448,1.1747,13.3954,16645100,105200,408000,0,1900,0
post_load_walking,0,16.6694,16.6654,2.6286,18828,360,817442258624,2.9583,1.1009,13.6868,16642800,101900,923700,0,1800,0
post_load_walking,0,16.6620,16.6745,2.4412,12436,355,817442425278,2.7645,1.7311,13.8857,16638000,94000,405400,0,1900,0
post_load_walking,0,16.6698,16.6704,2.4402,12436,352,817442592023,2.7905,1.2031,13.8549,16643600,107300,393400,0,3200,0
post_load_walking,0,16.6640,16.6649,2.7505,22276,352,817442758727,3.2393,1.1233,13.4036,16649100,101200,321700,0,2000,0
post_load_walking,0,16.6668,16.6617,2.2999,12436,326,817442925376,2.8430,1.2236,13.7953,16636600,109100,396100,0,2000,0
post_load_walking,0,16.6674,16.6659,2.9184,18828,327,817443091993,3.2387,0.9891,13.4051,16645400,106000,906300,0,2100,0
post_load_walking,0,16.6706,16.6723,2.3460,12436,327,817443258652,3.1637,1.1520,13.4857,16652900,89200,393900,0,2700,0
post_load_walking,0,16.6639,16.6599,2.2508,12436,327,817443425375,2.8742,1.3640,13.7625,16636300,91600,332600,0,2000,0
post_load_walking,0,16.6661,16.6641,2.6491,12436,325,817443591974,2.7720,1.7891,13.8735,16643000,94000,322200,0,1900,0
post_load_walking,0,16.6670,16.6749,2.3542,12436,324,817443758615,2.6385,1.1527,14.0145,16651000,106200,769100,0,3000,0
post_load_walking,0,16.6682,16.6606,2.5252,18828,323,817443925364,3.0659,0.9690,13.5707,16646700,97500,636900,0,1900,0
post_load_walking,0,16.6658,16.6642,2.2006,12436,323,817444091970,3.0381,1.4873,13.6051,16639300,123000,403100,0,2100,0
post_load_walking,0,16.6672,16.6732,2.3214,12436,324,817444258612,3.6796,1.2292,12.9716,16658600,100300,414100,0,1600,0
post_load_walking,0,16.6679,16.6688,2.5569,22792,319,817444425344,3.0899,1.2649,13.5570,16632600,84000,288500,0,1600,0
post_load_walking,0,16.6730,16.6609,2.3050,12436,260,817444592032,3.5600,1.1337,13.0795,16660900,95200,521600,0,2400,0
post_load_walking,0,16.6644,16.6798,2.0982,18828,256,817444758641,3.5092,1.6501,13.1497,16634300,107400,697300,0,2200,0
post_load_walking,0,16.7421,16.6541,1.8135,12436,256,817444925439,2.9543,1.3618,13.6784,16713800,103800,583800,0,2200,0
post_load_walking,0,16.6612,16.6893,1.7408,12436,250,817445091980,2.7687,1.2441,13.8925,16609700,162300,386100,0,2200,0
post_load_walking,0,16.6686,16.6613,2.4689,12436,250,817445258873,2.7527,1.0212,13.8818,16650200,86900,352600,0,1600,0
post_load_walking,0,16.6666,16.7547,1.7725,12436,248,817445425486,3.1815,0.9801,13.5327,16646200,87100,338500,0,2300,0
post_load_walking,0,16.6676,16.6366,1.6650,18828,247,817445593033,2.7758,0.8786,13.8338,16649900,82200,1005500,0,1700,0
post_load_walking,0,16.6668,16.6699,1.8094,12436,248,817445759399,2.2228,0.8409,14.4277,16645800,75800,385400,0,1800,0
post_load_walking,0,16.6660,16.6640,1.7439,12436,241,817445926098,2.4945,1.0498,14.1519,16645300,80900,630500,0,1600,0
post_load_walking,0,16.6662,16.6680,2.0429,12436,242,817446092738,2.7925,1.2757,13.8575,16642900,87600,780000,0,1400,0
post_load_walking,0,16.6632,16.6685,1.7756,12436,240,817446259418,2.4050,1.0782,14.2410,16644200,72100,751800,0,1400,0
post_load_walking,0,16.6662,16.6647,1.7213,18828,241,817446426103,3.2544,1.0924,13.3910,16651100,80300,722000,0,1200,0
post_load_walking,0,16.6676,16.6601,1.7152,12436,238,817446592750,2.7187,0.9729,13.9243,16657600,69200,259100,0,1300,0
post_load_walking,0,16.6662,16.6597,1.7705,12436,238,817446759351,2.5142,0.7389,14.1302,16653300,68000,317900,0,1400,0
post_load_walking,0,16.6670,16.6633,1.9466,12436,234,817446925948,2.2846,0.8791,14.3667,16656500,65800,384300,0,1200,0
post_load_walking,0,16.6684,16.6690,1.6630,12436,233,817447092581,2.0828,1.0220,14.5748,16655800,71800,308800,0,1400,0
post_load_walking,0,16.6657,16.6649,1.6783,18828,234,817447259271,2.0159,1.0725,14.6374,16650600,71800,658100,0,1500,0
post_load_walking,0,16.6680,16.6700,1.6650,12436,234,817447425920,1.9555,0.7519,14.7011,16657000,70300,307100,0,1200,0
post_load_walking,0,16.6687,16.6685,1.7101,22276,234,817447592620,2.0433,0.8468,14.6126,16658700,73900,318400,0,1800,0
post_load_walking,0,16.6663,16.6632,1.9466,12436,189,817447759305,2.3205,0.7583,14.3301,16650800,77900,374000,0,2200,0
post_load_walking,0,16.6664,16.6696,1.6630,12436,189,817447925937,2.0590,0.6763,14.5981,16652100,77100,382200,0,1600,0
post_load_walking,0,16.6691,16.6729,1.5770,18828,189,817448092633,2.4584,0.8432,14.2004,16656200,80200,680000,0,1400,0
post_load_walking,0,16.6657,16.6657,1.6015,12436,187,817448259362,2.5467,0.9654,14.1041,16647800,80300,721000,0,1500,0
post_load_walking,0,16.6659,16.6660,1.6753,12436,188,817448426019,2.4456,0.8073,14.2066,16649700,73100,294400,0,1400,0
post_load_walking,0,16.6682,16.6716,1.9149,12436,156,817448592679,2.1313,1.0522,14.5251,16658900,68500,284400,0,1400,0
post_load_walking,0,16.6646,16.6623,1.6015,12436,156,817448759395,2.6224,0.6581,14.0256,16647300,73900,322700,0,1500,0
post_load_walking,0,16.6659,16.6634,1.6568,18828,154,817448926018,2.0284,0.6440,14.6214,16650900,70500,670400,0,1300,0
post_load_walking,0,16.6680,16.6726,1.6589,12436,154,817449092652,1.9939,0.7541,14.6650,16657400,66300,274000,0,1300,0
post_load_walking,0,16.6668,16.6602,1.5903,12436,152,817449259378,1.8151,1.1799,14.8322,16655000,70500,337400,0,1100,0
post_load_walking,0,16.6700,16.6622,1.5852,12436,154,817449425980,2.0928,0.5790,14.5580,16661000,65200,358100,0,1300,0
post_load_walking,0,16.6642,16.6698,1.6691,12436,154,817449592602,1.5982,0.9722,15.0592,16645800,76500,389100,0,1400,0
post_load_walking,0,16.6677,16.6682,1.5708,18828,156,817449759300,1.8555,0.6906,14.7997,16655700,70900,656000,0,1300,0
post_load_walking,0,16.6704,16.6752,1.8995,12436,152,817449925982,1.9922,0.8721,14.6688,16659400,75800,302100,0,1600,0
post_load_walking,0,16.6637,16.6606,1.6722,12436,151,817450092734,2.2731,0.7598,14.3728,16639400,86900,315800,0,1700,0
post_load_walking,0,16.6701,16.6693,1.9302,12436,151,817450259340,2.0146,0.6555,14.6413,16658700,74200,380100,0,1600,0
post_load_walking,0,16.6677,16.6762,1.6855,12436,144,817450426033,2.3959,0.8196,14.2635,16651800,75600,361900,0,1600,0
post_load_walking,0,16.6648,16.6569,1.5483,18828,142,817450592795,2.2935,1.1170,14.3460,16647600,75200,770300,0,1700,0
post_load_walking,0,16.6691,16.6743,1.9026,12436,142,817450759364,1.9813,1.1018,14.6775,16655500,77700,274700,0,1300,0
post_load_walking,0,16.6625,16.6680,1.6620,12436,142,817450926107,1.9246,1.2013,14.7273,16640200,70400,305800,0,1500,0
post_load_walking,0,16.6661,16.6638,1.5729,12436,140,817451092787,2.3329,0.6044,14.3148,16653500,73400,270900,0,1100,0
post_load_walking,0,16.6676,16.6732,1.6282,12436,134,817451259425,1.8705,0.7465,14.7853,16657300,66800,344100,0,1300,0
post_load_walking,0,16.6671,16.6523,1.6384,18828,135,817451426157,1.9397,0.5975,14.7006,16651200,76500,690600,0,1600,0
post_load_walking,0,16.6664,16.6653,1.9118,12436,135,817451592680,1.6228,1.0579,15.0307,16651700,68900,460800,0,1400,0
post_load_walking,0,16.6717,16.6706,1.6323,12436,135,817451759333,1.6260,1.2189,15.0314,16668000,68400,321200,0,1300,0
post_load_walking,0,16.7130,16.6650,1.8534,12436,135,817451926039,1.9633,1.1245,14.6879,16710300,77300,386700,0,1600,0
post_load_walking,0,16.6464,16.6652,1.6538,12436,135,817452092689,1.6854,0.7629,14.9664,16591600,82400,380400,0,1600,0
post_load_walking,0,16.6676,16.6846,1.5677,29260,135,817452259341,1.9503,0.7003,14.7178,16652200,84000,572700,0,1400,0
post_load_walking,0,16.6686,16.7398,1.6660,12512,116,817452426187,2.4710,1.1173,14.2396,16659500,81400,371500,0,1500,0
post_load_walking,0,16.6698,16.6105,1.6425,12512,116,817452593585,1.7393,1.4740,14.8524,16651000,91000,864500,0,2000,0
post_load_walking,0,16.6647,16.6646,1.6241,12512,116,817452759690,2.3247,0.9422,14.3276,16651400,78300,286600,0,1800,0
post_load_walking,0,16.6675,16.6732,1.6538,12512,114,817452926336,1.9187,0.9386,14.7407,16652900,86600,359600,0,1600,0
post_load_walking,0,16.6645,16.6660,1.6660,18904,112,817453093068,2.5710,0.6576,14.0802,16646300,90000,816300,0,1500,0
post_load_walking,0,16.6679,16.6673,1.9661,12512,112,817453259728,1.8762,0.6654,14.7753,16657300,76400,290500,0,1600,0
post_load_walking,0,16.6657,16.6694,1.6998,12512,112,817453426401,2.0774,0.7321,14.5758,16650000,81200,302400,0,1300,0
post_load_walking,0,16.6695,16.6583,1.9907,12512,112,817453593095,2.1473,0.5402,14.4990,16659900,77500,299600,0,1600,0
post_load_walking,0,16.6667,16.6707,1.7172,12512,112,817453759678,1.8113,0.5929,14.8462,16651600,83500,645500,0,1600,0
post_load_walking,0,16.6663,16.6632,1.6783,18904,112,817453926385,1.8561,0.6033,14.7940,16649400,83500,825400,0,1200,0
post_load_walking,0,16.6720,16.6737,1.9927,12512,112,817454093017,1.8445,1.2703,14.8153,16654600,88800,379100,0,1400,0
post_load_walking,0,16.6623,16.6658,1.6927,12512,112,817454259754,2.4842,0.8116,14.1675,16648700,138900,312400,0,1700,0
post_load_walking,0,16.6659,16.6671,2.0879,12512,113,817454426412,2.2513,1.0421,14.3980,16653300,79400,367000,0,1500,0
post_load_walking,0,16.6687,16.6700,1.6732,12512,113,817454593083,1.7189,0.5844,14.9357,16650900,79100,369200,0,1600,0
post_load_walking,0,16.6660,16.6639,1.7254,18904,114,817454759783,2.0889,0.6134,14.5599,16649700,82400,908400,0,1500,0
post_load_walking,0,16.6667,16.6687,2.0193,12512,114,817454926422,1.8454,1.0281,14.8080,16651100,77400,283000,0,1400,0
post_load_walking,0,16.6664,16.6669,1.6527,12512,114,817455093109,1.6714,1.2335,14.9797,16652200,87500,304600,0,1700,0
post_load_walking,0,16.6660,16.6643,2.0419,12512,114,817455259778,2.2854,0.5322,14.3643,16652100,80700,277500,0,1700,0
post_load_walking,0,16.6683,16.6662,1.6968,12512,114,817455426421,1.6654,0.6915,14.9859,16659500,78100,349500,0,1200,0
post_load_walking,0,16.7345,16.6653,3.0740,18904,114,817455593083,1.6317,0.5996,15.0206,16716500,87100,866300,0,1500,0
post_load_walking,0,16.6692,16.6643,2.2845,12512,114,817455759736,1.7313,0.9481,14.9208,16657000,79700,474500,0,1500,0
post_load_walking,0,16.6653,16.6728,1.7039,12512,114,817455926379,1.8150,1.2894,14.8447,16646600,90400,298700,0,1500,0
post_load_walking,0,16.6651,16.7306,2.0081,12512,107,817456093107,2.2320,0.9358,14.4846,16649400,89100,298900,0,2200,0
post_load_walking,0,16.6680,16.6738,1.6957,12512,107,817456260413,1.8461,0.6284,14.8111,16657900,128500,435400,0,2200,0
post_load_walking,0,16.6654,16.6635,1.7521,18904,106,817456427151,1.8329,0.8241,14.8138,16648800,87400,666400,0,1300,0
post_load_walking,0,16.6679,16.6602,1.7121,12512,106,817456593786,1.6348,0.8770,15.0146,16657800,66900,1957700,763000,1100,0
post_load_walking,0,16.6674,16.6705,1.7388,12512,106,817456760388,2.0676,1.0243,14.5904,16658500,77400,386100,0,1200,0
post_load_walking,0,16.6703,16.6618,1.9917,12512,106,817456927093,1.7514,0.5772,14.8974,16660500,89400,269200,0,1400,0
post_load_walking,0,16.6663,16.6691,1.7777,12512,106,817457093711,2.2888,0.8923,14.3692,16650700,96600,384800,0,1800,0
post_load_walking,0,16.6667,16.6713,1.6241,18904,106,817457260402,1.8841,0.6140,14.7744,16651500,99200,747400,0,1500,0
post_load_walking,0,16.6722,16.6750,1.9784,12512,104,817457427115,1.7784,1.1154,14.8823,16654600,93400,295000,0,1400,0
post_load_walking,0,16.6652,16.6666,1.7510,12512,104,817457593865,1.8682,0.7876,14.7827,16646500,84200,410300,0,1400,0
post_load_walking,0,16.6706,16.6664,2.0163,12512,104,817457760531,2.0890,0.6237,14.5627,16664300,79200,434200,0,1200,0
post_load_walking,0,16.6661,16.6696,1.7152,12512,104,817457927195,1.9096,0.8964,14.7451,16649500,93300,281700,0,1900,0
post_load_walking,0,17.6799,16.6606,1.7961,18904,104,817458093891,2.0732,0.9183,14.5733,17666500,89800,652100,0,2000,0
post_load_walking,0,16.6633,16.6786,1.7398,12512,104,817458260497,1.9482,0.6340,14.7161,16639300,148400,360100,0,1600,0
post_load_walking,0,16.6674,16.6652,1.7644,22868,104,817458427283,1.9727,1.0832,14.6771,16649300,99400,329100,0,1400,0
post_load_walking,0,16.6639,17.6869,1.7582,12512,330,817458593935,1.8181,3.0077,15.8485,16648000,85600,335700,0,1500,0
post_load_walking,0,16.6712,16.6553,2.0204,12512,327,817458770804,4.3353,3.7395,12.3041,16664900,78800,288100,0,1400,0
post_load_walking,0,16.6671,16.6649,1.6865,18904,328,817458937357,2.4751,3.0719,14.1742,16646300,117400,1032900,0,1800,0
post_load_walking,0,16.6643,16.6610,1.7029,12512,325,817459104006,2.1998,0.9820,14.4482,16642600,84500,343400,0,1700,0
post_load_walking,0,16.7081,16.6798,1.7920,12512,328,817459270616,1.7685,0.9182,14.8965,16692700,86000,322700,0,1800,0
post_load_walking,0,16.6939,16.6642,2.0111,12512,325,817459437414,2.4114,0.7826,14.2351,16680100,75600,336900,0,1600,0
post_load_walking,0,16.6676,16.6598,1.7254,12512,324,817459604056,2.1738,1.0969,14.4687,16657600,78300,360300,0,1500,0
post_load_walking,0,16.6670,16.7056,2.0347,18904,325,817459770654,1.9249,0.6686,14.7680,16644100,99900,945000,0,1600,0
post_load_walking,0,16.6660,16.6960,2.4515,12512,324,817459937710,2.0840,1.1686,14.5962,16647900,91500,349300,0,2300,0
post_load_walking,0,16.6666,16.6776,1.6865,12512,326,817460104670,2.4222,0.9675,14.2355,16631300,139400,553200,0,2100,0
post_load_walking,0,16.6884,16.6659,1.6835,12512,320,817460271446,2.6187,0.7875,14.0256,16671400,96800,763800,0,2300,0
post_load_walking,0,16.6572,16.6730,1.7101,12512,326,817460438105,2.8913,0.8461,13.7569,16640400,82900,747800,0,1600,0
post_load_walking,0,16.6681,16.6559,2.4484,18904,326,817460604835,2.8498,1.1122,13.7817,16655800,83400,752000,0,1600,0
post_load_walking,0,16.6679,16.6877,1.7531,12512,328,817460771394,3.0003,0.9036,13.6712,16653600,83500,377300,0,1500,0
post_load_walking,0,16.6681,16.6541,1.7039,12512,326,817460938271,2.9336,1.2969,13.7069,16652900,81500,379700,0,1200,0
post_load_walking,0,16.6663,16.6710,2.0234,22868,325,817461104812,2.1879,0.7844,14.4682,16648900,97600,387300,0,1900,0
post_load_walking,0,16.6647,16.6682,1.7818,12512,626,817461271522,1.9686,0.8330,14.6851,16648300,111400,343500,0,1600,0
post_load_walking,0,16.6677,16.6683,1.9446,18904,630,817461438204,2.3264,11.4110,14.3267,16652700,86200,665200,0,1500,0
post_load_walking,0,16.6663,16.6682,1.9794,12512,627,817461604887,3.3745,9.2012,13.2745,16652100,79300,437900,0,1400,0
post_load_walking,0,16.6696,16.6619,1.9661,12512,630,817461771569,2.6792,1.2552,13.9692,16659900,83200,294300,0,1500,0
post_load_walking,0,16.6668,16.6656,1.9292,12512,629,817461938188,2.6326,1.4001,14.0201,16650700,91500,365000,0,1500,0
post_load_walking,0,16.6661,16.6661,2.0152,12512,630,817462104844,2.4722,0.9222,14.1801,16652000,86500,312800,0,1400,0
post_load_walking,0,16.6687,16.6736,2.2671,18904,628,817462271505,2.2804,1.5398,14.3797,16650000,93400,675700,0,1400,0
post_load_walking,0,16.6684,16.6663,2.0664,12512,631,817462438241,2.5312,0.9345,14.1196,16655600,85400,322500,0,1500,0
post_load_walking,0,16.6663,16.6667,2.2866,12512,630,817462604904,2.5751,1.4220,14.0769,16653000,82500,406300,0,1500,0
post_load_walking,0,16.6679,16.6640,1.9845,12512,628,817462771571,2.9660,1.1693,13.6841,16656000,86200,315300,0,1700,0
post_load_walking,0,16.6669,16.6681,1.9579,12512,631,817462938211,2.7879,0.9508,13.8677,16651400,85000,312800,0,1400,0
post_load_walking,0,16.6668,16.6691,2.3398,18904,632,817463104892,2.7422,1.2028,13.9109,16652000,85200,671600,0,1900,0
post_load_walking,0,16.6726,16.6706,2.0552,12512,632,817463271583,2.4429,1.2248,14.2133,16663200,87100,374700,0,1600,0
post_load_walking,0,16.6669,16.6665,2.3572,12512,632,817463438289,2.4331,1.6369,14.2183,16642900,126100,292700,0,1600,0
post_load_walking,0,16.6693,16.6670,1.9978,12512,628,817463604954,2.3508,1.0255,14.3013,16653900,154200,317900,0,1700,0
post_load_walking,0,16.6616,16.6835,2.0357,12512,630,817463771624,2.3275,1.0542,14.3359,16611100,125000,291200,0,1600,0
post_load_walking,0,16.6732,16.6692,2.3788,18904,629,817463938459,2.7618,1.1714,13.8812,16654800,144600,1202600,0,1400,0
post_load_walking,0,16.6670,16.6914,2.1043,12512,627,817464105151,2.5058,0.9311,14.1483,16649300,154200,441400,0,1800,0
post_load_walking,0,16.6643,16.6355,2.3613,12512,621,817464272065,2.3916,1.3039,14.2196,16627300,198200,398600,0,3600,0
post_load_walking,0,16.6661,16.6768,2.1709,12512,623,817464438420,3.2418,1.4381,13.4133,16647400,95900,405000,0,4000,0
post_load_walking,0,16.6661,16.6762,2.1238,12512,622,817464605188,3.0905,1.3773,13.5590,16647700,173800,348300,0,1800,0
post_load_walking,0,16.6735,16.6510,2.3839,18904,620,817464771950,2.9556,1.3529,13.6718,16655100,148800,642800,0,1700,0
post_load_walking,0,16.6710,16.6694,2.0285,12512,619,817464938460,2.7833,1.5030,13.8643,16633600,190800,402000,0,1700,0
post_load_walking,0,16.6659,16.6701,2.3501,12512,618,817465105154,2.8324,1.0949,13.8155,16631300,158400,304600,0,1500,0
post_load_walking,0,16.6564,16.6848,2.0849,12512,618,817465271855,3.0147,1.0444,13.6409,16612500,135800,373600,0,1400,0
post_load_walking,0,16.6689,16.6742,2.1084,12512,617,817465438703,3.0175,1.3403,13.6166,16646800,161100,304100,0,1900,0
post_load_walking,0,16.6665,16.6644,2.3071,18904,614,817465605445,2.6382,1.4358,13.9933,16646700,99900,749300,0,2200,0
post_load_walking,0,16.6660,16.6359,2.5467,12512,616,817465772089,2.3000,1.0749,14.3128,16646200,95100,380200,0,1900,0
post_load_walking,0,16.6684,16.6674,2.3327,12512,614,817465938448,2.5793,1.5740,14.0677,16650800,99000,498200,0,1900,0
post_load_walking,0,16.6679,16.6671,2.0654,12512,609,817466105122,2.8003,1.3516,13.8466,16645700,92800,363100,0,2500,0
post_load_walking,0,16.6658,16.6656,2.0357,12512,609,817466271793,2.8396,1.5177,13.8067,16647400,104300,339700,0,2700,0
post_load_walking,0,16.6723,16.6700,2.4504,18904,602,817466438449,2.9201,1.3652,13.7308,16654200,117500,669200,0,2100,0
post_load_walking,0,16.6661,16.6641,2.1299,12512,595,817466605149,3.0516,1.0831,13.5942,16641900,109900,331200,0,1600,0
post_load_walking,0,16.6675,16.6683,2.3910,12512,589,817466771790,2.6743,1.2788,13.9732,16643600,103000,390500,0,1700,0
post_load_walking,0,16.6757,16.6784,1.9415,12512,591,817466938473,3.1471,1.1820,13.5074,16659100,108900,320500,0,1700,0
post_load_walking,0,16.6554,16.6645,2.1033,12512,590,817467105257,2.8627,1.6229,13.7793,16618100,122100,361500,0,2800,0
post_load_walking,0,16.6680,16.6701,2.2856,18904,593,817467271902,2.4522,1.5505,14.1917,16648000,111800,786400,0,2100,0
post_load_walking,0,16.6668,16.6852,1.9988,12512,592,817467438603,2.5620,1.1051,14.0974,16646800,116200,382900,0,2800,0
post_load_walking,0,16.6659,16.6388,2.3910,12512,591,817467605455,3.0446,1.4385,13.5737,16643300,93400,310700,0,2400,0
post_load_walking,0,16.6751,16.6682,2.1637,12512,587,817467771843,2.9537,1.0638,13.6945,16656300,93500,344000,0,1500,0
post_load_walking,0,16.6589,16.6689,2.1156,12512,591,817467938525,2.8825,0.9537,13.7645,16638500,107000,459400,0,2500,0
post_load_walking,0,16.6684,16.6631,2.3439,18904,591,817468105214,2.3950,1.2266,14.2486,16649400,106000,746700,0,1800,0
post_load_walking,0,16.6856,16.6768,2.0992,12512,588,817468271845,2.3277,1.4041,14.3288,16693400,117400,395200,0,1900,0
post_load_walking,0,16.6495,16.6589,2.4955,12512,586,817468438613,2.5471,1.9168,14.0916,16590700,122400,438900,0,2200,0
post_load_walking,0,16.6658,16.6711,2.1299,12512,586,817468605202,2.7376,1.3292,13.9122,16645800,100200,469300,0,1800,0
post_load_walking,0,16.6686,16.7192,2.0234,12512,586,817468771913,2.7704,1.9081,13.9235,16650500,108500,360300,0,1700,0
post_load_walking,0,16.6649,16.6110,2.3644,18904,586,817468939105,2.8714,1.3924,13.7193,16642500,108300,720700,0,2200,0
post_load_walking,0,16.6725,16.6660,2.7853,12512,586,817469105215,2.7095,1.5095,13.9364,16655600,106600,351200,0,2800,0
post_load_walking,0,16.6647,16.6722,2.4320,12512,586,817469271875,2.9501,1.9441,13.7006,16634200,107100,785300,0,1800,0
post_load_walking,0,16.6668,16.6639,2.1094,12512,584,817469438597,2.9063,1.3747,13.7364,16647900,108400,336300,0,1800,0
post_load_walking,0,16.6663,16.6796,2.1432,12512,586,817469605236,2.5852,1.3233,14.0708,16643600,115000,324500,0,2000,0
post_load_walking,0,16.6666,16.6573,2.4730,18904,585,817469772032,3.3742,1.1744,13.2603,16645100,114900,905600,0,2000,0
post_load_walking,0,16.6643,16.6706,3.1252,12512,586,817469938605,2.3305,1.3924,14.3177,16631400,121100,357100,0,2300,0
post_load_walking,0,16.6677,16.6669,2.4740,12512,586,817470105311,2.6287,1.5538,14.0151,16647400,99200,356000,0,1900,0
post_load_walking,0,16.6700,16.6713,2.1914,12512,586,817470271980,3.0466,1.4595,13.5989,16648600,108900,450500,0,2000,0
post_load_walking,0,16.6674,16.6528,2.2620,12512,585,817470438693,2.6612,1.2311,13.9702,16651600,102400,372400,0,1900,0
post_load_walking,0,16.6647,16.6688,2.5139,18904,585,817470605221,2.9345,1.8103,13.7130,16633800,109000,634300,0,2400,0
post_load_walking,0,16.6702,16.6683,2.0869,12512,584,817470771909,2.3284,1.4017,14.3204,16654700,92800,455200,0,1900,0
post_load_walking,0,16.6622,16.6783,2.8099,12512,586,817470938592,2.7547,1.3174,13.8971,16605400,199700,440900,0,1800,0
post_load_walking,0,16.6726,16.6542,2.3009,12512,585,817471105375,2.6432,1.5390,13.9907,16654500,101400,481300,0,2200,0
post_load_walking,0,16.6644,16.6773,2.1576,12512,586,817471271917,2.3168,1.3333,14.3382,16638900,117000,311200,0,3400,0
post_load_walking,0,16.6668,16.6576,2.0982,18904,538,817471438690,3.3065,1.7510,13.2988,16644100,108400,616600,0,2000,0
post_load_walking,0,16.6677,16.6777,2.0910,12512,538,817471605266,3.1454,0.9525,13.5094,16647500,141000,284000,0,2400,0
post_load_walking,0,16.6690,16.6606,2.5784,12512,538,817471772043,3.0431,1.4033,13.5960,16642900,148100,295000,0,3000,0
post_load_walking,0,16.6648,16.6658,2.2057,12512,533,817471938649,2.9677,0.9445,13.6765,16643100,96100,409000,0,1800,0
post_load_walking,0,16.6642,16.6713,2.0429,12512,533,817472105307,2.5891,1.4028,14.0585,16640300,116000,703600,0,2500,0
post_load_walking,0,16.6698,16.6693,2.3716,18904,533,817472272020,2.7111,0.9237,13.9321,16649500,111500,847700,0,2200,0
post_load_walking,0,16.6655,16.6641,2.1279,12436,533,817472438713,2.7031,1.2071,13.9402,16641400,93300,383300,0,2300,0
post_load_walking,0,16.6715,16.6596,2.4187,12436,533,817472605354,3.2876,2.0714,13.3528,16655300,86000,380900,0,1800,0
post_load_walking,0,16.6648,16.6709,2.0541,12436,533,817472771950,2.9226,1.7813,13.7271,16644400,92800,304100,0,2700,0
post_load_walking,0,16.6626,16.6625,2.1688,12436,534,817472938659,3.7438,1.6060,12.8976,16618700,118000,331200,0,3200,0
post_load_walking,0,16.7461,16.6776,2.4750,18828,526,817473105284,2.5263,1.0627,14.1293,16730500,81100,1075500,0,1800,0
post_load_walking,0,16.6567,16.6784,2.1934,12436,527,817473272060,2.7828,1.2139,13.8619,16634700,91200,420100,0,1700,0
post_load_walking,0,16.6692,16.6415,2.4013,12436,528,817473438844,3.1725,1.5942,13.4463,16650700,98500,282800,0,1700,0
post_load_walking,0,16.6716,16.7495,2.1494,12436,528,817473605259,3.2995,1.0087,13.4312,16660700,123800,313500,0,2100,0
post_load_walking,0,16.6640,16.6535,2.2354,12436,526,817473772754,2.7951,1.2240,13.8397,16630400,150700,337500,0,2200,0
post_load_walking,0,16.6658,16.6684,2.4136,18828,525,817473939289,2.3177,0.9667,14.3333,16645200,92200,886100,0,2000,0
post_load_walking,0,16.6693,16.6869,2.1053,12436,528,817474105973,2.6903,0.9620,13.9707,16650900,93700,583100,0,1700,0
post_load_walking,0,16.6661,16.6516,2.3429,12436,529,817474272842,2.8888,1.2868,13.7418,16642800,103700,323900,0,1600,0
post_load_walking,0,16.6665,16.6673,2.1821,12436,511,817474439358,3.1477,1.6000,13.4977,16644300,137300,2741000,1015500,3200,0
post_load_walking,0,16.6680,16.6734,2.1207,12436,510,817474606031,3.1600,1.0549,13.4912,16646100,148400,295800,0,2900,0
post_load_walking,0,16.6654,16.6651,1.9773,47803,514,817474772765,2.3643,1.0372,14.2789,16647100,171100,1230500,0,2000,0
post_load_walking,0,16.6662,16.6680,1.9835,12436,513,817474939416,4.0251,1.1936,12.6195,16639200,103000,326700,0,2300,0
post_load_walking,0,16.6678,16.6699,2.4003,12436,512,817475106096,2.7732,1.2769,13.8729,16626700,109500,345000,0,2200,0
post_load_walking,0,16.6664,16.6642,2.0040,12436,364,817475272795,3.8712,1.2722,12.7760,16647200,91200,412700,0,2900,0
post_load_walking,0,16.6677,16.6780,2.2989,12436,365,817475439437,3.3943,1.2387,13.2450,16656800,147000,415200,0,1900,0
post_load_walking,0,16.6669,16.6471,2.5876,18828,360,817475606217,2.8613,1.2212,13.7654,16629500,145200,625500,0,1500,0
post_load_walking,0,16.6773,16.6662,2.3962,12436,356,817475772688,2.6436,1.2442,14.0036,16666700,138500,276100,0,2300,0
post_load_walking,0,16.6801,16.6878,3.0413,12436,351,817475939350,3.0469,1.5401,13.6106,16637900,126800,310700,0,1700,0
post_load_walking,0,16.6434,16.6512,2.3378,22276,350,817476106228,2.7397,0.9260,13.8899,16591400,109500,358800,0,1500,0
post_load_walking,0,16.6651,16.7048,2.1985,12436,327,817476272740,2.6451,0.9622,14.0220,16641000,170600,291900,0,1900,0
post_load_walking,0,16.6683,16.6785,2.3020,18828,324,817476439788,3.4990,1.4574,13.1391,16649300,149500,856200,0,2600,0
post_load_walking,0,16.6710,16.6187,2.2436,12436,327,817476606573,3.0807,1.2510,13.5109,16650600,140100,314300,0,1800,0
post_load_walking,0,16.6644,16.6606,2.4791,12436,327,817476772760,2.4925,1.3514,14.1486,16639300,145700,339200,0,2300,0
post_load_walking,0,16.6743,16.6693,2.2630,12436,327,817476939366,3.0878,1.3654,13.5617,16661700,93400,334400,0,2400,0
post_load_walking,0,16.6595,16.6749,2.3736,12436,324,817477106059,2.8049,1.0248,13.8459,16619400,122000,329900,0,1800,0
post_load_walking,0,16.7952,16.6623,2.5293,18828,324,817477272808,2.8687,1.5990,13.7708,16788000,141500,604500,0,2600,0
post_load_walking,0,16.6604,16.6925,2.1873,12436,324,817477439431,2.6606,1.0483,14.0017,16625500,111800,329400,0,1300,0
post_load_walking,0,16.6668,16.6435,2.5569,12436,324,817477606356,2.5068,1.0328,14.1128,16631600,78200,315900,0,1500,0
post_load_walking,0,16.6658,16.8189,2.3378,22792,319,817477772791,2.5812,1.0509,14.2075,16639400,76700,426300,0,1800,0
post_load_walking,0,16.6762,16.6567,2.3081,12436,261,817477940980,2.7177,0.9008,13.9081,16654100,77200,305800,0,1400,0
post_load_walking,0,16.6559,16.6586,2.0972,18828,257,817478107547,2.6061,1.7753,14.0259,16593400,92300,1025800,0,1600,0
post_load_walking,0,16.6688,16.6709,1.8033,12436,256,817478274133,2.6378,0.7590,14.0018,16651600,167300,346300,0,2800,0
post_load_walking,0,16.6716,16.6970,2.0797,12436,253,817478440842,2.3849,1.1446,14.2695,16637000,115500,316200,0,1700,0
post_load_walking,0,16.6682,16.6223,1.7736,12436,250,817478607812,3.0878,0.9624,13.5059,16647400,76200,316300,0,1800,0
post_load_walking,0,16.6690,16.6826,1.7838,12436,248,817478774035,3.1202,0.7882,13.5319,16616400,95500,767000,0,1600,0
post_load_walking,0,16.6553,16.6719,2.0931,18828,248,817478940861,2.4015,0.7497,14.2357,16603500,87900,1166800,0,1800,0
post_load_walking,0,16.6713,16.6891,1.7203,12436,248,817479107580,2.2899,0.9505,14.3579,16653100,155200,473600,0,2200,0
post_load_walking,0,16.6661,16.6552,2.0152,12436,242,817479274471,2.9843,1.0092,13.6326,16651900,160700,329500,0,3300,0
post_load_walking,0,16.9412,16.6269,1.7254,12436,243,817479441023,2.9100,1.3358,13.6935,16917300,80100,452100,0,1700,0
post_load_walking,0,16.6660,16.6729,1.7695,12436,241,817479607292,2.9000,0.9469,13.7533,16613700,84200,676100,0,1700,0
post_load_walking,0,16.6700,16.6801,2.0634,18828,241,817479774021,2.3420,1.1378,14.3102,16666500,75400,644600,0,1700,0
post_load_walking,0,16.6614,16.9558,1.8094,12436,238,817479940822,2.5010,0.9096,14.4164,16613200,79500,800500,0,1700,0
post_load_walking,0,16.6771,16.6360,2.1361,12436,238,817480110380,3.0123,0.8526,13.6016,16677600,77000,609300,0,1600,0
post_load_walking,0,16.6551,16.6973,1.7336,12436,234,817480276740,2.3548,0.9881,14.3121,16594700,92100,295900,0,1500,0
post_load_walking,0,16.6736,16.6357,1.7633,12436,234,817480443713,2.9840,1.2669,13.6293,16659400,80800,515000,0,1800,0
post_load_walking,0,16.6669,16.7103,1.9855,18828,234,817480610070,2.6865,0.7297,13.9914,16655400,77400,585100,0,1400,0
post_load_walking,0,16.8255,16.6171,1.7674,12436,234,817480777173,2.0322,0.9938,14.5627,16799300,77800,775800,0,1800,0
post_load_walking,0,16.6506,16.6782,2.0244,22276,234,817480943344,2.5418,1.0163,14.1178,16598300,90600,339600,0,2300,0
post_load_walking,0,16.6732,16.6850,2.1350,12436,189,817481110126,2.4024,1.0315,14.2534,16660700,91800,338200,0,2300,0
post_load_walking,0,16.6588,16.8394,1.6998,12436,188,817481276976,3.1357,0.8076,13.6638,16596500,111800,345500,0,1700,0
post_load_walking,0,16.6650,16.6256,1.9077,18828,189,817481445370,2.6459,1.2161,13.9527,16647500,74900,720400,0,1500,0
post_load_walking,0,16.6695,16.6990,1.6712,12436,188,817481611626,2.1341,0.7606,14.5269,16653800,74900,358000,0,1600,0
post_load_walking,0,16.6652,16.6189,1.6630,12436,188,817481778616,2.0853,0.7366,14.5115,16647400,74900,336200,0,1700,0
post_load_walking,0,16.6679,16.6636,1.7091,12436,156,817481944805,1.9819,1.1054,14.6657,16652000,78400,306800,0,1800,0
post_load_walking,0,16.6675,16.6707,1.6937,12436,155,817482111441,1.7936,0.8692,14.8602,16648300,75700,317400,0,1500,0
post_load_walking,0,16.6683,16.6643,1.9200,18828,154,817482278148,1.9044,0.7586,14.7432,16651600,81800,658800,0,2100,0
post_load_walking,0,16.6672,16.6698,1.6701,12436,154,817482444791,2.2387,0.8928,14.4136,16649600,81500,356100,0,1800,0
post_load_walking,0,16.6671,16.6675,1.6271,12436,154,817482611489,2.1356,0.8784,14.5129,16639900,99800,292300,0,1800,0
post_load_walking,0,16.6691,16.6708,1.6814,12436,153,817482778164,2.1285,0.7548,14.5232,16652400,78000,515400,0,1600,0
post_load_walking,0,16.6641,16.6713,1.6814,12436,154,817482944872,2.3913,0.6215,14.2586,16642000,118400,315900,0,2100,0
post_load_walking,0,16.6669,16.6613,1.9057,18828,155,817483111585,2.0727,0.8015,14.5672,16648300,97100,838000,0,1900,0
post_load_walking,0,16.6686,16.6739,1.6640,12436,152,817483278198,2.4781,0.7032,14.1745,16646200,89700,357500,0,1900,0
post_load_walking,0,16.6664,16.6610,1.6026,12436,151,817483444937,2.1951,0.9690,14.4471,16646900,80800,355300,0,1700,0
post_load_walking,0,16.6649,16.6692,1.7050,12436,151,817483611547,2.4381,1.1167,14.2104,16645000,80200,355200,0,1800,0
post_load_walking,0,16.7046,16.6662,1.6773,12436,143,817483778239,2.0003,1.1037,14.6460,16689700,87800,306500,0,1900,0
post_load_walking,0,16.6655,16.6660,1.9302,18828,142,817483944901,1.8205,1.0345,14.8266,16640000,98200,951100,0,2100,0
post_load_walking,0,16.6678,16.6642,1.6435,12436,142,817484111561,1.8506,0.7486,14.7945,16649400,87900,469700,0,2200,0
post_load_walking,0,16.6661,16.7102,1.9794,12436,141,817484278203,2.0565,1.1451,14.6334,16647800,92900,761200,0,2100,0
post_load_walking,0,16.6677,16.6597,1.6630,12436,140,817484445305,2.6585,1.0649,13.9818,16648600,82700,384400,0,1700,0
post_load_walking,0,16.6686,16.6683,1.6435,12436,135,817484611902,2.6655,0.9237,13.9840,16646200,86600,338800,0,1600,0
post_load_walking,0,16.6634,16.6671,1.9057,18828,135,817484778585,2.5454,1.3379,14.1025,16646700,81900,673600,0,1500,0
post_load_walking,0,16.6690,16.6685,1.6558,12436,135,817484945256,2.0181,1.0196,14.6306,16652700,83100,293900,0,1800,0
post_load_walking,0,16.6658,16.6655,1.9804,12436,135,817485111941,2.0809,1.2183,14.5654,16646300,87900,290600,0,1900,0
post_load_walking,0,16.6678,16.6643,1.6630,12436,135,817485278596,2.2586,0.8104,14.3883,16647700,93000,755600,0,2200,0
post_load_walking,0,16.6671,16.6710,1.6538,12436,135,817485445239,1.9413,0.6587,14.7115,16646300,80100,428000,0,1400,0
post_load_walking,0,16.6658,16.6655,1.8934,29260,135,817485611949,1.9789,0.9358,14.6675,16645000,90100,644300,0,1800,0
post_load_walking,0,16.6668,16.6691,1.6681,12512,116,817485778604,2.3380,0.7125,14.3101,16648600,92600,314900,0,1800,0
post_load_walking,0,16.6680,16.6659,1.8944,12512,116,817485945295,2.1314,1.5818,14.5150,16651100,100700,291900,0,1600,0
post_load_walking,0,16.6678,16.6630,1.7193,12512,114,817486111954,2.4290,0.5829,14.2161,16649000,95600,332700,0,1600,0
post_load_walking,0,16.6649,16.6666,1.6671,12512,114,817486278584,1.7839,0.7352,14.8649,16641700,112900,313300,0,2800,0
post_load_walking,0,16.6664,16.6708,1.9057,18904,112,817486445250,1.8866,0.7078,14.7647,16649900,84500,736100,0,1700,0
post_load_walking,0,16.6684,16.6684,1.6640,12512,112,817486611958,1.9112,0.6449,14.7380,16651700,90200,393600,0,1900,0
post_load_walking,0,16.6649,16.6601,1.6189,12512,112,817486778642,1.9338,0.8070,14.7080,16646300,87100,456000,0,1800,0
post_load_walking,0,16.6711,16.6667,1.6742,12512,112,817486945243,2.3598,1.0811,14.2903,16654900,91700,319000,0,1800,0
post_load_walking,0,16.6647,16.6700,1.7244,12512,111,817487111910,2.4052,0.7355,14.2468,16641800,103300,330200,0,2100,0
post_load_walking,0,16.6654,16.6650,1.9077,18904,112,817487278610,2.1278,0.7001,14.5187,16647600,93300,1270600,0,1700,0
post_load_walking,0,16.6671,16.6755,1.6179,12512,112,817487445260,2.0903,0.6491,14.5648,16647600,86700,409900,0,1400,0
post_load_walking,0,16.6666,16.6602,1.6005,12512,112,817487612015,1.9955,0.9770,14.6464,16650200,85100,314000,0,1500,0
post_load_walking,0,16.6665,16.6644,1.6445,12512,113,817487778617,2.5932,0.8752,14.0545,16649800,85700,590500,0,1400,0
post_load_walking,0,16.6700,16.6654,1.6732,12512,114,817487945261,2.1515,0.6221,14.4962,16658600,85500,307100,0,1500,0
post_load_walking,0,16.6655,16.6681,1.9692,18904,114,817488111915,2.0738,1.0272,14.5766,16640300,88700,814200,0,1500,0
post_load_walking,0,16.6693,16.6652,1.7203,12512,114,817488278596,2.3144,0.6540,14.3355,16652300,91900,281500,0,1800,0
post_load_walking,0,16.6666,16.6797,1.9794,12512,114,817488445248,1.7985,0.8204,14.8602,16650200,90700,343900,0,1700,0
post_load_walking,0,16.6679,16.6584,1.9517,12512,114,817488612045,2.3791,0.5857,14.2614,16666100,90100,335200,0,1700,0
post_load_walking,0,16.6675,16.6711,1.7265,12512,114,817488778629,1.8083,0.9918,14.8441,16587400,92600,1918300,0,1900,0
post_load_walking,0,16.6685,16.6692,1.9507,18904,114,817488945340,1.7659,0.6549,14.8844,16636200,98800,1010700,0,2000,0
post_load_walking,0,16.6619,16.6997,1.7080,12512,114,817489112032,2.0907,1.4334,14.5755,16630600,97400,381000,0,2600,0
post_load_walking,0,16.6700,16.6429,1.9466,12512,114,817489279029,3.9937,1.3544,12.5937,16657800,93300,442700,0,1900,0
post_load_walking,0,16.6673,16.6651,1.7418,12512,107,817489445458,2.8422,1.0648,13.7941,16644400,95200,333100,0,1600,0
post_load_walking,0,16.6654,16.6508,1.7183,12512,107,817489612109,2.1236,0.9455,14.5071,16647000,94200,437400,0,2000,0
post_load_walking,0,16.6662,16.6780,1.9988,18904,106,817489778617,1.7486,0.6307,14.9094,16645900,90900,836900,0,1700,0
post_load_walking,0,16.6662,16.6638,1.6896,12512,106,817489945397,1.8349,0.7436,14.8097,16649700,85200,297100,0,1800,0
post_load_walking,0,16.6847,16.6661,1.9784,12512,106,817490112035,1.9896,1.1671,14.6576,16670900,89300,324900,0,1500,0
post_load_walking,0,16.6586,16.6641,1.7285,12512,106,817490278696,2.1455,0.5903,14.5006,16634800,103900,565800,0,2000,0
post_load_walking,0,16.6579,16.6678,1.6558,12512,106,817490445337,1.7596,0.5782,14.8902,16612000,105800,378000,0,2000,0
post_load_walking,0,16.6758,16.6935,1.6394,18904,106,817490612015,1.6761,1.1446,14.9951,16666200,91300,996600,0,1800,0
post_load_walking,0,16.6669,16.6721,1.7684,12512,104,817490778950,2.7694,1.1058,13.8657,16635800,110600,350600,0,2300,0
post_load_walking,0,16.6649,16.6335,1.6620,12512,104,817490945671,2.1986,0.7970,14.4134,16636400,92100,396300,0,2100,0
post_load_walking,0,16.6644,16.6928,1.7869,12512,104,817491112006,2.2099,0.7437,14.4566,16636200,107900,500500,0,1900,0
post_load_walking,0,16.6683,16.6627,1.7715,12512,104,817491278934,2.1532,1.0965,14.4827,16647000,117000,346900,0,2600,0
post_load_walking,0,16.6650,16.6609,2.0224,18904,104,817491445561,2.1682,1.1061,14.4685,16639600,99100,765500,0,1800,0
post_load_walking,0,16.6643,16.6623,1.7449,12512,104,817491612170,2.7897,0.7025,13.8467,16644800,97600,373200,0,1700,0
post_load_walking,0,16.6702,16.6705,2.0265,24948,104,817491778793,2.3975,1.2470,14.2498,16652900,97500,391400,1036200,1800,0
post_load_walking,0,16.6638,16.6604,1.7807,12512,331,817491945498,2.6460,0.9219,13.9937,16639700,94200,338500,0,2700,0
post_load_walking,0,16.6665,16.6635,1.7070,12512,326,817492112102,2.3189,3.7459,14.3259,16647200,90300,301400,0,1900,0
post_load_walking,0,16.6666,16.6724,1.7664,18904,325,817492278737,3.9636,3.0378,12.6894,16651100,93100,594200,0,1600,0
post_load_walking,0,16.6628,16.6575,1.7254,12512,328,817492445461,2.2519,0.7220,14.3880,16640400,86400,316100,0,1400,0
post_load_walking,0,16.6688,16.6636,1.9845,12512,324,817492612036,2.0645,1.0633,14.5828,16659100,76500,341500,0,1300,0
post_load_walking,0,16.6657,16.6676,1.6896,12512,325,817492778672,2.0255,0.7515,14.6256,16651000,77000,285400,0,1300,0
post_load_walking,0,16.6675,16.6531,1.7234,12512,325,817492945348,2.1604,1.0116,14.4799,16656000,78000,293400,0,1200,0
post_load_walking,0,16.6687,16.6718,2.0531,18904,323,817493111879,1.9057,0.6129,14.7534,16655800,83400,990800,0,1400,0
post_load_walking,0,16.6653,16.6651,1.7551,12512,324,817493278597,1.8054,0.6351,14.8457,16646900,91100,365300,0,1600,0
post_load_walking,0,16.6668,16.6692,1.9907,12512,326,817493445248,2.0959,0.8515,14.5601,16650000,84700,474400,0,1700,0
post_load_walking,0,16.6685,16.6712,1.7449,12512,326,817493611940,2.4290,0.9788,14.2268,16654000,76900,331500,0,1400,0
post_load_walking,0,16.6664,16.6639,1.7910,12512,326,817493778652,2.3673,0.8501,14.2797,16653800,117700,829800,0,2100,0
post_load_walking,0,16.6665,16.6649,2.1023,18904,326,817493945291,2.5047,0.9905,14.1453,16650000,89200,674200,0,1600,0
post_load_walking,0,16.6673,16.6702,1.8289,12512,326,817494111940,2.1949,1.1846,14.4591,16652600,80700,697200,0,1300,0
post_load_walking,0,16.6672,16.6677,2.0859,12512,326,817494278642,3.1554,0.9878,13.4985,16653500,91700,834100,0,1700,0
post_load_walking,0,16.6666,16.6640,1.7940,22868,325,817494445319,2.5174,0.9093,14.1327,16667800,84800,421600,0,1500,0
post_load_walking,0,16.6700,16.6701,1.7838,12512,629,817494611959,2.4667,0.9516,14.1860,16641900,85100,341500,0,1600,0
post_load_walking,0,16.6717,16.6663,2.0265,18904,628,817494778660,3.0145,9.1639,13.6389,16657900,93300,654700,0,2000,0
post_load_walking,0,16.6655,16.6843,1.9139,12512,624,817494945323,3.1967,9.1948,13.4713,16641500,139800,349600,0,2700,0
post_load_walking,0,16.6659,16.6581,2.9112,12512,628,817495112166,2.6572,1.4227,13.9849,16654600,115000,486300,0,2000,0
post_load_walking,0,16.6687,16.6797,2.0634,12512,627,817495278747,2.9659,1.1851,13.6921,16639300,123400,652700,0,2700,0
post_load_walking,0,16.6670,16.6636,2.4443,12512,630,817495445544,3.3691,1.2533,13.2726,16642500,97900,612600,0,1600,0
post_load_walking,0,16.6652,16.6780,2.1012,18904,629,817495612180,3.3961,1.2983,13.2587,16637700,97600,1258400,0,2100,0
post_load_walking,0,16.6692,16.6628,2.0736,12512,631,817495778960,3.3447,1.3780,13.2950,16649000,105500,395200,0,1700,0
post_load_walking,0,16.6646,16.6659,2.3818,12512,630,817495945588,3.4937,1.3579,13.1491,16644300,93800,718300,0,2400,0
post_load_walking,0,16.6650,16.6577,2.1002,12512,629,817496112247,3.5549,1.2059,13.0829,16658500,92900,589200,0,1800,0
post_load_walking,0,16.6751,16.6713,2.3788,12512,627,817496278824,2.9003,1.5024,13.7489,16633900,93500,473700,0,1700,0
post_load_walking,0,16.6596,16.6636,2.0890,18904,631,817496445537,3.5466,1.5336,13.0977,16619100,90200,999400,0,1700,0
post_load_walking,0,16.6667,16.6940,2.1094,12512,632,817496612173,3.6201,1.6019,13.0388,16648300,89700,329600,0,1400,0
post_load_walking,0,16.6669,16.6603,2.3726,12512,632,817496779113,3.0817,1.5158,13.5525,16646600,89800,306500,0,1800,0
post_load_walking,0,16.6652,16.6406,2.1002,12512,631,817496945716,3.3573,1.4853,13.2619,16649900,85600,352500,0,1500,0
post_load_walking,0,16.6669,16.6671,2.1002,12512,631,817497112122,2.8776,1.1005,13.7709,16650800,84600,317800,0,1600,0
post_load_walking,0,16.6653,16.6639,2.4545,18904,630,817497278793,2.5848,0.9435,14.0619,16649000,88500,575000,0,1500,0
post_load_walking,0,16.6644,16.6655,2.0797,12512,625,817497445432,2.5070,0.9091,14.1430,16648200,74200,429500,0,1200,0
post_load_walking,0,16.6686,16.6645,2.4136,12512,619,817497612087,2.3262,1.0375,14.3247,16660900,68200,315800,0,1100,0
post_load_walking,0,16.6655,16.6620,2.1504,12512,623,817497778732,2.3283,0.8745,14.3206,16653800,73200,270000,0,1100,0
post_load_walking,0,16.6705,16.6586,2.3962,12512,623,817497945352,2.3112,1.3227,14.3370,16661800,73200,321300,0,1200,0
post_load_walking,0,16.6681,16.6723,2.4003,18904,620,817498111938,1.8140,0.8483,14.8470,16656000,86400,899400,0,1700,0
post_load_walking,0,16.6646,16.6647,2.1084,12512,620,817498278661,2.1761,1.3387,14.4778,16647400,95600,319500,0,1300,0
post_load_walking,0,16.6676,16.6749,2.3562,12512,617,817498445308,1.9871,1.0491,14.6748,16649000,86800,315200,0,1600,0
post_load_walking,0,16.6687,16.6725,2.0992,12512,618,817498612057,2.7639,0.9283,13.8924,16656200,84900,326100,0,1400,0
post_load_walking,0,16.6648,16.6631,2.0818,12512,617,817498778782,2.1687,1.5587,14.4788,16648200,95900,321500,0,2600,0
post_load_walking,0,16.6640,16.6635,2.3204,18904,616,817498945413,2.2043,0.9879,14.4447,16642600,86700,597800,0,1300,0
post_load_walking,0,16.6722,16.6745,2.1146,12512,616,817499112048,2.5764,1.4213,14.0799,16670300,70100,254600,0,900,0
post_load_walking,0,16.6646,16.6627,2.3450,12512,613,817499278793,2.8324,1.0894,13.8158,16644800,97400,737700,0,1800,0
post_load_walking,0,16.6644,16.6542,2.0460,12512,609,817499445420,2.8837,0.8022,13.7589,16647600,76700,325200,0,1200,0
post_load_walking,0,16.6708,16.6846,1.9487,12512,609,817499611962,2.2663,1.0698,14.4041,16664000,77400,371400,0,1100,0
post_load_walking,0,16.7258,16.6596,2.0163,18904,603,817499778808,2.9007,1.3904,13.7442,16723600,81400,958700,0,1600,0
post_load_walking,0,16.6555,16.6596,2.0828,12512,595,817499945404,2.0429,1.0137,14.6047,16611700,80700,319800,0,1500,0
post_load_walking,0,16.6686,16.6788,2.2559,12512,594,817500112000,2.5247,1.1049,14.1394,16659000,77300,588600,0,1300,0
post_load_walking,0,16.6673,16.7526,1.9630,12512,591,817500278788,3.3212,0.9707,13.4027,16648800,89700,340000,0,1500,0
post_load_walking,0,16.6673,16.6236,2.0664,12512,590,817500446314,2.5208,1.0300,14.0910,16652900,80300,339100,0,1100,0
post_load_walking,0,16.6694,16.6732,2.3142,18904,590,817500612550,2.7639,1.0402,13.8952,16658300,84100,812200,0,1300,0
post_load_walking,0,16.6829,16.6652,1.9835,12512,592,817500779282,2.2922,1.1825,14.3567,16677400,87200,357600,0,1400,0
post_load_walking,0,16.6836,16.6683,2.2876,12512,591,817500945934,2.5616,1.1986,14.0915,16641800,93400,815800,0,2000,0
post_load_walking,0,16.6670,16.6737,2.1514,12512,592,817501112617,3.0207,1.5674,13.6377,16651300,88100,452900,0,2800,0
post_load_walking,0,16.6675,16.7062,2.4033,12512,592,817501279354,2.7618,1.3098,13.9158,16650500,101000,590900,0,2100,0
post_load_walking,0,16.6621,16.6605,2.0040,18904,591,817501446416,3.3812,1.7687,13.2607,16637800,100600,622800,0,1500,0
post_load_walking,0,16.6692,16.6702,1.9999,12512,588,817501613021,3.2195,1.6320,13.4319,16651600,106600,726700,0,2300,0
post_load_walking,0,16.6683,16.6714,2.4156,12512,586,817501779723,2.9662,1.0762,13.6845,16653900,84800,665100,0,1700,0
post_load_walking,0,16.6658,16.6546,2.0716,12512,586,817501946437,2.7419,1.1794,13.8961,16645900,83000,513300,0,1500,0
post_load_walking,0,16.6760,16.6687,2.0163,12512,586,817502112983,3.4318,1.4679,13.2200,16671800,83400,287100,0,1600,0
post_load_walking,0,16.9216,16.6722,2.0091,18904,586,817502279670,3.1682,1.5492,13.4858,16886800,119100,902800,0,1800,0
post_load_walking,0,16.6621,16.6648,2.1709,12512,584,817502446392,2.4689,1.2533,14.1771,16621000,125500,363900,0,2500,0
post_load_walking,0,16.6698,16.7007,2.4279,12512,584,817502613040,2.1160,1.4738,14.5559,16652900,94700,642500,0,2000,0
post_load_walking,0,16.6625,16.9168,2.0173,12512,582,817502780047,2.7687,1.2841,14.1183,16634600,98900,759100,0,2200,0
post_load_walking,0,16.6658,16.6435,2.4586,12512,586,817502949215,3.2843,1.2853,13.3370,16646400,87300,381500,0,1400,0
post_load_walking,0,16.6626,16.6750,2.2139,18904,586,817503115650,3.4212,1.8416,13.2319,16641600,81800,644300,0,1900,0
post_load_walking,0,16.6711,16.6556,2.1535,12512,586,817503282400,3.3602,1.6757,13.2748,16666800,80300,269300,0,1200,0
post_load_walking,0,16.6653,16.6627,2.3685,12512,586,817503448956,2.3375,1.5597,14.3090,16642800,96500,338600,0,1900,0
post_load_walking,0,16.6669,16.6548,2.0654,12512,586,817503615583,2.1708,0.9655,14.4707,16652200,82300,292600,0,1300,0
post_load_walking,0,16.6694,16.6822,2.4904,12512,584,817503782131,1.7368,1.3493,14.9301,16657300,80800,328700,0,1400,0
post_load_walking,0,16.6619,16.6594,2.2548,18904,585,817503948953,2.4236,1.1683,14.2193,16640400,88600,748900,0,1800,0
post_load_walking,0,16.6687,16.6665,2.1709,12512,584,817504115547,2.0720,1.3967,14.5803,16658100,76700,294700,0,1300,0
post_load_walking,0,16.6666,16.6725,2.4238,12512,583,817504282212,2.2856,1.1816,14.3717,16648400,102500,499200,0,1900,0
post_load_walking,0,16.6678,16.6542,2.2446,12512,586,817504448937,2.6538,0.9966,13.9867,16657300,86900,290600,0,1500,0
post_load_walking,0,16.6666,16.6726,2.2118,12512,586,817504615479,2.1407,1.1281,14.5174,16650900,80300,359400,0,1500,0
post_load_walking,0,16.6687,16.6630,2.1770,18904,538,817504782205,2.4491,1.3837,14.1993,16654600,76900,551300,0,1400,0
post_load_walking,0,16.6642,16.6727,2.0408,12512,537,817504948835,2.3792,1.5496,14.2782,16644000,82800,259200,0,1300,0
post_load_walking,0,16.6702,16.6643,2.4781,12512,538,817505115562,2.6643,1.1482,13.9867,16660100,76400,337500,0,1200,0
post_load_walking,0,16.6681,16.6726,2.2026,12512,531,817505282205,2.3402,0.7964,14.3146,16660100,81900,299200,0,1400,0
post_load_walking,0,16.6643,16.6592,2.0388,12512,532,817505448931,2.4525,1.3578,14.1914,16634400,85300,761600,0,1500,0
post_load_walking,0,16.6657,16.6744,2.0480,18904,525,817505615523,2.1386,1.3596,14.5217,16648200,82800,597100,0,1300,0
post_load_walking,0,16.6678,16.6791,2.1811,12436,533,817505782267,2.0611,1.3035,14.5992,16655300,75500,352500,0,1400,0
post_load_walking,0,16.6643,16.6532,2.3921,12436,533,817505949058,3.4569,0.9945,13.1775,16643300,71600,278700,0,1200,0
post_load_walking,0,16.6687,16.6626,2.0244,12436,533,817506115590,2.8780,1.5160,13.7704,16660700,63300,369000,0,1100,0
post_load_walking,0,16.6705,16.6696,2.1371,12436,536,817506282216,2.4831,0.8835,14.1722,16659300,72800,274300,0,1500,0
post_load_walking,0,16.6654,16.6567,2.2303,18828,527,817506448912,2.3412,1.0362,14.3022,16646000,73300,1339900,0,1700,0
post_load_walking,0,16.6668,16.6729,2.5231,12436,528,817506615479,2.4008,1.3701,14.2599,16648700,76300,292800,0,1700,0
post_load_walking,0,16.6686,16.6767,2.0470,12436,528,817506782208,2.4540,1.4328,14.2054,16653300,74300,306000,0,1500,0
post_load_walking,0,16.6661,16.6649,2.0511,12436,527,817506948975,3.7116,1.2747,12.9346,16648500,79400,324900,0,1700,0
post_load_walking,0,16.6651,16.6675,2.2016,12436,528,817507115624,2.4074,1.0028,14.2414,16647000,74600,284600,0,1400,0
post_load_walking,0,16.6727,16.6692,2.0675,18828,528,817507282299,2.2848,1.5464,14.3687,16657800,72100,623300,0,1400,0
post_load_walking,0,16.6623,16.6647,2.0142,12436,529,817507448991,2.3561,1.3528,14.2926,16646300,71400,354000,0,1300,0
post_load_walking,0,16.6648,16.6612,2.3460,12436,518,817507615638,2.3205,1.2153,14.3266,16647200,71000,294700,0,1700,0
post_load_walking,0,16.6689,16.6730,2.1473,12436,512,817507782250,2.1021,1.4772,14.5558,16658700,70300,348500,0,1200,0
post_load_walking,0,16.6956,16.6621,2.1023,12436,514,817507948980,2.1063,0.8741,14.5400,16681100,74100,328500,0,1500,0
post_load_walking,0,16.6657,16.6613,2.0603,18828,511,817508115601,2.0291,1.4180,14.6181,16651500,72500,585000,0,1300,0
post_load_walking,0,16.6660,16.6732,2.0460,12436,510,817508282214,2.0105,1.1037,14.6483,16650500,81900,325800,0,1800,0
post_load_walking,0,16.6695,16.6958,2.3726,12436,513,817508448946,2.1208,1.0669,14.5604,16654300,80000,392600,0,1200,0
post_load_walking,0,16.6655,16.6690,2.0890,12436,365,817508615904,2.3632,1.3855,14.2884,16648800,78600,308200,0,1400,0
post_load_walking,0,16.6666,16.6648,2.6368,12436,359,817508782594,2.1431,1.5926,14.5076,16651000,78000,288700,0,1100,0
post_load_walking,0,16.6751,16.6713,2.3757,18828,360,817508949242,2.2333,1.2309,14.4211,16660600,75400,699600,0,1200,0
post_load_walking,0,16.6568,16.6645,2.4648,12436,356,817509115955,2.2112,0.9103,14.4378,16642500,70600,428300,0,1200,0
post_load_walking,0,16.6691,16.6655,2.6849,12436,352,817509282600,1.9858,1.2497,14.6652,16657600,74400,263600,0,1100,0
post_load_walking,0,16.6673,16.6731,2.4033,22276,352,817509449255,2.3302,0.9467,14.3306,16652600,75000,346700,816100,1300,0
post_load_walking,0,16.6660,16.6547,2.2374,12436,327,817509615986,2.2715,0.8453,14.3713,16648400,82600,343800,0,1200,0
post_load_walking,0,16.6683,16.6716,2.2886,18828,327,817509782533,1.7167,1.4079,14.9411,16652200,74800,719700,0,1500,0
post_load_walking,0,16.6675,16.6691,2.3491,12436,322,817509949249,3.2225,1.4121,13.4303,16652700,73900,299900,0,1400,0
post_load_walking,0,16.6658,16.6622,2.5713,12436,327,817510115940,2.3357,1.1267,14.3127,16648700,75600,339400,0,1400,0
post_load_walking,0,16.6650,16.6709,2.3460,12436,327,817510282562,2.6313,0.9093,14.0210,16644400,79300,299100,0,1300,0
post_load_walking,0,16.6684,16.6679,2.5487,12436,324,817510449271,2.2945,1.3385,14.3583,16658300,70200,410400,0,1100,0
post_load_walking,0,16.7153,16.6656,2.3347,18828,324,817510615950,2.3025,0.9396,14.3465,16710900,78100,739800,0,1500,0
post_load_walking,0,16.6576,16.6596,2.3460,12436,324,817510782606,2.4533,1.2923,14.1912,16630700,78900,297900,0,1300,0
post_load_walking,0,16.6734,16.6723,2.7126,12436,324,817510949202,2.9751,1.2663,13.6833,16661400,78800,312400,0,1100,0
post_load_walking,0,16.6646,16.7291,2.4023,22792,318,817511115925,2.6261,0.8529,14.0848,16644900,75500,406300,0,1400,0
post_load_walking,0,16.6672,16.6453,2.3347,12436,260,817511283216,2.5682,0.8383,14.0626,16566500,89800,344000,0,1500,0
post_load_walking,0,16.6675,16.6780,1.8749,18828,257,817511449669,2.3610,14.7928,14.3005,16655800,70700,576000,0,1400,0
post_load_walking,0,16.6658,16.7489,1.8145,12436,256,817511616449,2.6753,0.8669,13.9697,16645900,69000,269900,0,1700,0
post_load_walking,0,16.6704,16.5763,3.0812,12436,253,817511783938,2.0654,1.2826,14.5012,16660500,66800,268500,0,1100,0
post_load_walking,0,16.6630,16.6701,1.7930,12436,250,817511949701,2.4571,0.7072,14.1990,16640000,75600,336900,0,1300,0
post_load_walking,0,16.6681,16.6609,1.8309,12436,247,817512116402,1.9873,1.0153,14.6586,16653200,73600,280700,0,1400,0
post_load_walking,0,16.6713,16.6778,1.7316,18828,248,817512283011,2.0799,0.7833,14.5807,16660000,75700,920500,0,1400,0
post_load_walking,0,16.6676,16.6580,1.7859,12436,247,817512449789,2.2540,0.7082,14.3861,16651400,77100,346000,0,2200,0
post_load_walking,0,16.6656,16.6666,2.0552,12436,240,817512616369,2.1470,1.1428,14.5062,16642800,77200,312000,0,2700,0
post_load_walking,0,16.6683,16.6793,1.8391,12436,243,817512783035,2.4519,0.9380,14.2085,16654000,85500,391300,0,2500,0
post_load_walking,0,16.6650,16.6723,1.7408,12436,241,817512949828,2.7483,0.8849,13.9032,16637500,105000,462000,0,2800,0
post_load_walking,0,16.6697,16.6616,1.8012,18828,239,817513116551,2.5043,1.1717,14.1385,16655200,82500,1017400,0,1900,0
post_load_walking,0,16.6665,16.6763,1.8555,12436,237,817513283167,3.0686,0.9922,13.5856,16636400,100300,432800,0,2100,0
post_load_walking,0,16.6677,16.6590,2.0470,12436,238,817513449930,2.8950,1.1429,13.7426,16645300,77300,534700,0,2000,0
post_load_walking,0,16.6688,16.6790,1.6159,12436,234,817513616520,2.6897,1.4332,13.9657,16649100,78500,435200,0,1800,0
post_load_walking,0,16.6641,16.6564,1.6364,12436,234,817513783310,2.7620,1.0529,13.8746,16635800,136100,404200,0,2400,0
post_load_walking,0,16.6670,16.6677,1.9907,18828,234,817513949874,2.8049,0.9071,13.8405,16647900,87200,750800,0,1800,0
post_load_walking,0,16.6671,16.6774,1.7664,12436,234,817514116551,2.3847,1.1158,14.2648,16647900,91900,460300,0,2300,0
post_load_walking,0,16.6659,16.6569,1.9948,22276,234,817514283325,2.7898,1.2601,13.8462,16640800,102500,345600,0,2300,0
post_load_walking,0,16.6702,16.6683,1.7275,12436,190,817514449894,2.6085,0.9716,14.0396,16658600,102300,471800,0,3600,0
post_load_walking,0,16.6613,16.6704,1.6118,12436,189,817514616577,2.5365,0.9639,14.1116,16624800,87900,758500,0,2100,0
post_load_walking,0,16.6663,16.6599,1.7347,18828,189,817514783281,2.9110,0.9788,13.7298,16648200,70200,651200,0,1500,0
post_load_walking,0,16.6659,16.6826,1.7039,12436,188,817514949880,2.9948,0.9177,13.6640,16650000,74800,304400,0,1700,0
post_load_walking,0,16.6663,16.6422,1.9466,12436,188,817515116706,2.7657,0.7834,13.8591,16654900,69400,272200,0,1400,0
post_load_walking,0,16.6672,16.6656,1.7091,12436,156,817515283128,2.2245,0.8303,14.4238,16653300,76500,503700,0,1400,0
post_load_walking,0,16.6671,16.6626,1.6804,12436,156,817515449784,2.1801,0.6342,14.4700,16659000,66900,458600,0,1600,0
post_load_walking,0,16.6693,16.6669,1.9046,18828,154,817515616410,1.7304,0.7397,14.9246,16655600,66000,637400,0,1100,0
post_load_walking,0,16.6634,16.6655,1.6558,12436,154,817515783079,1.9984,1.0441,14.6549,16645700,176900,385400,0,1600,0
post_load_walking,0,16.6671,16.6710,1.9016,12436,154,817515949734,1.9015,0.8297,14.7576,16654800,67900,296200,0,1200,0
post_load_walking,0,16.6678,16.6701,1.6927,12436,154,817516116444,2.3459,0.8402,14.3098,16656500,67300,291000,0,1300,0
post_load_walking,0,16.6679,16.6582,1.6650,12436,153,817516283145,2.5197,0.6012,14.1259,16657100,87700,662200,0,1400,0
post_load_walking,0,16.6685,16.6665,1.9169,18828,156,817516449727,1.7689,0.5969,14.8860,16654300,76200,783600,0,1700,0
post_load_walking,0,16.6682,16.6688,1.6947,12436,153,817516616392,1.8522,0.9233,14.8044,16658500,76500,305800,0,1700,0
post_load_walking,0,16.6662,16.6738,1.9087,12436,151,817516783080,2.0436,1.7800,14.6136,16651100,86800,341400,0,1500,0
post_load_walking,0,16.6676,16.6688,1.6712,12436,151,817516949818,2.5667,0.6667,14.0877,16647900,85100,698200,0,1400,0
post_load_walking,0,16.6681,16.6712,1.6589,12436,144,817517116506,1.9860,1.1386,14.6725,16653000,107900,310000,0,1900,0
post_load_walking,0,16.6604,16.6685,1.6681,18828,142,817517283218,2.1596,1.0034,14.4916,16634900,84600,617700,0,2000,0
post_load_walking,0,16.6715,16.6636,1.6753,12436,142,817517449903,2.5612,0.6261,14.0867,16662600,66100,281100,0,1300,0
post_load_walking,0,16.6638,16.6691,1.9231,12436,142,817517616539,2.1774,1.1224,14.4757,16644000,68000,289900,0,1200,0
post_load_walking,0,16.6671,16.6519,1.6722,12436,140,817517783230,2.2846,0.5770,14.3503,16655500,68200,627700,0,1000,0
post_load_walking,0,16.6663,16.6778,1.6568,12436,135,817517949749,1.9457,0.7860,14.7171,16651200,67600,285900,0,1300,0
post_load_walking,0,16.6703,16.6589,1.6589,18828,135,817518116527,2.0279,0.7336,14.6162,16663000,65900,917900,0,1200,0
post_load_walking,0,16.6661,16.6686,1.6599,12436,135,817518283116,2.0773,0.6607,14.5781,16650600,79400,474500,0,1400,0
post_load_walking,0,16.6687,16.6621,1.9026,12436,134,817518449802,1.9033,0.7413,14.7479,16653600,72400,331000,0,1400,0
post_load_walking,0,16.6636,16.6776,1.6835,12436,135,817518616423,2.1355,0.7853,14.5276,16641100,73100,331400,0,1500,0
post_load_walking,0,16.6680,16.6668,1.6568,12436,135,817518783199,2.0338,1.2849,14.6169,16655500,66900,321400,0,1300,0
post_load_walking,0,16.6657,16.6696,2.3450,29260,135,817518949867,1.8422,0.7549,14.8116,16646600,75300,643100,0,1400,0
post_load_walking,0,16.6699,16.6567,1.6947,12512,116,817519116563,2.0720,0.9027,14.5692,16660500,73100,371700,0,1200,0
post_load_walking,0,16.6656,16.6703,1.8903,12512,116,817519283130,1.6393,1.5719,15.0163,16647800,88000,304200,0,1400,0
post_load_walking,0,16.6673,16.6614,1.6947,12512,116,817519449833,2.1728,0.9714,14.4739,16651500,79100,280900,0,2300,0
post_load_walking,0,16.6666,16.6770,1.6753,12512,114,817519616447,1.6536,0.6618,15.0070,16649700,76900,287000,0,1400,0
post_load_walking,0,16.6685,16.6643,1.8749,18904,112,817519783217,1.8038,0.8316,14.8441,16658000,76800,643200,0,1500,0
post_load_walking,0,16.6640,16.6674,1.7029,12512,112,817519949860,1.9560,0.5775,14.6956,16645200,78100,345400,0,1600,0
post_load_walking,0,16.6702,16.6626,1.9456,12512,112,817520116534,1.9119,1.1199,14.7379,16662300,73800,301000,0,1100,0
post_load_walking,0,16.6748,16.6746,1.7101,12512,112,817520283160,1.7993,0.5763,14.8588,16659600,92900,447200,0,1800,0
post_load_walking,0,16.6819,16.6581,1.7111,12512,112,817520449906,1.9201,0.5385,14.7251,16662400,89400,323400,0,1700,0
post_load_walking,0,16.6685,16.6764,1.6251,18904,112,817520616487,1.6860,0.9921,14.9764,16653600,80500,627900,0,1300,0
post_load_walking,0,16.6645,16.6769,1.7121,12512,112,817520783251,2.0347,0.6767,14.6251,16645600,83800,422300,0,1400,0
post_load_walking,0,16.6684,16.6764,2.0050,12512,112,817520950020,1.9554,0.8178,14.7072,16653400,81600,301100,0,1300,0
post_load_walking,0,16.6678,16.6717,1.6445,12512,112,817521116784,2.2933,0.7721,14.3603,16655700,87600,306800,0,1200,0
post_load_walking,0,16.6660,16.6629,1.6957,12512,114,817521283501,2.1353,0.6042,14.5105,16649200,90700,458300,0,1500,0
post_load_walking,0,16.6670,16.6668,1.9743,18904,114,817521450130,1.6573,0.6776,14.9961,16648400,82200,583600,0,2000,0
post_load_walking,0,16.6660,16.6721,1.6374,12512,114,817521616798,1.8422,0.9394,14.8136,16645400,174600,484800,0,1600,0
post_load_walking,0,16.6677,16.6649,2.0214,12512,114,817521783519,1.7527,0.6893,14.8967,16652400,81000,314100,0,1600,0
post_load_walking,0,16.6684,16.6668,1.6374,12512,114,817521950168,1.8503,1.2642,14.7984,16655100,82700,508900,0,1600,0
post_load_walking,0,16.6632,16.6626,1.7142,12512,114,817522116836,2.3310,0.6239,14.3144,16643200,80500,334700,0,1400,0
post_load_walking,0,16.6658,16.6694,1.9825,18904,114,817522283462,2.1146,0.7265,14.5378,16653900,78800,752700,0,1300,0
post_load_walking,0,16.7221,16.6706,1.7275,12512,114,817522450156,2.0435,0.8897,14.6118,16709900,77000,401500,0,1000,0
post_load_walking,0,16.6726,16.6562,1.9804,12512,114,817522616862,1.9565,0.7396,14.6869,16663800,76800,328700,0,1000,0
post_load_walking,0,16.6668,16.6650,1.7377,12512,107,817522783424,2.1297,0.6351,14.5242,16650100,82900,459500,0,1500,0
post_load_walking,0,16.6652,16.7215,1.7551,12512,107,817522950074,1.9458,0.8665,14.7642,16648200,87400,311100,0,1600,0
post_load_walking,0,16.6674,16.6795,1.6415,18904,106,817523117289,1.5818,0.9641,15.0823,16653700,88700,912300,0,1600,0
post_load_walking,0,16.6685,16.6681,1.6364,12512,106,817523284084,1.8994,0.7630,14.7507,16654400,98400,401200,0,1600,0
post_load_walking,0,16.6654,16.6629,1.9968,12512,106,817523450765,1.9137,0.8031,14.7344,16646100,88100,381800,0,1400,0
post_load_walking,0,16.6669,16.6683,1.7469,12512,106,817523617394,2.1155,1.0210,14.5382,16650700,88000,291800,0,1300,0
post_load_walking,0,16.6663,16.6713,1.7326,12512,106,817523784077,1.8229,0.6239,14.8316,16647700,89300,306700,0,1400,0
post_load_walking,0,16.6656,16.6655,2.0695,18904,106,817523950790,1.8281,0.5374,14.8181,16650300,89200,782500,0,1600,0
post_load_walking,0,16.6678,16.6661,1.7715,12512,104,817524117445,1.6279,0.5966,15.0228,16653000,94300,318400,0,1700,0
post_load_walking,0,16.6651,16.6624,2.0378,12512,104,817524284106,1.7936,0.8175,14.8543,16651400,92200,411700,0,1500,0
post_load_walking,0,16.6667,16.6647,1.7490,12512,104,817524450730,2.0447,0.6500,14.6057,16653900,83500,382200,0,1700,0
post_load_walking,0,16.6662,16.6666,1.7490,12512,104,817524617377,2.1256,1.0507,14.5274,16654600,77000,274500,0,1200,0
post_load_walking,0,16.6728,16.6633,1.8043,18904,104,817524784043,1.6771,1.0543,14.9743,16667500,77100,885800,0,1300,0
post_load_walking,0,16.6628,16.6656,1.7725,12512,104,817524950676,1.9563,0.6580,14.6977,16641100,90100,416700,0,1800,0
post_load_walking,0,16.6656,16.6655,2.0193,22868,104,817525117332,1.6562,0.9183,14.9985,16653800,77300,290700,0,1300,0
post_load_walking,0,16.6661,16.6828,1.7521,12512,329,817525283987,2.3062,0.7717,14.3615,16654000,75600,464500,0,1200,0
post_load_walking,0,16.6675,16.6545,1.8094,12512,326,817525450815,2.4591,3.5742,14.1820,16657800,69900,295800,0,1200,0
post_load_walking,0,16.6663,16.6657,1.7664,18904,328,817525617360,2.5268,2.4672,14.1270,16661900,71700,666400,0,1100,0
post_load_walking,0,16.6705,16.6639,1.7654,12512,327,817525784017,2.1274,0.6088,14.5266,16656900,68500,287100,0,1200,0
post_load_walking,0,16.6640,16.6680,2.0449,12512,325,817525950656,1.5264,1.1077,15.1315,16646400,76700,260100,0,1000,0
post_load_walking,0,16.6703,16.6730,1.7592,12512,324,817526117336,1.7594,0.5726,14.9027,16661400,77500,285300,0,1200,0
post_load_walking,0,16.6641,16.6696,1.7838,12512,324,817526284066,1.7797,0.9735,14.8773,16646100,82700,287400,0,1500,0
post_load_walking,0,16.6675,16.6586,1.7900,18904,324,817526450762,1.7183,1.1189,14.9281,16655600,77900,557600,0,1100,0
post_load_walking,0,16.6666,16.6774,1.7725,12512,323,817526617348,1.7121,0.7584,14.9493,16656000,76100,387500,0,1400,0
post_load_walking,0,16.6678,16.6575,2.0767,12512,323,817526784122,1.6749,0.7310,14.9712,16653800,81400,2212800,911700,1500,0
post_load_walking,0,16.6664,16.6677,1.7797,12512,326,817526950697,1.8985,0.7927,14.7570,16643500,82700,323700,0,1500,0
post_load_walking,0,16.6680,16.6716,2.1606,12512,326,817527117374,2.0373,1.1467,14.6187,16654600,83200,308400,0,1400,0
post_load_walking,0,16.6676,16.6765,2.0511,18904,323,817527284090,3.3764,0.7072,13.2774,16654200,90000,786800,0,1800,0
post_load_walking,0,16.6677,16.6577,1.7797,12512,327,817527450855,2.0091,0.6702,14.6345,16646200,102700,339800,0,1600,0
post_load_walking,0,16.6661,16.6680,2.0521,12512,325,817527617432,2.0823,1.4045,14.5723,16649000,86000,416400,0,1300,0
post_load_walking,0,16.6662,16.6778,1.8084,22868,324,817527784112,2.3023,0.7128,14.3519,16649600,82400,416200,0,1400,0
post_load_walking,0,16.6669,16.6617,1.6927,12512,630,817527950890,2.3982,0.8607,14.2481,16650700,83500,331000,0,1300,0
post_load_walking,0,16.6699,16.6648,1.9343,18904,628,817528117507,2.1874,8.8428,14.4617,16659500,80800,771500,0,1300,0
post_load_walking,0,16.6649,16.6655,1.9466,12512,629,817528284155,2.9530,8.7299,13.6969,16645900,93100,691100,0,1900,0
post_load_walking,0,16.6644,16.6641,2.2508,12512,629,817528450810,2.4957,1.0358,14.1549,16648000,82500,296100,0,1300,0
post_load_walking,0,16.6687,16.6751,1.9476,12512,627,817528617451,2.5936,1.2593,14.0661,16657600,80000,296000,0,1300,0
post_load_walking,0,16.6679,16.6611,1.9722,12512,630,817528784202,3.0105,1.0679,13.6355,16653700,81800,291800,0,1400,0
post_load_walking,0,16.6636,16.6611,1.9558,18904,630,817528950813,2.2550,1.0038,14.3931,16644300,84700,730000,0,1700,0
post_load_walking,0,16.6669,16.6718,1.9558,12512,632,817529117424,2.4549,0.8732,14.2027,16657400,74600,259000,0,2000,0
post_load_walking,0,16.6679,16.6680,2.3163,12512,630,817529284142,2.4100,1.1159,14.2438,16658200,72600,243100,0,1000,0
post_load_walking,0,16.6690,16.6563,1.9784,12512,627,817529450822,2.6756,0.8316,13.9686,16659500,68600,309600,0,1900,0
post_load_walking,0,16.6673,16.6676,1.9876,12512,629,817529617385,2.5867,0.7450,14.0706,16651900,83900,291800,0,1300,0
post_load_walking,0,16.6693,16.6696,2.0756,18904,632,817529784061,1.9224,0.9190,14.7358,16653500,88100,1701000,0,1400,0
post_load_walking,0,16.6632,16.6742,2.0736,12512,630,817529950757,2.3189,1.1848,14.3407,16641100,91600,401400,0,1700,0
post_load_walking,0,16.6683,16.6668,2.0920,12512,632,817530117499,2.5083,1.4864,14.1440,16656200,84900,310000,0,1400,0
post_load_walking,0,16.6671,16.6741,1.9886,12512,628,817530284167,3.8997,1.6874,12.7538,16655500,87800,359300,0,1600,0
post_load_walking,0,16.6674,16.6549,2.0265,12512,632,817530450908,3.2091,0.9895,13.4321,16653100,88600,317200,0,1800,0
post_load_walking,0,16.6666,16.6703,2.1258,18904,628,817530617457,2.5176,0.9840,14.1387,16649000,88200,621400,0,1500,0
post_load_walking,0,16.6665,16.6710,1.9773,12512,626,817530784160,2.4779,0.9710,14.1779,16651300,87800,305200,0,1500,0
post_load_walking,0,16.6680,16.6686,2.3613,12512,618,817530950870,2.6243,1.1673,14.0289,16653800,83200,356800,0,1400,0
post_load_walking,0,16.6650,16.6643,2.0490,12512,622,817531117556,2.7558,0.9278,13.8934,16647400,86900,331700,0,2100,0
post_load_walking,0,16.7279,16.6666,2.3583,12512,623,817531284199,2.8683,1.1028,13.7832,16717200,83400,432900,0,1300,0
post_load_walking,0,16.6676,16.6694,1.9999,18904,619,817531450865,2.5712,1.1311,14.0828,16652500,110300,551700,0,1800,0
post_load_walking,0,16.6678,16.6597,1.9948,12512,615,817531617559,3.0029,1.0559,13.6445,16656900,80800,282500,0,1200,0
post_load_walking,0,16.6663,16.7322,2.3296,12512,618,817531784156,2.4284,1.3952,14.2889,16647000,86400,293100,0,1500,0
post_load_walking,0,16.7325,16.6677,2.0367,12512,618,817531951478,2.5353,0.8885,14.1172,16716100,86500,340500,0,1400,0
post_load_walking,0,16.6658,16.6726,3.4253,12512,617,817532118155,2.3442,0.8837,14.3128,16647200,82700,394900,0,2600,0
post_load_walking,0,16.6648,16.6625,1.9589,18904,616,817532284881,2.5919,1.2309,14.0553,16644500,94100,621400,0,1800,0
post_load_walking,0,16.6665,16.7340,2.1115,12512,615,817532451506,2.9582,1.0790,13.7580,16650300,86900,470800,0,1700,0
post_load_walking,0,16.6678,16.6647,2.3337,12512,613,817532618846,2.8651,1.0960,13.7823,16651500,83200,367500,0,1500,0
post_load_walking,0,16.6647,16.6632,1.9261,12512,609,817532785493,2.8039,1.6348,13.8407,16647800,82000,353100,0,1700,0
post_load_walking,0,16.6654,16.6665,2.2835,12512,609,817532952125,2.8241,1.4837,13.8263,16647900,81400,279800,0,1400,0
post_load_walking,0,16.6659,16.6685,1.9794,18904,601,817533118790,2.4129,1.5238,14.2388,16652700,75300,549400,0,1100,0
post_load_walking,0,16.6700,16.6641,2.0101,12512,596,817533285475,2.3869,0.8219,14.2611,16664600,73500,650700,0,1000,0
post_load_walking,0,16.6712,16.6601,2.2876,12512,595,817533452116,2.1813,0.9364,14.4666,16660900,79800,299600,0,1300,0
post_load_walking,0,16.6714,16.6628,2.0122,12512,591,817533618717,2.2988,0.9544,14.3538,16656800,97100,433500,0,2000,0
post_load_walking,0,16.6593,16.6777,1.9968,12512,588,817533785345,2.4988,1.0818,14.1658,16626800,89300,316400,0,2000,0
post_load_walking,0,16.6662,16.6783,2.0234,18904,589,817533952122,2.3498,1.7037,14.3113,16650500,84700,983100,0,1700,0
post_load_walking,0,16.6670,16.6816,3.1345,12512,593,817534118905,3.5042,0.9448,13.1530,16651100,97500,436900,0,1800,0
post_load_walking,0,16.6653,16.6435,2.3214,12512,592,817534285721,2.7421,1.1895,13.8847,16646000,96100,669600,0,2500,0
post_load_walking,0,16.6681,16.6657,2.1289,12512,586,817534452156,3.1328,1.9982,13.5177,16656900,75800,497300,0,1200,0
post_load_walking,0,16.6677,16.6673,2.7177,12512,589,817534618813,2.9202,1.1045,13.7310,16654700,80000,586400,0,1400,0
post_load_walking,0,16.6675,16.6606,2.0193,18904,591,817534785486,2.9462,1.0177,13.6999,16654900,87000,786100,0,1500,0
post_load_walking,0,16.6652,16.6696,2.0941,12512,588,817534952092,2.8071,1.5506,13.8501,16647300,89300,571900,0,1600,0
post_load_walking,0,16.6696,16.6697,2.0838,12512,586,817535118788,2.7913,2.0263,13.8636,16655900,90300,397900,0,3400,0
post_load_walking,0,16.6649,16.6694,2.3603,12512,583,817535285485,3.0924,1.2377,13.5626,16649700,89200,372700,0,1800,0
post_load_walking,0,16.6685,16.6622,2.7587,12512,586,817535452179,3.2058,1.6413,13.4415,16654600,81900,381600,0,1400,0
post_load_walking,0,16.6669,16.6708,2.0992,18904,585,817535618801,2.3603,1.7071,14.2957,16649900,87800,898100,0,1800,0
post_load_walking,0,16.6681,16.6650,3.0321,12512,578,817535785509,2.0812,0.9329,14.5687,16658200,92900,525900,0,1600,0
post_load_walking,0,16.6640,16.6702,2.5385,12512,586,817535952159,2.2909,1.3345,14.3637,16640100,97800,436700,0,1500,0
post_load_walking,0,16.6665,16.6655,2.0838,12512,584,817536118861,2.8718,1.5505,13.7782,16651800,87800,389100,0,1600,0
post_load_walking,0,16.6675,16.6747,2.4893,12512,584,817536285516,2.8986,1.1848,13.7598,16653900,93000,328200,0,1500,0
post_load_walking,0,16.6646,16.6542,2.2129,18904,586,817536452263,2.5555,1.2629,14.0847,16649400,85600,625100,0,1400,0
post_load_walking,0,16.6674,16.6664,2.2272,12512,585,817536618805,2.6592,1.5537,13.9926,16657700,79800,309700,0,1300,0
post_load_walking,0,16.6702,16.6670,2.3828,12512,586,817536785469,2.1262,1.0880,14.5278,16660800,78900,283100,0,1400,0
post_load_walking,0,16.6650,16.6615,2.1340,12512,584,817536952139,2.4595,1.4761,14.1900,16648200,83800,349200,0,1400,0
post_load_walking,0,16.6680,16.6698,2.1565,12512,586,817537118754,2.1492,0.8841,14.5086,16658300,90800,302700,0,1600,0
post_load_walking,0,16.6670,16.6736,2.2784,18904,585,817537285452,2.4494,1.0281,14.2115,16651100,93500,710600,0,1600,0
post_load_walking,0,16.6660,16.6621,2.1740,12512,585,817537452188,2.3856,1.1215,14.2628,16649300,91300,434800,0,1900,0
post_load_walking,0,16.6682,16.6717,2.4146,12512,586,817537618809,2.2510,1.8100,14.4075,16655700,85200,321200,0,1400,0
post_load_walking,0,16.6680,16.6650,2.2559,12512,585,817537785526,2.4500,1.2786,14.2011,16653400,86300,322000,0,1600,0
post_load_walking,0,16.6652,16.6651,2.5324,12512,586,817537952176,3.0670,1.5646,13.5825,16649600,117100,457000,0,2000,0
post_load_walking,0,16.6693,16.6708,2.1862,18904,538,817538118827,2.7664,1.4988,13.8895,16655300,86800,777100,0,1400,0
post_load_walking,0,16.6663,16.6680,2.0879,12512,538,817538285535,2.3497,1.0453,14.3039,16654800,92900,350000,0,1600,0
post_load_walking,0,16.6658,16.6641,2.2200,12512,535,817538452215,2.5020,1.8110,14.1478,16646900,84600,363000,0,1600,0
post_load_walking,0,16.6695,16.6692,2.2323,12512,533,817538618856,2.4166,1.5057,14.2387,16658700,79900,532400,0,1400,0
post_load_walking,0,16.6660,16.6699,2.0275,12512,533,817538785548,2.0522,1.1385,14.6027,16650400,86000,377500,0,1400,0
post_load_walking,0,16.6667,16.6615,2.1238,18904,532,817538952247,2.3858,1.0301,14.2612,16648400,94100,610500,0,1500,0
post_load_walking,0,16.6663,16.6740,2.1893,12436,533,817539118862,2.5746,1.5416,14.0842,16650200,73400,294900,0,1600,0
post_load_walking,0,16.6656,16.6667,2.4719,12436,532,817539285602,2.7739,1.3297,13.8765,16648300,81200,390000,0,1700,0
post_load_walking,0,16.6684,16.6648,2.1494,12436,532,817539452269,2.3804,0.9170,14.2681,16655700,73700,379000,0,1300,0
post_load_walking,0,16.6658,16.6663,2.0275,12436,536,817539618917,2.3400,1.5860,14.3104,16648800,83900,372400,0,1700,0
post_load_walking,0,16.6684,16.6630,2.2252,18828,527,817539785580,1.9630,1.5625,14.6854,16654900,79700,653300,0,1700,0
post_load_walking,0,16.6650,16.6698,2.2047,12436,528,817539952210,2.2618,1.3176,14.3939,16647300,79700,345500,0,2000,0
post_load_walking,0,16.6696,16.6638,2.4136,12436,526,817540118908,2.6249,1.5537,14.0240,16659100,76900,316800,0,1400,0
post_load_walking,0,16.6640,16.6707,2.0695,12436,528,817540285546,2.6222,1.2026,14.0327,16643100,85000,330000,0,1600,0
post_load_walking,0,16.6667,16.6623,2.4310,12436,528,817540452253,2.6545,0.9137,13.9929,16653700,76100,436200,0,1300,0
post_load_walking,0,16.6666,16.6739,2.1719,18828,528,817540618876,2.3857,1.1808,14.2734,16653700,72500,794200,0,1200,0
post_load_walking,0,16.6673,16.6584,2.0972,12436,528,817540785615,2.4446,1.4361,14.1986,16656300,69800,334900,0,1300,0
post_load_walking,0,16.6683,16.6653,2.4248,12436,528,817540952199,2.5588,1.0452,14.0951,16655400,75900,322400,0,1500,0
post_load_walking,0,16.6652,16.6671,2.1770,12436,512,817541118852,2.5192,0.9166,14.1346,16647800,82200,375300,0,1500,0
post_load_walking,0,16.6725,16.6693,2.4105,12436,511,817541285523,2.4842,1.1985,14.1722,16661300,80200,299400,0,1400,0
post_load_walking,0,16.6622,16.6695,2.0531,18828,514,817541452216,3.0277,1.3041,13.6278,16645700,75400,692800,0,1500,0
post_load_walking,0,16.6667,16.6621,1.9968,12436,512,817541618911,2.7870,1.3500,13.8608,16655600,72500,453200,0,1500,0
post_load_walking,0,16.6701,16.6754,2.3583,12436,513,817541785532,2.2867,1.1665,14.3746,16663400,73100,279400,0,1100,0
post_load_walking,0,16.6646,16.6587,2.0429,12436,363,817541952286,2.9493,1.5065,13.6965,16643600,76300,318400,0,1400,0
post_load_walking,0,16.6692,16.6693,2.5231,12436,360,817542118873,2.0262,0.9199,14.6296,16653300,79100,514100,0,1600,0
post_load_walking,0,16.6662,16.6782,2.6235,18828,356,817542285566,1.9926,0.8668,14.6709,16651100,81900,579600,0,1200,0
post_load_walking,0,16.6651,16.6583,2.3183,12436,356,817542452348,2.1615,1.0218,14.4822,16647200,81200,344800,0,1500,0
post_load_walking,0,16.6669,16.6704,2.6153,12436,352,817542618931,2.3479,1.0100,14.3055,16653700,73200,408100,0,1300,0
post_load_walking,0,16.6680,16.6661,2.3132,22276,352,817542785635,2.2003,1.5018,14.4509,16657000,76600,339200,0,1200,0
post_load_walking,0,16.6670,16.6616,2.4955,12436,327,817542952296,2.1006,1.4481,14.5467,16651800,78700,309600,0,1400,0
post_load_walking,0,16.6653,16.6668,2.2938,18828,327,817543118912,2.0129,1.3488,14.6409,16648300,112100,772200,0,1400,0
post_load_walking,0,16.6670,16.6713,2.2026,12436,327,817543285580,2.2530,1.0121,14.4040,16654100,80200,325800,0,1600,0
post_load_walking,0,16.6680,16.6670,2.4658,12436,327,817543452293,1.9371,1.1808,14.7148,16657000,77100,380600,0,1300,0
post_load_walking,0,16.6664,16.6613,2.1934,12436,327,817543618963,2.6208,1.2224,14.0277,16651700,77200,323500,0,1600,0
post_load_walking,0,16.6811,16.6673,2.2487,12436,324,817543785576,1.9888,0.8891,14.6653,16676400,73600,289600,0,1200,0
post_load_walking,0,16.6552,16.6696,2.3511,18828,324,817543952249,2.1026,1.0196,14.5544,16627500,71900,670300,0,1300,0
