phase,previous_operation,frame_ms,cpu_ms,gpu_ms,gc_alloc_bytes,draw_calls,timing_timestamp,timing_main_ms,timing_render_ms,timing_present_wait_ms,loop_ns,scripts_ns,gui_ns,gc_ns,present_ns,render_wait_ns
walking,3,17.0788,16.6691,0.0000,1771642,241,814389283245,2.3415,0.7937,14.3045,0,0,521800,759800,4000,0
walking,0,16.6730,16.6881,1.5872,10282,241,814389449936,3.1101,0.8743,13.5592,16671300,766500,265200,0,1800,0
walking,0,16.6664,16.6331,1.6292,10234,240,814389616817,2.1067,1.0559,14.5081,16745500,83900,248300,0,1400,0
walking,0,16.6720,17.0670,1.5923,10234,238,814389783148,17.0379,0.6913,0.0127,16562800,87600,714500,0,3700,0
walking,0,16.6608,16.6867,1.9231,16626,238,814389953818,3.4026,0.8006,13.2687,16631100,85300,781200,0,1800,0
walking,0,16.6674,16.7629,1.5974,10234,237,814390120685,2.0768,1.0420,14.6690,16647800,90400,264300,0,1800,0
walking,0,16.6666,16.5845,1.5677,10234,233,814390288314,3.1827,0.8866,13.3806,16651600,86800,260800,0,1700,0
walking,0,16.6668,16.6501,1.5616,10234,234,814390454159,2.4895,0.8249,14.1418,16648200,82100,294600,0,1600,0
walking,0,16.6677,16.6649,1.5841,10234,232,814390620660,2.1014,0.7570,14.5468,16651100,99600,285800,0,1700,0
walking,0,16.6674,16.6686,1.8934,16626,235,814390787309,2.0975,0.8057,14.5543,16653800,87800,665700,0,1800,0
walking,0,16.6672,16.6644,1.5360,10234,231,814390953995,2.1903,1.2668,14.4581,16654600,85000,359500,0,2300,0
walking,0,16.6740,16.6683,1.5626,10234,224,814391120639,2.2935,0.8528,14.3577,16657500,87900,256900,0,1600,0
walking,0,16.6599,16.6708,1.5155,10234,224,814391287322,2.4129,1.2540,14.2410,16624700,82100,240200,0,1500,0
walking,0,16.6659,16.6757,1.4725,10234,220,814391454030,2.7483,0.7410,13.9066,16651700,92800,259300,0,1900,0
walking,0,16.6689,16.6812,1.8504,16626,222,814391620787,2.3840,0.7859,14.2739,16651300,85400,1112100,0,1700,0
walking,0,16.7285,16.6414,1.4756,10234,222,814391787599,1.9622,1.0203,14.6626,16728300,82200,284900,0,1500,0
walking,0,16.6591,16.6694,1.5268,10234,219,814391954013,2.2047,0.9397,14.4472,16602900,110200,383900,0,1700,0
walking,0,16.7115,16.6661,1.5002,10234,219,814392120707,3.0105,0.8153,13.6410,16692800,95000,577500,0,1700,0
walking,0,16.6676,16.7620,1.5002,22218,216,814392287368,2.2137,1.1524,14.5158,16650300,101700,263000,0,1500,0
walking,0,16.6656,16.6271,1.8340,16626,176,814392454988,2.8417,0.8944,13.7614,16646400,85100,623000,0,2000,0
walking,0,16.6698,16.7111,1.4705,10234,176,814392621259,2.5548,0.7287,14.1382,16656600,88800,255600,0,1700,0
walking,0,16.6751,16.6679,1.4377,10234,176,814392788370,2.6524,0.9579,13.9981,16668700,81500,496800,0,1300,0
walking,0,16.6644,16.6636,1.8760,10258,172,814392955049,2.1254,0.6984,14.5211,16578800,152600,269500,0,2100,0
walking,0,16.7256,16.6748,1.4316,10234,172,814393121685,2.2690,1.0640,14.3878,16705900,85300,280900,0,1900,0
walking,0,16.6395,16.6979,1.8033,16626,172,814393288433,2.3303,0.6958,14.3386,16621700,101400,585300,0,2000,0
walking,0,16.6750,16.6423,1.8739,10234,172,814393455412,2.4691,0.7077,14.1099,16657700,84700,277700,0,2100,0
walking,0,16.6628,16.7259,2.1996,10302,173,814393621835,2.1404,1.2600,14.5657,16648400,79000,627400,0,2100,0
walking,0,16.6695,16.6378,1.8586,10234,172,814393789094,2.2691,0.7754,14.3526,16645300,79900,263800,0,1800,0
walking,0,16.6601,16.6748,1.4367,10234,173,814393955472,1.7677,0.6946,14.8902,16628800,82600,263800,0,1600,0
walking,0,16.6713,16.6696,1.7490,16626,171,814394122220,2.7104,0.9727,13.9382,16666400,81800,633200,0,1400,0
walking,0,16.6729,16.6712,1.4868,10234,171,814394288916,2.2311,0.6730,14.4145,16652200,80200,255000,0,1800,0
walking,0,16.6692,16.6471,1.4469,10234,139,814394455628,2.1308,0.7744,14.4983,16630700,160000,243800,0,2700,0
walking,0,16.6561,16.6902,1.5411,10234,139,814394622099,2.0501,0.7389,14.6166,16612100,93000,294800,0,2000,0
walking,0,16.6660,16.6858,1.4838,10234,138,814394789001,2.3998,0.8807,14.2532,16643200,101400,295500,0,2500,0
walking,0,16.6673,16.6666,2.4269,16626,139,814394955859,2.1619,0.7142,14.4691,16651900,130200,1024100,0,1800,0
walking,0,16.6703,16.6330,2.1473,10234,138,814395122525,2.4131,0.7650,14.1991,16653100,101100,350000,0,1600,0
walking,0,16.6661,16.6610,1.8217,10234,138,814395288855,2.9752,0.9795,13.6681,16638400,96100,295800,0,1700,0
walking,0,16.6672,16.6704,1.5319,10234,137,814395455465,2.9369,1.1861,13.7152,16645600,100600,397800,0,2300,0
walking,0,16.6654,16.6768,1.5124,10234,138,814395622169,2.5103,0.7564,14.1430,16639100,165000,358600,0,2100,0
walking,0,16.6662,16.6638,1.4889,16626,138,814395788937,2.4029,1.3630,14.2358,16644800,92700,1121100,0,1600,0
walking,0,16.6684,16.6679,1.5145,10234,135,814395955575,2.4077,0.7773,14.2381,16653200,83900,336600,0,1700,0
walking,0,16.6647,16.6623,1.4111,10234,136,814396122254,2.4349,0.9234,14.2044,16643300,76700,245300,0,1400,0
walking,0,16.6681,16.6621,1.5002,10234,129,814396288877,2.5665,1.1603,14.0785,16654300,80900,242600,0,1900,0
walking,0,16.6664,16.6713,1.4776,10234,127,814396455498,2.0718,0.6036,14.5815,16645000,101100,248600,0,1800,0
walking,0,16.6668,16.6601,2.0562,16626,121,814396622211,1.8328,0.6096,14.8107,16649400,76700,619600,0,1500,0
walking,0,16.6702,16.6742,1.5012,10234,122,814396788812,2.1303,0.6765,14.5241,16659500,198900,328500,0,1800,0
walking,0,16.6634,16.6615,1.5411,10234,122,814396955554,2.1666,0.7238,14.4786,16641000,95800,339300,0,1800,0
walking,0,16.6675,16.6662,1.9128,10234,121,814397122169,2.0839,1.1645,14.5655,16649300,80000,441300,0,1500,0
walking,0,16.6668,16.6776,1.9610,23558,121,814397288831,2.7100,0.7557,13.9498,16647000,103900,288500,0,1800,0
walking,0,16.6694,16.6580,1.7469,16626,103,814397455607,2.5908,1.0087,14.0507,16653500,81300,535800,0,1700,0
walking,0,16.6676,16.6686,1.5124,10234,103,814397622187,2.4785,2.0095,14.1710,16643400,85400,361500,0,1800,0
walking,0,16.6683,16.6638,1.5135,10234,103,814397788873,2.9814,0.7274,13.6658,16652800,83700,990000,0,1600,0
walking,0,16.6856,16.6750,1.5094,10234,103,814397955511,1.9462,0.7951,14.7074,16665100,85200,517600,0,2200,0
walking,0,16.6679,16.6627,1.5258,10474,103,814398122261,1.9955,0.7623,14.6481,16647700,1823000,300000,0,1700,0
walking,0,16.6660,16.6704,1.7469,16702,101,814398288888,2.5989,1.0135,14.0540,16650400,88200,539100,0,1700,0
walking,0,16.6674,16.6849,1.5053,10310,98,814398455592,2.3658,0.5739,14.2994,16646900,93500,466300,0,1700,0
walking,0,16.6681,16.6672,1.5155,10310,99,814398622441,3.7513,0.6727,12.8965,16652600,95400,257200,0,1900,0
walking,0,16.7667,16.6681,1.7357,10310,99,814398789113,1.8578,0.7509,14.7928,16749500,98500,294200,0,1900,0
walking,0,16.6656,16.6643,1.5145,10310,99,814398955794,1.8686,0.5731,14.7784,16644100,101200,268700,0,3000,0
walking,0,16.6666,16.6706,1.7377,16702,99,814399122437,1.7676,0.8046,14.8852,16647300,94600,645000,0,1800,0
walking,0,16.6689,16.7695,1.4572,10310,99,814399289143,2.1204,0.7237,14.6293,16653200,92400,289500,0,1900,0
walking,0,16.6996,16.6623,1.5032,10310,99,814399456838,2.5755,0.6955,14.0688,16683900,119800,275500,0,1900,0
walking,0,16.6347,16.6654,1.5206,10310,99,814399623461,2.0506,0.6633,14.5969,16611000,122000,329800,0,1800,0
walking,0,16.6659,16.6729,1.5258,10310,99,814399790115,1.8536,0.6379,14.7998,16644500,119700,279300,0,2300,0
walking,0,16.6697,16.7056,1.7930,16702,99,814399956844,1.9252,1.0210,14.7589,16653600,109700,653800,0,1600,0
walking,0,16.6663,16.6314,1.5135,10310,98,814400123900,2.3670,0.6741,14.2443,16643400,113100,280300,0,1900,0
walking,0,16.9199,16.6632,1.4612,10310,98,814400290214,2.0320,0.7498,14.6126,16899100,109000,259800,0,1900,0
walking,0,16.6639,16.6756,1.5278,10310,99,814400456846,2.3840,0.6953,14.2699,16640000,131500,346900,0,1900,0
walking,0,16.6694,16.6624,1.4500,10310,99,814400623602,2.0517,0.7839,14.5919,16654500,98400,317800,0,1700,0
walking,0,16.6651,16.9203,1.7828,16774,99,814400790226,1.9874,1.0260,14.9119,16642800,208300,681900,0,1800,0
walking,0,16.6700,16.6589,1.4449,10310,99,814400959429,1.9745,1.0357,14.6656,16656100,98100,335500,0,1600,0
walking,0,16.6643,16.6728,1.4490,10310,92,814401126018,1.6596,1.1835,14.9950,16639200,112900,321000,0,1700,0
walking,0,16.6696,16.6597,1.4899,10310,93,814401292746,2.1266,1.0355,14.5164,16657500,94400,265300,0,1500,0
walking,0,16.6636,16.6767,1.9098,10310,92,814401459343,2.0998,1.0301,14.5567,16641600,210400,537200,0,3200,0
walking,0,16.6687,16.6567,1.7951,16702,93,814401626110,2.1431,0.6495,14.4962,16651500,101200,758000,0,1500,0
walking,0,16.6700,16.6756,2.1873,10310,93,814401792677,1.8561,1.1277,14.8016,16594500,107100,302200,0,1500,0
walking,0,16.6643,16.6585,1.4469,10310,93,814401959433,2.4019,1.2562,14.2399,16634500,178400,300200,0,2600,0
walking,0,16.6665,16.6689,1.8596,10310,93,814402126018,1.8084,0.9420,14.8432,16649600,101000,329000,0,2100,0
walking,0,16.6681,16.6808,1.8831,10310,90,814402292707,2.2809,1.0361,14.3137,16647400,104300,263700,0,2000,0
walking,0,16.6651,16.6546,1.8606,16702,91,814402459515,2.0079,0.6844,14.6268,16648400,92700,688900,0,2000,0
walking,0,16.6674,16.6683,1.9251,10310,91,814402626061,1.8070,0.6202,14.8428,16650900,94700,263300,0,1800,0
walking,0,16.6677,16.6641,1.5421,10310,91,814402792744,2.2829,0.7409,14.3647,16652000,94500,292700,0,1500,0
walking,0,16.6674,16.6646,1.5462,10310,91,814402959385,2.0378,1.0157,14.6107,16654300,91500,246000,0,1600,0
walking,0,16.6686,16.6674,2.0050,10310,91,814403126031,1.9367,0.9407,14.7144,16648400,94100,288400,0,1500,0
walking,0,16.6654,16.6682,1.9087,16702,91,814403292705,1.8003,0.6059,14.8519,16645700,95100,768400,0,1900,0
walking,0,16.6678,16.6734,1.9333,20666,91,814403459387,1.9153,0.9800,14.7392,16652400,115500,290000,0,1700,0
walking,0,16.6663,16.6675,1.4950,10310,293,814403626121,1.9538,0.7021,14.6947,16645500,97000,269700,0,1800,0
walking,0,16.6695,16.6653,1.5411,10310,292,814403792796,2.0595,3.4728,14.5865,16661100,91000,258000,0,1600,0
walking,0,16.6671,16.6696,1.5667,10310,291,814403959449,2.7330,2.9684,13.9197,16632900,108000,290900,0,1800,0
walking,0,16.6657,16.6636,1.9190,16702,291,814404126145,1.7475,0.6542,14.8982,16644000,105700,664100,0,2300,0
walking,0,16.6669,16.6856,2.1668,10310,290,814404292781,1.9339,0.7542,14.7274,16646100,97900,348000,0,1900,0
walking,0,16.6666,16.6544,1.8668,10310,288,814404459637,2.3543,0.9345,14.2788,16648300,100300,387000,0,2100,0
walking,0,16.6669,16.6643,1.5165,10310,286,814404626181,2.4245,1.2441,14.2196,16645800,110300,272900,0,1900,0
walking,0,16.6677,16.6652,1.5759,10310,287,814404792824,2.2555,0.9752,14.3908,16642600,112500,286800,0,3000,0
walking,0,16.6655,16.6701,1.8330,16702,288,814404959476,2.1998,0.6900,14.4489,16646700,114700,681700,1204300,1900,0
walking,0,16.6732,16.6681,1.5698,10310,287,814405126177,2.0755,0.8541,14.5706,16651500,106100,270700,0,1700,0
walking,0,16.6624,16.6642,1.8842,10310,287,814405292858,2.5041,1.1750,14.1386,16640000,105400,301900,0,1600,0
walking,0,16.6665,16.6653,1.5442,10310,287,814405459500,2.4509,0.7976,14.1960,16651200,110900,350400,0,1900,0
walking,0,16.6657,16.6743,1.5401,10334,287,814405626153,2.4568,0.9431,14.1949,16642400,101500,294900,0,1900,0
walking,0,16.6807,16.6580,1.5585,16702,288,814405792896,2.3618,1.2369,14.2784,16660900,89600,670200,0,1400,0
walking,0,16.6667,16.6702,1.5995,10310,289,814405959476,2.4832,0.8647,14.1683,16653100,89800,241700,0,1400,0
walking,0,16.6658,16.6615,1.5534,48162,287,814406126178,2.3087,1.0346,14.3338,16646600,92100,287900,0,2000,0
walking,0,16.6687,16.6787,1.5565,10334,527,814406292793,2.4274,0.6993,14.2337,16652600,93300,276400,0,1400,0
walking,0,16.6663,16.6694,1.7951,10310,582,814406459580,1.9040,11.5010,14.7493,16648800,97400,346800,0,1800,0
walking,0,16.7106,16.6645,1.8217,16702,580,814406626274,3.7469,10.1727,12.8998,16697500,94200,701500,0,1800,0
walking,0,16.7707,16.6695,1.7756,10310,582,814406792919,2.7810,1.3133,13.8717,16757100,89700,261200,0,1800,0
walking,0,16.6636,16.6640,2.1340,10310,580,814406959614,2.9926,1.3119,13.6563,16725100,133800,333400,0,3000,0
walking,0,16.6673,16.7154,1.8401,10310,579,814407126254,3.1235,1.1242,13.5743,16550700,108300,282100,0,1900,0
walking,0,16.6673,16.7825,2.1944,10310,581,814407293408,2.9775,1.6894,13.7797,16643900,109200,282500,0,1700,0
walking,0,16.6675,16.7506,2.1832,16702,584,814407461233,3.1777,1.0320,13.5475,16650000,111600,765000,0,1400,0
walking,0,16.6656,16.5740,2.5047,10310,584,814407628739,2.6094,1.0475,13.9416,16642400,119100,401900,0,1900,0
walking,0,16.6663,16.6634,2.4525,10310,585,814407794479,3.1185,1.1352,13.5256,16650100,92100,404900,0,1700,0
walking,0,16.6801,16.6702,1.8319,10310,583,814407961113,3.1725,2.1653,13.4777,16661700,106200,455100,0,2100,0
walking,0,16.6674,16.6599,2.1852,10310,584,814408127815,2.6671,1.7829,13.9755,16641800,136600,364600,0,2600,0
walking,0,16.6664,16.6687,2.2364,16702,584,814408294414,2.5624,1.8682,14.0879,16642100,108300,737100,0,2100,0
walking,0,16.6631,16.6847,2.2149,10310,585,814408461101,2.9500,1.7632,13.7119,16646300,98800,331100,0,1600,0
walking,0,16.6669,16.6656,2.2241,10310,585,814408627948,2.9144,1.1496,13.7276,16650700,94700,631100,0,1600,0
walking,0,16.6676,16.6598,1.9958,10310,584,814408794604,3.0567,1.6023,13.5856,16653200,87400,313900,0,1600,0
walking,0,16.6712,16.6617,1.9866,10310,583,814408961202,2.8588,1.1934,13.7877,16656500,94200,296000,0,1500,0
walking,0,16.6651,16.6670,1.9610,16702,572,814409127819,2.9378,1.6255,13.7131,16646600,127200,743400,0,1600,0
walking,0,16.6648,16.6702,2.0255,10310,571,814409294489,2.4246,1.4678,14.2286,16644700,97200,282500,0,1400,0
walking,0,16.6679,16.6734,2.2866,10310,573,814409461191,2.2030,1.1150,14.4536,16649200,89700,290800,0,1500,0
walking,0,16.6673,16.6648,2.0070,10310,573,814409627925,2.7941,1.5107,13.8527,16649900,91700,275600,0,2000,0
walking,0,16.6655,16.6613,1.9968,10310,569,814409794573,2.3084,1.2259,14.3366,16646900,95100,261000,0,1900,0
walking,0,16.6691,16.6680,1.9794,16702,567,814409961186,2.1686,1.4407,14.4807,16653800,91400,766100,0,1800,0
walking,0,16.6657,16.6671,1.9896,10310,567,814410127866,2.2228,1.1140,14.4273,16646100,96600,413300,0,1600,0
walking,0,16.6673,16.6652,2.2671,10310,566,814410294537,2.3180,1.2844,14.3291,16646300,84600,345100,0,1700,0
walking,0,16.6680,16.6729,1.9272,10310,567,814410461189,2.7176,1.0236,13.9364,16655100,89200,318300,0,1500,0
walking,0,16.6653,16.6639,1.9364,10310,567,814410627918,2.7343,0.8745,13.9118,16641800,111400,318500,0,2100,0
walking,0,16.6689,16.6645,1.9866,16702,567,814410794557,2.6552,1.4102,13.9913,16654500,86000,585800,0,1800,0
walking,0,16.6699,16.6754,1.9743,10310,565,814410961202,2.4354,1.5872,14.2200,16658600,105000,404400,0,1600,0
walking,0,16.6643,16.6582,2.4177,10310,561,814411127956,2.3295,1.2867,14.3124,16639100,106100,319200,0,1900,0
walking,0,16.6700,16.6690,1.8831,10310,561,814411294538,2.9897,1.5881,13.6648,16655500,93400,397900,0,1700,0
walking,0,16.6617,16.6796,2.5620,10310,556,814411461228,2.6672,1.1185,13.9917,16633500,105400,296200,0,2100,0
walking,0,16.6672,16.6567,2.4443,16702,549,814411628024,2.4907,0.9503,14.1486,16651400,92200,593900,0,2100,0
walking,0,16.7842,16.6775,2.4873,10310,547,814411794591,2.3632,1.1847,14.2925,16768900,84100,476700,0,1900,0
walking,0,16.5969,16.6513,2.2620,10310,543,814411961366,2.5584,1.0052,14.0753,16577800,89300,253800,0,1300,0
walking,0,16.6690,16.6680,2.1740,10310,543,814412127879,2.2254,1.0621,14.4261,16652500,89400,340600,0,1700,0
walking,0,16.6639,16.7868,1.9046,10310,433,814412294559,2.3445,0.7905,14.4245,16643900,153600,405600,0,2500,0
walking,0,16.6701,16.5939,2.1545,16702,543,814412462427,2.0793,1.4205,14.4986,16654600,91900,760800,0,1600,0
walking,0,16.6654,16.6711,1.9323,10310,544,814412628366,2.5746,1.1980,14.0780,16643900,132600,362900,0,1600,0
walking,0,16.6652,16.6619,2.2569,10310,543,814412795077,3.0786,1.0481,13.5655,16649900,86900,272100,0,1600,0
walking,0,16.6696,16.6744,1.9988,10310,543,814412961696,2.7751,1.1241,13.8798,16656300,87100,305500,0,1400,0
walking,0,16.6662,16.6600,1.9425,10310,541,814413128440,2.8914,1.3275,13.7526,16646500,101800,317300,0,1400,0
walking,0,16.6683,16.6665,2.2159,16702,537,814413295040,1.9383,1.0156,14.7118,16650200,98500,533400,0,1400,0
walking,0,16.6662,16.6752,1.9988,10310,535,814413461705,2.1049,1.1125,14.5516,16643800,97000,424100,0,1400,0
walking,0,16.6669,16.6647,2.2149,10310,535,814413628457,2.5279,1.3875,14.1188,16652900,121400,266900,0,1800,0
walking,0,16.6694,16.6694,1.9384,10310,535,814413795104,2.3229,1.5301,14.3276,16657500,92900,265200,0,2300,0
walking,0,16.6641,16.6643,1.9722,10310,535,814413961798,3.0023,1.3155,13.6416,16634600,99000,383000,0,1900,0
walking,0,16.6687,16.6702,2.0726,16702,534,814414128441,2.3009,1.3365,14.3522,16654000,91100,571600,0,1400,0
walking,0,16.6650,16.6769,1.9896,10310,535,814414295143,2.2943,1.2879,14.3634,16643300,92400,331700,0,1500,0
walking,0,16.6666,16.6519,2.6296,10310,535,814414461912,2.7022,1.0460,13.9327,16647400,89500,242900,0,2200,0
walking,0,16.6677,16.6716,1.8995,10310,535,814414628431,2.4271,1.5907,14.2273,16652200,90000,309500,0,1500,0
walking,0,16.6706,16.6629,1.9599,10310,535,814414795147,2.6784,0.9681,13.9650,16648800,107100,304300,0,1900,0
walking,0,16.6630,16.6639,1.9661,16702,503,814414961776,2.9552,1.4466,13.6924,16646100,90900,614800,0,1600,0
walking,0,16.6676,16.6732,2.4402,10310,503,814415128415,2.2559,1.0519,14.3966,16645600,113400,282900,0,2300,0
walking,0,16.6687,16.6670,2.2170,10310,503,814415295147,2.5390,1.5909,14.1099,16654300,89700,255400,0,1700,0
walking,0,16.6754,16.6661,1.9876,10310,501,814415461817,2.5365,1.4240,14.1097,16664300,100900,340200,0,1400,0
walking,0,16.6585,16.6629,1.9988,10310,501,814415628478,2.9051,0.8895,13.7407,16626700,154000,312600,0,2500,0
walking,0,16.6659,16.6727,1.9180,16702,503,814415795107,2.6738,1.0711,13.9806,16642800,106100,748500,0,1800,0
walking,0,16.7411,16.6894,1.9210,10310,496,814415961834,2.6510,1.3980,14.0136,16727500,96100,287700,0,1700,0
walking,0,16.6625,16.6486,2.2897,10310,503,814416128728,3.0510,1.2386,13.5758,16630200,102700,277500,0,2100,0
walking,0,16.6664,16.6625,1.9712,10310,501,814416295214,2.8798,1.0043,13.7631,16647500,109900,285000,0,1700,0
walking,0,16.6673,16.7511,1.9313,10310,501,814416461839,2.8162,1.0125,13.9114,16651500,91000,244100,0,1500,0
walking,0,16.6668,16.6497,1.9139,16702,503,814416629350,2.5159,1.0338,14.1146,16647900,91800,557800,0,1700,0
walking,0,16.6690,16.6645,2.0173,10310,499,814416795847,2.3886,1.0060,14.2591,16656900,86900,683500,0,1600,0
walking,0,16.6666,16.6677,2.2753,10310,497,814416962492,2.4060,0.9738,14.2455,16648300,107100,319700,0,1500,0
walking,0,16.6742,16.6646,1.8821,10310,498,814417129169,2.3845,1.0555,14.2635,16661000,102200,302000,0,1700,0
walking,0,16.6621,16.6749,2.2057,10310,497,814417295815,3.0252,1.5904,13.6320,16624900,114900,284300,0,2900,0
walking,0,16.6650,16.6692,1.9354,16626,498,814417462564,2.4072,1.0263,14.2414,16639900,97800,633100,0,1700,0
walking,0,16.6665,16.6882,1.9180,10234,498,814417629256,2.5672,1.6393,14.0939,16648700,89300,316600,0,2000,0
walking,0,16.6655,16.6496,2.2036,10234,498,814417796138,2.7866,1.6195,13.8385,16648600,81600,392100,0,1600,0
walking,0,16.6663,16.6578,1.9016,10234,498,814417962634,2.8397,1.0173,13.8004,16647900,94200,461900,0,1800,0
walking,0,16.6678,16.6667,1.9579,10234,489,814418129212,2.6689,1.5692,13.9800,16651000,79900,284700,0,1900,0
walking,0,16.6716,16.6649,1.9630,16626,490,814418295879,2.3760,1.6721,14.2727,16654000,80700,492700,0,1200,0
walking,0,16.6645,16.6658,1.8790,10234,490,814418462528,2.9867,1.4232,13.6615,16645700,88300,373500,0,1700,0
walking,0,16.6688,16.6722,2.1996,10234,491,814418629186,2.7495,1.4882,13.9016,16648500,98000,288200,0,1800,0
walking,0,16.6678,16.6719,1.9190,10234,491,814418795908,2.5311,1.2654,14.1231,16648000,100400,559700,0,1700,0
walking,0,16.6650,16.6659,2.2385,10234,490,814418962627,2.8712,1.5547,13.7747,16643100,97800,362100,0,2100,0
walking,0,16.6679,16.6681,1.8555,16650,489,814419129286,2.7212,1.2621,13.9276,16649200,93100,602300,0,1800,0
walking,0,16.6665,16.6691,1.8473,10234,481,814419295967,3.3992,1.6722,13.2491,16644100,91100,375600,0,1600,0
walking,0,16.6642,16.6636,2.2170,10234,472,814419462658,2.9427,1.3326,13.7006,16642800,83800,335700,0,1700,0
walking,0,16.6676,16.6696,1.8729,10234,473,814419629294,2.7888,1.0355,13.8606,16651100,79200,330000,0,1600,0
walking,0,16.6672,16.6638,1.8360,10234,473,814419795990,2.9854,1.5614,13.6589,16650400,80700,254400,0,1900,0
walking,0,16.6684,16.6587,1.8647,16626,473,814419962628,2.5810,1.0548,14.0620,16653900,79400,778500,0,2100,0
walking,0,16.6691,16.6687,1.8708,10282,473,814420129215,2.4431,0.8947,14.2082,16653200,100600,306800,0,1500,0
walking,0,16.6633,16.6666,2.2221,10234,337,814420295902,2.7723,1.2384,13.8782,16636300,99900,386300,0,1500,0
walking,0,16.6684,16.6720,2.0818,10234,348,814420462568,2.8171,1.5356,13.8369,16652000,86500,287200,0,1400,0
walking,0,16.6650,16.6736,2.3685,10234,343,814420629288,2.8686,1.1255,13.7850,16646500,95800,266200,0,2000,0
walking,0,16.6713,16.6564,2.1228,16626,339,814420796024,3.2346,1.1622,13.4018,16658300,83200,837900,0,1300,0
walking,0,16.6666,16.6687,2.1064,10234,334,814420962588,2.7576,1.0818,13.8945,16646800,95900,293900,0,1400,0
walking,0,16.6654,16.6634,2.3869,22218,333,814421129275,2.3535,1.2422,14.2931,16640900,91900,429500,0,2100,0
walking,0,16.6663,16.6771,1.9988,10234,309,814421295909,2.8516,1.2112,13.8067,16646900,86100,447900,0,1500,0
walking,0,16.6690,16.6671,2.3562,10234,309,814421462680,2.3026,1.6778,14.3443,16649200,119300,371100,0,1700,0
walking,0,16.6644,16.6621,2.3183,16626,310,814421629351,3.1025,1.0556,13.5386,16638900,103400,888300,0,1700,0
walking,0,16.6670,16.6701,1.9988,10234,310,814421795972,2.2845,1.3300,14.3628,16650900,83000,357000,0,1500,0
walking,0,16.6704,16.6706,2.3214,10234,309,814421962673,2.2788,1.7241,14.3708,16655800,85500,263400,0,1500,0
walking,0,16.6662,16.6567,2.0511,10234,306,814422129379,2.4499,1.0145,14.1892,16645100,90000,368100,0,1600,0
walking,0,16.6662,16.6672,2.1258,10234,307,814422295946,2.7380,1.1042,13.9130,16647800,98700,302700,0,1500,0
walking,0,16.6678,16.6738,2.1176,16626,307,814422462618,2.2259,1.5566,14.4302,16651100,85500,741700,0,1500,0
walking,0,16.6658,16.6658,2.2129,10234,307,814422629356,2.2735,1.4768,14.3718,16630800,119200,354700,0,2100,0
walking,0,17.0236,16.6669,2.3296,20590,302,814422796014,2.4902,1.6930,14.1578,17015000,98800,267800,0,1700,0
walking,0,16.6572,16.6782,2.2016,10234,237,814422962683,2.4998,1.8888,14.1515,16623900,82900,413500,0,1800,0
walking,0,16.6699,16.6531,1.6896,10234,234,814423129465,2.2622,1.6383,14.3689,16656100,81200,244500,0,1700,0
walking,0,16.6670,17.0366,1.6579,16626,233,814423295996,2.4260,0.9953,14.5894,16647300,78300,553000,0,1600,0
walking,0,16.6669,16.6405,1.6783,10234,230,814423466362,2.3070,0.9561,14.3170,16647300,79200,375100,0,1600,0
walking,0,16.6671,16.6736,1.9743,10234,228,814423632767,1.7927,0.8215,14.8636,16650800,78500,369600,0,1700,0
walking,0,16.6712,16.6681,1.6323,10234,228,814423799503,1.9876,0.8898,14.6599,16785400,81800,2207700,1038700,1900,0
walking,0,16.6645,16.6644,1.5596,10234,225,814423966184,2.1688,1.1615,14.4787,16494400,105700,359100,0,2700,0
walking,0,16.6644,16.6677,1.6343,16626,223,814424132828,2.0651,1.2203,14.5859,16641600,84300,1010900,0,1700,0
walking,0,16.6676,16.8139,1.5493,10234,215,814424299505,3.5114,1.3549,13.2742,16648700,82800,269700,0,1700,0
walking,0,16.6690,16.5259,1.8555,10234,218,814424467644,3.0012,1.1652,13.4934,16653200,78300,275800,0,1600,0
walking,0,16.6660,16.6600,1.6486,10234,216,814424632903,2.9608,0.9614,13.6809,16646600,102800,672800,0,2200,0
walking,0,16.6661,16.6672,1.6374,10234,216,814424799503,2.3735,0.7836,14.2753,16647300,85600,247300,0,1500,0
walking,0,16.6693,16.6713,1.6896,16626,213,814424966175,2.2656,1.2179,14.3880,16652000,77400,648100,0,1900,0
walking,0,16.6642,16.6649,1.6353,10234,211,814425132888,3.1948,0.7348,13.4521,16644700,81200,251800,0,1900,0
walking,0,16.6683,16.6650,1.8852,10234,208,814425299537,2.1743,0.9495,14.4732,16654700,76100,261400,0,1200,0
walking,0,16.6682,16.6692,1.5698,10234,209,814425466187,2.4123,0.7152,14.2401,16646900,77600,247000,0,1500,0
walking,0,16.6663,16.6620,1.5555,10234,208,814425632879,2.0939,0.7205,14.5510,16650900,81000,244100,0,1500,0
walking,0,16.6648,16.6735,1.5985,16626,208,814425799499,2.1894,0.9989,14.4655,16646700,78900,608600,0,2700,0
walking,0,16.6673,16.6643,1.5811,20074,209,814425966234,2.3065,0.6908,14.3406,16649900,88200,275500,0,1900,0
walking,0,16.6687,16.6678,1.8022,10234,173,814426132877,1.9401,0.8519,14.7110,16652700,77000,286200,0,1500,0
walking,0,16.6688,16.6640,1.5698,10234,173,814426299555,2.4772,0.6997,14.1696,16654400,82500,256800,0,1800,0
walking,0,16.7221,16.6673,1.5247,10234,172,814426466195,2.6552,1.0704,13.9949,16703800,80900,310900,0,1900,0
walking,0,16.6627,16.6691,1.7787,16626,173,814426632868,2.0425,0.6806,14.6104,16645300,85900,853900,0,1700,0
walking,0,16.6620,16.6738,1.5258,10234,173,814426799559,2.0006,1.1680,14.6540,16636900,83400,261600,0,2100,0
walking,0,16.6670,16.7238,1.8831,10234,141,814426966297,2.1663,0.9471,14.5376,16649300,84100,259800,0,1500,0
walking,0,16.6748,16.6646,1.5094,10234,141,814427133535,2.2654,0.6577,14.3802,16657100,82000,264000,0,1400,0
walking,0,16.6679,16.6542,1.5370,10234,139,814427300181,2.1887,0.6452,14.4484,16649400,80300,347900,0,1600,0
walking,0,16.6668,16.6666,1.5084,16626,138,814427466723,2.0480,0.8704,14.6015,16648900,83600,733000,0,1700,0
walking,0,16.6658,16.6752,1.5401,10234,139,814427633389,2.2757,0.7100,14.3816,16645400,92800,364500,0,1600,0
walking,0,16.6723,16.6685,1.7234,10234,139,814427800141,2.0949,0.8346,14.5547,16657800,82900,280800,0,1400,0
walking,0,16.6636,16.6672,1.5319,10234,139,814427966826,2.6176,0.7769,14.0315,16638800,104700,399700,0,2400,0
walking,0,16.6649,16.6647,1.5442,10234,140,814428133498,2.2919,0.7384,14.3536,16647200,87400,283100,0,1800,0
walking,0,16.8017,16.6795,1.5514,16626,138,814428300145,2.2881,0.9134,14.3700,16784600,86900,1319900,0,1600,0
walking,0,16.6133,16.6562,1.5503,10234,138,814428466940,2.5856,0.7439,14.0535,16599100,89600,321500,0,2200,0
walking,0,16.6622,16.6654,1.7818,10234,138,814428633502,2.2036,0.9002,14.4438,16627800,111300,346100,0,1800,0
walking,0,16.6668,16.8030,1.4264,10234,131,814428800156,2.9220,0.7707,13.8627,16649200,81500,293200,0,2000,0
walking,0,16.6672,16.6228,1.4377,10234,129,814428968186,2.3789,1.1550,14.2205,16650900,79300,244500,0,1900,0
walking,0,16.6675,16.6508,1.4141,16626,129,814429134414,2.2677,0.9939,14.3602,16651700,77300,625100,0,1500,0
walking,0,16.7334,16.6655,1.4490,10234,129,814429300922,2.2338,0.6857,14.4155,16721300,75000,222800,0,1400,0
walking,0,16.6554,16.6670,1.7213,10234,127,814429467577,1.8493,0.6934,14.8018,16637700,74100,273100,0,1300,0
walking,0,16.6665,16.6686,1.4367,10234,122,814429634247,2.0555,0.6305,14.5964,16644500,81500,469800,0,1500,0
walking,0,16.6685,16.7380,1.4182,10234,122,814429800933,1.7710,1.1413,14.9504,16650500,81000,369800,0,2000,0
walking,0,16.6660,16.6570,1.4623,16626,122,814429968313,1.8008,0.8104,14.8371,16646600,88400,964600,0,1800,0
walking,0,16.6677,16.6628,1.4152,10234,122,814430134883,2.1172,1.1703,14.5273,16650800,91900,391600,0,2000,0
walking,0,16.6665,16.6688,1.7480,10234,122,814430301511,2.3298,0.9705,14.3210,16648600,134000,382300,0,2000,0
walking,0,16.6676,16.6640,1.4459,10234,122,814430468199,2.8365,0.7705,13.8102,16667600,85300,725300,0,1400,0
walking,0,16.6676,16.6690,1.4572,20954,121,814430634839,2.3774,0.9258,14.2735,16629900,108100,280700,0,2100,0
walking,0,16.6663,16.6652,1.4490,16702,103,814430801529,2.6266,0.9203,14.0222,16648900,101900,785200,0,1700,0
walking,0,16.6664,16.6879,1.4490,10310,103,814430968181,2.6314,1.4478,14.0363,16647400,99100,301700,0,3400,0
walking,0,16.6699,16.6479,1.7705,10310,101,814431135060,2.4176,1.3802,14.2125,16652500,100600,379600,0,1800,0
walking,0,16.6664,16.6658,1.4234,10310,101,814431301539,2.3984,0.6491,14.2506,16648000,99000,467800,0,1900,0
walking,0,16.6795,16.6664,1.4377,10310,98,814431468197,2.2727,1.1999,14.3751,16666200,138100,435000,0,2000,0
walking,0,16.6556,16.6720,1.4582,16702,99,814431634861,2.1680,0.9963,14.4845,16629000,95700,690000,0,1800,0
walking,0,16.6705,16.6669,1.4438,10310,99,814431801581,2.3994,1.0663,14.2490,16653700,100100,278500,0,1500,0
walking,0,16.6638,16.6840,1.7900,10310,99,814431968250,2.4376,1.2393,14.2288,16644300,95600,396500,0,1800,0
walking,0,16.6680,16.6494,1.4469,10310,99,814432135090,2.0101,1.0159,14.6193,16650000,98100,285900,0,1900,0
walking,0,16.6725,16.6710,1.4264,10310,99,814432301584,2.1216,1.1104,14.5323,16654600,105700,370600,0,1800,0
walking,0,16.7633,16.6621,1.4377,16702,99,814432468294,2.2096,0.6899,14.4351,16746200,98700,828200,0,1700,0
walking,0,16.5637,16.6687,1.8883,10310,99,814432634915,2.1897,1.0872,14.4606,16548300,122000,371500,0,1800,0
walking,0,16.6694,16.6713,1.8084,10310,99,814432801602,2.2834,1.2887,14.3713,16652300,95300,757000,0,2200,0
walking,0,16.6654,16.7627,1.4592,10310,99,814432968315,2.3888,0.8397,14.3575,16644700,96900,520500,0,1900,0
walking,0,16.6657,16.5650,1.4807,10310,98,814433135942,2.0052,0.8257,14.5432,16650500,86800,618000,0,1800,0
walking,0,16.6868,16.6709,1.4664,16702,99,814433301592,2.4205,1.0321,14.2319,16683800,95500,1126100,0,1800,0
walking,0,16.6557,16.6620,1.4797,10310,99,814433468301,2.7564,0.8198,13.8884,16595700,101700,274800,0,1700,0
walking,0,16.6667,16.6676,1.7684,10310,99,814433634921,2.4381,0.9210,14.2126,16648900,108400,591000,0,2100,0
walking,0,16.7181,16.7129,1.4674,10310,99,814433801597,2.9311,0.6667,13.7530,16710800,98400,461300,0,1900,0
walking,0,16.6554,16.6324,1.4776,10310,98,814433968726,2.1491,1.2125,14.4467,16611700,98000,279400,0,1800,0
walking,0,16.6711,16.6692,1.4746,16702,99,814434135050,2.4564,0.9355,14.1927,16645000,103300,619100,0,1800,0
walking,0,17.0577,16.7395,1.4787,10310,99,814434301742,2.4192,0.9482,14.2919,17033700,151000,260000,0,2300,0
walking,0,16.6559,16.6394,1.7848,10310,93,814434469137,2.1411,0.9331,14.4707,16628700,103600,269700,0,2400,0
walking,0,16.6675,16.6705,1.4787,10310,93,814434635531,2.3337,0.6486,14.3115,16647000,117600,394800,0,2000,0
walking,0,16.6711,17.0578,2.2385,10310,93,814434802236,2.6882,0.9867,14.3459,16652600,112300,302500,0,2200,0
walking,0,16.6617,16.6485,1.5268,16702,93,814434972814,2.1549,0.8835,14.4740,16643500,98700,607800,0,1500,0
walking,0,16.6681,16.6667,1.4920,10310,93,814435139299,2.3771,0.7780,14.2701,16652400,93500,556300,0,1800,0
walking,0,16.6661,16.6701,1.7900,10310,93,814435305966,2.2349,0.6564,14.4181,16644700,112200,309500,0,2000,0
walking,0,16.6672,16.6606,1.5903,10310,93,814435472667,2.0624,0.7352,14.5813,16649200,97300,360600,0,1600,0
walking,0,16.6760,16.6717,1.4551,10310,93,814435639273,2.3859,1.0162,14.2667,16658900,103100,379200,0,1600,0
walking,0,16.6665,16.6636,1.4725,16702,91,814435805990,2.1989,1.0535,14.4459,16646400,104200,678200,0,1700,0
walking,0,16.6666,16.6673,1.4817,10310,91,814435972626,2.2702,0.7936,14.3792,16649100,98000,825400,0,1700,0
walking,0,16.6710,16.6756,1.8227,10310,91,814436139299,2.1335,1.1949,14.5256,16654100,93900,459100,0,1500,0
walking,0,16.6648,16.6645,1.4950,10310,91,814436306055,2.0240,0.7406,14.6225,16651300,92900,325100,0,1300,0
walking,0,16.6681,16.6663,1.5094,10310,91,814436472700,2.4488,0.9884,14.2005,16648400,100900,438400,0,1700,0
walking,0,16.6650,16.6708,1.6108,16702,91,814436639363,2.1974,0.5645,14.4568,16646100,105400,686600,0,1700,0
walking,0,16.6670,16.6693,1.5606,20666,91,814436806071,1.9333,1.0036,14.7182,16645400,136400,301300,0,2500,0
walking,0,16.6697,16.6682,1.8145,10310,294,814436972764,2.1191,0.7896,14.5295,16648500,106300,280900,0,2400,0
walking,0,16.6635,16.6687,1.9476,10310,289,814437139446,2.3822,3.9230,14.2640,16642600,99400,270400,0,1900,0
walking,0,16.6697,16.6646,1.6353,10310,291,814437306133,2.6846,3.1707,13.9611,16653300,96400,300700,0,1700,0
walking,0,16.6652,16.6698,1.6364,16702,291,814437472779,2.4524,0.9086,14.1963,16643000,99400,835900,0,2100,0
walking,0,16.6651,16.6597,1.6159,10310,288,814437639477,2.1568,1.4855,14.4861,16648900,95900,309800,0,1900,0
walking,0,16.6681,16.6729,1.6517,10310,288,814437806074,2.0404,1.3731,14.6130,16652100,91900,244800,0,1300,0
walking,0,16.6694,16.6595,1.6486,10310,287,814437972803,2.6550,0.8356,13.9882,16654600,87100,350700,0,1500,0
walking,0,16.6679,16.6652,1.6486,10310,288,814438139398,1.9818,0.5824,14.6672,16648300,96600,275800,0,2300,0
walking,0,16.6662,16.6690,1.5974,16702,286,814438306050,1.8303,1.0147,14.8220,16643800,104200,1263100,0,1800,0
walking,0,16.6676,16.6724,1.6220,10310,286,814438472740,1.9455,0.6934,14.7092,16646500,112200,299100,0,2000,0
walking,0,16.6969,16.6695,1.6189,10310,287,814438639464,2.1021,1.0292,14.5464,16689000,100200,294900,0,1800,0
walking,0,16.6563,16.6669,1.6159,10310,287,814438806159,3.2285,1.0395,13.4154,16624800,98400,253600,0,2400,0
walking,0,16.6679,16.6653,1.6261,10310,284,814438972828,2.3054,1.1607,14.3413,16648600,94600,234000,0,2000,0
walking,0,16.6694,16.7105,1.6579,16702,288,814439139481,1.8807,0.9155,14.8084,16653400,102000,746900,0,2800,0
walking,0,16.6640,16.6428,1.6404,10310,286,814439306586,2.2108,0.8309,14.4142,16636700,113600,286700,0,3500,0
walking,0,16.6664,16.6682,1.8483,20666,287,814439473014,1.8385,0.8602,14.8105,16647700,94200,292700,0,1600,0
walking,0,16.6666,16.6749,1.6343,10310,578,814439639696,2.5133,0.8046,14.1404,16648900,125300,283300,0,2100,0
walking,0,16.6680,16.6564,2.2804,10310,583,814439806445,2.5171,9.8104,14.1198,16649600,147600,266100,0,1700,0
walking,0,16.6672,16.6654,1.9139,16702,583,814439973009,3.5590,9.9310,13.0890,16649300,105600,712300,0,2000,0
walking,0,16.6664,16.6695,1.8995,10310,581,814440139663,2.8189,0.9873,13.8302,16644400,96100,545600,0,1900,0
walking,0,16.6678,16.6670,1.9292,10310,583,814440306358,3.0446,1.7318,13.6052,16652000,90500,275900,0,1600,0
walking,0,16.6671,16.6692,1.8934,10310,580,814440473028,2.7558,1.9970,13.8937,16651100,92100,421000,0,1700,0
walking,0,16.6681,16.6613,2.3071,10310,580,814440639720,2.2130,1.0200,14.4315,16648200,107000,359900,0,1700,0
walking,0,16.6662,16.6690,1.9354,16702,580,814440806333,2.4120,1.2131,14.2400,16648000,99300,928900,0,2000,0
walking,0,16.6661,16.6702,1.8514,10310,584,814440973023,2.6111,1.1976,14.0402,16646200,104800,452000,0,1800,0
walking,0,16.6668,16.6678,1.9087,10310,583,814441139725,2.4718,2.0527,14.1766,16649700,105500,347700,0,1500,0
walking,0,16.6680,16.6659,1.9456,10310,585,814441306403,3.0888,1.2081,13.5593,16652400,93800,410300,0,1700,0
walking,0,16.6656,16.6635,2.1883,10310,585,814441473062,3.3380,1.7588,13.3083,16645300,95300,376200,0,1700,0
walking,0,16.6715,16.6667,2.0019,16702,585,814441639697,2.5660,1.7577,14.0839,16656500,95000,954000,0,2100,0
walking,0,16.6666,16.6712,1.9773,10310,583,814441806364,2.8992,1.5628,13.7534,16645800,97700,275500,0,1700,0
walking,0,16.6649,16.6624,1.9497,10310,584,814441973076,2.5397,1.8864,14.1060,16648900,95600,266500,0,1900,0
walking,0,16.6703,16.6761,1.8995,10310,585,814442139700,2.6711,1.0231,13.9855,16658800,90600,275900,0,1700,0
walking,0,16.6717,16.6629,2.3276,10310,583,814442306461,2.3699,0.9271,14.2761,16634900,308200,249900,0,1700,0
walking,0,16.6603,16.6656,1.9538,16702,577,814442473090,2.3038,1.4617,14.3453,16642900,165300,896600,0,2100,0
walking,0,16.6656,16.6809,1.9159,10310,572,814442639746,2.4960,0.9035,14.1631,16648400,98100,259100,0,1600,0
walking,0,16.6704,16.6592,1.9169,10310,572,814442806555,2.5707,1.9059,14.0644,16657300,92700,351600,0,1800,0
walking,0,16.6653,16.6613,1.8831,10310,572,814442973147,2.5951,1.0047,14.0480,16641100,131200,263500,0,1500,0
walking,0,16.6677,16.6647,2.2231,10310,569,814443139760,2.2489,1.2044,14.3998,16656500,86400,325300,0,1700,0
walking,0,16.6691,16.6758,1.9128,16702,567,814443306407,2.5288,1.4839,14.1287,16645200,123700,624900,0,1900,0
walking,0,16.6670,16.6595,1.8739,10310,567,814443473165,2.5689,0.9353,14.0722,16648100,90400,2059900,819600,2200,0
walking,0,16.6651,16.6761,1.8831,10310,566,814443639760,2.4113,1.2322,14.2454,16646300,107600,472100,0,2200,0
walking,0,16.6692,16.6645,1.8504,10310,567,814443806521,3.0621,1.2546,13.5833,16652600,108800,416000,0,3000,0
walking,0,16.6660,16.6662,2.1238,10310,567,814443973166,4.0198,1.3950,12.6284,16636000,150100,600500,0,2900,0
walking,0,16.6662,16.6663,1.8586,16702,567,814444139828,3.2772,1.9390,13.3693,16655800,104200,637200,0,1800,0
walking,0,16.6810,16.6745,2.2036,10310,565,814444306491,3.2084,1.8953,13.4443,16650800,93200,529800,0,1800,0
walking,0,16.6623,16.6608,1.8104,10310,561,814444473236,3.6188,1.1735,13.0174,16640400,86200,487100,0,1400,0
walking,0,16.6670,16.6750,1.7746,10310,561,814444639844,2.9685,1.5979,13.6875,16648900,90300,440900,0,2000,0
walking,0,16.6649,16.6729,2.1699,10310,556,814444806594,3.5972,1.1847,13.0539,16646100,86800,670700,0,2100,0
walking,0,16.6691,16.6579,2.3235,16702,546,814444973323,3.0595,1.3730,13.5811,16654300,86300,974700,0,1500,0
walking,0,16.6667,16.6672,1.7930,10310,549,814445139902,2.8582,1.1581,13.7910,16648400,88800,329800,0,1400,0
walking,0,16.6678,16.6626,1.8053,10310,544,814445306574,2.8437,1.7301,13.8025,16650300,97800,278600,0,2100,0
walking,0,16.6658,16.6716,1.8012,10310,544,814445473200,2.8858,1.1398,13.7687,16646800,89800,242500,0,1600,0
walking,0,16.6680,16.6674,2.1637,10310,542,814445639916,2.4629,0.9587,14.1857,16652000,95700,433200,0,1800,0
walking,0,16.6694,16.6681,1.8237,16702,540,814445806590,2.7735,0.9343,13.8770,16653100,94600,1124600,0,1700,0
walking,0,16.6631,16.6640,1.8985,10310,543,814445973271,2.8280,1.0999,13.8190,16636600,97900,274900,0,1900,0
walking,0,16.6681,16.6701,1.9057,10310,543,814446139911,2.6884,1.7505,13.9639,16652100,85500,490900,0,1800,0
walking,0,16.6668,16.6739,1.9016,10310,543,814446306612,3.6126,1.2109,13.0407,16649500,91800,242900,0,1700,0
walking,0,16.6676,16.6576,2.1729,10310,539,814446473351,2.9466,1.5267,13.6902,16647500,98800,326600,0,1600,0
walking,0,16.6662,16.6693,1.8493,16702,537,814446639927,2.8359,0.8714,13.8164,16645300,99700,665000,0,1700,0
walking,0,16.7174,16.6680,1.9476,10310,533,814446806620,2.7613,1.0072,13.8884,16709200,91600,317600,0,1500,0
walking,0,16.6620,16.6665,1.9425,10310,535,814446973300,2.6418,1.2365,14.0058,16626300,106000,235400,0,1500,0
walking,0,16.6663,16.6639,1.8913,10310,534,814447139965,2.9732,1.5959,13.6723,16645600,106700,257600,0,2000,0
walking,0,16.6671,16.7326,2.1893,10310,535,814447306604,2.3699,0.8824,14.3397,16650100,105900,260100,0,1800,0
walking,0,16.6686,16.6519,1.9579,16702,535,814447473930,2.4050,1.1844,14.2216,16648600,98900,1031300,0,1900,0
walking,0,16.6657,16.6644,1.9620,10310,531,814447640449,3.2769,0.9926,13.3690,16647600,105400,235300,0,1900,0
walking,0,16.6681,16.6678,1.8586,10310,535,814447807093,2.6536,1.2777,13.9966,16649300,94300,307000,0,3100,0
walking,0,16.6653,16.6675,1.9077,10310,535,814447973771,3.2648,0.8818,13.3842,16644600,95100,283900,0,1600,0
walking,0,16.6667,16.6660,2.2774,10310,535,814448140446,2.1955,0.9328,14.4524,16652000,87700,650900,0,1600,0
walking,0,16.6676,16.6677,2.0091,16702,502,814448307106,2.4637,1.5387,14.1857,16650600,91500,735500,0,1500,0
walking,0,16.6668,16.6614,1.8934,10310,503,814448473783,2.3807,1.1444,14.2639,16644700,95400,289600,0,1300,0
walking,0,16.6656,16.6697,1.9046,10310,503,814448640397,2.8384,1.4139,13.8138,16645600,92500,279800,0,1600,0
walking,0,16.6683,16.6692,1.9907,10310,503,814448807094,3.4568,1.3834,13.1939,16654100,84500,261700,0,1400,0
walking,0,16.6668,16.6652,2.3091,10310,503,814448973786,3.0002,1.3996,13.6447,16650000,87000,269400,0,1500,0
walking,0,16.6715,16.6623,1.9384,16702,503,814449140438,2.3792,0.9680,14.2665,16656600,84500,791400,0,2700,0
walking,0,16.6627,16.6700,1.9026,10310,503,814449307061,2.6932,1.3477,13.9610,16641500,97700,277200,0,1800,0
walking,0,16.6675,16.6662,2.0183,10310,499,814449473761,2.6396,1.7319,14.0107,16651600,92900,293800,0,1500,0
walking,0,16.6680,16.6744,2.0132,10310,503,814449640423,2.8689,1.0065,13.7880,16650100,94500,273400,0,1500,0
walking,0,16.6648,16.6612,2.2354,10310,503,814449807167,2.9224,0.9989,13.7192,16648200,94900,332200,0,1700,0
walking,0,16.6688,16.6681,1.9087,16702,503,814449973779,2.6954,1.4641,13.9564,16651600,88900,765600,0,1500,0
walking,0,16.6659,16.6664,1.9958,10310,502,814450140460,2.9170,1.4222,13.7334,16649300,85300,564500,0,1800,0
walking,0,16.6672,16.6649,2.0347,10310,498,814450307124,2.7611,1.3501,13.8873,16649900,92100,249600,0,2200,0
walking,0,16.6682,16.6689,1.8698,10310,498,814450473773,3.3391,1.0857,13.3127,16650200,89300,332400,0,1700,0
walking,0,16.7122,16.6667,2.2262,10310,498,814450640462,3.0082,2.0140,13.6414,16711200,92600,713000,0,1400,0
walking,0,16.6586,16.6673,2.0029,16626,492,814450807129,2.6754,1.2071,13.9747,16627500,79000,613200,0,1500,0
walking,0,16.6647,16.6670,2.0439,10234,498,814450973802,2.8233,1.1550,13.8271,16643700,83700,358200,0,1900,0
walking,0,16.6833,16.7289,2.1903,10234,498,814451140472,2.9427,1.0663,13.7687,16675900,81700,324800,0,1700,0
walking,0,16.6576,16.6470,1.9005,10234,498,814451307761,2.5884,1.0560,14.0392,16552900,81500,308200,0,1600,0
walking,0,16.6653,16.6611,2.2958,10234,483,814451474231,2.3974,1.4472,14.2465,16647200,87000,380600,0,1600,0
walking,0,16.6681,16.7695,2.0531,16626,490,814451640842,2.6725,1.0387,14.0035,16652400,85100,627900,0,1400,0
walking,0,16.6664,16.5704,1.9292,10234,491,814451808537,2.4247,1.7146,14.1284,16648900,84300,265500,0,1400,0
walking,0,16.6672,16.6641,1.9794,10234,491,814451974241,2.5101,1.6321,14.1373,16651700,80200,313600,0,1700,0
walking,0,16.6728,16.6698,2.0060,10234,491,814452140882,2.4159,1.4900,14.2366,16657200,81700,694400,0,1600,0
walking,0,16.6740,16.6651,2.2671,10234,490,814452307580,2.2431,1.6684,14.4060,16656500,96000,301600,0,1700,0
walking,0,16.6620,16.6682,1.9374,16626,491,814452474231,2.2967,1.3606,14.3551,16639500,93800,744900,0,1800,0
walking,0,16.6645,16.6758,2.1924,10234,491,814452640913,3.2905,1.5487,13.3669,16641900,104800,791600,0,2500,0
walking,0,16.6667,16.6757,1.9845,10234,468,814452807671,2.7205,1.8138,13.9362,16639500,94000,324400,0,1800,0
walking,0,16.6688,16.6622,2.0285,10234,473,814452974428,3.2230,1.3807,13.4168,16652600,83700,394000,0,1600,0
walking,0,16.6666,16.6700,2.2077,10234,473,814453141050,3.3468,1.6111,13.2952,16647100,95700,248600,0,2100,0
walking,0,16.6662,16.6577,1.9200,16626,470,814453307750,2.4458,1.6180,14.1938,16647600,92400,829700,0,1800,0
walking,0,16.6653,16.6721,1.9487,10234,473,814453474327,2.6335,0.9148,14.0193,16641500,105500,313300,0,1800,0
walking,0,16.6713,16.6657,1.8995,10234,348,814453641048,2.3982,1.7256,14.2491,16656100,86000,258000,0,1400,0
walking,0,16.6686,16.6678,2.2303,10234,348,814453807705,2.9229,1.0957,13.7250,16668000,90800,605700,0,1400,0
walking,0,16.6639,16.6593,2.4740,10234,343,814453974383,3.0033,0.9170,13.6384,16624400,93500,258100,0,1500,0
walking,0,16.7372,16.6750,2.3112,16626,339,814454140976,2.2464,1.1797,14.4098,16723900,82100,741800,0,1400,0
walking,0,16.5976,16.6870,2.2794,10234,335,814454307726,2.8778,1.0900,13.7904,16586600,95000,256100,0,1900,0
walking,0,16.7096,16.6417,2.2415,20074,335,814454474596,2.3022,1.2493,14.3223,16691900,88700,280900,0,1600,0
walking,0,16.6539,16.7409,2.0613,10234,310,814454641013,3.1006,0.9021,13.6236,16623000,92700,262400,0,1900,0
walking,0,16.6683,16.6053,2.3921,10234,310,814454808422,2.6873,1.3570,13.8995,16653200,86200,392200,0,1500,0
walking,0,16.6689,16.7110,2.2129,16626,309,814454974475,2.5859,1.0744,14.1062,16652700,80500,1255200,0,1500,0
walking,0,16.6654,16.6396,2.5487,10234,310,814455141585,2.5561,1.2100,14.0671,16649500,85500,404300,0,1400,0
walking,0,16.6709,16.6690,2.1996,10234,310,814455307981,2.4302,1.2383,14.2231,16657800,80400,497900,0,1500,0
walking,0,16.6638,16.6696,2.2252,10234,307,814455474671,2.8991,1.2632,13.7536,16644300,98500,280000,0,1900,0
walking,0,16.6678,16.6666,2.3859,10234,307,814455641367,3.2866,1.4099,13.3630,16649600,95400,274200,0,1900,0
walking,0,16.6683,16.6742,2.1740,16626,306,814455808033,2.9536,0.8636,13.7043,16650300,99700,1275900,0,2200,0
walking,0,16.6662,16.6631,2.1658,10234,307,814455974775,2.7575,0.9198,13.8871,16645900,96100,277700,0,1900,0
walking,0,16.6678,16.6687,2.1750,20590,300,814456141406,2.4997,1.3695,14.1502,16644100,85600,252300,0,1900,0
walking,0,16.9433,16.6723,2.1555,10234,238,814456308093,3.5534,0.8816,13.0971,16921200,87400,270200,0,2000,0
walking,0,16.6581,16.6660,2.0306,10234,234,814456474816,2.7564,1.5155,13.8897,16640300,83800,280400,0,1600,0
walking,0,16.6682,16.6645,1.5647,16626,233,814456641476,2.7396,0.8452,13.9048,16649400,80800,599000,0,1400,0
walking,0,16.6673,16.9392,1.5770,10234,230,814456808121,2.5800,1.0141,14.3414,16648900,84800,279100,0,1900,0
walking,0,16.6657,16.6574,1.5677,10234,228,814456977513,2.4349,1.0814,14.2055,16646400,89700,435700,0,1600,0
walking,0,16.6671,16.6710,1.5165,10234,225,814457144087,2.6987,0.8834,13.9509,16648500,85800,299500,0,1900,0
walking,0,16.6658,16.6674,1.8719,10234,225,814457310797,2.6610,1.0160,13.9881,16646900,82200,335400,0,1500,0
walking,0,16.6711,16.6649,1.5626,16626,225,814457477471,2.8482,0.9625,13.7984,16655600,75900,623000,0,1400,0
walking,0,16.6652,16.6665,1.5964,10234,218,814457644120,2.8813,1.2909,13.7674,16652500,81000,295600,0,1900,0
walking,0,16.6694,16.6630,1.5360,10234,219,814457810785,2.2030,0.8627,14.4442,16649300,91500,379000,0,1800,0
walking,0,16.6656,16.6719,1.5104,10234,216,814457977415,2.1378,1.1694,14.5180,16646000,88000,272300,0,1600,0
walking,0,16.6673,16.6699,1.8903,10234,216,814458144134,1.7023,0.7282,14.9504,16647700,107000,352300,0,2200,0
walking,0,16.6663,16.6698,1.5657,16626,213,814458310833,2.2161,0.8591,14.4334,16646600,97400,912700,0,2000,0
walking,0,16.6658,16.6656,1.5124,10234,213,814458477531,2.5962,0.9177,14.0499,16647600,81900,284700,0,1400,0
walking,0,16.6671,16.6654,1.4776,10234,209,814458644187,2.3541,1.1132,14.2938,16650200,80800,461200,0,1800,0
walking,0,16.6665,16.6655,1.5186,10234,209,814458810841,2.7041,0.7710,13.9426,16651000,77000,267700,0,1800,0
walking,0,16.6708,16.6646,1.7951,10234,208,814458977496,2.2752,1.1803,14.3725,16654400,87800,292700,0,1300,0
walking,0,16.6672,16.6656,1.4899,16626,209,814459144142,2.5323,0.8419,14.1181,16650100,91700,601100,0,2800,0
walking,0,16.6631,16.6686,1.4807,20074,209,814459310798,2.2812,1.1655,14.3700,16636700,126000,252000,0,1800,0
walking,0,16.6676,16.6729,1.4889,10234,173,814459477484,2.1646,1.1747,14.4900,16651500,73900,266300,0,1500,0
walking,0,16.6664,16.6723,1.4858,10234,173,814459644213,2.7778,0.6503,13.8727,16650800,82600,300600,0,1500,0
walking,0,16.6678,16.6536,1.4285,10234,173,814459810936,2.4446,0.7651,14.1923,16651100,79800,603100,0,1600,0
walking,0,16.7553,16.6685,1.4909,16626,173,814459977472,1.9800,1.0660,14.6716,16735400,97200,1020300,0,1500,0
walking,0,16.6659,16.6672,1.4612,10234,171,814460144157,1.8348,0.8643,14.8162,16650100,80500,415300,0,1800,0
walking,0,16.6675,16.6707,1.4612,10234,141,814460310829,2.4540,1.0172,14.1973,16652600,86400,287800,0,1800,0
walking,0,16.6715,16.7517,1.4367,10234,141,814460477536,3.0877,0.7887,13.6479,16652900,95300,265000,0,2300,0
walking,0,16.6646,16.6669,1.7797,10234,139,814460645053,2.2848,1.0473,14.3655,16629500,91300,240800,0,1800,0
walking,0,16.6671,16.6777,1.4428,16626,137,814460811722,1.9660,0.6902,14.6867,16647400,96100,816800,0,1700,0
walking,0,16.6659,16.6806,1.4602,10234,139,814460978499,2.5766,0.6463,14.0765,16641600,100600,328800,0,2600,0
walking,0,16.6670,16.6504,1.4316,10234,139,814461145305,1.8950,0.8023,14.7348,16646400,101900,296300,0,1700,0
walking,0,16.6657,16.6689,1.4531,10234,139,814461311809,2.5057,0.7901,14.1420,16648600,90300,307000,0,1800,0
walking,0,16.6685,16.6614,1.7510,10234,141,814461478498,2.4054,0.7658,14.2365,16652000,79600,356000,0,1800,0
walking,0,16.6656,16.6636,1.4551,16626,138,814461645112,2.4882,0.8197,14.1583,16644500,90700,662000,0,3500,0
walking,0,16.6674,16.6668,1.4479,10234,138,814461811748,2.1417,1.2832,14.5070,16651700,77600,268900,0,1600,0
walking,0,16.6665,16.6703,1.8043,10234,138,814461978416,2.0714,0.8294,14.5809,16648900,95600,291500,0,1700,0
walking,0,16.6725,16.6640,1.4203,10234,131,814462145119,2.1393,0.7107,14.5054,16659600,87100,261300,0,1700,0
walking,0,16.6609,16.6675,1.7930,10234,129,814462311759,1.7485,1.0565,14.9034,16625200,78900,234800,0,1200,0
walking,0,16.6684,16.6683,1.4193,16626,129,814462478434,1.8330,0.8745,14.8160,16655400,72600,715000,0,1300,0
walking,0,16.6649,16.6861,1.4408,10234,129,814462645117,2.0088,0.5667,14.6510,16644200,90000,289900,0,2000,0
walking,0,16.6774,16.6417,1.7295,10234,127,814462811978,1.7888,0.7930,14.8366,16673600,73800,340100,0,1500,0
walking,0,16.6571,16.6726,1.4275,10234,122,814462978395,2.1310,0.6948,14.5247,16616500,87500,266400,0,2200,0
walking,0,16.6679,16.6616,1.7541,10234,122,814463145121,2.0280,1.0525,14.6164,16653100,81300,323000,0,2000,0
walking,0,16.6755,16.7012,1.4367,16626,122,814463311737,2.2761,0.7666,14.3980,16672000,80900,845900,0,2100,0
walking,0,16.6608,16.6331,1.4264,10234,122,814463478749,2.5020,0.8653,14.1147,16613100,87000,2356700,919000,1700,0
walking,0,16.6682,16.6694,1.4111,10234,122,814463645080,2.3252,1.0767,14.3280,16650000,137600,265600,0,2500,0
walking,0,16.6641,16.7059,1.3926,10234,122,814463811774,2.7973,0.7452,13.8749,16642600,97600,262300,0,1900,0
walking,0,16.6651,16.6340,1.7705,20666,122,814463978833,3.5367,0.8478,13.0766,16644500,90900,251600,0,2000,0
walking,0,16.6683,16.6684,1.4203,16702,103,814464145173,2.1775,0.7401,14.4727,16650400,82500,830300,0,1700,0
walking,0,16.6676,16.6609,1.4674,10310,103,814464311857,2.4548,1.4158,14.1881,16652400,81100,245700,0,1600,0
walking,0,16.6673,16.6662,1.4868,10310,100,814464478466,2.3594,0.8381,14.2851,16652000,86800,254800,0,1600,0
walking,0,16.6667,16.6658,1.5350,10310,101,814464645128,2.3413,0.5496,14.3091,16647200,93100,328000,0,1800,0
walking,0,16.6656,16.6699,1.5227,10310,99,814464811786,1.8364,0.6444,14.8161,16647400,86000,277600,0,1500,0
walking,0,16.6681,16.6692,1.7521,16702,99,814464978485,1.9138,0.6361,14.7384,16651000,92900,1163700,0,1700,0
walking,0,16.6682,16.6644,1.5288,10310,99,814465145177,2.0745,0.6642,14.5728,16650800,90700,314300,0,1700,0
walking,0,16.6742,16.6652,1.5053,10310,99,814465311821,2.1056,1.0224,14.5421,16663300,89600,277000,0,3000,0
walking,0,16.6586,16.6688,1.5606,10310,99,814465478473,3.0091,1.0189,13.6421,16624400,127100,240600,0,2000,0
walking,0,16.6662,16.6690,1.7582,10310,99,814465645161,1.8678,0.6787,14.7831,16648300,97800,280600,0,2300,0
walking,0,16.6685,16.6886,1.5544,16702,99,814465811851,2.4610,0.5869,14.2028,16652100,87000,1478100,0,1600,0
walking,0,16.6663,16.6436,1.5462,10310,99,814465978737,2.1500,0.6875,14.4746,16649200,87400,712900,0,1700,0
walking,0,16.6677,16.6652,1.4879,10310,99,814466145173,1.9096,1.0610,14.7390,16651800,105600,242900,0,1500,0
walking,0,16.6666,16.6682,1.5299,10310,99,814466311825,2.8892,0.8893,13.7630,16646200,84400,254400,0,2100,0
walking,0,16.6662,16.6652,1.8698,10310,99,814466478507,2.7002,0.6929,13.9491,16650000,91000,285400,0,1900,0
walking,0,16.6747,16.6713,1.5206,16702,98,814466645159,1.9846,0.5933,14.6673,16657200,91500,1189000,0,1800,0
walking,0,16.6624,16.6639,1.5616,10310,97,814466811872,1.9740,0.6558,14.6722,16642300,89000,277300,0,1700,0
walking,0,16.6655,16.6674,1.5626,10310,98,814466978511,2.5247,1.0281,14.1253,16649800,82900,296500,0,1600,0
walking,0,16.6672,16.6757,1.5596,10310,99,814467145185,2.7561,0.6901,13.9013,16648600,91800,277100,0,1600,0
walking,0,16.6665,16.6600,1.8473,10310,99,814467311942,2.0486,1.0431,14.5939,16650400,85500,241300,0,1800,0
walking,0,16.7236,16.6666,1.5555,16702,99,814467478542,1.7732,0.6716,14.8767,16722600,88800,725900,0,1600,0
walking,0,16.6582,16.6653,1.5421,10310,99,814467645208,2.0983,0.5350,14.5505,16614200,212400,406500,0,1900,0
walking,0,16.6756,16.6663,2.0572,10310,93,814467811861,1.7304,1.0944,14.9201,16660800,94200,299100,0,1500,0
walking,0,16.6576,16.7523,1.5493,10310,93,814467978524,2.0864,0.8186,14.6364,16632800,108700,448100,0,2900,0
walking,0,16.7043,16.6334,1.8801,10310,93,814468146047,2.0334,0.9449,14.5810,16688700,130900,280700,0,2000,0
walking,0,16.6695,16.6814,1.5524,28854,93,814468312381,1.9347,0.9867,14.7263,16664300,136500,927200,0,1300,0
walking,0,16.6628,16.6498,1.5565,10310,93,814468479195,2.5271,0.6328,14.1058,16618600,103500,502500,0,1900,0
walking,0,16.6762,16.7068,1.8166,10310,93,814468645693,2.0508,0.9198,14.6381,16665400,101300,287400,0,1900,0
walking,0,16.6595,16.6905,1.5698,10310,93,814468812761,2.3693,1.0031,14.2953,16637700,100200,305100,0,1600,0
walking,0,16.6665,16.6387,1.4397,10310,93,814468979666,2.5085,0.5906,14.1103,16648400,97700,304200,0,1700,0
walking,0,16.6662,16.6817,1.5677,16702,91,814469146053,1.7267,0.9577,14.9388,16648800,98200,1745700,0,1600,0
walking,0,16.6673,16.6560,1.6118,10310,91,814469312870,1.9778,0.6649,14.6602,16650200,100100,253400,0,1500,0
walking,0,16.6675,16.6660,1.5923,10310,91,814469479430,2.5092,1.0099,14.1394,16650900,139500,270100,0,1600,0
walking,0,16.6668,16.6659,1.5688,10310,91,814469646090,2.9718,0.6338,13.6771,16651400,93200,601800,0,2000,0
walking,0,16.6691,16.6656,1.5800,10310,91,814469812749,2.1228,0.6663,14.5276,16656200,116100,302000,0,1600,0
walking,0,16.6673,16.6668,1.5811,16702,91,814469979405,1.9717,1.0136,14.6793,16647800,107500,898400,0,1700,0
walking,0,16.6627,16.6686,1.5217,20666,91,814470146073,2.4802,0.7195,14.1714,16636900,96900,349100,0,2400,0
walking,0,16.6683,16.6734,1.5903,10310,293,814470312759,1.8740,0.8930,14.7824,16654500,82900,247200,0,1500,0
walking,0,16.6663,16.6679,1.9272,10310,288,814470479493,2.4900,3.7225,14.1579,16651700,94700,303900,0,1700,0
walking,0,16.6699,16.6542,2.0767,10310,291,814470646172,2.8993,2.4969,13.7376,16655200,85600,308800,0,1400,0
walking,0,16.6668,16.6690,1.5616,16702,291,814470812714,1.5863,0.6985,15.0684,16649600,95400,884900,0,1700,0
walking,0,16.6672,16.6665,1.5380,10310,288,814470979404,2.0161,0.8284,14.6356,16651000,132700,285500,0,1900,0
walking,0,16.6671,16.6724,1.5596,10310,287,814471146069,1.8926,1.4833,14.7627,16646500,133200,395200,0,1300,0
walking,0,16.6674,16.6683,1.9866,10310,286,814471312793,2.5073,0.9782,14.1424,16649200,110000,349200,0,3100,0
walking,0,16.6655,16.6705,1.9016,10310,288,814471479476,2.1950,0.8323,14.4562,16644900,100700,360900,0,1600,0
walking,0,16.6676,16.6640,1.5647,16702,287,814471646181,2.2033,1.0702,14.4434,16652200,89800,981000,0,2000,0
walking,0,16.6675,16.6681,1.5104,10310,287,814471812821,2.4008,1.2421,14.2485,16652400,103200,303400,0,1500,0
walking,0,16.6659,16.6610,1.5432,10310,287,814471979502,1.9999,0.9233,14.6452,16645900,90700,293500,0,1600,0
walking,0,16.6675,16.6682,1.5534,10310,286,814472146112,2.1274,1.1543,14.5251,16652200,92900,315900,0,1700,0
walking,0,16.6652,16.6705,1.5729,10310,287,814472312794,2.0560,0.8310,14.5964,16646500,91200,254400,0,1400,0
walking,0,16.6701,16.6625,1.8790,16702,288,814472479499,2.0940,1.1323,14.5521,16655900,96200,615800,0,1900,0
walking,0,16.6639,16.6693,1.5575,10310,286,814472646124,1.9401,0.9718,14.7122,16648500,84900,294600,0,1500,0
walking,0,16.6679,16.6628,1.5647,21210,287,814472812817,1.8323,1.5557,14.8143,16648700,85100,238800,0,1500,0
walking,0,16.6789,16.6726,1.9958,10310,580,814472979445,2.0448,1.1086,14.6113,16677300,91800,270700,0,1300,0
walking,0,16.6567,16.6662,2.1463,10310,580,814473146171,1.6217,8.0848,15.0269,16615400,97300,273300,0,2100,0
walking,0,16.6672,16.6649,1.7920,16702,577,814473312833,2.4449,8.8783,14.2040,16648300,94100,628100,0,1900,0
walking,0,16.6670,16.7034,1.7715,10310,583,814473479482,2.3018,1.2422,14.3758,16651200,89600,263000,0,1700,0
walking,0,16.6659,16.6344,1.8156,10310,582,814473646516,2.7663,1.8584,13.8492,16646800,96100,252200,0,2400,0
walking,0,16.6671,16.6652,1.8821,10310,580,814473812860,2.5726,1.0849,14.0759,16652800,95000,501100,0,1500,0
walking,0,16.6698,16.6677,2.1944,10310,583,814473979512,2.5186,0.9150,14.1328,16654200,99800,345900,0,2200,0
walking,0,16.6721,16.6654,1.8360,16702,584,814474146189,2.4698,1.4524,14.1772,16658100,86400,972700,0,1700,0
walking,0,16.6612,16.6694,2.1402,10310,585,814474312843,2.9847,1.2154,13.6682,16784400,97200,260000,0,1600,0
walking,0,16.6630,16.6740,1.8534,10310,585,814474479537,2.5499,1.3825,14.1045,16483900,97800,299500,0,2300,0
walking,0,16.6690,16.6853,1.7992,10310,585,814474646277,3.1303,0.9945,13.5280,16658100,93000,261600,0,1200,0
walking,0,16.6662,16.8031,1.8545,10310,571,814474813130,3.1658,1.2563,13.6188,16642700,93900,325600,0,1700,0
walking,0,16.6675,16.5004,1.9118,16702,584,814474981161,2.6533,0.9708,13.8309,16650700,89400,1106200,0,1500,0
walking,0,16.6679,16.6748,2.2436,10310,584,814475146165,2.7511,1.6738,13.9072,16653400,92100,322100,0,1600,0
walking,0,16.6712,16.6600,1.8862,10310,585,814475312913,2.7102,1.4237,13.9326,16653100,109900,248800,0,1700,0
walking,0,16.6605,16.6664,1.8801,10310,584,814475479513,3.2703,1.5396,13.3806,16640900,112200,237800,0,2500,0
walking,0,16.6795,16.6704,2.2323,10310,583,814475646177,2.4267,0.8672,14.2269,16669100,95700,238600,0,1500,0
walking,0,16.6580,16.6718,1.8627,16702,576,814475812881,2.5034,0.8708,14.1501,16639800,87200,806000,0,1600,0
walking,0,16.6665,16.6574,2.2487,10310,572,814475979599,2.8972,0.9315,13.7439,16646500,104200,420400,0,1900,0
walking,0,16.6687,16.6847,1.9077,10310,573,814476146173,2.2893,1.1789,14.3800,16651700,90700,278300,0,1600,0
walking,0,16.6650,16.6574,1.9139,10310,572,814476313020,3.1879,1.4116,13.4521,16647500,93300,343300,0,1800,0
walking,0,16.8021,16.6637,2.2303,10310,567,814476479594,3.1243,1.0542,13.5224,16791300,91200,259300,0,1600,0
walking,0,16.6605,16.6697,1.8831,16702,567,814476646231,3.0483,1.1707,13.6037,16637800,92600,748100,0,1800,0
walking,0,16.6649,16.6640,2.2108,10310,564,814476812928,2.9346,1.0244,13.7130,16645200,85900,323100,0,1700,0
walking,0,16.6679,16.8087,1.8913,10310,567,814476979568,2.6729,1.3291,14.1184,16651400,89400,334900,0,1600,0
walking,0,16.6667,16.6553,1.8729,10310,567,814477147655,2.7473,1.2128,13.8907,16649000,93500,248000,0,1700,0
walking,0,16.6662,16.6646,2.1043,10310,566,814477314208,2.6589,1.4526,13.9865,16648600,87800,286200,0,1900,0
walking,0,16.6670,16.6685,1.9016,16702,567,814477480854,2.7805,0.8787,13.8710,16650600,85800,969400,0,1300,0
walking,0,16.8142,16.6653,2.2241,10310,565,814477647539,2.5868,1.5208,14.0624,16800100,89500,225500,0,1300,0
walking,0,16.6652,16.6646,1.8022,10310,560,814477814192,2.5171,1.1078,14.1316,16648700,94000,247800,0,1400,0
walking,0,16.6729,16.6670,1.8012,10310,554,814477980838,3.0825,1.1908,13.5682,16657700,88400,245800,0,2100,0
walking,0,16.6894,16.8163,1.8483,10310,556,814478147508,2.7647,0.9034,14.0355,16683000,85900,234200,0,1700,0
walking,0,16.6624,16.6649,1.9282,16702,549,814478315671,2.4887,0.9665,14.1603,16618200,93900,558300,0,1600,0
walking,0,16.6685,16.6742,2.1268,10310,548,814478482320,2.5192,0.9813,14.1387,16657400,96000,334600,0,1900,0
walking,0,16.7287,16.7120,1.9026,10310,544,814478649062,2.3882,1.1725,14.2951,16709400,98800,312000,0,1900,0
walking,0,16.6655,16.6395,1.9139,10310,544,814478816182,2.8449,0.9843,13.7735,16637200,98400,269500,0,1700,0
walking,0,16.6735,16.6748,1.9128,10310,544,814478982577,2.8221,1.5081,13.8354,16661300,92500,591700,0,1800,0
walking,0,16.6635,16.7312,1.9241,16702,544,814479149325,2.6663,1.1085,14.0434,16619900,115000,1118600,0,1700,0
walking,0,16.6649,16.6602,1.9200,10310,541,814479316637,2.6872,1.2270,13.9504,16644200,139900,332800,0,3300,0
walking,0,16.6669,16.6964,2.4658,10310,543,814479483239,2.8978,1.2870,13.7637,16650500,98400,480300,0,2100,0
walking,0,16.6666,16.6407,2.9297,10310,542,814479650203,3.5532,1.6873,13.0668,16644600,107800,324400,0,2100,0
walking,0,16.6680,16.6623,2.1996,10310,541,814479816610,2.7157,1.8247,13.9288,16652000,94400,294400,0,1600,0
walking,0,16.6703,16.6681,2.2743,16702,535,814479983233,2.7340,1.6322,13.9167,16656500,91400,755300,0,2100,0
walking,0,16.6656,16.6624,2.2620,10310,533,814480149914,2.3081,1.1741,14.3366,16640600,95500,267900,0,1900,0
walking,0,16.6908,16.6697,2.3747,10310,535,814480316538,2.2484,1.8196,14.4038,16683100,90900,255300,0,1500,0
walking,0,16.6548,16.6777,2.6184,10310,534,814480483235,2.8283,1.0496,13.8283,16624200,100300,325800,0,1600,0
walking,0,16.6676,16.6606,2.5324,10310,534,814480650012,2.6877,0.8946,13.9531,16648800,89000,303000,0,1900,0
walking,0,16.6723,16.7014,2.3071,16702,533,814480816618,2.1113,1.5862,14.5720,16659800,84500,529600,0,1500,0
walking,0,16.6854,16.6423,1.9968,10310,534,814480983632,2.2951,1.0062,14.3294,16653100,142800,347300,0,1900,0
walking,0,16.6696,16.6665,1.9538,10310,532,814481150055,2.1658,1.1007,14.4832,16652700,94400,265100,0,2600,0
walking,0,16.6648,16.6832,1.9436,10310,534,814481316720,2.4245,1.2074,14.2356,16645300,95200,305800,0,1600,0
walking,0,16.6642,16.6756,2.2845,10310,535,814481483552,2.8479,1.0338,13.8055,16646800,98100,317800,0,2000,0
walking,0,16.6682,16.6714,2.0869,16702,503,814481650308,2.6808,1.4894,13.9720,16654700,101900,573800,0,1900,0
walking,0,16.6770,16.6620,2.2528,10310,502,814481817022,2.4924,1.4345,14.1530,16660200,82500,303900,0,1400,0
walking,0,16.6582,16.6621,1.9999,10310,503,814481983642,2.6783,1.1463,13.9686,16639700,152500,364400,0,1600,0
walking,0,16.6731,16.6709,2.0910,10310,503,814482150263,2.5550,1.1918,14.1000,16663100,102300,748900,0,1800,0
walking,0,16.9159,16.6790,2.3020,10310,502,814482316972,2.5225,0.9533,14.1379,16879600,95600,257300,0,1800,0
walking,0,16.6683,16.6585,2.0070,16702,502,814482483762,2.7876,1.4751,13.8524,16647700,103800,711400,0,1500,0
walking,0,16.6621,16.6887,2.3306,10310,498,814482650347,3.4776,0.9936,13.1860,16637800,113200,484200,0,2000,0
walking,0,16.6683,16.9037,2.0716,10310,503,814482817234,2.6421,1.1765,14.2377,16652300,93300,367100,0,1700,0
walking,0,16.9071,16.6672,2.3941,10310,501,814482986271,3.1695,1.4492,13.4784,16888600,99700,603500,0,2000,0
walking,0,16.6678,16.6563,2.2149,10310,503,814483152943,2.9546,1.0645,13.6833,16650800,99300,274500,0,1800,0
walking,0,16.6663,16.6704,2.2426,16702,501,814483319506,2.6747,1.9159,13.9778,16646300,100900,2228100,990900,2100,0
walking,0,16.6674,16.9058,2.3173,10310,503,814483486210,4.3275,1.1239,12.5613,16651800,94400,264100,0,1700,0
walking,0,16.6681,16.6696,1.9978,10310,497,814483655268,2.8514,1.8358,13.7997,16654400,94400,407800,0,2100,0
walking,0,16.6644,16.6639,1.9436,10310,497,814483821964,3.7841,0.9248,12.8624,16640400,102700,458900,0,2500,0
walking,0,16.6666,16.6679,1.9384,10310,496,814483988603,2.3405,1.7830,14.3114,16647000,98900,449800,0,1600,0
walking,0,16.6718,16.6760,1.9364,16626,498,814484155282,2.4341,1.3848,14.2205,16656900,83900,709700,0,1800,0
walking,0,16.7814,16.6589,2.2467,10234,496,814484322042,3.0954,1.5524,13.5453,16755700,101700,310400,0,2000,0
walking,0,16.6591,16.6658,1.9907,10234,498,814484488631,2.9609,1.8476,13.6862,16636200,93100,314200,0,1700,0
walking,0,16.6652,16.6791,2.2026,10234,500,814484655289,3.4067,1.0711,13.2505,16644000,91400,274100,0,1700,0
walking,0,16.6674,16.7753,1.9712,10234,491,814484822080,3.0432,1.1769,13.7127,16657500,86700,284700,0,1700,0
walking,0,16.6680,16.6592,1.9313,16626,491,814484989833,3.0699,1.1749,13.5665,16638600,89400,654000,0,1800,0
walking,0,16.6663,16.6651,2.2016,10234,490,814485156425,2.6838,1.0667,13.9604,16642500,95200,286700,0,1600,0
walking,0,16.6689,16.6789,1.8831,10234,488,814485323076,2.9155,1.4379,13.7422,16655700,85200,697300,0,1800,0
walking,0,16.6661,16.6583,2.2702,10234,491,814485489865,3.1858,1.1976,13.4529,16633200,89000,302400,0,1700,0
walking,0,16.6668,16.6624,1.9732,10234,491,814485656448,3.2097,1.3139,13.4329,16643200,93000,261200,0,2100,0
walking,0,16.6672,16.6745,2.6122,16626,491,814485823072,3.3973,1.1568,13.2586,16650700,78400,561400,0,1800,0
walking,0,16.6646,16.6658,2.1565,10234,481,814485989817,2.9897,1.0439,13.6435,16642200,95800,365600,0,2000,0
walking,0,16.7229,16.6607,1.9067,10234,472,814486156475,2.4159,1.5336,14.2276,16705300,86900,522500,0,1700,0
walking,0,16.6666,16.6732,2.2077,10234,466,814486323082,3.0650,1.0531,13.5859,16644600,92200,324000,0,1900,0
walking,0,16.6683,16.6615,1.8524,10234,472,814486489814,2.8658,1.3164,13.7765,16647900,94000,410300,0,2100,0
walking,0,16.6625,16.7273,1.8309,16626,473,814486656429,3.3787,1.2550,13.3268,16636800,98300,755900,0,3700,0
walking,0,16.6698,16.6637,2.2241,10234,473,814486823702,3.1196,1.3083,13.5252,16653300,88000,292100,0,1800,0
walking,0,16.6639,16.6691,1.8637,10234,348,814486990339,3.3044,1.4480,13.3436,16643100,97200,502400,0,2100,0
walking,0,16.6687,16.6590,2.0552,10234,343,814487157030,3.6649,1.0518,12.9722,16649600,94300,886900,0,1900,0
walking,0,16.6663,16.6741,2.0664,10234,342,814487323620,2.9258,1.2877,13.7278,16648500,88300,492200,0,1800,0
walking,0,16.6691,16.6604,2.1176,16626,338,814487490361,2.9627,1.2326,13.6807,16653000,87400,622200,0,2000,0
walking,0,16.6653,16.6664,2.4648,10234,335,814487656965,3.3187,1.8232,13.3311,16643300,101000,372700,0,2000,0
walking,0,16.6678,16.6661,2.0716,20074,335,814487823629,2.7382,1.3494,13.9105,16648800,82500,564900,0,1600,0
walking,0,16.6659,16.6722,2.0234,10234,310,814487990290,2.9508,0.9752,13.7024,16648900,81800,543400,0,1700,0
walking,0,16.6666,16.6623,2.0316,10234,310,814488157012,2.5456,1.2817,14.0979,16645600,103900,239600,0,2300,0
walking,0,16.9885,16.6688,2.1033,16626,310,814488323635,3.4685,1.1616,13.1805,16988100,80500,695200,0,1500,0
walking,0,16.7660,16.6677,2.2958,10234,306,814488490323,2.6628,0.8155,13.9863,16748200,86600,234200,0,1400,0
walking,0,16.6572,16.6626,2.0982,10234,310,814488657000,2.5260,1.1769,14.1198,16626300,79500,276900,0,1500,0
walking,0,16.6625,17.0062,2.1238,10234,307,814488823626,2.5359,0.8299,14.4525,16638900,94100,263500,0,1300,0
walking,0,16.6699,16.7653,2.0593,10234,305,814488993688,2.1584,0.8568,14.5901,16656100,85800,297700,0,1700,0
walking,0,16.6680,16.6468,2.0838,16626,307,814489161341,2.2491,0.9079,14.3775,16649000,103100,665600,0,2800,0
walking,0,16.6673,16.6563,2.3521,10234,307,814489327809,2.5177,1.3302,14.1214,16649300,97600,466900,0,1800,0
walking,0,16.6651,16.6762,2.2149,20590,300,814489494372,2.9403,1.4365,13.7160,16640600,140200,338800,0,1900,0
walking,0,16.6679,16.6669,2.4340,10234,238,814489661134,3.2754,1.3720,13.3737,16650100,87800,484300,0,1700,0
walking,0,16.7699,16.6703,1.6159,10234,234,814489827803,3.4831,1.8932,13.1665,16751100,96700,306900,0,2100,0
walking,0,16.5601,16.6595,1.6148,16626,233,814489994506,3.4526,1.2014,13.1882,16536300,95200,752400,0,1700,0
walking,0,16.6697,16.6701,1.8975,10234,229,814490161101,2.6728,0.8418,13.9775,16654700,78700,283600,0,1400,0
walking,0,16.6719,16.7715,1.5575,10234,228,814490327802,2.4191,0.8787,14.3323,16657100,78500,367400,0,1600,0
walking,0,16.6633,16.5541,1.5503,10234,225,814490495517,2.6902,1.1491,13.8462,16635900,104400,383900,0,2900,0
walking,0,16.7551,16.6734,1.5002,10234,225,814490661058,2.2543,1.2925,14.4007,16738400,91500,514000,0,1800,0
walking,0,16.5794,16.6791,1.5749,16626,225,814490827792,2.1571,1.0102,14.5003,16556200,103300,723200,0,2300,0
walking,0,16.6699,16.6572,1.8412,10234,218,814490994583,3.2705,1.2047,13.3656,16649800,86900,275700,0,1900,0
walking,0,16.6642,16.7584,1.5718,10234,217,814491161155,3.2973,1.0729,13.4413,16643400,87700,275300,0,1600,0
walking,0,16.6673,16.5777,1.5462,10234,216,814491328739,2.6445,0.8933,13.9119,16645300,89700,308800,0,1500,0
walking,0,16.6661,16.6716,1.5780,10234,216,814491494516,2.2285,1.2107,14.4215,16643700,100000,283200,0,2000,0
walking,0,16.6648,16.6661,1.5483,16626,212,814491661232,1.9873,1.2009,14.6563,16642300,100100,704500,0,2000,0
walking,0,16.6681,16.6658,1.8575,10234,212,814491827893,2.1918,0.8438,14.4536,16650400,86700,258300,0,1900,0
walking,0,16.7488,16.6617,1.4510,10234,209,814491994551,2.5061,1.1638,14.1376,16730700,79900,307100,0,1600,0
walking,0,16.5835,16.6610,1.4920,10234,209,814492161168,3.0608,0.7126,13.5816,16566000,79400,314200,0,1600,0
walking,0,16.6688,16.6691,1.5084,10234,209,814492327778,2.1423,1.1598,14.5083,16656100,74300,296800,0,1800,0
walking,0,16.6700,16.7495,1.5739,16626,209,814492494469,2.1004,1.2109,14.6305,16652400,82300,617700,0,1800,0
walking,0,16.6641,16.5809,1.9108,20074,209,814492661964,2.3311,0.6621,14.2351,16641400,86200,288100,0,1800,0
walking,0,16.6686,16.6737,1.5647,10234,173,814492827773,1.9770,1.3731,14.6792,16651300,86000,295000,0,1700,0
walking,0,16.6662,16.6725,1.4356,10234,173,814492994510,2.2377,1.1559,14.4151,16641600,91700,265000,0,1600,0
walking,0,16.6684,16.6611,1.5360,10234,172,814493161235,2.2435,1.5473,14.3981,16649300,87200,262000,0,1500,0
walking,0,16.6672,16.6724,1.5626,16626,173,814493327846,1.8466,0.7478,14.8048,16643100,103900,787500,0,2900,0
walking,0,16.6654,16.6644,1.8033,10234,173,814493494570,2.2306,0.6311,14.4112,16645000,85700,360600,0,1700,0
walking,0,16.7431,16.6710,1.4418,10234,141,814493661214,2.0202,1.5490,14.6293,16727100,81100,269500,0,1700,0
walking,0,16.6556,16.6637,1.4653,10234,141,814493827924,2.7102,1.2108,13.9331,16632800,87900,300200,0,1800,0
walking,0,16.7858,16.6635,1.7592,10234,139,814493994561,2.0841,0.7523,14.5611,16771500,79000,305100,0,1800,0
walking,0,16.5497,16.7472,1.4551,16626,138,814494161196,1.9024,1.1883,14.8249,16495100,101400,609600,0,1700,0
walking,0,16.6636,16.6505,1.7408,10234,139,814494328668,1.9758,0.6412,14.6572,16636500,86300,358300,0,1800,0
walking,0,16.6696,16.7902,1.5002,10234,139,814494495173,1.9109,0.8751,14.8610,16655800,77800,442800,0,1500,0
walking,0,16.6641,16.5494,1.4633,10234,139,814494663075,2.2597,0.9228,14.2354,16632700,82100,270300,0,1700,0
walking,0,16.6696,16.6571,1.4981,10234,141,814494828569,2.3635,0.7481,14.2732,16649400,88000,300300,0,1800,0
walking,0,16.6653,16.6757,1.7838,16626,138,814494995140,2.4909,0.8338,14.1652,16654300,85500,625000,0,1600,0
walking,0,16.6657,16.6609,1.7572,10234,138,814495161897,2.1772,1.0854,14.4556,16641800,80000,316900,0,1700,0
walking,0,16.6684,16.6672,1.5360,10234,138,814495328506,1.9008,1.1919,14.7488,16651200,80900,252400,0,1600,0
walking,0,17.1227,16.6719,1.5104,10234,131,814495495178,2.1618,0.7477,14.4927,17107500,79500,323400,0,1800,0
walking,0,16.6667,16.6595,1.4879,10234,129,814495661897,2.1155,0.9225,14.5265,16648700,88600,292300,0,1800,0
walking,0,16.6667,16.6680,1.4725,16626,129,814495828492,1.7540,1.1655,14.8973,16647800,91600,790700,0,1700,0
walking,0,16.6668,17.1248,1.7613,10234,129,814495995172,1.8344,0.8268,15.2733,16648500,90100,327200,0,1600,0
walking,0,16.6682,16.6679,1.5237,10234,127,814496166420,2.1916,1.4018,14.4572,16653900,82700,321800,0,1500,0
walking,0,16.6651,16.6659,1.3947,10234,122,814496333099,2.4248,1.1698,14.2232,16641400,86300,359300,0,2300,0
walking,0,16.6694,16.6656,1.4920,10234,122,814496499758,1.9790,1.1945,14.6697,16654000,81300,258400,0,1500,0
walking,0,16.6640,16.6743,1.5012,16626,122,814496666414,1.9609,1.2998,14.6931,16639000,97000,576400,0,1700,0
walking,0,16.6674,16.6589,1.7183,10234,122,814496833157,1.8520,0.6422,14.7895,16653300,80700,242100,0,1400,0
walking,0,16.6674,16.6726,1.9456,10234,122,814496999746,1.8636,1.2182,14.7905,16647400,101000,259000,0,2200,0
walking,0,16.6668,16.6585,1.4909,10234,121,814497166472,2.1763,0.6099,14.4628,16651100,80900,239100,0,1800,0
walking,0,16.6671,16.6703,1.5278,20666,122,814497333057,1.7822,0.7358,14.8712,16649600,89800,263100,0,1700,0
walking,0,16.6668,16.6649,1.5002,16702,103,814497499760,2.3450,0.6550,14.3026,16651100,92100,658600,0,1900,0
walking,0,16.6691,16.6676,1.5012,10310,103,814497666409,1.9064,1.6046,14.7450,16650700,134800,248700,0,1800,0
walking,0,16.6763,16.6678,1.5237,10310,103,814497833085,2.5774,0.7356,14.0723,16652400,99700,351400,0,1400,0
walking,0,16.6547,16.6675,1.4725,10310,101,814497999763,2.1449,0.8458,14.5064,16637300,90900,298200,0,1800,0
walking,0,16.6684,16.6709,1.4490,10310,99,814498166438,1.8639,0.8290,14.7870,16652100,87500,311000,0,1500,0
walking,0,16.6669,16.6736,1.5063,16702,99,814498333147,2.0134,0.9489,14.6391,16651500,91600,594400,0,1900,0
walking,0,16.6666,16.6540,1.7920,10310,99,814498499883,1.8739,0.9378,14.7635,16649400,88800,265100,0,1800,0
walking,0,16.7103,16.6681,1.4275,10310,99,814498666423,1.7344,1.0437,14.9180,16692400,94900,258900,0,1700,0
walking,0,16.6676,16.6681,2.3050,10310,98,814498833104,1.8793,0.8639,14.7723,16648200,90700,265400,0,1700,0
walking,0,16.6664,16.6664,1.4285,10310,99,814498999785,1.9573,0.6796,14.6923,16646500,91900,265100,0,1600,0
walking,0,16.6648,16.7096,1.4316,16702,99,814499166449,1.8001,0.6568,14.8924,16644900,90600,570900,0,2000,0
walking,0,16.6702,16.6692,1.7797,10310,99,814499333545,1.8144,0.6230,14.8339,16652500,94400,734500,0,2100,0
walking,0,16.6650,16.6686,1.4643,10310,99,814499500237,1.9221,0.8467,14.7247,16644800,96000,296100,0,1600,0
walking,0,16.6655,16.6621,1.7920,10310,99,814499666923,2.0376,0.9187,14.6074,16650000,93400,277600,0,1700,0
walking,0,16.7950,16.6715,1.4909,10310,99,814499833544,2.6731,0.8639,13.9796,16783700,100000,274000,0,1500,0
walking,0,16.6530,16.6625,1.4459,16702,98,814500000259,2.0992,0.9756,14.5457,16619300,120000,727700,0,1500,0
walking,0,16.6664,16.6662,1.8135,10310,99,814500166884,1.7827,0.6793,14.8674,16652700,89900,350400,0,1800,0
walking,0,16.6674,16.8089,1.4285,10310,99,814500333546,1.7388,0.9145,15.0452,16643300,104000,346100,0,1900,0
walking,0,16.6661,16.6385,2.2252,10310,99,814500501635,2.5257,0.5767,14.0937,16649000,96100,276000,0,1700,0
walking,0,16.6680,16.6719,1.4510,10310,99,814500668020,2.1427,0.8080,14.5103,16650100,89900,283200,0,1800,0
walking,0,16.6664,16.6619,1.5831,16702,99,814500834739,2.0407,0.6310,14.6028,16653000,227100,631600,0,1900,0
walking,0,16.6679,16.6666,1.7623,10310,98,814501001358,1.8186,0.6199,14.8306,16646700,97900,346700,0,1500,0
walking,0,16.6676,16.6692,1.4510,10310,93,814501168024,1.7571,0.7255,14.8933,16648700,98500,313000,0,1900,0
walking,0,16.6657,16.6701,1.4479,10310,93,814501334716,1.9247,1.0199,14.7284,16646600,88900,255700,0,1800,0
walking,0,16.6697,16.6640,1.4705,10310,93,814501501417,1.8423,0.9737,14.8045,16655800,92000,344200,0,1600,0
walking,0,16.6637,16.6666,2.2426,16702,93,814501668057,1.8617,0.5890,14.7870,16640300,141600,717700,0,2200,0
walking,0,16.6694,16.6656,1.7900,10310,93,814501834723,1.6300,0.7188,15.0170,16653700,115600,406600,0,1700,0
walking,0,16.7188,16.6754,1.4735,10310,93,814502001379,1.8787,1.4060,14.7774,16713500,102100,282500,0,2000,0
walking,0,16.6557,16.6581,1.4879,10310,93,814502168133,2.8885,1.0760,13.7519,16601200,97300,310000,0,1600,0
walking,0,16.6684,16.6720,1.4438,10310,93,814502334714,2.1319,0.6732,14.5220,16653200,87000,240000,0,1600,0
walking,0,16.6638,16.7430,1.4920,16702,91,814502501434,2.1568,0.7731,14.5571,16643800,94200,594700,0,1400,0
walking,0,16.6683,16.6281,1.7674,10310,91,814502668864,2.0267,0.5980,14.5744,16653200,84600,274900,0,1400,0
walking,0,16.6690,16.6703,1.5821,10310,91,814502835145,1.8109,0.7988,14.8423,16655300,94100,246500,0,1600,0
walking,0,16.6659,16.6601,1.5872,10310,91,814503001848,2.1194,0.9009,14.5246,16647200,98000,360600,0,1200,0
walking,0,16.6697,16.6685,1.6118,10310,91,814503168449,1.5390,0.5718,15.1144,16652900,92100,308500,0,1500,0
walking,0,16.6641,16.6735,1.4633,16702,91,814503335134,1.5294,1.2475,15.1260,16645900,214800,819900,0,2000,0
walking,0,16.6693,16.6646,1.8319,20666,91,814503501869,1.8170,0.9947,14.8306,16652000,102900,264800,806200,1900,0
walking,0,16.6652,16.6703,1.5626,10310,294,814503668515,1.7583,1.2309,14.8948,16642700,98100,306900,0,1900,0
walking,0,16.6669,16.6643,1.5647,10310,289,814503835218,2.2562,3.3342,14.3900,16649200,99600,273900,0,1600,0
walking,0,16.6687,16.6702,1.8852,10310,291,814504001861,3.3694,2.9061,13.2828,16651700,90800,280400,0,1800,0
walking,0,16.6677,16.6636,1.5380,16702,291,814504168563,2.5056,0.7398,14.1374,16652800,120500,633500,0,2100,0
walking,0,16.6682,16.6663,1.8575,10310,288,814504335199,2.2897,0.7943,14.3597,16645300,107800,242800,0,2400,0
walking,0,16.6654,16.6689,1.5483,10310,288,814504501862,2.1859,0.8009,14.4659,16621400,96300,258800,0,3100,0
walking,0,16.6673,16.6717,1.8115,10310,288,814504668551,2.4142,0.9828,14.2388,16639700,100700,252100,0,1800,0
walking,0,16.6668,16.6867,1.5555,10310,287,814504835268,2.2276,0.7703,14.4179,16651000,103800,270000,0,2000,0
walking,0,16.6675,16.6549,1.5084,16702,287,814505002135,2.9338,0.6909,13.6877,16647100,103200,874600,0,1600,0
walking,0,16.6668,16.6564,1.8944,10310,282,814505168684,2.3797,0.7654,14.2602,16656900,100300,468200,0,1900,0
walking,0,16.6684,16.6691,1.5247,10310,286,814505335248,2.0292,1.0148,14.6219,16644800,98200,288200,0,1900,0
walking,0,16.6671,16.6633,1.8760,10310,286,814505501939,2.7404,0.8433,13.9068,16648600,93500,287900,0,1900,0
walking,0,16.6651,16.6743,1.5524,10310,287,814505668572,2.4401,0.7868,14.2169,16645400,90900,306600,0,1900,0
walking,0,16.6672,16.6620,1.5841,16702,288,814505835315,2.0781,0.8245,14.5669,16651300,104500,702900,0,2100,0
walking,0,16.6708,16.6674,1.8473,10310,287,814506001935,2.1866,1.0999,14.4621,16657300,99800,268800,0,1900,0
walking,0,16.6631,16.6633,1.5555,20666,287,814506168609,1.9846,1.1702,14.6610,16636500,102400,255900,0,3100,0
walking,0,16.6666,16.6686,1.8964,10310,582,814506335242,2.1624,0.7659,14.4890,16651400,89100,266000,0,1500,0
walking,0,16.6715,16.6775,1.8903,10310,583,814506501928,2.4627,8.7772,14.1948,16656600,88100,253900,0,1600,0
walking,0,16.6648,16.6545,2.2344,16702,583,814506668703,3.1808,8.7870,13.4558,16644400,91500,626900,0,1900,0
walking,0,16.6651,16.6678,1.8964,10310,583,814506835248,2.5293,0.9041,14.1222,16648100,104500,303900,0,2100,0
walking,0,16.6670,16.6752,1.8729,10310,583,814507001926,2.3993,1.1627,14.2576,16649700,87500,335800,0,1700,0
walking,0,16.6738,16.6619,2.2077,10310,582,814507168678,2.7185,1.5417,13.9261,16655100,100300,652300,0,1500,0
walking,0,16.6618,16.6645,1.9302,10310,583,814507335297,2.3888,1.2309,14.2592,16645900,88000,428700,0,1800,0
walking,0,16.6660,16.6683,2.1842,16702,585,814507501942,2.6147,1.0627,14.0351,16647300,102700,615700,0,1600,0
walking,0,16.6689,16.6711,1.9241,10310,585,814507668625,2.9623,1.9129,13.6930,16652600,91200,263800,0,1700,0
walking,0,16.6647,16.6637,1.9579,10310,585,814507835336,2.8859,1.3254,13.7601,16645200,106200,266100,0,3200,0
walking,0,16.6679,16.6641,2.2262,10310,584,814508001973,3.0949,0.9267,13.5526,16649900,103700,295500,0,1700,0
walking,0,16.6680,16.6707,1.9251,10310,585,814508168614,2.5224,1.2225,14.1304,16655100,88600,394700,0,1500,0
walking,0,16.6675,16.6650,2.2600,16702,585,814508335321,2.7612,1.4993,13.8841,16643100,152700,671100,0,2900,0
walking,0,16.6651,16.6668,1.9876,10310,583,814508501971,2.5648,1.3415,14.0853,16641200,104400,260200,0,2200,0
walking,0,16.6677,16.6771,1.9569,10310,578,814508668639,3.0268,1.1935,13.6287,16652600,91300,277200,0,2000,0
walking,0,16.6665,16.6645,2.2518,10310,584,814508835410,3.3081,0.9320,13.3352,16651800,97100,346100,0,1600,0
walking,0,16.6682,16.6583,2.0275,10310,581,814509002055,2.6035,1.0700,14.0378,16649800,101300,329800,0,1900,0
walking,0,16.6675,16.6684,1.9681,16702,578,814509168638,2.6243,1.1685,14.0285,16646800,98100,613400,0,2300,0
walking,0,16.6700,16.6701,1.9599,10310,572,814509335322,2.7799,1.1917,13.8721,16649500,94500,231800,0,2100,0
walking,0,16.6666,16.6692,1.9886,10310,570,814509502023,2.8644,1.6297,13.7856,16646100,103900,445900,0,2000,0
walking,0,16.6650,16.6653,2.2262,10310,569,814509668715,2.5183,0.8638,14.1286,16638200,115300,477100,0,2000,0
walking,0,16.6651,16.6721,2.0316,10310,569,814509835368,2.4840,1.5977,14.1657,16645300,99800,491000,0,1900,0
walking,0,16.6659,16.6716,2.2057,16702,566,814510002089,3.2361,1.5317,13.4104,16645000,95300,625500,0,1500,0
walking,0,16.6681,16.6595,2.0070,10310,567,814510168805,3.4300,1.1527,13.2085,16651500,105000,292300,0,1800,0
walking,0,16.6720,16.6641,1.9599,10310,567,814510335400,2.8788,1.1078,13.7668,16653700,93000,270700,0,1800,0
walking,0,16.6680,16.6635,2.6307,10310,567,814510502041,2.8402,1.6785,13.8050,16653500,97400,325400,0,2000,0
walking,0,16.6658,16.6679,1.9282,10310,567,814510668676,2.7837,0.9968,13.8678,16649100,99600,256100,0,1800,0
walking,0,16.6677,16.6700,2.2139,16702,567,814510835355,2.9806,1.6582,13.6732,16652400,88900,748700,0,2200,0
walking,0,16.6659,16.6703,2.3194,10310,560,814511002055,2.7439,1.3284,13.9097,16642700,99600,238300,0,2200,0
walking,0,16.6677,16.6659,1.8801,10310,557,814511168758,2.4591,0.9289,14.1901,16652500,83600,562600,0,1200,0
walking,0,16.6678,16.6705,2.2231,10310,561,814511335417,2.4411,0.8417,14.2117,16654200,86900,246600,0,1400,0
walking,0,16.6671,16.6601,1.9436,10310,553,814511502122,2.4202,1.2537,14.2227,16646500,90100,265600,0,1400,0
walking,0,16.6672,16.6684,1.9712,16702,549,814511668723,2.9294,0.8560,13.7232,16649200,84800,645900,0,1600,0
walking,0,16.6660,16.6732,1.8995,10310,549,814511835407,2.2377,0.9418,14.4167,16648500,96700,280100,0,2600,0
walking,0,16.6656,16.6643,1.7807,10310,544,814512002139,2.1717,2.0292,14.4750,16647900,89800,267300,0,1400,0
walking,0,16.6758,16.6668,2.2989,10310,543,814512168782,2.1499,0.9215,14.4995,16661900,91500,274400,0,1400,0
walking,0,16.6626,16.6658,1.8166,10310,544,814512335450,2.5891,1.4414,14.0596,16574500,142400,543600,0,1900,0
walking,0,16.6655,16.6653,2.1740,16702,544,814512502108,2.9677,1.6766,13.6805,16643700,101600,592800,0,2100,0
walking,0,16.6672,16.6820,1.8422,10310,540,814512668761,2.6124,1.1775,14.0496,16648300,125100,613300,0,2100,0
walking,0,16.6659,16.6597,1.9005,10310,541,814512835581,3.4103,1.1650,13.1643,16644000,101500,254300,0,2000,0
walking,0,16.6654,16.6657,2.2518,10310,541,814513002178,2.7982,1.0935,13.8458,16649200,82800,256900,0,1800,0
walking,0,16.6711,16.6671,1.8729,10310,539,814513168835,3.1795,0.9578,13.4690,16659400,85100,279800,0,1500,0
walking,0,16.6905,16.6606,1.8893,16702,537,814513335506,2.4816,0.8765,14.1627,16673000,101600,588700,0,1600,0
walking,0,16.6423,16.6644,1.9415,10310,532,814513502112,2.4106,1.4450,14.2387,16621900,113300,714100,0,1800,0
walking,0,16.6702,16.6775,1.9436,10310,535,814513668756,2.3658,1.6268,14.2939,16646500,106700,267900,0,2300,0
walking,0,16.6619,16.6936,2.1965,10310,534,814513835531,2.7490,1.1342,13.9243,16645000,89400,280900,0,2000,0
walking,0,16.6706,16.6410,1.8463,10310,535,814514002467,3.1767,1.0945,13.4453,16657200,87100,564000,0,1300,0
walking,0,16.6671,16.6644,1.9261,16702,535,814514168877,2.7401,1.5050,13.9064,16644400,120200,830300,0,1900,0
walking,0,16.6669,16.6615,1.9620,10310,532,814514335521,2.3520,1.6942,14.2931,16646400,98900,312800,0,1900,0
walking,0,16.6651,16.6761,1.8913,10310,535,814514502136,2.8963,1.5121,13.7610,16642400,100300,329100,0,123600,0
walking,0,16.6668,16.6656,2.2190,10310,534,814514668897,3.3848,1.1362,13.2601,16650100,87400,331400,0,1700,0
walking,0,16.6663,16.6686,1.9876,10310,535,814514835553,2.5185,1.1041,14.1281,16648200,101600,302500,0,1500,0
walking,0,16.6667,16.6601,1.9722,16702,503,814515002239,2.6089,0.9046,14.0337,16648100,100800,504300,0,1600,0
walking,0,16.6682,16.6686,2.2077,10310,503,814515168840,2.3890,1.0692,14.2613,16654800,89900,258200,0,1500,0
walking,0,16.6680,16.6652,1.8852,10310,503,814515335526,2.1617,1.3904,14.4867,16658500,105600,345400,0,3800,0
walking,0,16.6672,16.6645,2.3122,10310,503,814515502178,2.4734,1.9546,14.1748,16634000,92700,269500,0,2000,0
walking,0,16.6659,16.6733,2.0081,10310,503,814515668823,2.3583,1.2120,14.2967,16643300,111200,290900,0,2500,0
walking,0,16.6669,16.6797,1.9272,16702,502,814515835556,2.7396,1.2012,13.9191,16651200,91700,530000,0,1400,0
walking,0,16.6661,16.6562,1.9589,10310,501,814516002353,2.5206,1.1153,14.1136,16648600,98300,236700,0,2400,0
walking,0,16.6686,16.6625,1.9743,10310,503,814516168915,2.9512,1.0463,13.6923,16648300,86100,260900,0,1500,0
walking,0,16.6663,16.6687,2.3142,10310,498,814516335540,2.1920,1.2985,14.4594,16646800,103700,309600,0,2100,0
walking,0,16.6667,16.6677,1.9077,10310,503,814516502227,2.3139,1.0718,14.3349,16708600,95000,240500,0,1300,0
walking,0,16.6672,16.6675,2.2344,16702,503,814516668904,2.6850,1.5552,13.9635,16584400,85100,726000,0,1600,0
walking,0,16.6696,16.6677,2.0009,10310,503,814516835579,3.1022,0.9022,13.5449,16653400,99500,246100,0,2000,0
walking,0,16.6657,16.7287,1.9886,10310,498,814517002256,2.3913,1.0849,14.3175,16644200,101500,312600,0,1800,0
walking,0,16.6647,16.6028,2.2221,10310,498,814517169543,2.5496,1.0662,14.0350,16640800,98000,366300,0,2400,0
walking,0,16.6671,16.6726,1.8606,10310,498,814517335571,2.1853,1.0231,14.4683,16650900,87900,271500,0,1500,0
walking,0,16.6680,16.6662,2.2292,16626,497,814517502297,2.7305,1.8546,13.9141,16650600,81900,522400,0,1400,0
walking,0,16.6661,16.6588,2.2405,10234,497,814517668959,2.4352,1.0583,14.2057,16647400,76000,307100,0,1300,0
walking,0,16.6688,16.6688,2.4146,10234,498,814517835547,2.6930,1.3080,13.9580,16656100,84900,274900,0,1800,0
walking,0,16.6682,16.6673,2.2344,10234,493,814518002235,2.3793,1.7270,14.2714,16647200,97400,323700,0,2500,0
walking,0,16.6676,16.6642,1.9487,10234,491,814518168908,2.2945,1.1038,14.3530,16650000,85100,294500,0,1600,0
walking,0,16.6641,16.6756,2.2641,16626,491,814518335550,2.8305,1.6040,13.8258,16641500,123600,671800,0,1800,0
walking,0,16.6683,16.6658,1.8872,10234,491,814518502306,3.0543,1.0010,13.5930,16654800,81900,275400,0,1700,0
walking,0,16.6657,16.6697,1.8985,10234,486,814518668964,2.7975,1.8014,13.8527,16641500,93500,262100,0,1800,0
walking,0,16.6680,16.6583,2.2364,10234,491,814518835661,2.9854,1.0441,13.6562,16652700,85400,328500,0,2000,0
walking,0,16.6687,16.6748,1.9343,10234,491,814519002244,2.9105,1.0580,13.7447,16655600,75100,232100,0,1700,0
walking,0,16.6658,16.6579,1.8668,16626,490,814519168992,2.4361,1.4481,14.2056,16644000,93100,496900,0,1400,0
walking,0,16.6661,16.6687,2.1606,10234,491,814519335571,2.3604,0.8629,14.2925,16646100,87800,316300,0,2000,0
walking,0,16.6665,16.6755,1.9139,10234,473,814519502258,2.0282,0.9326,14.6276,16649400,84600,438200,0,1600,0
walking,0,16.6681,16.6621,2.2282,10234,473,814519669013,2.4549,1.6783,14.1893,16648600,87600,407500,0,1500,0
walking,0,16.6683,16.6657,1.8483,10234,473,814519835634,2.7388,1.3167,13.9074,16652800,86500,271600,0,1500,0
walking,0,16.6647,16.6671,2.1565,16626,469,814520002291,3.7628,1.6454,12.8867,16643300,128300,524600,0,2000,0
walking,0,16.6663,16.6662,1.8545,10234,473,814520168962,2.8216,0.9543,13.8271,16646000,87800,233900,0,1700,0
walking,0,16.6686,16.6724,1.8760,10234,348,814520335624,2.3678,1.1133,14.2852,16655000,76700,269300,0,1600,0
walking,0,16.6647,16.6622,2.4074,10234,348,814520502348,2.9539,0.8401,13.6896,16645800,80300,326300,0,1700,0
walking,0,16.6713,16.6620,2.2344,10234,343,814520668970,2.4030,0.8747,14.2434,16657000,78600,240700,0,1300,0
walking,0,16.6650,16.6731,2.5958,16626,339,814520835590,2.4994,1.1858,14.1557,16644000,100100,663200,0,1900,0
walking,0,16.6832,16.6621,2.1053,10234,332,814521002321,2.8025,1.2738,13.8435,16673800,81800,424900,0,1400,0
walking,0,16.6535,16.6757,2.2323,20074,335,814521168942,2.0778,1.0064,14.5794,16625100,93000,413500,0,1700,0
walking,0,16.6768,16.6630,2.3419,10234,309,814521335699,2.7662,1.0461,13.8780,16659300,81900,255300,0,1400,0
walking,0,16.6662,16.6907,2.1883,10234,310,814521502329,2.5779,1.5642,14.0961,16639800,88400,323600,0,1500,0
walking,0,16.6686,16.6444,2.1135,16626,310,814521669236,3.1066,0.9719,13.5186,16650800,81800,548800,0,1500,0
walking,0,16.6659,16.6887,2.4269,10234,310,814521835680,2.1175,0.9286,14.5419,16644800,96300,305300,0,1700,0
walking,0,16.6661,16.6575,2.1606,10234,310,814522002567,2.4646,0.9756,14.1754,16638400,86700,337000,0,2300,0
walking,0,16.6667,16.6682,2.4617,10234,304,814522169142,2.2495,1.4182,14.4014,16649200,79200,264300,0,1600,0
walking,0,16.6713,16.6621,2.2118,10234,307,814522335824,2.0705,1.1295,14.5744,16661600,78600,420900,0,1400,0
walking,0,16.6619,16.6657,2.1883,16626,307,814522502445,2.4455,1.3080,14.1930,16633700,246400,625600,0,1500,0
walking,0,16.6683,16.6650,2.4054,10234,307,814522669102,1.9119,1.4235,14.7374,16651800,81000,240300,0,1400,0
walking,0,16.6693,16.6817,2.1852,20590,302,814522835752,2.1476,1.2573,14.5142,16655600,81800,244000,0,1700,0
walking,0,16.6678,16.6527,2.4832,10234,238,814523002569,2.5973,0.8041,14.0366,16652500,136300,293700,0,1800,0
walking,0,16.6659,16.6679,1.6415,10234,234,814523169096,2.0730,1.5060,14.5789,16645400,102100,304900,0,3400,0
walking,0,17.0192,16.6740,1.6916,16626,232,814523335775,2.2181,1.3430,14.4377,17000100,98600,2051500,978600,2500,0
walking,0,16.6666,16.6710,1.6753,10234,229,814523502515,2.2305,0.9850,14.4222,16646700,132400,272600,0,1600,0
walking,0,16.6657,16.6644,1.6230,10234,228,814523669225,2.5782,1.4609,14.0675,16644300,126200,272600,0,2000,0
walking,0,16.6662,17.0196,1.8678,10234,225,814523835869,3.6512,0.7638,13.3489,16649500,86900,253800,0,1700,0
walking,0,16.6682,16.6655,1.5913,10234,225,814524006065,2.2903,0.7440,14.3566,16649800,82200,352000,0,1500,0
walking,0,16.6667,16.6629,1.6824,16626,222,814524172720,2.4447,0.7710,14.1998,16651400,75900,523400,0,1400,0
walking,0,16.6663,16.6661,1.6364,10234,218,814524339349,1.9684,0.8531,14.6814,16649100,80500,299200,0,1900,0
walking,0,16.6697,16.6669,1.5585,10234,218,814524506010,2.3313,0.8437,14.3187,16655700,79600,246900,0,1300,0
walking,0,16.6654,16.6678,1.8555,10234,216,814524672679,2.5414,0.8095,14.1102,16641200,97500,260100,0,1900,0
walking,0,16.6718,16.6657,1.6538,10234,216,814524839357,2.3490,0.9266,14.3002,16661300,85200,408700,0,1700,0
walking,0,16.6619,16.6753,1.5780,16626,213,814525006014,1.9933,0.8421,14.6627,16584900,168200,599300,0,1400,0
walking,0,16.6688,16.6601,1.8412,10234,213,814525172767,2.5292,1.0690,14.1122,16654800,79700,344600,0,1500,0
walking,0,16.6673,16.7167,1.4950,10234,209,814525339368,2.4414,0.9494,14.2201,16648900,117300,435200,0,2100,0
walking,0,16.6649,16.6162,1.8412,10234,209,814525506535,2.9531,1.2876,13.6317,16648400,108300,274800,0,3200,0
walking,0,16.6675,16.6731,1.5534,10234,209,814525672697,2.5466,1.5485,14.1083,16641800,84000,707600,0,1800,0
walking,0,16.6727,16.6681,1.4971,16626,209,814525839428,2.8535,0.8096,13.7956,16671100,82300,643000,0,1700,0
walking,0,16.6594,16.6665,1.5002,20074,209,814526006109,2.6665,1.1183,13.9820,16613500,77000,296600,0,1500,0
walking,0,16.6714,16.6616,1.5800,10234,173,814526172774,2.8805,0.9177,13.7615,16657900,82100,251500,0,1700,0
walking,0,16.6690,16.6979,1.7347,10234,173,814526339390,2.1715,1.0592,14.5001,16652000,126000,331000,0,1700,0
walking,0,16.6684,16.6322,1.4766,10234,172,814526506369,2.1825,0.6431,14.4311,16647600,84300,269800,0,1700,0
walking,0,16.8192,16.6759,1.4735,16626,173,814526672691,1.8489,0.8196,14.8092,16664800,83000,580300,0,1700,0
walking,0,16.6642,16.6754,1.4490,10234,173,814526839450,2.0498,1.0020,14.6024,16638500,138800,279400,0,1800,0
walking,0,16.6720,16.7967,1.4275,10234,141,814527006204,2.1906,0.9221,14.4572,16662500,86700,305800,0,1500,0
walking,0,16.6625,16.6874,1.7541,10234,141,814527174171,2.2539,0.8944,14.4109,16636000,137700,264600,0,2100,0
walking,0,16.6694,16.6573,1.4633,10234,138,814527341045,2.0182,1.1292,14.6204,16656900,87200,306200,0,1700,0
walking,0,16.6645,16.6812,1.4141,16626,139,814527507618,1.9886,0.6813,14.6743,16640700,81600,620800,0,1600,0
walking,0,16.6824,16.6540,1.4500,10234,139,814527674430,2.1961,1.0675,14.4401,16670200,84300,252000,0,1600,0
walking,0,16.6528,16.6776,1.4316,10234,139,814527840970,1.7832,0.8279,14.8739,16628800,82700,230800,0,1600,0
walking,0,16.6782,16.6581,1.7592,10234,139,814528007746,1.9541,0.5859,14.6869,16674100,82300,450700,0,1600,0
walking,0,16.6682,16.6885,1.4254,10234,141,814528174327,1.6912,0.6059,14.9791,16620000,76800,597000,0,2100,0
walking,0,16.6646,16.6465,1.4356,16626,137,814528341212,1.8785,0.8904,14.7504,16640500,84500,645400,0,1800,0
walking,0,16.6664,16.7038,1.4418,10234,138,814528507677,2.5850,0.8047,14.0892,16644500,82000,290100,0,1800,0
walking,0,16.6654,16.6456,1.4336,10234,138,814528674715,2.4362,1.1809,14.1840,16644700,93800,322300,0,1400,0
walking,0,16.6667,16.6624,1.7756,10234,131,814528841171,2.2278,0.9330,14.4129,16647900,81400,295800,0,2400,0
walking,0,16.6696,16.6649,1.4029,10234,129,814529007795,2.0127,0.9528,14.6320,16654100,77600,365000,0,1500,0
walking,0,16.6653,16.6645,1.4244,16626,129,814529174444,2.2267,0.8168,14.4181,16648200,74900,496500,0,1500,0
walking,0,16.6660,16.6649,1.7459,10234,129,814529341089,1.8781,0.6703,14.7700,16647700,71600,313800,0,1400,0
walking,0,16.6759,16.6713,1.4203,10234,127,814529507738,1.8393,0.7543,14.8148,16670100,85100,304200,0,1400,0
walking,0,16.6590,16.6655,1.7275,10234,122,814529674451,1.8880,1.1020,14.7602,16627900,81000,250900,0,1800,0
walking,0,16.6682,16.6667,1.4070,10234,122,814529841106,1.6976,0.6812,14.9503,16650000,87100,359100,0,1600,0
walking,0,16.6753,16.6886,1.4326,16626,121,814530007773,2.0201,0.7805,14.6502,16674000,79200,780000,0,1700,0
walking,0,16.6577,16.6464,1.4141,10234,122,814530174659,1.9094,0.9252,14.7187,16620400,86200,249700,0,1700,0
walking,0,16.6675,16.6676,1.4100,10234,122,814530341123,1.9016,1.2534,14.7486,16649900,82700,409700,0,1700,0
walking,0,16.6691,16.6957,1.7357,10234,122,814530507799,2.2473,0.6727,14.4269,16649000,83800,281000,0,1700,0
walking,0,16.6653,16.6379,1.4234,20666,122,814530674756,2.0785,0.9228,14.5421,16653200,109900,473700,0,1500,0
walking,0,16.6701,16.6711,1.4449,16702,103,814530841135,2.4086,0.7741,14.2414,16624100,109000,617700,0,1700,0
walking,0,16.6629,16.6703,1.4060,10310,103,814531007846,2.5585,1.6422,14.0907,16632600,88800,267700,0,1500,0
walking,0,16.6690,16.6872,1.4787,10310,101,814531174549,3.0014,0.7421,13.6521,16653300,89400,245700,0,1400,0
walking,0,16.6662,16.6496,1.7459,10310,101,814531341421,2.0264,0.6341,14.5979,16658600,112800,341900,0,1900,0
walking,0,16.6703,16.6546,1.4367,10310,99,814531507917,2.0091,0.5936,14.6235,16640800,98800,414300,0,1600,0
walking,0,16.6648,16.6746,1.4141,16702,99,814531674463,1.8397,1.0723,14.8138,16643200,175900,775200,0,3500,0
walking,0,16.6666,16.6768,1.7398,10310,99,814531841209,2.1849,0.8541,14.4738,16646000,105800,358100,0,2100,0
walking,0,16.7177,16.6619,1.4428,10310,99,814532007977,2.3014,1.4135,14.3395,16702200,116600,308500,0,3600,0
walking,0,16.6645,16.6625,1.7787,10310,99,814532174596,3.0353,1.1732,13.6081,16639000,98800,438200,0,2000,0
walking,0,16.6673,16.6649,1.4531,10310,99,814532341221,2.0580,0.8629,14.5882,16652700,89500,379300,0,1900,0
walking,0,16.6669,16.7211,1.4336,16702,99,814532507870,2.4674,1.0576,14.2351,16643900,91000,1067100,0,1700,0
walking,0,16.6668,16.6579,1.7623,10310,99,814532675081,2.3970,0.6412,14.2421,16650100,86100,254400,0,1700,0
walking,0,16.6681,16.6729,1.4817,10310,99,814532841660,2.1029,0.8016,14.5501,16651000,117700,326300,0,2300,0
walking,0,16.6643,16.6609,1.7695,10310,99,814533008389,2.5850,0.7004,14.0590,16645100,84700,240400,0,1800,0
walking,0,16.6682,16.6684,1.4500,10310,99,814533174998,1.8299,0.6783,14.8204,16650600,93400,345400,0,1500,0
walking,0,16.6666,16.6685,1.4449,16702,99,814533341682,2.3149,0.5521,14.3362,16650100,85300,591800,0,1600,0
walking,0,16.6706,16.6627,2.1084,10310,99,814533508367,1.6769,0.6847,14.9683,16654500,88700,385900,0,1600,0
walking,0,16.6682,16.6676,1.4356,10310,99,814533674994,2.0275,1.0621,14.6231,16647400,102500,249200,0,2100,0
walking,0,16.6752,16.6688,1.4643,10310,99,814533841670,2.1439,0.6172,14.5065,16666700,111900,378800,0,2100,0
walking,0,16.6580,16.6758,1.4428,10310,99,814534008358,1.9695,0.5815,14.6853,16599000,92900,802500,0,1700,0
walking,0,16.6632,16.6714,1.4684,16702,99,814534175116,2.4392,1.5100,14.2087,16642500,93200,716100,0,1600,0
walking,0,16.6745,16.7037,1.7818,10310,99,814534341830,2.1225,0.9558,14.5448,16663200,85500,293700,0,1700,0
walking,0,16.6596,16.6208,1.4643,10310,93,814534508867,2.6326,0.7302,13.9666,16635800,97800,282000,0,1900,0
walking,0,16.6784,16.6616,1.8627,10310,92,814534675075,2.5144,1.0467,14.1283,16680900,92800,308200,0,1300,0
walking,0,16.6692,16.6818,1.5524,10310,93,814534841691,1.7044,0.6390,14.9590,16648300,108400,260900,0,1800,0
walking,0,16.6534,16.6524,1.4397,16702,92,814535008509,1.9390,1.0544,14.6970,16604100,99800,701200,0,1900,0
walking,0,16.6699,16.7039,1.7705,10310,93,814535175033,1.6749,0.6344,15.0064,16657700,91600,314900,0,1500,0
walking,0,16.6678,16.6771,1.5575,10310,93,814535342072,2.0712,0.7281,14.5774,16647500,104300,236700,0,1900,0
walking,0,16.6800,16.6201,1.8248,10310,93,814535508843,2.3258,1.0022,14.2784,16667600,127800,336300,0,1800,0
walking,0,16.6559,16.6765,1.5493,10310,93,814535675044,1.9855,0.5452,14.6725,16610600,99800,275800,0,2100,0
walking,0,16.6624,16.6687,1.5432,16702,91,814535841809,2.1375,1.0667,14.5101,16636100,112100,595900,0,1900,0
walking,0,16.6679,16.7037,2.0756,10310,91,814536008496,2.1158,0.8060,14.5521,16652400,93000,372000,0,1700,0
walking,0,16.6685,16.6342,1.4971,10310,91,814536175533,1.9157,0.7916,14.6951,16652900,186600,273200,0,3000,0
walking,0,16.6654,16.6539,1.8104,10310,91,814536341875,1.9020,0.8487,14.7343,16645200,97900,261500,0,1900,0
walking,0,16.6776,16.6688,1.5667,10310,91,814536508414,2.0034,0.6814,14.6492,16658400,155600,390300,0,2500,0
walking,0,16.6557,16.6693,1.5852,16702,91,814536675102,2.2993,0.6023,14.3537,16624400,122700,672000,0,3700,0
walking,0,16.6652,16.6746,1.9773,20666,90,814536841795,1.7099,1.0346,14.9355,16647800,180600,357100,0,1500,0
walking,0,16.6678,16.6807,1.5299,10310,290,814537008541,2.1622,0.7428,14.4964,16650300,88000,261800,0,1400,0
walking,0,16.6677,16.6417,1.6783,10310,290,814537175348,2.1235,3.3660,14.5012,16653100,84500,338300,0,1400,0
walking,0,16.6668,16.6645,1.6261,10310,291,814537341765,2.3164,2.8277,14.3316,16649700,89100,254400,0,1500,0
walking,0,16.6667,16.6664,1.5565,16702,289,814537508410,1.8080,0.7383,14.8424,16651300,85300,632500,0,1400,0
walking,0,16.6693,16.6690,1.6128,10310,288,814537675074,2.0019,0.6878,14.6513,16654100,96200,244700,0,1800,0
walking,0,16.6679,16.6659,2.4515,10310,286,814537841764,2.0379,0.8037,14.6118,16654600,91000,307900,0,1800,0
walking,0,16.6654,16.6667,1.8227,10310,288,814538008423,2.1565,0.6238,14.4949,16643000,147100,241600,0,1700,0
walking,0,16.6717,16.6701,1.6620,10310,288,814538175090,1.8877,0.7512,14.7666,16659200,96700,457800,0,1600,0
walking,0,16.6624,16.6738,1.6251,16702,287,814538341791,1.8931,0.6828,14.7617,16632400,108600,1165900,0,2700,0
walking,0,16.6813,16.6623,1.6558,10310,287,814538508529,2.0692,1.3725,14.5740,16681600,99300,337000,0,1900,0
walking,0,16.6531,16.6838,1.6312,10310,287,814538675152,2.5380,0.9866,14.1215,16606800,98700,559700,0,2000,0
walking,0,16.7509,16.6522,1.8627,10310,287,814538841990,3.2301,1.1083,13.4024,16769600,174000,312700,0,2000,0
walking,0,16.6527,16.7050,1.5677,10310,287,814539008512,2.9240,1.2651,13.7584,16594300,175500,294800,0,1800,0
walking,0,16.6724,16.6274,1.6712,16702,289,814539175562,2.9633,1.0520,13.6437,16660300,95500,749200,0,1900,0
walking,0,16.7081,16.7898,1.5688,10310,287,814539341836,2.3588,0.7751,14.4111,16703500,93500,310400,0,2000,0
walking,0,16.6252,16.6143,1.6343,20666,286,814539509734,2.5429,1.4624,14.0517,16574000,192800,358300,0,2200,0
walking,0,16.6606,16.6783,1.9077,10310,583,814539675877,2.4264,0.7180,14.2341,16634200,123100,286300,0,2600,0
walking,0,16.6688,16.7318,2.3613,10310,583,814539842660,2.2886,8.8185,14.4151,16651800,103900,655300,0,2000,0
walking,0,16.6666,16.6025,1.8637,16702,582,814540009978,3.5661,9.2661,13.0083,16645700,100100,849300,0,1900,0
walking,0,16.6686,16.6529,2.2098,10310,583,814540176003,3.4780,1.4831,13.1566,16653000,108200,464100,0,1700,0
walking,0,16.6776,16.6696,1.8381,10310,583,814540342532,3.4875,1.2939,13.1644,16672400,115900,426700,0,2100,0
walking,0,16.6554,16.6651,1.8985,10310,582,814540509228,3.2516,1.3280,13.3942,16601500,96900,331100,0,1800,0
walking,0,16.6694,16.6715,1.8514,10310,583,814540675879,3.0156,1.6442,13.6377,16652700,239400,388600,0,3000,0
walking,0,16.6650,16.7080,2.2016,16702,584,814540842594,2.9359,1.6194,13.7366,16641700,116400,991700,0,2000,0
walking,0,16.6682,16.6242,2.2958,10310,585,814541009674,2.3629,1.8463,14.2387,16651200,99500,337000,0,2100,0
walking,0,16.6650,16.6729,1.8545,10310,585,814541175916,3.7310,1.2328,12.9219,16642600,101800,359700,0,2100,0
walking,0,16.6675,16.6610,1.8565,10310,585,814541342645,3.3378,1.9846,13.3040,16650800,100100,354500,0,2100,0
walking,0,16.6669,16.6700,1.8934,10310,585,814541509255,2.9926,1.8465,13.6587,16649100,103200,618500,0,2100,0
walking,0,16.6669,16.6617,2.2415,16702,585,814541675955,3.1396,1.7760,13.5031,16645800,104400,622700,0,2400,0
walking,0,16.6692,16.6688,1.8985,10310,584,814541842572,2.6039,1.3155,14.0470,16653300,98900,377900,0,1900,0
walking,0,16.6683,16.6676,1.8514,10310,582,814542009260,3.3814,1.1877,13.2678,16645800,95400,275700,0,1800,0
walking,0,16.6635,16.6641,1.9743,10310,584,814542175936,3.1309,1.2240,13.5149,16642000,86600,509200,0,3200,0
walking,0,16.6675,16.6726,1.9231,10310,582,814542342577,2.9943,0.9846,13.6592,16649700,86600,319400,0,1700,0
walking,0,16.6644,16.6662,2.2671,16702,572,814542509303,2.7635,1.1419,13.8824,16648000,82800,739600,0,1700,0
walking,0,16.6703,16.6620,1.8862,10310,568,814542675965,3.2369,1.6465,13.4052,16655000,82300,265600,0,1300,0
walking,0,16.6652,16.6668,1.9538,10310,568,814542842585,2.9594,1.1905,13.6905,16644600,96600,513900,0,1900,0
walking,0,16.6663,16.6647,2.1955,10310,573,814543009253,2.9736,1.1416,13.6746,16649200,88100,264600,0,1600,0
walking,0,16.6682,16.6725,1.9374,10310,569,814543175900,2.3786,1.5918,14.2765,16652900,82500,323100,0,1600,0
walking,0,16.6662,16.6650,2.2098,16702,567,814543342625,2.9639,1.0667,13.6808,16649100,84700,651200,830000,1400,0
walking,0,16.6675,16.6644,1.9261,10310,567,814543509275,2.2386,1.5491,14.4108,16649100,89200,585200,0,1600,0
walking,0,16.6667,16.6702,1.8852,10310,567,814543675919,2.5708,1.8092,14.0823,16647100,91000,244600,0,1600,0
walking,0,16.6685,16.6667,1.8760,10310,567,814543842621,2.2109,1.1790,14.4385,16655200,90800,611900,0,1500,0
walking,0,16.6669,16.6658,1.8237,10310,564,814544009288,3.1130,0.9593,13.5362,16648500,84300,346400,0,1500,0
walking,0,16.6657,16.6643,2.2118,16702,567,814544175946,3.0006,1.0956,13.6466,16648500,94300,603800,0,1900,0
walking,0,16.6688,16.6725,1.9139,10310,564,814544342589,2.8592,1.6040,13.7963,16652700,94800,466600,0,2000,0
walking,0,16.6645,16.6657,1.8166,10310,560,814544509314,3.0140,1.1015,13.6348,16644000,141600,260900,0,2100,0
walking,0,16.6713,16.6660,1.7674,10310,561,814544675971,2.8312,1.5043,13.8176,16658900,87200,332100,0,1900,0
walking,0,16.6651,16.6699,1.9077,10310,556,814544842631,3.5023,1.0497,13.1505,16646400,109500,256000,0,2600,0
walking,0,16.6648,16.6608,2.1975,16702,549,814545009330,3.1084,1.1703,13.5357,16643400,101800,625400,0,1800,0
walking,0,16.6685,16.6754,1.8330,10310,549,814545175938,2.5087,1.4284,14.1503,16654500,83900,251200,0,1500,0
walking,0,16.6669,16.6654,1.7910,10310,544,814545342692,2.4559,1.6974,14.1908,16647600,98200,306200,0,1900,0
walking,0,16.7432,16.6600,1.8422,10310,542,814545509346,2.6566,1.4141,13.9869,16725900,91900,514900,0,1800,0
walking,0,16.6676,16.6720,1.8299,10310,543,814545675946,2.3882,1.2147,14.2666,16650400,89900,348400,0,2200,0
walking,0,16.6667,16.6662,2.1780,16702,544,814545842666,2.8991,1.4487,13.7487,16654100,102100,681700,0,1800,0
walking,0,16.6673,16.7427,1.8637,10310,544,814546009328,3.6189,1.7164,13.1071,16641300,92600,474300,0,1700,0
walking,0,16.6792,16.6698,2.2897,10310,543,814546176755,3.1127,1.8652,13.5378,16665600,97100,474700,0,1800,0
walking,0,16.6580,16.6717,2.8344,10310,538,814546343453,2.8148,1.3218,13.8395,16637900,114400,331500,0,2300,0
walking,0,16.6659,16.6588,1.8637,10310,541,814546510170,2.9866,1.1512,13.6549,16636200,133800,488400,0,2200,0
walking,0,16.6642,16.6864,2.1760,16702,536,814546676758,3.3046,1.7180,13.3613,16641900,134400,850600,0,2100,0
walking,0,16.9556,16.6620,2.6378,10310,535,814546843622,3.1816,1.6245,13.4566,16935500,95200,319700,0,2500,0
walking,0,16.6657,16.6583,1.9261,10310,535,814547010242,3.9326,1.7094,12.7038,16648900,89100,323300,0,1500,0
walking,0,16.6782,16.6629,1.8995,10310,534,814547176825,3.2563,1.4401,13.3858,16668200,85400,306700,0,1400,0
walking,0,16.6632,16.9551,1.8801,10310,535,814547343454,2.4574,1.1622,14.4783,16632500,83600,224300,0,1200,0
walking,0,16.6731,16.6656,2.3142,16702,534,814547513005,2.4707,1.0261,14.1784,16658200,94800,773000,0,2000,0
walking,0,16.6543,16.6920,1.9405,10310,534,814547679661,2.7539,0.8708,13.9146,16624700,93400,263100,0,2100,0
walking,0,16.6685,16.6517,1.8678,10310,535,814547846581,2.2933,1.3914,14.3392,16658800,104000,294100,0,2300,0
walking,0,16.6682,16.6797,1.8678,10310,535,814548013098,2.9453,1.5268,13.7132,16639600,99100,239800,0,1600,0
walking,0,17.0218,16.6437,2.0204,10310,531,814548179895,2.1025,0.9217,14.5223,17000000,93200,493100,0,1800,0
walking,0,16.6677,16.6821,2.3439,16702,503,814548346332,2.1620,0.8340,14.4969,16655500,114900,509100,0,1500,0
walking,0,16.6671,16.6582,1.9005,10310,500,814548513153,2.1914,1.5700,14.4483,16643700,121500,358600,0,1600,0
walking,0,16.6663,17.0164,2.0183,10310,503,814548679735,2.6633,0.9495,14.3367,16647500,97500,254900,0,1900,0
walking,0,16.6682,16.6776,2.1187,10310,503,814548849899,2.4265,1.5365,14.2291,16653100,100900,272100,0,1800,0
walking,0,16.6673,16.6610,2.0705,10310,502,814549016675,2.4403,0.9051,14.2038,16650700,107400,325400,0,2100,0
walking,0,16.6791,16.6658,2.3163,16702,503,814549183285,2.2673,1.6985,14.3803,16669000,100600,994700,0,1700,0
walking,0,16.6588,16.6695,1.9968,10310,503,814549349943,2.2320,1.6955,14.4212,16631500,92100,332200,0,2100,0
walking,0,16.6630,16.6687,2.3460,10310,503,814549516638,2.4735,2.0120,14.1775,16642500,98100,277600,0,2100,0
walking,0,16.6665,16.6871,2.0838,10310,503,814549683325,2.9269,1.5961,13.7422,16647200,89500,255800,0,1500,0
walking,0,16.6836,16.6520,2.0029,10310,503,814549850196,2.2497,1.4283,14.3820,16675600,90600,378900,0,1500,0
walking,0,16.6520,16.6605,2.3071,16702,503,814550016716,2.4755,0.9272,14.1671,16619500,90300,754000,0,1600,0
walking,0,16.7936,16.6647,2.1320,10310,502,814550183321,2.1657,1.4778,14.4817,16768700,92500,267300,0,2000,0
walking,0,16.6673,16.6998,2.3286,10310,498,814550349968,2.3525,1.2020,14.3236,16647000,96400,524300,0,2300,0
walking,0,16.6668,16.6452,2.6737,10310,498,814550516966,2.8237,1.5649,13.7960,16647200,89400,263400,0,1400,0
walking,0,16.6655,16.7869,1.9589,10310,497,814550683418,2.0304,1.5623,14.7386,16643800,95700,454700,0,1900,0
walking,0,16.6656,16.6663,2.6952,16626,497,814550851287,3.2717,1.0750,13.3755,16650800,89600,720900,0,1500,0
walking,0,16.6726,16.6685,2.0357,10234,498,814551017950,2.5668,1.4508,14.0806,16661200,78500,250900,0,1600,0
walking,0,16.6633,16.6607,2.2630,10234,497,814551184635,3.6276,1.5695,13.0163,16618000,94100,404000,0,3000,0
walking,0,16.6689,16.6662,2.2252,10234,500,814551351242,3.2862,0.8424,13.3649,16651200,85000,344800,0,2100,0
walking,0,16.6647,16.6991,2.0316,10234,488,814551517904,2.1157,1.3065,14.5457,16644400,85400,286500,0,1900,0
walking,0,16.6779,16.6382,2.4023,16626,491,814551684895,2.9478,1.3865,13.6702,16674400,94800,778100,0,2000,0
walking,0,16.6600,16.6702,4.4370,10234,491,814551851277,2.6086,0.9753,14.0428,16609900,141100,724000,0,2700,0
walking,0,16.6946,16.6626,2.8979,10234,490,814552017979,2.4620,2.1602,14.1824,16666800,96400,594400,0,2000,0
walking,0,16.6669,16.7098,2.5487,10234,491,814552184605,2.7405,1.7515,13.9342,16646300,91200,642300,0,2000,0
walking,0,16.6685,16.6366,2.5405,10234,489,814552351703,3.7716,1.8801,12.8386,16650500,92600,410500,0,2300,0
walking,0,16.6744,16.6910,1.8565,16626,491,814552518069,3.6659,1.9096,13.0010,16670300,95300,781400,0,1900,0
walking,0,16.6608,16.6645,1.9333,10234,481,814552684979,3.9701,1.2520,12.6763,16614600,88000,724500,0,1900,0
walking,0,16.6664,16.6701,2.5917,10234,472,814552851624,3.1322,1.6098,13.5184,16641700,132300,747600,0,2400,0
walking,0,16.6745,16.6984,2.8273,10234,473,814553018325,3.3430,1.2958,13.3277,16657900,132500,371700,0,2500,0
walking,0,16.6588,16.6403,1.8442,10234,473,814553185309,3.6547,1.4637,12.9601,16620500,85000,278300,0,2900,0
walking,0,16.6653,16.6667,2.4033,16626,473,814553351712,3.7336,1.8338,12.9082,16642500,84200,574800,0,1600,0
walking,0,16.6687,16.6882,1.9681,10234,472,814553518379,3.0694,1.2272,13.5888,16653300,86900,453200,0,12700,0
walking,0,16.6675,16.6423,1.9466,10234,348,814553685261,3.0559,1.0557,13.5648,16651300,94800,291300,0,1800,0
walking,0,16.6647,16.6609,2.5313,10234,342,814553851684,2.6694,1.5406,13.9732,16640300,108700,394800,0,2200,0
walking,0,16.6718,16.6716,2.8221,10234,343,814554018293,3.0901,1.0234,13.5636,16680100,85700,279100,0,1900,0
walking,0,16.6686,16.6713,3.1724,16626,339,814554185009,2.7610,1.9016,13.8906,16621500,182500,684100,0,2000,0
walking,0,16.6756,16.6581,2.8529,10234,335,814554351722,2.5868,1.1399,14.0536,16648900,141200,509400,0,1800,0
walking,0,16.6542,16.7054,2.6839,20074,335,814554518303,3.3044,1.8107,13.3761,16610400,199500,515200,0,3200,0
walking,0,16.6663,16.6490,2.0603,10234,310,814554685357,3.5065,1.8353,13.1153,16647300,93800,510500,0,1800,0
walking,0,16.6677,16.6814,2.5180,10234,310,814554851847,3.5858,1.8963,13.0635,16651100,88500,274400,0,1700,0
walking,0,16.6647,16.6350,3.0239,16626,309,814555018661,4.5657,1.1539,12.0448,16648500,82100,533200,0,1500,0
walking,0,16.6691,16.6647,2.0849,10234,310,814555185011,2.8974,1.0396,13.7500,16651400,91600,354900,0,1500,0
walking,0,16.6671,16.6687,2.0101,10234,309,814555351658,2.2265,0.9387,14.4248,16651100,85300,239300,0,1400,0
walking,0,16.6660,16.6659,2.1770,10234,305,814555518345,2.4547,1.0058,14.1940,16645400,78500,1034700,0,1800,0
walking,0,16.6696,16.6684,2.0562,10234,306,814555685004,2.6915,0.8033,13.9601,16654400,84300,768300,0,2700,0
walking,0,16.6675,16.6694,2.3183,16626,306,814555851688,2.0870,1.2174,14.5644,16648500,94200,695900,0,2200,0
walking,0,16.7756,16.6615,2.0869,10234,307,814556018382,3.3442,1.0638,13.3013,16810700,94000,351000,0,2000,0
walking,0,16.6650,16.6728,2.7597,20590,302,814556184997,3.0782,1.8038,13.5764,16589900,91000,290300,0,1800,0
walking,0,16.6665,16.6676,2.1238,10234,238,814556351725,3.0403,1.5952,13.6083,16650200,81100,265800,0,1500,0
walking,0,16.6689,16.8297,1.6415,10234,233,814556518401,2.3200,1.7291,14.4909,16653500,82300,260500,0,1500,0
walking,0,16.7015,16.6078,1.5933,16626,233,814556686698,2.5514,0.8385,14.0386,16679100,72800,612400,0,1400,0
walking,0,16.7089,16.6670,1.6108,10234,230,814556852776,1.9766,0.7444,14.6736,16693800,81500,373700,0,1900,0
walking,0,16.6645,16.6716,1.5196,10234,228,814557019446,2.0648,1.2577,14.5889,16646400,75700,326300,0,2000,0
walking,0,16.6641,16.6984,1.8371,10234,225,814557186162,1.8422,0.7274,14.8370,16645600,81600,244500,0,1900,0
walking,0,16.6683,16.7110,1.5319,10234,225,814557353146,1.9998,0.9160,14.6942,16652800,82400,266700,0,1700,0
walking,0,16.6669,16.6644,1.9036,16626,225,814557520256,2.2625,0.7615,14.3841,16648500,81900,594600,0,1900,0
walking,0,16.7241,16.6630,1.5452,10234,218,814557686900,1.8896,0.7303,14.7561,16705300,78600,261300,0,1700,0
walking,0,16.6674,16.6691,1.5452,10234,219,814557853530,2.3831,0.8164,14.2699,16650900,79100,241600,0,1900,0
walking,0,16.7127,16.6669,1.8831,10234,216,814558020221,2.1279,0.7105,14.5209,16697900,88500,328900,0,2000,0
walking,0,16.6204,16.7244,1.5626,10234,216,814558186890,1.9299,0.7256,14.7755,16601700,89300,270300,0,1600,0
walking,0,16.6659,16.6671,1.8545,16626,213,814558354134,1.6696,1.0780,14.9815,16643000,90600,516600,0,1700,0
walking,0,16.6671,16.7178,2.0163,10234,213,814558520805,2.2753,1.1616,14.4227,16651500,90700,239100,0,1900,0
walking,0,16.6675,16.6207,1.4981,10234,209,814558687983,2.2962,0.9763,14.3058,16654000,73500,221300,0,1900,0
walking,0,16.6681,16.6577,1.8381,10234,209,814558854190,2.1107,0.7572,14.5324,16651200,86800,310500,0,2200,0
walking,0,16.6682,16.6663,1.4602,10234,209,814559020767,1.8170,0.7388,14.8346,16647700,84300,441800,0,3500,0
walking,0,16.6658,16.6704,1.8391,16626,209,814559187430,1.7953,1.1607,14.8588,16644100,80200,598800,0,1900,0
walking,0,16.7006,16.6699,1.5022,20074,208,814559354134,1.7806,0.8371,14.8707,16682400,81100,258300,0,1500,0
walking,0,16.6680,16.6679,1.4961,10234,173,814559520833,2.6042,0.8131,14.0437,16647400,79000,275800,0,1600,0
walking,0,16.6699,16.6650,1.4408,10234,173,814559687512,2.1088,1.2985,14.5354,16655600,85600,262600,0,1900,0
walking,0,16.6627,16.7014,1.4316,10234,173,814559854162,2.1247,0.6735,14.5579,16631300,99000,401700,0,2000,0
walking,0,16.6700,16.6690,1.8186,16626,173,814560021176,1.8322,0.7073,14.8154,16658100,85600,664900,0,1900,0
walking,0,16.6675,16.6801,1.4828,10234,173,814560187866,2.0340,1.2573,14.6219,16644400,83500,290300,0,1800,0
walking,0,16.6650,16.6495,1.4766,10234,141,814560354667,2.6564,1.2914,13.9751,16641600,98400,526800,0,1900,0
walking,0,16.6665,16.6799,1.4541,10234,141,814560521162,2.2460,0.7630,14.4122,16647700,93400,356600,0,1800,0
walking,0,16.6684,16.6658,1.4285,10234,139,814560687961,2.0054,0.9010,14.6392,16653100,118000,261900,0,1900,0
walking,0,16.6669,16.6584,1.7234,16626,139,814560854619,2.3086,1.1417,14.3331,16650700,87000,547000,0,2300,0
walking,0,16.6659,16.6661,1.4408,10234,139,814561021203,2.0611,0.7398,14.5867,16642200,96700,286100,0,1500,0
walking,0,16.6664,16.6719,1.4326,10234,139,814561187864,2.4217,0.8318,14.2315,16646600,94900,288300,0,1800,0
walking,0,16.6693,16.6702,1.4602,10234,139,814561354583,1.9083,0.7513,14.7426,16649600,88400,258000,0,1900,0
walking,0,16.6656,16.6636,1.4602,10234,141,814561521285,2.1773,1.1709,14.4651,16644100,99100,378400,0,1700,0
walking,0,16.6655,16.6664,1.4121,16626,138,814561687921,1.9461,0.6722,14.7006,16642200,88600,559100,0,1700,0
walking,0,16.6697,16.6697,1.4418,10234,138,814561854585,1.8832,0.8661,14.7667,16654600,82200,282600,0,2000,0
walking,0,16.6647,16.6646,1.4500,10234,138,814562021282,2.3729,0.8220,14.2714,16642900,86200,277600,0,1900,0
walking,0,16.6679,16.6605,1.7377,10234,131,814562187928,2.0566,0.7719,14.5858,16648500,84900,621900,0,2000,0
walking,0,16.6682,16.6753,1.4203,10234,128,814562354533,1.6128,0.6865,15.0420,16650300,89100,263700,0,1800,0
walking,0,16.6657,16.6617,1.4346,16626,129,814562521286,2.2444,0.8656,14.3986,16650700,82900,707200,0,1800,0
walking,0,16.6662,16.6661,1.5350,10234,128,814562687903,2.8699,0.6742,13.7787,16645500,93400,311400,0,1900,0
walking,0,16.6719,16.6679,1.4234,10234,127,814562854564,2.0041,0.8057,14.6464,16657500,88800,485500,0,1800,0
walking,0,16.6660,16.6696,1.4643,10234,122,814563021243,2.3172,0.8418,14.3337,16635200,83400,466100,0,1600,0
walking,0,16.6942,16.6645,1.4889,10234,122,814563187939,2.1381,0.8135,14.5078,16696900,104600,1493700,1008500,3000,0
walking,0,16.6505,16.6787,1.4356,16626,122,814563354584,2.2510,0.8094,14.4068,16595200,160000,703900,0,2200,0
walking,0,16.6698,16.6572,4.1646,10234,122,814563521371,2.3783,1.1503,14.2572,16653000,83700,273800,0,2900,0
walking,0,16.6790,16.7285,2.7290,10234,122,814563687943,3.5527,0.9096,13.1448,16679100,104300,309700,0,2100,0
walking,0,16.6539,16.6159,1.8432,10234,122,814563855228,2.6694,0.9134,13.9262,16602600,103200,318800,0,2000,0
walking,0,16.6958,16.6709,2.2651,21722,121,814564021387,2.1570,0.9330,14.4961,16689800,179200,325300,0,2900,0
walking,0,16.6579,16.7092,2.5580,16702,102,814564188096,2.3990,0.7505,14.2805,16606900,162300,817100,0,3300,0
walking,0,16.6755,16.6254,2.1473,10310,103,814564355188,2.2742,1.3618,14.3287,16675500,97700,319800,0,2200,0
walking,0,16.6590,16.7239,2.8150,10310,102,814564521442,3.0384,0.8950,13.6518,16609600,193800,809000,0,3700,0
walking,0,16.6671,16.6277,1.5524,10310,101,814564688681,2.9736,0.9021,13.6335,16642000,105800,547200,0,2100,0
walking,0,16.6675,16.7074,3.5277,10310,99,814564854958,2.6197,1.0788,14.0563,16651300,106200,538500,0,2300,0
walking,0,16.6666,16.6344,1.9917,16702,99,814565022032,3.1871,1.3602,13.4226,16643600,103300,730900,0,2000,0
walking,0,16.6680,16.6603,1.4469,10310,99,814565188376,2.1323,1.0323,14.5099,16655300,90200,546900,0,1700,0
walking,0,16.6646,16.6710,1.4377,10310,99,814565354979,2.6756,1.2988,13.9759,16642300,101500,261100,0,1600,0
walking,0,16.6708,16.6602,1.9210,10310,99,814565521689,2.3654,1.1246,14.2783,16659900,92300,251100,0,1900,0
walking,0,16.6655,16.6744,1.9466,10310,99,814565688291,2.0844,0.6819,14.5710,16643000,107600,267500,0,1900,0
walking,0,16.6643,16.6590,1.8002,16702,99,814565855035,1.9341,0.6051,14.7085,16641300,104100,966300,0,1900,0
walking,0,16.6874,16.6793,1.9753,10310,99,814566021625,1.8290,0.6781,14.8311,16676000,90800,377800,0,2300,0
walking,0,16.6474,16.6633,1.4940,10310,99,814566188418,2.0757,1.3069,14.5676,16622500,104500,264400,0,1900,0
walking,0,16.7555,16.6590,1.8688,10310,99,814566355051,2.3282,1.0444,14.3135,16736800,93100,663200,0,2000,0
walking,0,16.6671,16.6967,1.5268,16702,99,814566521641,2.4978,0.6385,14.1784,16648500,100700,714800,0,1900,0
walking,0,16.6678,16.6396,1.7746,10310,99,814566688608,1.9928,0.8382,14.6298,16651500,90900,272600,0,1700,0
walking,0,16.6684,16.7561,1.4940,10310,98,814566855004,2.4218,1.2867,14.3152,16650200,97300,731500,0,1800,0
walking,0,16.6646,16.6656,1.5544,10310,99,814567022565,2.2622,0.6641,14.3864,16644500,103500,268500,0,1800,0
walking,0,16.6675,16.6687,2.2518,10310,98,814567189221,1.9583,1.1049,14.6934,16648300,91200,255900,0,1800,0
walking,0,16.6677,16.6706,2.0593,16702,99,814567355908,2.2828,0.6277,14.3677,16652100,95100,662200,0,1500,0
walking,0,16.6656,16.6625,1.8627,10310,99,814567522614,2.0758,0.5671,14.5687,16649700,91300,247700,0,1900,0
walking,0,16.6701,16.6650,1.9313,10310,99,814567689239,1.7590,0.7228,14.8893,16656100,93700,461800,0,1800,0
walking,0,16.6647,16.6680,1.5555,10310,93,814567855889,2.1733,0.6008,14.4790,16641000,109900,322700,0,1900,0
walking,0,16.6801,16.6661,1.8975,10310,93,814568022569,1.7650,0.9522,14.8848,16686400,96900,253500,0,1900,0
walking,0,16.6635,16.6759,1.5913,16702,93,814568189230,2.1889,0.7376,14.4674,16608800,106100,651600,0,2400,0
walking,0,16.6573,16.6598,2.1770,10310,93,814568355989,1.9906,0.6160,14.6506,16615400,113300,278600,0,1600,0
walking,0,16.6703,16.7235,2.1115,10310,93,814568522587,2.0578,1.1361,14.6289,16661700,109400,284000,0,2400,0
walking,0,16.6630,16.6422,1.4787,10310,93,814568689822,2.4585,0.5663,14.1505,16632600,91400,246300,0,1400,0
walking,0,16.6705,16.6333,2.0951,10310,93,814568856244,1.9873,1.0606,14.6283,16653100,118600,264400,0,1900,0
walking,0,16.6655,16.6839,1.4438,16702,93,814569022577,2.4077,0.6908,14.2542,16646500,152500,669300,0,2100,0
walking,0,16.6670,16.6532,1.5882,10310,90,814569189416,1.8568,0.6904,14.7761,16643900,152200,266600,0,2000,0
walking,0,16.6682,16.6730,2.0838,10310,91,814569355948,2.0507,0.8259,14.6027,16649900,107700,426900,0,1600,0
walking,0,16.6650,16.6655,1.5063,10310,91,814569522678,2.5735,0.8755,14.0731,16643300,100200,266700,0,2000,0
walking,0,16.6687,16.6640,2.2856,10310,91,814569689333,2.2306,0.9414,14.4133,16655600,96500,374800,0,1700,0
walking,0,16.6657,16.6709,1.5862,16702,91,814569855973,2.1924,0.6058,14.4577,16641300,119000,660900,0,1700,0
walking,0,16.6678,16.6597,1.8790,10310,91,814570022682,1.8777,0.7746,14.7659,16644200,106900,250900,0,2100,0
walking,0,16.6692,16.6762,2.1033,20666,91,814570189279,2.1169,1.4029,14.5390,16654700,109300,284500,0,2100,0
walking,0,16.6641,16.6636,1.4971,10310,291,814570356041,1.9873,0.5878,14.6541,16639400,104200,287900,0,1900,0
walking,0,16.6793,16.6643,1.5974,10310,288,814570522677,1.8152,4.0145,14.8290,16679000,97000,268500,0,1800,0
walking,0,16.6585,16.6742,1.8616,16702,291,814570689320,2.7404,3.0788,13.9144,16615900,123300,599500,0,1700,0
walking,0,16.6653,16.6579,2.0521,10310,291,814570856062,2.3140,0.7470,14.3258,16638300,113600,271800,0,1800,0
walking,0,16.6717,16.7074,2.3982,10310,288,814571022641,2.0312,1.0733,14.6482,16661200,93300,332600,0,1800,0
walking,0,16.6634,16.6385,1.5688,10310,285,814571189715,2.3976,0.8024,14.2186,16627100,113900,359200,0,2000,0
walking,0,16.6660,16.6577,2.1371,10310,288,814571356100,2.2330,1.1768,14.4056,16645300,96000,335300,0,2300,0
walking,0,16.6651,16.6860,2.1740,16702,287,814571522677,1.9931,1.3241,14.6684,16644600,126700,754600,0,2000,0
walking,0,16.6665,16.6525,1.8975,10310,287,814571689537,2.2992,0.6703,14.3281,16650100,86500,297700,0,1700,0
walking,0,16.6686,16.6626,2.1545,10310,287,814571856062,1.8995,1.5211,14.7461,16655700,89500,256400,0,1700,0
walking,0,16.6656,16.6622,1.5677,10310,287,814572022688,2.2296,1.0649,14.4152,16643700,98800,302000,0,1300,0
walking,0,16.6704,16.6663,2.3286,10310,287,814572189310,1.7521,0.7324,14.8981,16660300,86300,240400,0,1500,0
walking,0,16.6663,16.6736,1.5739,16702,287,814572355973,1.8580,1.0364,14.7980,16643700,112800,903400,0,1700,0
walking,0,16.6647,16.6606,1.9200,10310,287,814572522709,1.7283,0.6002,14.9155,16642700,115500,382600,0,1700,0
walking,0,16.6670,16.6802,2.1473,10310,287,814572689315,1.7206,0.9790,14.9400,16648600,91600,293900,0,1700,0
walking,0,16.6659,16.6634,1.5596,20666,287,814572856117,2.5243,1.2014,14.1196,16651800,92500,255400,0,1500,0
walking,0,16.6694,16.6610,1.5401,10310,577,814573022751,2.1066,1.0834,14.5362,16652700,101500,276400,0,1700,0
walking,0,16.6681,16.6655,1.8463,16702,583,814573189361,1.7516,8.0305,14.8972,16648400,105400,594800,0,1500,0
walking,0,16.6642,16.6695,2.2149,10310,582,814573356016,2.3495,8.7951,14.3026,16641700,97300,287300,0,2000,0
walking,0,16.6723,16.6715,1.7889,10310,583,814573522711,2.3584,1.2476,14.2945,16659100,86100,340100,0,1600,0
walking,0,16.6658,16.6671,2.1361,10310,582,814573689426,2.8308,1.1702,13.8179,16640700,111900,315200,0,1700,0
walking,0,16.9003,16.6600,1.8637,10310,580,814573856097,2.8518,1.2607,13.7900,16878100,109900,584000,0,3700,0
walking,0,16.6688,16.6836,2.1340,16702,583,814574022697,3.0770,1.1234,13.5823,16652500,95100,651800,0,2000,0
walking,0,16.6648,16.6619,1.8524,10310,585,814574189533,2.9011,1.7986,13.7397,16640900,96000,280800,0,1800,0
walking,0,16.6682,16.8971,1.8616,10310,585,814574356152,3.5362,1.7495,13.3422,16650900,88000,245300,0,1500,0
walking,0,16.6669,16.6700,2.1934,10310,582,814574525123,2.7952,1.0844,13.8575,16647700,91400,330600,0,1500,0
walking,0,16.6702,16.6589,2.2620,10310,584,814574691823,2.6629,0.8999,13.9781,16658500,87700,465500,0,1700,0
walking,0,16.6650,16.6678,1.8555,47987,585,814574858412,2.7017,0.9622,13.9494,16643000,109100,4200900,0,1600,0
walking,0,16.6678,16.6663,1.9149,10310,584,814575025090,2.6777,1.0143,13.9702,16645000,112000,385200,0,1600,0
walking,0,16.6672,16.6800,2.2436,10310,578,814575191753,2.9517,1.6912,13.7071,16650300,100000,538300,0,1900,0
walking,0,16.6642,16.6627,2.1678,10310,583,814575358553,4.9812,1.2301,11.6620,16638600,91600,318500,0,1600,0
walking,0,16.6674,16.6654,1.9354,10310,585,814575525180,2.9882,1.2475,13.6571,16652800,81400,276500,0,1700,0
walking,0,16.6672,16.6709,1.9415,16702,583,814575691834,3.2135,1.5381,13.4370,16648400,86100,511700,0,1600,0
walking,0,16.6672,16.6534,2.2180,10310,578,814575858543,2.1998,1.3931,14.4389,16655400,80700,270700,0,1800,0
walking,0,16.6703,16.6709,1.8801,10310,572,814576025077,1.9677,1.3692,14.6851,16648200,107300,365200,0,2100,0
walking,0,16.6638,16.6656,2.2600,10310,573,814576191786,2.2980,1.3584,14.3505,16636600,98900,365900,0,1500,0
walking,0,16.6676,16.6755,2.3276,10310,566,814576358442,2.0350,1.0642,14.6205,16660500,89900,255100,0,1800,0
walking,0,16.6685,16.6707,1.9907,16702,569,814576525197,2.4495,1.2732,14.1988,16642400,91900,519800,0,1800,0
walking,0,16.6666,16.6562,1.9804,10310,567,814576691904,2.4931,1.4628,14.1436,16641800,93600,308700,0,1900,0
walking,0,16.6674,16.6803,1.9814,10310,557,814576858466,2.1975,1.2224,14.4632,16650100,92200,269600,0,1800,0
walking,0,16.6661,16.6609,2.3163,10310,567,814577025269,2.5194,1.1023,14.1231,16645600,97700,611400,0,1900,0
walking,0,16.6654,16.6619,2.4177,10310,567,814577191878,2.7224,1.0979,13.9196,16581100,97900,355700,0,1500,0
walking,0,16.6674,16.6701,1.8964,16702,567,814577358497,2.7111,1.0743,13.9391,16651800,83600,571800,0,1400,0
walking,0,16.6678,16.7288,1.9896,10310,567,814577525198,3.1062,1.0989,13.5396,16652900,83800,274300,0,1700,0
walking,0,16.6658,16.5977,1.9773,10310,565,814577692486,2.6879,1.5034,13.8934,16649900,90300,312100,0,1800,0
walking,0,16.6673,16.6684,1.9036,10310,561,814577858463,2.0307,1.3871,14.6212,16651300,92700,244800,0,1700,0
walking,0,16.6678,16.6685,2.3112,10310,560,814578025147,1.9056,1.5102,14.7475,16649500,93500,241300,0,1800,0
walking,0,16.6791,16.6668,2.1668,16702,556,814578191832,2.5242,1.2906,14.1258,16662200,87400,514200,0,1600,0
walking,0,16.6589,16.6675,2.2200,10310,549,814578358500,2.1173,1.3780,14.5342,16639600,84300,250700,0,1500,0
walking,0,16.6697,16.6686,1.9046,10310,546,814578525175,1.9290,1.1830,14.7207,16645500,105100,299000,0,1800,0
walking,0,16.6629,16.6846,2.1760,10310,544,814578691861,2.2665,0.9989,14.3960,16633100,102400,390100,0,2500,0
walking,0,16.6682,16.6616,1.9241,10310,544,814578858707,2.1106,1.6024,14.5292,16644700,114500,344000,0,1800,0
walking,0,16.6665,16.6741,1.9261,16702,544,814579025323,2.6015,1.3941,14.0441,16647000,115100,920500,0,2500,0
walking,0,16.6662,16.6578,1.8924,10310,544,814579192064,2.7063,1.1937,13.9270,16641800,105200,327800,0,2000,0
walking,0,16.6668,16.6641,1.9159,10310,543,814579358642,3.1854,1.2913,13.4594,16648300,102600,317100,0,1800,0
walking,0,16.6679,16.6679,2.5569,10310,538,814579525283,3.1431,1.1271,13.5041,16712400,105200,517100,0,1900,0
walking,0,16.6709,16.6645,1.9610,10310,543,814579691962,2.9552,1.2316,13.6870,16591400,166900,704600,0,3000,0
walking,0,16.6672,16.6672,1.9773,16702,541,814579858607,3.2548,1.4810,13.3937,16642300,120400,960300,0,2700,0
walking,0,16.6614,16.7321,1.9466,10310,536,814580025279,3.3504,1.9298,13.3623,16630600,193100,512400,0,3700,0
walking,0,16.7270,16.6168,2.5989,10310,534,814580192600,4.4532,2.4083,12.1384,16715300,101400,562100,0,1700,0
walking,0,17.0714,16.6664,2.2518,10310,535,814580358768,3.1342,2.1911,13.5083,17040600,177400,325400,0,2200,0
walking,0,16.6674,16.6496,1.8872,10310,534,814580525432,3.2003,2.2876,13.4304,16649000,116600,653200,0,1900,0
walking,0,16.6669,16.7400,3.9332,16702,535,814580691928,3.2924,1.3245,13.4231,16642300,115700,864200,0,1700,0
walking,0,16.6714,17.0624,3.0085,10310,535,814580859328,2.8321,1.2243,14.2087,16654800,101400,459700,0,2300,0
walking,0,16.6635,16.6707,2.7505,10310,535,814581029952,3.1965,2.2449,13.4527,16632200,155300,503700,0,2200,0
walking,0,16.6656,16.6631,2.2180,10310,535,814581196659,2.8922,2.1578,13.7502,16641400,117100,360800,0,2300,0
walking,0,16.6707,16.6793,1.9476,10310,534,814581363290,3.2067,1.9519,13.4484,16654700,108300,607800,0,2100,0
walking,0,16.6644,16.6576,2.3460,16702,534,814581530083,2.9623,1.8949,13.6701,16639800,113100,739400,0,2200,0
walking,0,16.6688,16.6629,1.9835,10310,503,814581696659,2.9516,2.0596,13.6899,16647200,103200,348100,0,1700,0
walking,0,16.6670,16.6760,1.8852,10310,503,814581863288,3.8093,1.4622,12.8457,16648400,110100,509200,0,2000,0
walking,0,16.6653,16.6625,2.2385,10310,503,814582030048,3.1272,1.4050,13.5128,16639800,113900,329800,0,2300,0
walking,0,16.6656,16.6676,2.0500,10310,503,814582196673,2.4858,1.9897,14.1616,16643000,179300,500200,0,2100,0
walking,0,16.6686,16.6689,2.7320,16702,502,814582363349,3.0089,1.2144,13.6397,16647600,109900,815800,0,2900,0
walking,0,16.6727,16.6620,7.0267,10310,503,814582530038,2.8156,1.8937,13.8243,16653400,134400,579500,0,3000,0
walking,0,16.6601,16.6674,2.6266,10310,503,814582696658,3.3789,1.7638,13.2641,16635000,118800,2258200,1572700,2100,0
walking,0,16.6977,16.6676,3.2430,10310,501,814582863332,3.3876,1.9861,13.2601,16679800,111100,299400,0,1800,0
walking,0,16.6634,16.6756,3.0085,10310,503,814583030008,3.8246,2.1898,12.8291,16626500,154500,341800,0,2200,0
walking,0,16.6661,16.6550,2.8805,16702,503,814583196764,4.7303,1.5009,11.9051,16645500,104500,710100,0,1600,0
walking,0,16.6690,16.7071,3.0065,10310,502,814583363314,2.7752,1.8003,13.9049,16656600,113600,403800,0,1900,0
walking,0,16.6670,16.6511,3.0423,10310,502,814583530385,4.7814,1.2242,11.8454,16639300,103600,558000,0,2000,0
walking,0,16.6693,16.6663,2.9624,10310,496,814583696896,3.0071,1.8083,13.6386,16650900,139100,310600,0,3000,0
walking,0,16.6637,16.6781,3.0720,10310,498,814583863559,2.5500,1.4228,14.1068,16633600,158000,777300,0,2900,0
walking,0,16.6701,16.6603,2.6849,16702,497,814584030340,3.1377,1.0678,13.5017,16650200,113900,872400,0,1900,0
walking,0,16.6648,16.6758,3.1386,10234,495,814584196943,3.1204,1.5153,13.5309,16643300,92900,554700,0,1800,0
walking,0,16.6817,16.6589,2.7136,10234,495,814584363701,4.0166,1.3672,12.6171,16663600,94000,531400,0,2000,0
walking,0,16.6552,16.6695,3.0054,10234,497,814584530290,3.2823,1.8064,13.3680,16625900,97600,420600,0,2400,0
walking,0,16.6657,16.6639,2.3368,10234,499,814584696985,3.5636,2.0006,13.0800,16632300,135500,378800,0,3000,0
walking,0,16.6676,16.6902,2.3450,16626,491,814584863624,4.1018,1.8845,12.5620,16647100,95100,937300,0,2400,0
walking,0,16.6659,16.6530,1.9436,10234,491,814585030526,3.4079,1.8376,13.2183,16643400,104200,571100,0,2400,0
walking,0,16.6656,16.6593,1.8964,10234,490,814585197056,3.4466,2.5221,13.1858,16646000,94600,574800,0,2300,0
walking,0,16.6650,16.6697,3.5635,10234,489,814585363649,3.2330,1.5276,13.4143,16644800,88600,445900,0,1700,0
walking,0,16.6698,16.6628,4.9531,10234,490,814585530346,3.2585,1.5616,13.3850,16651100,93100,459500,0,1900,0
walking,0,16.6658,16.6657,1.9579,16626,490,814585696974,3.5896,1.2760,13.0567,16643600,99300,863500,0,1900,0
walking,0,16.6673,16.6640,2.1780,10234,489,814585863631,3.1021,1.1167,13.5428,16647200,90800,483600,0,2000,0
walking,0,16.6670,16.6718,1.8729,10234,480,814586030271,3.0738,2.1865,13.5774,16648600,89800,400500,0,2400,0
walking,0,16.6682,16.6639,2.2712,10234,473,814586196989,3.6066,1.5729,13.0373,16653200,88700,711700,0,1600,0
walking,0,16.6640,16.6658,1.8708,10234,471,814586363628,3.6785,1.8297,12.9690,16639900,88200,299800,0,2000,0
walking,0,16.6684,16.6670,2.6296,16626,473,814586530286,2.8198,1.2650,13.8290,16699600,90600,778100,0,1800,0
walking,0,16.6702,16.6741,2.1484,10234,473,814586696956,3.2455,1.0671,13.4079,16602600,88300,364600,0,2000,0
walking,0,16.6634,16.6599,1.8893,10234,473,814586863697,2.8396,1.9534,13.8004,16533200,93500,424000,0,2100,0
walking,0,16.6674,16.7190,1.8657,10234,348,814587030296,3.5326,1.6795,13.1673,16645100,93300,834300,0,1700,0
walking,0,16.6676,16.7311,2.6317,10234,341,814587197486,3.3172,1.2251,13.2858,16649600,92200,723600,0,2100,0
walking,0,16.6651,16.5557,2.0695,16626,343,814587364797,3.0880,1.3000,13.4453,16644300,96100,683300,0,1900,0
walking,0,16.6682,16.6633,2.5856,10234,339,814587530354,3.0741,1.3205,13.5712,16651900,96100,776300,0,3100,0
walking,0,16.6701,16.6682,2.0879,10234,335,814587696987,3.4729,2.2552,13.1769,16651800,92700,354400,0,1700,0
walking,0,16.6646,16.6622,2.4607,20074,335,814587863669,2.9931,1.2821,13.6513,16645100,90200,546100,0,1800,0
walking,0,16.6671,16.6700,2.1228,10234,309,814588030291,3.4205,1.2106,13.2316,16647400,92400,298900,0,2100,0
walking,0,16.6756,16.6706,2.3613,16626,307,814588196991,2.6775,1.2257,13.9744,16666500,94500,641400,0,3000,0
walking,0,16.6573,16.6642,2.3777,10234,303,814588363697,3.6206,0.9571,13.0247,16629000,91000,316300,0,1600,0
walking,0,16.6679,16.6671,1.9722,10234,310,814588530339,2.5668,1.5606,14.0807,16650200,87400,299000,0,1600,0
walking,0,16.6663,16.6854,2.3460,10234,308,814588697010,3.0240,1.1566,13.6427,16648400,94900,277400,0,2300,0
walking,0,16.6673,16.6461,2.1637,10234,302,814588863864,2.7297,1.0302,13.8994,16649800,90500,351200,0,1500,0
walking,0,16.6694,16.6690,2.0429,16626,307,814589030325,2.9734,0.9435,13.6769,16652200,92200,893400,0,1800,0
walking,0,16.6649,16.6655,2.1166,10234,307,814589197015,2.8689,1.6220,13.7796,16643100,92600,290500,0,2000,0
activity,3,16.6680,16.6682,2.1791,20974,307,814589363670,2.7279,1.4733,13.9221,16653400,271000,303100,0,2000,0
activity,0,16.6677,16.6705,2.5037,10298,301,814589530352,3.0941,1.1145,13.5583,16649400,86200,739300,0,2100,0
activity,0,16.6682,16.6620,1.7572,10274,301,814589697057,2.7101,1.7455,13.9332,16651400,87700,540100,0,3500,0
activity,0,16.6641,16.6710,2.0009,16666,300,814589863677,3.1310,1.1024,13.5225,16640500,88500,951600,0,2000,0
activity,0,16.6684,16.6678,1.7725,10274,301,814590030387,2.9760,1.1083,13.6735,16647900,95400,358700,0,2100,0
activity,0,16.6761,16.6721,2.4279,10274,301,814590197065,3.1416,1.7759,13.5100,16661400,85500,317400,0,2000,0
activity,0,16.6654,16.6591,1.7644,10274,301,814590363786,2.7662,1.4760,13.8745,16609800,94700,413000,0,2200,0
activity,0,16.7887,16.6669,1.7879,10274,301,814590530377,2.3749,1.3673,14.2732,16770200,88600,346500,0,1800,0
activity,0,16.6674,16.7102,1.7756,16666,301,814590697046,2.7255,0.9178,13.9360,16647500,83800,743100,0,1600,0
activity,0,16.6665,16.6331,2.4146,10274,301,814590864148,2.7442,1.3097,13.8660,16647600,82200,288300,0,1800,0
activity,0,16.6675,16.7886,1.7367,10274,301,814591030479,2.1631,1.7856,14.6074,16652400,139400,375200,0,2300,0
activity,0,16.6685,16.6669,1.7469,10274,301,814591198365,2.3418,0.7599,14.3061,16647800,87100,725500,0,1600,0
activity,0,16.6670,16.6649,1.8063,10274,300,814591365034,2.2368,1.5579,14.4111,16647600,94500,675800,0,3200,0
activity,0,16.6653,16.6723,1.7674,16666,301,814591531683,2.9553,1.0304,13.6973,16647200,84600,639800,0,1900,0
activity,0,16.6678,16.6670,2.0705,10274,299,814591698406,2.7327,1.2938,13.9153,16647500,84900,320600,0,1600,0
activity,0,16.6671,16.6664,1.7777,10274,300,814591865076,3.1800,1.0305,13.4678,16648200,80800,296300,0,2000,0
activity,0,16.6669,16.6657,1.8115,10274,301,814592031740,2.4397,1.0003,14.2078,16649700,84800,273700,0,2000,0
activity,0,16.6675,16.6648,1.8094,10274,300,814592198397,2.4486,0.9077,14.1990,16648800,87200,384800,0,2000,0
activity,0,16.6677,16.6671,1.8145,16666,301,814592365045,2.4906,0.9101,14.1577,16628000,119300,805300,0,2500,0
activity,0,16.6658,16.6686,2.0337,10274,301,814592531716,2.2171,0.9004,14.4327,16644100,92100,486900,0,1600,0
activity,0,16.6688,16.6689,1.8422,10274,301,814592698402,2.5473,1.6590,14.1018,16651100,85900,396400,0,1900,0
activity,0,16.6665,16.6676,1.7316,10274,300,814592865091,2.9628,1.4302,13.6651,16644900,119300,346200,0,3000,0
activity,0,16.6719,16.6646,1.8360,10274,301,814593031767,2.3725,1.0950,14.2718,16655900,122300,388600,0,2400,0
activity,0,16.9591,16.6699,1.7500,16666,300,814593198413,2.3525,0.9789,14.2988,16929700,85100,1262000,0,2000,0
activity,0,16.6692,16.6654,2.0572,10274,300,814593365112,2.8527,1.4920,13.7924,16650100,86300,315500,0,2000,0
activity,0,16.6657,16.6792,1.7449,10274,301,814593531766,2.2109,1.2903,14.4452,16645700,89300,316800,0,2200,0
activity,0,16.6659,16.9526,2.0572,10274,301,814593698558,3.6914,1.1584,13.2384,16648500,82800,340100,0,1800,0
activity,0,16.6696,16.6700,1.8524,10274,301,814593868084,2.2919,1.0648,14.3582,16652700,87600,346100,0,1600,0
activity,0,16.6673,16.6637,1.7060,16666,301,814594034784,2.5354,1.3414,14.1104,16642300,88200,700300,0,2100,0
activity,0,16.6651,16.6668,2.0736,10274,301,814594201421,2.1274,1.1447,14.5212,16646500,100000,284500,0,1600,0
activity,0,16.6668,16.6722,1.7869,10274,301,814594368089,2.2314,1.4696,14.4216,16647900,86400,314000,0,2400,0
activity,0,16.8085,16.6646,2.1555,10274,301,814594534811,2.5393,0.9768,14.1031,16797600,92000,302100,0,2000,0
activity,0,16.6555,16.6648,1.8053,10274,300,814594701457,2.3558,1.4104,14.2909,16629600,85500,306500,0,2100,0
activity,0,16.6681,16.6659,1.7132,16666,300,814594868105,2.5467,1.1489,14.1014,16649200,86700,1092700,0,2100,0
activity,0,16.6686,16.8164,2.0910,10274,301,814595034764,2.1151,1.2303,14.6826,16649800,90200,289700,0,2100,0
activity,0,16.6674,16.6489,1.7172,10274,301,814595202928,2.1662,1.9637,14.4635,16605900,91800,313600,0,1900,0
activity,0,16.6767,16.6689,2.1012,10274,297,814595369417,3.1271,0.8449,13.5223,16659800,92300,534600,0,1700,0
activity,0,16.6560,16.6690,1.8104,10274,301,814595536106,2.0746,0.9569,14.5754,16619000,90000,458400,0,2000,0
activity,0,16.6672,16.6678,2.1279,16666,301,814595702796,2.3564,1.3660,14.2496,16644300,88800,773900,0,2000,0
activity,0,16.6668,16.6796,1.7828,10274,299,814595869474,3.2472,1.5155,13.4129,16648100,85400,300800,0,1700,0
activity,0,16.6667,16.6530,1.8094,10274,301,814596036270,2.5472,1.3878,14.0716,16647800,100400,481500,0,1800,0
activity,0,16.6682,16.6648,1.7541,10274,301,814596202800,2.6573,0.8755,13.9872,16650300,89500,376100,0,1900,0
activity,0,16.6660,16.6668,1.7900,10274,301,814596369448,2.0913,1.5219,14.5570,16645100,82000,377700,0,2300,0
activity,0,16.6682,16.6664,1.7418,16666,299,814596536116,2.8460,1.1070,13.8020,16649600,82700,851400,0,1700,0
activity,0,16.6655,16.6695,1.7183,10274,300,814596702780,2.7014,0.9832,13.9490,16657400,80300,454800,0,1700,0
activity,0,16.6849,16.6654,1.7060,10274,299,814596869475,2.5831,1.1141,14.0623,16655200,84800,317000,0,1700,0
activity,0,16.6658,16.6678,2.0419,10274,301,814597036129,2.9474,1.1101,13.7024,16644900,89700,275000,0,2300,0
activity,0,16.7843,16.6759,1.7224,10274,301,814597202807,2.6471,0.9520,14.0106,16760400,84200,429800,0,1700,0
activity,0,16.6760,16.6755,1.7500,16666,300,814597369566,2.5730,1.1658,14.0824,16669500,82600,1283200,0,1800,0
activity,0,16.6578,16.6642,1.6876,10274,301,814597536321,1.9174,0.9277,14.7276,16618600,79700,332400,0,1500,0
activity,0,16.6664,16.7855,1.7449,10274,301,814597702963,2.1963,1.0179,14.5641,16646300,85300,371100,0,1900,0
activity,0,16.6668,16.6954,2.0439,10274,301,814597870818,2.9565,1.3801,13.7135,16648000,81100,342200,0,1900,0
activity,0,16.6676,16.6381,1.7367,10274,300,814598037772,2.0084,1.3918,14.6103,16649800,84600,266200,0,1800,0
activity,0,16.6663,16.6663,1.7244,16666,301,814598204153,2.1388,1.4316,14.5077,16647100,85300,726800,0,2000,0
activity,0,16.6675,16.6660,2.0408,10274,301,814598370816,2.0634,0.8429,14.5848,16649700,84600,631300,0,2200,0
activity,0,16.6689,16.6694,1.6916,10274,301,814598537476,1.8925,1.3997,14.7575,16650100,87700,353600,0,1700,0
activity,0,16.6649,16.6640,2.0470,10274,301,814598704170,2.3161,1.6450,14.3313,16645200,84300,281000,0,2000,0
activity,0,16.6671,16.6671,1.7480,10274,300,814598870810,2.5243,1.4170,14.1257,16651500,83400,382900,0,2000,0
activity,0,16.6681,16.6704,1.7224,16666,301,814599037481,2.6825,0.8080,13.9677,16650300,90000,687800,0,1700,0
activity,0,16.6671,16.6621,1.7039,10274,301,814599204185,2.3333,1.3997,14.3122,16647800,83300,435800,0,2100,0
activity,4,16.6665,16.6693,1.7449,170084,301,814599370806,2.6193,0.9874,14.0322,16642900,2570100,10155900,0,2100,0
activity,0,16.6665,16.6697,1.7224,13196,311,814599537499,2.5772,1.4803,14.0731,16647400,88100,421900,0,1700,0
activity,0,16.6675,16.6695,2.4893,13196,311,814599704196,2.7537,2.5723,13.8942,16651800,86800,444100,0,1500,0
activity,0,16.6656,16.6625,1.7019,19588,311,814599870891,10.8590,1.3402,5.7840,16645200,92000,1396000,0,2100,0
activity,0,16.6683,16.6650,2.0470,13196,311,814600037516,2.5931,1.4912,14.0543,16651200,85500,508500,0,1800,0
activity,0,16.6675,16.6692,2.1617,29476,311,814600204166,2.5287,1.1175,14.1233,16648900,82400,1620000,0,1700,0
activity,0,16.6661,16.6644,2.0470,13196,310,814600370858,3.1451,1.5887,13.5004,16646700,82700,843200,0,1700,0
activity,0,16.6672,16.6699,2.1309,13196,310,814600537502,2.2266,1.2729,14.4248,16652800,80000,385100,0,2300,0
activity,0,16.6670,16.6676,2.0419,19588,311,814600704201,3.9568,1.1505,12.6922,16648700,83500,2462400,1256100,1600,0
activity,0,16.6664,16.6639,1.7265,13196,308,814600870877,3.0901,1.3047,13.5568,16645700,101300,499900,0,2100,0
activity,0,16.6687,16.6715,1.7203,29476,311,814601037516,2.6662,1.1550,13.9867,16651900,89100,1878800,0,1900,0
activity,0,16.6662,16.6670,2.0408,13196,311,814601204231,4.3599,1.3603,12.2890,16646300,88500,461000,0,2200,0
activity,0,16.7333,16.6636,2.0859,13196,309,814601370901,2.7377,1.6559,13.9081,16716000,86500,710200,0,1800,0
activity,0,16.6728,16.6704,1.7152,19588,311,814601537537,4.1573,0.9721,12.4946,16649000,90400,846400,0,2200,0
activity,0,16.6586,16.6659,2.0408,13196,311,814601704241,2.9851,1.6881,13.6613,16644300,85900,732500,0,2000,0
activity,0,16.6664,16.7363,2.1453,29476,311,814601870900,3.0062,1.6413,13.7099,16642900,99500,2802000,0,2100,0
activity,0,16.6689,16.6686,2.0582,13196,310,814602038263,2.6743,1.3999,13.9748,16652400,89400,357200,0,1800,0
activity,0,16.6657,16.6643,2.1494,13196,311,814602204949,2.6741,1.4228,13.9703,16646700,87500,439700,0,2200,0
activity,0,16.6673,16.6609,1.7490,19588,311,814602371592,4.5642,0.9626,12.0789,16645200,119500,811700,0,2700,0
activity,0,16.6666,16.6710,1.6968,13196,311,814602538201,2.3019,1.4844,14.3507,16649100,91100,372100,0,2100,0
activity,0,16.6665,16.6652,1.7132,29476,311,814602704911,2.4021,1.6297,14.2446,16644200,92100,1784200,0,2000,0
activity,4,16.6670,16.6665,2.0408,34580,311,814602871563,2.8941,0.9317,13.7513,16648600,995900,1541100,0,2600,0
activity,0,16.6686,16.6699,2.1299,13070,311,814603038228,2.5770,1.2519,14.0723,16652700,84400,370300,0,1700,0
activity,0,16.9333,16.6612,2.1309,19462,311,814603204927,3.4737,1.8845,13.1706,16914800,86200,1190900,0,1800,0
activity,0,16.6664,16.6667,1.7347,13070,311,814603371539,4.2426,1.4376,12.4063,16636600,84300,450700,0,2000,0
activity,0,16.6679,16.6705,1.7459,29350,311,814603538206,2.7940,1.6344,13.8587,16649800,87700,1661900,0,1800,0
activity,0,16.6684,16.9368,2.0480,13070,311,814603704911,3.2554,1.2521,13.6597,16654900,81000,431200,0,2100,0
activity,0,16.6651,16.6619,2.0255,13070,311,814603874279,2.5058,1.1920,14.1310,16641500,86800,435000,0,2200,0
activity,0,16.6654,16.6673,2.0285,19462,311,814604040898,3.5171,1.3224,13.1329,16645700,89800,805600,0,2000,0
activity,0,16.6690,16.6744,2.4494,13070,311,814604207571,2.8593,1.8138,13.7958,16652000,86700,589700,0,1500,0
activity,0,16.6670,16.6604,1.7244,29350,311,814604374315,2.6070,1.0384,14.0348,16647900,84800,1751500,0,1700,0
activity,0,16.8195,16.6640,2.1217,13070,311,814604540919,2.7857,1.5206,13.8601,16804300,92600,427300,0,1900,0
activity,0,16.6565,16.6703,2.2815,13070,310,814604707559,2.7558,1.5518,13.8963,16635000,83800,374500,0,1800,0
activity,0,16.6657,16.6667,2.0398,19462,311,814604874262,3.7988,1.4216,12.8493,16643500,85800,903200,0,1900,0
activity,0,16.6673,16.8227,1.8186,13070,311,814605040929,2.9086,1.0709,13.8959,16646900,90500,425000,0,2000,0
activity,0,16.6870,16.6543,2.1094,29350,311,814605209156,2.7764,1.0860,13.8587,16669100,84800,2331100,0,1900,0
activity,0,16.6680,16.6665,2.0429,13070,308,814605375699,3.0596,1.1959,13.5842,16644500,85500,586100,0,3200,0
activity,0,16.6649,16.6660,2.1647,13070,311,814605542364,2.7078,1.2050,13.9394,16646800,88200,481100,0,1900,0
activity,0,16.6693,16.6885,1.7992,19462,311,814605709024,4.0255,1.4584,12.6439,16648700,85700,1440000,0,1900,0
activity,0,16.6663,16.6676,2.2344,13070,310,814605875909,2.8382,1.4862,13.8064,16647100,87200,467800,0,2000,0
activity,0,16.6977,16.6657,2.4832,29350,310,814606042585,2.7703,1.2601,13.8766,16682400,84600,2135800,0,2000,0
activity,0,16.6650,16.6671,2.0244,13070,310,814606209242,3.3611,1.1188,13.2878,16645300,85300,1074700,0,1800,0
activity,4,16.6755,16.6655,2.2026,30566,311,814606375913,2.7414,1.5846,13.9058,16660200,1891800,1453100,0,2800,0
activity,0,16.6611,16.7011,1.7674,19508,316,814606542568,3.5633,1.1434,13.1192,16637600,90300,705100,0,2400,0
activity,0,16.6668,16.6637,1.8186,13116,316,814606709579,3.2157,1.9712,13.4298,16649100,88300,423600,0,1800,0
activity,0,16.6677,16.6799,1.7859,29396,315,814606876216,5.2147,1.3519,11.4456,16658200,84900,2551300,0,1700,0
activity,0,16.6655,16.6562,2.0562,13116,316,814607043015,2.9048,1.0329,13.7330,16636600,91200,772100,0,1900,0
activity,0,16.6686,16.6678,2.1248,13116,316,814607209577,2.7263,1.2546,13.9230,16614300,124100,632800,0,2600,0
activity,0,16.8023,16.6766,1.9999,19508,316,814607376255,4.2321,1.5992,12.4265,16785000,92000,1527900,0,1700,0
activity,0,16.6635,16.6556,2.2354,13116,316,814607543021,3.0440,1.6387,13.5930,16633800,93100,429000,0,2200,0
activity,0,16.6667,16.6699,1.8063,29396,315,814607709577,3.1118,1.6764,13.5026,16646400,87300,1351300,0,2100,0
activity,0,16.6694,16.8078,2.6706,13116,316,814607876276,3.8506,1.3737,12.9345,16653000,89100,392800,0,2000,0
activity,0,16.6645,16.6576,1.7859,13116,316,814608044354,2.8877,1.5310,13.7462,16634900,121800,370900,0,2700,0
activity,0,16.6763,16.6651,2.1371,19508,316,814608210930,3.3962,1.0779,13.2504,16664900,89900,1013800,0,1800,0
activity,0,16.6585,16.6769,1.8043,13116,316,814608377581,2.5871,0.9687,14.0661,16630700,127000,364100,0,3300,0
activity,0,16.6689,16.6586,1.7234,29396,315,814608544350,2.7019,1.6166,13.9330,16651000,92100,2180300,0,1800,0
activity,0,16.6648,16.6839,2.2303,13116,314,814608710936,2.9379,1.0001,13.7271,16643700,91500,451100,0,2400,0
activity,0,16.6671,16.6494,2.1361,13116,315,814608877775,3.2328,1.7666,13.3979,16648600,86500,1119400,0,1600,0
activity,0,16.6662,16.6698,1.8053,19508,314,814609044269,4.0781,1.0800,12.5731,16649900,83900,754700,0,3200,0
activity,0,16.6661,16.6633,2.4566,13116,314,814609210967,2.9881,1.4148,13.6559,16647800,373900,373500,0,1800,0
activity,0,16.6687,16.6657,1.7869,29396,316,814609377600,3.2236,1.2467,13.4251,16652800,78600,1925600,0,1700,0
activity,0,16.6671,16.6675,2.0746,13116,315,814609544257,2.9843,0.8761,13.6657,16651400,80900,361600,0,1600,0
activity,0,16.6680,16.6645,2.1463,13116,316,814609710932,2.8340,1.1711,13.8140,16621700,89000,420500,0,2700,0
activity,4,16.6673,16.6697,1.7838,34942,316,814609877577,3.5265,0.9155,13.1267,16649500,155100,1447500,0,2100,0
activity,0,16.6683,16.6707,2.2385,13086,321,814610044274,2.2036,0.9244,14.4483,16625900,83700,915600,0,2000,0
activity,0,16.6633,16.6658,1.8371,29366,321,814610210981,3.1369,1.5307,13.4850,16633900,97400,1656000,0,1900,0
activity,0,16.6694,16.6717,2.0234,13086,321,814610377639,3.4637,1.4603,13.1861,16653700,89200,971900,0,1800,0
activity,0,16.6690,16.6692,2.1555,13086,321,814610544356,3.3257,1.7404,13.3003,16654300,85500,441000,0,1800,0
activity,0,16.6669,16.6556,2.0224,19478,320,814610711048,3.6944,1.2667,12.9397,16643100,123200,690400,0,1900,0
activity,0,16.6655,16.6719,1.7080,13086,321,814610877604,3.0332,1.3938,13.6207,16642000,92200,349700,0,1800,0
activity,0,16.6672,16.6767,1.7162,29366,321,814611044323,2.2032,1.0604,14.4513,16646400,112200,1560700,0,2300,0
activity,0,16.6684,16.6637,2.0224,13086,321,814611211090,2.7474,0.8695,13.8961,16644900,89500,330000,0,1800,0
activity,0,16.7662,16.6627,2.0398,13086,321,814611377727,2.5307,1.0455,14.1114,16772100,92100,413600,0,1900,0
activity,0,16.6639,16.6733,1.7183,19478,319,814611544354,3.5694,0.7581,13.0773,16610500,91000,821000,0,1600,0
activity,0,16.6652,16.6675,2.1811,13086,318,814611711087,2.5146,0.9124,14.1304,16646700,86400,616400,0,2000,0
activity,0,16.6674,16.7935,1.6865,29366,321,814611877762,3.0214,0.9036,13.7508,16649100,95600,2095700,0,2100,0
activity,0,16.6698,16.6298,2.1043,13086,320,814612045697,2.8281,1.3768,13.7825,16653500,90400,546200,0,2000,0
activity,0,16.6625,16.6641,2.1299,13086,321,814612211995,2.6276,1.6716,14.0192,16639100,96600,442900,0,2800,0
activity,0,16.6676,16.6671,1.7162,19478,321,814612378636,4.1095,1.1599,12.5398,16653000,86700,872200,0,1800,0
activity,0,16.6695,16.6728,2.3736,13086,320,814612545307,2.9245,1.5908,13.7291,16650200,90100,431900,0,1600,0
activity,0,16.7183,16.6581,1.7388,29366,321,814612712035,3.2481,1.0117,13.3910,16700200,90400,1812400,0,23900,0
activity,0,16.6663,16.6709,2.4443,13086,321,814612878616,2.5870,1.0620,14.0661,16645000,92200,724900,0,1800,0
activity,0,16.6663,16.6694,2.3409,13086,319,814613045325,2.7878,1.1888,13.8627,16647200,88200,646500,0,2200,0
activity,0,16.6673,16.7191,1.7050,19478,320,814613212019,3.7935,1.0212,12.9069,16649600,85900,1002300,0,1800,0
activity,4,16.6698,16.6643,2.4771,53582,321,814613379210,3.3777,0.9714,13.2674,16660100,1816200,4522400,0,3000,0
activity,0,16.6662,16.6652,1.6947,30068,323,814613545853,2.8465,1.1212,13.8008,16635000,157000,1745500,0,2100,0
activity,0,16.6655,16.6676,1.7193,13788,323,814613712505,3.3167,2.2612,13.3330,16644300,87300,419800,1201500,1900,0
activity,0,16.6693,16.6836,2.1463,13788,323,814613879181,6.6222,1.1668,10.0381,16655200,94700,468800,0,2100,0
activity,0,16.6648,16.6550,2.0552,20180,323,814614046017,3.3708,0.9123,13.2643,16638500,101800,1022700,0,3300,0
activity,0,16.6703,16.6648,2.1422,13788,323,814614212567,2.6467,1.0430,13.9979,16658900,85300,418100,0,2000,0
activity,0,16.6659,16.6756,1.7254,30068,320,814614379215,3.0635,0.9911,13.5919,16625400,122600,1730500,0,1800,0
activity,0,16.6686,16.6570,2.0040,13788,323,814614545971,3.2237,0.9210,13.4151,16658400,90100,374600,0,1900,0
activity,0,16.8458,16.6896,2.1279,13788,320,814614712541,2.6227,1.0140,14.0365,16799900,91400,376800,0,1700,0
activity,0,16.6659,16.6515,2.0224,20180,323,814614879437,3.5354,0.8734,13.0903,16646200,85300,659200,0,2400,0
activity,0,16.6691,16.6902,2.1228,13788,323,814615045952,2.5360,0.9789,14.1225,16664700,87300,708100,0,1800,0
activity,0,16.6664,16.8222,1.7121,30068,323,814615212854,2.6590,1.2104,14.1410,16632000,93500,1381900,0,1900,0
activity,0,16.6671,16.6642,2.1504,13788,323,814615381076,2.5590,1.1415,14.0874,16649200,87300,396000,0,1700,0
activity,0,16.6658,16.6856,2.1402,13788,323,814615547718,2.9837,1.4662,13.6811,16645100,88500,400900,0,1800,0
activity,0,16.6702,16.6512,2.0244,20180,323,814615714574,3.1053,1.0429,13.5269,16655500,83300,710200,0,1800,0
activity,0,16.6670,16.6682,2.1402,13788,323,814615881086,2.2920,1.4557,14.3576,16644700,98400,382300,0,2100,0
activity,0,16.6637,16.6637,2.4371,30068,323,814616047768,2.7365,1.2456,13.9089,16635700,86700,2068900,0,2400,0
activity,0,16.6653,16.6763,2.0091,13788,323,814616214405,2.4062,0.9475,14.2494,16647500,80400,424100,0,1900,0
activity,0,16.6692,16.6657,2.1944,13788,322,814616381168,2.1297,1.4508,14.5152,16649600,88700,372200,0,1800,0
activity,0,16.6663,16.6572,2.0224,20180,323,814616547825,3.1021,1.3255,13.5337,16647800,84300,920900,0,2500,0
activity,0,16.6726,16.6670,1.7234,13788,322,814616714397,2.3476,0.8578,14.3001,16656000,85500,376500,0,1700,0
activity,4,16.6698,16.6682,1.7039,201254,322,814616881067,2.3604,0.9400,14.2895,16940600,1497600,7002500,0,2000,0
activity,0,16.6618,16.6672,2.4207,19008,319,814617047749,3.1933,0.9665,13.4547,16348400,166500,573400,0,4300,0
activity,0,16.6680,16.6750,1.8442,19008,318,814617214421,2.3813,2.6083,14.2749,16648600,135300,545000,0,2100,0
activity,0,16.6674,16.9641,1.7613,25400,319,814617381171,8.1066,1.3342,8.8344,16634100,171800,1606500,0,2200,0
activity,0,16.6683,16.3690,2.2989,19008,319,814617550812,3.9198,1.5302,12.4288,16643200,122800,625300,0,2900,0
activity,0,16.6625,16.6740,1.7613,58326,317,814617714502,2.8672,1.8795,13.7815,16623200,132900,5100200,0,3100,0
activity,0,16.6682,16.6643,2.2958,18982,319,814617881242,3.8817,1.1371,12.7525,16649300,91500,442500,0,1700,0
activity,0,16.6658,16.6736,2.0572,18982,318,814618047885,3.0209,2.1511,13.6225,16647600,89300,717100,0,2400,0
activity,0,16.8352,16.6502,2.0859,25374,318,814618214621,6.3814,0.8894,10.2420,16816700,83800,1728600,0,1700,0
activity,0,16.6692,16.6671,2.2999,18982,317,814618381123,2.4998,1.2267,14.1497,16652900,80900,496900,0,1900,0
activity,0,16.6655,16.6669,2.1156,58326,318,814618547794,3.1154,1.3342,13.5324,16644500,101500,2812900,0,2000,0
activity,0,16.6668,16.8349,2.4678,18982,319,814618714463,3.4471,1.5739,13.3698,16646100,94200,472600,0,2100,0
activity,0,16.6674,16.6726,1.7203,18982,319,814618882812,2.0893,1.1753,14.5639,16648200,83500,847000,0,2000,0
activity,0,16.6637,16.6656,2.5231,25374,319,814619049538,3.8144,1.3128,12.8301,16642600,87200,889400,0,1800,0
activity,0,16.6802,16.6650,2.3142,18982,318,814619216194,2.3312,1.1648,14.3152,16665300,80300,563400,0,1800,0
activity,0,16.6579,16.6669,1.7500,58326,319,814619382844,2.9728,0.9987,13.6756,16665900,73600,2690000,0,1500,0
activity,0,16.7524,16.6597,1.8145,18982,318,814619549513,2.5085,1.1887,14.1343,16703000,81600,953000,0,1700,0
activity,0,16.6641,16.6817,1.8135,18982,319,814619716110,2.5165,1.0585,14.1490,16625200,164400,467500,0,4000,0
activity,0,16.6678,16.6881,1.8196,25374,319,814619882927,3.4385,2.0258,13.2276,16648600,97700,1031600,0,2400,0
activity,0,16.6647,16.7397,2.1944,18982,319,814620049808,4.1793,1.3497,12.5238,16639600,128200,570600,0,1900,0
activity,0,16.6665,16.6507,2.0541,58326,319,814620217205,3.7777,1.9446,12.8477,16645700,105600,3321100,0,2200,0
activity,4,16.6679,16.6707,1.8350,24910,319,814620383712,2.7797,1.5973,13.8692,16648600,147500,903300,0,2300,0
activity,0,16.6660,16.6623,1.7828,18902,324,814620550419,2.5965,1.8444,14.0433,16647400,93300,498400,0,1700,0
activity,0,16.6703,16.6651,2.3071,25294,324,814620717042,4.2838,1.0914,12.3621,16653400,86200,879900,0,1600,0
activity,0,16.6675,16.6665,2.5416,18902,324,814620883693,2.8840,1.3708,13.7647,16651300,90400,455300,0,1700,0
activity,0,16.6631,16.6651,1.7428,58246,324,814621050358,2.4604,0.9879,14.1871,16637300,82700,2861900,0,2200,0
activity,0,16.6672,16.6718,2.2026,18902,324,814621217009,2.5647,0.9817,14.0889,16647400,100000,939200,0,2000,0
activity,0,16.6667,16.6732,1.7275,18902,324,814621383727,2.1848,1.0238,14.4668,16647300,89200,454100,0,1900,0
activity,0,16.6665,16.6563,2.4586,25294,323,814621550459,3.8044,0.9737,12.8331,16649100,82000,773400,0,1400,0
activity,0,16.6768,16.6661,2.2559,18902,324,814621717022,2.9320,0.7750,13.7155,16671900,71400,443700,0,1400,0
activity,0,16.6604,16.6655,2.1217,58246,324,814621883683,2.2324,1.3339,14.4151,16620300,75500,2708300,0,1500,0
activity,0,16.6670,16.6656,2.2569,18902,324,814622050338,2.3725,1.1608,14.2766,16649400,90400,400200,0,2000,0
activity,0,16.6713,16.7015,2.1699,18902,324,814622216994,2.3221,1.4329,14.3502,16660500,87300,2407700,862000,1900,0
activity,0,16.6623,16.6389,2.0480,25294,323,814622384009,3.5537,0.8643,13.0668,16620200,91900,737200,0,1900,0
activity,0,16.6699,16.6678,2.1053,18902,323,814622550398,2.4075,0.8347,14.2421,16653300,92600,703700,0,1500,0
activity,0,16.6610,16.6888,1.7265,58246,324,814622717076,3.4692,1.0327,13.1915,16631400,102000,2801700,0,2100,0
activity,0,16.6722,16.6466,2.2733,18902,324,814622883964,2.7104,1.6251,13.9099,16666600,77200,410700,0,1400,0
activity,0,16.6643,16.6750,2.7279,18902,324,814623050430,3.3772,1.2975,13.2763,16632300,96800,372700,0,1800,0
activity,0,16.6659,16.6500,2.1217,25294,323,814623217180,3.9656,0.8041,12.6660,16648000,81000,805100,0,2800,0
activity,0,16.6732,16.6869,2.2804,18902,324,814623383680,2.2742,0.7602,14.3927,16662500,78000,600800,0,2000,0
activity,0,16.6620,16.6518,2.1309,58246,323,814623550549,2.0814,1.3791,14.5510,16625600,79800,2512400,0,1700,0
activity,0,16.6686,16.6655,1.7981,18902,324,814623717067,2.8941,1.2749,13.7541,16650000,82400,733300,0,1800,0
activity,0,16.6660,16.6905,2.1422,18902,324,814623883722,2.5209,0.9494,14.1417,16647700,84100,665100,0,2000,0
activity,4,16.7400,16.6455,2.0705,31272,322,814624050627,3.3136,0.9225,13.3122,16719400,133100,1435400,0,2300,0
activity,0,16.6456,16.6705,2.2538,18872,329,814624217082,2.4718,0.8988,14.1784,16627800,78600,379900,0,1800,0
activity,0,16.6652,16.6653,2.1381,58216,329,814624383787,2.5124,1.3915,14.1353,16641300,87000,2450100,0,1800,0
activity,0,16.6695,16.7411,2.1903,18872,329,814624550440,2.9886,0.8144,13.7310,16655800,79600,385900,0,1500,0
activity,0,16.6654,16.6493,1.7203,18872,327,814624717851,2.2101,1.1912,14.4180,16631900,92800,486900,0,2000,0
activity,0,16.6680,16.6574,2.0337,25264,329,814624884344,3.8231,0.7936,12.8184,16646700,98200,800800,0,1500,0
activity,0,16.6675,16.6754,2.1647,18872,328,814625050918,2.2852,1.4179,14.3709,16654600,125600,639600,0,2000,0
activity,0,16.6939,16.6663,1.7132,58216,329,814625217672,2.4348,1.4194,14.1973,16678300,99300,2852800,0,1700,0
activity,0,16.6575,16.6670,2.0664,18872,329,814625384335,2.6779,1.0044,13.9689,16624400,84000,546400,0,1900,0
activity,0,16.6686,16.6755,1.7080,18872,329,814625551005,2.8889,1.2311,13.7659,16651600,97100,528600,0,2000,0
activity,0,16.6672,16.6989,1.7664,25264,329,814625717760,4.0306,0.9150,12.6479,16647000,98300,906300,0,3500,0
activity,0,16.6659,16.6434,2.1105,18872,329,814625884749,2.3984,1.1306,14.2261,16643700,218700,454100,0,2000,0
activity,0,16.6677,16.6707,1.7377,58216,329,814626051183,2.9363,1.3170,13.7155,16648800,99400,3204600,0,1700,0
activity,0,16.6689,16.6680,2.0777,18872,329,814626217890,3.1750,0.8522,13.4721,16677200,90000,401600,0,2200,0
activity,0,16.6679,16.6650,2.0695,18872,328,814626384570,2.7631,1.4619,13.8807,16613500,101200,785600,0,2100,0
activity,0,16.6622,16.6706,2.4842,25264,329,814626551220,4.2236,0.9882,12.4254,16637100,104200,806100,0,1600,0
activity,0,16.6674,16.7012,2.1801,18872,329,814626717926,2.8947,1.0479,13.7829,16646300,89700,1070500,0,1800,0
activity,0,16.6657,16.6366,2.0449,58216,328,814626884938,2.7702,1.5242,13.8436,16645900,88900,2591800,0,1600,0
activity,0,16.6983,16.6570,2.1719,18872,329,814627051304,2.6435,1.0994,13.9938,16694200,79300,353200,0,1300,0
activity,0,16.6711,16.6645,2.1402,18872,329,814627217874,3.0833,1.1638,13.5630,16641200,85900,410300,0,1700,0
activity,0,16.6628,16.6633,2.0408,25264,329,814627384519,3.4450,0.7123,13.2010,16635600,94300,1000200,0,1800,0
activity,4,16.6689,16.7137,2.1944,50332,329,814627551152,2.1977,1.0918,14.4967,16655600,263400,2285400,0,1800,0
activity,0,16.6650,16.6657,2.0685,58982,331,814627718289,2.5559,1.1703,14.0854,16642600,100000,3290100,0,1900,0
activity,0,16.9326,16.6548,1.6876,19638,331,814627884946,2.9044,1.2417,13.7313,16920600,85100,797000,0,1800,0
activity,0,16.6037,16.6745,2.3736,19638,331,814628051494,3.9327,1.3459,12.7232,16574800,123600,445900,0,2000,0
activity,0,16.6675,16.6615,2.6696,26030,329,814628218239,4.2214,0.9864,12.4214,16637900,124800,924400,0,2600,0
activity,0,16.6663,16.9446,2.2641,19638,331,814628384854,2.5490,0.8897,14.3717,16607800,87200,586400,0,1900,0
activity,0,16.6638,16.6008,1.7080,58982,330,814628554300,2.8114,1.6150,13.7636,16635100,335400,3447300,0,2200,0
activity,0,16.6694,16.6680,2.1432,19638,331,814628720308,2.9271,1.0854,13.7109,16655100,92200,828100,0,1800,0
activity,0,16.6667,16.6611,1.7193,19638,329,814628886988,2.9756,1.2330,13.6320,16643300,109400,647700,0,2400,0
activity,0,16.6690,16.6573,2.0439,26030,331,814629053599,4.8833,1.0077,11.7520,16647600,106100,904200,0,2300,0
activity,0,16.7351,16.6754,2.2036,19638,329,814629220172,2.7170,1.1270,13.9384,16712900,88700,590800,0,1800,0
activity,0,16.6733,16.6653,2.0388,58982,329,814629386926,3.0070,1.1148,13.6365,16635200,92100,3191100,0,2000,0
activity,0,16.6548,16.6732,2.1524,19638,330,814629553579,2.8451,1.3999,13.8027,16632300,83800,588800,0,1900,0
activity,0,16.6691,16.7416,1.7132,19638,331,814629720311,2.6951,1.6962,14.0181,16659400,82500,407800,0,2100,0
activity,0,16.6631,16.6615,2.4535,26030,330,814629887727,3.8588,1.5178,12.7765,16634000,96400,1099800,0,1800,0
activity,0,16.6715,16.6490,2.1494,19638,331,814630054342,2.8688,0.7607,13.7637,16660500,80000,407500,0,1400,0
activity,0,16.6654,16.6802,2.1924,58982,331,814630220832,2.1431,1.1758,14.5164,16643400,86700,2618000,0,1800,0
activity,0,16.6700,16.6513,2.1955,19638,331,814630387634,3.0307,1.5926,13.6035,16657100,83500,479700,0,1600,0
activity,0,16.6666,16.6798,1.6896,19638,331,814630554147,2.0472,1.0071,14.6136,16690700,96100,3286900,1099500,1800,0
activity,0,16.6644,16.6613,2.1678,26030,331,814630720945,3.4847,1.4882,13.1589,16589500,85800,1154100,0,1900,0
activity,0,16.6688,16.6769,1.7224,19638,331,814630887558,2.9303,1.2298,13.7272,16652200,83800,488600,0,1900,0
activity,4,16.6650,16.7153,2.0818,80390,331,814631054327,4.4549,1.0629,12.2362,16639800,177300,4506000,0,1500,0
activity,0,16.6732,16.6082,2.1453,19866,319,814631221480,3.0943,0.8942,13.4953,16659500,94000,425000,0,3100,0
activity,0,16.6612,16.6747,2.0623,19866,318,814631387562,2.2686,1.6218,14.3837,16624800,149900,1056300,0,2100,0
activity,0,16.6671,16.6609,2.1064,26258,319,814631554309,5.3230,0.8358,11.3170,16649700,79500,775600,0,1500,0
activity,0,16.6697,16.6844,1.7336,19866,319,814631720918,2.4998,1.2621,14.1600,16657100,103000,827500,0,1600,0
activity,0,16.6636,16.6475,1.7254,59210,318,814631887762,3.3622,0.8736,13.2629,16639800,92800,3025700,0,2200,0
activity,0,16.6663,16.6669,2.1821,19866,318,814632054237,2.2104,0.9585,14.4393,16646000,89200,1015100,0,1700,0
activity,0,16.6672,16.6760,2.0347,19866,319,814632220906,2.7221,1.2717,13.9351,16650400,81200,485900,0,1700,0
activity,0,16.6664,16.6585,2.5364,26258,318,814632387666,4.1653,0.9861,12.4747,16650500,77700,663700,0,1600,0
activity,0,16.6677,16.6632,2.1524,19866,318,814632554251,2.8369,0.7938,13.8094,16650600,85700,415600,0,1800,0
activity,0,16.6696,16.6666,1.8422,59210,318,814632720883,2.5040,0.9092,14.1466,16652200,80800,2913300,0,1600,0
activity,0,16.6669,16.6670,1.8063,19866,319,814632887549,2.3590,0.8575,14.2917,16652100,83500,387000,0,1800,0
activity,0,16.6642,16.6690,2.1422,19866,319,814633054219,2.8799,1.1476,13.7708,16639400,94000,466100,0,1500,0
activity,0,16.6684,16.6705,2.0521,26258,319,814633220909,3.7219,1.0841,12.9303,16650300,77900,682400,0,1500,0
activity,0,16.6684,16.6731,2.1760,19866,319,814633387614,2.2814,1.3698,14.3708,16654100,75100,545000,0,1700,0
activity,0,16.6698,16.6577,1.7265,59210,319,814633554345,2.6808,0.9510,13.9588,16653400,79200,2616700,0,1400,0
activity,0,16.6664,16.6660,2.4422,19866,319,814633720922,2.3730,0.9730,14.2774,16645700,78700,369200,0,1500,0
activity,0,16.6625,16.6732,1.7879,19866,319,814633887582,2.5713,1.0065,14.0830,16625800,126200,411200,0,2600,0
activity,0,16.6690,16.6739,2.4852,26258,318,814634054314,3.4394,0.7209,13.2145,16655800,78000,669200,0,1700,0
activity,0,16.6669,16.6727,2.1658,19866,319,814634221053,2.1352,0.8110,14.5107,16645200,84100,647600,0,1900,0
activity,0,16.8386,16.6473,1.7326,59210,317,814634387780,2.6728,0.9485,13.9531,16825400,82000,2827700,0,1800,0
activity,0,16.6649,16.6725,1.7869,19866,319,814634554253,2.2311,0.9197,14.4249,16640800,96800,1164600,0,2200,0
activity,4,16.6653,16.6650,2.1760,62862,317,814634720978,2.6212,1.6866,14.0241,16640100,1533800,3049300,0,4000,0
activity,0,16.6690,16.8457,2.1187,14374,314,814634887628,4.0493,1.1651,12.7763,16656100,78800,398700,0,1500,0
activity,0,16.6656,16.6628,2.1371,14374,314,814635056085,3.2074,1.7479,13.4336,16648700,86400,609200,0,1800,0
activity,0,16.6662,16.6583,1.7879,20766,314,814635222713,5.3627,1.2333,11.2775,16647000,87900,1018700,0,1500,0
activity,0,16.6692,16.6725,1.8350,14374,314,814635389296,2.3688,1.1039,14.2875,16655100,79100,375700,0,1800,0
activity,0,16.6653,16.6664,2.1514,30654,314,814635556021,2.8157,1.0262,13.8331,16642400,90400,1561100,0,1700,0
activity,0,16.6720,16.6633,2.0347,14374,314,814635722685,2.9324,1.0257,13.7148,16652200,78900,331200,0,1700,0
activity,0,16.6630,16.6743,1.8074,14374,314,814635889318,2.3154,1.1046,14.3399,16637800,102200,474600,0,1700,0
activity,0,16.6670,16.6587,2.0890,20766,313,814636056061,2.9312,1.1799,13.7114,16650400,85700,716300,0,1600,0
activity,0,16.6678,16.6814,2.9583,14374,314,814636222648,2.1581,0.9862,14.4942,16647000,85600,353000,0,1700,0
activity,0,16.6662,16.6568,1.8371,30654,314,814636389462,2.6907,1.0819,13.9473,16651900,80400,1477700,0,1500,0
activity,0,16.6661,16.6687,2.1545,14374,314,814636556030,2.3292,0.8607,14.3214,16643200,86700,609100,0,1700,0
activity,0,16.6798,16.6650,2.1617,14374,314,814636722717,2.1632,1.1277,14.4840,16666800,78900,363600,0,1700,0
activity,0,16.6544,16.6700,1.8176,20766,314,814636889367,2.6615,0.8986,13.9905,16633700,84200,729500,0,1800,0
activity,0,16.6699,16.6609,2.4996,14374,314,814637056067,2.4674,0.9341,14.1761,16657800,76400,400800,0,1500,0
activity,0,16.6672,16.6845,1.7971,30654,312,814637222676,2.1486,1.3826,14.5184,16643300,94100,1728900,0,1600,0
activity,0,16.6662,16.6521,2.4955,14374,311,814637389521,2.0797,0.9796,14.5541,16645100,83100,397500,0,1900,0
activity,0,16.6659,16.6779,1.6773,14374,314,814637556042,2.5266,1.0526,14.1312,16650600,88700,393200,0,2000,0
activity,0,16.6653,16.6636,2.1473,20766,314,814637722821,3.2717,1.3070,13.3720,16642200,87700,945900,0,2000,0
activity,0,16.6733,16.6625,1.8074,14374,312,814637889457,2.2757,1.0239,14.3694,16661100,84300,446800,0,1700,0
activity,0,16.6621,16.6692,1.8493,30654,313,814638056082,2.4632,1.5689,14.1876,16615900,84300,1789100,0,2100,0
activity,4,16.6683,16.6591,2.7566,20374,314,814638222774,2.5774,1.1956,14.0649,16654800,190300,804100,0,1700,0
activity,0,16.6705,16.6814,1.8371,14366,319,814638389365,2.1398,1.0350,14.5214,16652300,88100,353200,0,1700,0
activity,0,16.6618,16.6539,2.3316,20758,319,814638556179,3.0414,0.9404,13.5744,16637500,93700,1253200,0,2500,0
activity,0,16.7158,16.6724,1.7408,14366,319,814638722718,2.5695,0.9956,14.0854,16705700,80600,868800,0,1500,0
activity,0,16.6832,16.6735,3.0638,30646,318,814638889442,2.2866,1.3088,14.3660,16625800,101900,1712900,0,2800,0
activity,0,16.6645,16.6556,2.8027,14366,319,814639056177,3.1019,1.0240,13.5358,16640600,96800,645700,0,2800,0
activity,0,16.6662,16.7593,2.4904,14366,319,814639222733,2.4823,1.2008,14.2238,16650100,79400,767800,0,1700,0
activity,0,16.6680,16.6452,2.7116,20758,319,814639390326,3.1227,1.0065,13.5034,16651600,79800,840200,0,1800,0
activity,0,16.6669,16.6584,2.4873,14366,319,814639556778,3.0645,1.2876,13.5763,16650400,82700,382500,0,1700,0
activity,0,16.6694,16.6662,2.9583,30646,318,814639723362,2.6551,0.9729,13.9951,16654600,85500,1555600,0,1800,0
activity,0,16.6660,16.6683,2.6532,14366,319,814639890024,2.3727,1.1101,14.2792,16644900,84300,486900,0,1800,0
activity,0,16.6678,16.6674,2.4955,14366,317,814640056707,2.5470,1.2065,14.1037,16652700,89500,441500,0,2000,0
activity,0,16.6632,16.6734,2.2139,20758,318,814640223381,3.5273,1.3455,13.1275,16639200,89100,705600,0,1900,0
activity,0,16.6694,16.6639,2.7894,14366,318,814640390115,2.5184,1.1862,14.1264,16652300,78900,395900,0,1500,0
activity,0,16.6659,16.6713,3.1058,30646,318,814640556754,2.4152,1.0328,14.2376,16650700,80100,1685000,0,1900,0
activity,0,16.6698,16.6560,2.7863,14366,318,814640723467,2.5211,0.8465,14.1183,16657400,79200,397600,0,1800,0
activity,0,16.6629,16.6690,2.9204,14366,319,814640890027,2.2272,1.1420,14.4252,16638200,89900,445400,0,1600,0
activity,0,16.6700,16.6672,2.6716,20823,319,814641056717,3.0307,1.2451,13.6202,16657900,77300,2695600,1506200,1800,0
activity,0,16.6656,16.6761,2.8498,30746,319,814641223389,2.0270,0.8832,14.6308,16643500,87000,375600,0,1700,0
activity,0,16.6683,16.6548,2.2292,30646,319,814641390150,2.3628,1.0566,14.2756,16654100,78700,1537300,0,1900,0
activity,0,16.6668,16.6762,3.0925,14366,319,814641556698,4.0359,0.8286,12.6221,16643100,91000,373900,0,1800,0
activity,0,16.6827,16.6614,2.5098,14366,319,814641723460,2.6870,1.0969,13.9568,16683700,78300,632800,0,1700,0
activity,4,16.7268,16.6742,2.7832,26736,318,814641890074,3.2208,0.9139,13.4334,16697100,311000,860900,0,1900,0
activity,0,16.6613,16.6598,1.7254,14336,324,814642056816,2.4017,0.8453,14.2416,16637100,77500,391200,0,1600,0
activity,0,16.6632,16.7062,1.7172,30616,324,814642223414,2.2748,0.9263,14.4092,16639600,87900,1372600,0,1600,0
activity,0,16.6669,16.7142,2.4730,14336,323,814642390476,2.9013,1.1986,13.7959,16650000,88500,546700,0,1500,0
activity,0,16.6678,16.6576,1.7357,14336,324,814642557618,1.8884,1.1325,14.7490,16645700,83500,360000,0,1500,0
activity,0,16.6675,16.6615,2.0439,20728,322,814642724194,2.7966,1.3637,13.8435,16646100,89000,764900,0,1800,0
activity,0,16.6661,16.6689,2.3921,14336,324,814642890809,2.5497,0.7848,14.1005,16648700,77500,334800,0,1600,0
activity,0,16.6673,16.6652,2.1617,30616,322,814643057498,2.8654,0.9834,13.7807,16655700,78300,1528700,0,2300,0
activity,0,16.6679,16.6642,2.0695,14336,324,814643224150,2.4124,0.7350,14.2338,16646400,88800,661400,0,1800,0
activity,0,16.6673,16.6649,2.3194,14336,324,814643390792,2.0457,0.9625,14.6032,16647400,94300,514600,0,2300,0
activity,0,16.6666,16.6747,2.0163,20728,324,814643557441,2.6637,0.9742,13.9922,16644700,90900,996600,0,1800,0
activity,0,16.7238,16.6666,1.7265,14336,324,814643724188,2.6445,1.0787,14.0022,16705600,90100,660100,0,1900,0
activity,0,16.6654,16.6678,2.7986,30616,323,814643890854,2.8983,1.4245,13.7494,16643900,85600,1711200,0,1800,0
activity,0,16.6655,16.6634,2.2487,14336,324,814644057532,3.2151,0.9823,13.4298,16649400,84200,435000,0,1600,0
activity,0,16.6659,16.7260,2.7750,14336,324,814644224166,3.1904,1.1162,13.5156,16645100,82200,377200,0,1800,0
activity,0,16.6685,16.6618,3.0689,20728,324,814644391426,3.5108,1.3258,13.1331,16655900,88800,827200,0,1700,0
activity,0,16.6665,16.6667,2.9194,14336,324,814644558044,2.1812,0.9158,14.4683,16645800,85400,369500,0,1700,0
activity,0,16.6680,16.6615,2.1361,30616,324,814644724711,2.0521,0.9091,14.5931,16651000,78600,1300600,0,1300,0
activity,0,16.6678,16.6731,2.0664,14336,324,814644891326,2.4659,0.7599,14.1901,16656000,74500,322300,0,1600,0
activity,0,16.6662,16.6622,2.1637,14336,324,814645058057,2.0860,0.8634,14.5601,16646200,85600,368400,0,1700,0
activity,0,16.6671,16.6678,2.0285,20728,324,814645224679,2.5102,1.1481,14.1410,16651100,76300,680300,0,2100,0
activity,0,16.6684,16.6738,2.1350,14336,324,814645391357,2.3727,0.8040,14.2833,16654800,76500,340000,0,1700,0
activity,4,16.6672,16.6619,2.1135,37924,323,814645558095,2.3530,1.2760,14.2933,16646600,274400,1490200,0,2000,0
activity,0,16.6675,16.6663,2.0552,15038,325,814645724714,1.9810,0.7856,14.6702,16648600,74600,480800,0,1300,0
activity,0,16.6677,16.6725,2.1770,15038,326,814645891377,2.3083,1.3675,14.3466,16648300,225000,561800,0,1700,0
activity,0,16.6688,16.6671,2.0419,21430,325,814646058102,3.2592,0.9340,13.3877,16651200,95900,740100,0,1800,0
activity,0,16.6654,16.6716,2.1432,15038,326,814646224773,2.2129,1.0843,14.4359,16641400,102100,464600,0,2200,0
activity,0,16.6672,16.6670,1.7316,31318,324,814646391489,2.9088,0.8894,13.7397,16643400,93000,1616400,0,1900,0
activity,0,16.6628,16.6708,2.1299,15038,326,814646558159,2.5657,1.3617,14.0856,16640100,90200,837100,0,2100,0
activity,0,16.6692,16.6645,2.4463,15038,326,814646724867,2.6609,1.4636,13.9808,16653500,82800,407900,0,1900,0
activity,0,16.6669,16.6618,1.9948,21430,326,814646891512,3.3345,1.5356,13.3091,16649300,83700,1561600,0,2000,0
activity,0,16.6664,16.6601,1.8422,15038,326,814647058130,3.1329,1.1275,13.5074,16645000,88400,366600,0,1800,0
activity,0,16.6676,16.6722,1.7275,31318,326,814647224731,2.1419,1.0732,14.5117,16650400,87400,2440800,0,2000,0
activity,0,16.6682,16.6686,2.3101,15038,326,814647391453,3.1995,1.1810,13.4502,16661200,89800,526700,0,1700,0
activity,0,16.6685,16.6627,1.7428,15038,326,814647558139,2.2097,1.3162,14.4355,16634700,86300,398100,0,1600,0
activity,0,16.6658,16.6685,2.1432,21430,326,814647724766,3.3632,0.9543,13.2873,16644300,91300,783500,0,1700,0
activity,0,16.6744,16.6816,1.7736,15038,326,814647891451,2.5677,1.3103,14.0935,16656500,92400,392200,0,1400,0
activity,0,16.6590,16.6579,1.7019,31318,326,814648058267,2.9081,1.1374,13.7266,16623300,131100,2373400,0,3700,0
activity,0,16.6696,16.6674,2.0060,15038,326,814648224846,2.9224,0.9004,13.7219,16655200,90900,374200,0,1800,0
activity,0,16.6659,16.6828,1.8207,15038,325,814648391520,2.6618,1.6168,13.9949,16638400,91700,421700,0,2000,0
activity,0,16.6676,16.6460,1.7644,21430,324,814648558348,4.6492,0.9561,11.9742,16646900,81200,1271600,0,2100,0
activity,0,16.6686,16.6759,2.8477,15038,326,814648724808,2.0818,0.9051,14.5734,16650800,95600,410700,0,1900,0
activity,0,16.6636,16.6605,2.7965,31318,325,814648891567,2.4588,1.0988,14.1797,16633300,126200,1698300,0,2100,0
activity,0,16.6697,16.6682,1.8299,15038,326,814649058172,2.9224,1.3855,13.7247,16653000,89600,702200,0,1700,0
activity,4,16.6642,16.6769,1.7674,52906,325,814649224854,2.5449,1.3457,14.1060,16641500,193500,4723900,0,2500,0
activity,0,16.6655,16.6550,2.0531,18848,313,814649391623,3.2565,1.2420,13.3769,16641300,90200,797000,0,1500,0
activity,0,16.6729,16.6741,1.9026,12456,314,814649558173,2.7899,2.1151,13.8634,16661100,77400,358000,0,1600,0
activity,0,16.6847,16.6631,2.5375,12456,312,814649724914,5.1775,1.0558,11.4642,16658000,253500,366400,0,2000,0
activity,0,16.6538,16.6591,1.8289,12456,313,814649891545,2.7335,1.2384,13.9080,16629300,89600,582600,0,1900,0
activity,0,16.7484,16.6840,2.1801,12456,312,814650058136,2.1500,0.9594,14.5113,16728200,95300,744100,0,2200,0
activity,0,16.7293,16.6814,2.1043,18848,314,814650224976,2.9537,1.0794,13.7047,16708200,90900,793200,0,2000,0
activity,0,16.6645,16.6531,1.7152,12456,314,814650391790,2.9351,1.7563,13.6944,16644400,89800,332100,0,1700,0
activity,0,16.6678,16.7461,2.0091,12456,314,814650558321,3.3404,1.5683,13.3879,16649000,77700,434600,0,1700,0
activity,0,16.6694,16.7278,1.8094,12456,313,814650725782,2.5597,0.9780,14.1486,16656700,81000,310300,0,1800,0
activity,0,16.6639,16.6636,2.1043,12456,313,814650893060,2.2329,1.2429,14.4116,16640100,97800,764200,0,1800,0
activity,0,16.6694,16.6657,2.0931,18848,314,814651059696,2.4546,1.0223,14.1946,16656600,81800,1275000,0,1700,0
activity,0,16.6648,16.6764,1.8125,12456,313,814651226353,2.1599,1.1115,14.4969,16641000,101600,539100,0,2000,0
activity,0,16.6690,16.6573,1.7572,12456,313,814651393117,3.1750,1.0737,13.4652,16655200,81500,472400,0,1500,0
activity,0,16.6985,16.6758,1.7613,12456,314,814651559690,2.9689,1.0294,13.6879,16679400,101000,445100,0,1900,0
activity,0,16.6630,16.6595,2.4259,12456,314,814651726448,2.8970,1.2700,13.7442,16616900,148600,325300,0,2200,0
activity,0,16.7457,16.6749,2.1432,18848,314,814651893043,2.2466,0.8990,14.4089,16737900,76300,573000,0,1400,0
activity,0,16.6566,16.7021,2.1658,12456,314,814652059792,2.5882,0.9050,14.0916,16631700,85200,276500,0,1500,0
activity,0,16.8214,16.6507,1.8156,12456,314,814652226813,2.8331,0.8115,13.7838,16807900,85000,397800,0,1900,0
activity,0,16.6605,16.7549,2.0572,12456,314,814652393320,1.9770,0.8994,14.7611,16639000,83500,381900,0,1800,0
activity,0,16.6657,16.6490,1.7193,12456,314,814652560869,1.8729,1.4683,14.7589,16644300,90200,413700,0,1600,0
activity,4,16.6666,16.8292,2.0582,29148,313,814652727359,2.3392,0.9353,14.4691,16646000,119300,1076900,0,2200,0
activity,0,16.6747,16.6566,1.7490,12028,313,814652895651,2.5950,1.3517,14.0441,16655800,79600,453600,0,1800,0
activity,0,16.6600,16.6658,1.7183,12028,314,814653062217,2.6624,1.1880,13.9820,16641800,81100,381900,0,1900,0
activity,0,16.6666,16.6646,1.6927,12028,314,814653228875,2.7298,1.2613,13.9163,16647800,82800,463300,0,2100,0
activity,0,16.6674,16.6736,1.7664,12028,314,814653395521,2.4038,0.8269,14.2522,16648000,86900,381700,0,2000,0
activity,0,16.6682,16.6610,2.0193,18420,313,814653562257,2.4245,1.5626,14.2175,16653100,83400,585200,0,2100,0
activity,0,16.6687,16.6672,1.7347,12028,314,814653728867,2.5759,0.9640,14.0722,16654200,77800,271800,0,1500,0
activity,0,16.6642,16.6649,1.7070,12028,314,814653895539,2.4557,0.9981,14.1923,16637600,79800,1459900,975500,1500,0
activity,0,16.6661,16.6701,2.2067,12028,314,814654062188,2.5650,0.6932,14.0883,16648200,75900,324900,0,1700,0
activity,0,16.6680,16.6755,1.7203,12028,314,814654228889,2.2577,1.3129,14.3968,16652900,80600,440300,0,1700,0
activity,0,16.6719,16.6565,2.0613,18420,312,814654395644,2.9944,0.8295,13.6435,16657200,78400,724600,0,1500,0
activity,0,16.6627,16.6641,2.1719,12028,313,814654562209,2.0890,0.8320,14.5594,16642500,80000,371100,0,1600,0
activity,0,16.6683,16.6700,1.7213,12028,314,814654728850,2.1990,1.0390,14.4541,16652400,79000,583100,0,1900,0
activity,0,16.6660,16.6752,2.1217,12028,313,814654895550,2.3005,0.9116,14.3568,16648400,81100,340100,0,1800,0
activity,0,16.7423,16.6602,1.7029,12028,314,814655062302,2.4638,0.7884,14.1788,16728000,84000,353400,0,2700,0
activity,0,16.5979,16.6695,2.0500,18420,313,814655228904,2.3456,1.2861,14.3069,16570200,143100,1618100,0,2800,0
activity,0,16.6659,16.6661,1.7388,12028,314,814655395599,2.2506,0.9745,14.3980,16642200,101400,677600,0,2300,0
activity,0,16.6667,16.7477,2.0214,12028,314,814655562260,2.6165,2.0738,14.1118,16632300,138200,878800,0,3200,0
activity,0,16.6648,16.6003,1.7500,12028,314,814655729737,4.0948,1.8446,12.4755,16782400,137900,515800,0,2200,0
activity,0,16.6743,16.6697,2.0070,12028,314,814655895740,3.7393,1.8877,12.9031,16527900,92100,669900,0,1700,0
activity,0,16.6668,16.6553,1.7623,18420,314,814656062437,4.3537,1.4604,12.2787,16634900,116500,797900,0,1700,0
activity,4,16.6671,16.8068,2.0500,18292,314,814656228990,3.1957,1.3530,13.5870,16625300,227300,934800,0,1900,0
activity,0,16.6666,16.5605,2.0326,12284,319,814656397058,2.9188,1.5661,13.6098,16637500,126600,605400,0,1800,0
activity,0,16.6662,16.6693,1.7428,12284,317,814656562663,2.6964,1.5076,13.9389,16633200,135800,375600,0,1800,0
activity,0,16.9807,16.6582,2.6030,12284,317,814656729356,2.8634,1.0991,13.7621,16950500,142000,306000,0,1400,0
activity,0,16.6547,16.6687,2.0787,18676,319,814656895938,2.9586,0.9722,13.6791,16609100,82600,912300,0,1700,0
activity,0,16.6690,16.6641,2.3808,12284,310,814657062625,2.4473,0.8595,14.1863,16654100,78800,309100,0,1800,0
activity,0,16.6672,16.9830,2.0767,12284,313,814657229266,2.8235,1.3604,14.1274,16648500,89800,490300,0,2000,0
activity,0,16.6680,16.6265,1.7183,12284,319,814657399096,2.9661,0.7680,13.6432,16668600,85900,306200,0,1800,0
activity,0,16.6672,16.6724,1.7050,12284,319,814657565361,2.1176,0.8527,14.5367,16629000,84400,367000,0,1600,0
activity,0,16.6648,16.6663,2.7955,18676,319,814657732085,2.2557,1.1362,14.3930,16644100,130100,1304100,0,2500,0
activity,0,16.6700,16.6891,2.2159,12284,317,814657898748,2.4622,1.0685,14.2067,16651300,86300,414900,0,1900,0
activity,0,16.6670,16.6497,2.4238,12284,319,814658065639,2.3965,1.2469,14.2327,16648800,162100,587700,0,4300,0
activity,0,16.6650,16.6618,2.8170,12284,319,814658232136,3.4498,1.0207,13.1946,16646100,90800,414500,0,2200,0
activity,0,16.6694,16.6711,2.2620,12284,319,814658398754,3.0808,1.5136,13.5708,16659500,125300,355300,0,1900,0
activity,0,16.6659,16.6671,2.9727,18676,318,814658565465,3.2807,0.8849,13.3684,16639300,127200,749000,0,1900,0
activity,0,16.6656,16.6636,2.6460,12284,318,814658732136,2.4063,1.0924,14.2400,16645500,83800,760000,0,1800,0
activity,0,16.6678,16.6784,2.4166,12284,318,814658898772,3.1794,1.3183,13.4803,16644400,84000,361700,0,1700,0
activity,0,16.6664,16.6597,2.2313,12284,319,814659065556,2.8732,1.4894,13.7663,16650000,90100,549600,0,1600,0
activity,0,16.6674,16.6628,2.4883,12284,319,814659232153,3.0889,1.2168,13.5567,16649300,92800,396400,0,2100,0
activity,0,16.6776,16.6672,2.5446,18676,319,814659398781,2.4574,1.0031,14.1871,16660100,80600,993200,0,1800,0
activity,0,16.6581,16.6672,2.7873,12284,319,814659565453,2.8959,1.3905,13.7542,16637300,85200,530300,0,2500,0
activity,4,16.6657,16.6697,2.4013,18262,319,814659732125,2.3142,1.1850,14.3353,16649000,177500,1534200,0,2100,0
activity,0,16.6665,16.6778,2.2487,12254,322,814659898822,2.9942,1.7503,13.6660,16650700,85200,383500,0,1900,0
activity,0,16.6666,16.6546,2.4300,12254,324,814660065600,3.4934,1.2901,13.1441,16646000,87100,673000,0,1800,0
activity,0,16.6672,16.6663,2.2231,18646,324,814660232146,3.8864,1.4445,12.7627,16649400,84900,791600,0,1700,0
activity,0,16.6680,16.6684,1.7459,12254,324,814660398809,2.1556,1.4840,14.4953,16651700,82800,330500,0,1800,0
activity,0,16.6667,16.6641,2.0838,12254,324,814660565493,3.0033,1.5743,13.6429,16651000,85600,420600,0,1900,0
activity,0,16.6678,16.6665,1.8166,12254,324,814660732134,2.0665,0.8011,14.5831,16647600,90100,341300,0,1800,0
activity,0,16.6655,16.6687,1.8371,12254,324,814660898799,2.1605,1.0199,14.4913,16648200,81700,344500,0,1800,0
activity,0,16.6691,16.6709,2.0500,18646,324,814661065486,2.3216,0.8740,14.3297,16653700,84900,721300,0,1800,0
activity,0,16.6688,16.6647,2.2211,12254,321,814661232195,2.3380,0.8498,14.3097,16646300,87600,402500,0,2100,0
activity,0,16.6635,16.6655,1.7981,12254,317,814661398842,2.1277,1.0635,14.5208,16641300,83300,772900,0,2200,0
activity,0,16.6669,16.6734,2.0378,12254,324,814661565497,2.8937,1.1357,13.7603,16655200,81200,517100,0,1700,0
activity,0,16.6684,16.6675,1.8217,12254,322,814661732231,2.5698,1.0805,14.0767,16644800,84700,762700,0,1800,0
activity,0,16.6689,16.6596,2.0654,18646,324,814661898906,2.6631,0.8739,13.9784,16642700,81500,638100,0,1800,0
activity,0,16.6656,16.6739,2.7996,12254,324,814662065502,2.6514,1.2072,14.0039,16645300,88900,432200,0,2900,0
activity,0,16.8138,16.6713,2.7812,12254,323,814662232241,3.3562,1.1613,13.2888,16791100,96800,434100,0,1900,0
activity,0,16.6690,16.6631,1.9999,12254,321,814662398954,2.3997,1.4510,14.2432,16652900,79700,620000,0,1800,0
activity,0,16.6658,16.6656,2.2415,12254,323,814662565585,2.2284,1.2624,14.4170,16646800,83500,424200,0,2300,0
activity,0,16.6668,16.8089,2.4525,18646,324,814662732241,2.3036,1.2558,14.4877,16649000,79700,1054600,0,1700,0
activity,0,16.6710,16.6705,2.2333,12254,324,814662900330,2.3636,1.5085,14.2895,16658800,106500,391600,0,2500,0
activity,0,16.6631,16.6655,2.4361,12254,324,814663067035,2.2548,1.4656,14.3921,16638100,89500,412000,0,2100,0
activity,0,16.6682,16.6655,2.2170,12254,324,814663233690,2.6763,1.4905,13.9728,16649800,82800,318900,0,1600,0
activity,4,16.6962,16.6796,2.2231,31108,324,814663400345,2.2853,1.1897,14.3737,16668800,333800,1388200,0,2500,0
activity,0,16.6593,16.6574,2.5549,19268,324,814663567141,2.3631,1.1238,14.2751,16640100,84300,967400,0,1500,0
activity,0,16.6671,16.6723,2.9133,12876,325,814663733715,1.9913,1.0806,14.6589,16650500,82400,642300,0,1600,0
activity,0,16.6646,16.6916,2.1555,12876,326,814663900438,3.4270,1.5297,13.2419,16642900,86900,463300,0,1800,0
activity,0,16.6703,16.6574,1.7869,12876,326,814664067354,2.9987,1.2953,13.6416,16656000,80200,483300,0,1800,0
activity,0,16.6638,16.6709,1.8176,12876,324,814664233928,2.9010,1.0251,13.7496,16644300,88800,326700,0,2100,0
activity,0,16.6688,16.6598,2.3347,19268,322,814664400637,2.5408,0.8793,14.1022,16651000,88000,746700,0,2300,0
activity,0,16.6681,16.6739,1.7285,12876,326,814664567235,2.4614,0.8320,14.1947,16652600,81000,383800,0,1600,0
activity,0,16.6673,16.6620,2.0275,12876,326,814664733974,2.1722,1.5185,14.4723,16649400,88600,716100,0,2300,0
activity,0,16.6676,16.6674,1.7695,12876,326,814664900594,3.0744,1.0165,13.5766,16651400,101500,791300,0,2200,0
activity,0,16.6660,16.6705,2.1606,12876,326,814665067268,2.2601,1.4607,14.3926,16634900,122200,684700,0,2900,0
activity,0,16.6659,16.6675,1.8043,19268,324,814665233973,3.3775,1.9699,13.2722,16646500,89800,796200,0,1800,0
activity,0,16.6667,16.6736,1.7971,12876,325,814665400648,3.2783,1.5096,13.3734,16650100,83500,413600,0,1600,0
activity,0,16.6666,16.6585,1.9804,12876,326,814665567384,3.2341,0.9360,13.4008,16648800,83800,348000,0,1600,0
activity,0,16.9648,16.6641,1.8094,12876,326,814665733969,2.3475,1.3498,14.2992,16959000,85300,767100,0,2000,0
activity,0,16.6602,16.6684,1.7705,12876,326,814665900610,2.5070,1.0834,14.1432,16619000,126800,378600,0,2600,0
activity,0,16.6668,16.6667,1.7838,19268,326,814666067294,2.9560,1.5701,13.6929,16648700,82400,1511700,0,2000,0
activity,0,16.6662,16.9846,1.8084,12876,326,814666233961,2.6796,0.9582,14.2796,16649500,88900,333900,0,1800,0
activity,0,16.6688,16.6396,2.0541,12876,325,814666403807,2.8626,1.0789,13.7566,16653600,81200,465000,0,1700,0
activity,0,16.6668,16.6666,1.7029,12876,326,814666570203,2.9971,0.8000,13.6519,16644400,115200,733000,0,2100,0
activity,0,16.6677,16.6672,1.6845,12876,326,814666736869,2.5715,1.0418,14.0782,16648800,90900,864400,0,1800,0
activity,4,16.6649,16.6736,1.7039,33950,326,814666903541,2.5097,1.4674,14.1443,16646100,279800,5068000,0,2200,0
activity,0,16.6672,16.6638,1.7172,12366,313,814667070277,3.0406,1.1095,13.6039,16648600,81700,509400,0,1900,0
activity,0,16.6667,16.6670,1.8422,12366,314,814667236915,2.8046,2.1050,13.8443,16651000,83100,447000,0,2800,0
activity,0,16.6671,16.6637,1.7633,12366,314,814667403585,5.4405,1.3203,11.2058,16651700,85000,610100,0,1800,0
activity,0,16.6675,16.6654,1.7183,12366,313,814667570222,2.8608,0.8573,13.7880,16625700,86000,712900,0,1800,0
activity,0,16.6662,16.6671,1.7828,18758,313,814667736876,2.3360,1.4112,14.3152,16654700,81100,1261800,0,1700,0
activity,0,16.6702,16.6686,1.7265,12366,314,814667903547,2.7569,0.9476,13.8949,16648500,81200,342600,0,2100,0
activity,0,16.6642,16.6657,2.1719,12366,314,814668070233,2.6203,1.0749,14.0053,16643900,85200,583200,0,2200,0
activity,0,16.6677,16.6723,1.7316,12366,314,814668236890,2.8607,0.8587,13.7942,16652500,82200,800100,0,1900,0
activity,0,16.6679,16.6667,1.7224,12366,314,814668403613,2.1629,1.1199,14.4857,16651300,81500,396300,0,1400,0
activity,0,16.6658,16.6622,1.7142,18758,314,814668570280,2.4902,1.0494,14.1540,16646800,80300,958300,0,2500,0
activity,0,16.6674,16.6690,2.1668,12366,314,814668736902,2.5166,1.3055,14.1361,16646400,82100,308300,0,1700,0
activity,0,16.6679,16.6704,2.0480,12366,314,814668903592,2.3070,1.4629,14.3445,16652300,80600,324000,0,1700,0
activity,0,16.6657,16.6642,1.7469,12366,311,814669070296,2.8161,1.0535,13.8308,16646700,85200,371300,0,1700,0
activity,0,16.6665,16.6647,1.7080,12366,314,814669236938,2.2875,1.2057,14.3590,16648200,91300,512700,0,2300,0
activity,0,16.6672,16.6710,1.7193,18758,314,814669403585,1.9901,1.4134,14.6623,16651900,77500,613200,0,1800,0
activity,0,16.6671,16.6652,1.6814,12366,314,814669570295,2.2045,1.1827,14.4423,16649100,108100,310100,0,1900,0
activity,0,16.6709,16.6633,2.0900,12366,312,814669736947,2.5562,1.0172,14.0921,16658300,79300,404900,0,1900,0
activity,0,16.6652,16.6697,1.7357,12366,313,814669903580,2.4093,0.9857,14.2428,16640900,97100,622500,0,2700,0
activity,0,16.6674,16.6658,1.7592,12366,312,814670070277,2.5651,1.4199,14.0841,16648100,88100,515000,0,2100,0
activity,0,16.6790,16.6788,1.6886,18758,314,814670236935,2.3350,1.3376,14.3235,16659600,90900,816500,0,1800,0
activity,0,16.6557,16.6607,2.1934,12366,314,814670403723,2.9110,1.6283,13.7301,16643100,79800,787000,0,2300,0
activity,4,16.6651,16.6669,2.0603,18350,313,814670570330,2.8681,1.1880,13.7803,16642100,149600,749400,0,2800,0
activity,0,16.6693,16.6767,1.7398,12222,314,814670736999,2.7283,1.0731,13.9315,16646000,94400,354600,0,2000,0
activity,0,16.6655,16.6646,2.0408,12222,314,814670903766,3.3341,1.5951,13.3092,16642200,86200,417100,0,2900,0
activity,0,16.6666,16.6644,2.0470,18614,314,814671070412,3.0649,0.9831,13.5773,16647600,80700,840900,0,3200,0
activity,0,16.6674,16.6656,1.7091,12222,314,814671237056,2.7135,1.0715,13.9326,16648900,87500,348600,945000,2000,0
activity,0,16.6677,16.6610,2.5334,12222,314,814671403712,2.6583,1.4889,13.9841,16648200,86100,312200,0,1700,0
activity,0,16.6640,16.6673,1.7347,12222,313,814671570322,3.0416,1.1355,13.6062,16644000,85100,318600,0,2400,0
activity,0,16.7671,16.6688,1.7459,12222,314,814671736995,2.5863,0.8106,14.0626,16779500,78300,711200,0,1500,0
activity,0,16.6579,16.6673,1.7162,18614,314,814671903683,2.3162,1.1999,14.3321,16611800,83100,728300,0,1600,0
activity,0,16.6734,16.6617,2.1842,12222,313,814672070356,2.1906,0.9170,14.4537,16656700,83000,363000,0,1900,0
activity,0,16.6606,16.7962,2.0460,12222,314,814672236973,2.5948,1.2116,14.1847,16642000,84900,324900,0,1700,0
activity,0,16.6667,16.6298,1.7715,12222,314,814672404935,2.5804,1.1717,14.0318,16647200,155800,443500,0,2000,0
activity,0,16.6681,16.6748,1.7418,12222,314,814672571233,2.5292,0.7979,14.1277,16652300,84900,918100,0,2100,0
activity,0,16.6658,16.6602,1.7408,18614,314,814672737981,2.0799,0.8931,14.5623,16646500,88600,1255300,0,1600,0
activity,0,16.6673,16.6651,2.1484,12222,313,814672904583,2.7265,1.1511,13.9207,16651600,83900,524300,0,2000,0
activity,0,16.6691,16.6708,2.0634,12222,313,814673071234,2.8728,1.1825,13.7796,16650300,90500,499600,0,1800,0
activity,0,16.6651,16.6644,1.7684,12222,314,814673237942,3.0240,1.1092,13.6229,16644200,96400,653300,0,2300,0
activity,0,16.6661,16.6700,1.7562,12222,314,814673404586,3.2503,1.5141,13.4015,16649100,85200,333000,0,1900,0
activity,0,16.6679,16.6700,1.7316,18614,314,814673571286,2.5868,1.6573,14.0638,16650600,85500,931700,0,1700,0
activity,0,16.6669,16.6620,2.1801,12222,314,814673737986,2.5438,0.9837,14.1006,16647000,92700,1052100,0,2200,0
activity,0,16.6697,16.6664,2.0316,12222,313,814673904606,2.4063,1.4707,14.2430,16652700,92900,838300,0,2100,0
activity,4,16.6661,16.6704,1.7091,18236,313,814674071270,3.0493,1.3479,13.6015,16644100,164200,1136300,0,1800,0
activity,0,16.6653,16.6656,1.7172,12228,318,814674237974,3.0966,1.2816,13.5505,16641900,96900,497900,0,2800,0
activity,0,16.6684,16.6744,2.2159,18620,318,814674404630,3.1191,1.2104,13.5338,16653400,152900,1382100,0,1700,0
activity,0,16.6664,16.6644,1.7777,12228,319,814674571374,3.3589,1.4481,13.2854,16643600,230300,336000,0,2600,0
activity,0,16.7531,16.6596,2.5487,12228,319,814674738018,3.2798,1.2087,13.3623,16735300,92400,317800,0,2200,0
activity,0,16.6907,16.6744,1.7613,12228,319,814674904614,3.3721,1.1917,13.2816,16666200,88900,342500,0,1900,0
activity,0,16.6653,16.6625,2.1391,12228,318,814675071358,3.0426,0.7859,13.6012,16645800,83700,339800,0,1700,0
activity,0,16.6691,16.7582,1.6927,18620,319,814675237983,2.9743,0.9283,13.7613,16651000,86500,1199600,0,1900,0
activity,0,16.6657,16.6850,2.2968,12228,319,814675405565,2.5516,0.8844,14.1148,16647100,84600,338700,0,1800,0
activity,0,16.6669,16.6640,2.5047,12228,319,814675572415,2.3160,1.7014,14.3299,16653800,78400,314500,0,1500,0
activity,0,16.6654,16.6690,1.8074,12228,319,814675739055,3.2876,0.8991,13.3635,16643300,84500,835100,0,1900,0
activity,0,16.6690,16.6637,1.8248,12228,318,814675905745,2.3777,0.8572,14.2696,16652500,84100,344600,0,1900,0
activity,0,16.7328,16.6726,1.8248,18620,319,814676072382,2.1309,1.2552,14.5231,16722900,79900,780100,0,1700,0
activity,0,16.6608,16.6598,1.7654,12228,319,814676239108,2.9399,1.3406,13.7035,16623800,131900,471500,0,2900,0
activity,0,16.6701,16.6688,2.0634,12228,319,814676405706,2.6795,1.4091,13.9733,16654100,85400,461900,0,1700,0
activity,0,16.6649,16.7493,2.2231,12228,317,814676572394,2.3429,1.2966,14.3802,16643800,133800,363300,0,1700,0
activity,0,16.6665,16.6456,1.8237,12228,319,814676739887,2.8522,0.9571,13.7716,16647600,82000,582500,0,1900,0
activity,0,16.6690,16.6738,1.7992,18620,319,814676906343,2.6035,0.9797,14.0508,16653300,87600,669500,0,1600,0
activity,0,16.6663,16.6628,1.8534,12228,319,814677073081,2.4588,1.2847,14.1851,16647100,84800,592400,0,3200,0
activity,0,16.6669,16.6657,2.4259,12228,319,814677239709,2.7809,1.4733,13.8669,16646300,85900,330000,0,2200,0
activity,0,16.6701,16.6703,2.2088,12228,319,814677406366,2.6591,1.3453,13.9944,16647900,120900,322000,0,2800,0
activity,4,16.6643,16.6678,1.7725,18206,319,814677573069,2.9631,1.1754,13.6841,16644200,147500,761200,0,1700,0
activity,0,16.6655,16.6692,1.7900,18590,323,814677739747,2.2833,0.9571,14.3632,16645800,114300,1301500,0,1800,0
activity,0,16.6674,16.6677,1.7859,12198,322,814677906439,2.2710,0.9588,14.3770,16653100,85700,399300,0,1800,0
activity,0,16.6686,16.6617,2.0357,12198,324,814678073116,2.6337,1.0351,14.0108,16650200,82500,412400,0,2000,0
activity,0,16.7084,16.6645,1.8033,12198,323,814678239733,3.1169,1.2423,13.5294,16691800,82500,526700,0,2100,0
activity,0,16.6823,16.6702,2.1606,12198,324,814678406378,2.4738,1.1927,14.1794,16679700,90700,319500,0,1800,0
activity,0,16.6537,16.6661,2.2374,18590,323,814678573080,2.5477,1.6015,14.1026,16608100,125400,1462500,0,2300,0
activity,0,16.6739,16.7104,1.7930,12198,323,814678739741,2.5927,0.8232,14.0993,16667400,97200,323300,0,2400,0
activity,0,16.6600,16.7085,2.1074,12198,322,814678906845,2.6079,1.2143,14.0723,16611800,124300,639500,0,2700,0
activity,0,16.6708,16.6297,2.3788,12198,324,814679073930,3.7682,0.9172,12.8401,16655800,88900,451900,0,1900,0
activity,0,16.6832,16.6977,1.9937,12198,324,814679240227,2.6608,1.0022,14.0068,16667800,129300,902000,0,2600,0
activity,0,16.6589,16.6340,1.8074,18590,323,814679407204,3.0457,1.1028,13.5664,16621100,143200,794900,0,1800,0
activity,0,16.6773,16.6788,1.7981,12198,324,814679573544,2.8249,1.0866,13.8311,16665900,100400,328400,0,4400,0
activity,0,16.6606,16.6968,2.0552,12198,324,814679740332,2.9256,0.9471,13.7423,16609800,146800,316500,0,2500,0
activity,0,17.0118,16.6451,2.2333,12198,324,814679907300,3.0466,1.1829,13.5747,16982400,135000,548200,0,1700,0
activity,0,16.6640,16.6987,2.0388,12198,324,814680073751,2.8147,0.9938,13.8515,16639000,121100,419200,0,2600,0
activity,0,17.0642,16.6428,2.2651,18590,324,814680240738,2.5642,1.3554,14.0459,17049700,134200,1578900,0,2600,0
activity,0,16.6513,17.0130,1.8330,12198,323,814680407166,3.2537,1.4518,13.7289,16582800,178300,394400,0,2400,0
activity,0,16.6624,16.6739,1.7285,12198,320,814680577296,2.7979,1.2978,13.8415,16612500,89300,319600,0,2000,0
activity,0,16.6786,17.0993,2.1883,12198,324,814680744035,3.7765,0.9035,13.2737,16666700,89700,367200,0,1800,0
activity,0,16.6549,16.6255,1.9866,12198,324,814680915028,3.0872,0.7841,13.4958,16614400,117700,312100,0,2100,0
activity,4,16.6700,16.6349,2.1740,25868,324,814681081283,2.3700,1.1439,14.2427,16651300,287400,995800,0,2300,0
activity,0,16.6651,16.6975,1.7367,12876,326,814681247632,2.7972,1.2419,13.8706,16639900,95500,314900,0,1900,0
activity,0,16.6645,16.6352,2.1914,12876,326,814681414607,2.4151,1.6685,14.1993,16641000,81700,313400,0,1700,0
activity,0,16.6877,16.6740,2.1494,12876,325,814681580959,2.9157,0.8344,13.7358,16691700,82000,424100,0,1500,0
activity,0,16.6489,16.6609,2.0367,12876,326,814681747699,2.4980,0.7510,14.1421,16592300,155700,310100,0,1700,0
activity,0,16.6691,16.6595,2.1268,19268,323,814681914308,2.1154,1.4146,14.5259,16655200,89400,1046200,0,2200,0
activity,0,16.6628,16.7267,1.7121,12876,326,814682080903,2.2933,0.7408,14.3991,16628000,100100,535300,0,2100,0
activity,0,16.6673,16.6143,2.1862,12876,326,814682248170,2.4726,1.5389,14.1198,16650700,85000,416900,0,1700,0
activity,0,16.6673,16.6819,2.2088,12876,326,814682414313,3.2771,1.0132,13.3785,16647700,82400,364400,0,1700,0
activity,0,16.6686,16.6467,2.0552,12876,326,814682581132,2.8763,1.4046,13.7519,16652400,83900,331200,0,1900,0
activity,0,16.6672,16.6691,2.1606,19268,324,814682747599,2.0560,0.9783,14.5949,16648400,86100,838000,0,1900,0
activity,0,16.6654,16.6650,1.7347,12876,326,814682914290,2.4165,0.7895,14.2313,16646200,93000,381400,0,2100,0
activity,0,16.6670,16.6700,2.1576,12876,326,814683080940,2.2672,1.7180,14.3855,16651100,86900,540800,0,1800,0
activity,0,16.6662,16.6670,1.7633,12876,326,814683247640,2.5322,1.0604,14.1163,16647200,86600,442200,0,2000,0
activity,0,16.6673,16.6632,2.0603,12876,326,814683414310,2.3186,1.4977,14.3278,16647800,84100,583700,0,1600,0
activity,0,16.6704,16.6685,2.1402,19268,325,814683580942,2.4028,1.4385,14.2485,16654900,87900,1019100,0,1900,0
activity,0,16.6652,16.6664,1.7510,12876,326,814683747627,2.2171,1.0438,14.4302,16643400,85200,443700,0,1800,0
activity,0,16.8252,16.6663,2.1842,12876,325,814683914291,2.7969,1.0961,13.8510,16812700,81600,348600,0,1700,0
activity,0,16.6627,16.6737,2.3071,12876,325,814684080954,2.7623,1.1362,13.8928,16648900,87800,364800,0,1900,0
activity,0,16.6585,16.6610,2.0347,12876,326,814684247691,2.8864,0.8496,13.7571,16606800,198600,347900,0,3200,0
activity,0,16.6688,16.8320,2.1535,19268,325,814684414301,2.5340,0.8679,14.2789,16649500,87100,871500,0,1800,0
activity,4,16.6739,16.6848,1.7306,25154,324,814684582621,2.5297,0.9133,14.1197,16665600,327600,916800,0,2200,0
activity,0,16.6591,16.6317,2.1494,12366,313,814684749469,3.0520,1.1539,13.5550,16619400,89400,407000,0,2000,0
activity,0,16.6669,16.6682,2.1576,12366,314,814684915786,2.9641,1.2459,13.6855,16647800,91700,347000,0,2000,0
activity,0,16.6662,16.6933,2.0460,12366,312,814685082468,3.1329,1.3240,13.5329,16647800,92400,715800,0,1700,0
activity,0,16.6859,16.6398,2.1637,18758,314,814685249401,2.3112,0.9598,14.3084,16688500,91400,858700,0,1900,0
activity,0,16.6497,16.6662,2.0500,12366,314,814685415799,2.9543,1.5024,13.6938,16596600,165000,318000,0,3200,0
activity,0,16.6692,16.6656,2.1780,12366,312,814685582461,3.2084,1.3463,13.4396,16650000,88100,320200,0,1700,0
activity,0,16.6660,16.7230,2.1668,12366,313,814685749117,3.0992,0.8157,13.5902,16645500,91300,382900,0,1800,0
activity,0,16.6660,16.6155,2.0439,12366,314,814685916347,2.8894,0.8113,13.7075,16646600,84600,581900,0,1800,0
activity,0,16.6734,16.6698,2.1934,44574,313,814686082502,2.6071,1.3846,14.0429,16668300,82000,1431500,0,1800,0
activity,0,16.6658,16.6650,2.0429,12366,314,814686249200,2.9372,1.1729,13.7085,16633000,107800,337300,0,1900,0
activity,0,16.6628,16.6636,2.2180,12366,312,814686415850,3.1719,1.3938,13.4748,16631300,126700,415500,0,1700,0
activity,0,16.6761,16.6944,2.1340,12366,314,814686582486,3.2454,1.0459,13.4232,16655800,114700,481800,0,2000,0
activity,0,16.6586,16.6611,2.0398,12366,314,814686749430,2.8131,1.4892,13.8199,16636300,94600,669900,0,2200,0
activity,0,16.6671,16.6534,2.1412,18758,314,814686916041,3.1240,1.4961,13.5074,16647100,92200,1255100,0,2300,0
activity,0,16.6645,16.6747,1.7265,12366,313,814687082575,2.6897,1.4267,13.9663,16643800,92500,318600,0,2000,0
activity,0,16.6695,16.6553,2.1985,12366,314,814687249322,2.9496,1.1695,13.6870,16649900,87600,840400,0,2000,0
activity,0,16.6769,16.6658,2.1688,12366,314,814687415875,3.2910,0.8206,13.3563,16658700,83400,317000,0,1500,0
activity,0,16.6659,16.6652,2.0634,12366,314,814687582533,2.4979,1.1487,14.1461,16647100,97100,869100,0,1600,0
activity,0,16.6688,16.6673,2.1494,18758,314,814687749185,2.8956,0.9462,13.7545,16653200,84500,1467500,0,2000,0
activity,0,16.6697,16.6801,1.7142,12366,313,814687915858,2.3033,1.1659,14.3554,16635500,139500,521400,0,3000,0
activity,4,16.6606,16.6670,1.7654,18496,314,814688082659,2.8907,1.3514,13.7567,16634800,173300,3627000,1052000,3500,0
activity,0,16.6670,16.6808,2.4914,12240,313,814688249329,3.3027,1.4382,13.3510,16643200,89100,564900,0,1700,0
activity,0,16.6686,16.6673,1.8104,12240,312,814688416137,3.2432,1.2397,13.3925,16651300,82800,381500,0,1800,0
activity,0,16.6883,16.6541,2.2077,18632,313,814688582810,4.9770,1.8094,11.6581,16669100,86700,746400,0,1400,0
activity,0,16.6681,16.6613,1.8156,12240,312,814688749351,3.1682,1.2284,13.4752,16650800,86500,856400,0,2400,0
activity,0,16.6654,16.6687,2.2641,12240,311,814688915964,2.3394,1.1063,14.3121,16643400,92200,437300,0,2000,0
activity,0,16.6652,16.6889,2.1975,12240,313,814689082651,2.7424,1.3042,13.9269,16646700,82200,300900,0,1500,0
activity,0,16.6666,16.6689,2.0480,12240,314,814689249540,3.1147,1.1460,13.5363,16653000,74900,287100,0,1700,0
activity,0,16.6671,16.6612,2.2866,18632,314,814689416229,3.0116,0.8718,13.6319,16650100,70300,756800,0,1200,0
activity,0,16.6998,16.6628,1.8217,12240,314,814689582841,2.4773,0.7417,14.1696,16687500,82200,331600,0,1900,0
activity,0,16.6582,16.6684,2.4965,12240,314,814689749469,2.0147,1.1726,14.6383,16638300,99200,329300,0,1800,0
activity,0,16.6692,16.6642,2.2886,12240,314,814689916153,2.5265,1.4124,14.1237,16657100,78400,407300,0,1800,0
activity,0,16.6661,16.7030,2.0777,12240,313,814690082795,2.1933,0.8415,14.4945,16646700,79500,521100,0,1700,0
activity,0,16.6666,16.6548,2.2876,18632,314,814690249825,2.3409,1.0691,14.2976,16649500,78400,826100,0,1800,0
activity,0,16.7840,16.6732,1.7981,12240,314,814690416373,2.5325,0.8723,14.1248,16766400,79500,339700,0,1800,0
activity,0,16.6668,16.6636,2.2589,12240,313,814690583105,2.4026,1.2800,14.2444,16654400,77600,326400,0,1500,0
activity,0,16.6755,16.6673,2.2088,12240,311,814690749741,2.2618,1.0979,14.3879,16663600,74300,426900,0,1500,0
activity,0,16.6660,16.7811,2.1289,12240,314,814690916414,2.2628,0.8355,14.5038,16649500,76700,276800,0,1800,0
activity,0,16.6677,16.6672,2.2620,18632,312,814691084225,2.0683,0.7902,14.5862,16651800,76000,591800,0,1400,0
activity,0,16.6647,16.6790,1.8186,12240,314,814691250897,2.0653,0.6924,14.5983,16645000,75500,269200,0,1700,0
activity,0,16.6661,16.6658,2.0582,12240,314,814691417687,2.3161,1.0198,14.3336,16652000,71900,263100,0,1300,0
activity,4,16.6669,16.6691,1.7900,18382,313,814691584345,2.0744,0.6835,14.5778,16653000,110700,528400,0,1400,0
activity,0,16.6690,16.6596,2.0316,12246,318,814691751036,2.0491,0.6886,14.5959,16657600,78200,359300,0,1300,0
activity,0,16.6715,16.6664,2.2518,18638,319,814691917632,1.7888,0.8684,14.8633,16661000,76900,788400,0,1600,0
activity,0,16.6683,16.6663,1.6988,12246,317,814692084296,1.9544,1.2268,14.6987,16645400,94400,611700,0,2200,0
activity,0,16.6630,16.6724,2.2231,12246,318,814692250959,2.0556,0.8402,14.6022,16639200,95100,332800,0,2300,0
activity,0,16.6689,16.6821,1.7254,12246,319,814692417683,2.6256,1.2684,14.0356,16651900,91900,350900,0,1700,0
activity,0,16.6700,16.6683,2.1606,12246,318,814692584504,3.4881,0.8604,13.1575,16648800,99000,412300,0,3000,0
activity,0,16.6727,16.6584,2.4115,18638,319,814692751187,2.5058,0.9110,14.1336,16659300,160100,985900,0,3000,0
activity,0,16.6584,16.6753,1.8166,12246,318,814692917771,2.6747,1.3353,13.9775,16603700,135500,388600,0,2700,0
activity,0,16.6652,16.6734,1.7449,12246,317,814693084524,2.6279,1.0976,14.0212,16646600,86200,448900,0,3700,0
activity,0,16.6735,16.6953,2.1606,12246,317,814693251258,3.2220,0.9121,13.4375,16660200,93400,372100,0,2000,0
activity,0,16.6622,16.6245,2.1801,12246,318,814693418211,2.7673,1.0002,13.8365,16621600,90100,362800,0,1900,0
activity,0,16.6691,16.6656,2.1238,18638,318,814693584456,2.7924,1.1501,13.8543,16652600,125700,972200,0,3100,0
activity,0,16.6670,16.6901,1.7756,12246,316,814693751112,2.4863,0.9543,14.1741,16637800,126600,900200,0,2700,0
activity,0,16.6653,16.6464,1.7357,12246,318,814693918013,2.5333,0.9666,14.0884,16638700,133700,348000,0,3100,0
activity,0,16.6749,16.6795,1.8115,12246,318,814694084477,3.2002,1.1789,13.4525,16651100,96400,347200,0,2600,0
activity,0,16.6654,16.6639,2.1453,12246,318,814694251272,3.5348,0.9809,13.1032,16641100,106700,317600,0,2200,0
activity,0,16.6692,16.6630,1.7050,18638,318,814694417911,2.7547,0.9180,13.8843,16657300,83500,847300,0,2000,0
activity,0,16.6657,16.6726,1.7531,12246,319,814694584541,2.4573,0.7609,14.1941,16637700,91800,763700,0,1800,0
activity,0,16.6684,16.6588,2.5610,12246,318,814694751267,2.1713,1.4127,14.4699,16652800,91900,380900,0,2200,0
activity,0,16.6662,16.6792,2.1289,12246,318,814694917855,2.8699,1.1312,13.7876,16642700,100200,364000,0,3100,0
activity,4,16.6694,16.6588,2.0429,18352,319,814695084647,2.7702,0.9557,13.8676,16654400,135500,758000,0,1800,0
activity,0,16.6876,16.6721,2.1729,18608,324,814695251235,2.9410,1.0859,13.7119,16693600,126400,666000,0,2300,0
activity,0,16.6427,16.6620,1.7490,12216,323,814695417956,2.4573,1.0286,14.1856,16576800,145700,366100,0,2100,0
activity,0,17.0582,16.6763,1.7326,12216,324,814695584576,2.4785,0.9521,14.1762,17056500,90500,440000,0,2000,0
activity,0,16.6563,16.7268,2.1873,12216,323,814695751339,2.3822,1.2768,14.3118,16609600,80600,348100,0,1600,0
activity,0,16.6677,16.5960,2.0009,12216,324,814695918607,2.3824,1.3716,14.1947,16651600,77800,307200,0,1600,0
activity,0,16.6679,17.0846,2.1494,18608,322,814696084567,2.4197,1.2347,14.6372,16653000,76500,795900,0,1900,0
activity,0,16.6679,16.6274,1.7009,12216,324,814696255413,1.9454,0.7698,14.6644,16647500,89400,309900,0,1800,0
activity,0,16.6667,16.6687,1.7132,12216,324,814696421687,1.9580,1.0571,14.6939,16648500,87400,272200,0,1900,0
activity,0,16.7203,16.6723,2.1453,12216,322,814696588374,2.1490,0.8770,14.5042,16701100,128100,304100,0,2200,0
activity,0,16.6688,16.6679,2.0470,12216,324,814696755097,1.8648,0.7143,14.7829,16666500,91800,318000,0,1800,0
activity,0,16.6662,16.6670,2.1873,18608,324,814696921776,1.9210,0.8380,14.7278,16628700,91100,775500,0,1700,0
activity,0,16.6718,16.7212,1.7367,12216,324,814697088446,2.1463,0.8704,14.5551,16657700,92800,311900,0,1500,0
activity,0,16.6592,16.6862,2.1371,12216,324,814697255658,2.1321,1.0018,14.5347,16619000,83500,377500,0,1800,0
activity,0,16.6663,16.6502,2.4003,12216,324,814697422520,2.3704,1.2531,14.2585,16651000,81100,294600,0,1800,0
activity,0,16.6660,16.6838,2.0050,12216,322,814697589022,2.0305,1.2106,14.6274,16648400,78000,299700,0,1700,0
activity,0,16.6668,16.6380,2.1453,18608,323,814697755860,1.8146,0.8965,14.8046,16653900,71800,652100,0,1200,0
activity,0,16.6664,16.6675,1.6988,12216,324,814697922240,2.0787,0.8106,14.5725,16650300,71700,262900,0,1300,0
activity,0,16.6668,16.6626,2.1289,12216,324,814698088915,1.9659,1.3482,14.6827,16651700,70600,267300,0,1200,0
activity,0,16.6664,16.6690,2.1207,12216,324,814698255541,2.0080,0.6419,14.6460,16656700,73300,329500,0,1200,0
activity,0,16.6709,16.6657,2.0562,12216,323,814698422231,1.7736,0.9065,14.8769,16657300,65100,401000,0,1200,0
activity,4,16.6638,16.6652,2.1207,26014,324,814698588888,1.8875,0.8711,14.7644,16644700,241900,922200,0,1800,0
activity,0,16.6676,16.6688,1.6937,12894,326,814698755540,1.8503,0.8008,14.8064,16654200,81200,291800,0,1800,0
activity,0,16.6672,16.6737,2.1565,12894,326,814698922228,2.1092,1.3622,14.5483,16650500,76400,362600,0,1700,0
activity,0,16.6677,16.6592,2.1320,12894,325,814699088965,2.9531,0.7079,13.6917,16653700,74200,295000,0,1500,0
activity,0,16.6679,16.6698,2.0285,12894,326,814699255557,2.0951,1.2295,14.5592,16652800,77500,320800,0,1700,0
activity,0,16.6674,16.6661,2.2723,19286,326,814699422255,1.9420,0.6941,14.7087,16651700,78400,812800,0,1500,0
activity,0,16.6648,16.6693,1.7019,12894,322,814699588916,1.9281,0.7348,14.7258,16647200,77200,316800,0,1700,0
activity,0,16.6673,16.6683,2.1443,12894,324,814699755609,1.9965,0.8559,14.6564,16651500,77900,306900,0,1800,0
activity,0,16.6680,16.6674,2.1361,12894,325,814699922292,2.3103,0.8394,14.3416,16653400,78800,302100,0,1600,0
activity,0,16.6673,16.6637,2.0480,12894,326,814700088966,2.1227,0.7412,14.5247,16651700,76100,338900,0,1400,0
activity,0,16.6675,16.6683,2.1268,19286,325,814700255603,2.2079,0.7110,14.4438,16654200,78000,791100,0,1600,0
activity,0,16.6675,16.6678,2.0357,12894,326,814700422286,2.1332,0.9598,14.5204,16651000,83400,333100,0,1500,0
activity,0,16.6655,16.6669,2.1258,12894,325,814700588964,2.1263,1.1147,14.5256,16646900,80800,301200,0,1800,0
activity,0,16.6677,16.6694,2.1074,12894,326,814700755633,2.3284,0.7754,14.3260,16649300,86800,323600,0,1600,0
activity,0,16.6789,16.6687,1.7203,12894,326,814700922327,2.1914,1.1912,14.4598,16675300,80100,472300,0,1600,0
activity,0,16.6550,16.6643,2.1565,19286,326,814701089014,2.4063,1.0702,14.2407,16614000,77400,849500,0,1700,0
activity,0,16.6644,16.6667,1.7039,12894,325,814701255657,2.1194,1.3229,14.5301,16646300,80700,320300,0,1700,0
activity,0,16.6712,16.6997,2.1514,12894,325,814701422324,1.9650,0.9299,14.7107,16660300,77000,324100,0,1500,0
activity,0,16.6636,16.6317,2.1391,12894,326,814701589321,2.2475,0.7357,14.3665,16642600,82900,406900,0,1600,0
activity,0,16.6695,16.6611,2.0285,12894,326,814701755638,2.1532,0.7714,14.4933,16657100,78500,358500,0,1400,0
activity,0,16.6649,16.6784,2.3706,19286,325,814701922249,1.9093,0.7880,14.7512,16648200,95700,662000,0,1600,0
activity,4,16.6699,16.6575,1.7193,25154,326,814702089033,2.2972,0.8784,14.3455,16656500,149000,1045100,0,1600,0
activity,0,16.6658,16.6736,2.4617,12366,314,814702255608,1.9715,0.8921,14.6857,16645300,81800,317100,0,1600,0
activity,0,16.6685,16.6642,2.1914,12366,314,814702422344,2.2753,1.0485,14.3731,16654400,77200,332300,0,2000,0
activity,0,16.6666,16.6730,2.1258,12366,314,814702588986,2.5315,0.7497,14.1252,16649200,80900,330900,0,1600,0
activity,0,16.6656,16.6626,2.1842,18758,314,814702755716,1.9391,0.9003,14.7063,16651400,80700,629500,0,1700,0
activity,0,16.6671,16.6704,1.7869,12366,314,814702922342,2.2356,0.7941,14.4189,16647900,82400,389600,0,1700,0
activity,0,16.6669,16.6655,2.1668,12366,314,814703089046,2.2909,0.9753,14.3585,16706000,79300,313100,0,1600,0
activity,0,16.6670,16.6677,2.1361,12366,314,814703255701,2.4151,1.2656,14.2364,16597100,82200,300000,0,1600,0
activity,0,16.6704,16.6643,2.1238,12366,314,814703422378,1.9750,0.7751,14.6730,16656700,81700,302500,0,1500,0
activity,0,16.6635,16.7207,2.1617,18758,314,814703589021,2.0507,0.7596,14.6555,16644900,82200,819400,0,1800,0
activity,0,16.6692,16.6137,1.8145,12366,314,814703756228,1.9551,0.7638,14.6421,16654900,81000,336400,0,1500,0
activity,0,16.6677,16.6728,2.1545,12366,314,814703922365,1.9911,0.9640,14.6658,16653000,90700,313300,0,1800,0
activity,0,16.6712,16.6623,2.2180,12366,313,814704089093,2.2648,0.7781,14.3803,16650400,90600,418800,0,1900,0
activity,0,16.6652,16.6715,2.3204,12366,314,814704255716,2.0242,0.8744,14.6309,16634800,135400,493900,0,2700,0
activity,0,16.6654,16.6729,2.2764,18758,314,814704422431,2.1097,1.0320,14.5433,16644400,95300,1074500,0,2300,0
activity,0,16.6712,16.6767,1.9978,12366,314,814704589160,2.5716,1.1092,14.0790,16653600,96000,706000,0,2200,0
activity,0,16.7860,16.6584,1.8063,12366,314,814704755927,2.7537,1.1165,13.8811,16762000,102800,359700,0,3400,0
activity,0,16.6663,16.6655,1.7695,12366,314,814704922511,3.1396,1.7435,13.5052,16646100,107000,329900,0,2200,0
activity,0,16.6678,16.6756,2.0941,12366,314,814705089166,2.9334,0.8626,13.7205,16647200,93800,621600,0,1600,0
activity,0,16.7231,16.7817,2.1647,18758,313,814705255922,2.5885,0.9217,14.1738,16706300,97600,632400,0,2100,0
activity,0,16.6643,16.6662,1.7408,12366,314,814705423739,2.4113,1.4193,14.2350,16637200,104600,427600,0,1800,0
activity,4,16.6707,16.6681,2.4054,18496,313,814705590401,2.5778,1.0497,14.0696,16652200,138900,649400,0,2300,0
activity,0,16.6603,16.7289,1.8166,12240,314,814705757082,2.4109,1.5116,14.2956,16631200,114900,2755500,1098200,2400,0
activity,0,16.6690,16.6585,2.0582,12240,312,814705924371,2.2153,1.3865,14.4225,16650400,89700,358200,0,1600,0
activity,0,16.6682,16.6769,1.8156,18632,314,814706090956,2.3018,0.9413,14.3506,16633700,84900,602300,0,1500,0
activity,0,16.6632,16.6523,2.0695,12240,311,814706257725,3.5947,1.2437,13.0366,16642900,87000,285500,0,1600,0
activity,0,16.6704,16.6737,2.1658,12240,314,814706424248,2.0925,1.0310,14.5582,16660200,68700,252500,0,1300,0
activity,0,16.6671,16.6606,2.1268,12240,313,814706590985,2.5031,0.7182,14.1306,16650600,87600,324000,0,1800,0
activity,0,16.6666,16.6564,2.0582,12240,310,814706757591,2.0513,0.7099,14.5916,16646300,88400,378400,0,1500,0
activity,0,16.6668,16.6782,2.1371,18632,313,814706924155,1.8696,0.8803,14.7908,16647800,84700,662100,0,1400,0
activity,0,16.6670,16.6693,2.5047,12240,311,814707090937,2.4613,1.0180,14.1894,16650000,87400,312000,0,1600,0
activity,0,16.6695,16.6661,1.8053,12240,314,814707257630,2.1753,0.8877,14.4711,16649400,92300,332400,0,2200,0
activity,0,16.6682,16.6661,2.1627,12240,313,814707424291,2.3266,0.8489,14.3214,16644200,95600,305300,0,1400,0
activity,0,16.6659,16.6691,2.0398,12240,314,814707590952,2.2367,0.8885,14.4136,16641700,85000,288700,0,1700,0
activity,0,16.6640,16.6702,2.1791,18632,313,814707757643,2.1962,1.0029,14.4533,16637600,88100,861000,0,1900,0
activity,0,16.6644,16.6679,2.0265,12240,314,814707924345,2.5533,0.9072,14.0912,16645500,73600,312700,0,1800,0
activity,0,16.6694,16.6650,2.1709,12240,313,814708091024,2.4390,1.1655,14.2030,16654300,74100,293400,0,1700,0
activity,0,16.6769,16.6575,2.1371,12240,314,814708257674,2.6794,0.7865,13.9583,16672400,78900,758900,0,1700,0
activity,0,16.6873,16.6629,2.0275,12240,314,814708424249,2.0873,0.7789,14.5583,16671800,70500,286500,0,1200,0
activity,0,16.6567,16.6711,1.7101,18632,314,814708590878,2.0475,0.9668,14.6070,16632400,64300,565800,0,1000,0
activity,0,16.6667,16.6871,1.7265,12240,314,814708757589,2.8886,0.6749,13.7840,16652400,65000,264600,0,1100,0
activity,0,16.6682,16.6846,2.4033,12240,312,814708924460,1.9160,1.1637,14.7559,16654500,76200,302900,0,1400,0
activity,0,16.6666,16.6447,2.4023,12240,314,814709091306,1.8378,0.6387,14.7947,16650800,77200,304100,0,1400,0
activity,4,16.6658,16.6679,2.0142,18382,314,814709257753,1.6543,0.7178,14.9982,16651900,118800,698000,0,1400,0
activity,0,16.6680,16.6704,2.3030,18638,319,814709424432,2.1139,0.7230,14.5408,16653400,71300,681800,0,1400,0
activity,0,16.6682,16.6635,1.6916,12246,315,814709591136,2.2650,0.7905,14.3859,16654000,68800,266900,0,1200,0
activity,0,16.6682,16.6654,2.1606,12246,318,814709757771,2.2499,0.7958,14.4020,16651900,69100,256300,0,1400,0
activity,0,16.6693,16.6689,2.1146,12246,319,814709924425,2.3132,0.6473,14.3403,16652900,82900,294400,0,1900,0
activity,0,16.6653,16.6713,2.0562,12246,319,814710091114,1.8448,0.6418,14.8092,16643900,98100,345400,0,1700,0
activity,0,16.6698,16.6709,2.1432,18638,319,814710257827,1.8600,0.7410,14.7921,16657600,81100,1195600,0,1600,0
activity,0,16.6769,16.6705,2.0500,12246,319,814710424536,2.3452,1.2163,14.3078,16674700,147700,322400,0,1600,0
activity,0,16.6547,16.6631,1.7285,12246,318,814710591241,2.5352,1.4288,14.1088,16596700,101800,448500,0,2000,0
activity,0,16.6797,16.6757,2.2333,12246,319,814710757872,2.8126,0.8077,13.8452,16678800,86100,293500,0,2200,0
activity,0,16.6691,16.7097,1.7306,12246,319,814710924629,2.4797,1.3488,14.1955,16624500,117300,319300,0,1700,0
activity,0,16.6629,16.6210,2.1821,18638,319,814711091726,3.1563,0.7869,13.4405,16625300,78200,684300,0,1900,0
activity,0,16.6601,16.7159,2.0337,12246,319,814711257936,2.3591,1.3817,14.3199,16612100,81400,366400,0,2000,0
activity,0,16.6640,16.6631,1.7203,12246,319,814711425095,2.5771,1.0797,14.0478,16639400,92600,393200,0,2800,0
activity,0,16.6803,16.6614,1.7101,12246,319,814711591726,2.3740,1.2685,14.2516,16679000,79600,385500,0,1600,0
activity,0,16.6533,16.6335,2.0818,12246,319,814711758340,2.3321,1.3746,14.2802,16598700,79200,374100,0,1800,0
activity,0,16.6666,16.6573,2.1422,18638,319,814711924675,2.0070,1.2796,14.6326,16649400,76600,786300,0,1800,0
activity,0,16.6671,16.7118,2.5395,12246,319,814712091248,2.0594,1.3178,14.6198,16653500,73400,321800,0,1700,0
activity,0,16.9343,16.6205,1.7019,12246,319,814712258366,1.9965,1.1643,14.6024,16912900,74600,270600,0,1500,0
activity,0,16.6665,16.6647,2.1709,12246,319,814712424571,2.3432,1.0857,14.3064,16654800,71600,246100,0,1300,0
activity,0,16.6687,16.6704,2.0541,12246,319,814712591218,1.8147,0.7441,14.8390,16656900,68500,314300,0,1500,0
activity,4,16.6666,16.9265,2.0603,24744,319,814712757922,1.6356,0.7187,15.2775,16652900,109800,629700,0,1500,0
activity,0,16.6677,16.6678,1.7336,12216,324,814712927187,1.5293,1.0310,15.1256,16653600,67600,263400,0,1200,0
activity,0,16.6695,16.6704,2.1524,12216,324,814713093865,1.5318,0.9600,15.1253,16659200,75500,272300,0,1600,0
activity,0,16.6672,16.6668,2.1473,12216,320,814713260569,2.0237,0.6966,14.6292,16647900,82700,340400,0,1700,0
activity,0,16.6677,16.6679,2.0511,12216,324,814713427237,1.6124,0.6599,15.0414,16649500,80700,303000,0,1800,0
activity,0,16.6694,16.6763,2.1371,18608,324,814713593916,1.8343,1.1258,14.8253,16651200,89300,579400,0,1500,0
activity,0,16.6648,16.6665,2.0500,12216,324,814713760679,2.0103,0.9117,14.6378,16645000,96200,438900,0,1800,0
activity,0,16.6692,16.6700,2.1064,12216,324,814713927344,2.1402,0.9713,14.5093,16651500,92100,1032700,0,2400,0
activity,0,16.6658,16.6700,2.0572,12216,320,814714094044,2.4486,1.6387,14.2028,16643800,87000,760100,0,1600,0
activity,0,16.6661,16.6641,1.6978,12216,324,814714260744,2.4686,1.2036,14.1766,16645600,85800,294900,0,1500,0
activity,0,16.6621,16.6715,1.7469,18608,324,814714427385,3.1224,1.0308,13.5294,16640000,86100,634300,0,1900,0
activity,0,16.6682,16.6642,1.6937,12216,321,814714594100,3.0216,0.7462,13.6225,16656400,71900,260600,0,1200,0
activity,0,16.6757,16.6640,1.7316,12216,324,814714760742,2.2432,1.0415,14.4025,16661900,73100,326300,0,1300,0
activity,0,16.6647,16.6538,2.1801,12216,324,814714927382,2.3734,0.6849,14.2667,16645000,79800,307700,0,1700,0
activity,0,16.6687,16.6708,2.0603,12216,323,814715093920,1.6985,1.1665,14.9581,16656700,76100,302300,0,1300,0
activity,0,16.6693,16.6781,2.1535,18608,324,814715260628,1.8240,0.7766,14.8379,16656800,78000,924400,0,1400,0
activity,0,16.6665,16.6596,2.0255,12216,324,814715427409,2.1754,0.7261,14.4698,16644800,89500,419500,0,2100,0
activity,0,16.6695,16.6717,1.7316,12216,324,814715594005,2.1243,0.9589,14.5326,16657600,80200,290700,0,1900,0
activity,0,16.6657,16.6756,2.1647,12216,324,814715760722,2.5593,0.9769,14.0976,16640500,85100,325100,0,1700,0
activity,0,16.6662,16.6617,2.0193,12216,324,814715927478,2.2377,0.7358,14.4072,16646400,83600,315300,0,1500,0
activity,0,16.6635,16.6790,2.1443,18608,319,814716094095,1.9826,0.7587,14.6751,16643600,77700,671000,0,2100,0
activity,4,16.6675,16.6603,1.8647,19622,324,814716260885,2.4050,0.7873,14.2357,16653600,238700,733700,0,1500,0
activity,0,16.6663,16.6629,2.2016,12894,326,814716427488,2.3025,0.8310,14.3441,16652100,79500,307600,0,1500,0
activity,0,16.7110,16.6584,1.7797,12894,324,814716594117,2.2115,0.8664,14.4322,16702500,77400,422500,0,1700,0
activity,0,16.6751,16.6670,2.0122,12894,325,814716760701,2.6421,0.7563,14.0115,16644600,117400,309900,0,2700,0
activity,0,16.6699,16.6663,1.7091,19286,326,814716927371,1.9925,0.8743,14.6596,16658600,75400,1040500,0,1200,0
activity,0,16.6690,16.7217,2.0316,12894,326,814717094034,2.5245,0.7441,14.1782,16656200,78000,403900,0,1600,0
activity,0,16.6644,16.6639,1.7633,12894,326,814717261251,2.4846,1.1109,14.1601,16644900,77300,331000,0,1600,0
activity,0,16.6671,16.6742,1.7879,12894,325,814717427890,2.7030,1.0945,13.9558,16652500,79700,468900,0,1700,0
activity,0,16.6663,16.6722,2.0521,12894,326,814717594632,2.2216,0.8081,14.4348,16651000,78600,298000,0,1300,0
activity,0,16.6773,16.6607,1.8022,19286,326,814717761354,2.1687,0.8134,14.4764,16661100,75200,672300,0,1800,0
activity,0,16.6561,16.6675,1.7797,12894,326,814717927961,2.2343,0.7173,14.4184,16641800,72400,284100,0,1500,0
activity,0,16.6674,16.6663,1.7920,12894,326,814718094636,2.0127,0.9745,14.6385,16654000,75300,284400,0,1800,0
activity,0,16.6932,16.6745,2.3962,12894,326,814718261299,2.5619,0.6524,14.0993,16683600,71300,459900,0,1500,0
activity,0,16.6771,16.6552,2.0193,12894,326,814718428044,1.8368,0.6873,14.8051,16667300,81000,396300,0,1700,0
activity,0,16.6557,16.6673,2.1391,19286,325,814718594596,1.9392,0.7787,14.7149,16632700,77200,718600,0,1500,0
activity,0,16.6671,16.6995,2.0255,12894,326,814718761269,2.0132,0.8545,14.6706,16651300,70600,289700,0,1300,0
activity,0,16.6670,16.6835,1.7951,12894,325,814718928264,2.2072,0.8885,14.4602,16652400,72400,286900,0,1300,0
activity,0,16.6679,16.6466,2.1668,12894,325,814719095099,2.3735,0.6533,14.2594,16654900,76400,387800,0,1400,0
activity,0,16.6766,16.6651,2.0009,12894,326,814719261565,1.7277,0.6711,14.9238,16671500,77200,379100,0,1600,0
activity,0,16.6555,16.6663,1.6927,19286,326,814719428216,1.6724,1.2672,14.9802,16630400,73700,723100,0,1600,0
activity,0,16.6704,16.6688,2.0572,12894,326,814719594879,1.9818,1.2058,14.6732,16659900,74800,309000,0,1300,0
activity,4,16.6671,16.6858,1.7910,25154,326,814719761567,1.8467,0.8594,14.8248,16651800,137600,922400,0,1500,0
activity,0,16.6633,16.6438,2.1268,12366,311,814719928425,2.0470,0.7163,14.5835,16642200,74500,275800,0,1400,0
activity,0,16.6686,16.6748,2.0429,12366,313,814720094863,2.0151,0.8684,14.6450,16658400,71000,298000,0,1400,0
activity,0,16.6658,16.6692,2.1996,18758,314,814720261611,2.1878,0.6438,14.4641,16652000,72900,554100,0,1400,0
activity,0,16.6663,16.6550,2.0265,12366,314,814720428303,1.8290,0.6930,14.8132,16652500,75000,402400,0,1300,0
activity,0,16.6716,16.6717,1.7183,12366,313,814720594853,1.9119,0.8754,14.7466,16662400,74600,377300,0,1300,0
activity,0,16.6656,16.6651,2.1238,12366,314,814720761570,2.0448,1.0477,14.6073,16644800,122800,389300,0,1900,0
activity,0,16.6648,16.6658,2.0234,12366,314,814720928221,1.9965,1.1552,14.6560,16646500,83100,351700,0,1600,0
activity,0,16.6673,16.6790,1.7510,18758,314,814721094879,1.9746,0.7427,14.6880,16655000,70200,589800,0,1300,0
activity,0,16.6701,16.6620,2.0244,12366,314,814721261669,2.5233,1.2758,14.1216,16658200,71700,702300,0,1300,0
activity,0,16.6634,16.6615,1.7234,12366,313,814721428289,1.9188,1.0101,14.7277,16645800,74000,282800,0,1500,0
activity,0,16.7580,16.6684,1.7080,12366,313,814721594904,2.0200,0.8018,14.6351,16750400,72200,254300,0,1300,0
activity,0,16.6621,16.6743,2.0306,12366,312,814721761588,2.3383,0.7066,14.3200,16633700,70600,267900,0,1600,0
activity,0,16.6665,16.6611,2.3695,18758,311,814721928331,1.6660,0.6456,14.9800,16649100,80700,705300,0,1600,0
activity,0,16.6668,16.7699,1.7162,12366,313,814722094942,1.9244,0.6370,14.8262,16649300,81700,391500,0,1600,0
activity,0,16.6692,16.6526,1.7316,12366,314,814722262641,1.7950,1.0435,14.8389,16655000,80100,314300,0,1700,0
activity,0,16.6652,16.6657,1.7183,12366,313,814722429167,2.2194,1.3119,14.4298,16646800,82300,314600,0,2200,0
activity,0,16.6661,16.6667,2.0152,12366,314,814722595824,1.9106,0.7787,14.7389,16650100,78500,361400,0,1500,0
activity,0,16.6676,16.6714,2.1391,18758,314,814722762491,1.9794,0.8445,14.6757,16650300,79200,777300,0,1400,0
activity,0,16.6664,16.6632,2.0347,12366,313,814722929205,1.8420,1.2209,14.8050,16650400,77000,298900,0,1700,0
activity,0,16.6695,16.6679,1.7449,12366,314,814723095837,1.9274,1.0543,14.7228,16657100,76800,256000,0,1200,0
activity,4,16.6640,16.6651,1.7224,18496,314,814723262516,2.4823,0.8195,14.1682,16642400,111700,693200,0,1600,0
activity,0,16.6662,16.6653,2.0572,12240,313,814723429167,2.0000,0.9257,14.6505,16650700,73500,2146100,798400,1600,0
activity,0,16.6666,16.6742,1.7070,18632,314,814723595820,2.0760,0.9962,14.5813,16650100,72600,662700,0,1300,0
activity,0,16.6681,16.6598,2.0419,12240,313,814723762562,2.4751,0.8054,14.1674,16656300,69400,278100,0,1300,0
activity,0,16.6676,16.6655,1.6824,12240,314,814723929160,2.9575,0.7721,13.6934,16651500,78600,290500,0,1700,0
activity,0,16.6681,16.6646,1.7285,12240,314,814724095815,2.2025,1.0481,14.4478,16653000,81700,304000,0,1400,0
activity,0,16.6650,16.6698,2.0009,12240,314,814724262461,1.6668,0.7925,14.9896,16648100,75600,277500,0,1500,0
activity,0,16.6677,16.6688,1.7121,18632,314,814724429159,1.9599,0.7216,14.6917,16653000,76800,677600,0,1400,0
activity,0,16.7151,16.6687,1.7121,12240,314,814724595847,2.0343,0.6681,14.6188,16698800,76900,291700,0,1500,0
activity,0,16.6687,16.6644,1.7449,12240,314,814724762534,1.8106,1.2881,14.8376,16655700,78400,323900,0,1500,0
activity,0,16.6647,16.6681,1.7572,12240,314,814724929178,1.9367,0.9489,14.7163,16646100,77400,279200,0,1500,0
activity,0,16.6833,16.7139,2.3388,12240,314,814725095859,1.8133,0.9119,14.8856,16697400,68500,312400,0,1200,0
activity,0,16.6513,16.6698,2.1033,18632,314,814725262998,1.8980,0.7255,14.7579,16584400,66400,479300,0,1100,0
activity,0,16.6657,16.6602,2.0296,12240,313,814725429696,1.8144,1.0841,14.8317,16651600,65500,269500,0,1200,0
activity,0,16.6744,16.7256,1.7224,12240,314,814725596298,1.6295,0.7694,15.0681,16666000,61200,306200,0,900,0
activity,0,16.7007,16.6084,2.1811,12240,314,814725763554,1.9386,0.6905,14.6453,16722600,72600,239200,0,1100,0
activity,0,16.6530,16.6615,2.0255,12240,313,814725929638,1.7915,1.0454,14.8601,16571600,67200,261000,0,1400,0
activity,0,16.9502,16.6770,2.1811,18632,314,814726096253,1.6841,0.6530,14.9819,16947500,72500,537800,0,1100,0
activity,0,16.6728,16.7570,2.0122,12240,313,814726263023,1.9160,0.7046,14.8070,16648900,64200,249200,0,1100,0
activity,0,16.6527,16.6036,1.7162,12240,314,814726430593,2.0417,0.8531,14.5299,16590100,66700,246100,0,1400,0
activity,0,16.6814,16.9692,1.7009,12240,313,814726596629,1.9759,0.6054,14.9719,16679200,66900,281700,0,1100,0
activity,4,16.6664,16.6862,1.7306,24774,314,814726766321,1.5564,0.7579,15.0928,16634900,113700,658400,0,1300,0
activity,0,16.6663,16.6148,1.6968,12246,318,814726933183,1.6911,1.0143,14.8989,16650600,74600,347200,0,1500,0
activity,0,16.6679,16.6975,2.0419,12246,319,814727099331,1.6882,0.9409,14.9913,16651600,74400,274300,0,1300,0
activity,0,16.6652,16.6558,1.7050,12246,317,814727266306,2.1089,1.2043,14.5261,16648200,75200,353100,0,1500,0
activity,0,16.6648,16.6663,1.6937,12246,319,814727432864,2.1883,0.7393,14.4627,16648400,75200,262800,0,1300,0
activity,0,16.7809,16.6674,1.7162,18638,319,814727599527,1.7947,1.1449,14.8571,16789100,66600,571700,0,1000,0
activity,0,16.6741,16.6637,1.6916,12246,319,814727766201,1.7181,0.6154,14.9302,16633900,65500,282700,0,1300,0
activity,0,16.6522,16.6613,2.0091,12246,316,814727932838,1.5628,1.1401,15.0858,16588400,66200,251100,0,1100,0
activity,0,16.6670,16.8184,1.7418,12246,318,814728099451,1.6484,0.7353,15.1409,16653300,62000,279400,0,1000,0
activity,0,16.6857,16.6740,1.6845,12246,319,814728267635,2.2172,0.6363,14.4167,16698500,66400,309600,0,1000,0
activity,0,16.6523,16.6137,1.7326,18638,319,814728434375,1.6930,1.1568,14.8953,16594900,68600,568100,0,1200,0
activity,0,16.6651,16.6663,1.7285,12246,319,814728600512,1.4968,1.1610,15.1565,16653500,73800,352300,0,1300,0
activity,0,16.6791,16.7261,2.0449,12246,319,814728767175,1.7497,1.1910,14.9493,16666900,74000,308600,0,1500,0
activity,0,16.7078,16.6187,1.7940,12246,319,814728934436,1.6842,1.1743,14.9108,16675400,69700,304700,0,1500,0
activity,0,16.6801,16.6681,1.7869,12246,319,814729100623,1.9987,1.0761,14.6551,16688700,64400,247800,0,1100,0
activity,0,16.7708,16.6857,1.7009,18638,319,814729267304,1.7056,1.0797,14.9615,16733600,64000,520200,0,800,0
activity,0,16.7501,16.6924,1.7940,12246,318,814729434161,1.6033,0.6379,15.0722,16688100,179300,432500,0,1400,0
activity,0,16.6667,16.7157,2.1197,12246,319,814729601085,1.6022,0.7818,15.0867,16653300,65500,258800,0,1300,0
activity,0,16.6680,16.7740,1.8176,12246,318,814729768242,1.9830,0.8768,14.7509,16657900,62700,272900,0,900,0
activity,0,16.6665,16.7133,1.7797,12246,319,814729935982,2.5201,0.7052,14.1679,16653500,68500,315000,0,1000,0
activity,0,16.6678,16.6648,1.7920,18638,319,814730103115,1.5745,0.8298,15.0789,16655800,62400,506000,0,900,0
activity,4,16.6652,16.6697,1.7111,18352,319,814730269763,1.7738,1.0162,14.8841,16652300,103100,497700,0,1400,0
activity,0,16.6670,16.6658,2.1330,12216,324,814730436460,1.5596,0.7149,15.0939,16657300,61900,392200,0,1000,0
activity,0,16.6694,16.6674,1.7879,12216,324,814730603118,1.7183,0.7575,14.9375,16659500,65300,240100,0,900,0
activity,0,16.6804,16.6635,1.8330,12216,324,814730769792,1.7980,0.6620,14.8543,16684100,66500,255700,0,1100,0
activity,0,16.6603,16.6685,1.8360,18608,324,814730936427,1.6595,0.6800,14.9979,16607100,66800,524600,0,1100,0
activity,0,16.9742,16.6728,1.7357,12216,322,814731103112,1.7161,0.7198,14.9435,16921700,79700,271200,0,1200,0
activity,0,16.6505,16.7151,2.0132,12216,324,814731269840,1.7469,0.9704,14.9376,16581800,74700,292100,0,1500,0
activity,0,16.6655,16.6411,1.7859,12216,323,814731436991,1.9649,0.8105,14.6423,16652500,66800,265000,0,1200,0
activity,0,16.6657,16.9956,2.0490,12216,324,814731603402,2.0853,0.7696,14.8367,16659800,57300,296400,0,800,0
activity,0,16.6690,16.6076,1.8125,18608,324,814731773358,2.1540,0.8583,14.4277,16659200,56300,473800,0,900,0
activity,0,16.6648,16.6627,1.7162,12216,324,814731939434,1.4419,0.7436,15.2105,16649000,61900,292700,0,800,0
activity,0,16.6694,16.6686,2.1084,12216,324,814732106061,1.5850,0.6886,15.0748,16663800,55600,233000,0,900,0
activity,0,16.6816,16.6708,1.7039,12216,324,814732272747,1.6231,0.9676,15.0362,16690100,63900,287700,0,1100,0
activity,0,16.6512,16.6597,1.7940,12216,324,814732439455,1.5283,0.5749,15.1207,16588500,62000,268700,0,1000,0
activity,0,16.6664,16.6739,1.8002,18608,324,814732606052,1.5196,1.0811,15.1443,16659700,57300,549200,0,900,0
activity,0,16.6854,16.7158,1.7388,12216,324,814732772791,1.5401,0.7287,15.1503,16696100,61400,234800,0,900,0
activity,0,16.6497,16.6105,2.0326,12216,324,814732939949,1.6320,1.2218,14.9563,16618700,63100,407300,0,900,0
activity,0,16.6681,16.6681,1.8391,12216,324,814733106054,1.6086,0.6246,15.0511,16664100,58400,241100,0,1100,0
activity,0,16.6656,16.7061,2.5201,12216,323,814733272735,1.5623,1.6453,15.1338,16650400,62700,236400,0,1000,0
activity,0,16.6824,16.6285,1.7900,18608,324,814733439796,1.5833,0.6071,15.0355,16694800,56700,555000,0,800,0
activity,0,16.6554,16.6738,1.7961,12216,324,814733606081,1.4933,0.5436,15.1709,16599500,64600,281700,0,900,0
activity,4,16.6806,16.6598,2.0367,19622,324,814733772819,1.5839,0.6940,15.0666,16681100,192900,495200,0,1000,0
activity,0,16.6538,16.7198,1.8196,12894,326,814733939417,1.7266,0.9864,14.9683,16635700,63500,257200,0,1200,0
activity,0,16.6660,16.6190,1.7920,12894,326,814734106615,2.0952,0.8203,14.5042,16652400,63400,274000,0,1300,0
activity,0,16.6684,16.6922,1.8196,19286,325,814734272805,1.8469,0.7461,14.8343,16660500,63200,492700,0,1100,0
activity,0,16.6660,16.6489,1.7172,12894,326,814734439727,1.5137,0.7946,15.1220,16651600,67700,275300,0,1100,0
activity,0,16.6776,16.6630,1.9978,12894,326,814734606216,1.5400,0.7012,15.1123,16680400,71800,375300,0,1100,0
activity,0,16.6581,16.6714,1.6947,12894,325,814734772846,1.6959,0.6281,14.9646,16610100,60100,258600,0,800,0
activity,0,16.6652,16.6642,1.6568,12894,326,814734939560,1.6053,1.1125,15.0464,16649100,76900,294100,0,1200,0
activity,0,16.6672,16.7046,1.7336,19286,326,814735106202,1.6874,0.6702,14.9932,16655900,76100,610100,0,900,0
activity,0,16.6838,16.6349,1.6794,12894,326,814735273248,1.5526,0.6873,15.0575,16696900,63300,299700,0,1100,0
activity,0,16.6668,16.6611,2.0439,12894,326,814735439597,2.0664,0.7199,14.5826,16617600,64100,252400,0,900,0
activity,0,16.6509,16.6667,1.7060,12894,234,814735606208,1.7950,1.0133,14.8610,16605600,59700,243100,0,1000,0
activity,0,16.6678,16.7251,1.6957,12894,326,814735772875,1.5666,0.6563,15.1305,16659000,65300,263900,0,800,0
activity,0,16.6660,16.6571,1.6804,19286,326,814735940126,1.6306,0.6155,14.9871,16652200,62600,618200,0,800,0
activity,0,16.6665,16.6175,1.7152,12894,324,814736106697,1.6200,0.5832,14.9856,16658000,61100,320300,0,900,0
activity,0,16.6664,16.6696,2.0398,12894,326,814736272872,1.5138,0.6908,15.1452,16655400,61500,239900,0,900,0
activity,0,16.6667,16.6625,1.7326,12894,324,814736439568,1.7491,0.7205,14.9032,16656500,58300,251400,0,900,0
activity,0,16.6666,16.6675,1.7070,12894,326,814736606193,1.5258,0.6207,15.1324,16662100,56400,257300,0,800,0
activity,0,16.6678,16.6646,1.7029,19286,326,814736772868,1.4715,0.6096,15.1839,16656300,59600,627200,0,1000,0
activity,0,16.6664,16.6659,1.7203,12894,326,814736939514,1.6025,0.6402,15.0540,16652900,73300,280500,0,1000,0
activity,0,16.6668,16.6716,2.0193,12894,326,814737106173,1.7075,0.8553,14.9546,16657500,59000,225400,0,900,0
activity,4,16.6671,16.6671,1.7121,25154,325,814737272889,2.3339,0.7108,14.3223,16660100,116700,642700,0,1200,0
activity,0,16.6770,16.6624,1.7193,12366,314,814737439560,1.7314,0.6918,14.9215,16667300,59700,282300,0,1100,0
activity,0,16.6725,16.6661,1.6937,18758,313,814737606184,1.7706,1.0210,14.8869,16683900,57400,590100,0,1000,0
activity,0,16.6542,16.6690,1.7633,12366,314,814737772845,2.1703,0.9954,14.4898,16601200,63200,294000,0,900,0
activity,0,16.6653,16.6764,2.0838,12366,314,814737939535,1.4802,0.7574,15.1871,16648500,70600,259700,0,1000,0
activity,0,16.6676,16.7115,1.6968,12366,314,814738106299,1.8042,0.9759,14.8801,16660700,56500,254600,0,900,0
activity,0,16.6830,16.6221,1.7101,12366,314,814738273414,1.7229,0.6128,14.8782,16693400,61100,231900,0,800,0
activity,0,16.6511,16.6580,1.7234,18758,314,814738439635,1.6416,0.8864,15.0070,16592200,65000,464300,0,800,0
activity,0,16.7061,16.6700,1.7285,12366,313,814738606215,1.6977,0.5751,14.9631,16706300,65700,281500,0,900,0
activity,0,16.6643,16.7201,2.0951,12366,313,814738772915,1.4290,0.6334,15.2646,16644700,80000,267900,0,1200,0
activity,0,16.8624,16.6146,1.7521,12366,314,814738940116,1.6576,0.7540,14.9345,16848100,70100,278000,0,1100,0
activity,0,16.6670,16.7224,2.0490,12366,314,814739106262,1.7786,0.8445,14.9279,16647200,91200,342100,0,1700,0
activity,0,16.6667,16.6587,1.7050,18758,312,814739273486,1.9031,0.6916,14.7416,16645300,83700,850300,0,1900,0
activity,0,16.6662,16.8659,1.7070,12366,313,814739440073,1.7349,0.9744,15.1134,16648600,81600,299300,0,1600,0
activity,0,16.6872,16.6677,1.7418,12366,314,814739608732,2.5632,0.9833,14.0842,16689200,78800,273900,0,1600,0
activity,0,16.6523,16.6616,1.7306,12366,313,814739775409,2.5321,0.8050,14.1133,16592300,72200,312800,0,1100,0
activity,0,16.6568,16.6667,2.0388,12366,314,814739942025,2.2825,0.6482,14.3664,16613400,63000,235200,0,1200,0
activity,0,16.6659,16.7206,1.7367,18758,313,814740108692,2.1021,1.0428,14.5875,16654400,59800,536600,0,1000,0
activity,0,16.6975,16.6324,1.7060,12366,311,814740275898,1.8906,0.5628,14.7017,16715900,57500,241700,0,900,0
activity,0,16.7923,16.6313,2.0470,12366,313,814740442222,1.6217,0.6856,14.9917,16722500,222500,226900,0,1100,0
activity,0,16.8435,16.6640,1.7039,12366,314,814740608535,1.7329,0.5665,14.9216,16843700,68700,279800,0,1000,0
activity,4,16.6690,16.7445,2.0429,18496,312,814740775175,1.5806,0.8372,15.1357,16646700,145600,569400,0,1600,0
activity,0,16.6681,16.7472,1.7142,18632,314,814740942620,2.2613,1.0236,14.4611,16647700,84200,1261400,0,1700,0
activity,0,16.6620,16.8624,1.7347,12240,312,814741110092,1.8633,1.0134,14.9804,16634800,87200,2584100,986900,2200,0
activity,0,16.6644,16.6638,2.1381,12240,314,814741278716,2.7051,1.1970,13.9417,16644700,77200,260900,0,1400,0
activity,0,16.6660,16.6707,1.7275,12240,313,814741445354,3.2229,0.8771,13.4252,16653600,62800,239500,0,900,0
activity,0,16.6666,16.6534,2.0408,12240,314,814741612061,3.9438,0.7061,12.6911,16653700,76900,233200,0,1000,0
activity,0,16.6688,16.6583,1.7162,18632,308,814741778595,2.2935,0.7097,14.3512,16660400,61100,598100,0,800,0
activity,0,16.6642,16.6660,1.7336,12240,314,814741945178,1.8359,0.5794,14.8178,16650100,76900,242500,0,1000,0
activity,0,16.6819,16.6645,1.7244,12240,314,814742111838,1.9538,1.1232,14.7000,16694700,60100,246100,0,1200,0
activity,0,16.8059,16.6725,1.6998,12240,314,814742278483,2.1233,0.6074,14.5371,16769500,70600,288300,0,800,0
activity,0,16.6509,16.6607,2.1627,12240,314,814742445208,1.8934,0.5777,14.7567,16509300,67800,228900,0,1100,0
activity,0,16.6671,16.7224,1.7848,18632,314,814742611815,1.7027,0.9703,14.9922,16660500,59600,451300,0,900,0
activity,0,16.6665,16.8081,1.8094,12240,314,814742779039,1.7602,0.6571,15.0095,16655200,61000,239700,0,1000,0
activity,0,16.6671,16.6070,2.0193,12240,313,814742947120,1.7951,0.6773,14.7143,16659700,59000,226000,0,900,0
activity,0,16.6845,16.6702,1.8033,12240,312,814743113190,1.6610,0.6316,14.9996,16698500,58300,256800,0,900,0
activity,0,16.6649,16.6633,2.0490,12240,314,814743279892,1.8505,0.5392,14.8046,16621600,65700,217400,0,900,0
activity,0,16.6538,16.6688,1.8053,18632,314,814743446525,1.6327,0.8023,15.0271,16598100,56600,510000,0,900,0
activity,0,16.6656,16.7260,1.8237,12240,313,814743613213,1.8748,0.6239,14.8240,16644800,59400,236600,0,1000,0
activity,0,16.6683,16.6585,2.0296,12240,313,814743780473,2.0931,0.6851,14.5286,16661000,56300,212500,0,800,0
activity,0,16.6675,16.6189,1.7592,12240,313,814743947058,1.6062,0.6215,14.9919,16659900,59300,313100,0,1000,0
activity,0,16.6709,16.6632,1.7408,12240,314,814744113247,1.8137,0.6403,14.8309,16665200,63300,249100,0,900,0
activity,4,16.6662,16.6704,1.7992,24774,313,814744279879,1.5684,1.2189,15.0927,16647800,125500,1323600,0,1400,0
activity,0,16.6692,16.6703,1.8616,12246,319,814744446583,1.7972,0.6174,14.8627,16659000,331600,310600,0,1600,0
activity,0,16.6623,16.6786,2.1514,12246,319,814744613286,1.7465,1.2464,14.9189,16638300,106500,309300,0,1900,0
activity,0,16.7911,16.6630,1.8074,12246,319,814744780072,3.0980,0.7388,13.5500,16777100,75000,307400,0,1100,0
activity,0,16.6618,16.6747,2.6409,12246,319,814744946702,2.3926,0.8350,14.2666,16645900,61900,231700,0,1200,0
activity,0,16.6637,16.6563,2.2579,18638,319,814745113449,2.6242,1.0552,14.0142,16645500,62000,508200,0,1000,0
activity,0,16.6830,16.7921,1.7920,12246,319,814745280012,1.9141,0.6065,14.8632,16691900,62200,219100,0,1100,0
activity,0,16.6567,16.6618,2.2241,12246,318,814745447933,1.5830,0.7949,15.0631,16623000,71100,240400,0,1000,0
activity,0,16.6826,16.6577,1.7951,12246,318,814745614551,1.8643,0.5934,14.7812,16687900,68900,250400,0,1400,0
activity,0,16.6639,16.7120,2.0449,12246,318,814745781128,1.7080,0.7464,14.9842,16608900,69800,247200,0,1100,0
activity,0,16.6520,16.6370,1.8043,18638,318,814745948248,1.4996,0.6369,15.1235,16626400,60800,534500,0,1100,0
activity,0,16.6851,16.7179,1.7920,12246,318,814746114618,1.9078,0.6298,14.7804,16696900,64300,236800,0,900,0
activity,0,16.6482,16.6350,1.7848,12246,318,814746281797,1.8910,0.7845,14.7176,16591700,63100,237700,0,800,0
activity,0,16.6695,16.6369,1.7951,12246,319,814746448147,1.7509,0.6357,14.8755,16662700,57900,252800,0,1000,0
activity,0,16.6652,16.7252,1.9927,12246,319,814746614516,1.5659,0.6037,15.1312,16650900,63800,252600,0,1000,0
activity,0,16.6665,16.6051,1.8094,18638,319,814746781768,1.6117,0.7467,14.9801,16656700,60400,502700,0,800,0
activity,0,16.7006,16.6729,1.7705,12246,319,814746947819,1.4317,0.6079,15.2312,16688300,60700,388400,0,900,0
activity,0,16.6737,16.6639,2.2764,12246,319,814747114548,1.8999,0.8382,14.7511,16670600,88100,361300,0,1000,0
activity,0,16.6675,16.6668,1.6753,12246,319,814747281187,1.9397,0.6559,14.7169,16649500,88100,497700,0,1800,0
activity,0,16.6808,16.6983,2.4494,12246,319,814747447855,2.1544,0.7367,14.5339,16674200,85000,301500,0,1600,0
activity,0,16.6473,16.6876,2.1443,18638,318,814747614838,2.2608,1.5171,14.4099,16585900,74300,711800,0,900,0
activity,4,16.6675,16.6680,1.8074,18352,319,814747781714,2.4329,0.7954,14.2168,16657900,92800,664900,0,1100,0
activity,0,16.6745,16.7049,2.1719,12216,324,814747948394,2.5155,0.7027,14.1591,16676700,62000,241000,0,900,0
activity,0,16.6575,16.6096,1.6988,12216,324,814748115443,2.5236,0.7478,14.0623,16609600,60000,229800,0,1100,0
activity,0,16.6670,16.6697,2.0244,12216,324,814748281539,1.9309,0.6095,14.7270,16656600,57500,233300,0,1000,0
activity,0,16.6687,16.7036,1.8483,18608,324,814748448236,1.6560,0.6100,15.0210,16660400,61200,526500,0,900,0
activity,0,16.7053,16.6261,1.7009,12216,323,814748615272,1.6902,0.5660,14.9194,16697400,64900,310100,0,1200,0
activity,0,16.6615,16.6674,1.7306,12216,324,814748781533,1.5273,0.6869,15.1293,16639700,72200,264500,0,1400,0
activity,0,16.6672,16.6718,1.7213,12216,324,814748948207,1.7009,1.1323,14.9596,16661200,77300,314300,0,1200,0
activity,0,16.6652,16.7147,2.0490,12216,324,814749114925,1.6973,0.6385,15.0003,16638700,75700,382500,0,1500,0
activity,0,16.6655,16.6583,1.7080,18608,324,814749282072,1.8227,0.7343,14.8174,16649400,73500,596000,0,1700,0
activity,0,16.6652,16.6774,1.7347,12216,324,814749448655,1.9376,1.2068,14.7238,16648000,73200,251300,0,1100,0
activity,0,16.6848,16.6547,2.0849,12216,324,814749615429,1.8741,0.8338,14.7649,16697200,64900,310200,0,1000,0
activity,0,16.6690,16.6628,1.6937,12216,324,814749781976,2.1506,0.6742,14.4990,16627200,67600,314800,0,1300,0
activity,0,16.6494,16.6614,2.0152,12216,324,814749948604,1.6792,0.7454,14.9689,16587200,68400,261700,0,1200,0
activity,0,16.6685,16.7256,2.2313,18608,324,814750115218,2.0199,0.7131,14.6777,16660500,63800,525600,0,1000,0
activity,0,16.6655,16.6698,1.7295,12216,323,814750282474,1.9921,0.6779,14.6354,16651400,69500,246000,0,1200,0
activity,0,16.9089,16.6077,1.7439,12216,322,814750449172,1.9352,0.8011,14.6519,16908400,66500,361200,0,1200,0
activity,0,16.6527,16.6729,1.6937,12216,323,814750615249,1.6720,0.6506,14.9886,16594500,78500,243000,0,1100,0
activity,0,16.6683,16.6672,2.0470,12216,324,814750781978,1.7665,1.0301,14.8851,16657100,66000,324000,0,1200,0
activity,0,16.6670,16.9360,2.1606,18608,324,814750948650,1.7843,1.5051,15.1243,16651800,69100,584400,0,1400,0
activity,0,16.6673,16.6233,1.7398,12216,324,814751118010,1.6794,1.0700,14.9152,16653300,68900,322000,0,1200,0
activity,4,16.6799,16.6717,2.1330,19622,324,814751284243,1.9873,0.8621,14.6699,16693200,212900,522900,0,1300,0
activity,0,16.6504,16.6656,1.7224,12894,325,814751450960,2.0882,0.7975,14.5638,16576800,70300,252800,0,1300,0
activity,0,16.6660,16.6682,2.4484,12894,325,814751617616,2.0750,0.8221,14.5786,16654500,61800,253100,0,1100,0
activity,0,16.6678,16.7208,2.1862,19286,325,814751784298,2.2907,0.6047,14.4028,16661300,54400,550300,0,900,0
activity,0,16.6679,16.6002,1.6978,12894,326,814751951506,1.8995,0.5926,14.6771,16658600,62000,279700,0,1100,0
activity,0,16.6671,16.6633,1.6927,12894,326,814752117508,1.6090,1.1542,15.0454,16657800,63500,259700,0,1300,0
activity,0,16.6710,16.6708,1.6845,12894,326,814752284141,1.6266,0.9663,15.0347,16665000,63200,296600,0,1000,0
activity,0,16.6641,16.6688,1.9886,12894,326,814752450849,1.4270,0.5805,15.2317,16640300,81300,305100,0,1700,0
activity,0,16.6666,16.6686,1.7111,19286,326,814752617537,1.5460,0.8263,15.1119,16655400,67000,519900,0,1200,0
activity,0,16.7260,16.6796,1.6814,12894,326,814752784223,1.8028,0.8423,14.8623,16716800,68900,616400,0,1000,0
activity,0,16.6600,16.6558,2.1647,12894,326,814752951019,1.9242,0.7128,14.7162,16639600,67000,332600,0,1000,0
activity,0,16.6716,16.6702,1.7162,12894,326,814753117577,1.8374,0.7146,14.8180,16666300,62100,247800,0,800,0
activity,0,16.6664,16.7304,2.4330,12894,325,814753284279,2.1724,0.7665,14.5445,16649900,76900,347700,0,1800,0
activity,0,16.6677,16.6508,1.7050,19286,320,814753451583,1.8086,0.6702,14.8311,16653000,74300,781200,0,1200,0
activity,0,16.6677,16.6798,1.9999,12894,325,814753618091,1.5948,0.9326,15.0717,16647300,73900,307300,0,1400,0
activity,0,16.6662,16.6640,2.1678,12894,326,814753784889,2.0684,1.3987,14.5816,16649300,72600,512500,0,1500,0
activity,0,16.6651,16.6706,1.6835,12894,326,814753951529,1.9857,0.7515,14.6675,16646000,80100,285500,0,1400,0
activity,0,16.6685,16.6667,2.4351,12894,326,814754118235,2.1665,0.8898,14.4808,16656100,69200,260100,0,1100,0
activity,0,16.6738,16.6684,2.1340,19286,326,814754284902,2.2404,0.7120,14.4090,16664600,67200,634100,0,1500,0
activity,0,16.6614,16.6600,1.6988,12894,326,814754451586,1.9597,0.6050,14.6863,16639200,79600,388100,0,1700,0
activity,0,16.6669,16.6695,2.1361,12894,326,814754618186,1.5409,1.1015,15.1153,16647900,82100,338800,0,1300,0
activity,0,16.6685,16.6820,1.7029,12894,326,814754784881,2.0543,0.8796,14.6105,16650800,109500,493300,0,1600,0
activity,4,16.6693,16.6577,2.4515,25154,326,814754951701,2.2656,0.7059,14.3740,16654300,173800,1162600,0,1800,0
activity,0,16.6646,16.6673,2.1545,18758,314,814755118278,1.9040,1.1537,14.7440,16639400,121000,958600,0,1900,0
activity,0,16.6670,16.6688,2.0838,12366,314,814755284951,2.6561,1.1352,13.9949,16648800,91800,360000,0,1800,0
activity,0,16.6659,16.6758,2.2467,12366,314,814755451639,3.0437,1.3655,13.6107,16645900,92700,361700,0,1800,0
activity,0,16.6662,16.6594,1.7213,12366,314,814755618397,3.3728,1.1133,13.2668,16648300,86100,445400,0,2000,0
activity,0,16.6662,16.6675,2.1535,12366,314,814755784991,2.2936,1.4295,14.3553,16647700,86400,335600,0,1800,0
activity,0,16.6673,16.6638,2.1258,18758,314,814755951666,2.2762,1.1045,14.3699,16653600,79400,664600,0,1800,0
activity,0,16.6679,16.6651,1.7418,12366,314,814756118304,2.4822,1.2722,14.1662,16653600,76600,299500,0,1400,0
activity,0,16.6633,16.6627,2.1494,12366,314,814756284955,2.1820,0.9637,14.4658,16640100,81900,296500,0,1700,0
activity,0,16.7566,16.6688,1.8340,12366,314,814756451582,2.1460,0.7408,14.5077,16758700,77900,474800,0,1500,0
activity,0,16.6582,16.6708,2.4443,12366,314,814756618270,2.0907,0.7444,14.5631,16628100,75600,349600,0,1600,0
activity,0,16.6686,16.6539,2.1371,18758,313,814756784978,2.1591,0.9207,14.4811,16656000,81100,670700,0,1500,0
activity,0,16.7299,16.7764,2.0521,12366,312,814756951517,2.4375,0.8769,14.3214,16715000,87000,343100,0,1300,0
activity,0,16.6743,16.6413,2.4064,12366,314,814757119281,2.4026,1.2053,14.2257,16664200,71900,283600,0,1100,0
activity,0,16.6631,16.6704,1.8115,12366,314,814757285694,2.5957,1.0919,14.0605,16642400,79400,279300,0,1300,0
activity,0,16.6699,16.7276,2.4330,12366,314,814757452398,2.2689,0.6807,14.4461,16662900,72100,295700,0,1400,0
activity,0,16.6665,16.6808,2.2026,18758,314,814757619674,1.7619,0.7251,14.9025,16650200,88800,1058600,0,1700,0
activity,0,16.6660,16.6539,1.7838,12366,312,814757786482,2.1826,0.7623,14.4599,16649500,75500,326800,0,1700,0
activity,0,16.6653,16.6786,2.1586,12366,314,814757953021,1.9643,0.9085,14.6988,16648500,75800,304600,0,1400,0
activity,0,16.6699,16.6656,1.7070,12366,314,814758119807,2.8150,1.0842,13.8355,16660300,72800,303300,0,1400,0
activity,0,16.6642,16.6635,2.4801,12366,313,814758286463,1.7457,0.9142,14.9039,16644700,78200,299200,0,1500,0
activity,0,16.6683,16.6616,2.2405,18758,314,814758453098,1.9156,0.9202,14.7329,16658900,69300,552900,0,1300,0
activity,4,16.6671,16.6744,2.0142,18496,314,814758619714,1.9097,1.0084,14.7507,16653400,112300,592100,0,1400,0
activity,0,16.6674,16.6572,2.2354,12240,314,814758786458,2.1273,0.8815,14.5175,16654800,75700,315500,0,1300,0
activity,0,16.6696,16.6736,1.7777,12240,314,814758953030,2.0005,0.8963,14.6586,16654600,77500,2575400,878900,1600,0
activity,0,16.6647,16.6682,2.4842,12240,314,814759119766,2.2161,1.1226,14.4375,16652400,80800,277200,0,1800,0
activity,0,16.6819,16.6699,1.7480,18632,314,814759286448,2.4755,0.8800,14.1793,16662700,74900,553700,0,1600,0
activity,0,16.6639,16.6699,1.7664,12240,314,814759453147,3.6122,0.7581,13.0425,16648700,77600,279500,0,1800,0
activity,0,16.6659,16.6667,2.2374,12240,314,814759619846,2.0018,0.8192,14.6508,16649800,71700,261400,0,1500,0
activity,0,16.6689,16.6782,2.4187,12240,314,814759786513,2.0943,0.7225,14.5685,16656100,73700,251300,0,1100,0
activity,0,16.6639,16.6631,2.5528,12240,314,814759953295,1.9315,0.9987,14.7173,16646700,70900,253300,0,1400,0
activity,0,16.6676,16.6645,2.1565,18632,314,814760119926,1.9695,0.8960,14.6805,16656800,67800,556800,0,1000,0
activity,0,16.6680,16.6700,1.6978,12240,312,814760286571,2.0977,0.6583,14.5586,16657000,70500,258500,0,1200,0
activity,0,16.6674,16.6594,2.5211,12240,314,814760453271,1.8291,0.7748,14.8176,16654600,70200,301800,0,1300,0
activity,0,16.6689,16.6691,2.5999,12240,314,814760619865,1.9764,0.7233,14.6807,16653800,76800,268400,0,1500,0
activity,0,16.6683,16.6705,2.0480,12240,312,814760786556,2.0158,0.6996,14.6414,16653000,82200,303500,0,1700,0
activity,0,16.6676,16.6698,2.2241,18632,314,814760953261,1.9779,0.6733,14.6769,16652800,78800,1044800,0,1500,0
activity,0,16.6652,16.6694,2.1668,12240,314,814761119959,2.0981,0.9954,14.5559,16646100,81800,402900,0,2100,0
activity,0,16.6665,16.6690,2.3675,12240,313,814761286653,2.1506,1.0944,14.5026,16651100,80900,321900,0,1500,0
activity,0,16.6662,16.6694,1.8227,12240,314,814761453343,2.8899,0.8583,13.7631,16647900,78300,273500,0,1500,0
activity,0,16.6638,16.6632,2.4975,12240,313,814761620037,2.5191,0.7979,14.1273,16643200,71700,272500,0,1400,0
activity,0,16.6692,16.6674,2.2405,18632,314,814761786669,2.5500,0.6851,14.1014,16661700,61900,459100,0,1000,0
activity,0,16.6641,16.6644,1.8115,12240,314,814761953343,2.0146,0.6709,14.6335,16646100,65400,301400,0,1100,0
activity,0,16.6708,16.6558,2.2272,12240,314,814762119987,1.7636,0.9394,14.8797,16666100,60400,312000,0,900,0
activity,4,16.6693,16.6742,1.8166,18382,314,814762286545,1.7346,1.1114,14.9272,16657700,191100,561000,0,1400,0
activity,0,16.6653,16.6569,2.4719,12246,319,814762453287,1.7320,1.2638,14.9141,16646300,84400,485600,0,1900,0
activity,0,16.6651,16.6784,2.1565,18638,319,814762619856,1.7756,0.7835,14.8905,16648200,82000,1352200,0,1500,0
activity,0,16.6642,16.6733,2.0347,12246,319,814762786640,2.1311,0.8925,14.5267,16647200,71700,277200,0,1200,0
activity,0,16.6677,16.6630,2.0961,12246,317,814762953373,2.4795,1.0874,14.1670,16659600,64400,230700,0,1200,0
activity,0,16.6686,16.6624,1.7562,12246,318,814763120003,3.1728,0.6738,13.4754,16659100,78000,289600,0,1400,0
activity,0,16.6731,16.6584,2.4596,12246,317,814763286627,1.8488,0.6049,14.7986,16659200,65600,259400,0,1100,0
activity,0,16.6593,16.6704,1.6957,18638,319,814763453211,1.6094,1.0378,15.0503,16647200,63100,470600,0,1200,0
activity,0,16.6670,16.6700,1.6998,12246,318,814763619915,1.6205,0.7299,15.0388,16663200,63100,238400,0,1000,0
activity,0,16.6657,16.6704,2.1156,12246,319,814763786615,1.8740,0.7746,14.7852,16648100,74400,240200,0,1300,0
activity,0,16.6716,16.6570,1.7080,12246,319,814763953319,1.7622,0.5919,14.8851,16668600,60200,276700,0,1200,0
activity,0,16.6657,16.6743,2.4637,12246,319,814764119889,1.6145,0.7497,15.0488,16650000,70300,284900,0,1400,0
activity,0,16.6658,16.6571,2.1565,18638,319,814764286632,1.6540,0.9344,14.9941,16652800,74300,657400,0,1200,0
activity,0,16.6678,16.6816,1.7234,12246,319,814764453203,1.6555,0.6829,15.0133,16654600,70400,248400,0,1200,0
activity,0,16.6667,16.6636,2.1699,12246,317,814764620019,1.9035,1.1179,14.7466,16653100,73900,239300,0,1000,0
activity,0,16.6686,16.6655,1.6947,12246,319,814764786655,1.8789,0.7233,14.7741,16657600,65300,278700,0,1100,0
activity,0,16.6640,16.6677,2.4361,12246,319,814764953310,1.6724,0.5997,14.9822,16630300,69700,256200,0,1500,0
activity,0,16.8534,16.6672,2.1402,18638,319,814765119987,1.7228,0.9714,14.9304,16844200,66600,543700,0,1000,0
activity,0,16.6629,16.6875,1.6988,12246,318,814765286659,1.7873,0.7340,14.8703,16643100,70000,258400,0,1400,0
activity,0,16.6675,16.6432,2.2856,12246,319,814765453534,1.8558,1.0067,14.7745,16660000,68000,237200,0,900,0
activity,0,16.6647,16.8583,1.6927,12246,315,814765619966,1.8755,0.7190,14.9689,16648700,64800,233600,0,1200,0
activity,4,16.6976,16.6549,2.4863,18352,319,814765788549,1.8259,0.5936,14.8172,16685800,92200,494600,0,1000,0
activity,0,16.6630,16.6725,2.1156,18608,324,814765955098,1.5331,0.5949,15.1270,16634600,114900,550500,0,2900,0
activity,0,16.6681,16.6718,1.6978,12216,324,814766121823,1.5644,0.6712,15.0844,16655400,74400,400700,0,1400,0
activity,0,16.6679,16.7033,2.1228,12216,324,814766288541,1.7204,0.8262,14.9655,16654500,74800,289000,0,1400,0
activity,0,16.6654,16.6513,1.7101,12216,324,814766455574,2.7266,0.7577,13.9082,16648700,111100,292800,0,1400,0
activity,0,16.6670,16.6701,2.1535,12216,324,814766622087,2.1195,1.0818,14.5361,16651100,72400,278000,0,1500,0
activity,0,16.6670,16.6697,2.1627,18608,324,814766788788,2.0596,0.7020,14.5949,16652600,75800,554600,0,1500,0
activity,0,16.6662,16.6635,1.7408,12216,324,814766955485,1.9361,0.6464,14.7127,16652500,71500,267700,0,1300,0
activity,0,16.6686,16.6661,2.1309,12216,323,814767122120,1.7915,1.1351,14.8598,16654400,76400,276900,0,1700,0
activity,0,16.6673,16.6670,1.6701,12216,324,814767288781,2.0143,0.7542,14.6385,16652800,75200,370600,0,1600,0
activity,0,16.6663,16.6668,2.0214,12216,324,814767455451,1.6814,0.6942,14.9713,16650400,74900,279400,0,1500,0
activity,0,16.6682,16.6690,2.1381,18608,324,814767622119,2.0307,1.1975,14.6239,16656600,76000,569000,0,1400,0
activity,0,16.6654,16.6669,1.7029,12216,324,814767788809,1.8971,0.6537,14.7558,16648600,73700,344400,0,1700,0
activity,0,16.6686,16.6641,2.1146,12216,324,814767955478,1.6243,0.8710,15.0262,16656200,71700,268200,0,1400,0
activity,0,16.6663,16.6718,1.7347,12216,324,814768122119,2.0715,1.1935,14.5853,16649000,77300,350100,0,1300,0
activity,0,16.6683,16.6626,2.4443,12216,324,814768288837,1.7280,0.6187,14.9208,16652800,75500,278900,0,1400,0
activity,0,16.6661,16.6716,2.1381,18608,323,814768455463,1.8117,1.1929,14.8448,16650500,79300,901700,0,1600,0
activity,0,16.6676,16.6650,2.0388,12216,324,814768622179,1.7858,0.7096,14.8634,16645300,79700,407000,0,1600,0
activity,0,16.6665,16.6690,2.1217,12216,324,814768788829,1.9496,1.5475,14.7033,16650400,80900,375500,0,1800,0
activity,0,16.6647,16.6709,2.1412,12216,324,814768955519,2.6276,0.9036,14.0231,16647200,78200,295200,0,1700,0
activity,0,16.6669,16.6641,1.7388,12216,324,814769122228,2.1952,1.3190,14.4501,16652900,71100,257700,0,1400,0
activity,4,16.6669,16.6663,1.7326,26014,324,814769288869,2.2021,0.7300,14.4485,16654500,210300,822400,0,1600,0
activity,0,16.6663,16.6622,1.6988,12894,326,814769455532,2.0578,0.6156,14.5896,16647900,66100,256600,0,1300,0
activity,0,16.6686,16.6671,2.1627,12894,325,814769622154,1.8413,1.5846,14.8117,16656700,67800,262400,0,1300,0
activity,0,16.6660,16.6679,1.7295,12894,326,814769788825,2.2134,0.6131,14.4412,16654100,68600,260500,0,1300,0
activity,0,16.6665,16.6615,2.4801,12894,325,814769955504,1.6745,0.6110,14.9736,16653300,67800,249400,0,1200,0
activity,0,16.6671,16.6691,1.6978,19286,326,814770122119,1.7664,0.5943,14.8904,16655300,69900,670000,0,1100,0
activity,0,16.6679,16.6659,1.6886,12894,325,814770288810,1.7379,0.6839,14.9164,16656700,66800,298400,0,1100,0
activity,0,16.6735,16.6654,2.5016,12894,325,814770455469,1.6624,1.0245,14.9909,16668300,169900,532900,0,2200,0
activity,0,16.6635,16.6680,1.6804,12894,323,814770622123,2.2626,0.7762,14.3928,16633800,103900,342800,0,2000,0
activity,0,16.6690,16.6701,2.6368,12894,325,814770788803,1.9723,0.7736,14.6845,16650200,85000,363700,0,1600,0
activity,0,16.7845,16.6890,1.8033,19286,326,814770955504,2.4316,0.8292,14.2369,16783700,86500,700300,0,1900,0
activity,0,16.6513,16.6546,2.1187,12894,326,814771122394,2.4251,0.8622,14.2089,16610500,87400,410400,0,1400,0
activity,0,16.6669,16.6673,2.4750,12894,326,814771288940,2.4237,1.2083,14.2265,16653800,75300,314500,0,1200,0
activity,0,16.6691,16.8030,1.7879,12894,325,814771455613,2.4915,1.3534,14.2929,16651000,79600,293400,0,1400,0
activity,0,16.6657,16.6278,2.4924,12894,326,814771623643,2.3003,0.8567,14.3102,16649000,83500,656300,0,1700,0
activity,0,16.6666,16.6721,2.4545,19286,326,814771789921,2.2864,0.7442,14.3676,16646600,79700,818200,0,1600,0
activity,0,16.6753,16.6684,2.1207,12894,326,814771956642,1.9120,0.9199,14.7392,16660300,74400,282400,0,1400,0
activity,0,16.6598,16.6665,1.7777,12894,326,814772123326,2.3338,1.1034,14.3154,16646900,74700,290900,0,1400,0
activity,0,16.6657,16.6614,1.7951,12894,326,814772289991,2.4267,0.7236,14.2200,16649300,78900,465000,0,1400,0
activity,0,16.6661,16.6757,2.0777,12894,326,814772456605,1.9108,0.7184,14.7497,16645100,79600,335300,0,1600,0
activity,0,16.6672,16.6634,2.4934,19286,326,814772623362,2.0977,1.4343,14.5493,16653900,72600,564300,0,1500,0
activity,4,16.6750,16.6667,2.0029,25296,326,814772789996,2.1282,0.8558,14.5212,16655300,123300,813200,0,1400,0
activity,0,16.6616,16.6590,1.7766,12380,313,814772956663,1.9422,0.9324,14.7029,16653000,69500,253900,0,1100,0
activity,0,16.6652,16.6730,1.7121,12380,314,814773123253,2.4594,0.7926,14.1946,16647900,74100,322200,0,1300,0
activity,0,16.7704,16.6673,2.0214,12380,314,814773289983,2.0362,0.7939,14.6192,16765200,73100,335000,0,1400,0
activity,0,16.6568,16.6671,1.8115,18772,314,814773456656,1.5960,0.9162,15.0571,16632100,68400,529700,0,1400,0
activity,0,16.6670,16.6640,2.1350,12380,314,814773623327,1.8796,0.7541,14.7685,16655000,66700,251500,0,1200,0
activity,0,16.6688,16.7779,1.8053,12380,314,814773789967,1.8034,0.7551,14.9619,16657700,64800,230000,0,1300,0
activity,0,16.6657,16.6457,1.7265,12380,313,814773957746,1.6611,0.6301,14.9710,16649900,69600,289600,0,1200,0
activity,0,16.6693,16.6675,2.5201,12380,314,814774124203,1.7877,0.6494,14.8674,16662000,67200,308600,0,1100,0
activity,0,16.6659,16.6701,2.1883,18772,313,814774290878,1.7145,0.6324,14.9433,16651900,72800,655200,0,1300,0
activity,0,16.6675,16.6632,2.2456,12380,314,814774457579,1.8232,0.7080,14.8269,16651300,75700,473900,0,1500,0
activity,0,16.6644,16.6756,2.2057,12380,313,814774624211,1.7903,0.7793,14.8718,16644400,73000,285000,0,1800,0
activity,0,16.6670,16.6684,1.8176,12380,314,814774790967,2.0350,0.7841,14.6171,16657000,66600,369000,0,1100,0
activity,0,16.6719,16.6654,2.4392,12380,312,814774957651,2.0269,0.7195,14.6246,16668400,70200,256400,0,1600,0
activity,0,16.6666,16.6563,2.2487,18772,313,814775124305,2.0630,0.7404,14.5815,16642500,92200,699800,0,2100,0
activity,0,16.6644,16.6698,2.0419,12380,312,814775290868,1.9755,0.6804,14.6817,16645500,82900,315300,0,1800,0
activity,0,16.6657,16.6843,2.2497,12380,314,814775457566,2.0673,1.1396,14.6012,16650100,78300,310500,0,1400,0
activity,0,16.6652,16.6604,1.8217,12380,312,814775624409,3.0103,0.8245,13.6323,16646600,86300,353800,0,1300,0
activity,0,16.8143,16.6613,2.4863,12380,314,814775791013,2.2184,0.7275,14.4272,16825500,65500,296700,0,1200,0
activity,0,16.6532,16.6644,2.2292,18772,314,814775957626,1.9754,1.2364,14.6748,16580800,73800,564000,0,1100,0
activity,0,16.6677,16.6591,2.0029,12380,314,814776124270,1.9618,0.7107,14.6848,16656000,65400,236400,0,1200,0
activity,4,16.6664,16.8545,2.3091,18638,313,814776290861,1.9562,0.7073,14.8695,16653900,97800,603600,0,1100,0
activity,0,16.6668,16.6165,1.7336,12254,314,814776459406,1.9880,0.6471,14.5928,16654600,66900,235900,0,1000,0
activity,0,16.6722,16.6685,2.1934,12254,314,814776625571,1.7525,0.7659,14.9036,16662200,66300,250400,0,1100,0
activity,0,16.6643,16.6659,2.1688,18646,314,814776792256,2.0501,0.5831,14.6040,16646800,75000,2308800,747800,1100,0
activity,0,16.6678,16.6665,2.0234,12254,313,814776958915,1.5741,0.6807,15.0807,16660500,63400,230700,0,1000,0
activity,0,16.6654,16.6758,2.2006,12254,313,814777125580,1.7605,0.8457,14.9018,16651300,67200,249100,0,1200,0
activity,0,16.6664,16.6578,1.7275,12254,314,814777292338,3.1091,0.6208,13.5378,16653900,65500,291600,0,1000,0
activity,0,16.6667,16.6715,2.1586,12254,314,814777458916,1.6574,0.6311,15.0031,16656000,60100,238700,0,900,0
activity,0,16.6671,16.6627,2.1576,76177,313,814777625631,1.9042,0.6137,14.7472,16659900,58800,1778900,0,1000,0
activity,0,16.6661,16.6645,1.7152,12254,313,814777792258,1.7022,0.6151,14.9519,16658100,60500,244300,0,900,0
activity,0,16.6690,16.6640,2.1606,12254,314,814777958903,1.6252,1.3620,15.0307,16662500,57300,219000,0,900,0
activity,0,16.6674,16.6688,1.7213,12254,311,814778125543,2.4607,0.7061,14.1992,16657100,83300,249900,0,1000,0
activity,0,16.6702,16.6666,2.4893,12254,313,814778292231,1.7190,0.5482,14.9390,16660800,66600,244600,0,1200,0
activity,0,16.6652,16.6728,2.1391,18646,312,814778458897,1.5671,0.7356,15.0954,16645400,79600,725100,0,2100,0
activity,0,16.6656,16.6694,1.9886,12254,314,814778625625,1.7936,0.6755,14.8634,16650700,78000,526100,0,1400,0
activity,0,16.6664,16.6755,2.1504,12254,313,814778792319,1.8808,0.8780,14.7802,16654500,69800,586600,0,1300,0
activity,0,16.6664,16.6600,1.7183,12254,314,814778959074,2.3762,0.8697,14.2694,16669100,66300,278500,0,1200,0
activity,0,16.6668,16.6625,2.1565,12254,314,814779125674,2.5567,0.8705,14.0941,16640300,65900,329900,0,1300,0
activity,0,16.6696,16.6665,2.1514,18646,314,814779292299,2.1065,0.7148,14.5483,16664000,63500,638200,0,1000,0
activity,0,16.6669,16.6813,2.0500,12254,311,814779458964,1.8488,0.7224,14.8205,16656100,67600,247000,0,1200,0
activity,0,16.6657,16.6507,2.1688,12254,314,814779625777,1.8140,0.7059,14.8264,16644000,68200,283700,0,1300,0
activity,0,16.6664,16.6769,2.1862,12254,314,814779792284,1.9037,0.6000,14.7604,16657400,71600,289000,0,1100,0
activity,4,16.6661,16.6694,1.7070,18524,314,814779959053,1.7601,1.3176,14.8961,16653600,96700,627900,0,1000,0
activity,0,16.6679,16.6568,2.1627,18652,318,814780125747,1.6496,1.0140,14.9944,16658700,60800,558400,0,900,0
activity,0,16.6657,16.6668,2.0480,12260,319,814780292315,1.6275,0.8580,15.0299,16653400,70600,251100,0,1200,0
activity,0,16.6663,16.6639,2.1494,12260,318,814780458983,2.0068,0.7144,14.6468,16653900,68900,235700,0,1000,0
activity,0,16.6681,16.6699,2.4033,12260,319,814780625622,1.9382,0.6255,14.7206,16661900,62500,223600,0,1100,0
activity,0,16.6668,16.6649,2.0163,12260,319,814780792321,1.7343,0.7082,14.9191,16656300,63300,263700,0,1000,0
activity,0,16.6705,16.6640,2.1924,18652,319,814780958970,1.5412,0.6742,15.1126,16662900,66500,526100,0,900,0
activity,0,16.6655,16.6715,2.0398,12260,319,814781125610,1.4871,0.6340,15.1749,16650500,68200,497200,0,1300,0
activity,0,16.6684,16.6671,2.1627,12260,319,814781292325,1.6755,0.7580,14.9810,16655700,76900,297700,0,1500,0
activity,0,16.6646,16.6770,2.2723,12260,319,814781458996,1.8118,0.8201,14.8513,16646800,79300,299700,0,1400,0
activity,0,16.6653,16.6632,1.7183,12260,319,814781625766,2.0193,0.8029,14.6312,16650900,72700,364500,0,1400,0
activity,0,16.6683,16.6711,2.2047,18652,319,814781792398,2.3252,0.7844,14.3305,16658600,64800,532200,0,1100,0
activity,0,16.6677,16.6597,2.0029,12260,319,814781959109,2.2845,0.6526,14.3624,16656800,69200,237400,0,1100,0
activity,0,16.6660,16.6631,2.2190,12260,314,814782125706,1.8940,1.2734,14.7570,16652800,64800,249100,0,1200,0
activity,0,16.6708,16.6695,2.2088,12260,318,814782292337,1.8286,0.5590,14.8301,16673200,72300,256300,0,1300,0
activity,0,16.6665,16.6684,2.0265,12260,319,814782459032,1.7324,0.6528,14.9245,16621500,83400,420400,0,1600,0
activity,0,16.6659,16.6652,2.1965,18652,317,814782625716,1.6977,0.6804,14.9551,16650100,80600,805700,0,1800,0
activity,0,16.6689,16.7040,2.0255,12260,316,814782792368,1.9260,0.8695,14.7474,16658600,77100,378100,0,1600,0
activity,0,16.6669,16.6394,2.2211,12260,319,814782959408,2.4665,0.9422,14.1552,16643700,75600,293000,0,1300,0
activity,0,16.6683,16.6651,2.1985,12260,318,814783125802,2.3778,0.8384,14.2725,16651000,82200,287600,0,1800,0
activity,0,16.8333,16.6765,2.0234,12260,319,814783292453,2.3762,0.7010,14.2825,16835600,77300,393500,0,1600,0
activity,4,16.6517,16.6614,2.2016,24886,319,814783459218,2.0512,0.7108,14.5927,16585900,113800,940100,0,1300,0
activity,0,16.6817,16.6670,2.0357,12230,322,814783625832,2.0833,0.7586,14.5678,16691200,66800,243200,0,1200,0
activity,0,16.6533,16.8668,2.2129,12230,324,814783792502,2.0830,0.7943,14.7528,16593400,64200,277500,0,1200,0
activity,0,16.6741,16.6099,2.1965,12230,324,814783961170,2.4386,0.6256,14.1472,16663000,65100,288700,0,1100,0
activity,0,16.6699,16.7173,1.7357,12230,323,814784127269,1.5888,0.8420,15.1026,16663200,64700,243800,0,1100,0
activity,0,16.7551,16.6190,2.1821,18622,324,814784294442,1.6906,0.6333,14.9027,16751400,71100,659800,0,1300,0
activity,0,16.6545,16.6732,2.3613,12230,324,814784460632,1.8023,0.6171,14.8607,16626900,73200,302900,0,1300,0
activity,0,16.6653,16.6762,2.6460,12230,324,814784627364,1.7599,1.6431,14.9036,16649800,72300,273200,0,1300,0
activity,0,16.6671,16.7661,2.9891,12230,324,814784794126,2.1092,0.6678,14.6423,16655500,68200,237100,0,1100,0
activity,0,16.6696,16.6417,2.0316,12230,323,814784961787,1.9736,0.6925,14.6534,16661300,66000,242200,0,1100,0
activity,0,16.6677,16.6620,2.6470,18622,323,814785128204,1.7143,0.5920,14.9356,16653100,75000,612400,0,1300,0
activity,0,16.6683,16.6671,2.0265,12230,324,814785294824,1.9880,0.5730,14.6675,16658000,71300,306900,0,1000,0
activity,0,16.6644,16.6744,2.7382,12230,324,814785461495,1.6655,0.7411,14.9959,16640600,77300,304200,0,1300,0
activity,0,16.6662,16.6677,2.9983,12230,320,814785628239,2.1272,1.0326,14.5261,16651600,71500,260500,0,1200,0
activity,0,16.6645,16.6766,1.8125,12230,324,814785794916,1.8614,0.7847,14.7968,16649100,67000,253900,0,1400,0
activity,0,16.6678,16.6545,2.7044,18622,319,814785961682,2.1454,0.6142,14.4952,16656700,63600,573300,0,1200,0
activity,0,16.6661,16.6649,2.0982,12230,324,814786128227,1.8344,0.6318,14.8173,16656200,60600,253400,0,1000,0
activity,0,16.6688,16.6609,2.1996,12230,323,814786294876,1.8351,0.6956,14.8140,16659200,62200,259100,0,900,0
activity,0,16.6655,16.6675,2.2682,12230,324,814786461485,1.8266,0.6196,14.8302,16650400,93600,611000,0,1900,0
activity,0,16.6694,16.6671,1.7725,12230,323,814786628160,1.7862,0.7710,14.8702,16663300,61400,372500,0,1100,0
activity,0,16.6675,16.6714,1.8586,18622,324,814786794831,1.7316,0.7733,14.9276,16655700,73500,588000,0,1200,0
activity,0,16.6679,16.6616,2.0265,12230,323,814786961545,2.3901,0.7592,14.2604,16650300,75600,258800,0,1200,0
activity,4,16.6683,16.6752,2.2497,19764,324,814787128161,1.8663,0.7774,14.7970,16655300,214400,542600,0,1600,0
activity,0,16.6642,16.6712,2.1862,12908,326,814787294913,2.2711,0.6789,14.3847,16645200,72700,306400,0,1300,0
activity,0,16.6688,16.6651,1.7951,12908,325,814787461625,1.9554,0.9457,14.6951,16658000,67000,252800,0,1200,0
activity,0,16.6666,16.6722,2.4801,19300,326,814787628276,2.2714,0.7649,14.3841,16650900,72700,698500,0,1500,0
activity,0,16.6663,16.6589,2.1258,12908,326,814787794998,2.0494,0.7575,14.5959,16645900,93500,309400,0,2000,0
activity,0,16.6703,16.6731,2.2252,12908,326,814787961587,1.8423,0.8463,14.8159,16657500,75900,300700,0,1700,0
activity,0,16.6656,16.6683,1.7644,12908,326,814788128318,2.2768,0.8953,14.3743,16640000,81000,359100,0,1400,0
activity,0,16.6659,16.6621,1.9835,12908,326,814788295001,2.6260,0.7434,14.0200,16647700,75500,290400,0,1700,0
activity,0,16.6633,16.6790,1.7551,19300,324,814788461622,1.9498,1.1786,14.7079,16642900,78800,726900,0,1400,0
activity,0,16.6706,16.6606,2.1012,12908,326,814788628412,1.9140,0.8056,14.7262,16657900,71600,273300,0,1300,0
activity,0,16.6658,16.6647,2.2354,12908,326,814788795018,1.8310,0.8212,14.8169,16665400,64800,256300,0,1000,0
activity,0,16.6658,16.6578,2.4545,12908,326,814788961665,2.1084,0.6790,14.5345,16636600,70500,264900,0,1100,0
activity,0,16.6679,16.6711,1.8217,12908,326,814789128243,1.8586,0.6615,14.7993,16658600,73100,264800,0,900,0
activity,0,16.7675,16.6781,1.9999,19300,325,814789294954,1.8263,0.8459,14.8393,16764800,62400,498700,0,800,0
save_load,3,16.6629,16.6490,2.0142,111330,325,814789461735,2.0132,0.6424,14.6234,16632100,161000,13599200,0,1500,0
save_load,0,16.6634,16.6700,2.1985,15908,327,814789628225,1.7457,0.7382,14.9130,16654000,38700,899300,0,1400,0
save_load,0,16.6813,16.7853,2.1699,15908,327,814789794925,1.8335,2.4201,14.9314,16677400,36300,588900,0,1300,0
save_load,0,16.6514,16.6535,1.7828,15908,327,814789962778,11.0381,1.0134,5.5941,16588100,33900,588800,0,1200,0
save_load,0,16.6675,16.6692,2.2149,15908,326,814790129313,2.2428,0.6882,14.4114,16656000,33000,613900,0,1100,0
save_load,0,16.6810,16.7070,2.0797,15908,327,814790296005,1.8415,1.0614,14.8361,16671700,32100,516500,0,1200,0
save_load,0,16.6611,16.6113,2.2016,15908,327,814790463075,1.8045,0.6733,14.7835,16644100,40900,524200,0,1400,0
save_load,0,16.6686,16.6681,2.1801,15908,326,814790629188,1.7331,0.6533,14.9229,16656500,33900,1149400,0,1200,0
save_load,0,16.6801,16.6864,1.6845,15908,327,814790795869,1.6681,0.9546,15.0038,16682100,37700,753800,0,1400,0
save_load,0,16.6535,16.6584,1.9732,15908,327,814790962733,1.9526,0.9274,14.6916,16593900,38200,823200,0,1200,0
save_load,0,16.6672,16.6727,2.0787,15908,327,814791129317,2.5824,0.8416,14.0742,16652000,35000,694800,0,1400,0
save_load,0,16.6678,16.7108,2.1709,15908,327,814791296044,2.3487,0.7598,14.3339,16653800,52200,546700,0,1700,0
save_load,0,16.6650,16.6210,2.2180,15908,327,814791463152,2.3535,0.7828,14.2404,16649600,35100,539500,0,1400,0
save_load,0,16.6693,16.6667,1.7183,15908,327,814791629362,2.0730,0.7954,14.5791,16660100,34900,628800,0,1500,0
save_load,0,16.6673,16.6679,2.3091,15908,327,814791796029,2.4156,1.0776,14.2382,16644700,49500,662600,0,2100,0
save_load,0,16.6661,16.6630,2.0357,15908,326,814791962708,1.8189,0.7248,14.8308,16655100,33800,589000,0,1400,0
save_load,0,16.6838,16.6788,2.4945,15908,327,814792129338,1.9816,0.6981,14.6788,16720500,42700,540100,0,1100,0
save_load,0,16.6546,16.6581,2.2835,15908,326,814792296126,2.2561,0.6700,14.3887,16565000,107300,9908400,5736100,5000,0
save_load,0,16.7204,16.6716,1.7326,15908,327,814792462707,1.9212,0.8172,14.7341,16685100,95500,1537400,0,3900,0
save_load,0,16.6567,16.7515,2.0572,15908,327,814792629423,2.0421,3.4724,14.6789,16629100,52400,1543100,0,2000,0
save_load,0,16.6671,16.6029,1.7050,15908,326,814792796938,13.2874,2.1554,3.2775,16645800,42200,789200,0,1900,0
save_load,0,16.7079,16.7089,1.6916,15908,327,814792962967,5.6642,1.6220,11.0210,16687900,40000,699700,0,1500,0
save_load,0,16.6721,16.6521,2.7187,15908,323,814793130056,4.0625,1.3743,12.5667,16666000,38300,773000,0,1400,0
save_load,0,16.7930,16.6662,1.6824,15908,327,814793296577,2.9462,0.9088,13.6999,16766900,61500,731300,0,2100,0
save_load,0,16.6571,16.7060,2.3009,15908,327,814793463239,2.2243,0.7802,14.4638,16619200,38700,705100,0,1900,0
save_load,0,16.6667,16.6909,2.1883,15908,327,814793630299,2.0169,0.9611,14.6492,16655400,32600,621900,0,1200,0
save_load,0,16.6686,16.7887,2.5395,15908,325,814793797208,2.3610,0.8270,14.4061,16658500,32900,619100,0,1600,0
save_load,0,16.6663,16.6370,2.4228,15908,326,814793965095,2.3647,0.7082,14.2544,16654000,34400,480000,0,1300,0
save_load,0,16.6718,16.6670,1.7162,15908,327,814794131465,1.9219,0.7490,14.7336,16656400,32900,585000,0,1300,0
save_load,0,16.6751,16.6706,2.1524,15908,326,814794298135,1.9290,0.7845,14.7295,16668100,32400,619500,0,1100,0
save_load,0,16.6649,16.6670,2.0204,15908,327,814794464841,1.8800,0.7203,14.7740,16644600,41800,766700,0,2100,0
save_load,0,16.6641,16.6696,2.1760,15908,327,814794631511,1.9281,0.8209,14.7285,16645500,38700,746600,0,1800,0
save_load,0,16.6927,16.6838,2.5201,15908,326,814794798207,2.1650,1.3174,14.5033,16693900,34500,588900,0,1300,0
save_load,0,16.6541,16.6616,1.7009,15908,327,814794965045,2.7397,0.9135,13.9051,16605000,32200,905500,0,1300,0
save_load,0,16.6683,16.6597,2.1903,15908,327,814795131661,2.5016,1.0854,14.1438,16657600,34300,601300,0,1300,0
save_load,0,16.6695,16.7182,2.0183,15908,327,814795298258,2.5745,0.8995,14.1196,16658100,33800,599700,0,1200,0
save_load,0,16.6652,16.6283,2.1914,15908,327,814795465440,2.1115,0.6594,14.4934,16650700,35200,826200,0,1400,0
save_load,0,16.6668,16.6694,2.4945,15908,327,814795631723,1.9373,0.7295,14.7205,16652300,36400,629800,0,1200,0
save_load,0,16.6648,16.6717,1.7265,15908,327,814795798417,1.9591,0.7599,14.6994,16649500,33800,565900,0,1200,0
save_load,0,16.6667,16.6651,2.2405,15908,327,814795965134,2.3174,0.7614,14.3334,16655700,31700,568500,0,1100,0
save_load,0,16.6665,16.6649,2.0613,15908,327,814796131785,1.9926,1.1448,14.6598,16654800,30700,583400,0,1100,0
save_load,0,16.6690,16.6615,2.4044,15908,322,814796298434,1.9384,1.0734,14.7110,16662400,30100,685100,0,1000,0
save_load,0,16.6663,16.6666,2.7812,15908,326,814796465049,1.8745,0.7169,14.7812,16651000,33500,633000,0,1300,0
save_load,0,16.6663,16.6657,1.6906,15908,327,814796631715,1.9337,0.8829,14.7211,16654300,33600,464200,0,1300,0
save_load,0,16.6694,16.6747,2.2098,15908,327,814796798372,1.9986,0.7577,14.6639,16658900,32700,665200,0,1300,0
save_load,0,16.6643,16.6635,2.0500,15908,325,814796965119,2.0549,0.9416,14.5963,16650100,34600,483800,0,1100,0
save_load,0,16.6667,16.6670,2.1432,15908,327,814797131754,1.8875,0.8713,14.7669,16648900,34300,734300,0,1400,0
save_load,0,16.6683,16.6736,2.1463,15908,327,814797298424,2.3253,0.8261,14.3338,16658700,31500,470100,0,1000,0
save_load,0,16.6659,16.6628,1.7019,15908,327,814797465160,1.9519,0.7622,14.6983,16652300,34000,531500,0,1100,0
save_load,0,16.6660,16.6609,1.6896,15908,321,814797631788,2.1637,0.8712,14.4853,16653000,31200,554200,0,900,0
save_load,0,16.6665,16.6708,2.0193,15908,327,814797798397,1.9393,0.9974,14.7195,16656400,30000,611300,0,1000,0
save_load,0,16.6660,16.6645,2.1330,15908,327,814797965105,2.1079,0.6769,14.5444,16655600,30100,446400,0,1100,0
save_load,0,16.6881,16.6635,1.7357,15908,327,814798131750,1.6606,0.7544,14.9925,16682300,28600,559000,0,1100,0
save_load,0,16.6793,16.6664,1.6927,15908,327,814798298385,1.7648,0.9185,14.8915,16684800,33600,463500,0,1200,0
save_load,0,16.6641,16.6650,1.7265,15908,327,814798465049,1.7286,0.7455,14.9271,16622700,30000,756800,0,1200,0
save_load,0,16.6583,16.6940,1.9999,15908,327,814798631699,1.7226,1.0825,14.9597,16629900,33700,559500,0,1200,0
save_load,0,16.6659,16.7117,1.7080,15908,327,814798798639,1.6788,0.7210,15.0064,16651200,34100,594500,0,1300,0
save_load,0,16.6675,16.6485,2.2006,15908,327,814798965756,2.0110,0.7215,14.6116,16655100,32500,535400,0,1100,0
save_load,0,16.6655,16.6434,1.7848,15908,327,814799132241,1.7320,0.8405,14.8982,16650100,33000,553700,0,1200,0
save_load,0,16.6818,16.6639,2.4187,15908,327,814799298675,1.8625,1.0873,14.7888,16691600,31900,572900,0,1200,0
save_load,1,16.6578,16.6687,2.0183,46768,327,814799465314,1.8068,0.6645,14.8483,16600500,7927200,949200,0,1900,0
save_load,0,16.6689,16.6625,2.4259,15758,327,814799632001,1.9055,0.6489,14.7446,16657100,35300,532600,0,1700,0
save_load,0,16.6651,16.7181,1.9968,15758,327,814799798626,1.9332,0.9084,14.7587,16653700,48100,816500,0,2300,0
save_load,0,16.6657,16.6273,1.7725,15758,327,814799965807,10.0211,0.8377,6.5793,16635500,43000,825900,0,2100,0
save_load,0,16.8167,16.6744,1.7695,15758,326,814800132080,2.0380,1.5104,14.6191,16818000,39600,728000,0,1400,0
save_load,0,16.6673,16.6729,2.0961,15758,326,814800298824,2.5928,1.0172,14.0610,16625300,34900,936800,0,1200,0
save_load,0,16.6528,16.6541,1.8053,15758,327,814800465553,2.3701,0.8780,14.2656,16590800,113100,806900,0,1200,0
save_load,0,16.6806,16.8474,1.7940,15758,325,814800632094,2.2342,0.9892,14.5842,16686700,32500,613300,0,1200,0
save_load,0,16.6545,16.6691,2.1832,15758,327,814800800568,2.1678,0.8250,14.4577,16593900,32100,555100,0,1100,0
save_load,0,16.6687,16.6157,2.2917,15758,327,814800967259,2.2613,0.7359,14.3294,16654100,34400,621400,0,1500,0
save_load,0,16.6675,16.7160,2.0316,15758,327,814801133416,1.9940,1.2579,14.6931,16648900,38400,699800,0,1400,0
save_load,0,16.6666,16.6219,2.1309,15758,327,814801300576,1.8926,0.7771,14.7013,16647000,37600,960500,0,1400,0
save_load,0,16.6817,16.6695,2.1514,15758,327,814801466795,1.9277,1.2502,14.7266,16686700,35500,619800,0,1500,0
save_load,0,16.6529,16.6665,1.7920,15758,326,814801633490,2.1228,0.9304,14.5261,16580600,34900,649900,0,1500,0
save_load,0,16.6649,16.6660,2.1729,15758,325,814801800155,2.4533,0.7552,14.1941,16649100,33500,756000,0,1500,0
save_load,0,16.8501,16.7177,2.0398,15758,326,814801966815,1.8375,0.7960,14.8496,16845700,33700,1162800,0,1100,0
save_load,0,16.7904,16.6165,1.7756,15758,326,814802133992,2.0919,0.7902,14.4887,16759200,36800,484700,0,1300,0
save_load,0,16.6842,16.6622,1.9886,15758,327,814802300157,2.0657,1.0790,14.5835,16688600,33400,595400,0,1200,0
save_load,0,16.6507,16.8667,1.6906,15758,323,814802466779,2.3091,0.9057,14.5369,16577600,31600,449400,0,1100,0
save_load,0,16.6677,16.7744,1.6814,15758,327,814802635446,2.0926,0.6901,14.6668,16653400,33700,569900,0,1100,0
save_load,0,16.6686,16.7198,2.0337,15758,327,814802803190,1.8864,0.8049,14.8023,16657600,35700,590400,0,1100,0
save_load,0,16.8785,16.6158,1.8002,15758,327,814802970388,1.7691,0.7047,14.8085,16874900,34200,621800,0,1600,0
save_load,0,16.6576,16.6670,1.8043,15758,326,814803136546,1.8923,0.7750,14.7611,16631300,41400,790200,0,1700,0
save_load,0,16.6676,16.6703,1.8043,15758,327,814803303216,1.8544,0.8570,14.8034,16649100,42100,629800,0,1800,0
save_load,0,16.6656,16.8915,2.4535,15758,327,814803469919,2.3976,1.1270,14.4775,16649800,38600,902700,0,1700,0
save_load,0,16.6757,16.6489,2.0972,15758,326,814803638834,2.8738,1.1704,13.7576,16672500,37600,821100,0,1500,0
save_load,0,16.6576,16.6652,1.7152,15758,326,814803805323,2.7235,0.9051,13.9258,16614200,71300,731900,0,1700,0
save_load,0,16.6663,16.6648,2.6952,15758,327,814803971975,2.6903,0.8523,13.9597,16653500,36700,623200,0,1400,0
save_load,0,16.6696,16.6999,1.7828,15758,326,814804138623,2.4823,0.8453,14.1906,16655000,37100,1096800,0,1600,0
save_load,0,16.6683,16.6319,2.4259,15758,327,814804305622,2.5952,1.1225,14.0191,16647800,39200,892900,0,1400,0
save_load,0,16.6662,16.6682,1.7132,15758,327,814804471941,2.2726,0.9531,14.3811,16645800,38500,799500,0,1500,0
save_load,0,16.6675,16.6734,1.7009,15758,327,814804638623,3.0387,1.4842,13.6165,16652000,37700,730700,0,2400,0
save_load,0,16.6663,16.6678,2.0234,15758,327,814804805357,2.7180,0.9403,13.9300,16648700,40900,752400,0,1900,0
save_load,0,16.6687,16.6648,1.6876,15758,326,814804972035,2.6905,1.1062,13.9554,16653100,40800,591600,0,1900,0
save_load,0,16.6642,16.6680,2.7843,15758,327,814805138683,3.3032,0.9616,13.3489,16644900,41500,756500,0,1800,0
save_load,0,16.6675,16.6659,1.7213,15758,327,814805305363,2.5484,1.2065,14.1005,16649600,38900,658700,0,1600,0
save_load,0,16.6680,16.6704,2.3706,15758,325,814805472022,2.8900,0.8693,13.7632,16649600,36500,658800,0,1300,0
save_load,0,16.6671,16.6624,2.7423,15758,327,814805638726,2.3206,0.8291,14.3245,16654600,34600,602200,0,1400,0
save_load,0,16.6670,16.6661,1.7091,15758,327,814805805350,2.2915,1.0559,14.3581,16649300,34700,622400,0,1100,0
save_load,0,16.6692,16.6654,2.5221,15758,327,814805972011,2.6749,0.7719,13.9750,16657900,36000,595600,0,1700,0
save_load,0,16.6656,16.6702,2.0460,15758,327,814806138665,1.9669,0.8844,14.6880,16646400,46300,872900,0,2000,0
save_load,0,16.6681,16.6650,1.6988,15758,327,814806305367,2.1044,0.7828,14.5451,16650800,43800,1020100,0,1900,0
save_load,0,16.6682,16.6738,2.3306,15758,327,814806472017,2.0890,1.5433,14.5692,16650700,65000,913300,0,2000,0
save_load,0,16.6665,16.6655,1.6978,15758,326,814806638755,3.0177,1.4536,13.6289,16649100,40800,613500,0,2200,0
save_load,0,16.6666,16.6677,1.6978,15758,326,814806805410,3.0056,1.5729,13.6454,16645700,41700,739900,0,1700,0
save_load,0,16.6672,16.6678,1.6835,15758,327,814806972087,2.6859,1.1325,13.9650,16651700,38900,3247300,956700,2000,0
save_load,0,16.6658,16.6682,1.7336,15758,327,814807138765,2.3872,1.4250,14.2619,16650300,37900,676800,0,1500,0
save_load,0,16.6669,16.6619,2.1125,15758,327,814807305447,2.2185,0.9499,14.4273,16649800,36500,635000,0,1600,0
save_load,0,16.6675,16.6681,1.7142,15758,327,814807472066,3.7641,1.1899,12.8877,16650900,37100,792900,0,1400,0
save_load,0,16.6678,16.6661,1.6978,15758,327,814807638747,2.1478,1.1730,14.5026,16654300,36700,739400,0,1700,0
save_load,0,16.6658,16.6668,1.7336,15758,327,814807805408,2.2615,0.8471,14.3885,16646700,39100,687000,0,1500,0
save_load,0,16.6679,16.6670,1.6824,15758,327,814807972076,2.6380,0.8308,14.0133,16652700,37200,721800,0,1400,0
save_load,0,16.6694,16.6706,2.0111,15758,327,814808138746,2.3943,1.1254,14.2602,16656700,38400,593600,0,1300,0
save_load,0,16.6643,16.6628,1.6876,15758,327,814808305452,2.4154,1.3250,14.2315,16643400,43300,798600,0,1900,0
save_load,0,16.6683,16.6682,1.7070,15758,327,814808472080,2.3747,0.9962,14.2782,16650900,41000,580400,0,1600,0
save_load,0,16.6665,16.6751,1.7203,15758,327,814808638762,2.2156,1.2397,14.4412,16650400,37800,699500,0,1700,0
save_load,0,16.6673,16.6609,1.6968,15758,325,814808805513,2.7912,0.9452,13.8524,16649600,42000,905300,0,1900,0
save_load,0,16.6665,16.6687,2.0193,15758,327,814808972122,2.1959,0.8456,14.4550,16647400,42200,1806000,0,2100,0
save_load,0,16.6665,16.6655,1.7050,15758,327,814809138809,2.1746,1.1381,14.4760,16649400,40600,1526700,0,1900,0
save_load,0,16.6667,16.6682,2.0449,15758,327,814809305464,3.0451,1.3398,13.6048,21352900,39500,664900,0,1600,0
save_load,2,16.6643,16.6652,0.0000,62974,327,814809472146,3.6044,1.5382,13.0431,11938200,6687500,834300,0,2300,0
save_load,0,16.6713,16.6681,1.6896,15868,435,814809638798,3.5637,1.3347,13.0858,17940600,38200,1222200,0,2700,0
save_load,0,16.6662,21.3696,1.9855,15868,434,814809805479,7.2542,7.0719,14.0989,15372900,41200,713100,0,1800,0
save_load,0,16.6678,11.9549,1.8985,15868,435,814810019175,10.0806,6.4558,1.8578,16650900,42000,1049400,0,1900,0
save_load,0,16.6683,17.9523,2.2876,15868,434,814810138724,4.5507,1.1476,13.3902,16652100,42000,1110600,0,1900,0
save_load,0,16.6647,15.3899,1.9210,15868,428,814810318247,2.7991,1.5620,12.5740,16644800,57500,929200,0,2300,0
save_load,0,16.6677,16.6687,1.9640,15868,435,814810472146,3.7101,1.5506,12.9410,16653500,41500,868100,0,1600,0
save_load,0,16.6671,16.6701,1.9098,15868,435,814810638833,3.3719,1.9718,13.2803,16649900,41700,968500,0,1900,0
save_load,0,16.6670,16.6615,1.9466,15868,435,814810805534,3.2260,1.7563,13.4189,16648000,42000,1118700,0,1900,0
save_load,0,16.6672,16.6697,2.2804,15868,435,814810972149,2.8286,2.2900,13.8251,16649000,43000,625200,0,1700,0
save_load,0,16.6675,16.6677,3.0003,15868,435,814811138846,3.1076,1.9012,13.5425,16650100,51000,1029400,0,1700,0
save_load,0,16.6670,16.6660,2.5631,15868,435,814811305523,2.9474,1.3107,13.7007,16650600,41500,704000,0,2000,0
save_load,0,16.6666,16.6676,2.6593,15868,435,814811472183,2.4555,1.8084,14.1937,16646900,47400,1385700,0,2000,0
save_load,0,16.6671,16.6688,1.9466,15868,435,814811638859,3.8769,1.7535,12.7734,16646700,43200,948100,0,1700,0
save_load,0,16.6672,16.6677,2.2856,15868,435,814811805547,2.8931,2.0375,13.7577,16648100,43000,921200,0,2200,0
save_load,0,16.6662,16.6665,1.9005,15868,435,814811972224,3.9803,1.9525,12.6667,16649600,41800,757100,0,1700,0
save_load,0,16.8537,16.6662,2.0101,15868,435,814812138889,3.3350,1.2961,13.3118,16835900,43900,1368100,0,1700,0
save_load,0,16.6660,16.6663,2.7126,15868,435,814812305551,3.2897,1.8747,13.3587,16647000,44800,712600,0,1700,0
save_load,0,16.6662,16.6666,2.6399,15868,435,814812472214,2.9049,2.0403,13.7449,16650500,39600,748500,0,1600,0
save_load,0,16.7346,16.8528,2.3521,15868,434,814812638880,3.9848,1.8097,12.8512,16716200,41800,724800,0,3200,0
save_load,0,16.7919,16.6648,2.0173,15868,435,814812807408,2.8890,1.0896,13.7583,16774100,40300,593900,0,1500,0
save_load,0,16.6653,16.6669,1.9948,15868,435,814812974056,2.7964,1.1193,13.8544,16647200,40500,723500,0,1500,0
save_load,0,16.6659,16.7350,2.7105,15868,433,814813140725,2.6938,1.6769,14.0225,16651600,35500,659100,0,1200,0
save_load,0,16.6691,16.7892,2.0388,15868,434,814813308075,2.4390,1.0305,14.3353,16659500,34100,487400,0,1000,0
save_load,0,16.6682,16.6624,2.0408,15868,435,814813475967,2.3893,0.9370,14.2579,16654400,36500,529400,0,1100,0
save_load,0,16.6992,16.6640,2.0316,15868,435,814813642591,2.3240,1.1323,14.3278,16678800,39700,736500,0,1600,0
save_load,0,16.6661,16.6733,2.0398,15868,433,814813809231,2.2280,1.3680,14.4316,16650900,39700,536500,0,1700,0
save_load,0,16.6684,16.6713,2.6911,15868,435,814813975964,2.4033,1.0648,14.2515,16656400,36800,827800,0,1200,0
save_load,0,16.6679,16.6950,2.0480,15868,435,814814142677,2.7483,1.0522,13.9307,16651300,35000,675000,0,1300,0
save_load,0,16.6664,16.6650,2.2866,15868,433,814814309627,2.4803,1.0910,14.1706,16646400,34500,617100,0,1500,0
save_load,0,16.6679,16.6707,2.0234,15868,435,814814476277,2.8154,0.9436,13.8412,16653900,35000,632800,0,1500,0
save_load,0,16.6662,16.6674,1.9866,15868,435,814814642984,2.5108,1.1022,14.1406,16666600,42500,644500,0,1800,0
save_load,0,16.6685,16.6672,2.3296,15868,435,814814809658,2.5685,1.0204,14.0782,16634300,38700,721100,0,1900,0
save_load,0,16.6667,16.6695,2.5037,15868,435,814814976330,2.4455,1.5728,14.2086,16649000,38500,730600,0,1500,0
save_load,0,16.6673,16.6836,1.9538,15868,435,814815143025,3.0526,1.0849,13.6142,16651700,39100,613000,0,1600,0
save_load,0,16.6653,16.6516,2.0122,15868,435,814815309861,2.5750,1.0658,14.0594,16649600,39000,610400,0,1800,0
save_load,0,16.6671,16.6661,1.9927,15868,435,814815476377,2.7366,1.5441,13.9125,16651300,38600,674400,0,1800,0
save_load,0,16.6668,16.6667,2.2630,15868,431,814815643038,2.3430,1.4518,14.3089,16651500,38100,569600,0,1500,0
save_load,0,16.6672,16.6646,2.0367,15868,435,814815809705,2.1569,0.9956,14.4928,16651200,36900,626400,0,1700,0
save_load,0,16.6676,16.6672,2.0388,15868,435,814815976351,2.1894,1.1011,14.4620,16652900,36900,717100,0,1400,0
save_load,0,16.6648,16.6666,2.0009,15868,434,814816143023,2.0903,0.9467,14.5613,16647300,41100,619200,0,1600,0
save_load,0,16.6673,16.6673,2.0265,15868,435,814816309689,2.1153,1.0005,14.5360,16653800,34600,584700,0,1700,0
save_load,0,16.6691,16.6675,2.3060,15868,435,814816476362,2.1888,1.2968,14.4642,16656500,36600,503500,0,1300,0
save_load,0,16.6681,16.6627,2.0142,15868,435,814816643037,2.2678,1.4171,14.3797,20951100,36600,616200,0,1600,0
save_load,0,16.6665,16.6685,2.3808,15868,429,814816809664,2.0918,1.3470,14.5622,12352300,39200,979500,0,1700,0
save_load,0,16.6654,16.6711,2.0521,15868,435,814816976349,2.0054,1.1172,14.6513,16649900,37300,527500,0,1700,0
save_load,0,16.6640,20.9671,2.0152,15868,435,814817143060,6.5736,1.3400,14.3778,16644000,38400,677500,0,1700,0
save_load,0,16.6662,12.3672,2.2497,15868,435,814817352731,2.5630,1.3895,9.7894,16654600,34400,537200,0,1200,0
save_load,0,16.6666,16.6650,2.0593,15868,435,814817476403,2.2648,0.9869,14.3852,16656600,32300,555800,0,1100,0
save_load,0,16.6667,16.6569,2.0357,15868,434,814817643053,2.1415,1.5317,14.5025,16654800,31300,460300,0,900,0
save_load,0,16.6830,16.6655,2.0081,15868,435,814817809622,1.8162,0.8658,14.8386,16702600,43000,593700,0,1000,0
save_load,0,16.6501,16.6674,2.0347,15868,434,814817976277,2.0437,1.0028,14.6130,16591500,31300,482500,0,900,0
save_load,0,16.9502,16.6650,2.2938,15868,435,814818142951,1.9594,0.8906,14.6954,16963300,31400,437300,0,800,0
save_load,0,16.6855,16.7278,1.9599,15868,435,814818309601,2.0479,0.8849,14.6550,16625100,29600,580500,0,900,0
save_load,0,16.6668,16.6046,2.2917,15868,435,814818476879,2.0243,1.6873,14.5672,16655100,38600,503000,0,1000,0
save_load,0,16.6849,16.9906,1.9343,15868,435,814818642925,2.1230,0.9360,14.8406,16697800,31600,530100,0,800,0
save_load,0,16.6645,16.6484,1.9763,15868,435,814818812831,2.3154,0.8527,14.3097,16623200,33700,724000,0,1000,0
save_load,0,16.6663,16.6662,2.7566,15868,434,814818979315,2.1311,0.8612,14.5243,16624400,32500,500100,0,900,0
save_load,0,16.6553,16.7255,2.4146,15868,435,814819145977,2.0657,0.8874,14.6325,16620300,30600,560200,0,800,0
save_load,0,16.6803,16.6603,2.2784,15868,435,814819313232,2.5682,1.2550,14.0552,16687600,31500,507700,0,800,0
save_load,0,16.7882,16.6539,2.0040,15868,432,814819479835,2.1080,0.8589,14.5165,16754800,31100,549800,0,1200,0
save_load,1,20.5524,16.6325,0.0000,37272,432,814819646374,1.9630,1.0830,14.6575,20535200,18663300,381600,0,1400,0
save_load,0,16.7278,16.7007,2.7095,15758,435,814819812699,2.2494,0.7925,14.4383,16734800,29100,508400,0,1000,0
save_load,0,16.6605,16.7660,0.0000,15758,434,814819979706,2.2257,1.4733,14.5292,16631900,46100,386000,0,900,0
save_load,0,16.9843,20.5478,2.4402,15758,199,814820147366,20.5297,0.7885,0.0057,16985400,36900,610900,0,900,0
save_load,0,16.6606,16.7500,1.8360,15758,435,814820352844,1.7069,16.7500,15.0299,16629500,36000,553900,0,1000,0
save_load,0,16.6770,16.6449,2.7474,15758,435,814820520344,2.0594,0.9874,14.5727,16662200,35900,567000,0,1200,0
save_load,0,16.6664,17.0059,1.9763,15758,435,814820686793,2.0337,1.0489,14.9518,16677200,34000,479600,0,1200,0
save_load,0,16.6565,16.6434,2.7300,15758,435,814820856852,2.0284,1.5242,14.6013,16618800,33900,577500,0,1100,0
save_load,0,16.6685,16.6760,2.3869,15758,435,814821023286,2.0736,1.0585,14.5887,16655300,32000,914800,0,1200,0
save_load,0,16.6674,16.6908,2.2927,15758,435,814821190046,1.9959,1.2992,14.6815,16650400,39500,881700,0,1600,0
save_load,0,16.6673,16.6330,2.3777,15758,435,814821356954,1.9008,1.0428,14.7180,16651900,39000,685800,0,1600,0
save_load,0,16.6664,16.6706,2.3347,15758,434,814821523284,2.3745,1.2635,14.2810,16647700,40400,686400,0,2100,0
save_load,0,16.6648,16.6665,1.9354,15758,435,814821689990,2.5250,1.0165,14.1256,16648600,37800,963400,0,1400,0
save_load,0,16.6663,16.6696,1.9999,15758,435,814821856655,2.6660,1.6064,13.9861,16648900,38400,1752600,808900,1300,0
save_load,0,16.6675,16.6638,2.2702,15758,435,814822023351,2.3869,1.2170,14.2609,16654800,33300,474500,0,1200,0
save_load,0,16.6670,16.6640,2.4330,15758,433,814822189989,2.4898,0.9632,14.1588,16654200,33800,536700,0,1100,0
save_load,0,16.7732,16.6635,1.9579,15758,435,814822356629,3.4277,1.0397,13.2213,16758700,32500,469200,0,1100,0
save_load,0,16.6558,16.6674,2.2968,15758,435,814822523264,2.1773,0.8720,14.4776,16642600,31400,479400,0,1300,0
save_load,0,16.6660,16.6667,1.9548,15758,435,814822689938,2.2026,0.8138,14.4517,16648700,38400,526700,0,1000,0
save_load,0,16.9680,16.7737,1.9722,15758,434,814822856605,2.0735,1.0668,14.6853,16969700,33200,670800,0,1200,0
save_load,0,16.6555,16.6589,1.9528,15758,435,814823024342,2.1925,0.9789,14.4503,16623500,30700,932800,0,900,0
save_load,0,16.6697,16.6631,1.9671,15758,435,814823190931,2.6213,0.8777,14.0274,16660400,29800,458800,0,900,0
save_load,0,16.6670,16.9829,1.9415,15758,435,814823357562,2.2691,1.1435,14.7007,16652900,37600,601400,0,1200,0
save_load,0,16.6665,16.6370,1.9415,15758,433,814823527391,2.3342,0.9065,14.2893,16649500,34100,622400,0,1300,0
save_load,0,16.6670,16.6746,2.2508,15758,435,814823693761,2.0169,1.0453,14.6436,16650500,32800,479500,0,1200,0
save_load,0,16.6671,16.6672,1.9927,15758,433,814823860507,2.6077,0.9174,14.0452,16650700,31800,672100,0,900,0
save_load,0,16.6652,16.6651,1.9087,15758,435,814824027179,2.3664,0.8338,14.2833,16647900,32600,720600,0,1100,0
save_load,0,16.6691,16.6698,1.9753,15758,435,814824193830,2.4361,1.2442,14.2146,16657700,32800,646800,0,1200,0
save_load,0,16.6672,16.6660,2.2467,15758,435,814824360528,2.6029,1.0680,14.0479,16651500,34800,561600,0,1300,0
save_load,0,16.6687,16.6625,2.2671,15758,435,814824527188,2.4177,0.9692,14.2303,16655700,35700,633800,0,1500,0
save_load,0,16.6670,16.6724,1.9456,15758,430,814824693813,2.4210,1.0208,14.2369,16651600,36900,548900,0,1300,0
save_load,0,16.6661,16.6662,1.9630,15758,435,814824860537,2.2434,0.9109,14.4083,16650500,40000,553500,0,1500,0
save_load,0,16.6663,16.6699,1.9804,15758,435,814825027199,2.2736,1.0264,14.3821,16650900,39500,795100,0,1500,0
save_load,0,16.6666,16.6685,1.9436,15758,432,814825193898,2.3317,1.0950,14.3201,16650000,38100,672900,0,1500,0
save_load,0,16.6681,16.6662,2.2764,15758,434,814825360583,2.4959,1.2057,14.1546,16651000,37800,776500,0,1400,0
save_load,0,16.6657,16.6666,1.9917,15758,435,814825527245,2.7761,1.0763,13.8749,16673000,35400,535500,0,1600,0
save_load,0,16.6679,16.6660,1.9395,15758,435,814825693911,2.6101,1.0877,14.0399,16635200,36100,631000,0,1600,0
save_load,0,16.6675,16.6658,1.8258,15758,434,814825860571,2.5134,0.8799,14.1378,16652600,37400,754000,0,1500,0
save_load,0,16.6680,16.6841,2.3931,15758,435,814826027229,2.4185,1.1427,14.2547,16654100,37100,575900,0,1600,0
save_load,0,16.6662,16.6502,2.5477,15758,434,814826194070,2.5367,1.0945,14.0987,16645400,39700,704700,0,1400,0
save_load,0,16.6660,16.6684,2.5958,15758,434,814826360572,2.5540,1.0674,14.0989,16647300,37000,661000,0,1300,0
save_load,0,16.6676,16.6698,1.8893,15758,435,814826527256,2.4528,1.0313,14.2015,16654200,38800,538600,0,1200,0
save_load,0,16.6689,16.6641,2.3634,15758,435,814826693954,2.9961,1.1236,13.6494,16655000,36800,574400,0,1500,0
save_load,0,16.6671,16.6656,2.2897,15758,435,814826860595,2.6680,1.4269,13.9794,16646600,42800,768200,0,1900,0
save_load,0,16.6669,16.6689,2.2477,15758,434,814827027251,2.6518,1.1453,14.0026,16651700,131700,737400,0,1600,0
save_load,0,16.6651,16.6725,2.2682,15758,434,814827193940,2.4392,1.1271,14.2160,16645900,38700,924700,0,1700,0
save_load,0,16.6687,16.6647,3.2420,15758,434,814827360665,2.9688,1.2106,13.6780,16635100,37600,632100,0,1400,0
save_load,0,16.6643,16.6680,2.3890,15758,435,814827527312,3.0839,1.2203,13.5679,16653800,35100,611300,0,1100,0
save_load,0,16.6672,16.6636,2.4924,15758,432,814827693992,2.6713,0.9314,13.9746,16652000,34700,628800,0,1400,0
save_load,0,16.6667,16.6630,2.2610,15758,434,814827860628,2.4410,0.8614,14.1942,16650700,35900,634900,0,1200,0
save_load,0,16.6676,16.6682,2.7197,15758,435,814828027258,2.1265,1.0502,14.5275,16654600,37200,641600,0,1400,0
save_load,0,16.6664,16.6674,1.8248,15758,435,814828193940,2.4156,0.8815,14.2366,16647700,44700,602200,0,1900,0
save_load,0,16.6659,16.6656,2.4453,15758,435,814828360614,2.3046,1.4034,14.3463,16649700,113300,626500,0,1700,0
save_load,0,16.6664,16.6715,2.3900,15758,434,814828527270,2.3388,0.9076,14.3158,16650200,35000,604700,0,1100,0
save_load,0,16.6653,16.6639,2.2917,15758,433,814828693985,2.3584,1.0340,14.2894,16650000,34000,647500,0,1300,0
save_load,0,16.6697,16.6642,1.9763,15758,435,814828860624,2.4090,0.8804,14.2408,16662300,32900,613100,0,1000,0
save_load,0,16.7999,16.6643,2.0163,15758,435,814829027266,2.1094,0.8696,14.5408,16784800,33500,496800,0,1100,0
save_load,0,16.6649,16.6623,2.3798,15758,435,814829193909,2.2318,0.8304,14.4181,16647200,37600,625800,0,1600,0
save_load,0,16.6666,16.6755,2.7853,15758,434,814829360532,2.2085,1.0237,14.4538,16653700,34900,686400,0,1400,0
save_load,0,16.6694,16.8010,2.2579,15758,435,814829527287,2.2069,1.0222,14.5780,16652400,35500,665600,0,1300,0
save_load,2,16.6671,16.6619,2.0388,40636,432,814829695297,2.3755,1.0462,14.2717,16652600,634200,667700,0,1700,0
save_load,0,16.6668,16.6674,1.9087,15868,435,814829861916,2.6508,0.9892,14.0031,16653100,58200,567100,0,1700,0
save_load,0,16.6668,16.6711,1.9732,15868,435,814830028590,2.6503,1.2368,14.0023,16649600,38400,1439300,0,1700,0
save_load,0,16.6688,16.6672,1.8668,15868,435,814830195301,3.4744,1.4515,13.1784,16668200,39400,708700,0,1600,0
save_load,0,16.6658,16.6692,2.3419,15868,435,814830361973,2.6384,1.3583,14.0149,16755100,43800,856600,0,1900,0
save_load,0,16.6694,16.6674,1.9384,15868,435,814830528665,3.0440,1.2016,13.6058,16530500,41800,822200,0,1800,0
save_load,0,16.6656,16.6856,2.2630,15868,435,814830695339,2.8706,1.2377,13.7978,16643500,60100,842500,0,1900,0
save_load,0,16.6679,16.7729,1.9077,15868,435,814830862195,2.8373,1.2367,13.9180,16653700,39900,723600,0,1900,0
save_load,0,16.6669,16.5486,1.9190,15868,434,814831029924,2.4429,1.3288,14.0877,16645700,41600,640300,0,1800,0
save_load,0,16.6675,16.6616,2.2825,15868,433,814831195410,2.9338,1.1362,13.7099,16652500,41600,783500,0,1600,0
save_load,0,16.6691,16.6713,2.5231,15868,435,814831362026,2.4172,1.6385,14.2367,16655700,47100,657600,0,1800,0
save_load,0,16.6648,16.6648,1.9589,15868,431,814831528739,2.4745,1.0686,14.1714,16632300,58700,752900,0,2300,0
save_load,0,16.6655,16.6715,2.5262,15868,434,814831695387,2.3756,1.2313,14.2771,16642700,51000,971800,0,1800,0
save_load,0,16.6672,16.6816,2.2845,15868,433,814831862102,2.9895,1.1290,13.6664,16649300,39900,578200,0,1800,0
save_load,0,16.6663,16.6527,2.2405,15868,435,814832028918,2.7040,1.1589,13.9285,16650300,38900,591900,0,1700,0
save_load,0,16.6674,16.6612,1.9374,15868,435,814832195445,2.4961,1.7499,14.1468,16650800,38600,693100,0,1200,0
save_load,0,16.6665,16.6651,1.9722,15868,386,814832362057,2.4485,1.0669,14.2009,16651800,37800,679400,0,1500,0
save_load,0,16.6663,16.6663,1.8299,15868,435,814832528708,2.2649,0.9594,14.3856,16649500,37100,692900,0,1600,0
save_load,0,16.6669,16.6664,1.9333,15868,435,814832695371,2.1730,0.9523,14.4780,16652300,36800,736300,0,1300,0
save_load,0,16.6684,16.6668,2.1780,15868,435,814832862035,2.4307,1.1112,14.2213,16654800,35600,586500,0,1100,0
save_load,0,16.6658,16.6650,1.9497,15868,435,814833028703,2.5483,0.9395,14.1013,16649500,36600,525000,0,1800,0
save_load,0,16.6662,16.6661,1.8616,15868,435,814833195353,2.4040,1.4264,14.2484,16648000,35200,686200,0,1200,0
save_load,0,16.6679,16.6700,1.9282,15868,435,814833362014,2.1979,1.3028,14.4571,16654400,36300,647000,0,1300,0
save_load,0,16.6671,16.6677,1.8534,15868,434,814833528714,2.4410,0.9236,14.2088,16653200,34400,690100,0,1200,0
save_load,0,16.6667,16.6613,2.2415,15868,435,814833695391,2.3016,0.9233,14.3466,16653000,35600,994100,0,1400,0
save_load,0,16.6690,16.6681,1.8381,15868,435,814833862004,2.2224,1.0176,14.4321,16654600,35500,716700,0,1500,0
save_load,0,16.6676,16.6689,1.9231,15868,434,814834028685,2.3268,1.0269,14.3266,16652900,37400,906900,0,1500,0
save_load,0,16.6660,16.6665,1.8565,15868,431,814834195374,2.6245,0.9613,14.0287,16650100,38100,528000,0,1600,0
save_load,0,16.6655,16.6690,2.6511,15868,435,814834362039,2.5909,1.2372,14.0639,16649800,36400,652600,0,1300,0
save_load,0,16.6670,16.6692,2.1924,15868,434,814834528729,2.6391,1.2500,14.0141,16652700,35800,678100,0,1200,0
save_load,0,16.6679,16.6652,1.9374,15868,435,814834695421,2.5160,0.9089,14.1342,16655700,35100,607600,0,1300,0
save_load,0,16.6651,16.6647,1.8698,15868,435,814834862073,2.4340,0.8721,14.2159,16647000,34700,776800,0,1100,0
save_load,0,16.6689,16.6668,1.9180,15868,435,814835028720,2.2724,0.8944,14.3804,16657300,34000,594000,0,1300,0
save_load,0,16.6642,16.6706,1.8473,15868,435,814835195388,2.1986,1.1089,14.4572,16645300,35600,633400,0,1400,0
save_load,0,16.6658,16.6609,2.2508,15868,434,814835362094,2.3893,0.8954,14.2579,16650900,33000,536400,0,900,0
save_load,0,16.6785,16.6713,2.4330,15868,434,814835528703,2.1547,0.9710,14.5026,16671400,29900,440300,0,1200,0
save_load,0,16.6830,16.6588,1.9538,15868,435,814835695416,2.3483,1.2356,14.2971,16672700,32300,518500,0,1000,0
save_load,0,16.6685,16.6621,2.3808,15868,434,814835862004,1.9909,0.8799,14.6600,16656700,31700,758300,0,1000,0
save_load,0,16.6677,16.6820,2.3972,15868,426,814836028625,2.1030,0.8104,14.5684,16655400,32600,707800,0,1000,0
save_load,0,16.6748,16.6835,2.1524,15868,432,814836195445,2.1509,1.0121,14.5220,16656500,36200,728500,0,1500,0
save_load,0,16.6685,16.6699,2.7146,15868,435,814836362280,2.4384,0.9719,14.2184,16656800,37900,696600,0,1300,0
save_load,0,16.6674,16.6719,1.8514,15868,434,814836528979,2.4744,1.4137,14.1811,16653500,36500,675500,0,1300,0
save_load,0,16.6673,16.6710,2.5610,15868,435,814836695698,2.4442,1.0813,14.2124,16651400,37600,713200,0,1700,0
save_load,0,16.6674,16.6711,2.3798,15868,435,814836862408,2.5568,0.9269,14.1000,16652400,38500,641100,0,1300,0
save_load,0,16.6771,16.6687,2.2682,15868,435,814837029119,2.3779,0.9997,14.2757,16675600,39800,2647200,870900,2000,0
save_load,0,16.6570,16.6665,2.5764,15868,435,814837195806,2.4939,1.3285,14.1578,16626800,38500,823100,0,1600,0
save_load,0,16.6659,16.6674,2.2129,15868,435,814837362471,2.7966,0.9687,13.8560,16649700,40100,1049500,0,1500,0
save_load,0,16.6669,16.6919,1.8596,15868,434,814837529145,3.6579,1.2738,13.0179,16652600,39000,894700,0,1400,0
save_load,0,16.6730,16.6421,2.4453,15868,434,814837696064,2.8638,1.0788,13.7633,16658700,36000,629200,0,1400,0
save_load,0,16.6645,16.6654,2.1832,15868,435,814837862485,2.7968,1.2284,13.8532,16650100,36800,568400,0,1500,0
save_load,0,16.6693,16.6667,2.4607,15868,435,814838029139,2.5992,0.9783,14.0536,16656700,36300,880200,0,1200,0
save_load,0,16.6672,16.6727,2.6051,15868,435,814838195806,2.4224,1.2911,14.2364,16653000,36200,569300,0,1400,0
save_load,0,16.6663,16.6644,2.4678,15868,434,814838362533,2.5205,1.2556,14.1298,16651600,38300,507100,0,1500,0
save_load,0,16.6687,16.6700,2.3276,15868,435,814838529177,2.5079,0.9901,14.1489,16653600,35700,677000,0,1800,0
save_load,0,16.6654,16.6676,2.2456,15868,434,814838695877,2.2073,0.9424,14.4460,16648900,36900,1065500,0,1400,0
save_load,0,16.6674,16.6669,2.3183,15868,434,814838862553,2.1689,1.0065,14.4829,16652900,40000,918700,0,1300,0
save_load,0,16.6657,16.6697,1.9415,15868,430,814839029222,2.4749,1.2474,14.1789,16650100,37600,557100,0,1300,0
save_load,0,16.6778,16.6631,2.3276,15868,435,814839195919,3.0727,1.0708,13.5764,16677900,36300,709600,0,1500,0
save_load,0,16.6550,16.6679,2.4248,15868,435,814839362550,2.5390,1.2326,14.1140,16595900,33700,662900,0,1000,0
save_load,0,16.6749,16.6655,2.1965,15868,432,814839529229,2.3963,1.0619,14.2539,16666100,34700,508100,0,1100,0
save_load,1,16.6609,16.7053,2.3798,37272,435,814839695884,2.3839,0.9144,14.2942,16645200,2764300,729800,0,2100,0
save_load,0,16.6682,16.6231,1.8637,15758,435,814839862937,2.1555,0.8660,14.4402,16656200,35500,536900,0,1200,0
save_load,0,16.6671,16.6792,1.9139,15758,435,814840029168,2.1009,1.3898,14.5654,16654000,36900,639200,0,900,0
save_load,0,16.6671,16.6587,2.3552,15758,435,814840195960,5.2002,1.3425,11.4452,16651300,33100,559800,0,1300,0
save_load,0,16.6733,16.6689,2.2579,15758,435,814840362547,1.9547,0.9320,14.7017,16652100,38000,760200,0,1100,0
save_load,0,16.6649,16.6684,2.3163,15758,435,814840529236,2.0834,0.8577,14.5706,16647400,40100,568700,0,1200,0
save_load,0,16.6672,16.6643,2.0009,15758,435,814840695920,2.3091,1.1171,14.3424,16651000,36900,593700,0,1200,0
save_load,0,16.6648,16.6820,2.6348,15758,435,814840862563,2.3001,1.0197,14.3522,16649000,35600,546900,0,1000,0
save_load,0,16.6717,16.6602,2.3634,15758,435,814841029383,2.0691,0.9494,14.5783,16665900,32900,575900,0,1000,0
save_load,0,16.6671,16.6643,2.1985,15758,435,814841195985,2.0878,0.8283,14.5634,16651800,36400,549600,0,1200,0
save_load,0,16.6685,16.6607,2.7402,15758,435,814841362628,1.9614,0.8644,14.6875,16651700,40000,596200,0,1400,0
save_load,0,16.6648,16.6795,1.9210,15758,434,814841529235,1.8916,1.3781,14.7745,16647500,40500,695700,0,1700,0
save_load,0,16.6656,16.6684,2.7382,15758,434,814841696030,2.1054,1.0467,14.5466,16648500,35900,694200,0,1200,0
save_load,0,16.6645,16.6681,2.3030,15758,433,814841862714,2.2339,0.9431,14.4179,16647400,33300,655200,0,1100,0
save_load,0,16.6684,16.6631,2.2477,15758,434,814842029395,2.4962,0.9385,14.1514,16660200,32000,455400,0,1000,0
save_load,0,16.6659,16.6634,2.4156,15758,435,814842196026,2.1208,0.9074,14.5279,16653200,32000,552700,0,1100,0
save_load,0,16.6671,16.6586,1.9907,15758,435,814842362660,1.9673,0.8674,14.6801,16656700,30200,430100,0,800,0
save_load,0,16.6659,16.6716,2.4463,15758,434,814842529246,1.9147,0.8444,14.7455,16653900,31500,532000,0,900,0
save_load,0,16.6667,16.6634,2.3798,15758,435,814842695962,2.0156,0.8999,14.6377,16657700,30900,503400,0,800,0
save_load,0,16.6667,16.6681,2.2733,15758,435,814842862596,2.2325,0.9064,14.4242,16655300,31500,508700,0,900,0
save_load,0,16.6691,16.6634,2.3685,15758,434,814843029277,2.0662,1.5056,14.5878,16668700,29100,759800,0,900,0
save_load,0,16.6647,16.6677,1.9333,15758,435,814843195911,2.0883,1.1984,14.5695,16643000,31900,909900,0,1200,0
save_load,0,16.6670,16.6651,2.3716,15758,435,814843362588,1.9619,0.9364,14.6936,16658500,30000,507800,0,800,0
save_load,0,16.6683,16.6811,2.3224,15758,435,814843529239,2.3424,1.1019,14.3264,16659000,28800,586200,0,700,0
save_load,0,16.7088,16.6526,2.2723,15758,433,814843696050,2.3728,1.2491,14.2702,16698100,44000,521600,0,1100,0
save_load,0,16.6670,16.6681,2.3173,15758,434,814843862576,2.0053,0.8693,14.6531,16656900,30500,565500,0,1100,0
save_load,0,16.6674,16.6700,1.9333,15758,435,814844029257,2.3825,0.8762,14.2766,16642200,32100,548100,0,800,0
save_load,0,16.6684,16.7087,2.3941,15758,435,814844195957,2.2066,0.8577,14.4917,16661900,30700,741300,0,1100,0
save_load,0,16.6687,16.6675,2.3501,15758,435,814844363044,2.1406,0.8389,14.5165,16655400,37100,713900,0,1500,0
save_load,0,16.6645,16.6658,2.1811,15758,435,814844529719,2.0468,1.0689,14.5955,16647200,35600,745400,0,1400,0
save_load,0,16.8121,16.6753,2.3869,15758,433,814844696377,2.2424,1.2398,14.4197,16804000,36300,541100,0,1200,0
save_load,0,16.6600,16.6706,1.8821,15758,435,814844863130,2.7187,1.0594,13.9368,16628100,32400,734300,0,1200,0
save_load,0,16.6739,16.6630,2.8099,15758,435,814845029836,2.5688,1.1273,14.0785,16664200,31600,418800,0,1000,0
save_load,0,16.6634,16.8229,2.3398,15758,435,814845196466,2.2744,1.0464,14.5296,16649000,34200,513500,0,1400,0
save_load,0,16.6693,16.6453,2.2272,15758,434,814845364695,2.3307,0.9121,14.2975,16656700,33100,563300,0,1200,0
save_load,0,16.6656,16.6771,2.4914,15758,435,814845531148,2.1046,1.1155,14.5597,16648100,36800,623100,0,1100,0
save_load,0,16.7021,16.6632,2.3255,15758,435,814845697919,2.4555,1.2472,14.1937,16688300,34100,556000,0,1400,0
save_load,0,16.6673,16.6713,2.5682,15758,435,814845864551,2.1608,1.3995,14.4960,16651000,40900,780500,0,1700,0
save_load,0,16.6667,16.6643,2.5078,15758,435,814846031264,2.5403,0.9837,14.1078,16650600,38700,712600,0,1500,0
save_load,0,16.6669,16.7038,2.1801,15758,435,814846197907,2.1498,1.1028,14.5386,16651500,37400,552100,0,2000,0
save_load,0,16.6671,16.6672,2.6132,15758,435,814846364945,2.7882,1.2600,13.8629,16652800,37900,951300,0,1600,0
save_load,0,16.6681,16.6657,2.6296,15758,435,814846531617,2.5934,1.0549,14.0573,16650400,38400,684600,0,1400,0
save_load,0,16.6661,16.6680,1.9231,15758,433,814846698274,2.3863,1.2728,14.2652,16649300,37100,669300,0,1500,0
save_load,0,16.6664,16.6683,2.3818,15758,434,814846864954,2.8742,0.9649,13.7787,16649800,37800,620000,0,1300,0
save_load,0,16.6676,16.6684,2.2129,15758,434,814847031637,2.5310,0.9340,14.1196,16655000,36400,540800,0,1200,0
save_load,0,16.6674,16.6645,2.3276,15758,435,814847198321,2.3617,0.9274,14.2878,16652700,36200,599700,0,1400,0
save_load,0,16.6665,16.6635,1.9497,15758,435,814847364966,2.2680,0.9984,14.3819,16651200,37500,595700,0,1500,0
save_load,0,16.7549,16.6693,2.3501,15758,435,814847531601,2.0885,1.4455,14.5667,16756400,35400,643000,0,1400,0
save_load,0,16.6600,16.6675,2.3562,15758,435,814847698294,1.9707,1.4663,14.6821,16621000,36900,580100,0,1600,0
save_load,0,16.6640,16.6650,2.1801,15758,435,814847864969,2.0184,0.9712,14.6330,16643800,41700,569000,0,1600,0
save_load,0,16.6688,16.7823,2.6296,15758,435,814848031619,2.2335,1.4119,14.5231,16657300,34800,563700,0,1300,0
save_load,0,16.6671,16.6372,1.8616,15758,435,814848199442,2.1523,1.0378,14.4689,16651900,36800,609000,0,1400,0
save_load,0,16.6672,16.6575,2.4074,15758,430,814848365814,1.9839,0.9798,14.6600,16653000,42700,834500,0,1300,0
save_load,0,16.6688,16.6720,1.8842,15758,434,814848532389,2.0622,1.2280,14.5952,16654600,41400,573500,0,1300,0
save_load,0,16.6669,16.6656,2.5610,15758,435,814848699109,2.2816,0.9800,14.3703,16651100,36500,516000,0,1500,0
save_load,0,16.6661,16.6687,2.5457,15758,433,814848865765,2.2742,1.4291,14.3790,16651500,36200,585200,0,1400,0
save_load,0,16.7319,16.6698,1.9313,15758,435,814849032452,2.2285,1.1153,14.4263,16715600,40500,575200,0,1400,0
save_load,0,16.6663,16.6669,2.3480,15758,435,814849199150,2.1063,1.0753,14.5450,16646600,38400,820200,0,1400,0
save_load,0,16.6657,16.6677,2.7802,15758,433,814849365819,2.1188,1.1518,14.5329,16649600,38300,711600,0,1300,0
save_load,0,16.6686,16.7331,2.2057,15758,435,814849532496,2.4376,1.0656,14.2782,16656200,34900,678500,0,1300,0
save_load,2,16.6671,16.6626,2.3337,40636,435,814849699827,2.5762,0.9848,14.0704,16650400,629800,748500,0,1300,0
save_load,0,16.6666,16.6640,2.6051,15868,435,814849866453,2.4780,0.9952,14.1718,16650100,39000,594100,0,1900,0
save_load,0,16.7077,16.6727,2.2641,15868,434,814850033093,2.2354,1.1929,14.4210,16692000,39200,795800,0,1500,0
save_load,0,16.6670,16.6671,1.8760,15868,435,814850199820,3.8272,1.1585,12.8233,16649800,40300,862200,0,1600,0
save_load,0,16.7210,16.6659,1.9067,15868,430,814850366491,2.5138,1.0746,14.1365,16712300,38800,944300,0,1500,0
save_load,0,16.6584,16.7092,2.4269,15868,432,814850533150,2.9403,2.0669,13.7519,16631800,38400,593000,0,1300,0
save_load,0,16.6775,16.6663,2.5682,15868,435,814850700242,3.7761,1.0833,12.8739,16683200,38000,539900,0,1700,0
save_load,0,16.6563,16.7295,2.4607,15868,435,814850866905,3.0892,1.4524,13.6232,16618300,38100,674300,0,1400,0
save_load,0,16.6670,16.6486,2.7412,15868,435,814851034200,2.3481,0.9353,14.2840,16650800,37900,573100,0,1500,0
save_load,0,16.6669,16.6995,1.8739,15868,435,814851200686,2.4357,1.2265,14.2477,16650500,39300,693000,0,1400,0
save_load,0,16.6696,16.6345,2.5098,15868,433,814851367681,3.1082,1.1607,13.5102,16654700,39300,957200,0,1400,0
save_load,0,16.6654,16.6677,2.1852,15868,435,814851534026,2.5354,1.0158,14.1156,16647700,40700,659900,0,2200,0
save_load,0,16.6664,16.6675,2.4812,15868,435,814851700703,2.4979,1.4675,14.1528,16648000,39300,572400,0,1500,0
save_load,0,16.6654,16.6711,2.8273,15868,434,814851867378,2.9657,1.6343,13.6893,16646500,39900,944600,0,1600,0
save_load,0,16.6664,16.6649,2.2702,15868,435,814852034089,3.0485,1.1526,13.5994,16650400,36500,687200,0,1400,0
save_load,0,16.6670,16.6660,2.4125,15868,435,814852200738,2.6005,1.0236,14.0479,16653800,38300,613600,1088300,1200,0
save_load,0,16.6811,16.6620,2.2456,15868,435,814852367398,2.8509,0.9691,13.7957,16687100,35400,947500,0,1200,0
save_load,0,16.7369,16.6646,2.4269,15868,435,814852534018,2.3931,1.5362,14.2574,16687000,35000,666500,0,1200,0
save_load,0,16.6572,16.6676,2.4996,15868,435,814852700664,2.3457,1.2265,14.3081,16618100,37100,496200,0,1400,0
save_load,0,16.6678,16.7163,2.1842,15868,435,814852867340,2.7451,0.8774,13.9424,16654200,34400,551900,0,1100,0
save_load,0,16.6648,16.7232,2.3757,15868,435,814853034503,2.3848,0.9318,14.3022,16648600,35100,522100,0,1400,0
save_load,0,16.6679,16.6370,2.1903,15868,435,814853201735,2.2849,1.4153,14.3333,16654700,33100,588500,0,1200,0
save_load,0,16.6698,16.6683,2.3613,15868,433,814853368105,2.1723,1.0033,14.4821,16658300,34100,748400,0,1300,0
save_load,0,16.6652,16.6618,2.3081,15868,435,814853534788,2.0821,0.8430,14.5665,16650100,36200,717700,0,1300,0
save_load,0,16.6661,16.6680,2.2446,15868,435,814853701406,2.2568,1.0374,14.3981,16650700,37100,724700,0,1600,0
save_load,0,16.6676,16.6715,1.8627,15868,434,814853868086,2.2938,1.0572,14.3646,16654000,37000,589000,0,1100,0
save_load,0,16.6682,16.6657,2.2753,15868,435,814854034801,2.4993,1.0770,14.1509,16654800,35600,543500,0,1300,0
save_load,0,16.6680,16.6646,1.8668,15868,434,814854201458,2.5586,1.2622,14.0923,16654200,37800,592900,0,1400,0
save_load,0,16.6663,16.6680,1.9313,15868,435,814854368104,2.7243,1.0365,13.9298,16649200,38800,531400,0,1500,0
save_load,0,16.6685,16.6705,1.9825,15868,435,814854534784,2.3154,1.5800,14.3395,16652900,45700,683700,0,1900,0
save_load,0,16.6653,16.6693,1.9999,15868,435,814854701489,2.3283,1.1311,14.3261,16649000,38900,1168700,0,1600,0
save_load,0,16.6652,16.6654,2.2815,15868,434,814854868182,2.4783,1.0726,14.1711,16647100,40800,659300,0,1700,0
save_load,0,16.6683,16.6696,1.9057,15868,433,814855034836,2.6034,1.1843,14.0498,16654000,35200,530300,0,1200,0
save_load,0,16.6670,16.6647,3.1457,15868,435,814855201532,3.0590,1.0808,13.5903,16732600,37000,702800,0,1500,0
save_load,0,16.6652,16.6629,2.2866,15868,435,814855368179,2.6534,1.3201,13.9937,16570600,35100,927200,0,1300,0
save_load,0,16.6658,16.6692,2.9051,15868,435,814855534808,2.4110,1.0011,14.2432,16647600,36600,625900,0,1300,0
save_load,0,16.6686,16.7467,2.4003,15868,435,814855701500,2.5338,1.1719,14.1988,16659700,34200,533200,0,1100,0
save_load,0,16.6686,16.5854,2.8180,15868,435,814855868967,2.5278,0.9725,14.0430,16657300,33800,593300,0,1200,0
save_load,0,16.6659,16.6600,3.2061,15868,435,814856034821,2.4461,1.3109,14.2014,16647300,42000,735100,0,1600,0
save_load,0,16.6675,16.6722,2.2047,15868,433,814856201421,2.1420,0.9588,14.5178,16654800,38000,593500,0,1400,0
save_load,0,16.9277,16.6719,2.8979,15868,435,814856368143,2.2349,1.1332,14.4225,16910500,35400,749800,0,1400,0
save_load,0,16.6377,16.6626,2.2303,15868,434,814856534862,2.8189,0.9960,13.8286,16624800,35200,692500,0,1600,0
save_load,0,16.6667,16.6704,2.9112,15868,435,814856701488,2.4473,1.1750,14.2076,16652600,36400,852100,0,1200,0
save_load,0,16.6647,16.9247,3.3731,15868,435,814856868192,2.6037,0.9214,14.3070,16649000,34100,807900,0,1300,0
save_load,0,16.6991,16.6386,2.0101,15868,435,814857037439,2.2633,1.0262,14.3617,16688400,32600,483500,0,900,0
save_load,0,16.6682,16.6662,2.8344,15868,434,814857203825,2.3939,1.0879,14.2589,16658600,33300,610000,0,1100,0
save_load,0,16.6662,16.6612,1.9599,15868,433,814857370487,2.4376,0.8898,14.2116,16649600,34200,720900,0,1000,0
save_load,0,16.6671,16.7006,1.9200,15868,435,814857537099,1.9957,1.1511,14.6927,16655800,33400,530600,0,1100,0
save_load,0,16.6664,16.6717,3.4437,15868,435,814857704105,2.6020,0.9198,14.0567,16653500,33300,601300,0,1100,0
save_load,0,16.6655,16.6621,2.2241,15868,432,814857870822,2.4001,0.8830,14.2497,16650200,32200,443200,0,1000,0
save_load,0,16.7991,16.6674,3.1949,15868,435,814858037443,2.2478,0.9402,14.4080,16800100,32100,461000,0,900,0
save_load,0,16.6596,16.6667,1.9292,15868,434,814858204117,2.3298,0.8738,14.3238,16639700,35200,559100,0,900,0
save_load,0,16.6652,16.6622,1.9988,15868,434,814858370784,2.0368,1.0372,14.6135,16649900,35200,558900,0,1400,0
save_load,0,16.6697,16.8120,2.2159,15868,435,814858537406,2.1905,0.8922,14.6097,16656800,33800,877500,0,1000,0
save_load,0,16.6680,16.6528,2.2733,15868,434,814858705526,2.2387,1.0132,14.4011,16650300,41200,664600,0,1200,0
save_load,0,16.6656,16.6642,1.9681,15868,435,814858872054,2.2814,0.9449,14.3685,16649100,38500,617300,0,1400,0
save_load,0,16.6670,16.6745,2.3214,15868,433,814859038696,2.4296,0.9901,14.2274,16653300,36800,543900,0,1000,0
save_load,0,16.6667,16.6657,1.9845,15868,435,814859205441,2.4830,1.0352,14.1674,16650600,38900,756600,0,1200,0
save_load,0,16.6681,16.6647,2.0347,15868,434,814859372098,2.3840,1.0115,14.2652,16654500,36500,540800,0,1100,0
save_load,0,16.7337,16.6680,1.9343,15868,435,814859538745,2.2344,1.0474,14.4191,16734100,36800,591900,0,1300,0
save_load,1,16.6617,16.6666,2.0081,37272,435,814859705425,2.6611,0.9765,13.9895,16596600,3449800,453900,0,1400,0
save_load,0,16.6720,16.6697,2.3624,15758,435,814859872091,2.6548,1.4411,13.9997,16684400,30600,631000,0,800,0
save_load,0,16.6510,16.7645,2.0367,15758,434,814860038788,2.3864,0.8587,14.3482,16581500,31700,820000,0,800,0
save_load,0,16.6706,16.6201,1.9763,15758,435,814860206433,5.5963,0.9005,11.0002,16665100,29700,452100,0,1000,0
save_load,0,16.6668,16.7127,1.9569,15758,435,814860372634,2.0167,1.0811,14.6679,16646600,35600,577200,0,1000,0
save_load,0,16.6663,16.6109,1.8790,15758,435,814860539761,2.4690,1.0334,14.1124,16652800,31800,548200,0,900,0
save_load,0,16.6690,16.6821,2.2835,15758,430,814860705870,1.8553,0.8930,14.8100,16656100,34300,665300,0,1300,0
save_load,0,16.6645,16.6602,2.1740,15758,434,814860872691,2.1870,1.0384,14.4598,16651000,36700,625800,0,1300,0
save_load,0,16.6669,16.6676,2.2374,15758,435,814861039293,2.3587,0.8269,14.2943,16649100,36300,521900,0,1100,0
save_load,0,16.6799,16.6713,2.2467,15758,435,814861205969,2.0832,0.9502,14.5731,16688700,36100,523300,0,900,0
save_load,0,16.8335,16.6659,1.9313,15758,435,814861372682,2.1691,1.2422,14.4820,16793600,32400,607500,0,800,0
save_load,0,16.6463,16.6618,2.2354,15758,435,814861539341,1.9117,0.8325,14.7375,16565300,31800,898300,0,1100,0
save_load,0,16.6694,16.7161,1.9159,15758,435,814861705959,2.1897,0.9361,14.4992,16664700,32200,634300,0,900,0
save_load,0,16.6656,16.8375,2.8621,15758,435,814861873120,2.1946,1.0928,14.5992,16646500,35300,1000400,0,1400,0
save_load,0,16.7148,16.6033,1.9517,15758,435,814862041495,2.7933,1.0529,13.7719,16720800,33700,615600,0,1200,0
save_load,0,17.1486,16.6780,1.8412,15758,435,814862207528,2.0698,1.1320,14.5952,17104000,32400,602300,0,900,0
save_load,0,16.6535,16.6605,2.2958,15758,429,814862374308,2.6035,1.0493,14.0431,16592200,32900,798600,0,1200,0
save_load,0,16.6674,16.7480,1.8862,15758,432,814862540913,2.2564,0.9342,14.4649,16650000,37700,687200,0,1400,0
save_load,0,16.6654,17.1458,2.3153,15758,434,814862708393,2.5969,1.0352,14.5073,16647600,34600,511200,0,1300,0
save_load,0,16.6676,16.6275,1.8432,15758,433,814862879851,2.6434,1.0270,13.9488,16655400,32800,502400,0,1300,0
save_load,0,16.6688,16.6652,1.8790,15758,433,814863046126,2.4821,0.8316,14.1680,16654100,37800,765600,0,1700,0
save_load,0,16.6928,16.6638,2.2139,15758,435,814863212778,2.1872,0.8817,14.4606,16678300,43700,706700,0,1900,0
save_load,0,16.6544,16.6703,2.2456,15758,435,814863379416,2.1269,1.4389,14.5286,16629100,39600,865000,0,1600,0
save_load,0,16.6681,16.6717,2.2221,15758,434,814863546119,2.7198,1.6260,13.9345,16651800,36300,769100,0,1100,0
save_load,0,16.6696,16.6943,1.9231,15758,433,814863712836,2.9048,1.2478,13.7737,16656400,36700,794600,0,1400,0
save_load,0,16.6654,16.6467,1.8964,15758,435,814863879779,2.8360,1.0003,13.7932,16647800,39100,602200,0,1500,0
save_load,0,16.6667,16.6679,2.2323,15758,435,814864046246,2.5480,1.0628,14.1039,16650800,38200,757600,0,1400,0
save_load,0,16.6654,16.6743,1.8616,15758,434,814864212925,2.5006,1.2498,14.1559,16649300,39400,604900,0,1500,0
save_load,0,16.6700,16.6635,2.6665,15758,435,814864379668,2.6738,1.0591,13.9742,16659700,37900,730100,0,1300,0
save_load,0,16.6646,16.6658,1.8627,15758,435,814864546303,2.9783,1.1414,13.6726,16645000,36800,549500,0,1300,0
save_load,0,16.6657,16.6623,1.9640,15758,435,814864712961,3.0922,1.1318,13.5573,16651600,36700,683900,0,1300,0
save_load,0,16.6789,16.6754,2.1740,15758,432,814864879584,2.6024,1.3704,14.0574,16669700,37100,743000,0,1100,0
save_load,0,16.6770,16.6599,1.9466,15758,435,814865046338,2.4738,1.0050,14.1714,16660200,37600,785900,0,1300,0
save_load,0,16.6656,16.6657,2.2159,15758,435,814865212937,2.6215,1.1110,14.0303,16649800,37500,737900,0,1500,0
save_load,0,16.6719,16.6833,1.9333,15758,433,814865379594,2.5891,1.0314,14.0808,16654800,40700,683300,0,1300,0
save_load,0,16.6645,16.6762,1.8534,15758,435,814865546427,2.8478,1.3829,13.8124,16647900,39700,867800,0,2000,0
save_load,0,16.6669,16.6654,2.2364,15758,435,814865713189,3.1825,1.0974,13.4675,16653800,38200,592700,0,1300,0
save_load,0,16.6696,16.6709,1.8913,15758,435,814865879843,2.7634,1.4224,13.8915,16657700,36600,906100,0,900,0
save_load,0,16.7330,16.6618,2.2548,15758,434,814866046552,2.9858,1.2649,13.6622,16718200,36200,774200,0,1300,0
save_load,0,16.6665,16.6673,1.8934,15758,435,814866213170,2.4098,1.2238,14.2440,16653000,39700,934200,0,1200,0
save_load,0,16.6658,16.6724,2.2589,15758,435,814866379843,2.7626,1.4454,13.8952,16648200,44400,886700,0,1900,0
save_load,0,16.6690,16.7333,2.1862,15758,435,814866546567,2.6593,1.0882,14.0590,16654800,40200,751000,0,1300,0
save_load,0,16.6677,16.6677,1.9261,15758,435,814866713900,2.6742,1.7200,13.9791,16652300,39300,944600,0,1600,0
save_load,0,16.6661,16.6631,2.9215,15758,435,814866880577,3.1940,1.3000,13.4544,16648100,38900,744900,0,1400,0
save_load,0,16.6646,16.6703,1.9425,15758,435,814867047208,2.8504,1.6413,13.8045,16644800,38300,2960800,939100,1500,0
save_load,0,16.6669,16.6710,1.8637,15758,435,814867213911,2.9615,1.1303,13.6912,16652600,36300,591700,0,1200,0
save_load,0,16.6662,16.6625,2.4822,15758,433,814867380621,2.8225,1.1857,13.8257,16654500,34000,511600,0,1200,0
save_load,0,16.6671,16.6609,1.8596,15758,435,814867547246,3.9915,1.0588,12.6534,16655700,32100,448400,0,900,0
save_load,0,16.6690,16.6655,1.9395,15758,434,814867713855,2.5109,1.2895,14.1418,16660500,31400,483200,0,800,0
save_load,0,16.6793,16.6660,1.8831,15758,431,814867880510,2.0769,0.9390,14.5776,16682200,37700,888800,0,1300,0
save_load,0,16.8967,16.6669,1.9190,15758,435,814868047170,2.0642,0.9085,14.5917,16837300,32400,531500,0,1100,0
save_load,0,16.6677,16.6736,1.8811,15758,435,814868213839,2.6414,1.1726,14.0193,16657300,32200,687600,0,900,0
save_load,0,16.6708,16.7094,1.9886,15758,435,814868380575,2.6007,1.6312,14.0816,16666400,31800,493900,0,1000,0
save_load,0,16.6692,16.8619,2.2129,15758,434,814868547669,2.1371,0.9923,14.7002,16645300,48800,787800,0,2000,0
save_load,0,16.6640,16.6687,2.0296,15758,435,814868716288,2.5189,1.1071,14.1385,16643900,41600,806100,0,1600,0
save_load,0,16.6675,16.6826,2.7054,15758,435,814868882975,2.5196,1.5501,14.1469,16650500,38700,1190400,0,1500,0
save_load,0,16.6683,16.6669,2.0204,15758,434,814869049801,3.6094,1.1358,13.0362,16654500,37400,575700,0,1600,0
save_load,0,16.6782,16.6608,1.8760,15758,435,814869216470,2.9316,1.1083,13.7127,16662400,38000,660000,0,1900,0
save_load,0,16.6662,16.6657,2.4177,15758,432,814869383078,2.8922,1.1963,13.7583,16651500,42100,691600,0,1300,0
save_load,0,16.6684,16.6703,1.8924,15758,434,814869549735,2.6287,1.1317,14.0260,16653900,37500,601500,0,1600,0
save_load,2,16.6664,16.6783,2.0429,40636,435,814869716438,2.5606,1.0242,14.1019,16645800,696000,698500,0,1700,0
save_load,0,16.6655,16.6660,1.9589,15868,433,814869883221,2.4214,1.5167,14.2303,16650600,38400,599400,0,1500,0
save_load,0,16.6649,16.6716,1.9190,15868,435,814870049881,2.1942,1.5928,14.4599,16646600,34700,660800,0,1300,0
save_load,0,16.8721,16.6616,2.5600,15868,435,814870216597,3.0189,1.1350,13.6271,16880900,31500,570900,0,1100,0
save_load,0,16.6569,16.6648,1.9743,15868,435,814870383213,2.2338,0.9730,14.4169,16600900,36900,919200,0,1300,0
save_load,0,16.6648,16.6587,1.9671,15868,435,814870549861,2.3039,0.9302,14.3427,16643600,47300,600200,0,1500,0
save_load,0,16.6935,16.9082,2.0275,15868,434,814870716448,2.1940,1.2759,14.6872,16676800,37800,611200,0,2200,0
save_load,0,16.6659,16.6349,2.3603,15868,435,814870885530,2.8379,1.4521,13.7631,16650700,39900,631100,0,1400,0
save_load,0,16.6747,16.6605,2.9030,15868,435,814871051879,3.1946,1.0232,13.4492,16697300,39200,577300,0,1500,0
save_load,0,16.6662,16.6927,1.8729,15868,435,814871218484,2.4615,1.6171,14.2155,16610500,39600,742700,0,1900,0
save_load,0,16.6655,16.6675,1.9681,15868,434,814871385411,2.3089,1.5595,14.3419,16646400,41100,638300,0,2000,0
save_load,0,16.6685,16.7136,1.9538,15868,435,814871552086,2.3955,1.0919,14.3018,16655300,43100,624400,0,1800,0
save_load,0,16.6671,16.6283,1.9446,15868,434,814871719222,2.5301,1.2556,14.0806,16646500,41000,556900,0,1800,0
save_load,0,16.7815,16.6623,2.1893,15868,435,814871885505,2.4594,1.5758,14.1872,16764700,38300,826300,0,1600,0
save_load,0,16.6677,16.6724,1.9548,15868,432,814872052128,2.6637,1.5721,13.9917,16652100,38200,931300,0,1500,0
save_load,0,16.8511,16.6631,2.1944,15868,435,814872218852,2.7447,1.1964,13.9019,16854800,38300,882300,0,2100,0
save_load,0,16.6527,16.7802,1.9436,15868,435,814872385483,2.5186,1.2180,14.2463,16585400,37200,688300,0,1200,0
save_load,0,16.7613,16.6694,1.9630,15868,435,814872553285,2.5835,1.2110,14.0687,16753400,44400,651800,0,1500,0
save_load,0,16.6559,16.8860,2.3398,15868,435,814872719979,2.8409,0.9808,14.0145,16574000,36500,526000,0,1200,0
save_load,0,16.6661,16.6194,1.9896,15868,435,814872888839,2.2797,1.0461,14.3057,16655600,33600,752600,0,1200,0
save_load,0,16.6840,16.7791,1.9436,15868,434,814873055033,2.7933,0.8971,13.9604,16692700,32100,755200,0,1000,0
save_load,0,16.6507,16.6302,2.1760,15868,435,814873222824,2.2795,0.9709,14.2945,16584000,57700,690000,0,1200,0
save_load,0,16.6926,16.6673,1.9220,15868,432,814873389126,2.2310,0.9620,14.4247,16702400,30400,558400,0,1100,0
save_load,0,16.6630,16.7208,2.2108,15868,433,814873555799,2.3049,0.9799,14.3883,16614500,33300,927700,0,1000,0
save_load,0,16.6557,16.6124,1.9712,15868,435,814873723007,2.4449,0.8320,14.1389,16608100,30900,483800,0,900,0
save_load,0,16.8348,16.7298,1.9456,15868,435,814873889131,2.0787,0.9174,14.6240,16821500,38900,669300,0,1000,0
save_load,0,16.6660,16.6627,2.0296,15868,433,814874056429,2.4435,0.9492,14.1711,16654900,31700,730600,0,10700,0
save_load,0,16.6683,16.6199,1.9323,15868,435,814874223056,2.1564,0.9653,14.4517,16659300,34900,600100,0,1100,0
save_load,0,16.6667,16.8336,2.2528,15868,435,814874389255,2.3060,1.0300,14.5155,16651200,36400,843400,0,1600,0
save_load,0,16.6660,16.6663,1.9005,15868,434,814874557591,2.2726,0.8604,14.3825,16652600,35100,704100,0,1700,0
save_load,0,16.6739,16.6729,2.2600,15868,425,814874724254,2.2931,1.0350,14.3663,16667300,35600,551500,0,1200,0
save_load,0,16.6616,16.6665,1.8749,15868,435,814874890983,2.8041,1.0493,13.8472,16633300,37200,604200,0,1800,0
save_load,0,16.6680,16.6650,1.9118,15868,435,814875057648,2.6125,1.0183,14.0402,16657300,37800,1023600,0,1700,0
save_load,0,16.6656,16.6860,3.2297,15868,435,814875224298,2.2173,1.4153,14.4501,16639500,38000,681800,0,1700,0
save_load,0,16.6680,16.6496,1.9231,15868,434,814875391158,2.4200,1.2937,14.2133,16654100,36700,663600,0,1400,0
save_load,0,16.6670,16.6721,1.9251,15868,435,814875557654,2.7123,1.0504,13.9451,16649800,37000,729200,0,1400,0
save_load,0,16.6656,16.6607,1.9354,15868,435,814875724375,2.4978,1.5367,14.1419,16651700,37200,650800,0,1400,0
save_load,0,16.6684,16.6696,1.8637,15868,435,814875890982,2.4813,0.9813,14.1729,16656500,38800,873100,0,1200,0
save_load,0,16.6677,16.6655,2.2630,15868,435,814876057678,2.6273,1.0154,14.0227,16654400,37900,677200,0,1700,0
save_load,0,16.6664,16.6646,1.8821,15868,435,814876224333,2.3761,1.1697,14.2757,16652000,37500,760200,0,1700,0
save_load,0,16.6663,16.6703,1.9313,15868,431,814876390979,2.6309,1.1250,14.0257,16648800,39500,602200,0,1600,0
save_load,0,16.6670,16.6691,1.8616,15868,435,814876557682,2.5181,1.1845,14.1365,16652900,40200,555600,0,1400,0
save_load,0,16.6670,16.6673,1.9620,15868,435,814876724373,2.7846,1.2144,13.8675,16651300,37800,959600,0,1200,0
save_load,0,16.6658,16.6650,2.5180,15868,433,814876891046,2.5964,1.3877,14.0526,16648200,38600,705000,0,1800,0
save_load,0,16.6692,16.6692,3.0054,15868,433,814877057696,2.3369,0.9875,14.3162,16658200,37300,601600,0,1300,0
save_load,0,16.6648,16.6665,1.8616,15868,435,814877224388,2.8457,1.1040,13.8058,16648200,37400,673700,0,1400,0
save_load,0,16.6680,16.6622,1.9323,15868,435,814877391053,2.6559,1.4511,13.9922,16655000,38100,590200,0,1300,0
save_load,0,16.6648,16.6720,1.8924,15868,435,814877557675,2.6979,1.0129,13.9605,16648400,34900,622600,0,1400,0
save_load,0,16.6753,16.6619,3.0177,15868,435,814877724395,2.5408,1.0176,14.1074,16673200,34900,1055500,0,1300,0
save_load,0,16.6610,16.6682,2.4023,15868,435,814877891014,2.3661,0.9425,14.2890,16635400,35400,637300,0,1500,0
save_load,0,16.6649,16.6610,2.2548,15868,434,814878057696,2.4204,1.1922,14.2280,16647600,36000,555600,0,1300,0
save_load,0,16.6683,16.6918,1.8708,15868,435,814878224306,2.7573,0.9436,13.9160,16659100,33300,512400,0,1300,0
save_load,0,16.6674,16.6484,1.9661,15868,435,814878391224,2.2986,1.0437,14.3369,16655300,35100,938500,0,1300,0
save_load,0,16.7152,16.6607,2.6327,15868,435,814878557708,2.3760,1.3180,14.2717,16699700,36000,609700,0,1300,0
save_load,0,16.7055,16.6713,2.4300,15868,435,814878724315,2.2652,1.1644,14.3940,16691300,38000,690000,0,1300,0
save_load,0,16.6665,16.6690,1.8688,15868,435,814878891028,2.6419,1.1937,14.0134,16653600,34100,628700,0,1400,0
save_load,0,16.6684,16.7135,2.4453,15868,430,814879057718,2.6221,1.1162,14.0777,16659500,34900,840800,0,1200,0
save_load,0,16.6674,16.7043,1.8524,15868,435,814879224853,2.6951,0.9476,13.9964,16654600,35100,917100,0,1500,0
save_load,0,16.7030,16.6635,2.7505,15868,435,814879391896,2.4509,1.1100,14.2029,16693700,35500,588700,0,1200,0
save_load,0,16.6647,16.6723,2.3736,15868,435,814879558531,2.6254,1.0935,14.0342,16645500,37300,701500,0,1300,0
save_load,1,16.6667,16.6670,1.9364,37368,435,814879725254,2.6830,0.9464,13.9717,16654400,3190700,605100,0,1800,0
save_load,0,16.6662,16.7077,2.4023,15758,434,814879891924,2.2674,1.0279,14.4266,16651600,35000,569800,0,1300,0
save_load,0,16.6682,16.6597,2.2426,15758,434,814880059001,2.7013,0.9708,13.9443,16659100,34300,585800,0,1200,0
save_load,0,16.7061,16.6680,2.2118,15758,435,814880225598,5.2681,1.3788,11.3864,16701100,35200,699300,0,1500,0
save_load,0,16.6578,16.6636,1.9261,15758,434,814880392278,2.1154,0.9614,14.5364,16638000,36600,563200,0,1100,0
save_load,0,16.6685,16.6714,1.8708,15758,435,814880558914,2.1797,0.9259,14.4796,16655100,36400,607700,0,1200,0
save_load,0,16.6667,16.7136,1.9548,15758,435,814880725628,2.1640,1.1321,14.5373,16648100,40300,599900,0,1200,0
save_load,0,16.6660,16.6516,1.8842,15758,435,814880892764,2.1164,1.1751,14.5217,16650500,37300,551700,0,1400,0
save_load,0,16.6686,16.6713,2.2927,15758,435,814881059280,2.3206,1.4972,14.3348,16653900,40000,973200,0,1400,0
save_load,0,16.6641,16.6653,1.8524,15758,435,814881225993,2.1293,1.0563,14.5189,16651200,38000,796800,0,1500,0
save_load,0,16.6680,16.6648,1.9763,15758,435,814881392646,2.3032,1.2333,14.3474,16650800,36800,859300,0,1200,0
save_load,0,16.6697,16.6694,1.8668,15758,435,814881559294,2.4747,1.0102,14.1795,16658600,35900,944400,0,1400,0
save_load,0,16.6709,16.6656,1.9159,15758,435,814881725988,2.2099,1.1761,14.4413,16657800,38000,593000,0,1300,0
save_load,0,16.6965,16.6648,2.1658,15758,435,814881892644,2.5609,1.1944,14.0900,16673500,37100,577900,0,1200,0
save_load,0,16.6670,16.6752,1.9558,15758,435,814882059292,2.6677,1.4249,13.9910,16651200,36600,657700,0,1400,0
save_load,0,16.6649,16.6746,1.8954,15758,435,814882226044,2.1234,1.0745,14.5345,16647700,36700,1768500,916700,1400,0
save_load,0,16.6695,16.6892,2.0111,15758,435,814882392790,2.1086,1.1786,14.5651,16659200,35800,718100,0,1300,0
save_load,0,16.6652,16.6668,1.9784,15758,432,814882559682,2.1920,1.1235,14.4593,16645600,38700,989400,0,1300,0
save_load,0,16.6647,16.6621,2.2692,15758,435,814882726350,3.2872,1.1154,13.3605,16645100,35700,848700,0,1000,0
save_load,0,16.6669,16.6742,2.5334,15758,431,814882892971,2.4833,1.0119,14.1760,16657400,32000,588400,0,900,0
save_load,0,16.7615,16.6623,2.3347,15758,435,814883059713,2.7472,1.0934,13.8985,16757800,36500,578000,0,900,0
save_load,0,16.6608,16.6583,1.9640,15758,435,814883226336,2.3176,0.8513,14.3275,16639600,36000,757700,0,1300,0
save_load,0,16.6678,16.6671,1.9712,15758,434,814883392919,1.9728,0.8952,14.6848,16656600,32700,479100,0,1000,0
save_load,0,16.7616,16.7712,1.9497,15758,432,814883559590,2.0772,1.0270,14.6807,16749300,32500,575800,0,900,0
save_load,0,16.6670,16.6530,2.4822,15758,432,814883727302,4.0696,0.8948,12.5701,16654100,32500,517900,0,900,0
save_load,0,16.6652,16.6685,1.9139,15758,434,814883893832,2.0463,0.9105,14.6103,16650700,31600,578300,0,900,0
save_load,0,16.7546,16.7611,2.0244,15758,435,814884060517,2.0235,0.9011,14.7259,16747700,27800,551500,0,1000,0
save_load,0,16.6726,16.6654,1.9538,15758,434,814884228128,1.8775,0.8807,14.7766,16667000,42800,875000,0,1000,0
save_load,0,16.6661,16.6596,2.2979,15758,435,814884394782,1.9248,0.8221,14.7260,16651000,32100,509600,0,1300,0
save_load,0,16.6811,16.7587,1.9548,15758,435,814884561378,1.7324,1.0754,15.0153,16661500,36600,568500,0,1200,0
save_load,0,16.6514,16.6789,2.3101,15758,430,814884728965,2.0719,1.0316,14.5952,16636000,32900,507100,0,900,0
save_load,0,16.6655,16.6679,1.8934,15758,435,814884895754,2.4204,0.9776,14.2307,16654100,31300,568100,0,1000,0
save_load,0,17.1364,16.6765,2.0224,15758,434,814885062433,2.8782,0.8249,13.7833,17142700,30400,478100,0,700,0
save_load,0,16.6703,16.6488,2.1852,15758,435,814885229198,2.1828,1.0178,14.4533,16639800,30800,959500,0,1000,0
save_load,0,16.6474,16.6638,2.2866,15758,434,814885395686,2.2980,1.3289,14.3563,16576300,73700,647700,0,800,0
save_load,0,16.6701,17.1738,2.2344,15758,435,814885562324,2.0242,0.9229,15.1189,16661800,30200,437900,0,700,0
save_load,0,16.6647,16.6722,2.0244,15758,432,814885734062,2.3957,1.1283,14.2444,16651500,30600,432300,0,800,0
save_load,0,16.6675,16.6079,1.8668,15758,434,814885900784,2.5780,0.8120,13.9982,16657100,35600,425000,0,900,0
save_load,0,16.6714,16.6745,1.9804,15758,435,814886066863,2.3165,0.8800,14.3455,16663500,31700,938300,0,1000,0
save_load,0,16.6672,16.6637,1.9538,15758,435,814886233608,2.1803,0.8937,14.4712,16647900,40300,801100,0,1500,0
save_load,0,16.6637,16.6674,2.5303,15758,434,814886400245,2.0660,1.2094,14.5912,16643800,36400,756200,0,1400,0
save_load,0,16.6670,16.6786,1.9825,15758,434,814886566919,2.6876,1.2221,13.9761,16653800,35600,957400,0,1300,0
save_load,0,16.6845,16.6680,2.7013,15758,433,814886733705,3.0552,0.9670,13.5928,16672300,35600,596200,0,1300,0
save_load,0,16.6671,16.6586,2.7075,15758,435,814886900385,2.6132,1.1977,14.0306,16645600,36000,670700,0,1100,0
save_load,0,16.6666,16.6686,2.3235,15758,435,814887066971,2.7332,1.1083,13.9208,16655100,32700,542700,0,900,0
save_load,0,16.6692,16.6908,2.4924,15758,435,814887233657,2.5927,1.4891,14.0797,16658000,33700,674800,0,1000,0
save_load,0,16.6652,16.6582,2.4934,15758,435,814887400565,2.3748,1.0616,14.2708,16650500,34200,545100,0,1200,0
save_load,0,16.6666,16.6666,1.8442,15758,434,814887567147,2.4266,1.1478,14.2285,16653500,33100,488000,0,1000,0
save_load,0,16.6658,16.6711,2.3511,15758,434,814887733813,2.7455,0.8343,13.9126,16652900,32700,496800,0,1000,0
save_load,0,16.6678,16.6638,1.9333,15758,435,814887900524,2.2228,0.9408,14.4279,16658100,33400,456200,0,1000,0
save_load,0,16.6704,16.6652,2.3511,15758,434,814888067162,2.0797,0.8281,14.5739,16660200,32900,474400,0,900,0
save_load,0,16.6656,16.6644,1.9436,15758,435,814888233814,2.1107,0.8728,14.5422,16653100,31900,467200,0,1000,0
save_load,0,16.7654,16.6689,1.9620,15758,435,814888400458,2.1195,0.9805,14.5387,16768000,32000,636800,0,900,0
save_load,0,16.6547,16.6719,2.2897,15758,434,814888567147,2.1743,1.1294,14.4859,16605000,29400,518500,0,1000,0
save_load,0,16.6824,16.6635,2.3685,15758,435,814888733866,2.0406,0.8512,14.6125,16693400,31300,470900,0,800,0
save_load,0,16.6530,16.7930,2.1924,15758,435,814888900501,2.0481,0.7410,14.7202,16595100,31700,553900,0,800,0
save_load,0,16.8539,16.6255,2.3583,15758,435,814889068431,2.0979,0.9966,14.5070,16844500,32100,633400,0,1100,0
save_load,0,16.6668,16.7203,1.8893,15758,435,814889234686,2.1747,0.8221,14.5190,16655700,30800,538200,0,900,0
save_load,0,16.6678,16.6149,1.9517,15758,435,814889401889,2.1800,0.8649,14.4151,16658900,32000,921700,0,900,0
save_load,0,16.6665,16.8544,1.8852,15758,431,814889568038,2.3164,0.8046,14.5283,16656000,32400,625100,0,1000,0
save_load,2,16.6692,16.6664,2.2057,40732,435,814889736582,2.0347,0.8975,14.6213,16658600,597900,572300,0,1300,0
save_load,0,16.6675,16.6692,1.8739,15868,435,814889903246,2.2635,0.9362,14.3955,16655500,34700,624000,0,1300,0
save_load,0,16.6711,16.6676,2.2774,15868,435,814890069938,2.4297,0.8760,14.2266,16661400,35600,958200,0,1800,0
save_load,0,16.6660,16.6721,2.3020,15868,435,814890236614,2.8556,0.8663,13.8030,16643100,47000,782300,0,1500,0
save_load,0,16.6682,16.6698,2.3869,15868,433,814890403335,2.2289,1.0550,14.4267,16650800,57200,832900,0,1500,0
save_load,0,16.6671,16.6805,2.2180,15868,431,814890570033,2.7459,1.0980,13.9158,16648600,45400,1071100,0,1900,0
save_load,0,16.6671,16.6624,2.4412,15868,435,814890736838,2.7733,1.1241,13.8699,16647300,48400,943100,0,1500,0
save_load,0,16.6636,16.6700,2.2118,15868,432,814890903462,2.9487,1.6468,13.7023,16634700,87700,1139600,0,1800,0
save_load,0,16.6687,16.6708,1.9128,15868,435,814891070162,3.0942,1.2746,13.5546,16653400,41600,623500,0,1600,0
save_load,0,16.6681,16.6688,2.3163,15868,433,814891236870,3.4988,1.3856,13.1486,16666700,38800,682300,0,1500,0
save_load,0,16.6651,16.6528,2.2917,15868,435,814891403558,3.1080,0.9978,13.5269,16633800,43800,610900,0,1600,0
save_load,0,16.6691,16.6710,1.8924,15868,435,814891570086,2.5855,1.0937,14.0681,16649500,38400,551300,0,1400,0
save_load,0,16.6670,16.6839,1.9395,15868,435,814891736796,2.4853,1.6789,14.1815,16645100,44200,894100,0,1400,0
save_load,0,16.6636,16.6532,1.9087,15868,435,814891903635,2.5972,1.0975,14.0366,16643500,45800,700800,0,1900,0
save_load,0,16.6695,16.6693,2.3951,15868,435,814892070167,2.6324,1.0768,14.0174,16653100,38200,749200,0,1300,0
save_load,0,16.6668,16.6633,2.1811,15868,434,814892236860,2.7541,1.0555,13.8912,16653900,39300,786700,0,2000,0
save_load,0,16.6688,16.6604,1.9108,15868,435,814892403493,2.6661,1.1463,13.9776,16651000,43400,728800,0,1400,0
save_load,0,16.6664,16.6686,1.8811,15868,435,814892570097,2.7322,1.0297,13.9210,16645500,41800,661200,0,1700,0
save_load,0,16.6650,16.6732,1.9722,15868,435,814892736783,2.6036,1.2193,14.0504,16644100,44300,1053700,0,2100,0
save_load,0,16.6677,16.6686,2.3040,15868,432,814892903515,2.5903,1.0175,14.0609,16652300,38600,695000,0,1300,0
save_load,0,16.6670,16.6655,1.9538,15868,433,814893070201,2.6777,1.3004,13.9680,16651200,40700,684900,0,1500,0
save_load,0,16.6696,16.6601,1.8698,15868,435,814893236856,3.3721,1.0718,13.2722,16653100,45100,661300,0,1400,0
save_load,0,16.6719,16.6688,1.9395,15868,435,814893403457,2.7311,1.0759,13.9215,16650000,43900,703800,0,1300,0
save_load,0,16.6630,16.6697,1.8975,15868,435,814893570145,2.7100,1.6115,13.9414,16643100,39400,703800,0,1700,0
save_load,0,16.6687,16.6727,1.9466,15868,434,814893736842,2.4886,1.0729,14.1647,16653400,37600,570100,0,1500,0
save_load,0,16.6680,16.6690,2.2508,15868,435,814893903569,2.4318,1.0410,14.2184,16652600,40100,1230000,0,1600,0
save_load,0,16.6655,16.6591,1.9814,15868,433,814894070259,2.5700,1.3089,14.0733,16646200,42100,772000,0,1800,0
save_load,0,16.6662,16.6706,2.2200,15868,434,814894236850,2.5977,1.0443,14.0559,16646300,41300,696200,0,1300,0
save_load,0,16.6673,16.6721,1.9517,15868,435,814894403556,2.9349,1.2071,13.7179,16650600,37100,534500,0,1400,0
save_load,0,16.6696,16.6638,2.5713,15868,435,814894570277,2.8239,0.9253,13.8225,16655400,36900,666500,0,2000,0
save_load,0,16.6650,16.6625,2.2856,15868,435,814894736915,2.3266,0.9395,14.3198,16648000,36900,657100,0,1500,0
save_load,0,16.6686,16.6673,1.8637,15868,435,814894903540,2.3659,1.0513,14.2848,16652200,40100,887200,0,1400,0
save_load,0,16.6625,16.6722,1.9292,15868,435,814895070213,2.5051,1.0352,14.1505,16638600,46100,685400,0,1700,0
save_load,0,16.6708,16.6657,1.8852,15868,435,814895236935,2.7342,1.6457,13.9139,16655400,43800,749200,0,1200,0
save_load,0,16.6626,16.6711,1.9876,15868,431,814895403592,3.0139,0.9862,13.6384,16642600,41600,721400,0,1300,0
save_load,0,16.6680,16.6554,2.5098,15868,435,814895570303,2.5055,0.9154,14.1332,16656400,35000,622000,0,1100,0
save_load,0,16.6705,16.6736,1.9302,15868,435,814895736857,2.4043,0.9855,14.2513,16658200,34800,570100,0,1200,0
save_load,0,16.6644,16.6561,1.8678,15868,435,814895903593,2.4447,1.2779,14.1979,16645000,41200,638700,0,1400,0
save_load,0,16.6655,16.6707,1.9364,15868,434,814896070154,2.1035,0.9054,14.5532,16648600,36100,557400,0,1400,0
save_load,0,16.6651,16.6740,1.9180,15868,435,814896236861,2.2134,0.8969,14.4449,16648900,34600,586300,0,1000,0
save_load,0,16.6707,16.6611,2.2538,15868,434,814896403601,2.2224,1.3347,14.4228,16665700,31200,500000,0,800,0
save_load,0,16.6682,16.6639,1.9866,15868,435,814896570212,2.1411,0.8630,14.5076,16651600,40800,1231400,0,1100,0
save_load,0,16.6902,16.6603,2.0316,15868,435,814896736851,2.1633,1.2626,14.4856,16674900,35200,628000,0,1200,0
save_load,0,16.6434,16.6793,1.9558,15868,434,814896903454,1.9243,1.5351,14.7416,16627600,36500,594200,0,1300,0
save_load,0,16.6709,16.6678,2.0019,15868,434,814897070247,3.4247,0.9417,13.2271,16652400,37300,592500,0,1600,0
save_load,0,16.6645,16.6910,2.2845,15868,435,814897236925,2.2508,0.9376,14.4242,16650200,36000,651400,0,1600,0
save_load,0,16.6666,16.6446,2.4033,15868,435,814897403835,2.2815,0.9680,14.3463,16645300,41300,666400,0,1700,0
save_load,0,16.6682,16.6682,1.9476,15868,435,814897570281,2.3881,0.9123,14.2644,16651700,38600,2122500,777200,1400,0
save_load,0,16.6685,16.6694,2.0265,15868,435,814897736963,2.3100,1.2724,14.3403,16655800,36400,565400,0,1200,0
save_load,0,16.6649,16.6617,1.9743,15868,431,814897903657,2.7162,1.4207,13.9293,16642400,37200,541100,0,1600,0
save_load,0,16.6669,16.6685,2.2886,15868,435,814898070274,3.1339,0.9057,13.5180,16652200,38000,524700,0,1200,0
save_load,0,16.6708,16.6744,1.9589,15868,434,814898236959,2.2693,0.9397,14.3866,16655700,41800,741700,0,1200,0
save_load,0,16.6643,16.6604,2.0337,15868,435,814898403703,2.3618,0.9225,14.2808,16641000,43100,708500,0,1600,0
save_load,0,16.6665,16.6704,1.9722,15868,434,814898570307,2.1652,1.0410,14.4871,16648100,42400,811900,0,1600,0
save_load,0,16.6661,16.6740,2.0204,15868,435,814898737011,2.4470,1.0756,14.2090,16646800,40100,592000,0,1200,0
save_load,0,16.6678,16.6594,2.3450,15868,435,814898903751,2.6621,1.0548,13.9792,16651100,38700,699500,0,1400,0
save_load,0,16.6674,16.6677,2.0316,15868,435,814899070345,2.4377,1.0216,14.2105,16652700,37800,666700,0,1600,0
save_load,0,16.6644,16.6626,1.9722,15868,435,814899237022,2.6701,0.9768,13.9767,16642200,40700,793200,0,1500,0
save_load,0,16.7495,16.6680,2.0388,15868,434,814899403648,2.6609,1.5645,13.9904,16741800,42800,477200,0,1500,0
save_load,0,16.6665,16.6710,2.4146,15868,435,814899570328,2.4935,1.0399,14.1594,16619600,52200,771000,0,2400,0
save_load,1,16.6626,16.6586,2.2641,37272,433,814899737038,2.4801,1.0270,14.1623,16640400,4702000,626000,0,2800,0
save_load,0,16.6690,16.7808,2.8221,15758,434,814899903624,2.3147,1.1512,14.4272,16640700,41400,705300,0,1800,0
save_load,0,16.6657,16.6443,2.0838,15758,434,814900071432,3.3101,1.2707,13.3096,16645000,44300,730400,0,1600,0
save_load,0,16.7254,16.6588,3.1304,15758,434,814900237875,7.8398,1.0788,8.8009,16707400,42700,674600,0,1500,0
save_load,0,16.6674,16.6719,2.9573,15758,434,814900404463,2.9945,1.1364,13.6464,16649300,38700,585600,0,1200,0
save_load,0,16.7367,16.6640,2.2190,15758,434,814900571182,2.6030,1.2185,14.0424,16725600,39100,967400,0,1100,0
save_load,0,16.6557,16.7251,2.9635,15758,433,814900737822,2.6962,0.9840,14.0114,16629000,38100,696100,0,1400,0
save_load,0,16.6698,16.6681,2.3194,15758,432,814900905073,2.4773,1.1639,14.1721,16650900,47600,779700,0,1400,0
save_load,0,16.6683,16.7447,2.8969,15758,435,814901071754,3.0828,1.0389,13.6432,16647500,50300,953700,0,1800,0
save_load,0,16.6636,16.6475,3.2543,15758,433,814901239201,2.5454,1.5858,14.0840,16644000,43400,847800,0,1800,0
save_load,0,16.6670,16.6710,1.9436,15758,435,814901405676,2.7688,1.4822,13.8824,16646200,48300,602700,0,1700,0
save_load,0,16.6687,16.6670,1.9692,15758,435,814901572386,3.2593,1.6940,13.3884,16656000,41500,1089500,0,1600,0
save_load,0,16.6676,16.6647,3.0239,15758,434,814901739056,2.9950,1.5445,13.6492,16646900,54900,850200,0,2300,0
save_load,0,16.6674,16.6655,1.9702,15758,427,814901905703,2.8555,1.4186,13.7909,16640400,51500,933800,0,1800,0
save_load,0,16.6668,16.6744,1.9814,15758,435,814902072358,3.9765,1.2779,12.6797,16649900,47000,720100,0,3000,0
save_load,0,16.6657,16.6697,1.9599,15758,435,814902239102,3.3069,1.4281,13.3403,16640200,49700,717300,0,1800,0
save_load,0,16.7382,16.6611,1.9722,15758,435,814902405799,3.6704,1.1882,12.9702,16720500,42700,746100,0,3100,0
save_load,0,16.6655,16.6710,2.2211,15758,435,814902572410,3.0060,1.5650,13.6440,16638700,49700,1549300,0,3200,0
save_load,0,16.6815,16.6608,1.9548,15758,435,814902739120,3.4135,2.0858,13.2269,16660800,43500,1457600,0,1800,0
save_load,0,16.6664,16.7451,2.2211,15758,435,814902905728,3.3068,1.8459,13.4141,16647700,43700,841800,0,1800,0
save_load,0,16.6696,16.6588,1.9210,15758,435,814903073179,4.5286,1.6478,12.1103,16648600,47100,1504800,0,2000,0
save_load,0,16.6652,16.6816,1.9149,15758,435,814903239767,3.9211,1.2063,12.7400,16641100,58700,1679700,0,2200,0
save_load,0,16.6673,16.6698,2.2579,15758,435,814903406583,3.0749,1.7193,13.5731,16647300,47400,1094600,0,1800,0
save_load,0,16.6648,16.6702,1.8872,15758,435,814903573281,3.9237,2.2348,12.7251,16634100,63300,743700,0,2000,0
save_load,0,16.6687,16.6618,2.2692,15758,435,814903739983,4.5237,1.2367,12.1176,16652700,44100,941100,0,1800,0
save_load,0,16.6681,16.6707,2.1924,15758,435,814903906601,3.4541,1.1313,13.1934,16648300,44300,729100,0,2000,0
save_load,0,16.6652,16.6570,1.9302,15758,435,814904073308,2.8935,1.3635,13.7408,16646100,46600,1285100,0,1900,0
save_load,0,16.6695,16.6717,2.2088,15758,435,814904239878,3.3160,1.8883,13.3369,16651300,46500,865500,0,1500,0
save_load,0,16.6654,16.6677,1.9374,15758,434,814904406595,2.9680,1.9928,13.6805,16647400,45100,942000,0,1600,0
save_load,0,16.6653,16.6657,1.8893,15758,431,814904573272,4.1638,1.3095,12.4826,16640900,52900,1141500,0,1400,0
save_load,0,16.6720,16.6714,2.2630,15758,434,814904739929,2.8143,1.3162,13.8373,16658800,46300,730300,0,2000,0
save_load,0,16.6638,16.6674,1.8668,15758,435,814904906643,3.1594,1.6582,13.4881,16636000,50100,701700,0,1900,0
save_load,0,16.6680,16.6601,2.2651,15758,435,814905073317,3.5619,1.7288,13.0792,16645200,46900,1292200,0,1900,0
save_load,0,16.6665,16.6806,1.8975,15758,435,814905239918,3.3211,1.8063,13.3378,16646000,44700,698100,0,1600,0
save_load,0,16.6674,16.6583,2.2620,15758,435,814905406724,3.5874,1.7471,13.0488,16649400,43100,1039600,0,1900,0
save_load,0,16.6670,16.6664,1.8903,15758,435,814905573307,4.0667,1.7439,12.5786,16649900,43800,1698800,0,2100,0
save_load,0,16.6683,16.6643,1.9046,15758,435,814905739971,2.9699,1.3967,13.6763,16648500,52300,1648300,0,1700,0
save_load,0,16.6719,16.6690,2.2098,15758,434,814905906614,3.6962,1.9352,12.9535,16644600,64100,872300,0,2600,0
save_load,0,16.7142,16.6712,1.9200,15758,435,814906073304,3.9961,2.2342,12.6541,16680900,60300,1236500,0,2100,0
save_load,0,16.6674,16.6733,2.2190,15758,435,814906240016,4.4010,1.4013,12.2476,16648900,42700,1425400,0,1700,0
save_load,0,16.6671,16.6739,1.9640,15758,434,814906406749,3.9353,1.9770,12.7095,16647500,43000,716200,0,1800,0
save_load,0,16.6846,16.7018,1.8770,15758,433,814906573488,3.8474,1.3443,12.8337,16695800,38400,627800,0,1500,0
save_load,0,16.6665,16.6673,2.2825,15758,435,814906740506,3.3657,1.1409,13.2834,16620500,42200,753400,0,1500,0
save_load,0,16.7529,16.6642,1.8872,15758,434,814906907179,2.7352,1.9884,13.9123,16738000,40800,876100,0,1600,0
save_load,0,16.7350,16.7144,1.9497,15758,434,814907073821,2.5875,1.0758,14.1084,16716000,40800,888700,0,1400,0
save_load,0,16.6715,16.6370,2.1883,15758,433,814907240965,2.5262,1.2438,14.0943,16642900,44800,950900,0,1600,0
save_load,0,16.6982,16.7577,1.8862,15758,435,814907407335,2.8994,1.2053,13.8387,16668300,43300,805600,0,1600,0
save_load,0,16.6877,16.7448,2.5866,15758,434,814907574912,2.9884,1.5187,13.7279,16680300,39600,555700,0,2000,0
save_load,0,16.7120,16.6663,1.9548,15758,435,814907742360,3.4292,1.6292,13.2138,16686000,38500,738300,0,1400,0
save_load,0,16.6648,16.6900,1.9036,15758,425,814907909023,3.2858,1.4702,13.3825,16646200,39700,715000,0,1400,0
save_load,0,16.6699,16.6966,2.2610,15758,435,814908075923,2.5610,1.0577,14.1194,16657500,37100,604300,0,1300,0
save_load,0,16.6654,16.7030,1.8801,15758,435,814908242889,2.4435,1.0930,14.2426,16645000,39400,1075300,0,1600,0
save_load,0,16.6680,16.6619,1.9036,15758,433,814908409919,2.7365,1.1154,13.9098,16658200,35900,608900,0,1400,0
save_load,0,16.6652,16.6734,1.8739,15758,435,814908576538,2.3911,1.2151,14.2667,16647000,38400,807100,0,1500,0
save_load,0,16.6678,16.6593,1.8954,15758,435,814908743272,2.8069,0.9821,13.8382,16654200,36900,602900,0,1400,0
save_load,0,16.6658,16.6722,1.8780,15758,435,814908909865,2.2987,1.2173,14.3597,16647200,38300,740500,0,1400,0
save_load,0,16.6694,16.6623,1.9569,15758,430,814909076587,2.6493,0.9727,13.9979,16657100,35700,522500,0,1200,0
save_load,0,16.6642,16.6703,2.1832,15758,435,814909243210,2.3590,0.9589,14.2953,16646100,35500,462700,0,1400,0
save_load,0,16.8627,16.6618,1.9558,15758,435,814909409913,2.5532,1.4549,14.0941,16880900,39200,803400,0,1100,0
save_load,0,16.6511,16.6722,1.8698,15758,433,814909576531,2.2727,1.2339,14.3846,16565100,50000,810900,0,1800,0
save_load,2,16.6678,16.6597,1.9415,40636,433,814909743253,2.2238,1.5626,14.4224,16652600,725000,530900,0,1700,0
save_load,0,16.6686,16.9178,1.8770,15868,428,814909909850,2.7387,1.0135,14.1427,16655100,34700,795300,0,1300,0
save_load,0,16.6776,16.5998,2.2282,15868,435,814910079028,2.6172,1.1046,13.9477,16676200,38700,639800,0,1500,0
save_load,0,16.6565,16.6679,1.9118,15868,435,814910245026,3.1453,1.1352,13.5075,16614300,35000,618000,0,1100,0
save_load,0,16.6642,16.6723,2.0367,15868,434,814910411705,2.4470,0.9832,14.2083,16643800,40500,527600,0,1400,0
save_load,0,16.6689,16.7027,2.2262,15868,435,814910578428,2.5739,0.9269,14.1026,16656900,35600,592200,0,1000,0
save_load,0,16.6666,16.6309,2.0173,15868,435,814910745455,2.1637,1.9386,14.4509,16651300,34700,691200,0,1200,0
save_load,0,16.6676,16.6585,2.1975,15868,433,814910911764,2.3178,0.8852,14.3262,16653400,35200,602600,0,1400,0
save_load,0,16.6674,16.6714,1.9261,15868,434,814911078349,2.2105,0.9603,14.4466,16651100,41400,677400,0,1700,0
save_load,0,16.6669,16.6668,1.9395,15868,432,814911245063,2.3957,0.8804,14.2558,16651900,37900,537000,0,1300,0
save_load,0,16.6678,16.6691,2.0347,15868,435,814911411731,2.2190,0.9615,14.4345,16651700,38000,607500,0,1500,0
save_load,0,16.6670,16.6667,1.9436,15868,435,814911578422,2.5958,1.0536,14.0554,16650300,41900,615300,0,2000,0
save_load,0,16.6657,16.6679,2.3593,15868,434,814911745089,2.3393,1.5765,14.3128,16827400,39700,646600,0,1500,0
save_load,0,16.6671,16.6682,1.9538,15868,435,814911911768,2.1001,1.6726,14.5518,16472300,40100,691800,0,1600,0
save_load,0,16.6670,16.6671,2.0173,15868,435,814912078450,3.0846,1.6321,13.5658,16646200,42600,627600,0,1400,0
save_load,0,16.6668,16.8444,1.8657,15868,433,814912245121,2.7257,1.3400,14.1019,16652500,35600,588000,0,1300,0
save_load,0,16.6664,16.4901,2.0204,15868,435,814912413565,2.5688,1.0498,13.9037,16649700,37100,521800,0,1200,0
save_load,0,16.6839,16.6632,2.1934,15868,435,814912578466,2.2295,1.4422,14.4169,16690600,34400,523000,0,1300,0
save_load,0,16.6508,16.6678,2.0152,15868,434,814912745098,1.9901,1.4075,14.6625,16581800,35900,2147500,1062700,1100,0
save_load,0,16.6714,16.6661,1.9364,15868,435,814912911776,1.9908,0.8871,14.6591,16663000,38300,579200,0,1300,0
save_load,0,16.8283,16.7238,2.0296,15868,435,814913078437,1.9410,1.0555,14.7499,16802100,58700,725800,0,2300,0
save_load,0,16.6564,16.6106,1.9374,15868,413,814913245675,3.5988,1.6249,12.9831,16620400,66300,2015000,0,1700,0
save_load,0,16.6659,16.6826,2.2661,15868,435,814913411781,2.3085,1.6302,14.3548,16645400,48000,699200,0,1800,0
save_load,0,16.6677,16.8387,1.9692,15868,435,814913578607,3.3062,1.7629,13.4959,16653900,38900,662400,0,1500,0
save_load,0,16.6651,16.6408,1.9958,15868,435,814913746994,4.2409,1.3664,12.3797,16642500,41600,684200,0,2000,0
save_load,0,16.6678,16.6619,1.8555,15868,434,814913913402,2.8682,1.2875,13.7773,16651400,39000,795800,0,1500,0
save_load,0,16.6659,16.6720,2.0275,15868,434,814914080021,2.6604,1.6674,13.9937,16647500,43200,1013100,0,2100,0
save_load,0,16.6684,16.6601,2.2610,15868,434,814914246741,2.7643,1.1718,13.8783,16653800,39700,1161800,0,1400,0
save_load,0,16.6673,16.6680,1.9466,15868,434,814914413342,2.7743,1.3890,13.8773,16645600,43000,779100,0,2100,0
save_load,0,16.6663,16.6655,1.8729,15868,433,814914580022,3.0076,1.1453,13.6400,16650000,38300,952300,0,1900,0
save_load,0,16.6673,16.6712,2.0152,15868,435,814914746677,2.9691,1.1606,13.6849,16650300,40300,657500,0,1500,0
save_load,0,16.8685,16.6643,1.9558,15868,434,814914913389,2.8240,1.3354,13.8218,16873300,47700,1285000,0,1400,0
save_load,0,16.6662,16.6667,2.3419,15868,435,814915080032,3.1297,1.0418,13.5204,16625200,39300,592200,0,2500,0
save_load,0,16.7025,16.6668,1.8780,15868,435,814915246699,2.4313,1.3411,14.2191,16685000,43700,641100,0,1700,0
save_load,0,16.6696,16.8933,1.9917,15868,434,814915413367,3.3382,1.1775,13.5353,16653400,40300,634100,0,1800,0
save_load,0,16.6611,16.6438,1.9466,15868,435,814915582300,2.7816,1.3030,13.8437,16631400,44800,643200,0,1500,0
save_load,0,16.6791,16.7047,2.0142,15868,434,814915748738,2.7587,1.1644,13.9266,16679300,37500,804800,0,1400,0
save_load,0,16.6572,16.6726,1.9354,15868,434,814915915785,2.5924,1.6881,14.0611,16626600,39900,674200,0,1500,0
save_load,0,16.6716,16.6534,2.0163,15868,432,814916082511,3.2697,1.1924,13.3619,16659600,39800,731300,0,1700,0
save_load,0,16.6611,16.6946,1.8678,15868,435,814916249045,2.6715,1.8127,14.0079,16626100,51300,721900,0,1900,0
save_load,0,16.6700,16.6437,1.9231,15868,429,814916415991,2.4921,1.8904,14.1347,16657600,37800,692500,0,1500,0
save_load,0,16.6640,16.6843,1.8504,15868,433,814916582428,2.4760,1.0205,14.1838,16645700,39400,1049500,0,1900,0
save_load,0,16.6709,16.6440,2.2456,15868,434,814916749271,2.9470,0.9581,13.6793,16660400,37300,909400,0,1500,0
save_load,0,16.6668,16.6734,1.8555,15868,435,814916915711,2.5605,1.2240,14.0973,16646200,41000,816500,0,1800,0
save_load,0,16.6664,16.6616,2.2569,15868,435,814917082445,2.9592,1.9329,13.6866,16647200,47000,839200,0,1600,0
save_load,0,16.6692,16.6777,1.8698,15868,433,814917249061,2.3831,1.9216,14.2774,16655400,43500,895700,0,1600,0
save_load,0,16.6649,16.6652,1.9395,15868,435,814917415838,3.3024,1.2720,13.3440,16639000,47400,1064100,0,1900,0
save_load,0,16.7052,16.6654,1.9098,15868,428,814917582490,3.0199,1.6832,13.6276,16684000,48000,697200,0,1800,0
save_load,0,16.6701,16.6769,1.9282,15868,435,814917749144,3.4426,1.7384,13.2130,16653100,51100,1138100,0,3600,0
save_load,0,16.6666,16.6614,2.2252,15868,435,814917915913,4.2586,1.6811,12.3806,16645300,50900,961700,0,1900,0
save_load,0,16.6652,16.7031,1.9169,15868,435,814918082527,3.2567,2.0111,13.4275,16641600,50700,1210100,0,1900,0
save_load,0,16.6659,16.6763,1.8627,15868,435,814918249558,4.3294,1.6321,12.3241,16646500,49700,969100,0,1700,0
save_load,0,16.6673,16.6664,1.9712,15868,433,814918416321,4.0317,2.3237,12.6138,16643300,47500,1570700,0,1500,0
save_load,0,16.6685,16.6615,1.8545,15868,434,814918582985,3.4872,1.3606,13.1546,16652900,44700,816800,0,1800,0
save_load,0,16.6660,16.6675,2.2886,15868,434,814918749600,3.0820,1.7815,13.5647,16641900,47500,887100,0,1900,0
save_load,0,16.6664,16.6630,1.8811,15868,434,814918916275,4.0507,1.5048,12.5927,16646000,48400,779200,0,2300,0
save_load,0,16.7507,16.6751,1.9108,15868,435,814919082905,2.9467,1.5718,13.7066,16732400,44400,931600,0,2000,0
save_load,0,16.6663,16.6607,1.8534,15868,435,814919249656,3.5293,2.1365,13.1129,16635100,45200,1856400,0,1400,0
save_load,0,16.6702,16.6669,1.9251,15868,435,814919416263,3.0130,1.4085,13.6333,16646900,47800,1292200,0,2100,0
save_load,0,16.6623,16.7559,2.2385,15868,432,814919582932,3.6648,1.4556,13.0678,16615700,80800,1003400,0,2500,0
save_load,1,16.6710,16.6616,1.9671,37272,435,814919750491,3.8904,1.4705,12.7451,16646500,5573700,672500,0,2700,0
save_load,0,16.6751,16.6762,2.2231,15758,435,814919917107,4.0608,2.2089,12.5863,16650900,60200,1369700,0,2100,0
save_load,0,16.6587,16.6511,2.2405,15758,435,814920083869,4.0766,1.3448,12.5394,16639700,44000,765300,0,1600,0
save_load,0,16.6644,16.6808,1.8616,15758,435,814920250380,8.3246,2.5485,8.3221,16642400,45300,985900,0,2600,0
save_load,0,16.6876,16.6699,2.2702,15758,434,814920417188,4.0980,1.8232,12.5531,16678700,41400,705600,0,1600,0
save_load,0,16.6500,16.6597,1.8616,15758,435,814920583887,2.8014,1.2728,13.8386,16615200,63500,1001700,0,2200,0
save_load,0,16.6670,16.6602,1.9507,15758,435,814920750484,3.2471,1.6231,13.3955,16652400,44900,779700,0,3000,0
save_load,0,16.6655,16.7037,1.8565,15758,435,814920917086,2.5761,1.9328,14.1029,16622600,47300,923800,0,1600,0
save_load,0,16.6683,16.6351,1.9630,15758,435,814921084123,3.3001,1.4682,13.3153,16649700,48100,680400,0,3900,0
save_load,0,16.6656,16.6728,2.1801,15758,435,814921250474,2.8151,1.2022,13.8375,16645100,44500,1311000,0,2800,0
save_load,0,16.6699,16.6601,1.9364,15758,434,814921417202,2.7737,1.8043,13.8492,16671800,63700,1170800,0,2200,0
save_load,0,16.6662,16.6690,1.8627,15758,435,814921583803,2.7318,2.0018,13.9182,16618100,41900,849400,0,2200,0
save_load,0,16.6962,16.6682,2.2292,15758,435,814921750493,3.4594,1.5597,13.1858,16678800,45300,918300,0,2700,0
save_load,0,16.6425,16.6949,1.8606,15758,435,814921917175,3.5198,1.1526,13.1522,16630500,48500,1571300,0,1900,0
save_load,0,16.6653,16.6400,2.2538,15758,435,814922084124,3.2049,1.7053,13.4133,16626800,58400,835300,0,2100,0
save_load,0,16.6639,16.6991,1.8903,15758,433,814922250524,3.3324,1.5970,13.3469,16641300,50700,877200,0,2000,0
save_load,0,16.6694,16.6540,1.9436,15758,433,814922417515,4.0580,1.1251,12.5728,16649600,41100,865800,0,1700,0
save_load,0,16.6868,16.6509,2.1647,15758,432,814922584055,2.9711,1.2836,13.6558,16668900,41200,689900,0,1500,0
save_load,0,16.6849,16.6590,1.9292,15758,435,814922750564,2.8421,1.2900,13.7993,16663400,39200,720800,0,1500,0
save_load,0,16.6687,16.6704,2.2006,15758,433,814922917154,3.0600,1.6842,13.5898,16651700,39900,732400,0,1500,0
save_load,0,16.6700,16.6892,1.9589,15758,435,814923083858,3.0766,1.5336,13.5926,16652500,42200,632400,0,1700,0
save_load,0,16.6652,16.6817,1.8760,15758,435,814923250750,2.9801,1.0730,13.6836,16654000,62500,695700,0,2200,0
save_load,0,16.6656,16.6700,2.2559,15758,434,814923417567,2.8417,1.2250,13.8101,16625500,43400,747000,0,1900,0
save_load,0,16.6671,16.6763,1.8360,15758,435,814923584267,2.9838,1.3404,13.6689,16648400,42500,1503900,0,1500,0
save_load,0,16.6798,16.6786,2.2712,15758,433,814923751030,3.1527,1.9938,13.5015,16705400,43400,1307700,0,1700,0
save_load,0,16.6565,16.6475,1.8606,15758,435,814923917816,3.5139,1.5725,13.1118,16592900,44800,774000,0,1800,0
save_load,0,16.6674,16.6666,1.9538,15758,435,814924084291,3.5603,1.4681,13.0883,16647600,42800,696700,0,1600,0
save_load,0,16.6690,16.7240,2.1996,15758,435,814924250957,3.4787,1.7786,13.2268,16652500,46200,1207500,0,1800,0
save_load,0,16.6640,16.6120,1.9968,15758,435,814924418197,2.7200,1.6115,13.8730,16644200,44200,1208100,0,1700,0
save_load,0,16.6783,16.6665,2.2876,15758,433,814924584317,2.8395,1.6952,13.8083,16661600,44400,946000,0,1500,0
save_load,0,16.6582,16.6715,1.9978,15758,435,814924750982,3.2350,1.6268,13.4176,16636100,53700,905900,0,2700,0
save_load,0,16.6698,16.6634,1.9589,15758,434,814924917697,3.2356,1.9067,13.4088,16651900,47200,723800,0,2000,0
save_load,0,16.6713,16.6822,2.0388,15758,434,814925084331,3.1737,1.3893,13.4880,16647100,50800,862800,0,1900,0
save_load,0,16.6832,16.6551,1.9569,15758,434,814925251153,3.3989,1.8345,13.2373,16662300,70400,784000,0,1600,0
save_load,0,16.6663,16.6751,2.3245,15758,435,814925417704,3.3371,1.4577,13.3149,16640400,50500,816700,0,1800,0
save_load,0,16.6657,16.6697,1.9456,15758,435,814925584455,3.5376,1.9436,13.1097,16645100,48800,1576300,0,2100,0
save_load,0,16.6664,16.6848,2.0398,15758,435,814925751152,2.9435,1.1972,13.7190,16648400,41000,792200,0,4000,0
save_load,0,16.6681,16.6600,1.9425,15758,435,814925918000,3.0986,2.0448,13.5419,16649500,41200,679600,0,1500,0
save_load,0,16.7176,16.6624,2.0183,15758,435,814926084600,4.2311,1.1732,12.4142,16704700,40600,706100,0,1800,0
save_load,0,16.6699,16.6671,2.5016,15758,435,814926251224,3.1234,1.7360,13.5251,16653800,44000,1481900,0,1600,0
save_load,0,16.6654,16.6664,2.0204,15758,435,814926417895,2.7214,1.8323,13.9281,16635700,56800,846200,0,2100,0
save_load,0,16.6653,16.7239,1.9507,15758,434,814926584559,2.8206,1.4473,13.8844,16643800,47500,614500,0,2000,0
save_load,0,16.6653,16.6763,2.2764,15758,435,814926751798,3.8082,1.3262,12.8456,16645300,55800,635500,0,1900,0
save_load,0,16.6673,16.6576,1.9610,15758,435,814926918561,3.3672,1.7108,13.2688,16650300,40100,1324400,0,1600,0
save_load,0,16.6678,16.6633,2.3194,15758,433,814927085137,3.0768,1.5852,13.5671,16649600,43700,809000,0,1700,0
save_load,0,16.6672,16.6638,1.9487,15758,435,814927251770,2.7994,1.8403,13.8460,16653200,40200,663500,0,1800,0
save_load,0,16.6664,16.6671,2.0214,15758,435,814927418408,3.3642,1.2172,13.2863,16644900,42100,1323500,0,1400,0
save_load,0,16.6749,16.6666,2.1975,15758,435,814927585079,2.6426,1.2775,14.0073,16666600,40500,669800,0,1600,0
save_load,0,16.6633,16.6720,2.0275,15758,435,814927751745,2.6543,1.9185,13.9992,16622700,66800,884700,0,1700,0
save_load,0,16.6656,16.6626,2.2856,15758,434,814927918465,3.9089,1.7108,12.7361,16643800,46500,1613300,0,1700,0
save_load,0,16.9714,16.6965,2.0675,15758,435,814928085091,2.5392,2.0388,14.1276,16955700,58600,3607200,1168300,1900,0
save_load,0,16.6641,16.6482,2.2958,15758,431,814928252056,3.0673,1.6103,13.5556,16617800,77000,1443400,0,2000,0
save_load,0,16.6732,16.6672,1.9476,15758,435,814928418538,3.6508,1.3607,12.9931,16654500,51400,830000,0,2200,0
save_load,0,16.6581,16.9893,1.9548,15758,434,814928585210,4.6926,1.9940,12.2636,16624800,74500,759100,0,2100,0
save_load,0,16.6673,16.6436,2.2671,15758,435,814928755103,4.3452,1.5313,12.2728,16647800,77100,691900,0,1700,0
save_load,0,16.6745,16.6807,1.8821,15758,435,814928921539,3.6986,1.7829,12.9561,16667100,39400,735300,0,2000,0
save_load,0,16.6643,16.6462,2.0173,15758,435,814929088346,3.1642,1.6178,13.4607,16633000,68400,1162600,0,4100,0
save_load,0,16.6671,16.6650,1.9681,15758,431,814929254808,2.5808,2.0697,14.0671,16636900,67300,724400,0,2500,0
save_load,0,16.6672,16.6898,2.0337,15758,435,814929421458,2.5733,2.0082,14.0940,16647500,103800,1515900,0,2900,0
save_load,0,16.6644,16.6640,1.9405,15758,434,814929588356,3.9542,1.8572,12.6786,16630200,87800,628500,0,2500,0
save_load,2,16.6672,16.6599,1.9814,40636,435,814929754996,2.7083,1.5514,13.9288,16643100,823400,900900,0,2000,0
save_load,0,16.6670,16.6765,1.8790,15868,435,814929921595,4.3567,1.5451,12.2911,16646200,83600,1043700,0,2100,0
save_load,0,16.6656,16.6558,2.0183,15868,435,814930088360,3.1728,2.0234,13.4575,16645800,56900,875200,0,2400,0
save_load,0,16.6801,16.6632,1.9425,15868,434,814930254918,4.0159,1.8993,12.6274,16667800,48000,1614200,0,1700,0
save_load,0,16.6544,16.6644,2.4832,15868,435,814930421550,3.3325,1.2031,13.3138,16628900,93900,1312200,0,2400,0
save_load,0,16.6667,16.6651,1.8565,15868,435,814930588194,2.8071,2.2109,13.8389,16646400,64600,818900,0,2200,0
save_load,0,16.6678,16.6897,2.2364,15868,434,814930754845,4.1831,2.1223,12.4849,16651600,52500,920200,0,3900,0
save_load,0,16.6680,16.6478,1.8668,15868,434,814930921742,4.5457,1.3432,12.0833,16645600,50400,1152900,0,2100,0
save_load,0,16.6709,16.6660,1.9190,15868,434,814931088220,3.3505,1.5279,13.2961,16650500,66900,1582300,0,2300,0
save_load,0,16.6650,16.6703,2.2149,15868,435,814931254880,3.1569,1.9517,13.4949,16632000,58100,721900,0,2100,0
save_load,0,16.6659,16.6710,1.9528,15868,435,814931421583,3.2838,2.1184,13.3621,16640200,63400,987600,0,2500,0
save_load,0,16.6653,16.6791,1.8596,15868,434,814931588293,4.1425,1.8840,12.5082,16642200,46800,703800,0,1800,0
save_load,0,16.6655,16.6578,1.9313,15868,434,814931755084,3.2273,1.5300,13.4050,16646000,41900,793300,0,1600,0
save_load,0,16.6671,16.6639,1.8678,15868,431,814931921662,3.9386,1.7757,12.7018,16649000,47500,1696700,0,1700,0
save_load,0,16.7421,16.6603,2.2712,15868,433,814932088301,3.1990,1.1378,13.4434,16729900,44100,902400,0,2000,0
save_load,0,16.6686,16.6633,1.8575,15868,435,814932254904,2.7199,1.6434,13.9263,16650300,38800,842900,0,1600,0
save_load,0,16.6668,16.6654,1.9190,15868,433,814932421537,3.9824,1.6803,12.6667,16648500,65400,1174300,0,2100,0
save_load,0,16.7116,16.7462,2.2047,15868,435,814932588191,3.0014,1.1101,13.7286,16694400,46600,874000,0,1600,0
save_load,0,16.6677,16.6683,1.9732,15868,432,814932755653,2.8553,1.1885,13.7951,16682000,43200,752600,0,1400,0
save_load,0,16.7536,16.6693,2.6122,15868,434,814932922336,3.4775,1.4400,13.1712,16723600,39100,827800,0,1300,0
save_load,0,16.5961,16.7116,1.9661,15868,433,814933089029,3.4318,1.3785,13.2629,16566000,42100,752300,0,1500,0
save_load,0,16.8657,16.7007,1.8555,15868,435,814933256145,3.2595,1.2969,13.4227,16778600,49900,722600,0,1800,0
save_load,0,16.6764,16.7572,1.9354,15868,435,814933423152,2.8993,1.2715,13.8253,16675900,40800,607600,0,1600,0
save_load,0,16.6568,16.6183,1.9005,15868,433,814933590724,3.0541,1.7694,13.5128,16621900,41000,1246400,0,2100,0
save_load,0,16.6674,16.8019,2.2610,15868,435,814933756907,2.7655,1.5339,14.0132,16652000,39900,599800,0,1700,0
save_load,0,16.6687,16.6947,1.9098,15868,434,814933924926,2.4813,1.3462,14.1955,16651500,41400,613700,0,1500,0
save_load,0,16.6645,16.6384,1.9425,15868,434,814934091873,3.2553,1.1372,13.3668,16644200,42200,595800,0,1700,0
save_load,0,16.6699,16.6695,2.1729,15868,435,814934258257,2.3726,1.1615,14.2794,16654700,40200,810500,0,1800,0
save_load,0,16.6640,16.6703,1.9313,15868,434,814934424952,2.5175,1.3882,14.1342,16643200,39800,743600,0,1600,0
save_load,0,16.7141,16.6607,2.2149,15868,434,814934591655,2.8232,1.2224,13.8210,16699200,36100,723700,0,1500,0
save_load,0,16.6661,16.6729,1.9855,15868,435,814934758262,3.1450,1.2670,13.5098,16648100,42600,624700,0,1500,0
save_load,0,16.6693,16.6590,2.2159,15868,434,814934924991,2.9255,1.2157,13.7179,16655300,39300,812800,0,1200,0
save_load,0,16.6752,16.7162,1.9220,15868,434,814935091581,3.0766,1.0895,13.6228,16673600,38400,614600,0,1600,0
save_load,0,16.6533,16.6639,1.8924,15868,433,814935258743,2.6093,1.1378,14.0389,16597600,35000,596200,0,1100,0
save_load,0,16.6663,16.6708,2.2559,15868,433,814935425382,2.7689,0.9947,13.8866,16655800,31800,484400,0,900,0
save_load,0,16.6667,16.7047,1.8596,15868,435,814935592090,2.6724,1.0051,14.0017,16656500,32100,568300,0,900,0
save_load,0,16.7705,16.6139,1.9251,15868,435,814935759137,2.4621,0.7933,14.1358,16761200,30000,589100,0,900,0
save_load,0,16.6688,16.6656,2.2569,15868,435,814935925276,1.9229,0.8430,14.7329,16664600,28900,579700,0,900,0
save_load,0,16.6642,16.6661,1.9241,15868,432,814936091932,2.0174,0.9454,14.6392,16646400,48700,2243900,0,1900,0
save_load,0,16.6651,16.7713,2.2651,15868,432,814936258593,2.2402,0.9130,14.5210,16640100,55000,1055400,0,2200,0
save_load,0,16.6662,16.6823,2.2456,15868,433,814936426306,2.3090,2.8423,14.3557,16622500,63400,901400,0,2100,0
save_load,0,16.6676,16.6677,2.2344,15868,433,814936593129,6.9374,1.5665,9.7091,16653900,43800,714200,0,1600,0
save_load,0,16.6669,16.6734,1.9302,15868,435,814936759806,3.7601,1.3485,12.8800,16650400,39700,695200,0,1400,0
save_load,0,16.6697,16.6484,1.8575,15868,435,814936926540,3.4055,1.7375,13.2173,16657200,37000,740200,0,1200,0
save_load,0,16.6696,16.6695,2.2897,15868,435,814937093024,3.0204,1.3005,13.6337,16651700,38900,631600,0,1400,0
save_load,0,16.6680,16.6655,1.8616,15868,434,814937259719,2.7468,1.4659,13.9041,16655600,37400,579100,0,1300,0
save_load,0,16.6671,16.6729,1.9528,15868,435,814937426374,2.7053,1.0062,13.9521,16642600,55800,773200,0,2000,0
save_load,0,16.6639,16.6681,1.8688,15868,435,814937593103,2.3574,1.4878,14.2945,16638900,46300,1114500,0,1500,0
save_load,0,16.6643,16.6772,1.9200,15868,435,814937759784,2.4450,1.9734,14.2109,16644300,39800,684400,0,1800,0
save_load,0,16.6660,16.6686,2.2436,15868,435,814937926556,2.8772,1.7698,13.7655,16649400,35500,542600,0,1100,0
save_load,0,16.6690,16.6553,1.9374,15868,435,814938093242,3.3224,1.2215,13.3167,16659800,34100,545500,0,1100,0
save_load,0,16.6672,16.6597,1.8678,15868,429,814938259795,2.5516,1.3561,14.0927,16653300,34500,754100,0,1000,0
save_load,0,16.6914,16.6614,2.2723,15868,435,814938426392,2.2502,0.8452,14.3992,16675300,32600,511000,0,1200,0
save_load,0,16.6410,16.6734,1.9917,15868,435,814938593006,2.0787,1.1455,14.5812,16629900,32000,749300,0,1000,0
save_load,0,16.6653,16.6676,2.3747,15868,435,814938759740,2.3205,1.3436,14.3329,16649600,32300,574400,0,1200,0
save_load,0,16.6682,16.6878,1.9517,15868,435,814938926416,2.2114,1.1298,14.4639,16657400,30900,535200,0,900,0
save_load,0,17.1855,16.6433,1.9313,15868,435,814939093294,2.6129,1.0671,14.0171,17187000,34800,670700,0,1000,0
save_load,0,16.6687,16.6615,2.2415,15868,433,814939259727,2.3649,0.8185,14.2848,16647100,40900,536700,0,1000,0
save_load,0,16.6674,16.6677,2.0419,15868,434,814939426342,2.0161,0.8787,14.6414,16657000,31600,637700,0,900,0
save_load,0,16.8024,17.1981,2.2077,15868,435,814939593019,2.2530,0.9536,14.9341,16789300,30800,918800,0,900,0
save_load,1,16.6369,16.6574,2.0296,37272,434,814939765000,2.4099,0.8439,14.2374,16615600,4310500,481700,0,1400,0
save_load,0,16.8178,16.6723,2.2067,15758,431,814939931574,2.1194,0.8867,14.5378,16822100,44200,615800,0,800,0
save_load,0,17.3349,16.8038,1.9722,15758,435,814940098297,2.6627,1.3108,14.1268,17295700,29500,500700,0,800,0
save_load,0,17.5443,16.6296,1.9610,15758,434,814940266335,6.3149,1.0277,10.3007,17490900,31400,502000,0,900,0
save_load,0,16.7474,16.8492,2.2733,15758,434,814940432631,2.0048,0.8581,14.8176,16677400,89800,465700,0,800,0
save_load,0,16.6694,17.3430,2.0101,15758,435,814940601123,1.9666,0.8906,15.3293,16659500,35100,472900,0,900,0
save_load,0,16.7746,17.5401,2.2692,15758,435,814940774553,2.1471,0.8218,15.3439,16768500,31700,512400,0,900,0
save_load,0,16.6542,16.7138,1.9507,15758,431,814940949954,2.3172,1.4047,14.3601,16626900,30100,984900,0,900,0
save_load,0,16.7148,16.6752,2.0070,15758,434,814941117092,2.2437,1.0064,14.4160,16726200,30500,500800,0,800,0
save_load,0,16.7094,16.7821,1.8790,15758,432,814941283844,2.1191,1.3643,14.6494,16632100,37600,717000,0,1300,0
save_load,0,17.7677,16.6392,2.0316,15758,434,814941451665,2.4325,0.9137,14.1944,17772500,31900,863100,0,800,0
save_load,0,16.6663,16.7589,2.1811,15758,435,814941618057,2.0204,1.0242,14.7062,16650700,30600,457000,0,800,0
save_load,0,16.6652,16.6660,2.0173,15758,435,814941785646,2.2942,1.0538,14.3378,16636500,30500,483900,0,800,0
save_load,0,16.6520,17.7852,2.2354,15758,435,814941952306,2.2762,1.2266,15.4965,16636600,32900,478600,0,900,0
save_load,0,16.6710,16.6650,2.0808,15758,435,814942130158,2.1287,0.9154,14.5221,16665700,31400,597700,0,800,0
save_load,0,16.6676,16.6499,1.8555,15758,435,814942296808,2.1282,1.1573,14.5084,16657500,33200,749100,0,2300,0
save_load,0,16.6837,16.6497,1.8995,15758,435,814942463307,2.0920,0.9035,14.5447,16660700,37300,1005200,0,1300,0
save_load,0,16.6735,16.6808,1.9425,15758,435,814942629804,2.3783,0.9856,14.2874,16655900,37900,549400,0,1200,0
save_load,0,16.7348,16.6744,2.2753,15758,435,814942796612,2.6207,1.2242,14.0370,16718600,35500,704900,0,1200,0
save_load,0,16.6665,16.6780,1.9681,15758,434,814942963356,2.7320,0.9876,13.9288,16647200,33700,684600,0,1100,0
save_load,0,16.6892,16.6725,1.9855,15758,435,814943130136,2.1696,0.9581,14.4864,16683400,31400,514800,0,900,0
save_load,0,16.7023,16.7340,1.9876,15758,434,814943296861,2.0676,1.4090,14.6511,16688400,32500,780700,1001700,1000,0
save_load,0,16.9769,16.6635,2.0439,15758,435,814943464201,2.0263,1.0184,14.6210,16927800,82300,479800,0,900,0
save_load,0,16.6630,16.6995,2.1750,15758,435,814943630836,1.9399,0.8414,14.7436,16621900,27800,545200,0,800,0
save_load,0,16.6503,16.7220,2.0367,15758,435,814943797831,2.0774,1.3402,14.6112,16589100,104800,624800,0,1000,0
save_load,0,16.6662,16.9766,2.3040,15758,435,814943965051,2.7122,1.1262,14.2156,16650900,38400,440300,0,1000,0
save_load,0,16.6682,16.6687,2.0142,15758,435,814944134817,2.4625,0.9288,14.1596,16656100,31200,665300,0,800,0
save_load,0,16.6949,16.6129,1.9692,15758,435,814944301504,2.5021,0.9017,14.0870,16696600,34800,524900,0,1300,0
save_load,0,16.6493,16.6655,2.2743,15758,433,814944467633,2.0820,0.8436,14.5691,16577700,31200,477700,0,900,0
save_load,0,16.6673,16.6722,1.8596,15758,435,814944634288,2.2510,1.0320,14.4053,16655900,29400,775000,0,800,0
save_load,0,16.7535,16.7253,2.3040,15758,435,814944801010,2.5293,0.9909,14.1676,16742600,29500,516500,0,800,0
save_load,0,16.6747,16.6110,1.8698,15758,435,814944968263,2.5199,0.9225,14.0577,16663900,30500,727500,0,800,0
save_load,0,16.6537,16.6673,1.9282,15758,433,814945134373,2.3968,1.3114,14.2591,16636900,44100,849200,0,1000,0
save_load,0,16.6659,16.7556,1.9087,15758,435,814945301046,1.9891,1.0186,14.7537,16649700,31500,675100,0,900,0
save_load,0,16.9709,16.6800,1.9456,15758,435,814945468602,2.6502,0.9073,14.0139,16975700,29900,465600,0,900,0
save_load,0,16.6692,16.6500,2.2159,15758,434,814945635402,2.4793,0.8490,14.1579,16626500,29300,759900,0,800,0
save_load,0,16.6521,16.6626,1.8954,15758,435,814945801902,2.5410,0.9872,14.1086,16589800,29800,629200,0,800,0
save_load,0,16.6692,17.0039,1.8821,15758,435,814945968528,2.3295,0.8712,14.6464,16659100,30800,476000,0,1000,0
save_load,0,16.6642,16.6704,1.9200,15758,435,814946138567,2.1153,1.5030,14.5112,16647100,32400,533700,0,1100,0
save_load,0,16.7861,16.6215,1.9046,15758,435,814946305271,2.0926,1.2895,14.4972,16801700,31300,513600,0,1000,0
save_load,0,16.6525,16.6715,2.3101,15758,435,814946471486,2.2423,0.8378,14.4169,16589500,30000,535200,0,800,0
save_load,0,16.6672,16.6595,1.8688,15758,435,814946638201,1.9676,0.9948,14.6796,16715200,31600,451200,0,900,0
save_load,0,16.6669,16.8255,1.9354,15758,435,814946804796,2.0081,0.9139,14.7938,16596300,45400,679600,0,1000,0
save_load,0,16.6723,16.6120,1.8637,15758,432,814946973051,1.9039,0.9798,14.6856,16669800,30500,518000,0,900,0
save_load,0,16.6735,16.7275,1.9139,15758,422,814947139171,2.1194,0.8800,14.5959,16658100,44800,703100,0,2100,0
save_load,0,16.6661,16.6064,2.2047,15758,434,814947306446,2.4406,0.9946,14.1558,16643400,54900,765200,0,1600,0
save_load,0,16.6647,16.6866,1.9436,15758,412,814947472510,2.1627,1.1522,14.5072,16641800,54000,651200,0,2000,0
save_load,0,16.6658,16.6810,2.2118,15758,435,814947639376,3.0231,1.1267,13.6352,16636400,52800,751800,0,2100,0
save_load,0,16.6658,16.6664,1.9313,15758,435,814947806186,3.0610,1.4186,13.5825,16644200,43300,685100,0,2400,0
save_load,0,16.6687,16.6654,1.8985,15758,434,814947972850,3.3140,1.1223,13.3280,16649600,43400,662000,0,1700,0
save_load,0,16.6659,16.6583,2.2682,15758,435,814948139504,3.1677,1.7211,13.4691,16647000,42600,724400,0,1500,0
save_load,0,16.6681,16.6648,1.8719,15758,433,814948306087,2.7205,1.0649,13.9242,16647000,43900,918100,0,1800,0
save_load,0,16.8163,16.6682,1.9220,15758,434,814948472735,2.6902,1.0835,13.9597,16797300,45200,746000,0,1600,0
save_load,0,16.6663,16.6686,1.8698,15758,434,814948639417,2.4997,1.2661,14.1475,16644100,56500,623900,0,2500,0
save_load,0,16.6700,16.6673,1.9210,15758,435,814948806103,2.6920,1.0456,13.9551,16652500,74100,759600,0,2100,0
save_load,0,16.6658,16.8171,2.1514,15758,432,814948972776,2.5611,0.9577,14.2365,16642500,43400,699100,0,1400,0
save_load,0,16.6638,16.6648,1.9599,15758,433,814949140947,2.4941,1.0314,14.1501,16645500,40700,820400,0,1600,0
save_load,0,16.6944,16.6717,2.2139,15758,434,814949307595,3.1147,0.9973,13.5379,16668000,46900,564400,0,1900,0
post_load_walking,3,16.6565,16.6619,1.9180,28590,435,814949474312,2.7127,1.0058,13.9299,16638600,312400,729300,0,1800,0
post_load_walking,0,16.6694,16.6708,1.8565,12778,257,814949640931,2.5290,1.5352,14.1168,16647100,121000,322300,0,1900,0
post_load_walking,0,16.6630,16.6876,1.7101,12778,258,814949807639,2.6853,2.0035,13.9828,16633300,97200,345900,0,1400,0
post_load_walking,0,16.7551,16.6610,1.6824,12778,257,814949974515,3.1365,0.7701,13.5024,16736900,92700,600200,0,1500,0
post_load_walking,0,16.6654,16.6721,1.6292,19170,255,814950141125,2.3550,0.9159,14.2922,16641300,92200,655400,0,1600,0
post_load_walking,0,16.8356,16.6572,1.6323,12778,255,814950307846,2.8123,1.4039,13.8212,16816300,91600,368000,0,1700,0
post_load_walking,0,16.6690,16.7581,1.6056,12778,254,814950474418,2.4496,1.2277,14.2874,16648700,103700,323400,0,1600,0
post_load_walking,0,16.6666,16.6619,1.9436,12778,252,814950641999,2.4451,0.9526,14.1964,16644100,99000,295200,0,1600,0
post_load_walking,0,16.6655,16.8409,1.6353,12778,252,814950808618,2.5981,0.9195,14.2184,16635000,99100,411600,0,1600,0
post_load_walking,0,16.6784,16.6713,1.5636,19170,253,814950977027,2.3446,0.7854,14.3043,16660200,86700,706600,0,1800,0
post_load_walking,0,16.6699,16.6662,1.6230,12778,252,814951143740,2.3171,0.9290,14.3272,16654700,101500,375800,0,2200,0
post_load_walking,0,16.6631,16.6589,1.5606,12778,250,814951310402,2.6641,1.0539,13.9711,16633100,105700,453100,0,1800,0
post_load_walking,0,16.6650,16.6806,1.9620,12778,243,814951476991,2.3425,1.4765,14.3178,16637100,93600,434000,0,1700,0
post_load_walking,0,16.6666,16.6792,1.5411,12778,243,814951643797,2.4111,1.5042,14.2438,16651700,85400,311900,0,2000,0
post_load_walking,0,16.6654,16.6546,1.5329,19170,239,814951810589,2.6387,1.4097,13.9948,16648500,79800,847400,0,1600,0
post_load_walking,0,16.6686,16.6557,1.5084,12778,241,814951977135,2.1575,1.1393,14.4796,16653900,76700,296900,0,1400,0
post_load_walking,0,16.6654,16.6678,1.5124,12778,241,814952143692,2.1589,1.9516,14.4927,16649500,74600,333300,0,1300,0
post_load_walking,0,16.6673,16.6631,1.8534,12778,238,814952310370,1.9813,0.7800,14.6673,16653900,78900,263800,0,1500,0
post_load_walking,0,16.6670,16.6690,1.5667,12778,238,814952477001,1.8576,1.1002,14.7964,16654400,74200,274300,0,1300,0
post_load_walking,0,16.6658,16.6646,1.6005,29010,235,814952643691,1.8594,0.6383,14.7902,16648800,74000,745000,0,1200,0
post_load_walking,0,16.8083,16.6680,1.5974,12778,194,814952810337,1.8967,0.7704,14.7574,16793900,68600,278000,0,1300,0
post_load_walking,0,16.8506,16.6673,1.5360,12778,194,814952977017,1.8255,1.0885,14.8290,16859100,66100,244800,0,1000,0
post_load_walking,0,16.9485,16.6626,1.7797,12778,193,814953143690,2.1432,0.6094,14.5057,16889100,61400,273700,0,900,0
post_load_walking,0,16.9015,16.8041,1.5268,12778,188,814953310316,1.6408,0.6152,15.1531,16907300,61900,294200,0,900,0
post_load_walking,0,17.2848,16.8839,1.5944,19170,189,814953478357,1.5932,0.6258,15.2662,17270300,74600,544100,0,1100,0
post_load_walking,0,16.6525,16.9162,1.5258,12778,189,814953647196,1.7798,0.9316,15.1094,16615800,59000,265400,0,1000,0
post_load_walking,0,16.6779,16.9214,1.5473,12778,189,814953816358,1.5132,0.6605,15.3942,16677700,65000,273200,0,1000,0
post_load_walking,0,16.6581,17.2899,1.5524,12778,188,814953985572,1.8438,0.5934,15.4268,16634900,67900,294500,0,900,0
post_load_walking,0,16.6829,16.6288,1.5524,12778,190,814954158471,1.3501,0.7507,15.2659,16686600,80800,362600,0,1400,0
post_load_walking,0,16.7963,16.6907,1.7797,19170,190,814954324759,1.6443,0.9633,15.0335,16741000,66100,587100,0,1000,0
post_load_walking,0,16.6531,16.6508,1.5370,12778,190,814954491666,1.9023,1.0672,14.7327,16602300,81700,267800,0,1000,0
post_load_walking,0,17.1374,16.7144,1.5585,12778,187,814954658174,2.0210,0.7220,14.6661,17139500,73100,273100,0,1200,0
post_load_walking,0,16.6661,16.7939,1.5247,12778,156,814954825318,2.0432,0.7718,14.6981,16613200,95900,260300,0,900,0
post_load_walking,0,16.6674,16.6231,1.5196,12778,156,814954993257,1.7155,0.5709,14.8870,16643500,69000,274000,0,1000,0
post_load_walking,0,16.6698,17.1670,1.5135,19170,156,814955159488,1.8066,0.7109,15.3333,16662700,86300,470900,0,1000,0
post_load_walking,0,16.6653,16.6425,1.5411,12778,154,814955331158,1.7824,0.6350,14.8309,16650700,66200,369300,0,1700,0
post_load_walking,0,16.9157,16.6521,1.4715,12778,153,814955497583,1.7867,0.8910,14.8569,16900400,67300,532700,0,1100,0
post_load_walking,0,16.6703,16.6770,1.4326,12778,152,814955664104,1.7761,0.9757,14.8867,16662600,69700,269200,0,1100,0
post_load_walking,0,16.6626,16.6639,1.5206,12778,153,814955830874,1.7896,0.9154,14.8612,16644900,76400,271100,0,1000,0
post_load_walking,0,16.6694,16.9109,1.7603,19170,153,814955997513,2.2267,0.5915,14.6737,16663400,55400,698900,0,800,0
post_load_walking,0,16.7687,16.6749,1.4889,12778,153,814956166622,1.3926,0.6676,15.2700,16759100,67100,260000,0,900,0
post_load_walking,0,16.7442,16.6559,1.8186,12778,151,814956333371,1.6467,0.6690,14.9981,16746300,63100,255900,0,800,0
post_load_walking,0,16.6577,16.6754,1.4858,12778,151,814956499930,2.1359,0.8344,14.5277,16607900,101300,257300,0,2100,0
post_load_walking,0,16.6700,16.7711,1.5196,12778,144,814956666684,1.8129,0.6135,14.9462,16648200,97000,271700,0,1300,0
post_load_walking,0,16.6622,16.7747,1.5032,19170,137,814956834395,1.7770,0.7522,14.9695,16647100,64500,496300,0,900,0
post_load_walking,0,16.6835,16.6312,1.5114,12778,137,814957002142,2.6751,0.7936,13.9327,16674100,73200,376800,0,1300,0
post_load_walking,0,16.6497,16.6633,1.3978,12778,137,814957168454,1.7429,0.7570,14.9053,16634100,58300,251000,0,800,0
post_load_walking,0,16.6695,16.6595,1.5350,12778,136,814957335087,1.7968,0.7192,14.8504,16661000,61200,275000,0,900,0
post_load_walking,0,16.6663,16.6872,1.5002,12778,137,814957501682,2.0549,0.4548,14.6193,16651800,65900,271200,0,1000,0
post_load_walking,0,16.7786,16.6454,1.5196,29526,137,814957668554,1.4451,0.7710,15.1891,16787800,75600,485000,0,1000,0
post_load_walking,0,16.6660,16.6743,1.5278,12778,118,814957835008,1.4815,0.6416,15.1796,16649300,94300,289300,0,1000,0
post_load_walking,0,16.6574,16.6634,1.7715,12778,118,814958001751,1.8936,1.5657,14.7584,16621600,72200,270400,0,1400,0
post_load_walking,0,16.6628,16.8011,1.5493,12778,118,814958168385,1.9389,0.8516,14.8489,16640800,76500,318500,0,1200,0
post_load_walking,0,16.8704,16.6723,1.9128,12854,118,814958336396,1.8239,0.5931,14.8257,16861500,68300,283400,0,900,0
post_load_walking,0,16.6676,16.6366,1.4633,19246,112,814958503119,1.7359,0.9188,14.8858,16655000,78700,570200,0,1100,0
post_load_walking,0,16.6674,16.6551,1.4408,12854,116,814958669485,1.5857,0.5376,15.0552,16650500,82500,270500,0,1200,0
post_load_walking,0,16.6658,16.8756,1.7695,12854,114,814958836036,1.5311,0.6425,15.3306,16650700,86500,275300,0,1700,0
post_load_walking,0,16.6678,16.6705,1.4408,12854,114,814959004792,1.7695,0.7718,14.8856,16655900,80600,719400,0,1400,0
post_load_walking,0,16.6671,16.6642,1.4459,12854,114,814959171497,1.7393,0.5323,14.9113,16652400,83800,296800,0,1300,0
post_load_walking,0,16.6677,16.6644,1.4868,19246,114,814959338139,1.6613,0.7144,14.9894,16653900,81100,785400,0,1500,0
post_load_walking,0,16.6654,16.6702,1.4428,12854,114,814959504783,2.1166,0.5632,14.5394,16645200,80700,359300,1689200,1300,0
post_load_walking,0,16.6688,16.6671,1.7777,43729,114,814959671485,1.7709,0.6976,14.8817,16656800,117300,269100,0,1700,0
post_load_walking,0,16.6667,16.6701,1.4479,12512,115,814959838156,2.0406,1.1363,14.6133,16646700,86600,269600,0,1500,0
post_load_walking,0,16.6656,16.6615,1.4449,12512,113,814960004857,1.8929,0.5224,14.7525,16648000,81100,283800,0,1600,0
post_load_walking,0,16.6641,16.6731,1.4500,18904,114,814960171472,2.0301,0.5172,14.6268,16645600,83400,576600,0,1400,0
post_load_walking,0,16.6687,16.6666,1.4479,12512,114,814960338203,1.7245,0.5532,14.9223,16662500,74800,269900,0,1300,0
post_load_walking,0,16.6679,16.6613,1.7951,12512,114,814960504869,1.8710,0.6484,14.7771,16653800,76400,243700,0,1100,0
post_load_walking,0,16.7735,16.6573,1.4705,12512,114,814960671482,1.7947,0.5826,14.8509,16786900,74400,281200,0,1200,0
post_load_walking,0,16.6722,16.6738,1.4572,12512,114,814960838055,1.5760,0.5553,15.0866,16655000,71500,364200,0,1000,0
post_load_walking,0,16.6551,16.6658,1.4346,18904,114,814961004793,1.6097,0.5478,15.0443,16602200,77700,522800,0,1100,0
post_load_walking,0,16.6692,16.7970,1.4500,12512,114,814961171451,1.4506,1.3595,15.3365,16658700,86700,302100,0,1400,0
post_load_walking,0,16.6642,16.6812,1.7828,12512,107,814961339421,1.2877,0.6364,15.3675,16643500,118800,390100,0,2500,0
post_load_walking,0,16.6649,16.6260,1.4592,12512,107,814961506233,1.6771,0.8568,14.9250,16644200,102100,372800,0,1500,0
post_load_walking,0,16.6669,16.6757,1.7930,12512,106,814961672493,1.6943,0.8963,14.9645,16660600,77900,253300,0,1700,0
post_load_walking,0,16.6665,16.6591,1.4551,18904,106,814961839250,2.8387,0.7328,13.8048,16651700,81400,598400,0,1300,0
post_load_walking,0,16.6817,16.6576,1.4991,12512,106,814962005841,2.1174,0.5096,14.5269,16691600,70700,252800,0,1400,0
post_load_walking,0,16.6735,16.6715,1.7725,12512,106,814962172417,2.0868,0.5874,14.5737,16639300,80900,263800,0,1000,0
post_load_walking,0,16.6465,16.6622,1.4582,12512,106,814962339132,1.6564,0.6863,14.9953,16573300,76500,245600,0,900,0
post_load_walking,0,17.0312,16.7161,1.5319,12512,105,814962505754,1.6992,0.5156,14.9926,17063800,90800,276700,0,1100,0
post_load_walking,0,16.6508,16.6793,1.4674,18904,103,814962672915,1.6155,0.7848,15.0241,16562100,65000,477200,0,800,0
post_load_walking,0,16.6811,16.6057,1.4909,12512,103,814962839708,2.0226,0.6950,14.5506,16689800,79700,264700,0,900,0
post_load_walking,0,16.6573,17.0890,1.8145,12512,101,814963005765,1.8063,0.6442,15.2577,16607200,68400,239400,0,900,0
post_load_walking,0,16.6659,16.5938,1.5667,12512,104,814963176655,1.5463,0.6180,15.0157,16650000,93200,245700,0,1000,0
post_load_walking,0,16.6672,16.7156,1.5985,12512,104,814963342593,1.4017,0.4790,15.2884,16653000,81900,257300,0,1100,0
post_load_walking,0,16.6675,16.6293,1.4899,18904,104,814963509749,1.6472,0.6781,14.9599,16652500,86400,479900,0,1100,0
post_load_walking,0,16.6650,16.6641,1.5094,12512,103,814963676042,1.6709,0.7628,14.9793,16645900,78400,268000,0,1000,0
post_load_walking,0,16.8064,16.6686,1.8227,22868,104,814963842683,1.6214,0.6493,15.0319,16793100,73600,290800,0,1100,0
post_load_walking,0,16.6692,16.6682,1.6005,12512,329,814964009369,1.7644,0.5404,14.8883,16630800,71200,317400,0,1100,0
post_load_walking,0,16.6682,16.6597,1.5370,12512,331,814964176051,1.4792,3.3366,15.1670,16658900,75100,289500,0,1100,0
post_load_walking,0,16.6704,16.8347,1.6036,18904,331,814964342648,2.1590,2.5488,14.6342,16656500,76700,506200,0,1400,0
post_load_walking,0,16.6631,16.6429,1.5616,12512,324,814964510995,2.1145,0.6484,14.5163,16646500,79800,398700,0,1400,0
post_load_walking,0,16.6677,16.6717,1.8504,12512,328,814964677424,1.7156,0.6517,14.9435,16654700,73700,257900,0,1000,0
post_load_walking,0,16.6649,16.6701,1.5299,12512,327,814964844141,1.7425,1.5876,14.9140,16650900,77100,271500,0,1300,0
post_load_walking,0,16.6659,16.6599,1.5626,12512,323,814965010842,1.6782,0.6899,14.9683,16651300,81900,303300,0,1000,0
post_load_walking,0,16.6668,16.6688,1.5831,18904,325,814965177441,1.5076,0.6370,15.1474,16654200,77000,579300,0,900,0
post_load_walking,0,16.6706,16.6640,1.5575,12512,326,814965344129,1.7941,1.0572,14.8569,16666000,78000,238100,0,1200,0
post_load_walking,0,16.6644,16.6623,1.8319,12512,326,814965510769,1.6076,0.9368,15.0438,16644100,78100,264400,0,1200,0
post_load_walking,0,16.9983,16.6646,1.6210,12512,324,814965677392,2.1706,0.6026,14.4837,16999700,94600,232500,0,1400,0
post_load_walking,0,16.6547,16.6817,1.5340,12512,326,814965844038,1.6199,0.9900,15.0462,16618600,77600,288700,0,800,0
post_load_walking,0,16.6685,16.6584,1.5667,18904,326,814966010855,1.6203,0.6691,15.0239,16658500,77100,594400,0,1200,0
post_load_walking,0,16.6800,17.0186,1.5749,12512,327,814966177439,2.3473,0.9074,14.6526,16684400,77100,251300,0,1400,0
post_load_walking,0,16.6523,16.6316,1.6763,12512,328,814966347625,1.5763,0.9033,15.0424,16584500,69500,252200,0,900,0
post_load_walking,0,16.6669,16.6729,1.6302,22868,327,814966513941,1.8528,0.6579,14.8058,16657700,72000,230900,0,1300,0
post_load_walking,0,16.6671,16.7128,1.6046,12512,630,814966680670,1.7029,0.5332,14.9816,16654600,74300,261500,0,1000,0
post_load_walking,0,16.6666,16.6152,1.8739,18904,630,814966847798,1.6580,8.9578,14.9265,16650700,91500,706800,0,1100,0
post_load_walking,0,16.6837,16.6711,2.1596,12512,624,814967013950,2.2503,8.9184,14.4076,16677600,72300,483800,0,900,0
post_load_walking,0,16.6509,16.6662,1.8913,12512,630,814967180661,2.0431,1.0671,14.6116,16633100,67200,233800,0,1100,0
post_load_walking,0,16.6684,16.6619,1.8309,12512,630,814967347323,2.4404,0.8989,14.2104,16657900,78900,238900,0,1300,0
post_load_walking,0,16.9425,16.6920,2.1709,12512,627,814967513942,2.5137,0.6709,14.1639,16945500,97000,243500,0,1100,0
post_load_walking,0,16.6581,16.6440,1.9722,18904,629,814967680862,2.1218,0.8403,14.5114,16609300,66300,800700,0,900,0
post_load_walking,0,16.6669,16.6708,1.9374,12512,630,814967847302,2.3063,0.8868,14.3517,16655300,73600,227900,0,900,0
post_load_walking,0,16.6685,16.9652,1.9548,12512,631,814968014010,2.2928,0.9095,14.6528,16670000,70000,310500,0,1300,0
post_load_walking,0,16.9289,16.6333,1.9046,12512,632,814968183662,2.7941,0.7577,13.8152,16891100,82900,235100,0,1000,0
post_load_walking,0,17.0898,16.6686,2.1852,12512,632,814968349995,1.9438,0.9059,14.7116,17096600,71800,236600,0,1000,0
post_load_walking,0,16.6488,16.6953,2.9932,18904,632,814968516681,2.2923,0.7828,14.3779,16598900,73600,701100,0,1300,0
post_load_walking,0,16.7439,16.9032,2.3716,12512,632,814968683634,2.1157,1.0853,14.7754,16738500,69400,232400,0,900,0
post_load_walking,0,16.6476,17.1254,1.9589,12512,627,814968852666,2.0293,1.1695,15.0675,16627700,79600,281300,0,1400,0
post_load_walking,0,16.6677,16.6123,2.0091,12512,631,814969023920,2.4752,1.1284,14.1238,16603400,84900,292800,0,1300,0
post_load_walking,0,16.6685,16.7540,2.2221,12512,633,814969190043,1.8940,0.9385,14.8447,16655300,86500,273300,0,1700,0
post_load_walking,0,16.7890,16.6435,2.0214,18904,630,814969357583,1.8573,1.5956,14.7707,16794200,86700,896900,0,1500,0
post_load_walking,0,16.6615,16.6662,2.1688,12512,626,814969524018,1.9807,1.0262,14.6228,16611900,91100,284900,0,1500,0
post_load_walking,0,16.6686,16.6717,1.9948,12512,622,814969690680,2.7179,1.6253,13.9376,16652800,93000,306400,0,1500,0
post_load_walking,0,16.6674,16.8192,2.2682,12512,623,814969857397,3.2193,1.2841,13.5751,16646100,100000,379700,0,1800,0
post_load_walking,0,16.6660,16.6319,1.9722,12512,623,814970025589,2.5577,1.1901,14.0545,16646200,86500,344600,0,1400,0
post_load_walking,0,16.6648,16.6713,1.9835,18904,618,814970191908,2.7529,1.1551,13.9001,16645400,86600,1173500,0,1900,0
post_load_walking,0,16.6682,16.6629,2.2221,12512,616,814970358621,2.8398,0.9684,13.8065,16654400,80200,265800,0,1500,0
post_load_walking,0,16.6656,16.6657,1.9630,12512,611,814970525250,2.7553,1.3008,13.8909,16647300,90200,358500,0,1200,0
post_load_walking,0,16.6670,16.6618,1.9814,12512,616,814970691907,3.1239,0.8323,13.5215,16653200,83000,289000,0,1200,0
post_load_walking,0,16.6814,16.6724,1.8391,12512,617,814970858525,2.2735,1.5594,14.3810,16692100,84800,265800,0,1200,0
post_load_walking,0,16.6532,16.6619,1.9313,18904,610,814971025249,2.3596,0.8882,14.2878,16593800,77000,501800,0,1100,0
post_load_walking,0,16.6658,16.6667,2.2835,12512,616,814971191868,2.0444,0.8700,14.6088,16650400,78800,305400,0,1300,0
post_load_walking,0,16.6690,16.7176,1.9456,12512,614,814971358535,1.8604,0.8984,14.8320,16660200,75700,264100,0,1300,0
post_load_walking,0,16.6656,16.6170,1.8749,12512,609,814971525711,2.0448,0.9237,14.5491,16648400,92500,317400,0,1700,0
post_load_walking,0,16.6668,16.6620,1.9241,12512,608,814971691881,1.9919,0.9860,14.6586,16651400,87400,293900,0,1500,0
post_load_walking,0,16.7555,16.6757,1.9487,18904,603,814971858501,2.3232,0.9704,14.3371,16741700,92800,622100,0,1500,0
post_load_walking,0,16.6652,16.6629,2.2344,12512,596,814972025258,2.4573,1.0682,14.1910,16647800,90700,687700,0,1700,0
post_load_walking,0,16.6665,16.6663,1.9016,12512,593,814972191887,2.7813,1.4183,13.8702,16654200,80000,297800,0,1400,0
post_load_walking,0,16.6712,16.7560,1.8514,12512,591,814972358550,2.4917,1.1237,14.2501,16665000,83200,291200,0,1400,0
post_load_walking,0,16.6673,16.6605,1.8616,12512,590,814972526110,2.5657,0.9442,14.0822,16650100,90700,300100,0,1700,0
post_load_walking,0,16.6630,16.6659,1.8473,18904,591,814972692715,2.0550,0.8845,14.5993,16646300,85800,566700,0,1300,0
post_load_walking,0,16.6796,16.6786,2.1535,12512,593,814972859374,2.0905,1.1862,14.5745,16665600,88300,298900,0,1500,0
post_load_walking,0,16.6577,16.6681,1.8934,12512,593,814973026160,2.3140,1.1328,14.3362,16641800,82200,394800,0,1200,0
post_load_walking,0,16.6673,16.6617,1.8698,12512,590,814973192841,4.3723,0.9154,12.2742,16657600,81000,289900,0,1300,0
post_load_walking,0,16.7219,16.6786,1.9425,12512,591,814973359458,2.0047,0.9315,14.6610,16716500,87500,338800,0,1800,0
post_load_walking,0,16.6585,16.6555,1.8575,18904,591,814973526244,2.3779,0.9649,14.2639,16678600,87300,782700,0,1500,0
post_load_walking,0,16.7144,16.6715,2.2303,12512,590,814973692799,2.1218,1.2390,14.5360,16627500,113700,277700,0,1500,0
post_load_walking,0,16.6667,16.7307,1.9139,12512,586,814973859514,2.3402,1.2948,14.3764,16502300,87700,381800,0,1200,0
post_load_walking,0,16.7495,16.7079,1.9282,12512,585,814974026821,2.7518,0.9125,13.9274,16735400,83900,292200,0,1200,0
post_load_walking,0,16.5973,16.8027,1.8524,12512,584,814974193900,2.3972,1.2043,14.2303,16578200,84100,278200,0,1900,0
post_load_walking,0,16.6766,16.5158,2.2303,18904,584,814974361927,2.2287,0.8351,14.2738,16670900,79200,582800,0,1300,0
post_load_walking,0,16.6583,16.7505,2.2712,12512,585,814974527085,2.2276,0.8621,14.5078,16639400,78600,302700,869600,1200,0
post_load_walking,0,16.6662,16.5927,1.9784,12512,586,814974694590,2.2165,1.0925,14.3618,16650300,88900,305600,0,1300,0
post_load_walking,0,16.6713,16.6857,1.8954,12512,575,814974860517,2.3154,1.0523,14.3556,16664200,91900,305700,0,1300,0
post_load_walking,0,16.6648,16.6526,1.9302,12512,577,814975027374,2.0614,0.9930,14.5780,16646400,94700,311200,0,1600,0
post_load_walking,0,16.6678,16.6627,1.9354,18904,578,814975193900,2.5036,0.9133,14.1467,16651900,89400,575000,0,1500,0
post_load_walking,0,16.6654,16.6800,2.2958,12512,575,814975360527,2.5972,1.0176,14.0672,16648500,87300,407100,0,1900,0
post_load_walking,0,16.6698,16.6628,1.9190,12512,577,814975527327,2.6705,1.1955,13.9761,16657700,83100,275400,0,1900,0
post_load_walking,0,16.6654,16.6658,1.9620,12512,578,814975693955,2.8757,1.1027,13.7763,16670000,83700,391200,0,2100,0
post_load_walking,0,16.6634,16.6649,1.9978,12512,567,814975860613,2.6316,1.4899,14.0171,16620700,86100,257200,0,1300,0
post_load_walking,0,16.9607,16.6728,2.0163,18904,566,814976027262,2.3264,1.0726,14.3314,16954100,67900,466900,0,1100,0
post_load_walking,0,16.7825,16.6857,2.2856,12512,568,814976193990,2.6824,0.7413,13.9877,16787400,71300,227200,0,1000,0
post_load_walking,0,16.6557,16.6327,1.9589,12512,529,814976360847,2.1481,0.8821,14.4726,16603200,71600,273700,0,1100,0
post_load_walking,0,16.6846,16.9642,1.9517,12512,530,814976527174,2.2207,0.7976,14.7335,16695200,75000,267300,0,1100,0
post_load_walking,0,16.6557,16.8126,1.9692,12512,530,814976696816,2.1856,0.9174,14.6020,16594900,90200,279800,0,1200,0
post_load_walking,0,16.6753,16.6286,1.9507,18904,530,814976864942,2.4242,0.9675,14.1791,16666300,103300,480900,0,1200,0
post_load_walking,0,16.6526,16.7257,2.2477,12512,530,814977031228,2.3014,0.9158,14.3942,16584300,74300,408500,0,1100,0
post_load_walking,0,16.6793,16.6282,1.9794,12512,521,814977198485,2.3781,1.0614,14.2167,16668000,85700,234700,0,1000,0
post_load_walking,0,16.6567,16.7011,2.0101,12512,525,814977364767,2.2888,1.1041,14.3777,16645400,80000,275000,0,900,0
post_load_walking,0,16.6777,16.6114,1.8749,12512,520,814977531778,2.4169,0.8986,14.1674,16679500,72300,237000,0,1100,0
post_load_walking,0,16.6557,16.6796,1.9231,18904,524,814977697892,2.1863,0.7340,14.4819,16614500,100700,515300,0,1300,0
post_load_walking,0,16.6673,16.6579,2.2804,12436,525,814977864688,2.0520,0.7845,14.5935,16654000,86200,275600,0,1000,0
post_load_walking,0,16.6789,16.7058,1.9763,12436,525,814978031267,1.8990,1.0224,14.7808,16663500,70600,315700,0,1000,0
post_load_walking,0,16.6663,16.6300,2.2487,12436,525,814978198325,2.4958,1.3033,14.1187,16669700,72200,258500,0,1000,0
post_load_walking,0,16.6578,16.6668,1.9446,12436,528,814978364625,1.9762,0.9895,14.6780,16621400,70400,439000,0,1100,0
post_load_walking,0,16.7466,16.6785,1.9272,18828,518,814978531293,2.1164,0.8025,14.5471,16731900,68800,556500,0,1200,0
post_load_walking,0,16.6673,16.6899,3.2399,12436,519,814978698078,2.3278,0.9248,14.3422,16650600,71000,324800,0,1200,0
post_load_walking,0,16.6675,16.6360,1.8985,12436,520,814978864977,2.7721,0.9020,13.8496,16652600,72500,271900,0,1300,0
post_load_walking,0,16.6675,16.7459,2.2702,12436,520,814979031337,2.4409,0.9626,14.2912,16654200,74500,245500,0,1100,0
post_load_walking,0,16.6651,16.6665,1.9395,12436,520,814979198796,2.5452,0.9759,14.1056,16648800,73600,255900,0,1200,0
post_load_walking,0,16.6670,16.6689,1.9343,18828,520,814979365461,2.4161,0.7917,14.2367,16651100,69000,618800,0,1000,0
post_load_walking,0,16.6680,16.6672,2.2118,12436,521,814979532150,2.1332,0.8774,14.5213,16658800,67600,324200,0,1300,0
post_load_walking,0,16.6659,16.6646,1.8831,12436,511,814979698822,2.1333,1.0947,14.5155,16647700,76400,430000,0,1400,0
post_load_walking,0,16.6685,16.6643,2.2344,12436,504,814979865468,2.4004,1.1180,14.2508,16652900,79200,291100,0,1600,0
post_load_walking,0,16.6856,16.6733,1.9374,12436,498,814980032111,2.2979,1.3239,14.3610,16669700,75600,287300,0,1400,0
post_load_walking,0,16.6671,16.6645,1.8299,18828,498,814980198844,2.3309,0.9907,14.3169,16652700,79700,568500,0,1400,0
post_load_walking,0,16.6663,16.6694,2.2149,12436,505,814980365489,2.0950,1.2441,14.5582,16651000,76300,282300,0,1400,0
post_load_walking,0,16.6675,16.6843,1.9405,12436,505,814980532183,1.9878,1.1375,14.6821,16654100,77400,281700,0,1100,0
post_load_walking,0,16.6675,16.6671,1.9077,12436,365,814980699026,2.4830,1.0297,14.1699,16652600,75700,284200,0,1200,0
post_load_walking,0,16.6679,16.6658,2.1965,12436,360,814980865697,2.4006,0.8517,14.2505,16653100,83100,344600,0,1400,0
post_load_walking,0,16.6685,16.6683,2.2098,18828,360,814981032355,2.3823,1.1566,14.2718,16654100,79400,562700,0,1700,0
post_load_walking,0,16.6661,16.6684,2.2262,12436,356,814981199038,2.2639,1.4559,14.3889,16648100,93700,315600,0,1900,0
post_load_walking,0,16.6668,16.6691,2.2333,12436,351,814981365722,2.1678,1.0215,14.4855,16647500,91700,329300,0,1600,0
post_load_walking,0,16.6662,16.6718,2.5016,22276,352,814981532413,2.6157,0.9870,14.0386,16648300,85100,318700,0,1900,0
post_load_walking,0,16.6658,16.6660,2.1535,12436,326,814981699131,2.8254,1.2653,13.8229,16650900,83100,290700,0,1500,0
post_load_walking,0,16.6673,16.6646,2.1432,18828,327,814981865791,2.9064,1.0727,13.7413,16651500,82800,726900,0,1300,0
post_load_walking,0,16.6685,16.6644,2.3183,12436,326,814982032437,2.6695,0.9633,13.9788,16661700,79100,297200,0,1100,0
post_load_walking,0,16.6649,16.6653,1.9753,12436,327,814982199081,2.7282,1.2114,13.9229,16640200,78600,361300,0,1700,0
post_load_walking,0,16.6678,16.6663,2.0255,12436,326,814982365734,2.6161,1.2263,14.0356,16656400,73100,250500,0,1000,0
post_load_walking,0,16.6676,16.6773,2.1709,12436,324,814982532397,2.1015,0.9413,14.5604,16653700,78600,258600,0,1300,0
post_load_walking,0,16.6653,16.6540,2.1299,18828,324,814982699170,2.3744,0.6939,14.2658,16649900,89600,535300,0,1000,0
post_load_walking,0,16.6802,16.6704,2.3951,12436,324,814982865710,1.9197,0.8148,14.7368,16697500,78500,240200,0,1200,0
post_load_walking,0,16.6552,16.6685,2.2036,12436,323,814983032414,2.2442,0.9794,14.4096,16612500,67000,266900,0,1000,0
post_load_walking,0,16.7267,16.6645,2.4044,22792,315,814983199099,2.2490,0.7477,14.4010,16728600,96000,322300,0,1200,0
post_load_walking,0,16.6523,16.7093,2.1832,12436,253,814983365744,2.0164,0.8669,14.6814,16593600,63800,398500,0,1100,0
post_load_walking,0,16.6677,16.6262,1.7152,18828,249,814983532837,1.8838,1.4629,14.7287,16655300,101500,487900,0,1100,0
post_load_walking,0,16.6826,16.7562,1.7019,12436,247,814983699099,2.1490,1.6117,14.5799,16693700,80300,249300,0,1000,0
post_load_walking,0,16.6550,16.6172,1.6978,12436,245,814983866661,1.6147,0.6994,14.9787,16588400,61600,353500,0,1100,0
post_load_walking,0,16.6669,16.6652,1.6650,12436,243,814984032833,1.9107,0.7721,14.7447,16624800,82000,291600,0,1400,0
post_load_walking,0,16.9918,16.7301,1.6384,12436,243,814984199485,1.6525,0.6489,15.0414,16976000,67800,264000,0,1100,0
post_load_walking,0,16.6414,16.6158,1.5462,18828,240,814984366786,1.8751,0.6656,14.7132,16626300,98600,485800,0,1000,0
post_load_walking,0,16.6700,16.6642,1.8483,12436,240,814984532944,1.8633,0.8398,14.7616,16663600,90000,402500,0,1100,0
post_load_walking,0,16.6653,16.9897,1.6302,12436,234,814984699586,1.9087,0.8036,15.0673,16648900,69900,275200,0,1200,0
post_load_walking,0,17.1033,16.6371,1.8698,12436,235,814984869483,2.0677,0.8442,14.5588,17111200,70600,261900,0,1000,0
post_load_walking,0,16.6492,16.6766,1.6691,12436,233,814985035854,2.1716,0.7613,14.4920,16576700,74300,289500,0,800,0
post_load_walking,0,17.1115,16.6612,1.5585,18828,233,814985202620,1.8020,0.7161,14.8470,17100500,66200,483500,0,1000,0
post_load_walking,0,17.1553,17.1422,1.7613,12436,230,814985369232,1.7165,1.5649,15.3951,17142300,66300,231500,0,1400,0
post_load_walking,0,16.6673,16.6113,1.6323,12436,230,814985540654,2.0416,0.7632,14.5351,16652100,67300,255400,0,1500,0
post_load_walking,0,16.6680,17.1150,1.8483,12436,226,814985706767,2.0970,0.5679,15.0035,16654600,70100,301400,0,1200,0
post_load_walking,0,16.6675,17.1559,1.5401,12436,226,814985877917,1.9691,0.6961,15.1734,16654300,77900,372800,0,1400,0
post_load_walking,0,16.6653,16.6666,1.8166,18828,224,814986049476,2.1201,1.4690,14.5322,16645900,85500,778300,0,1700,0
post_load_walking,0,16.6942,16.6698,1.5319,12436,225,814986216142,1.9191,0.7694,14.7357,16685900,80100,447500,0,1400,0
post_load_walking,0,16.6635,16.6692,1.5043,22276,225,814986382840,2.2173,0.8897,14.4371,16637500,87100,691800,0,1800,0
post_load_walking,0,16.6678,16.6610,1.8442,12436,190,814986549532,2.2710,0.8857,14.3750,16655700,72800,332400,0,1400,0
post_load_walking,0,16.6689,16.7042,1.4705,12436,189,814986716142,2.3391,0.8571,14.3470,16657600,73700,258700,0,1300,0
post_load_walking,0,16.6671,16.6534,1.4234,18828,189,814986883184,2.5842,0.6405,14.0533,16649600,79200,550700,0,1800,0
post_load_walking,0,16.6679,16.6695,1.4920,12436,186,814987049718,1.8641,0.6518,14.7918,16650600,86300,440800,0,1600,0
post_load_walking,0,16.6619,16.6730,1.4510,12436,188,814987216413,1.7470,1.1888,14.9109,16639900,78700,289100,0,1700,0
post_load_walking,0,16.6691,16.6662,1.8360,12436,155,814987383143,2.0635,0.7641,14.5862,16660700,65300,290000,0,1100,0
post_load_walking,0,16.6674,16.6677,1.4090,12436,156,814987549805,1.9870,0.6651,14.6637,16655100,69200,264900,0,1100,0
post_load_walking,0,16.6660,16.6535,1.4735,18828,154,814987716482,1.8601,0.6150,14.7799,16651300,71800,834400,0,1100,0
post_load_walking,0,16.6661,16.6725,1.4162,12436,154,814987883017,1.4818,0.5996,15.1790,16649800,73500,313600,0,1200,0
post_load_walking,0,16.6677,16.6686,1.4735,12436,154,814988049742,1.5494,0.7639,15.1058,16658300,74700,305600,0,1100,0
post_load_walking,0,16.6660,16.6649,1.7357,12436,154,814988216428,2.0960,0.6256,14.5555,16651100,68800,261500,0,1300,0
post_load_walking,0,16.6650,16.6624,1.4531,12436,154,814988383077,2.0617,1.2460,14.5882,16650300,67600,268100,0,1100,0
post_load_walking,0,16.6708,16.6695,1.4531,18828,156,814988549701,1.9149,0.5868,14.7434,16664800,71000,508500,0,1000,0
post_load_walking,0,16.6675,16.6647,1.4326,12436,152,814988716396,1.8024,0.7423,14.8487,16655900,73600,277400,0,1400,0
post_load_walking,0,16.6657,16.6622,1.9210,12436,150,814988883043,1.9384,0.6476,14.7120,16648200,73000,369000,0,1400,0
post_load_walking,0,16.6700,16.6776,1.7879,12436,151,814989049665,2.0610,0.6449,14.6040,16659500,78400,283200,0,1200,0
post_load_walking,0,16.6642,16.6689,1.4213,12436,144,814989216441,1.7290,1.0134,14.9270,16645300,76600,377700,0,1300,0
post_load_walking,0,16.6655,16.6622,1.4275,18828,142,814989383130,1.6058,0.7632,15.0425,16651000,69900,532100,0,1300,0
post_load_walking,0,16.6708,16.6732,1.4213,12436,142,814989549752,1.5611,0.6655,15.0986,16663500,72400,272200,0,1400,0
post_load_walking,0,16.6776,16.6607,1.4520,12436,142,814989716484,1.9469,0.8153,14.6984,16678100,72900,324700,0,1100,0
post_load_walking,0,16.6566,16.6639,1.7398,12436,140,814989883091,1.8430,0.5618,14.8080,16599800,66500,286400,0,1100,0
post_load_walking,0,16.6644,16.6776,1.4305,12436,135,814990049730,1.6758,0.6038,14.9878,16647800,80700,261300,0,1400,0
post_load_walking,0,16.6682,16.7078,1.4131,18828,135,814990216506,1.7131,0.9751,14.9653,16655600,69700,505600,0,1300,0
post_load_walking,0,16.6667,16.6255,1.4469,12436,135,814990383584,1.5368,0.6526,15.0631,16653800,71100,246800,0,1200,0
post_load_walking,0,16.6673,16.6609,1.4182,12436,135,814990549839,1.6529,0.6256,14.9950,16655400,69200,293400,0,1900,0
post_load_walking,0,16.6671,16.6692,1.7347,12436,135,814990716448,1.7697,0.5239,14.8860,16653800,71300,358600,0,1200,0
post_load_walking,0,16.6681,16.6677,1.4254,12436,135,814990883140,1.5315,0.7244,15.1224,16656500,92600,343900,0,1100,0
post_load_walking,0,16.6676,16.6683,1.4500,29260,135,814991049817,1.9196,0.7523,14.7360,16649600,90500,560800,0,1500,0
post_load_walking,0,16.6677,16.6669,1.4510,12512,116,814991216500,1.9399,1.0257,14.7139,16665200,84600,301500,0,1400,0
post_load_walking,0,16.6656,16.6721,1.4510,12512,116,814991383169,1.9029,1.6995,14.7537,16618400,89900,283900,760200,1600,0
post_load_walking,0,16.6666,16.6653,1.7807,12512,114,814991549890,2.1277,0.5405,14.5222,16652200,86100,285500,0,1400,0
post_load_walking,0,16.6672,16.6820,1.4336,12512,114,814991716543,1.6781,0.5989,14.9874,16651300,84000,429200,0,1500,0
post_load_walking,0,16.6662,16.6508,1.4377,18904,112,814991883363,1.7861,0.5794,14.8323,16650400,82100,642200,0,1300,0
post_load_walking,0,16.8792,16.6679,1.4756,12512,112,814992049871,1.7997,0.6761,14.8526,16866500,86900,273400,0,1400,0
post_load_walking,0,16.6642,16.6658,1.4520,12512,112,814992216550,2.2675,0.6856,14.3839,16644300,83200,268700,0,1200,0
post_load_walking,0,16.6711,16.6645,1.7981,12512,112,814992383208,1.9542,0.5815,14.6962,16664000,79600,327800,0,1500,0
post_load_walking,0,16.6648,16.8829,1.4490,12512,112,814992549853,1.4659,0.5341,15.4009,16643300,82300,261500,0,1400,0
post_load_walking,0,16.6665,16.6584,1.4612,18904,112,814992718682,1.5589,0.9128,15.0854,16651000,88400,539900,0,1600,0
post_load_walking,0,16.6655,16.6791,1.4520,12512,112,814992885266,1.6685,0.7081,14.9955,16648100,111300,329800,0,1700,0
post_load_walking,0,16.6695,16.6619,1.4664,12512,113,814993052057,1.7599,0.6555,14.8836,16661500,87500,298300,0,1400,0
post_load_walking,0,16.6646,16.6663,1.8104,12512,113,814993218676,1.8531,0.9288,14.7980,16643100,84000,257900,0,1200,0
post_load_walking,0,16.6692,16.6633,1.4275,12512,114,814993385339,1.8399,0.5407,14.8083,16659000,76000,264900,0,1300,0
post_load_walking,0,16.6673,16.6755,1.6026,18904,114,814993551972,1.5191,0.5366,15.1424,16649700,89900,670400,0,1500,0
post_load_walking,0,16.6646,16.6572,1.4776,12512,114,814993718727,1.5828,0.5211,15.0605,16645800,83000,604500,0,1300,0
post_load_walking,0,16.6659,16.6735,1.4879,12512,114,814993885299,1.8161,1.0954,14.8434,16650700,75400,270600,0,1200,0
post_load_walking,0,16.6686,16.6655,1.7981,12512,114,814994052034,1.9108,0.6264,14.7391,16658100,77400,267500,0,1200,0
post_load_walking,0,16.6672,16.6618,1.4797,12512,114,814994218689,1.9349,0.7070,14.7110,16652500,81200,375100,0,1500,0
post_load_walking,0,16.6708,16.6640,1.5647,18904,114,814994385307,1.6213,0.7003,15.0294,16660700,122900,859400,0,1600,0
post_load_walking,0,16.6955,16.6720,1.5524,12512,114,814994551947,1.4488,0.9151,15.2093,16680600,101600,510100,0,2000,0
post_load_walking,0,16.6449,16.6665,1.5749,12512,114,814994718667,1.6233,1.0007,15.0293,16615600,107200,401700,0,1800,0
post_load_walking,0,16.6684,16.6773,1.5688,12512,107,814994885332,2.7855,1.2968,13.8754,16649500,98500,474200,0,1800,0
post_load_walking,0,16.6669,16.7037,1.5319,12512,107,814995052105,2.2539,1.0825,14.4269,16647200,94100,473700,0,1900,0
post_load_walking,0,16.6646,16.6356,1.8063,18904,106,814995219142,2.0033,1.4876,14.6124,16645000,85300,642700,0,1600,0
post_load_walking,0,16.6654,16.6666,1.5677,12512,106,814995385498,1.8648,0.6909,14.7847,16650200,81900,246500,0,1500,0
post_load_walking,0,16.6696,16.6668,1.5852,12512,106,814995552164,1.8721,0.6811,14.7754,16659900,81100,335800,0,1400,0
post_load_walking,0,16.6667,16.6621,1.7971,12512,106,814995718832,1.7888,0.6855,14.8562,16648600,107900,285900,0,1200,0
post_load_walking,0,16.6663,16.6632,1.5790,12512,106,814995885453,1.5246,0.6994,15.1257,16650500,83900,316500,0,1400,0
post_load_walking,0,16.6657,16.6752,1.4500,18904,106,814996052085,1.7895,0.5819,14.8706,16649500,87600,607900,0,1600,0
post_load_walking,0,16.6695,16.6648,1.5759,12512,104,814996218837,2.0098,0.5924,14.6389,16655800,100600,272900,0,1400,0
post_load_walking,0,16.6660,16.6653,1.5770,12512,104,814996385485,2.0471,0.7057,14.6035,16649100,88900,486100,0,2400,0
post_load_walking,0,16.6676,16.6650,1.8309,12512,104,814996552138,1.8876,0.5927,14.7621,16653100,117000,289100,0,19900,0
post_load_walking,0,16.6687,16.6719,1.6108,12512,104,814996718788,1.8507,1.2457,14.8053,16638100,88500,288700,0,1500,0
post_load_walking,0,16.6640,16.6640,1.5012,18904,104,814996885507,2.2895,0.5893,14.3596,16646000,87600,611800,0,1600,0
post_load_walking,0,16.6693,16.6833,1.5995,12512,102,814997052147,2.0337,1.0046,14.6196,16655300,95400,305700,0,1300,0
post_load_walking,0,16.6756,16.6566,1.5841,22868,104,814997218980,2.0068,0.7423,14.6314,16675400,80400,273700,0,1800,0
post_load_walking,0,16.6550,16.6609,1.7920,12512,325,814997385546,1.9323,0.8609,14.7139,16595500,74900,267600,0,1600,0
post_load_walking,0,16.6796,16.6710,1.5657,12512,327,814997552155,1.6678,3.4027,14.9876,16684300,83400,252100,0,1200,0
post_load_walking,0,16.6568,16.7057,1.8862,18904,325,814997718865,2.0925,2.0504,14.5832,16608800,74200,623200,0,1100,0
post_load_walking,0,16.6672,16.6186,1.6579,12512,326,814997885922,1.6020,0.6727,14.9934,16654100,74600,243500,0,1300,0
post_load_walking,0,16.6652,16.7094,1.6210,12512,326,814998052108,1.6976,0.9869,14.9870,16649300,81700,408300,0,1300,0
post_load_walking,0,16.6651,16.6296,1.9077,12512,325,814998219202,2.4513,0.5978,14.1575,16639100,72300,257400,0,1200,0
post_load_walking,0,16.6674,16.6673,1.5933,12512,322,814998385498,1.6579,1.2719,14.9963,16659300,71700,273000,0,1000,0
post_load_walking,0,16.6672,16.6740,1.5698,18904,323,814998552171,1.5245,0.5740,15.1249,16657600,75900,614600,0,900,0
post_load_walking,0,16.6684,16.6490,1.6097,12512,325,814998718911,1.8135,0.6316,14.8256,16660500,72200,311200,0,8000,0
post_load_walking,0,16.6655,16.6686,1.6292,12512,326,814998885401,1.4825,1.4256,15.1768,16650500,72400,241700,0,1100,0
post_load_walking,0,16.6668,16.6679,1.9005,12512,326,814999052087,1.6866,0.9732,14.9710,16657400,74200,288200,0,1200,0
post_load_walking,0,16.6684,16.6722,1.6261,12512,326,814999218766,1.5949,0.7848,15.0657,16660000,68400,1125800,0,1000,0
post_load_walking,0,16.6646,16.6615,1.6241,18904,326,814999385488,1.4736,0.8844,15.1770,16650700,71900,481600,0,1100,0
post_load_walking,0,16.6683,16.6674,1.6620,12512,327,814999552103,1.4030,0.7720,15.2545,16656500,75500,216000,0,1000,0
post_load_walking,0,16.6983,16.6717,1.6527,12512,326,814999718777,2.4946,0.7453,14.1656,16704300,87500,275400,0,900,0
post_load_walking,0,16.6509,16.6616,1.8545,22868,324,814999885494,1.7002,0.5141,14.9506,16640400,79400,489900,0,1100,0
post_load_walking,0,16.6537,16.6672,1.6148,12512,630,815000052110,1.7640,0.7504,14.8925,16603200,76400,256700,0,1200,0
post_load_walking,0,16.6678,16.7180,2.1668,18904,630,815000218782,1.6374,7.8878,15.0669,16654800,77600,514500,0,1100,0
post_load_walking,0,16.6710,16.6710,1.8084,12512,630,815000385962,2.6359,8.7243,14.0048,16658000,75400,336500,0,1100,0
post_load_walking,0,17.2432,16.6192,1.8166,12512,630,815000552672,1.8337,0.8583,14.7697,17229500,76400,240000,0,1400,0
post_load_walking,0,17.1882,16.6667,1.7787,12512,630,815000718864,2.0906,0.9932,14.5644,17171500,255300,266800,0,1200,0
post_load_walking,0,16.6635,16.6739,1.8780,12512,626,815000885531,2.1046,1.1371,14.5538,16648200,88800,263800,0,1000,0
post_load_walking,0,16.6656,17.2443,2.1801,18904,629,815001052270,1.9491,0.9854,15.2805,16650700,94200,595400,0,1100,0
post_load_walking,0,16.6640,17.1874,1.8545,12512,629,815001224713,2.4743,0.9364,14.6973,16643700,76300,269100,0,1100,0
post_load_walking,0,16.6679,16.6627,2.2006,12512,632,815001396587,2.5928,1.0032,14.0555,16662400,75800,258300,0,800,0
post_load_walking,0,16.6687,16.6675,1.8862,12512,629,815001563214,2.6338,0.9554,14.0169,16653900,70900,229800,0,1000,0
post_load_walking,0,16.9585,16.6560,1.8575,12512,632,815001729889,2.2603,0.7909,14.3835,16942800,84800,226800,0,800,0
post_load_walking,0,16.6460,16.6750,2.1842,18904,631,815001896449,1.9840,1.0641,14.6784,16630200,74600,486500,0,1000,0
post_load_walking,0,16.6684,16.6661,1.8770,12512,632,815002063199,1.8732,0.7248,14.7809,16654800,75200,255400,0,1100,0
post_load_walking,0,16.6676,16.9596,2.2190,12512,631,815002229860,2.3116,1.1439,14.6314,16651800,86300,445000,0,1500,0
post_load_walking,0,16.6694,16.6455,1.8627,12512,632,815002399456,2.2376,0.9741,14.3927,16658000,80300,380700,0,1400,0
post_load_walking,0,16.6648,16.6712,2.2426,12512,631,815002565911,1.8538,1.8369,14.8011,16646200,94100,327800,0,1600,0
post_load_walking,0,16.6678,16.6662,1.9046,18904,631,815002732623,2.2078,1.1153,14.4443,16648800,100000,632500,0,1400,0
post_load_walking,0,16.6650,16.6743,1.8985,12512,627,815002899285,2.2779,1.2299,14.3802,16646400,90400,290100,0,1700,0
post_load_walking,0,16.6676,16.6665,2.2159,12512,621,815003066028,2.4061,1.3219,14.2402,16652700,92300,302800,0,1500,0
post_load_walking,0,16.6668,16.6651,1.9220,12512,622,815003232693,2.5196,1.3131,14.1293,16672800,87000,354600,0,1500,0
post_load_walking,0,16.6679,16.6622,1.8565,12512,623,815003399344,2.3673,0.8831,14.2793,16630200,88600,344500,0,1700,0
post_load_walking,0,16.6647,16.6681,1.8995,18904,620,815003565966,2.0781,1.5994,14.5746,16645100,82500,530100,0,1600,0
post_load_walking,0,16.6675,16.6893,1.9364,12512,620,815003732647,2.1820,1.5119,14.4910,16653600,79400,282400,0,1200,0
post_load_walking,0,16.6830,16.6463,2.2077,12512,612,815003899540,2.2738,1.2678,14.3564,16688600,77400,305900,0,1400,0
post_load_walking,0,16.6505,16.6621,1.8719,12512,618,815004066003,2.4230,0.8493,14.2222,16587100,82400,274000,0,1600,0
post_load_walking,0,16.6648,16.6683,1.8647,12512,617,815004232624,2.3779,1.3627,14.2758,16649500,75800,285400,0,1400,0
post_load_walking,0,16.6807,16.7179,1.8401,18904,615,815004399307,2.1216,0.8790,14.5674,16677300,68900,617000,0,1100,0
post_load_walking,0,16.6580,16.6121,1.8811,12512,616,815004566486,2.2136,0.7322,14.3734,16644700,74500,289400,0,1100,0
post_load_walking,0,16.6674,16.6604,2.1965,12512,613,815004732607,1.9188,0.9119,14.7308,16651500,85700,417500,0,1400,0
post_load_walking,0,16.6658,16.6889,1.8463,12512,607,815004899211,2.1246,1.1264,14.5528,16652100,81900,297800,0,1300,0
post_load_walking,0,16.6665,16.6583,1.8156,12512,604,815005066100,2.1378,1.1256,14.5071,16650700,85500,277100,0,1300,0
post_load_walking,0,16.6678,16.6664,2.1852,18904,601,815005232683,2.3398,0.8393,14.3118,16656800,76700,499500,0,1200,0
post_load_walking,0,16.6680,16.6658,1.8493,12512,595,815005399347,2.1105,0.8525,14.5418,16654000,84200,299200,0,1300,0
post_load_walking,0,16.6989,16.6638,2.1207,12512,588,815005566005,1.8014,0.9282,14.8494,16683700,84200,277500,0,1400,0
post_load_walking,0,16.7722,16.6710,1.8166,12512,591,815005732643,1.9875,0.9595,14.6694,16766100,82600,281900,0,1400,0
post_load_walking,0,16.6659,16.6688,1.8196,12512,586,815005899353,2.6476,0.8198,14.0066,16640200,89200,288600,0,1600,0
post_load_walking,0,16.6664,16.6984,1.8156,18904,590,815006066041,2.2253,0.9017,14.4585,16651300,89800,578200,0,1600,0
post_load_walking,0,16.6668,16.7820,1.8412,12512,593,815006233025,2.3105,0.9787,14.4561,16651100,85900,419800,0,1400,0
post_load_walking,0,16.6663,16.6557,2.2139,12512,593,815006400845,2.3030,1.0792,14.3374,16653700,86200,395400,0,1400,0
post_load_walking,0,16.6695,16.6663,1.8831,12512,592,815006567402,2.1709,1.0790,14.4805,16656000,85400,450600,0,1600,0
post_load_walking,0,16.6670,16.6667,1.8627,12512,592,815006734065,2.3089,1.4131,14.3423,16649300,91500,306500,0,1500,0
post_load_walking,0,16.6669,16.6679,1.8432,18904,591,815006900732,2.3868,0.9486,14.2669,16649700,87300,585100,0,1800,0
post_load_walking,0,16.6617,16.6718,1.8749,12512,586,815007067411,2.3654,0.9120,14.2908,16641700,87600,335500,0,1600,0
post_load_walking,0,16.6834,16.6658,2.2600,12512,585,815007234129,2.3942,1.0310,14.2551,16691700,74500,299400,0,1000,0
post_load_walking,0,16.6511,16.6651,1.8903,12512,586,815007400787,2.4345,1.0799,14.2153,16594500,67500,307700,0,900,0
post_load_walking,0,16.6686,16.6534,1.8842,12512,586,815007567438,2.2488,1.2975,14.3929,16660600,70600,233800,0,1000,0
post_load_walking,0,16.6685,16.7169,1.8934,18904,585,815007733972,1.7435,1.2601,14.9485,16658400,74000,638100,0,1100,0
post_load_walking,0,16.6685,16.6167,1.9354,12512,586,815007901141,1.8970,0.7801,14.6974,16658300,85600,270000,0,1100,0
post_load_walking,0,16.6662,16.6721,2.2897,12512,585,815008067308,1.7599,1.4080,14.9010,16651800,94300,298900,0,1400,0
post_load_walking,0,16.6672,16.6694,1.8760,12512,585,815008234029,2.1319,1.0306,14.5267,16651800,81300,316500,0,1300,0
post_load_walking,0,16.6621,16.6726,1.9896,12512,584,815008400723,2.4519,0.8173,14.2066,16641400,87100,271600,745300,1600,0
post_load_walking,0,16.6684,16.6664,2.0429,18904,586,815008567449,2.0548,1.1608,14.5972,16661600,69900,474100,0,1000,0
post_load_walking,0,16.6682,16.6678,2.0275,12512,586,815008734113,2.0671,0.9501,14.5849,16660400,84200,313600,0,1200,0
post_load_walking,0,16.6799,16.6511,2.2344,12512,585,815008900791,2.1663,0.8425,14.4752,16688700,81600,227600,0,1200,0
post_load_walking,0,16.6640,16.6720,2.0357,12512,586,815009067302,2.1246,0.9488,14.5371,16608400,74600,239000,0,900,0
post_load_walking,0,16.6751,16.6720,3.3649,12512,586,815009234022,2.4484,1.0966,14.2121,16670800,91400,239400,0,1500,0
post_load_walking,0,16.6576,16.7147,1.9896,18904,577,815009400742,2.4631,0.8781,14.2259,16606000,68600,481500,0,1000,0
post_load_walking,0,16.6647,16.6343,2.0357,12512,585,815009567889,2.1025,0.9121,14.5059,16647600,87300,246400,0,1300,0
post_load_walking,0,16.7525,16.6981,2.3665,12512,586,815009734232,2.3650,0.9422,14.3061,16741900,81800,251500,0,900,0
post_load_walking,0,16.6601,16.6314,2.1074,12512,586,815009901213,2.3852,1.1272,14.2208,16644600,73500,289900,0,1300,0
post_load_walking,0,16.7293,16.6597,2.0593,12512,586,815010067527,2.3515,0.7510,14.2961,16738700,77200,255800,0,1100,0
post_load_walking,0,16.9301,16.7562,2.0204,18904,536,815010234124,2.3367,1.0120,14.4054,16904500,79000,671700,0,1500,0
post_load_walking,0,16.6495,16.6582,1.9405,12512,537,815010401686,2.8780,0.8436,13.7667,16593700,69900,245300,0,1000,0
post_load_walking,0,16.6673,16.7630,2.3122,12512,531,815010568268,2.5211,0.9157,14.2181,16651200,86000,235800,0,1100,0
post_load_walking,0,16.6666,16.9321,2.0716,12512,532,815010735898,2.5696,0.9064,14.3352,16655500,103900,379200,0,1600,0
post_load_walking,0,16.6668,16.6153,1.8852,12512,533,815010905219,2.3184,1.0284,14.2755,16651600,92700,299300,0,1300,0
post_load_walking,0,16.6696,16.6631,1.9794,18904,533,815011071372,2.0908,1.2494,14.5606,16659100,76600,686400,0,1500,0
post_load_walking,0,16.6656,16.6701,2.0183,12436,528,815011238003,2.7243,1.3560,13.9313,16645700,78400,264400,0,1300,0
post_load_walking,0,16.6651,16.6661,2.2323,12436,531,815011404704,2.5136,0.9557,14.1380,16650400,69100,253000,0,1100,0
post_load_walking,0,16.6657,16.6742,1.9661,12436,531,815011571365,2.6403,0.7833,14.0189,16651700,66200,246400,0,1100,0
post_load_walking,0,16.6669,16.6617,1.9835,12436,536,815011738107,2.4659,0.7912,14.1800,16654800,64600,244700,0,1300,0
post_load_walking,0,16.6851,16.6643,2.0838,18828,527,815011904724,2.3562,0.8449,14.2942,16702700,140000,467300,0,700,0
post_load_walking,0,16.6484,16.6617,1.9999,12436,528,815012071367,1.8230,0.7533,14.8288,16577500,72400,245000,0,1100,0
post_load_walking,0,16.6858,16.6635,2.2333,12436,528,815012237984,2.1879,0.8102,14.4668,16692300,59400,308300,0,1000,0
post_load_walking,0,16.6816,16.7312,2.0193,12436,528,815012404619,2.3232,0.7257,14.3799,16657300,55600,237200,0,1000,0
post_load_walking,0,16.6753,16.6032,2.0470,12436,528,815012571931,2.5655,0.8516,14.0119,16673800,71200,258800,0,1400,0
post_load_walking,0,16.6791,16.7053,1.9835,18828,526,815012737963,2.0782,0.8082,14.6143,16636500,61600,522000,0,1000,0
post_load_walking,0,16.6647,16.6687,1.9497,12436,529,815012905016,2.2698,0.7616,14.3875,16686800,60400,266200,0,1000,0
post_load_walking,0,16.6689,16.6927,2.2016,12436,518,815013071703,2.2972,1.2470,14.3767,16627800,85600,288200,0,900,0
post_load_walking,0,16.6671,16.6574,2.0101,12436,512,815013238630,2.1241,0.7863,14.5124,16651100,76400,338700,0,1500,0
post_load_walking,0,16.6652,16.7011,2.2620,12436,507,815013405204,2.1549,1.3003,14.5321,16652600,76800,274700,0,1300,0
post_load_walking,0,16.9264,16.6416,1.8903,18828,510,815013572215,2.0099,1.0597,14.6181,16903400,73000,612900,0,1500,0
post_load_walking,0,16.7092,16.6685,1.8371,12436,513,815013738631,1.9130,0.8794,14.7383,16693500,66300,323200,0,1100,0
post_load_walking,0,16.9820,16.6681,1.9876,12436,513,815013905316,2.0326,1.5198,14.6201,16975500,62300,261400,0,800,0
post_load_walking,0,16.6548,16.9166,1.9784,12436,363,815014071997,2.0928,1.0148,14.8107,16637000,83800,338000,0,1300,0
post_load_walking,0,16.6651,16.7051,2.4361,12436,359,815014241163,2.0102,0.8153,14.6835,16647800,73500,321800,0,900,0
post_load_walking,0,16.9319,16.9899,2.0490,18828,360,815014408214,2.1650,0.9187,14.8106,16921500,71700,569600,0,1000,0
post_load_walking,0,16.8409,16.6507,2.2252,12436,356,815014578113,2.1714,0.7409,14.4656,16851700,115200,261800,0,1200,0
post_load_walking,0,16.7263,16.6598,2.0910,22276,352,815014744620,1.9275,0.9753,14.7203,16656800,69000,262900,0,1000,0
post_load_walking,0,16.6481,16.9363,2.1309,12436,332,815014911218,2.5492,1.2200,14.3723,16642400,67000,259600,0,700,0
post_load_walking,0,16.7176,16.8815,2.2897,12436,327,815015080581,2.1149,0.8023,14.7372,16705300,75600,261300,0,1000,0
post_load_walking,0,16.6664,16.6804,2.0173,18828,325,815015249396,2.1392,0.7321,14.5174,16649800,68800,730400,0,1000,0
post_load_walking,0,16.6764,16.6548,2.0347,12436,327,815015416200,1.8131,0.7499,14.8293,16679600,73300,249000,0,1000,0
post_load_walking,0,16.6976,16.7177,2.0470,12436,327,815015582748,2.0036,0.8650,14.7019,16653100,145600,242200,0,1100,0
post_load_walking,0,16.7000,16.6626,1.9763,12436,324,815015749925,2.0119,1.0299,14.6381,16689400,64700,237300,0,800,0
post_load_walking,0,16.6854,16.7044,2.3859,12436,323,815015916551,1.9803,0.7513,14.6996,16673800,78900,232500,0,1000,0
post_load_walking,0,16.6652,16.6729,2.0890,18828,323,815016083595,2.2463,0.8639,14.4069,16646400,69800,542600,0,1100,0
post_load_walking,0,16.6655,16.7013,1.9814,12436,324,815016250324,2.2107,0.7402,14.4789,16649600,72400,286800,0,1100,0
post_load_walking,0,16.6657,16.6898,2.0838,12436,324,815016417337,1.9559,1.2732,14.7179,16652100,67300,264300,0,900,0
post_load_walking,0,16.6696,16.6615,2.1105,22792,316,815016584235,2.0722,1.2791,14.5744,16663100,75400,240200,0,900,0
post_load_walking,0,16.8925,16.6618,2.4381,12436,261,815016750850,1.8262,0.7010,14.8235,16876700,77500,287700,0,1000,0
post_load_walking,0,16.6707,16.6630,1.6701,18828,257,815016917468,1.7719,1.5112,14.8803,16656700,72800,566500,0,1200,0
post_load_walking,0,16.6607,16.6758,1.6067,12436,256,815017084098,2.1236,0.9750,14.5396,16647100,66700,230400,0,1400,0
post_load_walking,0,16.6710,16.8904,1.6189,12436,252,815017250856,1.8769,1.0609,14.9999,16667800,58500,237300,0,900,0
post_load_walking,0,16.6648,16.6701,1.5831,12436,251,815017419760,2.1270,0.6406,14.5298,16643300,104000,240000,0,1600,0
post_load_walking,0,16.6783,16.6569,1.8944,12436,251,815017586461,1.8950,0.6029,14.7520,16675500,65000,228500,0,1000,0
post_load_walking,0,16.6593,16.6802,1.5852,18828,247,815017753030,1.7278,0.6783,14.9401,16628500,122000,597900,0,900,0
post_load_walking,0,16.6668,16.6570,1.5780,12436,248,815017919832,2.2873,0.5751,14.3561,16657100,62400,255100,0,1100,0
post_load_walking,0,16.6694,16.6949,1.5657,12436,242,815018086402,1.7666,0.8187,14.9090,16658200,60400,240700,0,1100,0
post_load_walking,0,16.6628,16.6423,1.5442,12436,242,815018253351,2.2847,0.6509,14.3438,16653600,59900,265600,0,1200,0
post_load_walking,0,16.7444,16.6669,1.9087,12436,241,815018419774,1.5388,0.6043,15.1183,16744700,53900,248000,0,900,0
post_load_walking,0,16.6763,16.6676,1.5892,18828,241,815018586443,1.6782,0.9822,14.9800,16652200,57500,471400,0,900,0
post_load_walking,0,16.6535,16.6620,1.5821,12436,238,815018753119,1.4885,0.5767,15.1650,16636700,63800,254700,0,1100,0
post_load_walking,0,17.6530,16.7617,1.5442,12436,238,815018919739,1.5669,1.0412,15.1780,17664600,60000,235300,0,900,0
post_load_walking,0,16.6932,16.6671,1.5114,12436,234,815019087356,1.6723,0.7683,14.9799,16646000,71900,254900,0,1100,0
post_load_walking,0,16.6648,16.6487,1.8668,12436,234,815019254027,1.7192,0.5753,14.9176,16612600,73800,316600,0,1000,0
post_load_walking,0,17.0342,17.6939,1.4674,18828,234,815019420514,1.7440,0.6777,15.9210,16989500,86500,515400,0,900,0
post_load_walking,0,16.7209,16.6961,1.4981,12436,234,815019597453,2.1887,0.7991,14.4574,16683500,67100,254200,0,1100,0
post_load_walking,0,16.6587,16.6588,1.6159,22276,234,815019764414,1.7925,0.7568,14.8204,16625600,86600,251200,0,1200,0
post_load_walking,0,16.6684,17.0287,1.5196,12436,190,815019931002,2.5057,0.8566,14.4840,16658900,61900,246000,0,1100,0
post_load_walking,0,17.0397,16.7101,1.4500,12436,189,815020101289,1.9753,0.5564,14.7082,17023400,60000,256000,0,1000,0
post_load_walking,0,16.8983,16.6367,1.4367,18828,189,815020268390,2.5432,0.6631,14.0825,16881700,69900,600100,0,1100,0
post_load_walking,0,16.6676,16.6744,1.8289,12436,188,815020434757,1.5514,0.5920,15.1077,16655300,67200,276000,0,1200,0
post_load_walking,0,16.6683,17.0382,1.4520,12436,187,815020601501,1.5382,1.2187,15.4854,16655600,74400,350700,0,1500,0
post_load_walking,0,16.6633,16.8946,1.4674,12436,156,815020771883,2.0413,0.7957,14.8405,16641000,81100,472400,0,1500,0
post_load_walking,0,16.6713,16.6690,1.4377,12436,156,815020940829,1.4802,0.7615,15.1752,16665300,77400,259300,0,1500,0
post_load_walking,0,16.6790,16.6725,1.4479,18828,154,815021107519,2.2479,1.6430,14.4078,16682600,77900,522400,0,1000,0
post_load_walking,0,16.6522,16.6545,1.5043,12436,154,815021274244,1.7941,0.5666,14.8469,16589300,60100,253500,0,900,0
post_load_walking,0,16.9163,16.6824,1.4285,12436,154,815021440789,1.9450,0.8243,14.7204,16906800,79000,486700,0,1000,0
post_load_walking,0,17.5572,16.7115,1.4551,12436,154,815021607613,1.9825,0.6602,14.7003,17564100,77800,264300,0,1200,0
post_load_walking,0,16.6465,16.6147,1.4326,18828,154,815021774728,1.7233,0.7339,14.8659,16601700,61800,653200,0,1000,0
post_load_walking,0,16.6701,16.9188,1.4234,12436,156,815021940875,2.0107,0.6878,14.8962,16650900,56500,242200,0,1300,0
post_load_walking,0,16.7405,17.5833,1.4838,12436,152,815022110063,1.9048,0.8000,15.6597,16746600,63200,239200,0,900,0
post_load_walking,0,16.7134,16.6254,1.4582,12436,151,815022285896,2.1920,0.6515,14.4099,16660500,66400,251100,0,1000,0
post_load_walking,0,16.6549,16.6634,1.8258,12436,151,815022452150,1.6727,0.5476,14.9783,16592200,59500,238600,0,600,0
post_load_walking,0,16.8801,16.7780,1.5124,18828,144,815022618784,1.6916,0.6014,15.0555,16863700,76800,559000,0,1300,0
post_load_walking,0,16.6664,16.7104,1.5391,12436,142,815022786564,1.7452,0.4814,14.9154,16649000,76100,242800,0,1000,0
post_load_walking,0,16.6681,16.6229,1.4971,12436,142,815022953668,1.7126,0.8340,14.8795,16655000,61000,251400,0,1100,0
post_load_walking,0,16.6780,16.8791,1.5237,12436,142,815023119897,2.0280,1.1017,14.8357,16678100,77700,306000,0,1300,0
post_load_walking,0,16.9829,16.6623,1.7705,12436,140,815023288688,1.5505,0.5763,15.0988,16954400,70800,261100,0,1400,0
post_load_walking,0,16.9191,16.6735,1.5165,18828,135,815023455311,1.5982,0.9492,15.0569,16894300,154100,486400,0,800,0
post_load_walking,0,17.0281,16.7009,1.7551,12436,134,815023622046,1.7535,0.7746,14.9249,16967900,66200,246400,0,1000,0
post_load_walking,0,16.6669,16.9926,1.5329,12436,135,815023789055,1.8721,0.7689,15.0827,16652900,62100,265800,0,1100,0
post_load_walking,0,16.6688,16.9303,1.5309,12436,134,815023958981,2.4294,0.7474,14.4647,16657300,63600,305000,0,1100,0
post_load_walking,0,16.6683,16.9807,1.5196,12436,135,815024128284,1.9357,0.7917,15.0324,16656600,72100,265900,0,1100,0
post_load_walking,0,16.6653,16.6673,1.4787,18828,135,815024298091,1.6513,0.8906,15.0018,16648900,70400,563700,0,1500,0
post_load_walking,0,16.6676,16.6718,1.8299,22868,135,815024464764,1.6055,0.6243,15.0519,16651900,80700,258000,0,1100,0
post_load_walking,0,16.6629,16.6708,1.4264,12512,116,815024631482,1.6738,0.6525,14.9829,16644400,76400,318400,0,1200,0
post_load_walking,0,16.6689,16.6633,1.7971,12512,116,815024798190,1.7255,1.4549,14.9236,16660600,69300,240900,0,1100,0
post_load_walking,0,16.6685,16.6662,1.5155,12512,113,815024964823,1.7693,0.8111,14.8827,16657900,75400,262500,0,1300,0
post_load_walking,0,16.6679,16.6579,1.5350,18904,114,815025131485,1.7560,0.4691,14.8885,16651800,81700,714100,0,1200,0
post_load_walking,0,16.6638,16.6726,1.8125,12512,112,815025298064,1.3454,0.5613,15.3153,16645400,85500,1421100,866300,1400,0
post_load_walking,0,16.6707,16.6723,1.4377,12512,112,815025464790,1.5145,1.1053,15.1436,16678000,78800,299700,0,1100,0
post_load_walking,0,16.6650,16.6662,1.7859,12512,112,815025631513,1.9034,1.4789,14.7486,16629600,95700,346100,0,2000,0
post_load_walking,0,16.6643,16.6595,1.5340,12512,112,815025798175,2.8516,1.0923,13.7938,16644600,82600,292300,0,1200,0
post_load_walking,0,16.6706,16.6933,1.5350,18904,112,815025964770,1.6491,0.8808,15.0291,16665900,75500,694600,0,1300,0
post_load_walking,0,16.6680,16.6452,1.7644,12512,112,815026131703,2.4305,0.7961,14.1993,16647400,86200,282500,0,1300,0
post_load_walking,0,16.6657,16.6590,1.5565,12512,112,815026298155,1.6695,1.1463,14.9752,16648000,82800,278500,0,1500,0
post_load_walking,0,16.6639,16.6820,1.5247,12512,113,815026464745,1.8451,0.5960,14.8210,16645200,90300,305400,0,1600,0
post_load_walking,0,16.6671,16.6649,1.4735,12512,113,815026631565,1.8311,0.5764,14.8165,16657200,76100,392200,0,1400,0
post_load_walking,0,16.6664,16.6651,1.5309,18904,113,815026798214,1.8602,0.5981,14.7879,16650900,80500,790800,0,1400,0
post_load_walking,0,16.6690,16.6572,1.7930,12512,114,815026964865,1.5917,0.7081,15.0535,16661700,68700,272800,0,1100,0
post_load_walking,0,16.6658,16.6690,1.5759,12512,114,815027131437,1.8252,0.9746,14.8320,16649800,77300,360800,0,1200,0
post_load_walking,0,16.6657,16.6616,1.4838,12512,114,815027298127,2.1708,0.5746,14.4801,16651900,78200,288000,0,1100,0
post_load_walking,0,16.6669,16.6769,1.5565,12512,114,815027464743,1.5467,0.6650,15.1151,16655800,75900,280600,0,1300,0
post_load_walking,0,16.6673,16.6636,1.5299,18904,114,815027631512,1.8783,0.8070,14.7715,16658300,75200,532000,0,1200,0
post_load_walking,0,16.6679,16.6623,1.8821,12512,114,815027798148,1.6795,0.5073,14.9725,16657800,76300,375000,0,1700,0
post_load_walking,0,16.6835,16.6664,1.5503,12512,114,815027964771,1.4285,0.6240,15.2273,16679200,70500,252200,0,1200,0
post_load_walking,0,16.6515,16.6700,1.5544,12512,114,815028131435,1.8253,0.6189,14.8331,16673600,87100,279000,0,1300,0
post_load_walking,0,16.6741,16.6685,1.5831,12512,107,815028298135,1.8097,0.6378,14.8482,16590800,89300,263000,0,1000,0
post_load_walking,0,16.6590,16.6939,1.4643,18904,106,815028464820,1.6243,0.5554,15.0551,16645600,81300,644600,0,1200,0
post_load_walking,0,16.6743,16.7097,1.8227,12512,106,815028631759,2.2515,0.7676,14.4220,16667100,81300,265900,0,1200,0
post_load_walking,0,16.6599,16.6046,1.4623,12512,106,815028798856,1.6858,1.0628,14.9050,16642500,73500,304200,0,1100,0
post_load_walking,0,16.6685,16.6577,1.4561,12512,106,815028964902,1.5233,0.5272,15.1224,16658800,77300,285000,0,1200,0
post_load_walking,0,16.6653,16.6787,1.5483,12512,106,815029131479,1.5051,1.0097,15.1621,16647400,78600,254500,0,1000,0
post_load_walking,0,16.6698,16.6556,1.4684,18904,104,815029298266,1.5558,0.7053,15.0868,16663700,69000,566500,0,1200,0
post_load_walking,0,16.6669,16.6704,1.7869,12512,106,815029464822,1.5772,0.5711,15.0817,16651000,94000,281400,0,1800,0
post_load_walking,0,17.1160,16.6603,1.5903,12512,104,815029631526,1.5467,0.7186,15.1008,17124200,81600,536200,0,1100,0
post_load_walking,0,16.6488,16.6797,1.4828,12512,104,815029798129,1.6066,0.5825,15.0574,16577900,81600,252400,0,1300,0
post_load_walking,0,16.6698,16.6651,1.4899,12512,104,815029964926,1.5211,0.6246,15.1299,16661400,83500,260500,0,1100,0
post_load_walking,0,16.6664,17.1534,1.4889,18904,104,815030131577,1.7379,0.4992,15.3867,16652900,91200,561700,0,1300,0
post_load_walking,0,16.6676,16.6076,1.4971,12512,104,815030303111,1.6393,0.9265,14.9386,16653900,79400,296800,0,1200,0
post_load_walking,0,16.6642,16.6753,1.4797,12512,104,815030469187,1.4560,0.6125,15.2056,16644900,89000,248400,0,1300,0
post_load_walking,0,16.6678,16.6669,1.5995,22868,104,815030635940,1.8469,0.5798,14.8061,16659100,69900,242200,0,1100,0
post_load_walking,0,16.6664,16.6676,1.5913,12512,331,815030802609,1.5755,0.5394,15.0784,16653100,73700,275000,0,1400,0
post_load_walking,0,16.6699,16.6555,1.9149,18904,331,815030969285,1.4760,2.7879,15.1689,16664800,69100,484500,0,1000,0
post_load_walking,0,16.6634,16.6719,1.5606,12512,328,815031135840,1.9676,2.1867,14.6917,16644900,83900,258600,0,1300,0
post_load_walking,0,16.6826,16.6642,1.5565,12512,328,815031302559,1.5438,0.7013,15.1094,16692700,72000,324700,0,800,0
post_load_walking,0,16.6530,16.6773,1.5299,12512,328,815031469201,1.6659,0.6542,14.9990,16595500,71700,290600,0,1000,0
post_load_walking,0,16.6665,16.6565,1.5493,12512,323,815031635974,1.8408,0.7784,14.8044,16653500,72600,258900,0,800,0
post_load_walking,0,16.6882,16.7187,1.5698,18904,325,815031802539,1.9924,0.6467,14.7006,16699600,69900,592500,0,1000,0
post_load_walking,0,16.6590,16.6180,1.8821,12512,325,815031969726,1.7060,0.5719,14.8895,16608700,60300,228700,0,800,0
post_load_walking,0,16.6684,16.6644,1.5811,12512,327,815032135906,1.5663,1.6971,15.0872,16635000,69100,229800,0,1000,0
post_load_walking,0,16.6538,16.7321,1.5288,12512,326,815032302550,2.1308,0.4782,14.5691,16593100,68300,296500,0,800,0
post_load_walking,0,16.6712,16.6492,1.5432,12512,326,815032469871,1.4011,0.5113,15.2076,16667800,69500,374000,0,1300,0
post_load_walking,0,16.6635,16.6726,1.5411,18904,326,815032636363,1.5784,0.8984,15.0567,16642800,116200,499200,0,1900,0
post_load_walking,0,16.6804,16.6133,1.6046,12512,326,815032803089,1.4396,1.2932,15.1535,16683600,74300,290200,0,1000,0
post_load_walking,0,16.6546,16.6817,1.5585,12512,328,815032969222,1.5851,0.8678,15.0828,16611800,71300,271600,0,1300,0
post_load_walking,0,16.6837,16.6571,1.5626,12512,328,815033136039,1.9385,0.5942,14.7045,16690600,77500,250000,0,1000,0
post_load_walking,0,16.6499,16.7073,1.5667,22868,326,815033302610,1.7639,1.4496,14.9199,16590400,67200,235900,0,1100,0
post_load_walking,0,16.6831,16.6273,1.5452,18904,630,815033469683,1.9427,0.5538,14.6692,16700600,74400,476000,0,1100,0
post_load_walking,0,16.6518,16.7165,2.0972,12512,630,815033635956,1.6253,6.7623,15.0656,16587500,68500,245700,0,1000,0
post_load_walking,0,16.6672,16.6171,1.7971,12512,628,815033803121,2.1390,6.6290,14.4513,16654300,67500,250300,0,1000,0
post_load_walking,0,16.6818,16.7261,2.1115,12512,630,815033969292,2.0915,0.7774,14.6093,16689300,70300,236300,0,1100,0
post_load_walking,0,16.6524,16.6106,1.8565,12512,630,815034136553,2.1490,0.9112,14.4383,16604300,75300,254800,0,1100,0
post_load_walking,0,16.6813,16.6646,1.8596,18904,629,815034302659,2.1599,1.0871,14.4946,16690400,72700,480200,0,1000,0
post_load_walking,0,16.6555,16.7190,1.8852,12512,630,815034469305,2.1286,0.9306,14.5609,16599500,90900,278900,0,1100,0
post_load_walking,0,16.6798,16.6155,1.8115,12512,632,815034636495,2.1559,0.8969,14.4484,16674900,74700,286800,0,1200,0
post_load_walking,0,16.7249,16.7165,2.1955,12512,632,815034802650,2.1742,1.3627,14.5165,16705100,76300,244600,0,1000,0
post_load_walking,0,16.6696,16.6228,2.8785,12512,631,815034969815,1.9727,0.9627,14.6268,16659000,90300,318100,0,1500,0
post_load_walking,0,16.6659,16.6879,2.1996,18904,630,815035136043,2.4953,1.2727,14.1796,16646100,91300,630400,0,1400,0
post_load_walking,0,16.6668,16.7170,1.8452,12512,631,815035302922,2.0226,1.0722,14.6827,16653100,84600,288500,0,1300,0
post_load_walking,0,16.6677,16.6770,1.9282,12512,632,815035470092,2.3928,1.0679,14.2663,16654400,78700,263000,0,1200,0
post_load_walking,0,16.6994,16.6606,2.2282,12512,632,815035636862,2.4819,0.9843,14.1642,16684300,93100,324600,0,1600,0
post_load_walking,0,16.6318,16.6670,1.8534,12512,630,815035803468,2.0429,0.8334,14.6104,16614900,77600,315300,0,1200,0
post_load_walking,0,16.6658,16.6686,1.8637,18904,633,815035970138,2.0078,1.3884,14.6467,16653200,72400,519900,0,1400,0
post_load_walking,0,16.6690,16.6992,1.9036,12512,631,815036136824,2.1574,1.4742,14.5270,16675900,71300,267400,0,1000,0
post_load_walking,0,16.6823,16.6276,1.8575,12512,627,815036303816,2.0179,0.9529,14.5971,16655300,81200,284900,0,1600,0
post_load_walking,0,16.6545,16.6622,2.2692,12512,617,815036470092,2.2375,0.8223,14.4158,16644400,89200,283600,0,1000,0
post_load_walking,0,16.6634,16.6879,1.9855,12512,623,815036636714,1.9714,0.8303,14.7045,16647900,99700,293700,0,1400,0
post_load_walking,0,16.6654,16.6683,2.0531,18904,621,815036803593,2.2465,0.8225,14.4089,16649800,73200,673400,0,1000,0
post_load_walking,0,16.6813,16.6568,1.9159,12512,619,815036970276,1.9999,1.0791,14.6447,16677200,65400,259300,0,1000,0
post_load_walking,0,16.6762,16.6597,1.9753,12512,620,815037136844,2.0029,0.9204,14.6450,16661600,114000,265100,0,2200,0
post_load_walking,0,16.6550,16.6595,2.2979,12512,617,815037303441,2.4892,0.8429,14.1608,16635600,85500,289100,0,1000,0
post_load_walking,0,16.6667,16.6894,1.8903,12512,617,815037470036,2.0990,1.1312,14.5783,16655900,67100,278600,0,900,0
post_load_walking,0,16.6665,16.6761,1.9712,18904,617,815037636930,2.2814,1.2650,14.3803,16652700,72800,498400,0,1100,0
post_load_walking,0,16.6673,16.6511,1.9415,12512,613,815037803691,1.8106,1.4336,14.8250,16658300,67800,231300,0,1100,0
post_load_walking,0,16.7906,16.6660,1.9692,12512,612,815037970202,1.8470,0.8850,14.8090,16802100,74900,350500,0,1100,0
post_load_walking,0,16.6752,16.6650,2.2047,12512,614,815038136862,1.8756,0.8866,14.7772,16639100,67900,269900,0,1100,0
post_load_walking,0,16.6475,16.6672,1.9261,12512,609,815038303512,1.8710,1.3345,14.7872,16611400,66900,258300,0,1100,0
post_load_walking,0,16.6838,16.8284,2.1207,18904,609,815038470184,2.2092,1.8819,14.5932,16694400,80400,585400,0,1200,0
post_load_walking,0,16.6569,16.6647,1.9231,12512,603,815038638468,2.3286,0.7951,14.3107,16602200,84100,230500,0,900,0
post_load_walking,0,16.6625,16.6211,1.9712,12512,594,815038805115,1.9254,1.3999,14.6862,16642900,102300,259000,0,1800,0
post_load_walking,0,16.6656,16.7222,2.1770,12512,596,815038971326,2.0591,0.8360,14.6356,16653900,74400,246900,0,1100,0
post_load_walking,0,16.6685,16.6258,1.9261,12512,591,815039138548,2.0017,0.7309,14.6007,16663000,66800,244800,0,800,0
post_load_walking,0,16.6819,16.6551,1.8893,18904,591,815039304806,2.3290,0.7677,14.3139,16692200,70200,490400,0,1000,0
post_load_walking,0,16.6540,16.6623,1.9395,12512,592,815039471357,1.8868,1.0516,14.7672,16619600,68800,275600,0,1000,0
post_load_walking,0,16.6655,16.6729,1.9180,12512,593,815039637980,1.7305,0.8467,14.9326,16651100,77200,298300,0,1000,0
post_load_walking,0,16.7292,16.7066,2.1944,12512,593,815039804709,1.9917,1.5585,14.7006,16737500,69500,236000,0,1100,0
post_load_walking,0,16.6543,16.6316,2.9399,12512,591,815039971775,1.7112,1.3425,14.9086,16615700,72400,242900,0,900,0
post_load_walking,0,16.9069,16.6617,2.0070,18904,591,815040138091,1.8388,0.6976,14.8123,16918300,68400,587600,0,900,0
post_load_walking,0,16.4299,16.7571,1.9702,12512,591,815040304708,1.8536,1.1421,14.8841,16368400,78400,264300,0,900,0
post_load_walking,0,16.7567,16.6260,1.9620,12512,590,815040472279,1.9230,1.4055,14.6927,16756600,70600,247200,0,1100,0
post_load_walking,0,16.6529,16.9452,2.2118,12512,583,815040638539,2.1042,0.8340,14.8146,16626800,70500,242200,0,800,0
post_load_walking,0,16.6682,16.3932,2.0142,12512,586,815040807991,1.9140,0.7883,14.4544,16658200,68800,249600,0,1000,0
post_load_walking,0,16.6671,16.7697,1.8657,18904,586,815040971923,1.8167,0.7480,14.9400,16657900,65800,485300,0,700,0
post_load_walking,0,17.1130,16.6388,1.9917,12512,586,815041139620,1.8581,0.8657,14.7687,17105500,69300,249500,0,1200,0
post_load_walking,0,16.8309,16.6683,2.0132,12512,581,815041306008,1.7383,0.8386,14.9199,16805100,150700,226900,0,1000,0
post_load_walking,0,17.1331,16.6747,2.3183,12512,586,815041472691,2.0108,1.0118,14.6473,17129700,65200,233100,0,900,0
post_load_walking,0,16.7052,17.1199,1.9476,12512,586,815041639438,2.0773,1.1129,15.0283,16684700,80800,245900,0,900,0
post_load_walking,0,16.7720,16.8154,2.2190,18904,585,815041810637,2.3459,0.8294,14.4593,16782100,69400,471300,0,800,0
post_load_walking,0,16.6576,17.1428,2.0490,12512,586,815041978791,1.6605,0.8941,15.4694,16604500,68600,247100,0,900,0
post_load_walking,0,16.6671,16.6967,2.0562,12512,583,815042150219,1.8004,0.8509,14.8843,16656300,71900,289200,0,1000,0
post_load_walking,0,16.7058,16.8044,1.9610,12512,586,815042317186,2.2811,0.9148,14.5013,16728200,76600,273000,0,900,0
post_load_walking,0,16.6477,16.6250,1.9220,12512,586,815042485230,1.7083,0.8294,14.8961,16566700,77400,232100,0,900,0
post_load_walking,0,16.7252,16.6672,2.3695,18904,579,815042651480,1.9780,1.6431,14.6784,16731200,70500,625100,0,800,0
post_load_walking,0,16.6498,16.7560,2.0275,12512,586,815042818152,1.9144,0.8405,14.8141,16586800,82600,268200,0,1000,0
post_load_walking,0,16.6663,16.6019,1.9405,12512,586,815042985712,2.5549,0.8245,14.0118,16656100,73900,228700,0,800,0
post_load_walking,0,16.6673,16.7611,1.9671,12512,584,815043151731,2.0478,0.9578,14.6837,16658900,98900,1199800,810600,1500,0
post_load_walking,0,16.6669,16.6112,1.9804,12512,586,815043319342,2.4982,0.9174,14.0886,16649200,76200,243100,0,900,0
post_load_walking,0,16.6680,16.6679,2.0419,18904,586,815043485454,1.7932,0.9133,14.8629,16657900,72000,1316300,0,1100,0
post_load_walking,0,16.6653,16.6711,1.9108,12512,538,815043652133,3.6355,0.7545,13.0236,16650200,77500,248700,0,1200,0
post_load_walking,0,16.6654,16.6613,2.2743,12512,538,815043818844,2.1963,1.1495,14.4530,16657800,70800,230900,0,1000,0
post_load_walking,0,16.6733,16.6720,1.9794,12512,531,815043985457,3.1650,0.9287,13.4930,16658900,65500,217800,0,1000,0
post_load_walking,0,16.9968,16.6613,1.9896,12512,533,815044152177,2.1501,0.8014,14.5002,17009500,67400,219300,0,900,0
post_load_walking,0,16.6481,16.6674,2.1873,18904,532,815044318790,1.9529,0.7749,14.7049,16586100,72500,444000,0,1100,0
post_load_walking,0,16.6676,16.6684,1.8708,12512,531,815044485464,1.9230,0.7617,14.7359,16657800,73300,277000,0,1100,0
post_load_walking,0,16.6847,17.0382,2.2825,12436,531,815044652148,2.1597,1.0271,14.8502,16703700,73800,244500,0,1600,0
post_load_walking,0,16.6643,16.6061,1.9405,12436,533,815044822530,2.1162,1.2887,14.4699,16607600,62500,274300,0,900,0
post_load_walking,0,16.6531,16.6693,1.9046,12436,533,815044988591,2.1970,0.7630,14.4610,16593700,64700,261900,0,900,0
post_load_walking,0,16.6661,16.7347,2.2098,18828,534,815045155284,2.2078,0.8862,14.4962,16655800,63700,520800,0,1000,0
post_load_walking,0,16.6678,16.6496,1.9661,12436,525,815045322631,2.4152,0.8973,14.1926,16658600,59500,244000,0,1000,0
post_load_walking,0,16.6734,16.6183,2.3040,12436,528,815045489127,2.7111,0.8749,13.8824,16660800,64900,225000,0,1000,0
post_load_walking,0,16.6677,16.6653,1.8964,12436,526,815045655310,2.2259,0.7294,14.4300,16662900,80400,379500,0,1200,0
post_load_walking,0,16.6716,16.6692,1.9149,12436,528,815045821963,1.8528,0.7441,14.8059,16662700,196100,248600,0,1100,0
post_load_walking,0,16.6693,16.6702,2.2671,18828,527,815045988655,1.8563,0.8032,14.8046,16655300,78600,590100,0,1800,0
post_load_walking,0,16.6640,16.6748,1.9630,12436,527,815046155357,2.0018,0.7625,14.6612,16645800,87300,309600,0,1900,0
post_load_walking,0,16.6649,16.6767,2.1780,12436,526,815046322105,2.1714,1.3170,14.4914,16648200,86400,286400,0,1500,0
post_load_walking,0,16.6677,16.6715,1.8422,12436,516,815046488872,2.8410,1.2136,13.8144,16652400,81600,333100,0,1400,0
post_load_walking,0,16.6675,16.6621,1.8842,12436,512,815046655587,2.8664,1.0090,13.7795,16654400,74700,345900,0,1600,0
post_load_walking,0,16.6762,16.6633,2.2426,18828,513,815046822208,2.4312,0.9374,14.2172,16662100,82000,616800,0,1500,0
post_load_walking,0,16.6585,16.6672,1.8422,12436,514,815046988841,2.3291,1.2414,14.3236,16642900,79900,362100,0,1600,0
post_load_walking,0,16.6658,16.6676,2.1453,12436,513,815047155513,2.2126,1.5214,14.4420,16650000,83400,319700,0,1400,0
post_load_walking,0,16.6655,16.6763,2.2272,12436,507,815047322189,2.2497,0.9806,14.4126,16649900,80000,270100,0,1100,0
post_load_walking,0,16.6648,16.6582,1.8760,12436,365,815047488952,2.2291,1.3694,14.4140,16651600,74500,242900,0,1100,0
post_load_walking,0,16.7828,16.6639,2.3419,18828,360,815047655534,2.1147,0.8995,14.5353,16771800,73700,477500,0,800,0
post_load_walking,0,16.6622,16.6630,2.1074,12436,360,815047822173,2.2321,0.9274,14.4178,16648600,92600,306100,0,3000,0
post_load_walking,0,16.6871,16.6632,2.3880,12436,356,815047988803,2.0852,0.9701,14.5667,16699400,63800,315900,0,1000,0
post_load_walking,0,16.9399,16.7831,2.1893,12436,352,815048155435,2.4088,0.9477,14.3631,16910900,65300,256700,0,1100,0
post_load_walking,0,16.6435,16.6589,2.1248,22276,352,815048323266,2.3854,0.9077,14.2633,16616500,66800,296100,0,1300,0
post_load_walking,0,16.6673,16.7114,2.3050,18828,327,815048489855,2.1210,0.8603,14.5785,16656700,62600,528300,0,900,0
post_load_walking,0,16.6656,16.9274,2.0593,12436,327,815048656969,1.7827,0.8528,15.1284,16649500,80800,315600,0,900,0
post_load_walking,0,16.7978,16.6345,2.3173,12436,327,815048826243,2.4064,1.0390,14.2102,16810300,67300,231800,0,900,0
post_load_walking,0,16.6530,16.6703,2.0224,12436,327,815048992588,1.9341,0.7992,14.7227,16618000,60400,235900,0,800,0
post_load_walking,0,16.6836,16.6616,2.0593,12436,326,815049159291,1.8589,0.7078,14.7907,16690000,76500,252800,0,1000,0
post_load_walking,0,16.6677,16.8204,2.3654,18828,323,815049325907,1.7871,0.7162,15.0233,16649900,68200,482500,0,1000,0
post_load_walking,0,17.2178,16.6292,2.0204,12436,324,815049494111,1.7023,0.7301,14.9158,17158900,82700,256600,0,800,0
post_load_walking,0,16.9423,16.7148,2.3347,12436,324,815049660403,2.0158,0.8890,14.6744,16928400,74000,270900,0,900,0
post_load_walking,0,16.6560,16.6797,2.5344,12436,324,815049827551,2.0005,0.7582,14.6497,16638900,87400,291200,0,1200,0
post_load_walking,0,16.6671,17.1838,2.4074,22792,319,815049994348,2.3179,0.7232,14.8409,16656300,61400,271800,0,900,0
post_load_walking,0,16.6666,16.9416,2.4873,18828,261,815050166186,1.8151,0.6842,15.1133,16653900,62500,574800,0,1100,0
post_load_walking,0,16.9832,16.6503,1.9026,12436,257,815050335602,1.9769,1.4157,14.6621,16987300,62400,244100,0,1300,0
post_load_walking,0,16.6548,16.6671,1.7183,12436,255,815050502105,2.2195,1.5942,14.4368,16593300,55500,219200,0,800,0
post_load_walking,0,16.6652,16.6645,1.6527,12436,252,815050668776,1.9514,0.6043,14.7026,16653200,63900,407700,0,1200,0
post_load_walking,0,16.6666,17.0190,1.6968,12436,251,815050835421,1.9511,0.7077,15.0364,16655400,62300,247400,0,800,0
post_load_walking,0,16.6709,16.6179,1.6097,18828,247,815051005611,1.7866,1.9133,14.8068,16663900,55000,556200,0,800,0
post_load_walking,0,16.6656,16.6659,1.6128,12436,248,815051171790,1.7499,0.5545,14.9034,16650000,67500,355900,0,1200,0
post_load_walking,0,16.6723,16.6642,1.8698,12436,248,815051338449,1.3822,1.0769,15.2732,16657200,65100,279300,0,1100,0
post_load_walking,0,16.6667,16.6806,1.6189,12436,242,815051505091,1.7390,1.0503,14.9250,16666800,64800,218300,0,900,0
post_load_walking,0,16.6645,16.6617,1.6445,12436,243,815051671897,1.7730,0.6650,14.8771,16642900,72400,314300,0,1100,0
post_load_walking,0,16.6653,16.6666,1.6159,18828,241,815051838514,1.5934,0.5435,15.0639,16647400,89400,818700,0,1400,0
post_load_walking,0,16.6677,16.6821,1.6681,12436,241,815052005180,1.5184,0.7988,15.1486,16655200,70700,273300,0,3000,0
post_load_walking,0,16.6664,16.6593,1.6712,12436,238,815052172001,1.9301,1.0663,14.7128,16650100,74100,268100,0,1300,0
post_load_walking,0,16.6638,16.6632,1.6067,12436,238,815052338594,2.6370,0.6349,14.0106,16646200,68400,249800,0,1300,0
post_load_walking,0,16.6850,16.6693,1.4674,12436,234,815052505226,2.2723,0.9224,14.3831,16700200,55700,231900,0,900,0
post_load_walking,0,16.6640,16.6637,1.5708,18828,234,815052671919,1.7181,0.8190,14.9320,16620700,65800,533300,0,1100,0
post_load_walking,0,16.6688,16.6561,1.5770,12436,233,815052838556,1.6605,0.6772,14.9857,16620400,60500,234200,0,1200,0
post_load_walking,0,16.6554,16.7266,1.8104,12436,234,815053005117,1.6161,0.6556,15.0844,16610200,67000,410600,0,1300,0
post_load_walking,0,16.6657,16.6657,1.5923,22276,234,815053172383,2.0393,0.5484,14.5815,16650300,65300,309700,0,1300,0
post_load_walking,0,16.6644,16.6583,1.7940,12436,190,815053339040,1.6257,1.9138,14.9948,16649000,63400,255700,0,1000,0
post_load_walking,0,16.7485,16.6318,1.4797,18828,189,815053505623,2.1594,0.7064,14.4508,16748200,57600,640200,0,900,0
post_load_walking,0,16.6743,16.6627,1.5227,12436,189,815053671941,2.0978,0.5220,14.5527,16677900,54800,252200,0,1000,0
post_load_walking,0,16.6473,16.6592,1.7981,12436,187,815053838568,1.4777,0.6507,15.1712,16572500,62500,231200,0,1000,0
post_load_walking,0,16.6710,16.7574,1.5329,12436,187,815054005160,1.5757,0.4815,15.1727,16675200,58400,334500,0,1000,0
post_load_walking,0,16.9850,16.7066,1.5503,12436,156,815054172734,1.4857,0.5249,15.1924,16984200,68000,254500,0,1200,0
post_load_walking,0,16.6446,16.6048,1.5258,18828,155,815054339800,1.2227,0.6900,15.3498,16597600,65500,475200,0,1200,0
post_load_walking,0,16.6809,16.6884,1.5309,12436,154,815054505848,1.5667,0.7383,15.1087,16688800,59200,225200,0,800,0
post_load_walking,0,16.6683,17.0064,1.7838,12436,154,815054672732,1.6190,0.6724,15.3657,16634300,62900,244700,0,700,0
post_load_walking,0,16.6541,16.6094,1.5319,12436,154,815054842796,1.7869,0.4905,14.8108,16597200,64900,233200,0,1000,0
post_load_walking,0,16.6649,16.7168,1.4981,12436,154,815055008890,1.4802,0.5068,15.2088,16649800,61500,259500,0,1200,0
post_load_walking,0,16.6665,16.6685,1.5647,18828,154,815055176058,1.6485,0.6940,14.9860,16656500,58300,496000,0,1000,0
post_load_walking,0,16.6671,16.6207,1.4479,12436,156,815055342743,1.5808,0.6293,15.0163,16657800,62500,223100,0,1000,0
post_load_walking,0,16.6805,16.6609,1.8156,12436,152,815055508950,1.4576,0.6160,15.1922,16675000,56700,243000,0,1000,0
post_load_walking,0,17.0001,16.6654,1.5380,12436,151,815055675559,1.5014,0.4983,15.1552,16984700,57900,292700,0,5600,0
post_load_walking,0,16.6692,16.6673,1.5473,12436,151,815055842213,1.3448,0.4735,15.3130,16659800,60600,301700,0,1000,0
post_load_walking,0,16.6665,16.6850,1.5176,18828,144,815056008886,1.4008,0.7214,15.2744,16654000,70300,484900,0,1000,0
post_load_walking,0,16.6679,16.9959,1.5340,12436,141,815056175736,1.7829,0.6029,15.2018,16659600,95800,303800,0,900,0
post_load_walking,0,16.6706,16.6715,1.7644,12436,142,815056345695,1.5080,0.6304,15.1518,16659400,64000,288000,0,1000,0
post_load_walking,0,16.6622,16.6670,1.4326,12436,142,815056512410,1.7772,0.9472,14.8769,16641300,66500,300300,0,1300,0
post_load_walking,0,16.6661,16.6714,1.4428,12436,140,815056679080,1.4920,0.9162,15.1676,16655100,67200,254200,0,1200,0
post_load_walking,0,16.6719,16.6731,1.4254,18828,135,815056845794,1.5243,0.8928,15.1354,16667600,73600,609100,0,1100,0
post_load_walking,0,16.6644,16.6561,1.4254,12436,135,815057012525,1.5484,0.6005,15.0929,16646800,95000,428600,0,1600,0
post_load_walking,0,16.6673,16.6653,1.4264,12436,135,815057179086,1.5081,1.0371,15.1472,16653600,71200,257400,0,1400,0
post_load_walking,0,16.6675,16.6816,1.4244,12436,134,815057345739,1.5610,1.6242,15.1067,16655000,83300,273000,0,1200,0
post_load_walking,0,16.6643,16.6609,1.4520,12436,135,815057512555,1.6676,0.5616,14.9794,16646200,70400,256000,0,1200,0
post_load_walking,0,16.6674,16.6671,1.4080,18828,135,815057679164,1.5140,0.6020,15.1397,16660200,57800,575600,0,900,0
post_load_walking,0,16.6819,16.6676,1.4602,22868,135,815057845835,1.8449,0.5723,14.8101,16686700,74800,251700,0,1000,0
post_load_walking,0,16.6504,16.6576,1.4295,12512,116,815058012511,1.5270,1.2304,15.1193,16591600,64600,289000,0,700,0
post_load_walking,0,16.6841,16.6710,1.4438,12512,116,815058179087,1.5496,1.3761,15.1106,16687200,144200,256900,0,1000,0
post_load_walking,0,16.6567,16.7132,1.8145,12512,116,815058345797,1.6172,0.8687,15.0697,16626800,66400,265400,0,1000,0
post_load_walking,0,16.6642,16.6131,1.4377,18904,114,815058512929,1.5502,0.6905,15.0413,16652700,73400,541100,0,900,0
post_load_walking,0,16.6643,16.7092,1.4735,12512,112,815058679060,1.6412,0.5412,15.0461,16649200,71500,236300,0,900,0
post_load_walking,0,16.6668,16.6372,1.7490,12512,112,815058846152,1.4356,0.5821,15.1913,16656800,71600,255700,0,1100,0
post_load_walking,0,16.6668,16.6638,1.4868,12512,112,815059012524,1.6641,0.4494,14.9887,16661100,63900,233100,0,1000,0
post_load_walking,0,16.6675,16.6592,1.4203,12512,112,815059179162,1.4532,0.4767,15.1961,16659300,63200,220900,0,900,0
post_load_walking,0,16.7564,16.6646,1.4725,18904,112,815059345754,1.3296,0.4448,15.3272,16748600,68300,534300,0,1200,0
post_load_walking,0,16.7126,16.6686,1.4213,12512,112,815059512400,1.3606,0.4119,15.3006,16722400,63500,222200,0,1000,0
post_load_walking,0,16.6509,16.6687,1.7848,12512,112,815059679086,1.2236,0.5504,15.4358,16585100,65100,228800,0,1000,0
post_load_walking,0,16.6753,16.7592,1.4828,12512,112,815059845773,1.6037,0.5890,15.1449,16674400,68000,432400,0,900,0
post_load_walking,0,16.6677,16.7501,1.8504,12512,113,815060013365,1.3413,0.4389,15.3813,16645600,120200,737400,0,2400,0
post_load_walking,0,16.6607,16.6102,1.4469,18904,114,815060180866,1.5870,1.3785,14.9979,16612100,108700,701900,0,2300,0
post_load_walking,0,16.6667,16.6910,2.0511,12512,114,815060346968,1.2127,1.4753,15.4618,16652100,92500,259900,0,1200,0
post_load_walking,0,16.6655,16.6882,1.4531,12512,114,815060513878,3.0739,1.0601,13.5719,16648700,70400,290400,0,900,0
post_load_walking,0,16.7708,16.6305,1.4807,12512,114,815060680760,2.3240,0.7812,14.2882,16780200,75800,1606700,1077200,1200,0
post_load_walking,0,16.6481,16.6668,1.7910,12512,114,815060847065,1.6367,0.8011,15.0155,16576500,70300,233000,0,900,0
post_load_walking,0,16.6723,16.6618,1.4971,18904,113,815061013733,1.3799,1.0666,15.2688,16668600,59400,668000,0,700,0
post_load_walking,0,16.6641,16.8072,1.4756,12512,114,815061180351,2.9883,0.4765,13.7921,16648800,73700,249400,0,1200,0
post_load_walking,0,16.6662,16.6080,1.5995,12512,114,815061348423,1.5316,0.5175,15.0448,16651000,77400,256500,0,900,0
post_load_walking,0,16.6671,16.6830,1.4428,12512,114,815061514503,1.5449,0.5114,15.1238,16656800,72600,221600,0,1000,0
post_load_walking,0,16.6643,16.6619,1.4705,12512,107,815061681333,1.6201,0.5376,15.0288,16649800,74000,230400,0,900,0
post_load_walking,0,16.6683,16.6623,1.4602,18904,107,815061847952,1.5346,0.4744,15.1165,16660900,64000,534100,0,1000,0
post_load_walking,0,16.6665,16.6681,1.4868,12512,106,815062014575,1.5616,0.4572,15.0952,16658400,69900,275100,0,1000,0
post_load_walking,0,16.6660,16.6582,1.4920,12512,106,815062181256,1.5718,0.5335,15.0780,16654300,78400,302000,0,1500,0
post_load_walking,0,16.6674,16.6698,1.4828,12512,106,815062347838,1.6540,0.5923,15.0069,16656700,73800,270200,0,900,0
post_load_walking,0,16.6831,16.6686,1.8432,12512,106,815062514536,1.6622,0.5742,14.9963,16696400,73700,230900,0,1000,0
post_load_walking,0,16.6508,16.6650,1.4971,18904,106,815062681222,2.0170,0.5097,14.6374,16587400,74100,556000,0,900,0
post_load_walking,0,16.7173,16.6662,1.4592,12512,106,815062847872,1.5668,0.4769,15.0899,16711600,64300,210000,0,900,0
post_load_walking,0,16.6851,16.7236,1.4868,12512,104,815063014534,1.4766,0.6552,15.2203,16698700,79400,235900,0,800,0
post_load_walking,0,16.6505,16.6101,1.4848,12512,103,815063181770,1.7940,0.5002,14.7933,16584100,101000,222100,0,1300,0
post_load_walking,0,16.6683,16.7213,1.8749,12512,104,815063347871,1.3152,0.5519,15.3964,16660600,70600,241300,0,1000,0
post_load_walking,0,16.6917,16.7266,1.4787,18904,104,815063515084,1.6635,0.4808,15.0355,16687100,76500,517300,0,1400,0
post_load_walking,0,16.6560,16.6088,1.6087,12512,104,815063682350,1.9109,0.5704,14.6731,16633400,76900,299200,0,1300,0
post_load_walking,0,16.6706,16.6730,1.4909,12512,104,815063848438,1.5119,0.6796,15.1488,16664400,78400,232800,0,1100,0
post_load_walking,0,16.6636,16.7001,1.4848,22868,104,815064015168,1.6562,0.5214,15.0311,16643300,83400,280700,0,1400,0
post_load_walking,0,16.6657,16.6443,1.4940,12512,330,815064182169,1.6850,0.4837,14.9484,16654600,77100,263600,0,1200,0
post_load_walking,0,16.6680,16.6798,1.6681,18904,326,815064348612,1.4183,3.2956,15.2463,16654400,73100,687000,0,1000,0
post_load_walking,0,16.6650,16.6569,1.8555,12512,328,815064515410,2.4941,2.2013,14.1492,16651700,77400,240800,0,1200,0
post_load_walking,0,16.6701,16.6656,1.8565,12512,327,815064681979,1.8190,0.7035,14.8356,16662100,67500,230500,0,900,0
post_load_walking,0,16.6652,16.6663,1.5258,12512,323,815064848635,1.8847,0.5782,14.7698,16651100,77200,247900,0,1100,0
post_load_walking,0,16.6680,16.6613,1.8668,12512,325,815065015298,1.5986,0.5022,15.0531,16651300,69900,265200,0,1100,0
post_load_walking,0,16.6663,16.6737,1.6282,18904,325,815065181911,1.5325,0.6199,15.1297,16653600,73300,500900,0,1000,0
post_load_walking,0,16.6672,16.6644,1.5811,12512,325,815065348648,1.6539,0.5253,14.9973,16655000,73600,240200,0,1100,0
post_load_walking,0,17.0012,16.6707,1.6251,12512,325,815065515292,1.6106,0.6865,15.0408,17006900,72300,432600,0,1000,0
post_load_walking,0,16.6492,16.6651,1.6640,12512,326,815065681999,1.8612,0.5274,14.7924,16587400,71000,251200,0,1300,0
post_load_walking,0,16.6841,16.6681,1.8719,12512,325,815065848650,1.6720,0.6910,14.9830,16697200,61400,228800,0,900,0
post_load_walking,0,16.6518,17.0333,1.6763,18904,326,815066015331,2.3190,0.6035,14.6881,16594300,61600,606600,0,800,0
post_load_walking,0,16.6692,16.6099,1.6507,12512,325,815066185664,1.8333,0.5056,14.7540,16663600,67700,328800,0,1100,0
post_load_walking,0,16.6692,16.7229,1.6927,12512,326,815066351763,1.3534,0.6660,15.3441,16660300,76600,285100,0,1200,0
post_load_walking,0,16.6652,16.6156,1.6558,12512,324,815066518992,1.8027,0.8624,14.7917,16634600,81900,288100,0,1500,0
post_load_walking,0,16.6762,16.6761,1.9436,22868,324,815066685148,1.9418,0.7285,14.7218,16677700,75500,310900,0,1300,0
post_load_walking,0,16.6579,16.6845,2.0603,18904,630,815066851909,1.7817,0.6004,14.8787,16630000,80900,615400,0,1300,0
post_load_walking,0,16.6678,16.6497,1.9098,12512,630,815067018754,1.9462,7.2031,14.6887,16653900,80900,280300,0,1500,0
post_load_walking,0,16.6667,16.6906,2.4074,12512,626,815067185251,2.5070,7.3886,14.1708,16657600,81600,436500,0,1400,0
post_load_walking,0,16.6661,16.6437,1.8831,12512,630,815067352157,2.3810,0.9402,14.2491,16645100,84600,298900,0,1300,0
post_load_walking,0,16.6670,16.6686,1.8985,12512,626,815067518594,2.1858,0.9601,14.4683,16653600,76900,269600,0,1200,0
post_load_walking,0,16.6698,16.6722,2.3521,18904,629,815067685280,2.4826,1.0363,14.1751,16658700,77800,600100,0,1400,0
post_load_walking,0,16.6660,16.6591,2.6767,12512,630,815067852002,2.2152,0.8417,14.4301,16650300,87000,293100,0,1600,0
post_load_walking,0,16.6656,16.6665,1.9579,12512,632,815068018593,1.8398,1.0731,14.8139,16649200,83400,277300,0,1400,0
post_load_walking,0,16.6866,16.6734,1.9067,12512,631,815068185258,2.2518,1.0545,14.4071,16680300,82200,284200,0,1500,0
post_load_walking,0,16.6488,16.6654,2.1883,12512,628,815068351992,1.9667,0.8701,14.6837,16625300,80500,366500,0,1400,0
post_load_walking,0,16.6670,16.6655,1.9333,18904,632,815068518646,2.1957,0.9744,14.4536,16654000,79700,568500,0,1400,0
post_load_walking,0,16.6670,16.6945,2.2118,12512,629,815068685301,2.0737,1.0560,14.6067,16653300,82800,285500,0,1200,0
post_load_walking,0,16.6668,16.6386,1.8770,12512,632,815068852246,2.1264,1.0324,14.4991,16653800,86200,296100,0,1600,0
post_load_walking,0,16.6660,16.6677,1.9671,12512,629,815069018632,2.4465,0.9668,14.2076,16648500,87000,311600,0,1800,0
post_load_walking,0,16.6666,16.6678,2.2170,12512,632,815069185309,2.2512,1.1469,14.4023,16651500,81500,284500,0,1500,0
post_load_walking,0,16.6657,16.6683,1.9835,18904,633,815069351987,2.1298,1.0469,14.5242,16649600,76900,559800,0,1200,0
post_load_walking,0,16.6669,16.6629,2.2415,12512,629,815069518670,2.1675,1.0062,14.4812,16657900,90600,236200,0,1000,0
post_load_walking,0,16.6667,16.6654,1.9712,12512,623,815069685299,1.9756,0.9227,14.6759,16655100,72000,308600,0,1100,0
post_load_walking,0,16.6672,16.6616,1.9681,12512,621,815069851953,2.2201,0.8229,14.4296,16655000,77400,245900,0,900,0
post_load_walking,0,16.6734,16.6691,2.2682,12512,623,815070018569,2.0207,0.9042,14.6372,16668800,70800,304500,0,1000,0
post_load_walking,0,16.6671,16.6660,1.8698,18904,622,815070185260,2.2398,0.7682,14.4153,16653000,90700,764600,0,1900,0
post_load_walking,0,16.6617,16.6662,2.2436,12512,620,815070351920,1.9607,0.9763,14.6944,16636900,99900,309700,0,1800,0
post_load_walking,0,16.6682,16.6838,1.8934,12512,620,815070518582,1.9886,1.5340,14.6804,16656300,82200,275700,0,1400,0
post_load_walking,0,16.6642,16.6707,1.9323,12512,618,815070685420,3.2250,1.0954,13.4281,16647300,123500,255300,0,1200,0
post_load_walking,0,16.6768,16.6516,1.8913,12512,618,815070852127,2.5803,1.1046,14.0566,16664500,74400,244300,0,1000,0
post_load_walking,0,16.6580,16.6694,1.8698,18904,617,815071018643,2.3256,0.7916,14.3308,16657200,77100,485100,0,800,0
post_load_walking,0,16.6680,16.6590,1.8780,12512,609,815071185337,2.1062,0.7857,14.5411,16652400,76800,253700,0,900,0
post_load_walking,0,16.6989,16.6738,1.8852,12512,615,815071351927,1.7008,0.8622,14.9639,16710000,69800,238400,0,800,0
post_load_walking,0,16.6505,16.6673,2.2077,12512,614,815071518665,2.1805,0.9047,14.4768,16580300,73400,261200,0,1300,0
post_load_walking,0,16.6672,16.6639,2.1545,12512,609,815071685338,1.8653,0.8376,14.7872,16654800,72200,221400,0,1000,0
post_load_walking,0,16.6652,16.7414,1.8166,18904,609,815071851977,1.8609,1.0565,14.8496,16651900,79200,568800,0,1300,0
post_load_walking,0,16.6832,16.6074,2.1996,12512,603,815072019391,2.3345,0.7792,14.2457,16695800,63700,253600,0,1000,0
post_load_walking,0,16.6600,16.6656,1.8555,12512,596,815072185465,2.0542,1.4063,14.6007,16596300,72800,302300,0,1000,0
post_load_walking,0,16.6669,16.6623,1.8012,12512,596,815072352121,2.4518,1.0035,14.2001,16658700,80300,259700,0,1100,0
post_load_walking,0,16.6873,16.7248,1.8002,12512,590,815072518744,2.2096,1.2518,14.4865,16697100,81300,261200,0,1100,0
post_load_walking,0,16.6476,16.6202,1.8954,18904,590,815072685992,1.7593,0.9184,14.8369,16583000,69700,712600,0,1000,0
post_load_walking,0,16.8453,16.6691,2.1965,12512,593,815072852194,2.0751,0.8489,14.5838,16854400,74800,306300,0,1200,0
post_load_walking,0,16.6492,16.7263,1.8483,12512,593,815073018885,2.1674,1.3094,14.5300,16588600,91900,242600,0,1100,0
post_load_walking,0,16.6656,16.6096,1.8514,12512,592,815073186148,2.8706,0.7405,13.7124,16647900,83600,256400,0,900,0
post_load_walking,0,16.6731,16.8794,1.9313,12512,589,815073352244,2.1246,1.2979,14.7300,16669600,68000,338400,0,1000,0
post_load_walking,0,16.6653,16.6195,1.8770,18904,592,815073521038,2.2040,0.8124,14.3847,16646500,103100,1233100,0,2900,0
post_load_walking,0,16.6670,16.6585,2.1811,12512,588,815073687233,1.9277,1.0749,14.7202,16650900,91800,375300,0,1600,0
post_load_walking,0,16.6696,16.6846,1.8442,12512,588,815073853818,2.0744,2.2789,14.5954,16656300,93200,399500,0,1500,0
post_load_walking,0,16.6662,16.6626,1.9640,12512,585,815074020664,4.9719,1.3248,11.6748,16647200,92700,383300,0,1800,0
post_load_walking,0,16.6665,16.6673,2.4105,12512,585,815074187290,2.5200,1.2127,14.1309,16649500,96700,560800,0,1600,0
post_load_walking,0,16.6667,16.6730,1.8893,18904,586,815074353963,2.5250,1.2819,14.1314,16654700,83200,649000,0,1400,0
post_load_walking,0,16.6671,16.6640,2.2077,12512,585,815074520693,3.0094,1.1769,13.6380,16644500,80400,309500,0,1600,0
post_load_walking,0,16.6639,16.6669,2.2723,12512,583,815074687333,2.7649,1.1678,13.8849,16647000,83000,453400,0,1300,0
post_load_walking,0,16.6644,16.6711,1.9589,12512,583,815074854002,2.7059,1.0396,13.9490,16645700,82400,257900,0,1200,0
post_load_walking,0,16.6697,16.6615,1.8842,12512,583,815075020713,2.5070,1.0071,14.1377,16662300,112500,248200,0,1100,0
post_load_walking,0,16.6679,16.6619,1.8719,18904,586,815075187328,2.5131,0.8909,14.1340,16654700,75700,642300,0,1300,0
post_load_walking,0,16.6791,16.6572,2.3470,12512,586,815075353947,2.3394,0.9088,14.3064,16685900,73800,263200,0,1400,0
post_load_walking,0,16.6538,16.6751,1.9528,12512,585,815075520519,2.2627,1.1387,14.3998,16590400,80900,272500,0,1400,0
post_load_walking,0,16.6701,16.6685,2.3286,12512,585,815075687270,2.7389,0.8551,13.9160,16655200,78600,262100,0,1100,0
post_load_walking,0,16.6631,16.7154,2.2477,12512,582,815075853955,1.9935,0.8251,14.6928,16654300,76500,241300,0,1100,0
post_load_walking,0,16.7175,16.6159,2.0326,18904,585,815076021109,2.1617,0.8488,14.4287,16704700,71600,490500,0,900,0
post_load_walking,0,16.6659,16.6660,2.3398,12512,585,815076187268,1.8947,0.7904,14.7606,16654900,75300,244900,0,1200,0
post_load_walking,0,16.6702,16.6659,1.9651,12512,586,815076353928,1.8257,0.9244,14.8287,16663300,71500,335500,0,1200,0
post_load_walking,0,16.6643,16.7159,1.9589,12512,586,815076520587,2.2240,1.0323,14.4809,16646000,81400,282000,0,1500,0
post_load_walking,0,16.6658,16.6652,2.3368,12512,585,815076687746,2.0058,0.9756,14.6491,16648700,80800,346200,0,1200,0
post_load_walking,0,16.6683,16.6774,2.0040,18904,586,815076854398,1.8883,0.8439,14.7751,16660200,76100,589600,0,1100,0
post_load_walking,0,16.6656,16.6611,2.2825,12512,538,815077021172,2.1674,0.9152,14.4787,16651500,73400,276900,0,1200,0
post_load_walking,0,16.6701,16.6605,1.9272,12512,538,815077187783,2.1640,1.4037,14.4847,16664900,74300,265600,0,800,0
post_load_walking,0,16.6671,16.6713,2.0367,12512,537,815077354388,1.9293,1.0894,14.7310,16652100,76900,240100,0,1200,0
post_load_walking,0,16.6642,16.6623,2.3183,12512,533,815077521101,1.9140,1.0093,14.7375,16648500,80300,252100,0,1500,0
post_load_walking,0,16.6662,16.6786,1.9159,46911,533,815077687724,2.2193,0.7952,14.4457,16654700,73300,979100,0,900,0
post_load_walking,0,16.6666,16.6649,2.1934,12512,532,815077854510,2.1396,1.3047,14.5126,16654600,75900,244900,0,1100,0
post_load_walking,0,16.6677,16.6602,1.9569,12436,533,815078021159,2.0708,1.0807,14.5779,16654700,63400,1518800,722300,1000,0
post_load_walking,0,16.6821,16.6658,1.9313,12436,533,815078187761,2.4646,0.9719,14.1903,16694700,65500,243200,0,1100,0
post_load_walking,0,16.6515,16.6663,1.9732,12436,532,815078354419,1.7003,1.0163,14.9544,16586800,70200,247100,0,1000,0
post_load_walking,0,16.6684,16.6661,1.9855,18828,534,815078521082,2.6618,0.7705,13.9930,16658900,62800,525000,0,1200,0
post_load_walking,0,16.6653,16.7234,2.3982,12436,526,815078687743,1.9973,0.7775,14.6979,16652700,66300,238900,0,1200,0
post_load_walking,0,16.6703,16.6104,2.0705,12436,528,815078854977,2.2440,1.1813,14.3426,16664200,63500,256000,0,1100,0
post_load_walking,0,16.6687,16.6704,1.9722,12436,528,815079021081,2.3234,0.7854,14.3355,16657700,73100,317800,0,1300,0
post_load_walking,0,16.6677,16.6634,2.2385,12436,528,815079187785,1.9363,0.9659,14.7165,16651000,79600,380500,0,1500,0
post_load_walking,0,16.6672,16.6765,2.0787,18828,526,815079354419,1.8668,1.0368,14.7976,16648400,75800,983900,0,1400,0
post_load_walking,0,16.6683,16.6726,2.2702,12436,528,815079521184,2.2997,1.0821,14.3582,16649000,80100,318700,0,1300,0
post_load_walking,0,16.6638,16.6689,1.8964,12436,528,815079687910,2.7416,1.1826,13.9096,16644500,79000,293100,0,1400,0
post_load_walking,0,16.6710,16.6671,1.9425,12436,529,815079854599,2.9520,1.1511,13.6966,16650300,88700,395900,0,1600,0
post_load_walking,0,16.6626,16.6689,2.0060,12436,511,815080021270,2.5622,1.1085,14.0870,16650200,78300,322900,0,1300,0
post_load_walking,0,16.6688,16.6635,2.0060,18828,514,815080187959,2.7665,1.6689,13.8781,16655700,84100,633400,0,1300,0
post_load_walking,0,16.6691,16.6647,2.1709,12436,514,815080354594,2.7092,1.8604,13.9412,16654000,82900,369900,0,1600,0
post_load_walking,0,16.6664,16.6657,2.6870,12436,513,815080521241,2.7554,2.0288,13.8949,16645700,86300,370300,0,1600,0
post_load_walking,0,16.6681,16.6716,1.9333,12436,513,815080687898,3.2750,1.5472,13.3808,16649200,79900,318600,0,2100,0
post_load_walking,0,16.6659,16.6715,1.9886,12436,365,815080854614,2.7211,1.2607,13.9331,16649100,87500,313500,0,2200,0
post_load_walking,0,16.6661,16.6626,3.2276,18828,360,815081021329,2.8687,0.9577,13.7772,16652100,87000,1504800,0,1700,0
post_load_walking,0,16.6684,16.6687,2.5590,12436,360,815081187955,2.6904,1.0332,13.9589,16644400,89200,737800,0,1500,0
post_load_walking,0,16.7176,16.6684,2.2835,12436,356,815081354642,2.5817,1.5714,14.0675,16702000,86400,417400,0,1500,0
post_load_walking,0,16.6152,16.6688,3.6618,12436,352,815081521326,3.9717,1.3959,12.6806,16596900,86600,338200,0,1400,0
post_load_walking,0,16.6682,16.6644,2.2159,22276,352,815081688014,3.6371,1.6852,13.0075,16649700,90300,800100,0,1700,0
post_load_walking,0,16.6760,16.7198,1.9773,18828,327,815081854658,2.5826,1.5318,14.1194,16662800,90800,730300,0,2400,0
post_load_walking,0,16.6552,16.6136,2.4443,12436,327,815082021856,2.6765,1.3707,13.9206,16633100,85800,334600,0,2000,0
post_load_walking,0,16.6714,16.6661,2.0204,12436,327,815082187992,3.5874,1.2749,13.0625,16658300,82800,321400,0,1600,0
post_load_walking,0,16.6637,16.6802,3.4755,12436,327,815082354653,3.1589,0.9763,13.5040,16638000,86700,390400,0,1700,0
post_load_walking,0,16.6673,16.6497,2.3880,12436,325,815082521455,2.6589,0.8967,13.9743,16649000,89200,381500,0,1500,0
post_load_walking,0,16.6667,16.6780,2.2313,18828,324,815082687952,2.3595,1.6648,14.2989,16649000,84300,794700,0,1800,0
post_load_walking,0,16.6674,16.6592,2.3890,12436,323,815082854732,3.2196,1.1141,13.4187,16651600,89800,388800,0,1800,0
post_load_walking,0,16.6740,16.6662,2.1391,12436,324,815083021324,2.7125,1.1461,13.9367,16669000,82000,324500,0,1600,0
post_load_walking,0,16.6618,16.6655,2.0992,12436,324,815083187986,2.8711,1.0126,13.7781,16620900,88400,366700,0,1500,0
post_load_walking,0,16.6674,16.6674,2.6552,22792,319,815083354641,2.4985,0.8807,14.1533,16648900,81600,321000,0,1300,0
post_load_walking,0,16.6664,16.6972,2.2047,18828,260,815083521315,2.4985,1.4385,14.1706,16649400,84400,1249600,0,1900,0
post_load_walking,0,16.6651,16.6420,1.9507,12436,257,815083688287,2.5555,1.6165,14.0656,16646400,87300,741100,0,2000,0
post_load_walking,0,16.6682,16.6655,1.7050,12436,256,815083854707,2.6210,1.3341,14.0280,16654400,79300,562800,0,1600,0
post_load_walking,0,16.6649,16.6667,1.5974,12436,253,815084021362,3.2321,1.0825,13.4174,16644700,79500,288200,0,1400,0
post_load_walking,0,16.6679,16.6635,1.5688,12436,251,815084188029,2.7359,0.9405,13.9106,16653700,74200,408000,0,1500,0
post_load_walking,0,16.6672,16.6712,1.5913,18828,247,815084354664,2.4628,0.7193,14.1919,16652300,75200,575600,0,1600,0
post_load_walking,0,16.6671,16.6606,1.5145,12436,248,815084521376,2.0603,0.8467,14.5846,16679700,76700,323400,0,1700,0
post_load_walking,0,16.6670,16.6684,1.6108,12436,248,815084687982,2.3624,1.0166,14.2914,16623000,81200,394800,0,1800,0
post_load_walking,0,16.6657,16.6675,1.5380,12436,242,815084854666,2.5694,0.7134,14.0831,16650300,78000,421000,0,1500,0
post_load_walking,0,16.6808,16.6956,1.5555,12436,243,815085021341,2.3761,1.1283,14.3039,16687300,72700,336500,0,1600,0
post_load_walking,0,16.6513,16.6373,1.5493,18828,241,815085188297,2.4700,1.0985,14.1531,16588000,66900,626900,0,1400,0
post_load_walking,0,16.6817,16.6644,1.5790,12436,241,815085354670,2.1168,1.1206,14.5336,16690100,63100,314600,0,1200,0
post_load_walking,0,16.6570,16.7164,1.6148,12436,238,815085521314,1.8685,1.1849,14.8190,16627800,57800,347700,0,1100,0
post_load_walking,0,16.6635,16.6113,1.5585,12436,238,815085688478,1.8704,1.4365,14.7174,16642000,71700,335600,0,1200,0
post_load_walking,0,16.6657,16.7048,1.5278,12436,234,815085854591,1.6180,1.3012,15.0723,16653000,72000,251000,0,1200,0
post_load_walking,0,16.6682,16.6432,1.5360,18828,233,815086021639,1.5851,1.1390,15.0428,16667600,63000,556900,0,1200,0
post_load_walking,0,16.6714,16.6559,1.4705,12436,234,815086188071,1.8371,0.5857,14.8051,16647800,64100,271100,0,1200,0
post_load_walking,0,16.6702,16.6652,1.5165,12436,234,815086354630,1.4996,1.5814,15.1537,16661200,63500,257300,0,900,0
post_load_walking,0,16.6666,16.6805,1.4838,22276,233,815086521282,1.8596,0.6695,14.8081,16652700,75000,359300,0,1400,0
post_load_walking,0,16.6657,16.6595,1.8504,12436,190,815086688087,2.0206,0.6399,14.6273,16649700,76300,378900,0,1300,0
post_load_walking,0,16.6681,16.6750,1.4684,18828,189,815086854682,1.7969,0.7046,14.8644,16653200,78000,791900,0,1600,0
post_load_walking,0,16.6667,16.6675,1.4961,12436,189,815087021432,2.3786,0.7291,14.2743,16651200,77100,372800,0,1700,0
post_load_walking,0,16.6669,16.6647,1.4858,12436,187,815087188107,1.9074,0.8979,14.7425,16651100,73800,291500,0,1500,0
post_load_walking,0,16.6720,16.6691,1.4735,12436,188,815087354754,2.1376,0.7483,14.5157,16660700,77500,343300,0,1400,0
post_load_walking,0,16.6648,16.6659,2.7013,12436,156,815087521445,2.0302,0.5952,14.6212,16632800,114600,693000,0,2600,0
post_load_walking,0,16.6664,16.6665,1.4633,18828,156,815087688104,1.7018,0.8837,14.9495,16647300,85000,932000,0,3300,0
post_load_walking,0,16.9509,16.6842,1.7859,12436,154,815087854769,1.8721,1.0834,14.7889,16946300,86800,432300,0,2200,0
post_load_walking,0,16.6537,16.6578,1.4397,12436,154,815088021611,3.0999,1.5065,13.5330,16622600,87200,365600,0,1700,0
post_load_walking,0,16.6663,16.6652,1.4838,12436,154,815088188189,2.4575,0.9133,14.1898,16653300,79500,394100,0,1500,0
post_load_walking,0,16.6688,16.9634,1.4479,12436,154,815088354841,1.8518,1.1094,15.0947,16654700,82000,294700,0,1700,0
post_load_walking,0,16.9940,16.6362,1.4500,18828,154,815088524475,1.8115,1.1587,14.8111,16978600,78200,1021500,0,1600,0
post_load_walking,0,16.6637,16.6681,1.4305,12436,156,815088690837,1.8528,0.6258,14.8006,16616900,80300,326000,0,1700,0
post_load_walking,0,16.6664,16.6702,1.4612,12436,152,815088857518,1.7894,1.0978,14.8657,16644200,83400,308100,0,1700,0
post_load_walking,0,16.6651,17.0243,1.4582,12436,151,815089024220,2.7304,0.8776,14.2484,16645900,74400,261900,0,1400,0
post_load_walking,0,16.6681,16.6384,1.4551,12436,151,815089194463,2.0458,0.6956,14.5713,16655300,69100,266100,0,1200,0
post_load_walking,0,16.6679,16.6610,1.4807,18828,144,815089360847,1.9967,0.6215,14.6477,16650700,71400,575200,0,1300,0
post_load_walking,0,16.6662,16.6613,2.0275,12436,142,815089527457,1.8275,0.5978,14.8184,16645800,75700,281800,0,1500,0
post_load_walking,0,16.6682,16.6729,1.4172,12436,142,815089694070,2.0382,1.0291,14.6173,16675700,75500,308400,0,1400,0
post_load_walking,0,16.6652,16.6700,1.4316,12436,142,815089860799,2.3612,0.8998,14.2901,16623700,77300,333700,0,1700,0
post_load_walking,0,16.6671,16.6635,1.7603,12436,140,815090027499,1.8522,0.7151,14.7938,16671500,75800,316000,0,1500,0
post_load_walking,0,16.6947,16.6940,1.4500,18828,135,815090194134,1.7741,1.0611,14.9018,16657400,75400,626200,0,1500,0
post_load_walking,0,16.6488,16.6412,1.7469,12436,135,815090361074,1.6459,0.6812,14.9778,16639400,75100,336200,0,1400,0
post_load_walking,0,16.6596,16.6878,1.4684,12436,135,815090527486,1.7533,0.9198,14.9183,16637200,69000,314200,0,1300,0
post_load_walking,0,16.6658,16.6750,1.4264,12436,135,815090694364,1.9934,0.9998,14.6641,16649900,75100,256900,0,1200,0
post_load_walking,0,16.6680,16.6538,1.4377,12436,135,815090861114,1.6577,0.9333,14.9818,16652500,79200,334000,0,1100,0
post_load_walking,0,16.6701,16.6515,1.4049,18828,135,815091027652,1.5125,0.8294,15.1250,16655300,73700,777400,0,1600,0
post_load_walking,0,16.6702,16.6656,1.7408,24948,135,815091194167,1.6643,0.9659,14.9857,16650400,83900,263600,0,1600,0
post_load_walking,0,16.6674,16.6689,1.4500,12512,115,815091360823,1.5564,0.9363,15.0961,16652500,83300,989700,0,1300,0
post_load_walking,0,16.6670,16.6719,1.4377,12512,116,815091527512,2.4397,1.3524,14.2157,16648100,88100,732400,0,1600,0
post_load_walking,0,16.6652,16.6678,1.4828,12512,114,815091694231,2.1424,0.9341,14.5081,16648400,87800,271900,0,1400,0
post_load_walking,0,16.6688,16.6693,1.4387,18904,113,815091860909,2.6687,0.8428,13.9839,16651100,124500,663600,0,3000,0
post_load_walking,0,16.6704,16.6673,1.4275,12512,112,815092027602,2.6640,0.5486,13.9842,16655100,85100,290600,0,1400,0
post_load_walking,0,16.6644,16.6663,1.4408,12512,112,815092194275,1.7832,0.6877,14.8653,16643000,85900,749100,0,1600,0
post_load_walking,0,16.6673,16.6681,1.4664,12512,112,815092360938,2.2936,0.6309,14.3578,16650000,92700,747500,0,1600,0
post_load_walking,0,16.6680,16.6750,1.5309,12512,112,815092527619,1.9160,0.8031,14.7395,16651600,93400,377000,0,1600,0
post_load_walking,0,16.6653,16.6614,1.5596,18904,112,815092694369,2.2635,0.7995,14.3797,16642700,92700,745400,0,2300,0
post_load_walking,0,16.6691,16.6671,1.7992,12512,112,815092860983,2.6090,1.0880,14.0412,16651300,96700,372400,0,1800,0
post_load_walking,0,16.7643,16.6722,2.9020,12512,112,815093027654,2.3184,1.2372,14.3334,16748000,86100,381200,0,3700,0
post_load_walking,0,16.6627,16.6596,1.5473,12512,112,815093194376,2.1509,1.0012,14.4919,16643000,91200,311100,0,1700,0
post_load_walking,0,16.6667,16.6696,2.6276,12512,113,815093360972,1.8941,0.6654,14.7573,16649800,87700,301500,0,1500,0
post_load_walking,0,16.6652,16.7653,1.5237,18904,114,815093527668,2.0916,0.6390,14.6566,16647200,89600,711400,0,1900,0
post_load_walking,0,16.6671,16.6590,3.4908,12512,114,815093695321,1.8367,0.5684,14.8065,16655900,83900,337700,0,1400,0
post_load_walking,0,16.6700,16.6658,1.5340,12512,114,815093861911,1.8363,1.1602,14.8137,16659200,85800,298100,0,1400,0
post_load_walking,0,16.6651,16.6609,1.5759,12512,114,815094028569,2.1026,0.9402,14.5447,16647600,87400,295100,0,1700,0
post_load_walking,0,16.6669,16.6686,1.5473,12512,114,815094195178,1.7825,0.5929,14.8735,16651500,80900,276200,0,1500,0
post_load_walking,0,16.6679,16.6751,1.8176,18904,114,815094361864,1.6324,0.7682,15.0271,16654400,82300,619300,0,1400,0
post_load_walking,0,16.6664,16.6620,1.4787,12512,114,815094528615,1.9875,0.5404,14.6602,16650600,85300,288800,0,1500,0
post_load_walking,0,16.6686,16.6660,1.7828,12512,114,815094695235,1.5743,1.0583,15.0773,16686900,90900,526800,0,1500,0
post_load_walking,0,16.6655,16.6687,1.5698,12512,114,815094861895,1.8051,0.5814,14.8494,16616400,98000,294500,0,1600,0
post_load_walking,0,16.7377,16.6664,1.5749,12512,106,815095028582,1.7110,0.9850,14.9398,16722300,88400,326800,0,1300,0
post_load_walking,0,16.6651,16.7023,1.5483,18904,107,815095195246,2.2943,0.5812,14.3927,16650300,137100,641000,0,1300,0
post_load_walking,0,16.6689,16.6315,1.8668,12512,106,815095362269,1.6364,0.9358,14.9802,16656600,89600,327700,0,1300,0
post_load_walking,0,17.0710,16.7374,1.5483,12512,106,815095528584,1.6179,0.6558,15.1044,17055600,90200,394400,0,1500,0
post_load_walking,0,16.6674,16.6640,1.5401,12512,106,815095695958,1.8724,0.9291,14.7781,16651200,88000,2097200,949900,1300,0
post_load_walking,0,16.6782,16.6715,1.5688,12512,106,815095862598,1.6860,1.0437,14.9707,16678800,95600,291400,0,1700,0
post_load_walking,0,16.6520,17.0707,1.9548,18904,106,815096029313,1.8156,1.0465,15.2402,16611200,86400,589700,0,1500,0
post_load_walking,0,16.6665,16.6664,1.7859,12512,106,815096200020,2.8865,0.6101,13.7648,16654600,75300,250200,0,1000,0
post_load_walking,0,16.6703,16.7012,1.5063,12512,104,815096366684,1.8063,0.6671,14.8727,16664700,67900,249600,0,1200,0
post_load_walking,0,16.6648,16.6226,1.5667,12512,104,815096533696,1.9429,0.4885,14.6683,16649000,88500,258700,0,1200,0
post_load_walking,0,16.6697,16.6646,1.5718,12512,104,815096699922,1.4829,0.4914,15.1717,16662800,90400,252200,0,1100,0
post_load_walking,0,16.6673,16.6765,1.5309,18904,104,815096866568,1.5957,0.5550,15.0691,16652100,102300,649500,0,1500,0
post_load_walking,0,16.7470,16.6611,1.8473,12512,104,815097033333,1.6779,0.5348,14.9713,16727700,81800,269800,0,1300,0
post_load_walking,0,16.6818,16.6760,1.5985,12512,104,815097199944,1.9213,0.6884,14.7416,16677800,78500,246300,0,1200,0
post_load_walking,0,16.6571,16.6661,1.5892,22868,104,815097366704,2.0498,0.5397,14.6025,16635200,82700,257000,0,1200,0
post_load_walking,0,16.6671,16.7445,1.6046,12512,328,815097533365,1.6554,0.4922,15.0724,16653300,74800,278400,0,1100,0
post_load_walking,0,16.6672,16.6920,2.3378,18904,327,815097700810,1.5526,3.5051,15.1254,16654500,76600,541500,0,1400,0
post_load_walking,0,16.6688,16.6494,2.0756,12512,328,815097867730,2.1944,2.3083,14.4410,16650000,109900,245700,0,1400,0
post_load_walking,0,16.6641,16.6670,1.6456,12512,328,815098034224,1.6577,0.9195,14.9957,16649000,73800,319500,0,1200,0
post_load_walking,0,16.6682,16.6721,1.6527,12512,328,815098200894,1.8189,0.6393,14.8358,16656700,79900,407800,0,1500,0
post_load_walking,0,16.6668,16.6637,1.5913,12512,325,815098367615,1.6544,0.9773,14.9957,16652200,78100,696300,0,1300,0
post_load_walking,0,16.6676,16.6620,1.5401,18904,325,815098534252,1.7131,0.9907,14.9361,16656200,79100,509100,0,1200,0
post_load_walking,0,16.7029,16.6703,1.9231,12512,325,815098700872,1.9009,0.8999,14.7559,16687900,84700,267500,0,1400,0
post_load_walking,0,16.6837,16.6656,2.3501,12512,324,815098867575,2.0041,0.6938,14.6483,16671600,84300,530500,0,1600,0
post_load_walking,0,16.6548,16.6704,1.5657,12512,326,815099034231,1.7413,0.6480,14.9151,16639200,81900,291900,0,1500,0
post_load_walking,0,16.6657,16.7020,3.2788,12512,325,815099200935,2.0086,0.9078,14.6794,16648800,87000,301000,0,1600,0
post_load_walking,0,16.6685,16.6860,1.5514,18904,324,815099367955,2.1881,0.9099,14.4836,16653100,87600,672800,0,1700,0
post_load_walking,0,16.6648,16.6543,2.6460,12512,325,815099534815,2.0530,0.7051,14.5863,16647600,87000,289300,0,1500,0
post_load_walking,0,16.6683,16.6653,3.4263,12512,326,815099701358,2.0486,0.8806,14.6003,16655000,99500,458000,0,1400,0
post_load_walking,0,16.6659,16.6690,1.5555,12512,324,815099868011,2.2167,0.6527,14.4365,16649100,88100,348400,0,1300,0
post_load_walking,0,16.6637,16.6625,1.5575,22868,326,815100034701,1.9439,0.7469,14.7039,16646900,123800,267400,0,1700,0
post_load_walking,0,16.6666,16.6705,1.5411,18904,630,815100201326,2.2082,0.7527,14.4469,16656800,86400,507800,0,1100,0
post_load_walking,0,16.6807,16.6636,1.8166,12512,629,815100368031,1.9339,7.7861,14.7154,16689900,74300,262000,0,1300,0
post_load_walking,0,16.6546,16.6590,1.7541,12512,630,815100534667,2.5069,7.1049,14.1402,16623500,71900,251000,0,1000,0
post_load_walking,0,16.6761,16.6662,2.1463,12512,628,815100701257,2.1838,0.8588,14.4732,16667200,78700,235700,0,1100,0
post_load_walking,0,16.6616,16.7010,1.7961,12512,630,815100867919,1.8854,0.8230,14.8047,16646200,101700,277900,0,1400,0
post_load_walking,0,16.6669,16.6358,2.1862,18904,628,815101034929,1.9297,0.9628,14.6939,16650800,85500,834800,0,1100,0
post_load_walking,0,16.8736,16.6819,1.8524,12512,630,815101201287,1.9731,1.0323,14.6942,16867900,83600,284600,0,1700,0
post_load_walking,0,16.6542,16.6618,2.4525,12512,631,815101368106,2.0156,1.8519,14.6308,16627400,81300,349900,0,1400,0
post_load_walking,0,16.6646,16.6653,2.1924,12512,632,815101534724,2.8209,0.9241,13.8301,16647600,78200,259400,0,1100,0
post_load_walking,0,16.6675,16.8837,1.8616,12512,632,815101701377,2.2059,1.0681,14.6622,16660000,67500,230400,0,1000,0
post_load_walking,0,16.6761,16.6410,1.8698,18904,632,815101870214,2.4016,1.1823,14.2258,16666200,71200,551200,0,1000,0
post_load_walking,0,16.6782,16.6586,1.8698,12512,631,815102036624,1.9315,0.9256,14.7160,16675700,90800,257500,0,1000,0
post_load_walking,0,16.6571,16.6707,1.9507,12512,631,815102203210,1.9850,1.0278,14.6752,16636800,69800,243600,0,1100,0
post_load_walking,0,16.6679,16.6776,2.6450,12512,628,815102369917,2.4216,0.8017,14.2446,16659200,80000,296000,0,900,0
post_load_walking,0,16.6674,16.6868,1.8473,12512,632,815102536693,1.8636,0.8907,14.8122,16654800,74500,280100,0,1200,0
post_load_walking,0,16.6687,16.6475,1.9036,18904,632,815102703561,2.0598,0.8691,14.5771,16655900,78700,508900,0,1400,0
post_load_walking,0,16.6659,16.6710,2.4289,12512,631,815102870036,2.1662,1.0246,14.4930,16651000,82500,421600,0,1600,0
post_load_walking,0,16.6690,16.6686,1.8719,12512,626,815103036746,2.0895,1.2346,14.5653,16654900,87900,291500,0,1500,0
post_load_walking,0,16.6664,16.6699,2.2272,12512,620,815103203432,2.2006,0.9375,14.4555,16650000,89100,316900,0,2100,0
post_load_walking,0,16.7367,16.6656,1.9395,12512,623,815103370131,2.2743,0.8731,14.3767,16721100,87100,293300,0,1500,0
post_load_walking,0,16.6655,16.6717,1.9077,18904,623,815103536787,2.4942,1.1291,14.1607,16648700,90400,613900,0,1400,0
post_load_walking,0,16.6623,16.6656,1.9241,12512,620,815103703504,2.5190,1.5615,14.1311,16638400,87700,287700,0,1500,0
post_load_walking,0,16.6685,16.7379,1.8924,12512,619,815103870160,2.5774,1.0727,14.1439,16659600,76300,338900,0,1100,0
post_load_walking,0,16.6653,16.6654,2.2149,12512,618,815104037539,2.9165,1.0017,13.7324,16649300,85000,346300,0,1300,0
post_load_walking,0,16.6661,16.6545,1.8964,12512,618,815104204193,2.5525,0.9913,14.0861,16654300,70800,236900,0,1000,0
post_load_walking,0,16.6670,16.6716,1.8596,18904,617,815104370738,2.0239,1.0009,14.6358,16657500,72800,475400,0,1200,0
post_load_walking,0,16.6692,16.6603,2.1268,12512,615,815104537454,2.0928,0.9005,14.5565,16661300,69500,294400,0,900,0
post_load_walking,0,16.6818,16.6650,1.8586,12512,615,815104704057,1.9570,0.8461,14.6974,16691600,71700,303900,0,1100,0
post_load_walking,0,16.6506,16.6675,2.2518,12512,614,815104870707,1.9937,0.8434,14.6639,16583700,69900,289500,0,1000,0
post_load_walking,0,16.6670,16.6724,1.8340,12512,609,815105037382,2.1379,1.4025,14.5234,16653300,75000,246700,0,1200,0
post_load_walking,0,17.0651,16.7204,1.8258,18904,608,815105204106,2.0966,1.4892,14.5954,17080200,67600,530200,0,1000,0
post_load_walking,0,16.6503,16.6114,1.8944,12512,603,815105371310,2.0373,0.7126,14.5463,16585600,68100,230800,0,1000,0
post_load_walking,0,16.6696,16.6621,1.8657,12512,594,815105537424,1.7850,1.3487,14.8684,16664700,79200,237600,0,1300,0
post_load_walking,0,16.6759,17.1067,2.1473,12512,596,815105704045,1.9869,0.7317,15.0938,16672700,72000,235600,0,1000,0
post_load_walking,0,16.6578,16.6078,1.8012,12512,586,815105875112,1.9535,0.8416,14.6320,16622800,61500,303700,0,800,0
post_load_walking,0,16.6657,16.6759,1.8596,18904,588,815106041190,1.9600,0.7768,14.7048,16648500,78000,500600,0,1000,0
post_load_walking,0,16.6680,16.6940,1.8248,12512,591,815106207949,2.0550,0.7902,14.6179,16664200,67500,256800,0,900,0
post_load_walking,0,16.6655,16.6418,2.3122,12512,592,815106374889,2.0476,0.8597,14.5753,16657500,98300,259500,0,1200,0
post_load_walking,0,16.6710,16.6584,2.6481,12512,589,815106541307,2.1321,0.8072,14.5165,16750300,66500,282400,0,1100,0
post_load_walking,0,16.6635,16.6752,1.9220,12512,591,815106707891,1.9122,0.8309,14.7522,16554500,76300,302800,0,1300,0
post_load_walking,0,16.6666,16.6676,2.7709,18904,591,815106874643,2.0683,1.3152,14.5892,16654600,70700,493800,0,900,0
post_load_walking,0,16.8954,16.7624,1.8596,12512,591,815107041319,1.8683,0.8182,14.8820,16896100,70500,233500,0,1000,0
post_load_walking,0,16.6558,16.5664,1.9538,12512,584,815107208943,2.0712,1.0313,14.4834,16633400,67500,227900,0,1200,0
post_load_walking,0,16.6667,16.6653,2.2712,12512,586,815107374607,2.0798,0.9359,14.5749,16657000,77500,251100,0,1000,0
post_load_walking,0,16.6683,16.9061,1.9907,12512,585,815107541260,1.7092,0.7470,15.1868,16657800,72200,299800,0,1000,0
post_load_walking,0,16.6651,16.6453,1.9804,18904,581,815107710321,1.9916,1.0505,14.6419,16646700,83400,568300,0,1000,0
post_load_walking,0,16.6870,16.6691,1.9845,12512,586,815107876774,1.7858,1.3453,14.8713,16700100,66300,302500,0,800,0
post_load_walking,0,17.0186,16.6709,2.0777,12512,584,815108043465,2.0230,1.4854,14.6349,16948900,74300,234100,0,900,0
post_load_walking,0,16.7366,16.6590,2.2804,12512,586,815108210174,2.2430,1.3101,14.4038,16728800,64100,250700,0,800,0
post_load_walking,0,16.6686,16.7315,1.9988,12512,586,815108376764,2.0295,0.7705,14.6709,16644500,92900,246900,0,1300,0
post_load_walking,0,16.6663,16.9744,2.2835,18904,584,815108544079,1.9815,0.9416,14.9675,16650200,83500,609200,0,1500,0
post_load_walking,0,16.6655,16.7418,2.0040,12512,586,815108713823,1.8293,0.9668,14.8997,16647500,85100,269900,0,1200,0
post_load_walking,0,16.6656,16.6706,2.0070,12512,584,815108881241,2.2077,1.0173,14.4368,16651900,74800,272000,0,1200,0
post_load_walking,0,16.6657,16.6660,2.0204,12512,586,815109047947,2.3385,0.9808,14.3117,16653800,78800,310900,0,1100,0
post_load_walking,0,16.6664,16.6600,2.0613,12512,586,815109214607,2.3137,0.9266,14.3340,16662700,68800,330400,0,1200,0
post_load_walking,0,16.6675,16.6646,2.4351,18904,586,815109381207,1.8756,1.3056,14.7764,16654000,64700,548000,0,900,0
post_load_walking,0,16.6698,16.6628,2.1105,12512,585,815109547853,1.6657,1.2265,14.9881,16665000,66400,282200,0,900,0
post_load_walking,0,16.6805,16.6719,2.0204,12512,586,815109714481,2.0246,0.8010,14.6382,16683800,80500,244000,0,1200,0
post_load_walking,0,16.6521,16.6630,2.0470,12512,585,815109881200,2.0374,1.2724,14.6166,16592700,71900,237400,0,800,0
post_load_walking,0,16.6672,16.6783,2.1207,12512,585,815110047830,1.7504,0.8259,14.9147,16654500,72000,235500,0,900,0
post_load_walking,0,16.7242,16.7111,2.3388,18904,586,815110214613,1.9145,0.7747,14.7696,16735700,68100,482000,0,1100,0
post_load_walking,0,16.6542,16.6153,2.0521,12512,538,815110381724,2.0954,0.7709,14.4972,16592100,68500,265000,0,1100,0
post_load_walking,0,16.7999,16.6641,2.0122,12512,538,815110547877,1.7834,0.8223,14.8711,16799200,71400,399800,0,1100,0
post_load_walking,0,16.6626,16.7634,2.0931,12512,533,815110714518,1.8776,1.2729,14.8585,16550900,84200,252000,0,1000,0
post_load_walking,0,16.6715,16.6162,2.0603,12512,533,815110882152,1.7642,1.0544,14.8276,16661800,67100,229500,0,900,0
post_load_walking,0,16.6633,16.8171,2.2036,18904,530,815111048314,2.4279,0.8398,14.3714,16647300,78600,540700,0,1200,0
post_load_walking,0,16.6684,16.6481,1.9804,12512,532,815111216485,2.3854,0.9581,14.1656,16658600,78200,388300,0,1200,0
post_load_walking,0,16.6680,16.6761,2.0613,12436,533,815111382966,2.3669,1.1090,14.2950,16652500,77200,276900,0,1300,0
post_load_walking,0,16.6662,16.6616,2.0122,12436,532,815111549727,2.5973,1.3531,14.0501,16653100,73300,309500,0,1400,0
post_load_walking,0,16.6670,16.6727,1.9743,12436,533,815111716343,2.4407,0.9534,14.2180,16651700,74800,283400,0,1600,0
post_load_walking,0,16.6648,16.6665,2.2528,18828,534,815111883070,2.3348,1.0561,14.3177,16648000,92700,633000,0,1300,0
post_load_walking,0,16.6662,16.6678,2.0777,12436,527,815112049735,2.2188,0.9738,14.4345,16651700,72700,503300,0,1600,0
post_load_walking,0,16.6691,16.6663,2.2723,12436,527,815112216413,2.5420,1.5680,14.1099,16659300,71600,275400,0,1000,0
post_load_walking,0,16.6681,16.6605,1.9343,12436,528,815112383076,2.8131,1.1149,13.8350,16652900,70700,275500,0,1400,0
post_load_walking,0,16.6688,16.6665,1.9067,12436,528,815112549681,2.4316,0.8802,14.2202,16656100,74700,280300,0,1500,0
post_load_walking,0,16.6643,16.6722,2.3173,18828,527,815112716346,2.2420,0.9596,14.4174,16645400,78900,708000,0,1500,0
post_load_walking,0,16.6673,16.6684,1.9374,12436,525,815112883068,2.1818,0.8740,14.4714,16652200,69200,344400,0,1200,0
post_load_walking,0,16.6662,16.6714,1.8647,12436,529,815113049752,2.2952,1.0218,14.3611,16651900,74500,267200,0,1400,0
post_load_walking,0,16.6801,16.6612,1.8442,12436,518,815113216466,2.7425,1.3413,13.9029,16689300,68300,244500,0,1100,0
post_load_walking,0,16.6531,16.6652,1.9241,12436,510,815113383078,2.0701,0.9438,14.5822,16596400,65600,306800,0,1000,0
post_load_walking,0,16.6658,16.6640,2.2088,18828,514,815113549730,1.8929,0.8884,14.7592,16652200,64400,1962400,678600,1000,0
post_load_walking,0,16.6927,16.7195,1.8452,12436,514,815113716370,2.3601,0.8714,14.3295,16681500,65800,265900,0,1100,0
post_load_walking,0,16.6651,16.6131,1.8524,12436,512,815113883565,2.3010,0.9908,14.2954,16651900,64600,265100,0,1000,0
post_load_walking,0,16.6661,16.6662,1.9077,12436,513,815114049696,2.7044,1.2423,13.9479,16655600,64900,245300,0,1000,0
post_load_walking,0,16.8112,16.6923,1.8893,12436,365,815114216358,2.0571,0.8634,14.6245,16825300,56500,284900,0,1000,0
post_load_walking,0,16.6674,16.6608,2.3910,18828,360,815114383281,2.0579,0.8101,14.5939,16640700,63800,513700,0,1000,0
post_load_walking,0,16.6554,16.6645,2.0470,12436,360,815114549889,1.8617,0.7657,14.7939,16597000,58900,230500,0,1000,0
post_load_walking,0,16.6637,16.8499,2.2354,12436,356,815114716534,1.9781,0.8299,14.8476,16643600,77500,272200,0,1700,0
post_load_walking,0,16.8077,16.6683,2.0961,12436,352,815114885033,2.2630,0.8010,14.3780,16811000,73800,369700,0,1100,0
post_load_walking,0,16.6560,16.6297,2.1330,22276,352,815115051716,2.2466,1.1767,14.3503,16626100,84800,286500,0,1500,0
post_load_walking,0,16.6684,16.6591,2.3020,18828,327,815115218013,2.3170,1.9996,14.3267,16648100,84500,983600,0,1200,0
post_load_walking,0,16.6673,16.8323,2.0224,12436,327,815115384604,2.0634,1.0397,14.7479,16651700,75100,399700,0,1500,0
post_load_walking,0,16.6660,16.6402,2.0562,12436,327,815115552927,2.4364,1.0413,14.1899,16650300,77600,349000,0,1300,0
post_load_walking,0,16.6669,16.6626,2.0623,12436,327,815115719329,2.7596,0.9254,13.8886,16652600,76400,272200,0,1400,0
post_load_walking,0,16.6671,16.6665,2.0941,12436,327,815115885955,2.2271,0.9785,14.4247,16654400,75300,266600,0,1300,0
post_load_walking,0,16.6652,16.6644,2.3470,18828,324,815116052620,2.2245,0.7783,14.4259,16650200,78100,568000,0,1300,0
post_load_walking,0,16.6677,16.6656,2.1299,12436,324,815116219264,2.3805,0.8576,14.2723,16656400,72800,262800,0,1100,0
post_load_walking,0,16.6681,16.6690,2.0562,12436,324,815116385920,2.3958,0.8925,14.2587,16655500,77700,248600,0,1300,0
post_load_walking,0,16.6680,16.6629,2.0695,12436,323,815116552610,2.2131,0.7872,14.4371,16654900,73000,252800,0,1200,0
post_load_walking,0,16.6670,16.6696,2.1094,22792,319,815116719239,1.9248,0.6900,14.7317,16650600,76600,295500,0,1300,0
post_load_walking,0,16.6657,16.6687,2.3337,18828,261,815116885935,2.1353,0.8084,14.5204,16649800,72600,819000,0,1400,0
post_load_walking,0,16.6682,16.6699,2.1740,12436,257,815117052622,1.9898,1.4815,14.6653,16656000,78300,475800,0,1800,0
post_load_walking,0,16.6666,16.6662,1.9384,12436,256,815117219321,2.5004,0.8314,14.1503,16650200,76400,297900,0,1900,0
post_load_walking,0,16.6685,16.6642,1.8616,12436,252,815117385983,2.2114,0.9640,14.4385,16653000,75700,420700,0,1700,0
post_load_walking,0,16.6667,16.6706,1.5759,12436,250,815117552625,2.3146,0.8638,14.3415,16652700,77100,341500,0,2100,0
post_load_walking,0,16.6672,16.6664,1.8842,18828,247,815117719331,2.6016,0.8784,14.0488,16649600,77900,621000,0,1700,0
post_load_walking,0,16.6697,16.6687,1.5421,12436,248,815117885995,2.2310,1.2034,14.4220,16658400,74200,759800,0,1400,0
post_load_walking,0,16.6649,16.6686,1.5821,12436,248,815118052682,2.4050,0.8416,14.2479,16637400,116200,351900,0,1800,0
post_load_walking,0,16.6659,16.6646,1.5544,12436,242,815118219368,2.1895,0.9982,14.4603,16647400,82800,411900,0,1700,0
post_load_walking,0,16.6670,16.6792,1.5688,12436,243,815118386014,2.4364,0.7442,14.2221,16651300,79400,783500,0,3000,0
post_load_walking,0,16.6677,16.6583,3.9178,18828,240,815118552806,2.3729,1.0832,14.2645,16652700,81400,768100,0,1800,0
post_load_walking,0,16.6666,16.6639,2.6225,12436,241,815118719389,2.3356,1.0003,14.3120,16650900,76100,292000,0,1600,0
post_load_walking,0,16.6684,16.6677,1.5964,12436,238,815118886028,3.0260,0.8880,13.6255,16653700,77600,702800,0,1700,0
post_load_walking,0,16.6658,16.6678,1.5483,12436,237,815119052705,2.8078,0.7744,13.8451,16645400,89700,335600,0,2100,0
post_load_walking,0,16.6617,16.6670,1.4817,12436,234,815119219383,2.3173,0.9182,14.3338,16641200,100300,289800,0,1300,0
post_load_walking,0,16.9302,16.6704,1.8790,18828,234,815119386053,2.5659,0.7360,14.0880,16922700,62800,541300,0,1000,0
post_load_walking,0,16.6621,16.6616,1.4828,12436,234,815119552757,2.0683,0.7708,14.5772,16657000,67000,356600,0,1100,0
post_load_walking,0,16.6647,16.6540,1.5370,12436,234,815119719373,2.1455,0.6843,14.4957,16638000,95200,369800,0,2100,0
post_load_walking,0,16.6662,16.9331,1.4633,22276,234,815119885913,2.0348,0.8599,14.8880,16650300,81200,305400,0,1800,0
post_load_walking,0,16.6783,16.6745,1.4889,12436,189,815120055244,2.2537,0.9311,14.4034,16678900,78300,303600,0,1600,0
post_load_walking,0,16.6518,16.6576,2.0797,18828,188,815120221989,2.7067,0.6909,13.9314,16588700,58900,579700,0,1100,0
post_load_walking,0,16.6850,16.6648,1.5309,12436,189,815120388565,2.6293,0.6728,14.0211,16681200,54100,244100,0,1000,0
post_load_walking,0,16.6681,16.7073,1.5606,12436,188,815120555213,2.0205,0.6081,14.6586,16659200,64300,249800,0,1000,0
post_load_walking,0,16.6650,16.6112,1.5370,12436,187,815120722286,1.9272,1.0082,14.6614,16650200,63200,232200,0,1200,0
post_load_walking,0,16.6690,16.6915,1.5811,12436,156,815120888398,1.4274,0.5499,15.2539,16660500,62000,263200,0,1000,0
post_load_walking,0,16.6713,16.6706,1.4643,18828,156,815121055313,1.7167,0.6203,14.9428,16665400,69300,469300,0,1100,0
post_load_walking,0,16.6621,16.6614,1.5155,12436,154,815121222019,1.6601,0.7755,14.9903,16636200,101100,602200,0,1900,0
post_load_walking,0,16.8335,16.6720,1.5002,12436,154,815121388633,1.7729,0.6645,14.8878,16839500,67300,299600,0,1000,0
post_load_walking,0,16.6687,16.6811,1.5380,12436,154,815121555353,1.6379,1.0637,15.0277,16610400,71100,301100,0,1300,0
post_load_walking,0,16.6655,16.6517,1.7981,12436,154,815121722164,2.9239,0.6358,13.7123,16648300,78900,270300,0,1300,0
post_load_walking,0,16.6656,16.8548,1.7582,18828,154,815121888681,1.6539,0.9447,15.1860,16648800,70300,625100,0,1300,0
post_load_walking,0,16.6676,16.6536,3.1601,12436,156,815122057229,1.7037,0.6438,14.9069,16656800,67100,247400,0,1200,0
post_load_walking,0,16.6651,16.6628,2.4617,12436,152,815122223765,1.6975,1.1258,14.9510,16651500,62800,283100,0,1100,0
post_load_walking,0,16.6713,16.6610,1.7439,12436,151,815122390393,2.0727,0.5401,14.5761,16666500,58900,239700,0,1000,0
post_load_walking,0,16.6670,16.6692,1.5462,12436,151,815122557003,1.3296,0.5854,15.3275,16652600,93000,255300,0,1300,0
post_load_walking,0,16.6667,16.6609,1.4387,18828,143,815122723695,1.5014,0.5644,15.1501,16650500,72300,522100,0,1500,0
post_load_walking,0,16.6674,16.6799,1.5432,12436,142,815122890304,1.4648,0.6042,15.2018,16652800,73300,284300,0,1300,0
post_load_walking,0,16.6684,16.6676,1.4981,12436,142,815123057103,1.7197,0.6729,14.9331,16654400,80100,276900,0,1600,0
post_load_walking,0,16.6653,16.6647,1.5258,12436,142,815123223779,1.8465,0.5887,14.8041,16647400,71800,340900,0,1200,0
post_load_walking,0,16.6666,16.6679,1.4991,12436,140,815123390426,1.7249,0.6219,14.9280,16652700,71800,289300,0,1400,0
post_load_walking,0,16.7484,16.6693,1.7254,18828,135,815123557105,1.5934,0.9855,15.0612,16729400,67300,630200,0,1100,0
post_load_walking,0,16.8161,16.6644,1.4940,12436,134,815123723798,1.6907,0.6570,14.9568,16822200,78500,312100,0,1000,0
post_load_walking,0,16.6500,16.6691,1.5165,12436,135,815123890442,1.8760,0.6665,14.7769,16578900,108500,258900,0,2500,0
post_load_walking,0,16.7310,16.7426,1.4316,12436,135,815124057133,1.6533,0.6781,15.0763,16732700,75200,335300,0,900,0
post_load_walking,0,16.7119,16.8506,1.5012,12436,135,815124224559,1.7479,0.5120,15.0746,16662400,69300,276100,0,1000,0
post_load_walking,0,16.6849,16.6132,1.7674,18828,135,815124393065,2.3174,0.9852,14.2615,16668700,68500,514500,0,1200,0
post_load_walking,0,16.6508,16.7644,1.5186,22868,134,815124559197,1.7162,0.5495,15.0167,16632900,63800,248200,0,900,0
post_load_walking,0,16.6634,16.6848,1.5053,12512,116,815124726841,1.7562,0.6690,14.9061,16646300,71800,256600,0,1100,0
post_load_walking,0,16.6684,16.6858,1.4807,12512,116,815124893689,1.9241,1.3118,14.7447,16660300,65200,251300,0,1100,0
post_load_walking,0,16.6661,16.6461,1.5268,12512,114,815125060547,1.8111,0.5178,14.8220,16655200,72700,239800,0,1200,0
post_load_walking,0,16.6674,16.6565,1.8524,18904,114,815125227008,1.4553,0.4968,15.1912,16661500,68400,498300,0,1000,0
post_load_walking,0,16.6653,16.6711,1.4387,12512,112,815125393573,1.4119,0.4693,15.2484,16649800,66700,294000,0,1000,0
post_load_walking,0,16.6798,16.6643,1.5340,12512,112,815125560284,1.3626,0.5531,15.2925,16689800,61800,250300,0,1100,0
post_load_walking,0,16.6568,16.6714,1.5483,12512,112,815125726927,1.4851,0.5035,15.1764,16614500,78500,242300,0,1300,0
post_load_walking,0,16.6665,16.6586,1.4950,12512,112,815125893641,1.5239,0.4755,15.1260,16654400,107400,347000,0,1000,0
post_load_walking,0,16.6656,16.7126,1.7797,18904,112,815126060227,1.3598,0.9081,15.3302,16650700,79500,499800,0,1100,0
post_load_walking,0,16.6694,16.6327,1.4356,12512,112,815126227353,1.6297,0.6826,14.9848,16662000,64900,258000,0,900,0
post_load_walking,0,16.6656,16.6662,1.4551,12512,112,815126393680,2.1491,0.7269,14.5054,16650500,71600,283700,0,1300,0
post_load_walking,0,16.6694,16.6603,1.4490,12512,112,815126560342,1.6125,0.4491,15.0382,16662200,73200,245400,0,1200,0
post_load_walking,0,16.6650,16.6759,1.8514,12512,113,815126726945,1.3063,0.7935,15.3559,16647100,78400,253000,0,1500,0
post_load_walking,0,16.6669,16.6618,1.7367,18904,114,815126893704,1.5167,0.4778,15.1339,16656800,75100,648000,0,1200,0
post_load_walking,0,16.6667,16.6760,1.4940,12512,114,815127060322,1.3745,0.6120,15.2879,16654100,79800,521900,0,1400,0
post_load_walking,0,16.6662,16.6590,1.5217,12512,114,815127227082,1.4669,0.6390,15.1804,16655100,72900,246200,0,1200,0
post_load_walking,0,16.6687,16.6685,1.4643,12512,114,815127393672,1.7049,0.6174,14.9521,16659800,69400,252600,0,1200,0
post_load_walking,0,16.6676,16.6651,1.4510,12512,114,815127560357,1.6685,0.4537,14.9858,16655000,77500,237500,0,1500,0
post_load_walking,0,16.6661,16.6656,1.4479,18904,113,815127727008,1.5503,0.4733,15.1049,16652300,73900,508200,0,1400,0
post_load_walking,0,16.7425,16.6730,1.5606,12512,114,815127893664,1.5486,0.5075,15.1114,16727300,74500,455600,0,1300,0
post_load_walking,0,16.6646,16.6674,1.4715,12512,114,815128060394,1.7004,0.5993,14.9548,16646600,145900,261100,0,2700,0
post_load_walking,0,16.6692,16.6653,1.5340,12512,114,815128227068,1.6607,0.9536,14.9917,16661200,62000,210500,0,800,0
post_load_walking,0,16.6800,16.7398,1.4868,12512,107,815128393721,1.7379,0.4468,14.9894,16672900,74900,247300,0,900,0
post_load_walking,0,16.6553,16.6582,1.7664,18904,107,815128561119,1.7849,0.4374,14.8617,16647800,69300,571200,0,1000,0
post_load_walking,0,16.7006,16.6711,1.5944,12512,106,815128727701,1.3429,0.5029,15.3184,16688700,98600,306300,0,1100,0
post_load_walking,0,16.6763,16.6830,1.4367,12512,106,815128894412,1.5783,0.6110,15.0948,16675200,85300,270800,0,1100,0
post_load_walking,0,16.6572,16.6595,1.4838,12512,106,815129061242,1.8062,0.6553,14.8418,16611700,82900,238300,0,1100,0
post_load_walking,0,16.6650,16.7035,1.5483,12512,106,815129227837,1.8320,0.5449,14.8568,16649700,83500,271400,0,1200,0
post_load_walking,0,16.6692,16.6986,1.8094,18904,106,815129394872,1.6615,0.5528,15.0142,16663700,69800,613800,0,1000,0
post_load_walking,0,16.6666,16.6317,1.4449,12512,106,815129561858,1.5700,0.4762,15.0419,16652800,88300,473200,0,1200,0
post_load_walking,0,16.6657,16.6605,1.4828,12512,104,815129728175,1.5616,0.6100,15.0882,16650700,87100,261500,0,1500,0
post_load_walking,0,16.6699,16.6757,1.4940,12512,104,815129894780,1.6340,0.6083,15.0299,16661800,81600,253700,0,1300,0
post_load_walking,0,16.6652,16.6655,1.5012,12512,104,815130061537,1.7853,0.5097,14.8674,16648000,91000,275100,0,1500,0
post_load_walking,0,16.6656,16.6631,1.8196,18904,103,815130228192,1.6145,0.5121,15.0364,16650200,86500,535900,0,1200,0
post_load_walking,0,16.6670,16.6761,1.5114,12512,104,815130394823,1.7186,0.5012,14.9434,16655800,78500,238100,0,1000,0
post_load_walking,0,16.6789,16.6616,1.4490,12512,104,815130561584,1.7419,0.6484,14.9063,16684500,81100,251300,0,1000,0
post_load_walking,0,16.6547,16.6619,1.5012,22868,104,815130728200,1.7233,0.4780,14.9271,16610300,73000,263200,0,1100,0
post_load_walking,0,16.6688,16.6661,1.5821,12512,330,815130894819,1.5467,0.4726,15.1091,16662200,73700,240900,0,1000,0
post_load_walking,0,16.6675,16.7046,1.6189,18904,327,815131061480,1.5395,2.8403,15.1453,16655100,76900,963500,1421800,1200,0
post_load_walking,0,16.6650,16.6292,1.5360,12512,327,815131228526,2.1405,2.0114,14.4698,16647700,91500,377200,0,1700,0
post_load_walking,0,16.6685,16.6736,1.5852,12512,328,815131394818,1.6827,0.8275,14.9796,16658800,77800,257700,0,1400,0
post_load_walking,0,16.6644,16.6681,1.5677,12512,322,815131561554,2.0181,0.8147,14.6371,16647600,84300,270400,0,1200,0
post_load_walking,0,16.6695,16.6599,1.5565,12512,325,815131728235,2.1064,0.5755,14.5414,16663200,79500,260100,0,1100,0
post_load_walking,0,16.6626,16.6717,1.8442,18904,325,815131894834,1.6470,0.6086,15.0119,16644100,75400,530400,0,1200,0
post_load_walking,0,16.6703,16.6595,1.5729,12512,325,815132061551,1.7759,0.5396,14.8717,16666700,63600,227300,0,1000,0
post_load_walking,0,16.6647,16.6752,1.9108,12512,324,815132228146,1.6355,0.7640,15.0279,16648300,77100,323100,0,1200,0
post_load_walking,0,16.6690,16.6531,1.5749,12512,326,815132394898,2.1917,0.5099,14.4524,16661500,71400,249200,0,1100,0
post_load_walking,0,16.6692,16.6773,1.5739,12512,325,815132561429,1.4637,0.6172,15.2030,16663200,70400,438000,0,1200,0
post_load_walking,0,16.6638,16.6598,1.8770,18904,325,815132728202,1.8688,0.5444,14.7795,16642900,84600,465400,0,1200,0
post_load_walking,0,16.6695,16.6748,1.6046,12512,326,815132894800,1.7500,0.7412,14.9115,16661400,75100,258800,0,1000,0
post_load_walking,0,16.6671,16.6763,1.6118,12512,327,815133061548,2.3801,0.8191,14.2833,16655800,77200,248300,0,1400,0
post_load_walking,0,16.6671,16.6546,1.5421,12512,326,815133228311,1.9497,0.7297,14.6932,16653700,124000,272000,0,1800,0
post_load_walking,0,16.6653,16.6738,1.5862,22868,326,815133394857,1.7195,0.6062,14.9421,16649300,84600,337600,0,1400,0
post_load_walking,0,16.6692,16.6693,1.8852,18904,628,815133561595,1.6996,0.6116,14.9562,16656600,99000,565400,0,1400,0
post_load_walking,0,16.6686,16.6680,1.8463,12512,630,815133728288,1.9220,8.2672,14.7319,16655600,83100,288700,0,1700,0
post_load_walking,0,16.6656,16.6636,2.1043,12512,629,815133894968,2.6449,8.2123,14.0045,16646500,94800,308100,0,1800,0
post_load_walking,0,16.6679,16.6711,1.8012,12512,629,815134061604,2.4642,0.9385,14.1927,16653400,123700,408600,0,1800,0
post_load_walking,0,16.6667,16.6717,2.1565,12512,625,815134228315,2.3987,1.4252,14.2571,16650200,97300,319300,0,1600,0
post_load_walking,0,16.6689,16.6624,1.9261,18904,623,815134395032,2.9206,1.2145,13.7261,16653300,99400,643600,0,1900,0
post_load_walking,0,16.6714,16.6693,1.9405,12512,630,815134561656,2.9728,0.9381,13.6808,16658600,135900,331600,0,2500,0
post_load_walking,0,16.6636,16.6658,2.2241,12512,630,815134728349,2.6202,1.3544,14.0301,16627400,116600,894200,0,2100,0
post_load_walking,0,16.6698,16.6725,1.8944,12512,630,815134895007,3.0737,1.2779,13.5797,16655300,96000,882100,0,2000,0
post_load_walking,0,16.6659,16.6863,3.7294,12512,632,815135061732,3.9434,2.2780,12.7155,16640900,144600,517300,0,2100,0
post_load_walking,0,16.6638,16.6489,1.9487,18904,632,815135228595,4.7919,1.5081,11.8357,16642000,103000,751400,0,2300,0
post_load_walking,0,16.6674,16.6760,1.9016,12512,627,815135395084,3.4777,1.2288,13.1777,16653200,101100,356000,0,1800,0
post_load_walking,0,16.6680,16.6624,2.3122,12512,632,815135561844,3.1667,1.3583,13.4744,16647700,103300,533500,0,2000,0
post_load_walking,0,16.6653,16.6598,1.9251,12512,628,815135728468,3.2397,1.6140,13.4025,16643500,103000,1030300,0,2000,0
post_load_walking,0,16.6673,16.6706,1.8872,12512,629,815135895066,2.6511,1.2157,14.0022,16652300,94300,556100,0,1600,0
post_load_walking,0,16.6655,16.6655,1.9395,18904,633,815136061772,2.8803,1.4108,13.7675,16650500,97300,627100,0,1700,0
post_load_walking,0,16.6671,16.6613,2.0122,12512,631,815136228427,3.6380,1.8737,13.0056,16646900,98200,551400,0,1500,0
post_load_walking,0,16.6657,16.6686,2.2651,12512,627,815136395040,3.2998,1.0992,13.3526,16649800,86700,331200,0,1700,0
post_load_walking,0,16.6694,16.6660,2.7822,12512,615,815136561726,2.6275,1.8996,14.0232,16659000,87800,327000,0,1700,0
post_load_walking,0,16.6658,16.6640,2.0326,12512,623,815136728386,4.9280,1.2267,11.7191,16645900,91900,348800,0,1600,0
post_load_walking,0,17.0282,16.6643,2.0296,18904,623,815136895026,2.6152,1.0095,14.0348,17010800,90100,635800,0,1600,0
post_load_walking,0,16.6701,16.6751,1.9139,12512,616,815137061669,2.6926,1.3421,13.9665,16643100,104100,325800,0,1800,0
post_load_walking,0,16.6649,16.6632,3.2614,12512,619,815137228420,2.9619,1.1695,13.6842,16646900,88700,320600,0,1800,0
post_load_walking,0,16.6648,17.0252,2.0050,12512,617,815137395052,3.2156,1.0051,13.7955,16650200,81900,424900,0,2000,0
post_load_walking,0,16.6707,16.6719,2.3142,12512,618,815137565304,2.6889,1.0024,13.9542,16661300,83400,291600,0,1600,0
post_load_walking,0,16.6652,16.6619,1.9548,18904,614,815137732023,3.0179,1.1365,13.6290,16650400,87900,556400,0,1600,0
post_load_walking,0,16.6641,16.6628,1.9251,12512,616,815137898642,2.8021,1.1900,13.8483,16647100,78300,238900,0,1300,0
post_load_walking,0,16.6687,16.6754,2.2702,12512,615,815138065270,2.2813,0.9495,14.3800,16657700,77500,313200,0,1100,0
post_load_walking,0,16.6665,16.6640,1.9016,12512,613,815138232024,2.4851,1.0350,14.1654,16652000,72800,240100,0,1200,0
post_load_walking,0,16.6678,16.6607,1.9415,12512,609,815138398664,2.3902,0.9060,14.2571,16659100,74700,243400,0,1100,0
post_load_walking,0,16.6669,16.6701,1.8166,18904,609,815138565271,1.9705,1.2200,14.6874,16653200,74200,480500,0,1200,0
post_load_walking,0,16.6674,16.6635,1.9620,12512,602,815138731972,2.0605,1.0633,14.5915,16655600,74900,228000,0,1100,0
post_load_walking,0,16.6684,16.6708,2.2538,12512,593,815138898607,2.3241,0.8486,14.3351,16659100,73700,361300,0,1200,0
post_load_walking,0,16.6681,16.6658,1.9139,12512,595,815139065315,2.0392,0.7838,14.6140,16653000,86800,275400,0,1600,0
post_load_walking,0,16.6652,16.6683,1.9395,12512,588,815139231973,2.2312,0.8275,14.4245,16646500,94900,383800,0,1500,0
post_load_walking,0,16.6676,16.6741,1.9343,18904,591,815139398656,2.1839,0.9532,14.4754,16654800,81700,561800,0,1400,0
post_load_walking,0,16.6693,16.6697,1.9569,12512,590,815139565397,2.0837,0.9270,14.5693,16655700,81800,266700,0,2100,0
post_load_walking,0,16.6660,16.6608,2.2938,12512,588,815139732094,2.2413,1.0122,14.4053,16647400,86000,284600,0,1500,0
post_load_walking,0,16.6656,16.6689,1.9855,12512,593,815139898702,2.3773,0.9356,14.2777,16650600,85000,295100,0,1700,0
post_load_walking,0,16.6672,16.6714,2.0224,12512,589,815140065391,2.3615,0.9299,14.2944,16624400,81800,268400,0,2100,0
post_load_walking,0,16.9640,16.6629,1.9743,18904,585,815140232105,2.3667,1.0340,14.2808,16949500,78300,507800,0,1400,0
post_load_walking,0,16.6693,16.6932,1.9046,12512,591,815140398734,2.5086,0.8007,14.1420,16659700,75900,248300,0,1300,0
post_load_walking,0,16.6662,16.6372,1.8708,12512,583,815140565666,2.0952,2.0698,14.5292,16652400,75600,252000,0,1100,0
post_load_walking,0,16.6666,16.9615,1.9661,12512,585,815140732038,2.2911,0.7339,14.6585,16650700,77200,336600,0,1200,0
post_load_walking,0,16.6689,16.6734,1.9436,12512,586,815140901653,2.0516,0.7446,14.6082,16657000,73300,262000,0,1300,0
post_load_walking,0,16.6684,16.6671,1.8524,18904,586,815141068387,1.9577,0.8484,14.6950,16656100,82100,501600,0,1300,0
post_load_walking,0,16.6684,16.6639,1.9005,12512,586,815141235058,2.0829,0.8781,14.5679,16646300,78500,256600,0,1700,0
post_load_walking,0,16.6618,16.6714,2.3316,12512,585,815141401697,2.0741,0.8979,14.5830,16652000,72600,231500,0,1100,0
post_load_walking,0,16.6675,16.6714,1.9671,12512,580,815141568411,2.1293,0.9014,14.5270,16657900,78900,353200,0,1000,0
post_load_walking,0,16.6673,16.6585,1.8248,12512,586,815141735125,2.1291,0.8247,14.5172,16654100,73400,231800,0,1300,0
post_load_walking,0,16.6715,16.6645,1.9149,18904,586,815141901710,1.9936,0.8431,14.6586,16659300,75300,538200,0,1400,0
post_load_walking,0,16.6623,16.6704,2.4105,12512,586,815142068355,2.2299,0.9782,14.4281,16647400,76800,260300,0,1300,0
post_load_walking,0,16.6676,16.6662,2.3224,12512,586,815142235059,1.8530,1.0694,14.8011,16655500,81100,318200,0,1400,0
post_load_walking,0,16.6665,16.6718,1.9118,12512,586,815142401721,2.3835,0.9345,14.2758,16649600,75700,245000,0,1200,0
post_load_walking,0,16.6671,16.6634,2.2600,12512,586,815142568439,2.0597,1.3791,14.5879,16653300,78300,247900,0,1200,0
post_load_walking,0,16.6820,16.6682,2.0582,18904,581,815142735073,1.8524,0.9049,14.8033,16683800,79300,540600,0,1400,0
post_load_walking,0,16.6495,16.6664,2.0296,12512,586,815142901755,1.8717,0.7627,14.7780,16605800,72200,262100,0,1100,0
post_load_walking,0,16.6660,16.6668,2.3368,12512,584,815143068419,2.0160,1.5563,14.6375,16653800,74500,275600,0,1000,0
post_load_walking,0,16.6667,16.7093,1.9579,12512,586,815143235087,2.0264,0.8036,14.6577,16659400,68600,315500,0,1000,0
post_load_walking,0,16.6697,16.6163,2.0388,12512,585,815143402180,2.3170,1.2109,14.2889,16663600,78200,303900,0,1100,0
post_load_walking,0,16.6655,16.6624,2.0101,18904,586,815143568343,1.8621,0.9479,14.7918,16652600,75900,482100,0,1000,0
post_load_walking,0,16.7513,16.6686,1.9538,12512,536,815143734967,2.0360,0.7811,14.6235,16761500,73500,275000,0,900,0
post_load_walking,0,16.6517,16.6742,2.2876,12512,538,815143901653,1.9845,0.9162,14.6792,16615800,70100,280200,0,3500,0
post_load_walking,0,16.6683,16.6641,2.0060,12512,538,815144068395,2.0172,0.8170,14.6355,16661400,69600,239800,0,900,0
post_load_walking,0,16.6654,16.7732,2.0081,12512,533,815144235036,2.1756,0.8909,14.5860,16649600,81800,262400,0,1500,0
post_load_walking,0,16.6714,16.6273,2.1924,18904,531,815144402768,2.0819,0.9956,14.5340,16665900,69600,481200,0,1200,0
post_load_walking,0,16.6721,16.6744,1.8831,12512,533,815144569041,1.6416,0.8326,15.0198,16661900,92400,312000,0,1700,0
post_load_walking,0,16.6681,16.6610,2.2712,12436,527,815144735785,2.0079,0.9403,14.6418,16645200,95000,309400,0,1600,0
post_load_walking,0,16.6644,16.6798,1.9343,12436,532,815144902395,2.0707,1.1086,14.5954,16638900,96100,316000,0,3300,0
post_load_walking,0,16.6664,16.6823,2.2180,12436,533,815145069193,2.5101,1.5664,14.1519,16649900,96300,427800,0,2300,0
post_load_walking,0,16.6700,16.6681,1.9302,18828,533,815145236016,2.5470,2.5117,14.0984,16645300,92200,596000,0,2000,0
post_load_walking,0,16.6636,16.6597,2.0255,12436,525,815145402697,3.4439,1.2102,13.1951,16637600,92400,301500,0,2200,0
post_load_walking,0,16.6672,16.6717,2.3060,12436,528,815145569294,2.5321,1.1119,14.1181,16657700,89500,301000,0,1800,0
post_load_walking,0,16.6678,16.6680,1.9016,12436,528,815145736011,2.8226,1.0112,13.8229,16639600,84400,382000,0,1900,0
post_load_walking,0,16.6678,16.6593,1.9261,12436,527,815145902691,2.4064,1.2067,14.2314,16647700,83900,390400,0,1600,0
post_load_walking,0,16.6668,16.6769,1.9845,18828,526,815146069284,2.2074,1.6140,14.4506,16767900,90200,677800,0,2100,0
post_load_walking,0,16.6692,16.6608,2.0019,12436,528,815146236053,2.7306,1.3466,13.9092,16530900,87700,333800,0,1900,0
post_load_walking,0,16.6621,16.6662,1.8708,12436,529,815146402661,2.5348,1.6741,14.1131,16637300,91400,311700,0,1600,0
post_load_walking,0,16.6625,16.7891,1.8842,12436,519,815146569323,2.5240,1.1113,14.2441,16637100,79700,295900,0,1700,0
post_load_walking,0,16.6696,16.5509,1.9487,12436,512,815146737214,2.5755,0.9612,13.9558,16664100,65600,271900,0,1200,0
post_load_walking,0,16.6675,16.6560,1.9313,18828,513,815146902723,2.4745,1.1533,14.1630,16730600,80600,664100,0,1400,0
post_load_walking,0,16.6666,16.6510,1.8391,12436,506,815147069283,2.3394,1.3037,14.2978,16569800,78200,294900,0,1600,0
post_load_walking,0,16.6662,16.6777,2.1780,12436,513,815147235793,1.7955,0.9837,14.8687,16652300,72000,305700,0,1200,0
post_load_walking,0,16.6683,16.7453,1.9251,12436,511,815147402570,2.4960,0.9937,14.2348,16658300,67700,281400,0,1100,0
post_load_walking,0,16.6672,16.5831,1.9036,12436,365,815147570023,1.8961,0.8290,14.6740,16656300,68400,245900,0,900,0
post_load_walking,0,16.6639,16.6645,2.1484,18828,360,815147735854,2.4005,0.8512,14.2519,16643900,71900,533100,0,1200,0
post_load_walking,0,16.6681,16.6700,2.0705,12436,360,815147902499,2.3203,0.8031,14.3380,16662100,59200,232700,0,900,0
post_load_walking,0,16.6670,16.6694,2.4279,12436,355,815148069199,2.0612,0.8804,14.5952,16657200,75500,246700,0,900,0
post_load_walking,0,16.7139,16.6543,2.2026,12436,352,815148235893,2.2165,0.9449,14.4275,16706100,63100,342300,0,1200,0
post_load_walking,0,16.6204,16.6721,2.4760,22276,352,815148402436,2.0607,0.9464,14.6015,16607700,74800,231800,0,800,0
post_load_walking,0,16.6808,16.6674,2.0675,18828,327,815148569157,2.0750,1.1974,14.5822,16687300,67200,2054900,731700,1000,0
post_load_walking,0,16.6528,16.7171,2.1729,12436,327,815148735831,2.1211,0.7012,14.5851,16604900,70000,235600,0,1200,0
post_load_walking,0,16.6682,16.6188,2.4146,12436,326,815148903002,2.0931,0.8871,14.5147,16659400,62400,254400,0,1100,0
post_load_walking,0,16.6673,16.7114,2.1074,12436,327,815149069190,2.7823,0.7783,13.9053,16658100,68400,237700,0,1200,0
post_load_walking,0,16.6682,16.6190,2.0460,12436,326,815149236304,1.9214,0.7486,14.6836,16658500,68100,249000,0,1200,0
post_load_walking,0,16.6661,16.6700,2.1340,18828,324,815149402494,1.9160,0.7828,14.7435,16651500,72300,494700,0,1100,0
