# M5 joined static surface: JoinedShirt; Y up; metres; front -Z
v -0.1894033 1.2070000 -0.0110000
v -0.1860000 1.2029483 -0.0110000
v -0.1860000 1.2070000 -0.0202099
v -0.1908165 1.2070000 -0.0000000
v -0.1860000 1.2018652 -0.0000000
v -0.1894033 1.2070000 0.0110000
v -0.1860000 1.2029483 0.0110000
v -0.1860000 1.2070000 0.0202099
v -0.1862625 1.2180001 -0.0220000
v -0.1860000 1.2145925 -0.0220000
v -0.1860000 1.2180001 -0.0224248
v -0.1904508 1.2180001 -0.0110000
v -0.1917947 1.2180001 -0.0000000
v -0.1904508 1.2180001 0.0110000
v -0.1860000 1.2145925 0.0220000
v -0.1862625 1.2180001 0.0220000
v -0.1860000 1.2180001 0.0224248
v -0.1860000 1.2252798 -0.0220000
v -0.1860000 1.2290000 -0.0216727
v -0.1900129 1.2290000 -0.0110000
v -0.1913349 1.2290000 -0.0000000
v -0.1900129 1.2290000 0.0110000
v -0.1860000 1.2290000 0.0216727
v -0.1860000 1.2252797 0.0220000
v -0.1893132 1.2400000 -0.0110000
v -0.1860000 1.2400000 -0.0200581
v -0.1906168 1.2400000 -0.0000000
v -0.1893132 1.2400000 0.0110000
v -0.1860000 1.2400000 0.0200581
v -0.1885009 1.2510000 -0.0110000
v -0.1860000 1.2510000 -0.0180481
v -0.1897848 1.2510000 -0.0000000
v -0.1885009 1.2510000 0.0110000
v -0.1860000 1.2510000 0.0180481
v -0.1876533 1.2620000 -0.0110000
v -0.1860000 1.2620000 -0.0158063
v -0.1889164 1.2620000 -0.0000000
v -0.1876533 1.2620000 0.0110000
v -0.1860000 1.2620000 0.0158063
v -0.1867752 1.2730000 -0.0110000
v -0.1860000 1.2730000 -0.0133234
v -0.1880186 1.2730000 -0.0000000
v -0.1867752 1.2730000 0.0110000
v -0.1860000 1.2730000 0.0133234
v -0.1860000 1.2823163 -0.0110000
v -0.1860000 1.2840000 -0.0097654
v -0.1870860 1.2840000 -0.0000000
v -0.1860000 1.2840000 0.0097654
v -0.1860000 1.2823163 0.0110000
v -0.1861316 1.2950000 -0.0000000
v -0.1860000 1.2950000 -0.0012160
v -0.1860000 1.2950000 0.0012160
v -0.1860000 1.2964975 -0.0000000
v -0.1761751 1.2070000 -0.0330000
v -0.1750000 1.2056725 -0.0330000
v -0.1750000 1.2070000 -0.0340246
v -0.1849320 1.2070000 -0.0220000
v -0.1750000 1.2010424 -0.0220000
v -0.1750000 1.2002283 -0.0110000
v -0.1750000 1.2000426 -0.0000000
v -0.1750000 1.2002283 0.0110000
v -0.1849320 1.2070000 0.0220000
v -0.1750000 1.2010424 0.0220000
v -0.1761750 1.2070000 0.0330000
v -0.1750000 1.2056725 0.0330000
v -0.1750000 1.2070000 0.0340246
v -0.1777428 1.2180001 -0.0330000
v -0.1750000 1.2180001 -0.0354898
v -0.1777428 1.2180001 0.0330000
v -0.1750000 1.2180001 0.0354898
v -0.1775476 1.2290000 -0.0330000
v -0.1750000 1.2290000 -0.0353843
v -0.1858576 1.2290000 -0.0220000
v -0.1858576 1.2290000 0.0220000
v -0.1775476 1.2290000 0.0330000
v -0.1750000 1.2290000 0.0353843
v -0.1770769 1.2400000 -0.0330000
v -0.1750000 1.2400000 -0.0350087
v -0.1851866 1.2400000 -0.0220000
v -0.1851866 1.2400000 0.0220000
v -0.1770769 1.2400000 0.0330000
v -0.1750000 1.2400000 0.0350087
v -0.1764986 1.2510000 -0.0330000
v -0.1750000 1.2510000 -0.0345020
v -0.1844068 1.2510000 -0.0220000
v -0.1844068 1.2510000 0.0220000
v -0.1764986 1.2510000 0.0330000
v -0.1750000 1.2510000 0.0345020
v -0.1758899 1.2620000 -0.0330000
v -0.1750000 1.2620000 -0.0339259
v -0.1835975 1.2620000 -0.0220000
v -0.1835975 1.2620000 0.0220000
v -0.1758899 1.2620000 0.0330000
v -0.1750000 1.2620000 0.0339259
v -0.1752442 1.2730000 -0.0330000
v -0.1750000 1.2730000 -0.0332640
v -0.1827599 1.2730000 -0.0220000
v -0.1827599 1.2730000 0.0220000
v -0.1752442 1.2730000 0.0330000
v -0.1750000 1.2730000 0.0332640
v -0.1750000 1.2768588 -0.0330000
v -0.1750000 1.2840000 -0.0324027
v -0.1818888 1.2840000 -0.0220000
v -0.1858577 1.2840000 -0.0110000
v -0.1858577 1.2840000 0.0110000
v -0.1818888 1.2840000 0.0220000
v -0.1750000 1.2840000 0.0324027
v -0.1750000 1.2768587 0.0330000
v -0.1810093 1.2950000 -0.0220000
v -0.1750000 1.2950000 -0.0314088
v -0.1849131 1.2950000 -0.0110000
v -0.1849131 1.2950000 0.0110000
v -0.1810093 1.2950000 0.0220000
v -0.1750000 1.2950000 0.0314088
v -0.1801149 1.3060000 -0.0220000
v -0.1750000 1.3060000 -0.0303019
v -0.1839573 1.3060000 -0.0110000
v -0.1851617 1.3060000 -0.0000000
v -0.1839573 1.3060000 0.0110000
v -0.1801149 1.3060000 0.0220000
v -0.1750000 1.3060000 0.0303019
v -0.1786888 1.3170000 -0.0220000
v -0.1750000 1.3170000 -0.0282505
v -0.1824788 1.3170000 -0.0110000
v -0.1836765 1.3170000 -0.0000000
v -0.1824788 1.3170000 0.0110000
v -0.1786888 1.3170000 0.0220000
v -0.1750000 1.3170000 0.0282505
v -0.1756360 1.3280001 -0.0220000
v -0.1750000 1.3280001 -0.0231569
v -0.1793696 1.3280001 -0.0110000
v -0.1805648 1.3280001 -0.0000000
v -0.1793696 1.3280001 0.0110000
v -0.1756360 1.3280001 0.0220000
v -0.1750000 1.3280001 0.0231569
v -0.1750000 1.3295344 -0.0220000
v -0.1750000 1.3381633 -0.0110000
v -0.1750000 1.3390000 -0.0075888
v -0.1758098 1.3390000 -0.0000000
v -0.1750000 1.3390000 0.0075888
v -0.1750000 1.3381633 0.0110000
v -0.1750000 1.3295344 0.0220000
v -0.1750000 1.3402896 -0.0000000
v -0.1640000 1.2011842 -0.0330000
v -0.1640000 1.2070000 -0.0401267
v -0.1640000 1.1997737 -0.0220000
v -0.1640000 1.1995168 -0.0110000
v -0.1640000 1.1994532 -0.0000000
v -0.1640000 1.1995168 0.0110000
v -0.1640000 1.1997737 0.0220000
v -0.1640000 1.2011842 0.0330000
v -0.1640000 1.2070000 0.0401267
v -0.1640000 1.2180001 -0.0421172
v -0.1640000 1.2180001 0.0421172
v -0.1640000 1.2290000 -0.0423645
v -0.1640000 1.2290000 0.0423645
v -0.1640000 1.2400000 -0.0423736
v -0.1640000 1.2400000 0.0423736
v -0.1640000 1.2510000 -0.0422996
v -0.1640000 1.2510000 0.0422996
v -0.1640000 1.2620000 -0.0421910
v -0.1640000 1.2620000 0.0421910
v -0.1640000 1.2730000 -0.0420312
v -0.1640000 1.2730000 0.0420312
v -0.1744791 1.2840000 -0.0330000
v -0.1640000 1.2840000 -0.0418057
v -0.1744791 1.2840000 0.0330000
v -0.1640000 1.2840000 0.0418057
v -0.1736852 1.2950000 -0.0330000
v -0.1640000 1.2950000 -0.0415496
v -0.1736852 1.2950000 0.0330000
v -0.1640000 1.2950000 0.0415496
v -0.1728921 1.3060000 -0.0330000
v -0.1640000 1.3060000 -0.0412294
v -0.1728921 1.3060000 0.0330000
v -0.1640000 1.3060000 0.0412294
v -0.1715230 1.3170000 -0.0330000
v -0.1640000 1.3170000 -0.0403434
v -0.1715230 1.3170000 0.0330000
v -0.1640000 1.3170000 0.0403434
v -0.1684690 1.3280001 -0.0330000
v -0.1640000 1.3280001 -0.0377303
v -0.1684690 1.3280001 0.0330000
v -0.1640000 1.3280001 0.0377303
v -0.1640000 1.3387030 -0.0330000
v -0.1708482 1.3390000 -0.0220000
v -0.1640000 1.3390000 -0.0328281
v -0.1746292 1.3390000 -0.0110000
v -0.1746292 1.3390000 0.0110000
v -0.1708482 1.3390000 0.0220000
v -0.1640000 1.3390000 0.0328281
v -0.1640000 1.3387030 0.0330000
v -0.1640000 1.3496082 -0.0220000
v -0.1640000 1.3500000 -0.0213220
v -0.1675844 1.3500000 -0.0110000
v -0.1688148 1.3500000 -0.0000000
v -0.1675844 1.3500000 0.0110000
v -0.1640000 1.3500000 0.0213220
v -0.1640000 1.3496082 0.0220000
v -0.1640000 1.3532552 -0.0110000
v -0.1640000 1.3544167 -0.0000000
v -0.1640000 1.3532552 0.0110000
v -0.1530000 1.1999463 -0.0330000
v -0.1530000 1.2070000 -0.0435469
v -0.1530000 1.1988951 -0.0220000
v -0.1530000 1.1985569 -0.0110000
v -0.1530000 1.1984441 -0.0000000
v -0.1530000 1.1985569 0.0110000
v -0.1530000 1.1988951 0.0220000
v -0.1530000 1.1999463 0.0330000
v -0.1530000 1.2070000 0.0435469
v -0.1578109 1.2180001 -0.0440000
v -0.1530000 1.2087845 -0.0440000
v -0.1530000 1.2180001 -0.0453439
v -0.1530000 1.2087845 0.0440000
v -0.1578109 1.2180001 0.0440000
v -0.1530000 1.2180001 0.0453439
v -0.1589957 1.2290000 -0.0440000
v -0.1530000 1.2290000 -0.0458489
v -0.1589957 1.2290000 0.0440000
v -0.1530000 1.2290000 0.0458489
v -0.1594658 1.2400000 -0.0440000
v -0.1530000 1.2400000 -0.0461778
v -0.1594658 1.2400000 0.0440000
v -0.1530000 1.2400000 0.0461778
v -0.1596786 1.2510000 -0.0440000
v -0.1530000 1.2510000 -0.0464507
v -0.1596786 1.2510000 0.0440000
v -0.1530000 1.2510000 0.0464507
v -0.1597936 1.2620000 -0.0440000
v -0.1530000 1.2620000 -0.0467037
v -0.1597936 1.2620000 0.0440000
v -0.1530000 1.2620000 0.0467037
v -0.1597961 1.2730000 -0.0440000
v -0.1530000 1.2730000 -0.0469193
v -0.1597961 1.2730000 0.0440000
v -0.1530000 1.2730000 0.0469193
v -0.1596877 1.2840000 -0.0440000
v -0.1530000 1.2840000 -0.0470892
v -0.1596877 1.2840000 0.0440000
v -0.1530000 1.2840000 0.0470892
v -0.1595714 1.2950000 -0.0440000
v -0.1530000 1.2950000 -0.0472612
v -0.1595714 1.2950000 0.0440000
v -0.1530000 1.2950000 0.0472612
v -0.1593838 1.3060000 -0.0440000
v -0.1530000 1.3060000 -0.0473905
v -0.1593838 1.3060000 0.0440000
v -0.1530000 1.3060000 0.0473905
v -0.1584204 1.3170000 -0.0440000
v -0.1530000 1.3170000 -0.0470939
v -0.1584204 1.3170000 0.0440000
v -0.1530000 1.3170000 0.0470939
v -0.1555204 1.3280001 -0.0440000
v -0.1530000 1.3280001 -0.0455878
v -0.1555204 1.3280001 0.0440000
v -0.1530000 1.3280001 0.0455878
v -0.1530000 1.3340293 -0.0440000
v -0.1638555 1.3390000 -0.0330000
v -0.1530000 1.3390000 -0.0425169
v -0.1638555 1.3390000 0.0330000
v -0.1530000 1.3390000 0.0425169
v -0.1530000 1.3340293 0.0440000
v -0.1559968 1.3500000 -0.0330000
v -0.1530000 1.3500000 -0.0360517
v -0.1637209 1.3500000 -0.0220000
v -0.1637209 1.3500000 0.0220000
v -0.1559968 1.3500000 0.0330000
v -0.1530000 1.3500000 0.0360517
v -0.1530000 1.3523411 -0.0330000
v -0.1530000 1.3588184 -0.0220000
v -0.1547665 1.3610001 -0.0110000
v -0.1530000 1.3610001 -0.0156387
v -0.1561618 1.3610001 -0.0000000
v -0.1547665 1.3610001 0.0110000
v -0.1530000 1.3610001 0.0156387
v -0.1530000 1.3588183 0.0220000
v -0.1530000 1.3523411 0.0330000
v -0.1530000 1.3626868 -0.0110000
v -0.1530000 1.3639975 -0.0000000
v -0.1530000 1.3626868 0.0110000
v -0.1481076 1.2070000 -0.0440000
v -0.1420000 1.2062449 -0.0440000
v -0.1420000 1.2070000 -0.0443694
v -0.1420000 1.1986380 -0.0330000
v -0.1420000 1.1973367 -0.0220000
v -0.1420000 1.1967324 -0.0110000
v -0.1420000 1.1965158 -0.0000000
v -0.1420000 1.1967324 0.0110000
v -0.1420000 1.1973367 0.0220000
v -0.1420000 1.1986380 0.0330000
v -0.1481076 1.2070000 0.0440000
v -0.1420000 1.2062449 0.0440000
v -0.1420000 1.2070000 0.0443694
v -0.1420000 1.2180001 -0.0461338
v -0.1420000 1.2180001 0.0461338
v -0.1420000 1.2290000 -0.0469251
v -0.1420000 1.2290000 0.0469251
v -0.1420000 1.2400000 -0.0475586
v -0.1420000 1.2400000 0.0475586
v -0.1420000 1.2510000 -0.0481424
v -0.1420000 1.2510000 0.0481424
v -0.1420000 1.2620000 -0.0487089
v -0.1420000 1.2620000 0.0487089
v -0.1420000 1.2730000 -0.0492400
v -0.1420000 1.2730000 0.0492400
v -0.1420000 1.2840000 -0.0497345
v -0.1420000 1.2840000 0.0497345
v -0.1420000 1.2950000 -0.0502611
v -0.1420000 1.2950000 0.0502611
v -0.1420000 1.3060000 -0.0507607
v -0.1420000 1.3060000 0.0507607
v -0.1420000 1.3170000 -0.0508873
v -0.1420000 1.3170000 0.0508873
v -0.1420000 1.3280001 -0.0500085
v -0.1420000 1.3280001 0.0500085
v -0.1502050 1.3390000 -0.0440000
v -0.1420000 1.3390000 -0.0479275
v -0.1502050 1.3390000 0.0440000
v -0.1420000 1.3390000 0.0479275
v -0.1420000 1.3485093 -0.0440000
v -0.1420000 1.3500000 -0.0433099
v -0.1420000 1.3500000 0.0433099
v -0.1420000 1.3485093 0.0440000
v -0.1420000 1.3592252 -0.0330000
v -0.1495675 1.3610001 -0.0220000
v -0.1420000 1.3610001 -0.0303482
v -0.1495675 1.3610001 0.0220000
v -0.1420000 1.3610001 0.0303482
v -0.1420000 1.3592252 0.0330000
v -0.1420000 1.3659242 -0.0220000
v -0.1420000 1.3680236 -0.0110000
v -0.1420000 1.3684542 -0.0000000
v -0.1420000 1.3680236 0.0110000
v -0.1420000 1.3659242 0.0220000
v -0.1361739 1.1960000 -0.0220000
v -0.1310000 1.1944517 -0.0220000
v -0.1310000 1.1960000 -0.0302688
v -0.1391594 1.1960000 -0.0110000
v -0.1310000 1.1931884 -0.0110000
v -0.1400800 1.1960000 -0.0000000
v -0.1310000 1.1927249 -0.0000000
v -0.1391594 1.1960000 0.0110000
v -0.1310000 1.1931884 0.0110000
v -0.1361739 1.1960000 0.0220000
v -0.1310000 1.1944517 0.0220000
v -0.1310000 1.1960000 0.0302688
v -0.1364342 1.2070000 -0.0440000
v -0.1310000 1.2070000 -0.0435103
v -0.1310000 1.1965306 -0.0330000
v -0.1310000 1.1965306 0.0330000
v -0.1364342 1.2070000 0.0440000
v -0.1310000 1.2070000 0.0435103
v -0.1310000 1.2095602 -0.0440000
v -0.1310000 1.2180001 -0.0451771
v -0.1310000 1.2095602 0.0440000
v -0.1310000 1.2180001 0.0451771
v -0.1310000 1.2290000 -0.0462281
v -0.1310000 1.2290000 0.0462281
v -0.1310000 1.2400000 -0.0471636
v -0.1310000 1.2400000 0.0471636
v -0.1310000 1.2510000 -0.0480459
v -0.1310000 1.2510000 0.0480459
v -0.1310000 1.2620000 -0.0489060
v -0.1310000 1.2620000 0.0489060
v -0.1310000 1.2730000 -0.0497262
v -0.1310000 1.2730000 0.0497262
v -0.1310000 1.2840000 -0.0505156
v -0.1310000 1.2840000 0.0505156
v -0.1310000 1.2950000 -0.0513746
v -0.1310000 1.2950000 0.0513746
v -0.1310000 1.3060000 -0.0522257
v -0.1310000 1.3060000 0.0522257
v -0.1310000 1.3170000 -0.0527193
v -0.1310000 1.3170000 0.0527193
v -0.1310000 1.3280001 -0.0522903
v -0.1310000 1.3280001 0.0522904
v -0.1310000 1.3390000 -0.0507866
v -0.1310000 1.3390000 0.0507866
v -0.1400029 1.3500000 -0.0440000
v -0.1310000 1.3500000 -0.0469645
v -0.1400029 1.3500000 0.0440000
v -0.1310000 1.3500000 0.0469645
v -0.1310000 1.3532685 -0.0440000
v -0.1373588 1.3610001 -0.0330000
v -0.1310000 1.3610001 -0.0359670
v -0.1373588 1.3610001 0.0330000
v -0.1310000 1.3610001 0.0359669
v -0.1310000 1.3532685 0.0440000
v -0.1310000 1.3636378 -0.0330000
v -0.1310000 1.3691812 -0.0220000
v -0.1310000 1.3705853 -0.0110000
v -0.1310000 1.3708937 -0.0000000
v -0.1310000 1.3705853 0.0110000
v -0.1310000 1.3691812 0.0220000
v -0.1310000 1.3636378 0.0330000
v -0.1286158 1.1960000 -0.0330000
v -0.1200000 1.1936996 -0.0330000
v -0.1200000 1.1960000 -0.0358269
v -0.1200000 1.1895148 -0.0220000
v -0.1200000 1.1872164 -0.0110000
v -0.1200000 1.1863906 -0.0000000
v -0.1200000 1.1872164 0.0110000
v -0.1200000 1.1895148 0.0220000
v -0.1286158 1.1960000 0.0330000
v -0.1200000 1.1936996 0.0330000
v -0.1200000 1.1960000 0.0358269
v -0.1200000 1.2070000 -0.0413426
v -0.1200000 1.2070000 0.0413426
v -0.1240096 1.2180001 -0.0440000
v -0.1200000 1.2180001 -0.0431772
v -0.1240096 1.2180001 0.0440000
v -0.1200000 1.2180001 0.0431772
v -0.1200000 1.2243314 -0.0440000
v -0.1200000 1.2290000 -0.0445505
v -0.1200000 1.2243314 0.0440000
v -0.1200000 1.2290000 0.0445505
v -0.1200000 1.2400000 -0.0457591
v -0.1200000 1.2400000 0.0457591
v -0.1200000 1.2510000 -0.0469088
v -0.1200000 1.2510000 0.0469088
v -0.1200000 1.2620000 -0.0480291
v -0.1200000 1.2620000 0.0480291
v -0.1200000 1.2730000 -0.0491024
v -0.1200000 1.2730000 0.0491024
v -0.1200000 1.2840000 -0.0501522
v -0.1200000 1.2840000 0.0501522
v -0.1200000 1.2950000 -0.0513230
v -0.1200000 1.2950000 0.0513230
v -0.1200000 1.3060000 -0.0525128
v -0.1200000 1.3060000 0.0525129
v -0.1200000 1.3170000 -0.0533426
v -0.1200000 1.3170000 0.0533426
v -0.1200000 1.3280001 -0.0532665
v -0.1200000 1.3280001 0.0532665
v -0.1200000 1.3390000 -0.0521478
v -0.1200000 1.3390000 0.0521478
v -0.1200000 1.3500000 -0.0487152
v -0.1200000 1.3500000 0.0487152
v -0.1200000 1.3553078 -0.0440000
v -0.1200000 1.3610001 -0.0380663
v -0.1200000 1.3610001 0.0380663
v -0.1200000 1.3553078 0.0440000
v -0.1200000 1.3653381 -0.0330000
v -0.1200000 1.3712099 -0.0220000
v -0.1248098 1.3720000 -0.0110000
v -0.1200000 1.3720000 -0.0179170
v -0.1264393 1.3720000 -0.0000000
v -0.1248098 1.3720000 0.0110000
v -0.1200000 1.3720000 0.0179170
v -0.1200000 1.3712099 0.0220000
v -0.1200000 1.3653381 0.0330000
v -0.1200000 1.3729159 -0.0110000
v -0.1200000 1.3732959 -0.0000000
v -0.1200000 1.3729159 0.0110000
v -0.1098561 1.1740000 -0.0000000
v -0.1090000 1.1716815 -0.0000000
v -0.1090000 1.1740000 -0.0070133
v -0.1090000 1.1740000 0.0070133
v -0.1133485 1.1850001 -0.0220000
v -0.1090000 1.1803296 -0.0220000
v -0.1090000 1.1850001 -0.0283101
v -0.1171020 1.1850001 -0.0110000
v -0.1090000 1.1747626 -0.0110000
v -0.1182563 1.1850001 -0.0000000
v -0.1090000 1.1747626 0.0110000
v -0.1171020 1.1850001 0.0110000
v -0.1133485 1.1850001 0.0220000
v -0.1090000 1.1803296 0.0220000
v -0.1090000 1.1850001 0.0283101
v -0.1090000 1.1889205 -0.0330000
v -0.1090000 1.1960000 -0.0371288
v -0.1090000 1.1889205 0.0330000
v -0.1090000 1.1960000 0.0371288
v -0.1090000 1.2070000 -0.0396476
v -0.1090000 1.2070000 0.0396476
v -0.1090000 1.2180001 -0.0414344
v -0.1090000 1.2180001 0.0414344
v -0.1152250 1.2290000 -0.0440000
v -0.1090000 1.2290000 -0.0431014
v -0.1152250 1.2290000 0.0440000
v -0.1090000 1.2290000 0.0431014
v -0.1090000 1.2352937 -0.0440000
v -0.1090000 1.2400000 -0.0445869
v -0.1090000 1.2352937 0.0440000
v -0.1090000 1.2400000 0.0445869
v -0.1090000 1.2510000 -0.0459061
v -0.1090000 1.2510000 0.0459061
v -0.1090000 1.2620000 -0.0471894
v -0.1090000 1.2620000 0.0471894
v -0.1090000 1.2730000 -0.0484186
v -0.1090000 1.2730000 0.0484186
v -0.1090000 1.2840000 -0.0496349
v -0.1090000 1.2840000 0.0496349
v -0.1090000 1.2950000 -0.0510361
v -0.1090000 1.2950000 0.0510361
v -0.1090000 1.3060000 -0.0524963
v -0.1090000 1.3060000 0.0524963
v -0.1090000 1.3170000 -0.0536073
v -0.1090000 1.3170000 0.0536073
v -0.1090000 1.3280001 -0.0538433
v -0.1090000 1.3280001 0.0538433
v -0.1090000 1.3390000 -0.0530683
v -0.1090000 1.3390000 0.0530683
v -0.1090000 1.3500000 -0.0499674
v -0.1090000 1.3500000 0.0499674
v -0.1090000 1.3568609 -0.0440000
v -0.1090000 1.3610001 -0.0396585
v -0.1090000 1.3610001 0.0396585
v -0.1090000 1.3568609 0.0440000
v -0.1090000 1.3663046 -0.0330000
v -0.1123177 1.3720000 -0.0220000
v -0.1090000 1.3720000 -0.0227264
v -0.1123177 1.3720000 0.0220000
v -0.1090000 1.3720000 0.0227264
v -0.1090000 1.3663046 0.0330000
v -0.1090000 1.3722804 -0.0220000
v -0.1090000 1.3746041 -0.0110000
v -0.1090000 1.3752992 -0.0000000
v -0.1090000 1.3746041 0.0110000
v -0.1090000 1.3722804 0.0220000
v -0.0991795 0.9430000 -0.0110000
v -0.0980000 0.9422700 -0.0110000
v -0.0980000 0.9430000 -0.0141953
v -0.1002314 0.9430000 -0.0000000
v -0.0980000 0.9417334 -0.0000000
v -0.0991795 0.9430000 0.0110000
v -0.0980000 0.9422700 0.0110000
v -0.0980000 0.9430000 0.0141953
v -0.1001497 0.9540000 -0.0220000
v -0.0980000 0.9487197 -0.0220000
v -0.0980000 0.9540000 -0.0254191
v -0.1042917 0.9540000 -0.0110000
v -0.1056270 0.9540000 -0.0000000
v -0.1042917 0.9540000 0.0110000
v -0.0980000 0.9487197 0.0220000
v -0.1001497 0.9540000 0.0220000
v -0.0980000 0.9540000 0.0254191
v -0.1010886 0.9650000 -0.0220000
v -0.0980000 0.9650000 -0.0269036
v -0.1051931 0.9650000 -0.0110000
v -0.1065271 0.9650000 -0.0000000
v -0.1051931 0.9650000 0.0110000
v -0.1010886 0.9650000 0.0220000
v -0.0980000 0.9650000 0.0269036
v -0.1011222 0.9760000 -0.0220000
v -0.0980000 0.9760000 -0.0269554
v -0.1052266 0.9760000 -0.0110000
v -0.1065606 0.9760000 -0.0000000
v -0.1052266 0.9760000 0.0110000
v -0.1011222 0.9760000 0.0220000
v -0.0980000 0.9760000 0.0269554
v -0.1010176 0.9870000 -0.0220000
v -0.0980000 0.9870000 -0.0267850
v -0.1051295 0.9870000 -0.0110000
v -0.1064659 0.9870000 -0.0000000
v -0.1051295 0.9870000 0.0110000
v -0.1010176 0.9870000 0.0220000
v -0.0980000 0.9870000 0.0267850
v -0.1008705 0.9980000 -0.0220000
v -0.0980000 0.9980000 -0.0265460
v -0.1049929 0.9980000 -0.0110000
v -0.1063328 0.9980000 -0.0000000
v -0.1049929 0.9980000 0.0110000
v -0.1008705 0.9980000 0.0220000
v -0.0980000 0.9980000 0.0265460
v -0.1006901 1.0089999 -0.0220000
v -0.0980000 1.0089999 -0.0262537
v -0.1048255 1.0089999 -0.0110000
v -0.1061697 1.0089999 -0.0000000
v -0.1048255 1.0089999 0.0110000
v -0.1006901 1.0089999 0.0220000
v -0.0980000 1.0089999 0.0262537
v -0.1004851 1.0200000 -0.0220000
v -0.0980000 1.0200000 -0.0259227
v -0.1046355 1.0200000 -0.0110000
v -0.1059845 1.0200000 -0.0000000
v -0.1046355 1.0200000 0.0110000
v -0.1004851 1.0200000 0.0220000
v -0.0980000 1.0200000 0.0259227
v -0.1002643 1.0310000 -0.0220000
v -0.0980000 1.0310000 -0.0255672
v -0.1044306 1.0310000 -0.0110000
v -0.1057850 1.0310000 -0.0000000
v -0.1044306 1.0310000 0.0110000
v -0.1002643 1.0310000 0.0220000
v -0.0980000 1.0310000 0.0255672
v -0.1000362 1.0420001 -0.0220000
v -0.0980000 1.0420001 -0.0252015
v -0.1042192 1.0420001 -0.0110000
v -0.1055790 1.0420001 -0.0000000
v -0.1042192 1.0420001 0.0110000
v -0.1000362 1.0420001 0.0220000
v -0.0980000 1.0420001 0.0252015
v -0.0998095 1.0530000 -0.0220000
v -0.0980000 1.0530000 -0.0248394
v -0.1040091 1.0530000 -0.0110000
v -0.1053744 1.0530000 -0.0000000
v -0.1040091 1.0530000 0.0110000
v -0.0998095 1.0530000 0.0220000
v -0.0980000 1.0530000 0.0248394
v -0.0995930 1.0640000 -0.0220000
v -0.0980000 1.0640000 -0.0244949
v -0.1038086 1.0640000 -0.0110000
v -0.1051791 1.0640000 -0.0000000
v -0.1038086 1.0640000 0.0110000
v -0.0995930 1.0640000 0.0220000
v -0.0980000 1.0640000 0.0244949
v -0.0993954 1.0750000 -0.0220000
v -0.0980000 1.0750000 -0.0241816
v -0.1036256 1.0750000 -0.0110000
v -0.1050010 1.0750000 -0.0000000
v -0.1036256 1.0750000 0.0110000
v -0.0993954 1.0750000 0.0220000
v -0.0980000 1.0750000 0.0241816
v -0.0992254 1.0860000 -0.0220000
v -0.0980000 1.0860000 -0.0239130
v -0.1034683 1.0860000 -0.0110000
v -0.1048478 1.0860000 -0.0000000
v -0.1034683 1.0860000 0.0110000
v -0.0992254 1.0860000 0.0220000
v -0.0980000 1.0860000 0.0239130
v -0.0990919 1.0970000 -0.0220000
v -0.0980000 1.0970000 -0.0237025
v -0.1033447 1.0970000 -0.0110000
v -0.1047275 1.0970000 -0.0000000
v -0.1033447 1.0970000 0.0110000
v -0.0990919 1.0970000 0.0220000
v -0.0980000 1.0970000 0.0237025
v -0.0990036 1.1080000 -0.0220000
v -0.0980000 1.1080000 -0.0235636
v -0.1032630 1.1080000 -0.0110000
v -0.1046480 1.1080000 -0.0000000
v -0.1032630 1.1080000 0.0110000
v -0.0990036 1.1080000 0.0220000
v -0.0980000 1.1080000 0.0235636
v -0.0989757 1.1190000 -0.0220000
v -0.0980000 1.1190000 -0.0235199
v -0.1032370 1.1190000 -0.0110000
v -0.1046226 1.1190000 -0.0000000
v -0.1032370 1.1190000 0.0110000
v -0.0989757 1.1190000 0.0220000
v -0.0980000 1.1190000 0.0235199
v -0.0990577 1.1300000 -0.0220000
v -0.0980000 1.1300000 -0.0236495
v -0.1033110 1.1300000 -0.0110000
v -0.1046939 1.1300000 -0.0000000
v -0.1033110 1.1300000 0.0110000
v -0.0990577 1.1300000 0.0220000
v -0.0980000 1.1300000 0.0236495
v -0.0993009 1.1410000 -0.0220000
v -0.0980000 1.1410000 -0.0240347
v -0.1035321 1.1410000 -0.0110000
v -0.1049074 1.1410000 -0.0000000
v -0.1035321 1.1410000 0.0110000
v -0.0993009 1.1410000 0.0220000
v -0.0980000 1.1410000 0.0240347
v -0.0997674 1.1520000 -0.0220000
v -0.0980000 1.1520000 -0.0247696
v -0.1039668 1.1520000 -0.0110000
v -0.1053265 1.1520000 -0.0000000
v -0.1039668 1.1520000 0.0110000
v -0.0997674 1.1520000 0.0220000
v -0.0980000 1.1520000 0.0247696
v -0.1010014 1.1630000 -0.0220000
v -0.0980000 1.1630000 -0.0266822
v -0.1051309 1.1630000 -0.0110000
v -0.1064497 1.1630000 -0.0000000
v -0.1051309 1.1630000 0.0110000
v -0.1010014 1.1630000 0.0220000
v -0.0980000 1.1630000 0.0266822
v -0.1046655 1.1740000 -0.0220000
v -0.0980000 1.1740000 -0.0319144
v -0.1085501 1.1740000 -0.0110000
v -0.1085501 1.1740000 0.0110000
v -0.1046655 1.1740000 0.0220000
v -0.0980000 1.1740000 0.0319144
v -0.1047312 1.1850001 -0.0330000
v -0.0980000 1.1757928 -0.0330000
v -0.0980000 1.1850001 -0.0367316
v -0.1047312 1.1850001 0.0330000
v -0.0980000 1.1757928 0.0330000
v -0.0980000 1.1850001 0.0367316
v -0.0980000 1.1960000 -0.0388662
v -0.0980000 1.1960000 0.0388662
v -0.0980000 1.2070000 -0.0404808
v -0.0980000 1.2070000 0.0404808
v -0.0980000 1.2180001 -0.0421641
v -0.0980000 1.2180001 0.0421641
v -0.0980000 1.2290000 -0.0438337
v -0.0980000 1.2290000 0.0438337
v -0.0980000 1.2301352 -0.0440000
v -0.0980000 1.2400000 -0.0452286
v -0.0980000 1.2301352 0.0440000
v -0.0980000 1.2400000 0.0452286
v -0.0980000 1.2510000 -0.0465496
v -0.0980000 1.2510000 0.0465496
v -0.0980000 1.2620000 -0.0478271
v -0.0980000 1.2620000 0.0478271
v -0.0980000 1.2730000 -0.0490412
v -0.0980000 1.2730000 0.0490412
v -0.0980000 1.2840000 -0.0502491
v -0.0980000 1.2840000 0.0502491
v -0.0980000 1.2950000 -0.0516992
v -0.0980000 1.2950000 0.0516992
v -0.0980000 1.3060000 -0.0532549
v -0.0980000 1.3060000 0.0532549
v -0.0980000 1.3170000 -0.0545156
v -0.0980000 1.3170000 0.0545156
v -0.0981954 1.3280001 -0.0550000
v -0.0980000 1.3275319 -0.0550000
v -0.0980000 1.3280001 -0.0550197
v -0.0980000 1.3275318 0.0550000
v -0.0981955 1.3280001 0.0550000
v -0.0980000 1.3280001 0.0550197
v -0.0980000 1.3286152 -0.0550000
v -0.0980000 1.3390000 -0.0546307
v -0.0980000 1.3390000 0.0546307
v -0.0980000 1.3286153 0.0550000
v -0.0980000 1.3500000 -0.0520379
v -0.0980000 1.3500000 0.0520379
v -0.0980000 1.3600265 -0.0440000
v -0.0980000 1.3610001 -0.0430629
v -0.0980000 1.3610001 0.0430629
v -0.0980000 1.3600265 0.0440000
v -0.0980000 1.3685610 -0.0330000
v -0.0980000 1.3720000 -0.0267370
v -0.0980000 1.3720000 0.0267370
v -0.0980000 1.3685610 0.0330000
v -0.0980000 1.3739628 -0.0220000
v -0.0980000 1.3766406 -0.0110000
v -0.0980000 1.3775055 -0.0000000
v -0.0980000 1.3766406 0.0110000
v -0.0980000 1.3739628 0.0220000
v -0.0930885 0.9430000 -0.0220000
v -0.0870000 0.9410259 -0.0220000
v -0.0870000 0.9430000 -0.0320992
v -0.0870000 0.9404059 -0.0110000
v -0.0870000 0.9402661 -0.0000000
v -0.0870000 0.9404059 0.0110000
v -0.0930885 0.9430000 0.0220000
v -0.0870000 0.9410259 0.0220000
v -0.0870000 0.9430000 0.0320992
v -0.0927593 0.9540000 -0.0330000
v -0.0870000 0.9435154 -0.0330000
v -0.0870000 0.9540000 -0.0389229
v -0.0927593 0.9540000 0.0330000
v -0.0870000 0.9435154 0.0330000
v -0.0870000 0.9540000 0.0389229
v -0.0938393 0.9650000 -0.0330000
v -0.0870000 0.9650000 -0.0400471
v -0.0938393 0.9650000 0.0330000
v -0.0870000 0.9650000 0.0400471
v -0.0938760 0.9760000 -0.0330000
v -0.0870000 0.9760000 -0.0400830
v -0.0938760 0.9760000 0.0330000
v -0.0870000 0.9760000 0.0400830
v -0.0937556 0.9870000 -0.0330000
v -0.0870000 0.9870000 -0.0399529
v -0.0937556 0.9870000 0.0330000
v -0.0870000 0.9870000 0.0399529
v -0.0935864 0.9980000 -0.0330000
v -0.0870000 0.9980000 -0.0397703
v -0.0935864 0.9980000 0.0330000
v -0.0870000 0.9980000 0.0397703
v -0.0933789 1.0089999 -0.0330000
v -0.0870000 1.0089999 -0.0395469
v -0.0933789 1.0089999 0.0330000
v -0.0870000 1.0089999 0.0395469
v -0.0931430 1.0200000 -0.0330000
v -0.0870000 1.0200000 -0.0392937
v -0.0931430 1.0200000 0.0330000
v -0.0870000 1.0200000 0.0392937
v -0.0928886 1.0310000 -0.0330000
v -0.0870000 1.0310000 -0.0390216
v -0.0928886 1.0310000 0.0330000
v -0.0870000 1.0310000 0.0390216
v -0.0926257 1.0420001 -0.0330000
v -0.0870000 1.0420001 -0.0387415
v -0.0926256 1.0420001 0.0330000
v -0.0870000 1.0420001 0.0387415
v -0.0923642 1.0530000 -0.0330000
v -0.0870000 1.0530000 -0.0384639
v -0.0923642 1.0530000 0.0330000
v -0.0870000 1.0530000 0.0384639
v -0.0921144 1.0640000 -0.0330000
v -0.0870000 1.0640000 -0.0381996
v -0.0921144 1.0640000 0.0330000
v -0.0870000 1.0640000 0.0381996
v -0.0918862 1.0750000 -0.0330000
v -0.0870000 1.0750000 -0.0379591
v -0.0918862 1.0750000 0.0330000
v -0.0870000 1.0750000 0.0379591
v -0.0916898 1.0860000 -0.0330000
v -0.0870000 1.0860000 -0.0377527
v -0.0916898 1.0860000 0.0330000
v -0.0870000 1.0860000 0.0377527
v -0.0915355 1.0970000 -0.0330000
v -0.0870000 1.0970000 -0.0375909
v -0.0915355 1.0970000 0.0330000
v -0.0870000 1.0970000 0.0375909
v -0.0914334 1.1080000 -0.0330000
v -0.0870000 1.1080000 -0.0374841
v -0.0914334 1.1080000 0.0330000
v -0.0870000 1.1080000 0.0374841
v -0.0914016 1.1190000 -0.0330000
v -0.0870000 1.1190000 -0.0374511
v -0.0914016 1.1190000 0.0330000
v -0.0870000 1.1190000 0.0374511
v -0.0915000 1.1300000 -0.0330000
v -0.0870000 1.1300000 -0.0375559
v -0.0915000 1.1300000 0.0330000
v -0.0870000 1.1300000 0.0375559
v -0.0917899 1.1410000 -0.0330000
v -0.0870000 1.1410000 -0.0378651
v -0.0917899 1.1410000 0.0330000
v -0.0870000 1.1410000 0.0378651
v -0.0923415 1.1520000 -0.0330000
v -0.0870000 1.1520000 -0.0384444
v -0.0923415 1.1520000 0.0330000
v -0.0870000 1.1520000 0.0384444
v -0.0936878 1.1630000 -0.0330000
v -0.0870000 1.1630000 -0.0396238
v -0.0936878 1.1630000 0.0330000
v -0.0870000 1.1630000 0.0396238
v -0.0971889 1.1740000 -0.0330000
v -0.0870000 1.1740000 -0.0413435
v -0.0971889 1.1740000 0.0330000
v -0.0870000 1.1740000 0.0413435
v -0.0870000 1.1850001 -0.0426989
v -0.0870000 1.1850001 0.0426989
v -0.0870000 1.1960000 -0.0439019
v -0.0870000 1.1960000 0.0439018
v -0.0899034 1.2070000 -0.0440000
v -0.0870000 1.1968119 -0.0440000
v -0.0870000 1.2070000 -0.0450479
v -0.0870000 1.1968119 0.0440000
v -0.0899034 1.2070000 0.0440000
v -0.0870000 1.2070000 0.0450479
v -0.0935587 1.2180001 -0.0440000
v -0.0870000 1.2180001 -0.0462652
v -0.0935587 1.2180001 0.0440000
v -0.0870000 1.2180001 0.0462652
v -0.0975771 1.2290000 -0.0440000
v -0.0870000 1.2290000 -0.0474931
v -0.0975771 1.2290000 0.0440000
v -0.0870000 1.2290000 0.0474931
v -0.0870000 1.2400000 -0.0486921
v -0.0870000 1.2400000 0.0486921
v -0.0870000 1.2510000 -0.0498466
v -0.0870000 1.2510000 0.0498466
v -0.0870000 1.2620000 -0.0509432
v -0.0870000 1.2620000 0.0509432
v -0.0870000 1.2730000 -0.0519602
v -0.0870000 1.2730000 0.0519602
v -0.0870000 1.2840000 -0.0529631
v -0.0870000 1.2840000 0.0529631
v -0.0870000 1.2950000 -0.0542282
v -0.0870000 1.2950000 0.0542282
v -0.0899529 1.3060000 -0.0550000
v -0.0870000 1.3010029 -0.0550000
v -0.0870000 1.3060000 -0.0555759
v -0.0870000 1.3010027 0.0550000
v -0.0899529 1.3060000 0.0550000
v -0.0870000 1.3060000 0.0555759
v -0.0957357 1.3170000 -0.0550000
v -0.0870000 1.3170000 -0.0566792
v -0.0957357 1.3170000 0.0550000
v -0.0870000 1.3170000 0.0566792
v -0.0870000 1.3280001 -0.0573006
v -0.0870000 1.3280001 0.0573006
v -0.0966342 1.3390000 -0.0550000
v -0.0870000 1.3390000 -0.0572950
v -0.0966342 1.3390000 0.0550000
v -0.0870000 1.3390000 0.0572950
v -0.0888453 1.3500000 -0.0550000
v -0.0870000 1.3500000 -0.0555181
v -0.0888453 1.3500000 0.0550000
v -0.0870000 1.3500000 0.0555181
v -0.0870000 1.3508449 -0.0550000
v -0.0963001 1.3610001 -0.0440000
v -0.0870000 1.3610001 -0.0481033
v -0.0963001 1.3610001 0.0440000
v -0.0870000 1.3610001 0.0481033
v -0.0870000 1.3508449 0.0550000
v -0.0870000 1.3647885 -0.0440000
v -0.0898227 1.3720000 -0.0330000
v -0.0870000 1.3720000 -0.0345325
v -0.0898227 1.3720000 0.0330000
v -0.0870000 1.3720000 0.0345325
v -0.0870000 1.3647885 0.0440000
v -0.0870000 1.3728253 -0.0330000
v -0.0870000 1.3772193 -0.0220000
v -0.0870000 1.3798265 -0.0110000
v -0.0870000 1.3806823 -0.0000000
v -0.0870000 1.3798265 0.0110000
v -0.0870000 1.3772193 0.0220000
v -0.0870000 1.3728253 0.0330000
v -0.0862037 0.9430000 -0.0330000
v -0.0760000 0.9407956 -0.0330000
v -0.0760000 0.9430000 -0.0412154
v -0.0760000 0.9401451 -0.0220000
v -0.0760000 0.9400433 -0.0110000
v -0.0760000 0.9400272 -0.0000000
v -0.0760000 0.9400433 0.0110000
v -0.0760000 0.9401451 0.0220000
v -0.0862037 0.9430000 0.0330000
v -0.0760000 0.9407956 0.0330000
v -0.0760000 0.9430000 0.0412154
v -0.0813628 0.9540000 -0.0440000
v -0.0760000 0.9452825 -0.0440000
v -0.0760000 0.9540000 -0.0478130
v -0.0813628 0.9540000 0.0440000
v -0.0760000 0.9452825 0.0440000
v -0.0760000 0.9540000 0.0478130
v -0.0826353 0.9650000 -0.0440000
v -0.0760000 0.9650000 -0.0487632
v -0.0826353 0.9650000 0.0440000
v -0.0760000 0.9650000 0.0487632
v -0.0826750 0.9760000 -0.0440000
v -0.0760000 0.9760000 -0.0487919
v -0.0826750 0.9760000 0.0440000
v -0.0760000 0.9760000 0.0487919
v -0.0825270 0.9870000 -0.0440000
v -0.0760000 0.9870000 -0.0486815
v -0.0825270 0.9870000 0.0440000
v -0.0760000 0.9870000 0.0486815
v -0.0823188 0.9980000 -0.0440000
v -0.0760000 0.9980000 -0.0485266
v -0.0823188 0.9980000 0.0440000
v -0.0760000 0.9980000 0.0485266
v -0.0820634 1.0089999 -0.0440000
v -0.0760000 1.0089999 -0.0483369
v -0.0820634 1.0089999 0.0440000
v -0.0760000 1.0089999 0.0483369
v -0.0817727 1.0200000 -0.0440000
v -0.0760000 1.0200000 -0.0481218
v -0.0817727 1.0200000 0.0440000
v -0.0760000 1.0200000 0.0481218
v -0.0814591 1.0310000 -0.0440000
v -0.0760000 1.0310000 -0.0478905
v -0.0814591 1.0310000 0.0440000
v -0.0760000 1.0310000 0.0478905
v -0.0811347 1.0420001 -0.0440000
v -0.0760000 1.0420001 -0.0476522
v -0.0811347 1.0420001 0.0440000
v -0.0760000 1.0420001 0.0476522
v -0.0808119 1.0530000 -0.0440000
v -0.0760000 1.0530000 -0.0474159
v -0.0808119 1.0530000 0.0440000
v -0.0760000 1.0530000 0.0474159
v -0.0805032 1.0640000 -0.0440000
v -0.0760000 1.0640000 -0.0471907
v -0.0805032 1.0640000 0.0440000
v -0.0760000 1.0640000 0.0471907
v -0.0802210 1.0750000 -0.0440000
v -0.0760000 1.0750000 -0.0469857
v -0.0802210 1.0750000 0.0440000
v -0.0760000 1.0750000 0.0469857
v -0.0799781 1.0860000 -0.0440000
v -0.0760000 1.0860000 -0.0468096
v -0.0799781 1.0860000 0.0440000
v -0.0760000 1.0860000 0.0468096
v -0.0797870 1.0970000 -0.0440000
v -0.0760000 1.0970000 -0.0466716
v -0.0797870 1.0970000 0.0440000
v -0.0760000 1.0970000 0.0466716
v -0.0796606 1.1080000 -0.0440000
v -0.0760000 1.1080000 -0.0465804
v -0.0796606 1.1080000 0.0440000
v -0.0760000 1.1080000 0.0465804
v -0.0796219 1.1190000 -0.0440000
v -0.0760000 1.1190000 -0.0465527
v -0.0796219 1.1190000 0.0440000
v -0.0760000 1.1190000 0.0465527
v -0.0797492 1.1300000 -0.0440000
v -0.0760000 1.1300000 -0.0466454
v -0.0797492 1.1300000 0.0440000
v -0.0760000 1.1300000 0.0466454
v -0.0801201 1.1410000 -0.0440000
v -0.0760000 1.1410000 -0.0469155
v -0.0801201 1.1410000 0.0440000
v -0.0760000 1.1410000 0.0469155
v -0.0807867 1.1520000 -0.0440000
v -0.0760000 1.1520000 -0.0473715
v -0.0807867 1.1520000 0.0440000
v -0.0760000 1.1520000 0.0473716
v -0.0820107 1.1630000 -0.0440000
v -0.0760000 1.1630000 -0.0480207
v -0.0820107 1.1630000 0.0440000
v -0.0760000 1.1630000 0.0480207
v -0.0837170 1.1740000 -0.0440000
v -0.0760000 1.1740000 -0.0487757
v -0.0837170 1.1740000 0.0440000
v -0.0760000 1.1740000 0.0487757
v -0.0853052 1.1850001 -0.0440000
v -0.0760000 1.1850001 -0.0496005
v -0.0853052 1.1850001 0.0440000
v -0.0760000 1.1850001 0.0496005
v -0.0868704 1.1960000 -0.0440000
v -0.0760000 1.1960000 -0.0504999
v -0.0868704 1.1960000 0.0440000
v -0.0760000 1.1960000 0.0504999
v -0.0760000 1.2070000 -0.0514621
v -0.0760000 1.2070000 0.0514621
v -0.0760000 1.2180001 -0.0524593
v -0.0760000 1.2180001 0.0524593
v -0.0760000 1.2290000 -0.0534584
v -0.0760000 1.2290000 0.0534584
v -0.0760000 1.2400000 -0.0544312
v -0.0760000 1.2400000 0.0544312
v -0.0767472 1.2510000 -0.0550000
v -0.0760000 1.2467995 -0.0550000
v -0.0760000 1.2510000 -0.0553204
v -0.0760000 1.2467993 0.0550000
v -0.0767473 1.2510000 0.0550000
v -0.0760000 1.2510000 0.0553204
v -0.0786267 1.2620000 -0.0550000
v -0.0760000 1.2620000 -0.0560876
v -0.0786267 1.2620000 0.0550000
v -0.0760000 1.2620000 0.0560876
v -0.0804394 1.2730000 -0.0550000
v -0.0760000 1.2730000 -0.0567618
v -0.0804394 1.2730000 0.0550000
v -0.0760000 1.2730000 0.0567618
v -0.0823632 1.2840000 -0.0550000
v -0.0760000 1.2840000 -0.0574005
v -0.0823633 1.2840000 0.0550000
v -0.0760000 1.2840000 0.0574005
v -0.0851327 1.2950000 -0.0550000
v -0.0760000 1.2950000 -0.0582517
v -0.0851327 1.2950000 0.0550000
v -0.0760000 1.2950000 0.0582518
v -0.0760000 1.3060000 -0.0592434
v -0.0760000 1.3060000 0.0592434
v -0.0760000 1.3170000 -0.0601586
v -0.0760000 1.3170000 0.0601586
v -0.0760000 1.3280001 -0.0608101
v -0.0760000 1.3280001 0.0608101
v -0.0760000 1.3390000 -0.0610353
v -0.0760000 1.3390000 0.0610353
v -0.0760000 1.3500000 -0.0597229
v -0.0760000 1.3500000 0.0597229
v -0.0760000 1.3589388 -0.0550000
v -0.0760000 1.3610001 -0.0538082
v -0.0760000 1.3610001 0.0538082
v -0.0760000 1.3589388 0.0550000
v -0.0760000 1.3707238 -0.0440000
v -0.0760000 1.3720000 -0.0424805
v -0.0760000 1.3720000 0.0424805
v -0.0760000 1.3707238 0.0440000
v -0.0760000 1.3771036 -0.0330000
v -0.0760000 1.3814476 -0.0220000
v -0.0790144 1.3830000 -0.0110000
v -0.0760000 1.3830000 -0.0156169
v -0.0813088 1.3830000 -0.0000000
v -0.0790144 1.3830000 0.0110000
v -0.0760000 1.3830000 0.0156169
v -0.0760000 1.3814476 0.0220000
v -0.0760000 1.3771036 0.0330000
v -0.0760000 1.3837781 -0.0110000
v -0.0760000 1.3843997 -0.0000000
v -0.0760000 1.3837781 0.0110000
v -0.0725697 0.9430000 -0.0440000
v -0.0650000 0.9412752 -0.0440000
v -0.0650000 0.9430000 -0.0476574
v -0.0650000 0.9401529 -0.0330000
v -0.0650000 0.9400119 -0.0220000
v -0.0650000 0.9400012 -0.0110000
v -0.0650000 0.9400007 -0.0000000
v -0.0650000 0.9400012 0.0110000
v -0.0650000 0.9400119 0.0220000
v -0.0650000 0.9401529 0.0330000
v -0.0725697 0.9430000 0.0440000
v -0.0650000 0.9412752 0.0440000
v -0.0650000 0.9430000 0.0476574
v -0.0650000 0.9540000 -0.0544372
v -0.0650000 0.9540000 0.0544372
v -0.0655903 0.9650000 -0.0550000
v -0.0650000 0.9607015 -0.0550000
v -0.0650000 0.9650000 -0.0553042
v -0.0650000 0.9607014 0.0550000
v -0.0655903 0.9650000 0.0550000
v -0.0650000 0.9650000 0.0553042
v -0.0656291 0.9760000 -0.0550000
v -0.0650000 0.9760000 -0.0553241
v -0.0656291 0.9760000 0.0550000
v -0.0650000 0.9760000 0.0553241
v -0.0654343 0.9870000 -0.0550000
v -0.0650000 0.9870000 -0.0552236
v -0.0654343 0.9870000 0.0550000
v -0.0650000 0.9870000 0.0552236
v -0.0651604 0.9980000 -0.0550000
v -0.0650000 0.9980000 -0.0550825
v -0.0651604 0.9980000 0.0550000
v -0.0650000 0.9980000 0.0550825
v -0.0650000 1.0032502 -0.0550000
v -0.0650000 1.0089999 -0.0549024
v -0.0650000 1.0089999 0.0549024
v -0.0650000 1.0032505 0.0550000
v -0.0650000 1.0200000 -0.0546906
v -0.0650000 1.0200000 0.0546906
v -0.0650000 1.0310000 -0.0544628
v -0.0650000 1.0310000 0.0544628
v -0.0650000 1.0420001 -0.0542279
v -0.0650000 1.0420001 0.0542279
v -0.0650000 1.0530000 -0.0539949
v -0.0650000 1.0530000 0.0539949
v -0.0650000 1.0640000 -0.0537728
v -0.0650000 1.0640000 0.0537729
v -0.0650000 1.0750000 -0.0535705
v -0.0650000 1.0750000 0.0535705
v -0.0650000 1.0860000 -0.0533968
v -0.0650000 1.0860000 0.0533968
v -0.0650000 1.0970000 -0.0532605
v -0.0650000 1.0970000 0.0532605
v -0.0650000 1.1080000 -0.0531704
v -0.0650000 1.1080000 0.0531704
v -0.0650000 1.1190000 -0.0531434
v -0.0650000 1.1190000 0.0531434
v -0.0650000 1.1300000 -0.0532374
v -0.0650000 1.1300000 0.0532374
v -0.0650000 1.1410000 -0.0535079
v -0.0650000 1.1410000 0.0535080
v -0.0650000 1.1520000 -0.0539445
v -0.0650000 1.1520000 0.0539445
v -0.0650000 1.1630000 -0.0545234
v -0.0650000 1.1630000 0.0545235
v -0.0654035 1.1740000 -0.0550000
v -0.0650000 1.1705289 -0.0550000
v -0.0650000 1.1740000 -0.0552035
v -0.0650000 1.1705289 0.0550000
v -0.0654035 1.1740000 0.0550000
v -0.0650000 1.1740000 0.0552035
v -0.0668437 1.1850001 -0.0550000
v -0.0650000 1.1850001 -0.0559337
v -0.0668437 1.1850001 0.0550000
v -0.0650000 1.1850001 0.0559338
v -0.0683968 1.1960000 -0.0550000
v -0.0650000 1.1960000 -0.0567262
v -0.0683968 1.1960000 0.0550000
v -0.0650000 1.1960000 0.0567262
v -0.0700274 1.2070000 -0.0550000
v -0.0650000 1.2070000 -0.0575567
v -0.0700274 1.2070000 0.0550000
v -0.0650000 1.2070000 0.0575567
v -0.0717009 1.2180001 -0.0550000
v -0.0650000 1.2180001 -0.0584002
v -0.0717009 1.2180001 0.0550000
v -0.0650000 1.2180001 0.0584002
v -0.0733782 1.2290000 -0.0550000
v -0.0650000 1.2290000 -0.0592306
v -0.0733782 1.2290000 0.0550000
v -0.0650000 1.2290000 0.0592306
v -0.0750247 1.2400000 -0.0550000
v -0.0650000 1.2400000 -0.0600213
v -0.0750247 1.2400000 0.0550000
v -0.0650000 1.2400000 0.0600213
v -0.0650000 1.2510000 -0.0607446
v -0.0650000 1.2510000 0.0607446
v -0.0650000 1.2620000 -0.0613727
v -0.0650000 1.2620000 0.0613727
v -0.0650000 1.2730000 -0.0618824
v -0.0650000 1.2730000 0.0618825
v -0.0650000 1.2840000 -0.0623184
v -0.0650000 1.2840000 0.0623184
v -0.0650000 1.2950000 -0.0628966
v -0.0650000 1.2950000 0.0628966
v -0.0650000 1.3060000 -0.0635848
v -0.0650000 1.3060000 0.0635848
v -0.0650000 1.3170000 -0.0642426
v -0.0650000 1.3170000 0.0642426
v -0.0650000 1.3280001 -0.0647537
v -0.0650000 1.3280001 0.0647537
v -0.0650000 1.3390000 -0.0649502
v -0.0650000 1.3390000 0.0649502
v -0.0650000 1.3500000 -0.0637865
v -0.0650000 1.3500000 0.0637865
v -0.0734960 1.3610001 -0.0550000
v -0.0650000 1.3610001 -0.0585338
v -0.0734960 1.3610001 0.0550000
v -0.0650000 1.3610001 0.0585338
v -0.0650000 1.3652462 -0.0550000
v -0.0737773 1.3720000 -0.0440000
v -0.0650000 1.3720000 -0.0488561
v -0.0737773 1.3720000 0.0440000
v -0.0650000 1.3720000 0.0488560
v -0.0650000 1.3652462 0.0550000
v -0.0650000 1.3753568 -0.0440000
v -0.0650000 1.3817343 -0.0330000
v -0.0725839 1.3830000 -0.0220000
v -0.0650000 1.3830000 -0.0301286
v -0.0725839 1.3830000 0.0220000
v -0.0650000 1.3830000 0.0301286
v -0.0650000 1.3817343 0.0330000
v -0.0650000 1.3753568 0.0440000
v -0.0650000 1.3853090 -0.0220000
v -0.0650000 1.3871286 -0.0110000
v -0.0650000 1.3877257 -0.0000000
v -0.0650000 1.3871286 0.0110000
v -0.0650000 1.3853090 0.0220000
v -0.0540000 0.9403642 -0.0440000
v -0.0540000 0.9430000 -0.0546316
v -0.0540000 0.9400246 -0.0330000
v -0.0540000 0.9400008 -0.0220000
v -0.0540000 0.9400001 -0.0110000
v -0.0540000 0.9400001 -0.0000000
v -0.0540000 0.9400001 0.0110000
v -0.0540000 0.9400008 0.0220000
v -0.0540000 0.9400246 0.0330000
v -0.0540000 0.9403642 0.0440000
v -0.0540000 0.9430000 0.0546316
v -0.0639288 0.9540000 -0.0550000
v -0.0540000 0.9432628 -0.0550000
v -0.0540000 0.9540000 -0.0592741
v -0.0540000 0.9432628 0.0550000
v -0.0639288 0.9540000 0.0550000
v -0.0540000 0.9540000 0.0592741
v -0.0540000 0.9650000 -0.0601109
v -0.0540000 0.9650000 0.0601109
v -0.0540000 0.9760000 -0.0601347
v -0.0540000 0.9760000 0.0601347
v -0.0540000 0.9870000 -0.0600352
v -0.0540000 0.9870000 0.0600352
v -0.0540000 0.9980000 -0.0598955
v -0.0540000 0.9980000 0.0598955
v -0.0648044 1.0089999 -0.0550000
v -0.0540000 1.0089999 -0.0597244
v -0.0648044 1.0089999 0.0550000
v -0.0540000 1.0089999 0.0597244
v -0.0643786 1.0200000 -0.0550000
v -0.0540000 1.0200000 -0.0595302
v -0.0643786 1.0200000 0.0550000
v -0.0540000 1.0200000 0.0595302
v -0.0639186 1.0310000 -0.0550000
v -0.0540000 1.0310000 -0.0593212
v -0.0639186 1.0310000 0.0550000
v -0.0540000 1.0310000 0.0593212
v -0.0634425 1.0420001 -0.0550000
v -0.0540000 1.0420001 -0.0591057
v -0.0634425 1.0420001 0.0550000
v -0.0540000 1.0420001 0.0591057
v -0.0629683 1.0530000 -0.0550000
v -0.0540000 1.0530000 -0.0588918
v -0.0629683 1.0530000 0.0550000
v -0.0540000 1.0530000 0.0588918
v -0.0625143 1.0640000 -0.0550000
v -0.0540000 1.0640000 -0.0586878
v -0.0625143 1.0640000 0.0550000
v -0.0540000 1.0640000 0.0586878
v -0.0620990 1.0750000 -0.0550000
v -0.0540000 1.0750000 -0.0585019
v -0.0620990 1.0750000 0.0550000
v -0.0540000 1.0750000 0.0585019
v -0.0617411 1.0860000 -0.0550000
v -0.0540000 1.0860000 -0.0583421
v -0.0617411 1.0860000 0.0550000
v -0.0540000 1.0860000 0.0583421
v -0.0614595 1.0970000 -0.0550000
v -0.0540000 1.0970000 -0.0582168
v -0.0614595 1.0970000 0.0550000
v -0.0540000 1.0970000 0.0582168
v -0.0612731 1.1080000 -0.0550000
v -0.0540000 1.1080000 -0.0581339
v -0.0612731 1.1080000 0.0550000
v -0.0540000 1.1080000 0.0581339
v -0.0612172 1.1190000 -0.0550000
v -0.0540000 1.1190000 -0.0581093
v -0.0612172 1.1190000 0.0550000
v -0.0540000 1.1190000 0.0581093
v -0.0614133 1.1300000 -0.0550000
v -0.0540000 1.1300000 -0.0581975
v -0.0614133 1.1300000 0.0550000
v -0.0540000 1.1300000 0.0581975
v -0.0619741 1.1410000 -0.0550000
v -0.0540000 1.1410000 -0.0584502
v -0.0619741 1.1410000 0.0550000
v -0.0540000 1.1410000 0.0584502
v -0.0628703 1.1520000 -0.0550000
v -0.0540000 1.1520000 -0.0588557
v -0.0628703 1.1520000 0.0550000
v -0.0540000 1.1520000 0.0588557
v -0.0640442 1.1630000 -0.0550000
v -0.0540000 1.1630000 -0.0593899
v -0.0640442 1.1630000 0.0550000
v -0.0540000 1.1630000 0.0593899
v -0.0540000 1.1740000 -0.0600284
v -0.0540000 1.1740000 0.0600284
v -0.0540000 1.1850001 -0.0607464
v -0.0540000 1.1850001 0.0607464
v -0.0540000 1.1960000 -0.0615188
v -0.0540000 1.1960000 0.0615188
v -0.0540000 1.2070000 -0.0623196
v -0.0540000 1.2070000 0.0623196
v -0.0540000 1.2180001 -0.0631225
v -0.0540000 1.2180001 0.0631225
v -0.0540000 1.2290000 -0.0639006
v -0.0540000 1.2290000 0.0639006
v -0.0540000 1.2400000 -0.0646263
v -0.0540000 1.2400000 0.0646263
v -0.0540000 1.2510000 -0.0652716
v -0.0540000 1.2510000 0.0652716
v -0.0540000 1.2620000 -0.0658082
v -0.0540000 1.2620000 0.0658082
v -0.0545668 1.2730000 -0.0660000
v -0.0540000 1.2672203 -0.0660000
v -0.0540000 1.2730000 -0.0662040
v -0.0540000 1.2672203 0.0660000
v -0.0545668 1.2730000 0.0660000
v -0.0540000 1.2730000 0.0662040
v -0.0554115 1.2840000 -0.0660000
v -0.0540000 1.2840000 -0.0664950
v -0.0554115 1.2840000 0.0660000
v -0.0540000 1.2840000 0.0664950
v -0.0565556 1.2950000 -0.0660000
v -0.0540000 1.2950000 -0.0668600
v -0.0565556 1.2950000 0.0660000
v -0.0540000 1.2950000 0.0668600
v -0.0580561 1.3060000 -0.0660000
v -0.0540000 1.3060000 -0.0672959
v -0.0580561 1.3060000 0.0660000
v -0.0540000 1.3060000 0.0672959
v -0.0596606 1.3170000 -0.0660000
v -0.0540000 1.3170000 -0.0677173
v -0.0596606 1.3170000 0.0660000
v -0.0540000 1.3170000 0.0677173
v -0.0610435 1.3280001 -0.0660000
v -0.0540000 1.3280001 -0.0680510
v -0.0610435 1.3280001 0.0660000
v -0.0540000 1.3280001 0.0680510
v -0.0615839 1.3390000 -0.0660000
v -0.0540000 1.3390000 -0.0681590
v -0.0615839 1.3390000 0.0660000
v -0.0540000 1.3390000 0.0681590
v -0.0578433 1.3500000 -0.0660000
v -0.0540000 1.3500000 -0.0671012
v -0.0578433 1.3500000 0.0660000
v -0.0540000 1.3500000 0.0671012
v -0.0540000 1.3526002 -0.0660000
v -0.0540000 1.3610001 -0.0623073
v -0.0540000 1.3610001 0.0623073
v -0.0540000 1.3526002 0.0660000
v -0.0540000 1.3705842 -0.0550000
v -0.0540000 1.3720000 -0.0538435
v -0.0540000 1.3720000 0.0538435
v -0.0540000 1.3705842 0.0550000
v -0.0540000 1.3795991 -0.0440000
v -0.0621245 1.3830000 -0.0330000
v -0.0540000 1.3830000 -0.0388618
v -0.0621245 1.3830000 0.0330000
v -0.0540000 1.3830000 0.0388618
v -0.0540000 1.3795991 0.0440000
v -0.0540000 1.3855124 -0.0330000
v -0.0540000 1.3889142 -0.0220000
v -0.0540000 1.3907255 -0.0110000
v -0.0540000 1.3912958 -0.0000000
v -0.0540000 1.3907255 0.0110000
v -0.0540000 1.3889142 0.0220000
v -0.0540000 1.3855124 0.0330000
v -0.0532788 0.9430000 -0.0550000
v -0.0430000 0.9415401 -0.0550000
v -0.0430000 0.9430000 -0.0572150
v -0.0430000 0.9401175 -0.0440000
v -0.0430000 0.9400034 -0.0330000
v -0.0430000 0.9400001 -0.0220000
v -0.0430000 0.9400001 -0.0110000
v -0.0430000 0.9400001 -0.0000000
v -0.0430000 0.9400001 0.0110000
v -0.0430000 0.9400001 0.0220000
v -0.0430000 0.9400034 0.0330000
v -0.0430000 0.9401175 0.0440000
v -0.0532788 0.9430000 0.0550000
v -0.0430000 0.9415401 0.0550000
v -0.0430000 0.9430000 0.0572150
v -0.0430000 0.9540000 -0.0628951
v -0.0430000 0.9540000 0.0628951
v -0.0430000 0.9650000 -0.0638345
v -0.0430000 0.9650000 0.0638345
v -0.0430000 0.9760000 -0.0638655
v -0.0430000 0.9760000 0.0638655
v -0.0430000 0.9870000 -0.0637675
v -0.0430000 0.9870000 0.0637675
v -0.0430000 0.9980000 -0.0636297
v -0.0430000 0.9980000 0.0636297
v -0.0430000 1.0089999 -0.0634609
v -0.0430000 1.0089999 0.0634609
v -0.0430000 1.0200000 -0.0632694
v -0.0430000 1.0200000 0.0632694
v -0.0430000 1.0310000 -0.0630631
v -0.0430000 1.0310000 0.0630631
v -0.0430000 1.0420001 -0.0628503
v -0.0430000 1.0420001 0.0628503
v -0.0430000 1.0530000 -0.0626391
v -0.0430000 1.0530000 0.0626391
v -0.0430000 1.0640000 -0.0624376
v -0.0430000 1.0640000 0.0624377
v -0.0430000 1.0750000 -0.0622539
v -0.0430000 1.0750000 0.0622540
v -0.0430000 1.0860000 -0.0620961
v -0.0430000 1.0860000 0.0620961
v -0.0430000 1.0970000 -0.0619722
v -0.0430000 1.0970000 0.0619722
v -0.0430000 1.1080000 -0.0618903
v -0.0430000 1.1080000 0.0618903
v -0.0430000 1.1190000 -0.0618661
v -0.0430000 1.1190000 0.0618661
v -0.0430000 1.1300000 -0.0619546
v -0.0430000 1.1300000 0.0619546
v -0.0430000 1.1410000 -0.0622072
v -0.0430000 1.1410000 0.0622072
v -0.0430000 1.1520000 -0.0626112
v -0.0430000 1.1520000 0.0626112
v -0.0430000 1.1630000 -0.0631412
v -0.0430000 1.1630000 0.0631412
v -0.0430000 1.1740000 -0.0637713
v -0.0430000 1.1740000 0.0637713
v -0.0430000 1.1850001 -0.0644757
v -0.0430000 1.1850001 0.0644757
v -0.0430000 1.1960000 -0.0652280
v -0.0430000 1.1960000 0.0652280
v -0.0430051 1.2070000 -0.0660000
v -0.0430000 1.2069768 -0.0660000
v -0.0430000 1.2070000 -0.0660016
v -0.0430000 1.2069768 0.0660000
v -0.0430051 1.2070000 0.0660000
v -0.0430000 1.2070000 0.0660016
v -0.0454137 1.2180001 -0.0660000
v -0.0430000 1.2180001 -0.0667487
v -0.0454137 1.2180001 0.0660000
v -0.0430000 1.2180001 0.0667487
v -0.0477256 1.2290000 -0.0660000
v -0.0430000 1.2290000 -0.0674637
v -0.0477256 1.2290000 0.0660000
v -0.0430000 1.2290000 0.0674637
v -0.0498746 1.2400000 -0.0660000
v -0.0430000 1.2400000 -0.0681197
v -0.0498746 1.2400000 0.0660000
v -0.0430000 1.2400000 0.0681197
v -0.0517937 1.2510000 -0.0660000
v -0.0430000 1.2510000 -0.0686897
v -0.0517937 1.2510000 0.0660000
v -0.0430000 1.2510000 0.0686897
v -0.0534116 1.2620000 -0.0660000
v -0.0430000 1.2620000 -0.0691463
v -0.0534116 1.2620000 0.0660000
v -0.0430000 1.2620000 0.0691463
v -0.0430000 1.2730000 -0.0694655
v -0.0430000 1.2730000 0.0694655
v -0.0430000 1.2840000 -0.0696672
v -0.0430000 1.2840000 0.0696672
v -0.0430000 1.2950000 -0.0698951
v -0.0430000 1.2950000 0.0698950
v -0.0430000 1.3060000 -0.0701649
v -0.0430000 1.3060000 0.0701649
v -0.0430000 1.3170000 -0.0704260
v -0.0430000 1.3170000 0.0704260
v -0.0430000 1.3280001 -0.0706329
v -0.0430000 1.3280001 0.0706329
v -0.0430000 1.3390000 -0.0706715
v -0.0430000 1.3390000 0.0706715
v -0.0430000 1.3500000 -0.0696578
v -0.0430000 1.3500000 0.0696578
v -0.0430000 1.3591661 -0.0660000
v -0.0430000 1.3610001 -0.0652492
v -0.0430000 1.3610001 0.0652491
v -0.0430000 1.3591661 0.0660000
v -0.0507950 1.3720000 -0.0550000
v -0.0430000 1.3720000 -0.0575395
v -0.0507950 1.3720000 0.0550000
v -0.0430000 1.3720000 0.0575395
v -0.0430000 1.3743571 -0.0550000
v -0.0451321 1.3830000 -0.0440000
v -0.0430000 1.3830000 -0.0450244
v -0.0451321 1.3830000 0.0440000
v -0.0430000 1.3830000 0.0450244
v -0.0430000 1.3743571 0.0550000
v -0.0430000 1.3836011 -0.0440000
v -0.0430000 1.3890400 -0.0330000
v -0.0430000 1.3927556 -0.0220000
v -0.0453955 1.3940001 -0.0110000
v -0.0430000 1.3940001 -0.0161436
v -0.0466190 1.3940001 -0.0000000
v -0.0453955 1.3940001 0.0110000
v -0.0430000 1.3940001 0.0161436
v -0.0430000 1.3927556 0.0220000
v -0.0430000 1.3890400 0.0330000
v -0.0430000 1.3836011 0.0440000
v -0.0430000 1.3954585 -0.0110000
v -0.0430000 1.3960130 -0.0000000
v -0.0430000 1.3954585 0.0110000
v -0.0320000 0.9409140 -0.0550000
v -0.0320000 0.9430000 -0.0592167
v -0.0320000 0.9400550 -0.0440000
v -0.0320000 0.9400008 -0.0330000
v -0.0320000 0.9400001 -0.0220000
v -0.0320000 0.9400001 -0.0110000
v -0.0320000 0.9400001 -0.0000000
v -0.0320000 0.9400001 0.0110000
v -0.0320000 0.9400001 0.0220000
v -0.0320000 0.9400008 0.0330000
v -0.0320000 0.9400550 0.0440000
v -0.0320000 0.9409140 0.0550000
v -0.0320000 0.9430000 0.0592167
v -0.0320000 0.9540000 -0.0658390
v -0.0320000 0.9540000 0.0658390
v -0.0344757 0.9650000 -0.0660000
v -0.0320000 0.9560672 -0.0660000
v -0.0320000 0.9650000 -0.0665892
v -0.0320000 0.9560673 0.0660000
v -0.0344757 0.9650000 0.0660000
v -0.0320000 0.9650000 0.0665892
v -0.0345387 0.9760000 -0.0660000
v -0.0320000 0.9760000 -0.0666042
v -0.0345387 0.9760000 0.0660000
v -0.0320000 0.9760000 0.0666042
v -0.0341411 0.9870000 -0.0660000
v -0.0320000 0.9870000 -0.0665091
v -0.0341411 0.9870000 0.0660000
v -0.0320000 0.9870000 0.0665091
v -0.0335817 0.9980000 -0.0660000
v -0.0320000 0.9980000 -0.0663756
v -0.0335817 0.9980000 0.0660000
v -0.0320000 0.9980000 0.0663756
v -0.0328945 1.0089999 -0.0660000
v -0.0320000 1.0089999 -0.0662121
v -0.0328945 1.0089999 0.0660000
v -0.0320000 1.0089999 0.0662121
v -0.0321115 1.0200000 -0.0660000
v -0.0320000 1.0200000 -0.0660264
v -0.0321115 1.0200000 0.0660000
v -0.0320000 1.0200000 0.0660264
v -0.0320000 1.0214518 -0.0660000
v -0.0320000 1.0310000 -0.0658236
v -0.0320000 1.0310000 0.0658236
v -0.0320000 1.0214518 0.0660000
v -0.0320000 1.0420001 -0.0656138
v -0.0320000 1.0420001 0.0656138
v -0.0320000 1.0530000 -0.0654056
v -0.0320000 1.0530000 0.0654056
v -0.0320000 1.0640000 -0.0652069
v -0.0320000 1.0640000 0.0652069
v -0.0320000 1.0750000 -0.0650257
v -0.0320000 1.0750000 0.0650257
v -0.0320000 1.0860000 -0.0648700
v -0.0320000 1.0860000 0.0648700
v -0.0320000 1.0970000 -0.0647478
v -0.0320000 1.0970000 0.0647478
v -0.0320000 1.1080000 -0.0646669
v -0.0320000 1.1080000 0.0646669
v -0.0320000 1.1190000 -0.0646432
v -0.0320000 1.1190000 0.0646432
v -0.0320000 1.1300000 -0.0647314
v -0.0320000 1.1300000 0.0647314
v -0.0320000 1.1410000 -0.0649828
v -0.0320000 1.1410000 0.0649828
v -0.0320000 1.1520000 -0.0653837
v -0.0320000 1.1520000 0.0653837
v -0.0320000 1.1630000 -0.0659080
v -0.0320000 1.1630000 0.0659080
v -0.0341821 1.1740000 -0.0660000
v -0.0320000 1.1646309 -0.0660000
v -0.0320000 1.1740000 -0.0665203
v -0.0320000 1.1646309 0.0660000
v -0.0341821 1.1740000 0.0660000
v -0.0320000 1.1740000 0.0665203
v -0.0370043 1.1850001 -0.0660000
v -0.0320000 1.1850001 -0.0671999
v -0.0370043 1.1850001 0.0660000
v -0.0320000 1.1850001 0.0671999
v -0.0399783 1.1960000 -0.0660000
v -0.0320000 1.1960000 -0.0679218
v -0.0399783 1.1960000 0.0660000
v -0.0320000 1.1960000 0.0679218
v -0.0320000 1.2070000 -0.0686596
v -0.0320000 1.2070000 0.0686596
v -0.0320000 1.2180001 -0.0693864
v -0.0320000 1.2180001 0.0693864
v -0.0320000 1.2290000 -0.0700753
v -0.0320000 1.2290000 0.0700753
v -0.0320000 1.2400000 -0.0706991
v -0.0320000 1.2400000 0.0706991
v -0.0320000 1.2510000 -0.0712307
v -0.0320000 1.2510000 0.0712307
v -0.0320000 1.2620000 -0.0716427
v -0.0320000 1.2620000 0.0716427
v -0.0320000 1.2730000 -0.0719104
v -0.0320000 1.2730000 0.0719104
v -0.0320000 1.2840000 -0.0720466
v -0.0320000 1.2840000 0.0720466
v -0.0320000 1.2950000 -0.0721736
v -0.0320000 1.2950000 0.0721736
v -0.0320000 1.3060000 -0.0723213
v -0.0320000 1.3060000 0.0723213
v -0.0320000 1.3170000 -0.0724643
v -0.0320000 1.3170000 0.0724643
v -0.0320000 1.3280001 -0.0725775
v -0.0320000 1.3280001 0.0725775
v -0.0320000 1.3390000 -0.0725649
v -0.0320000 1.3390000 0.0725649
v -0.0320000 1.3500000 -0.0715854
v -0.0320000 1.3500000 0.0715854
v -0.0392981 1.3610001 -0.0660000
v -0.0320000 1.3610001 -0.0674103
v -0.0392981 1.3610001 0.0660000
v -0.0320000 1.3610001 0.0674102
v -0.0320000 1.3631984 -0.0660000
v -0.0320000 1.3720000 -0.0602468
v -0.0320000 1.3720000 0.0602468
v -0.0320000 1.3631984 0.0660000
v -0.0320000 1.3773304 -0.0550000
v -0.0320000 1.3830000 -0.0490640
v -0.0320000 1.3830000 0.0490640
v -0.0320000 1.3773304 0.0550000
v -0.0320000 1.3864437 -0.0440000
v -0.0320000 1.3925518 -0.0330000
v -0.0381304 1.3940001 -0.0220000
v -0.0320000 1.3940001 -0.0278349
v -0.0381304 1.3940001 0.0220000
v -0.0320000 1.3940001 0.0278349
v -0.0320000 1.3925518 0.0330000
v -0.0320000 1.3864437 0.0440000
v -0.0320000 1.3961236 -0.0220000
v -0.0320000 1.3969146 -0.0110000
v -0.0320000 1.3969892 -0.0000000
v -0.0320000 1.3969146 0.0110000
v -0.0320000 1.3961236 0.0220000
v -0.0210000 0.9405378 -0.0550000
v -0.0210000 0.9430000 -0.0614003
v -0.0210000 0.9400224 -0.0440000
v -0.0210000 0.9400003 -0.0330000
v -0.0210000 0.9400001 -0.0220000
v -0.0210000 0.9400001 -0.0110000
v -0.0210000 0.9400001 -0.0000000
v -0.0210000 0.9400001 0.0110000
v -0.0210000 0.9400001 0.0220000
v -0.0210000 0.9400003 0.0330000
v -0.0210000 0.9400224 0.0440000
v -0.0210000 0.9405378 0.0550000
v -0.0210000 0.9430000 0.0614003
v -0.0311925 0.9540000 -0.0660000
v -0.0210000 0.9485378 -0.0660000
v -0.0210000 0.9540000 -0.0677074
v -0.0210000 0.9485378 0.0660000
v -0.0311925 0.9540000 0.0660000
v -0.0210000 0.9540000 0.0677074
v -0.0210000 0.9650000 -0.0684411
v -0.0210000 0.9650000 0.0684411
v -0.0210000 0.9760000 -0.0684558
v -0.0210000 0.9760000 0.0684558
v -0.0210000 0.9870000 -0.0683612
v -0.0210000 0.9870000 0.0683612
v -0.0210000 0.9980000 -0.0682284
v -0.0210000 0.9980000 0.0682284
v -0.0210000 1.0089999 -0.0680657
v -0.0210000 1.0089999 0.0680657
v -0.0210000 1.0200000 -0.0678809
v -0.0210000 1.0200000 0.0678809
v -0.0309924 1.0310000 -0.0660000
v -0.0210000 1.0310000 -0.0676819
v -0.0309924 1.0310000 0.0660000
v -0.0210000 1.0310000 0.0676819
v -0.0297899 1.0420001 -0.0660000
v -0.0210000 1.0420001 -0.0674765
v -0.0297899 1.0420001 0.0660000
v -0.0210000 1.0420001 0.0674765
v -0.0285911 1.0530000 -0.0660000
v -0.0210000 1.0530000 -0.0672726
v -0.0285911 1.0530000 0.0660000
v -0.0210000 1.0530000 0.0672726
v -0.0274423 1.0640000 -0.0660000
v -0.0210000 1.0640000 -0.0670779
v -0.0274423 1.0640000 0.0660000
v -0.0210000 1.0640000 0.0670779
v -0.0263907 1.0750000 -0.0660000
v -0.0210000 1.0750000 -0.0669004
v -0.0263907 1.0750000 0.0660000
v -0.0210000 1.0750000 0.0669004
v -0.0254838 1.0860000 -0.0660000
v -0.0210000 1.0860000 -0.0667477
v -0.0254838 1.0860000 0.0660000
v -0.0210000 1.0860000 0.0667477
v -0.0247697 1.0970000 -0.0660000
v -0.0210000 1.0970000 -0.0666279
v -0.0247697 1.0970000 0.0660000
v -0.0210000 1.0970000 0.0666279
v -0.0242968 1.1080000 -0.0660000
v -0.0210000 1.1080000 -0.0665487
v -0.0242968 1.1080000 0.0660000
v -0.0210000 1.1080000 0.0665487
v -0.0241578 1.1190000 -0.0660000
v -0.0210000 1.1190000 -0.0665254
v -0.0241578 1.1190000 0.0660000
v -0.0210000 1.1190000 0.0665254
v -0.0246769 1.1300000 -0.0660000
v -0.0210000 1.1300000 -0.0666125
v -0.0246769 1.1300000 0.0660000
v -0.0210000 1.1300000 0.0666126
v -0.0261474 1.1410000 -0.0660000
v -0.0210000 1.1410000 -0.0668603
v -0.0261474 1.1410000 0.0660000
v -0.0210000 1.1410000 0.0668603
v -0.0284719 1.1520000 -0.0660000
v -0.0210000 1.1520000 -0.0672548
v -0.0284719 1.1520000 0.0660000
v -0.0210000 1.1520000 0.0672548
v -0.0314762 1.1630000 -0.0660000
v -0.0210000 1.1630000 -0.0677694
v -0.0314762 1.1630000 0.0660000
v -0.0210000 1.1630000 0.0677694
v -0.0210000 1.1740000 -0.0683773
v -0.0210000 1.1740000 0.0683773
v -0.0210000 1.1850001 -0.0690517
v -0.0210000 1.1850001 0.0690517
v -0.0210000 1.1960000 -0.0697655
v -0.0210000 1.1960000 0.0697655
v -0.0210000 1.2070000 -0.0704919
v -0.0210000 1.2070000 0.0704919
v -0.0210000 1.2180001 -0.0712038
v -0.0210000 1.2180001 0.0712038
v -0.0210000 1.2290000 -0.0718739
v -0.0210000 1.2290000 0.0718739
v -0.0210000 1.2400000 -0.0724750
v -0.0210000 1.2400000 0.0724750
v -0.0210000 1.2510000 -0.0729799
v -0.0210000 1.2510000 0.0729799
v -0.0210000 1.2620000 -0.0733612
v -0.0210000 1.2620000 0.0733612
v -0.0210000 1.2730000 -0.0735938
v -0.0210000 1.2730000 0.0735938
v -0.0210000 1.2840000 -0.0736857
v -0.0210000 1.2840000 0.0736857
v -0.0210000 1.2950000 -0.0737447
v -0.0210000 1.2950000 0.0737447
v -0.0210000 1.3060000 -0.0738096
v -0.0210000 1.3060000 0.0738096
v -0.0210000 1.3170000 -0.0738726
v -0.0210000 1.3170000 0.0738726
v -0.0210000 1.3280001 -0.0739222
v -0.0210000 1.3280001 0.0739222
v -0.0210000 1.3390000 -0.0738749
v -0.0210000 1.3390000 0.0738748
v -0.0210000 1.3500000 -0.0729197
v -0.0210000 1.3500000 0.0729197
v -0.0210000 1.3610001 -0.0688965
v -0.0210000 1.3610001 0.0688965
v -0.0210000 1.3657125 -0.0660000
v -0.0210000 1.3720000 -0.0620999
v -0.0210000 1.3720000 0.0620999
v -0.0210000 1.3657125 0.0660000
v -0.0210000 1.3797456 -0.0550000
v -0.0210000 1.3830000 -0.0517841
v -0.0210000 1.3830000 0.0517841
v -0.0210000 1.3797456 0.0550000
v -0.0210000 1.3889248 -0.0440000
v -0.0257928 1.3940001 -0.0330000
v -0.0210000 1.3940001 -0.0350650
v -0.0257928 1.3940001 0.0330000
v -0.0210000 1.3940001 0.0350650
v -0.0210000 1.3889248 0.0440000
v -0.0210000 1.3955048 -0.0330000
v -0.0210000 1.3969307 -0.0220000
v -0.0210000 1.3970000 -0.0110000
v -0.0210000 1.3970009 -0.0000000
v -0.0210000 1.3970000 0.0110000
v -0.0210000 1.3969307 0.0220000
v -0.0210000 1.3955048 0.0330000
v -0.0100000 0.9403387 -0.0550000
v -0.0100000 0.9430000 -0.0632596
v -0.0100000 0.9400055 -0.0440000
v -0.0100000 0.9400001 -0.0330000
v -0.0100000 0.9400001 -0.0220000
v -0.0100000 0.9400001 -0.0110000
v -0.0100000 0.9400001 -0.0000000
v -0.0100000 0.9400001 0.0110000
v -0.0100000 0.9400001 0.0220000
v -0.0100000 0.9400001 0.0330000
v -0.0100000 0.9400055 0.0440000
v -0.0100000 0.9403387 0.0550000
v -0.0100000 0.9430000 0.0632596
v -0.0100000 0.9456409 -0.0660000
v -0.0100000 0.9540000 -0.0687633
v -0.0100000 0.9456409 0.0660000
v -0.0100000 0.9540000 0.0687633
v -0.0100000 0.9650000 -0.0695042
v -0.0100000 0.9650000 0.0695042
v -0.0100000 0.9760000 -0.0695210
v -0.0100000 0.9760000 0.0695210
v -0.0100000 0.9870000 -0.0694268
v -0.0100000 0.9870000 0.0694268
v -0.0100000 0.9980000 -0.0692945
v -0.0100000 0.9980000 0.0692945
v -0.0100000 1.0089999 -0.0691323
v -0.0100000 1.0089999 0.0691323
v -0.0100000 1.0200000 -0.0689482
v -0.0100000 1.0200000 0.0689482
v -0.0100000 1.0310000 -0.0687499
v -0.0100000 1.0310000 0.0687499
v -0.0100000 1.0420001 -0.0685451
v -0.0100000 1.0420001 0.0685451
v -0.0100000 1.0530000 -0.0683419
v -0.0100000 1.0530000 0.0683418
v -0.0100000 1.0640000 -0.0681478
v -0.0100000 1.0640000 0.0681478
v -0.0100000 1.0750000 -0.0679708
v -0.0100000 1.0750000 0.0679708
v -0.0100000 1.0860000 -0.0678186
v -0.0100000 1.0860000 0.0678186
v -0.0100000 1.0970000 -0.0676991
v -0.0100000 1.0970000 0.0676991
v -0.0100000 1.1080000 -0.0676201
v -0.0100000 1.1080000 0.0676201
v -0.0100000 1.1190000 -0.0675970
v -0.0100000 1.1190000 0.0675970
v -0.0100000 1.1300000 -0.0676842
v -0.0100000 1.1300000 0.0676842
v -0.0100000 1.1410000 -0.0679320
v -0.0100000 1.1410000 0.0679320
v -0.0100000 1.1520000 -0.0683262
v -0.0100000 1.1520000 0.0683262
v -0.0100000 1.1630000 -0.0688398
v -0.0100000 1.1630000 0.0688398
v -0.0100000 1.1740000 -0.0694456
v -0.0100000 1.1740000 0.0694456
v -0.0100000 1.1850001 -0.0701165
v -0.0100000 1.1850001 0.0701165
v -0.0100000 1.1960000 -0.0708253
v -0.0100000 1.1960000 0.0708253
v -0.0100000 1.2070000 -0.0715447
v -0.0100000 1.2070000 0.0715447
v -0.0100000 1.2180001 -0.0722476
v -0.0100000 1.2180001 0.0722476
v -0.0100000 1.2290000 -0.0729066
v -0.0100000 1.2290000 0.0729066
v -0.0100000 1.2400000 -0.0734944
v -0.0100000 1.2400000 0.0734944
v -0.0100000 1.2510000 -0.0739838
v -0.0100000 1.2510000 0.0739838
v -0.0100000 1.2620000 -0.0743475
v -0.0100000 1.2620000 0.0743475
v -0.0100000 1.2730000 -0.0745602
v -0.0100000 1.2730000 0.0745602
v -0.0100000 1.2840000 -0.0746270
v -0.0100000 1.2840000 0.0746270
v -0.0100000 1.2950000 -0.0746475
v -0.0100000 1.2950000 0.0746475
v -0.0100000 1.3060000 -0.0746657
v -0.0100000 1.3060000 0.0746657
v -0.0100000 1.3170000 -0.0746832
v -0.0100000 1.3170000 0.0746832
v -0.0100000 1.3280001 -0.0746967
v -0.0100000 1.3280001 0.0746967
v -0.0100000 1.3390000 -0.0746297
v -0.0100000 1.3390000 0.0746297
v -0.0100000 1.3500000 -0.0736888
v -0.0100000 1.3500000 0.0736888
v -0.0100000 1.3610001 -0.0697541
v -0.0100000 1.3610001 0.0697541
v -0.0100000 1.3672696 -0.0660000
v -0.0100000 1.3720000 -0.0631591
v -0.0100000 1.3720000 0.0631591
v -0.0100000 1.3672696 0.0660000
v -0.0100000 1.3813115 -0.0550000
v -0.0100000 1.3830000 -0.0533834
v -0.0100000 1.3830000 0.0533834
v -0.0100000 1.3813115 0.0550000
v -0.0100000 1.3905751 -0.0440000
v -0.0100000 1.3940001 -0.0369092
v -0.0100000 1.3940001 0.0369092
v -0.0100000 1.3905751 0.0440000
v -0.0100000 1.3962438 -0.0330000
v -0.0100000 1.3969957 -0.0220000
v -0.0100000 1.3970009 -0.0110000
v -0.0100000 1.3970009 -0.0000000
v -0.0100000 1.3970009 0.0110000
v -0.0100000 1.3969957 0.0220000
v -0.0100000 1.3962438 0.0330000
v 0.0010000 0.9402950 -0.0550000
v 0.0010000 0.9430000 -0.0639106
v 0.0010000 0.9400030 -0.0440000
v 0.0010000 0.9400001 -0.0330000
v 0.0010000 0.9400001 -0.0220000
v 0.0010000 0.9400001 -0.0110000
v 0.0010000 0.9400001 -0.0000000
v 0.0010000 0.9400001 0.0110000
v 0.0010000 0.9400001 0.0220000
v 0.0010000 0.9400001 0.0330000
v 0.0010000 0.9400030 0.0440000
v 0.0010000 0.9402950 0.0550000
v 0.0010000 0.9430000 0.0639106
v 0.0010000 0.9448776 -0.0660000
v 0.0010000 0.9540000 -0.0690562
v 0.0010000 0.9448776 0.0660000
v 0.0010000 0.9540000 0.0690562
v 0.0010000 0.9650000 -0.0698082
v 0.0010000 0.9650000 0.0698082
v 0.0010000 0.9760000 -0.0698276
v 0.0010000 0.9760000 0.0698276
v 0.0010000 0.9870000 -0.0697336
v 0.0010000 0.9870000 0.0697336
v 0.0010000 0.9980000 -0.0696014
v 0.0010000 0.9980000 0.0696014
v 0.0010000 1.0089999 -0.0694395
v 0.0010000 1.0089999 0.0694395
v 0.0010000 1.0200000 -0.0692555
v 0.0010000 1.0200000 0.0692555
v 0.0010000 1.0310000 -0.0690574
v 0.0010000 1.0310000 0.0690574
v 0.0010000 1.0420001 -0.0688529
v 0.0010000 1.0420001 0.0688529
v 0.0010000 1.0530000 -0.0686498
v 0.0010000 1.0530000 0.0686498
v 0.0010000 1.0640000 -0.0684560
v 0.0010000 1.0640000 0.0684559
v 0.0010000 1.0750000 -0.0682791
v 0.0010000 1.0750000 0.0682791
v 0.0010000 1.0860000 -0.0681271
v 0.0010000 1.0860000 0.0681271
v 0.0010000 1.0970000 -0.0680077
v 0.0010000 1.0970000 0.0680077
v 0.0010000 1.1080000 -0.0679288
v 0.0010000 1.1080000 0.0679288
v 0.0010000 1.1190000 -0.0679057
v 0.0010000 1.1190000 0.0679057
v 0.0010000 1.1300000 -0.0679929
v 0.0010000 1.1300000 0.0679930
v 0.0010000 1.1410000 -0.0682407
v 0.0010000 1.1410000 0.0682407
v 0.0010000 1.1520000 -0.0686348
v 0.0010000 1.1520000 0.0686348
v 0.0010000 1.1630000 -0.0691480
v 0.0010000 1.1630000 0.0691480
v 0.0010000 1.1740000 -0.0697532
v 0.0010000 1.1740000 0.0697532
v 0.0010000 1.1850001 -0.0704231
v 0.0010000 1.1850001 0.0704231
v 0.0010000 1.1960000 -0.0711303
v 0.0010000 1.1960000 0.0711303
v 0.0010000 1.2070000 -0.0718476
v 0.0010000 1.2070000 0.0718476
v 0.0010000 1.2180001 -0.0725478
v 0.0010000 1.2180001 0.0725478
v 0.0010000 1.2290000 -0.0732036
v 0.0010000 1.2290000 0.0732036
v 0.0010000 1.2400000 -0.0737876
v 0.0010000 1.2400000 0.0737876
v 0.0010000 1.2510000 -0.0742725
v 0.0010000 1.2510000 0.0742725
v 0.0010000 1.2620000 -0.0746311
v 0.0010000 1.2620000 0.0746311
v 0.0010000 1.2730000 -0.0748381
v 0.0010000 1.2730000 0.0748381
v 0.0010000 1.2840000 -0.0748978
v 0.0010000 1.2840000 0.0748978
v 0.0010000 1.2950000 -0.0749073
v 0.0010000 1.2950000 0.0749073
v 0.0010000 1.3060000 -0.0749121
v 0.0010000 1.3060000 0.0749121
v 0.0010000 1.3170000 -0.0749167
v 0.0010000 1.3170000 0.0749167
v 0.0010000 1.3280001 -0.0749199
v 0.0010000 1.3280001 0.0749199
v 0.0010000 1.3390000 -0.0748472
v 0.0010000 1.3390000 0.0748472
v 0.0010000 1.3500000 -0.0739105
v 0.0010000 1.3500000 0.0739105
v 0.0010000 1.3610001 -0.0700014
v 0.0010000 1.3610001 0.0700014
v 0.0010000 1.3677348 -0.0660000
v 0.0010000 1.3720000 -0.0634630
v 0.0010000 1.3720000 0.0634630
v 0.0010000 1.3677348 0.0660000
v 0.0010000 1.3817910 -0.0550000
v 0.0010000 1.3830000 -0.0538533
v 0.0010000 1.3830000 0.0538533
v 0.0010000 1.3817910 0.0550000
v 0.0010000 1.3910913 -0.0440000
v 0.0010000 1.3940001 -0.0375028
v 0.0010000 1.3940001 0.0375028
v 0.0010000 1.3910913 0.0440000
v 0.0010000 1.3963588 -0.0330000
v 0.0010000 1.3969967 -0.0220000
v 0.0010000 1.3970009 -0.0110000
v 0.0010000 1.3970009 -0.0000000
v 0.0010000 1.3970009 0.0110000
v 0.0010000 1.3969967 0.0220000
v 0.0010000 1.3963588 0.0330000
v 0.0120000 0.9403563 -0.0550000
v 0.0120000 0.9430000 -0.0629960
v 0.0120000 0.9400063 -0.0440000
v 0.0120000 0.9400001 -0.0330000
v 0.0120000 0.9400001 -0.0220000
v 0.0120000 0.9400001 -0.0110000
v 0.0120000 0.9400001 -0.0000000
v 0.0120000 0.9400001 0.0110000
v 0.0120000 0.9400001 0.0220000
v 0.0120000 0.9400001 0.0330000
v 0.0120000 0.9400063 0.0440000
v 0.0120000 0.9403563 0.0550000
v 0.0120000 0.9430000 0.0629960
v 0.0120000 0.9459835 -0.0660000
v 0.0120000 0.9540000 -0.0686351
v 0.0120000 0.9459835 0.0660000
v 0.0120000 0.9540000 0.0686351
v 0.0120000 0.9650000 -0.0693691
v 0.0120000 0.9650000 0.0693691
v 0.0120000 0.9760000 -0.0693843
v 0.0120000 0.9760000 0.0693843
v 0.0120000 0.9870000 -0.0692900
v 0.0120000 0.9870000 0.0692900
v 0.0120000 0.9980000 -0.0691576
v 0.0120000 0.9980000 0.0691576
v 0.0120000 1.0089999 -0.0689954
v 0.0120000 1.0089999 0.0689954
v 0.0120000 1.0200000 -0.0688112
v 0.0120000 1.0200000 0.0688112
v 0.0120000 1.0310000 -0.0686128
v 0.0120000 1.0310000 0.0686128
v 0.0120000 1.0420001 -0.0684080
v 0.0120000 1.0420001 0.0684080
v 0.0120000 1.0530000 -0.0682046
v 0.0120000 1.0530000 0.0682046
v 0.0120000 1.0640000 -0.0680104
v 0.0120000 1.0640000 0.0680104
v 0.0120000 1.0750000 -0.0678334
v 0.0120000 1.0750000 0.0678334
v 0.0120000 1.0860000 -0.0676811
v 0.0120000 1.0860000 0.0676811
v 0.0120000 1.0970000 -0.0675616
v 0.0120000 1.0970000 0.0675616
v 0.0120000 1.1080000 -0.0674826
v 0.0120000 1.1080000 0.0674826
v 0.0120000 1.1190000 -0.0674594
v 0.0120000 1.1190000 0.0674594
v 0.0120000 1.1300000 -0.0675466
v 0.0120000 1.1300000 0.0675467
v 0.0120000 1.1410000 -0.0677944
v 0.0120000 1.1410000 0.0677944
v 0.0120000 1.1520000 -0.0681887
v 0.0120000 1.1520000 0.0681887
v 0.0120000 1.1630000 -0.0687024
v 0.0120000 1.1630000 0.0687024
v 0.0120000 1.1740000 -0.0693085
v 0.0120000 1.1740000 0.0693085
v 0.0120000 1.1850001 -0.0699799
v 0.0120000 1.1850001 0.0699799
v 0.0120000 1.1960000 -0.0706893
v 0.0120000 1.1960000 0.0706894
v 0.0120000 1.2070000 -0.0714097
v 0.0120000 1.2070000 0.0714097
v 0.0120000 1.2180001 -0.0721137
v 0.0120000 1.2180001 0.0721137
v 0.0120000 1.2290000 -0.0727741
v 0.0120000 1.2290000 0.0727741
v 0.0120000 1.2400000 -0.0733637
v 0.0120000 1.2400000 0.0733637
v 0.0120000 1.2510000 -0.0738551
v 0.0120000 1.2510000 0.0738551
v 0.0120000 1.2620000 -0.0742210
v 0.0120000 1.2620000 0.0742210
v 0.0120000 1.2730000 -0.0744363
v 0.0120000 1.2730000 0.0744363
v 0.0120000 1.2840000 -0.0745063
v 0.0120000 1.2840000 0.0745063
v 0.0120000 1.2950000 -0.0745317
v 0.0120000 1.2950000 0.0745317
v 0.0120000 1.3060000 -0.0745558
v 0.0120000 1.3060000 0.0745558
v 0.0120000 1.3170000 -0.0745792
v 0.0120000 1.3170000 0.0745792
v 0.0120000 1.3280001 -0.0745973
v 0.0120000 1.3280001 0.0745973
v 0.0120000 1.3390000 -0.0745328
v 0.0120000 1.3390000 0.0745328
v 0.0120000 1.3500000 -0.0735900
v 0.0120000 1.3500000 0.0735900
v 0.0120000 1.3610001 -0.0696439
v 0.0120000 1.3610001 0.0696439
v 0.0120000 1.3670648 -0.0660000
v 0.0120000 1.3720000 -0.0630235
v 0.0120000 1.3720000 0.0630235
v 0.0120000 1.3670648 0.0660000
v 0.0120000 1.3811022 -0.0550000
v 0.0120000 1.3830000 -0.0531751
v 0.0120000 1.3830000 0.0531751
v 0.0120000 1.3811022 0.0550000
v 0.0120000 1.3903464 -0.0440000
v 0.0120000 1.3940001 -0.0366090
v 0.0120000 1.3940001 0.0366090
v 0.0120000 1.3903464 0.0440000
v 0.0120000 1.3961447 -0.0330000
v 0.0120000 1.3969870 -0.0220000
v 0.0120000 1.3970009 -0.0110000
v 0.0120000 1.3970009 -0.0000000
v 0.0120000 1.3970009 0.0110000
v 0.0120000 1.3969870 0.0220000
v 0.0120000 1.3961447 0.0330000
v 0.0230000 0.9405918 -0.0550000
v 0.0230000 0.9430000 -0.0610052
v 0.0230000 0.9400271 -0.0440000
v 0.0230000 0.9400004 -0.0330000
v 0.0230000 0.9400001 -0.0220000
v 0.0230000 0.9400001 -0.0110000
v 0.0230000 0.9400001 -0.0000000
v 0.0230000 0.9400001 0.0110000
v 0.0230000 0.9400001 0.0220000
v 0.0230000 0.9400004 0.0330000
v 0.0230000 0.9400271 0.0440000
v 0.0230000 0.9405918 0.0550000
v 0.0230000 0.9430000 0.0610052
v 0.0230000 0.9493479 -0.0660000
v 0.0230000 0.9540000 -0.0674320
v 0.0230000 0.9493479 0.0660000
v 0.0230000 0.9540000 0.0674320
v 0.0230000 0.9650000 -0.0681642
v 0.0230000 0.9650000 0.0681642
v 0.0230000 0.9760000 -0.0681787
v 0.0230000 0.9760000 0.0681787
v 0.0230000 0.9870000 -0.0680840
v 0.0230000 0.9870000 0.0680840
v 0.0230000 0.9980000 -0.0679511
v 0.0230000 0.9980000 0.0679511
v 0.0230000 1.0089999 -0.0677883
v 0.0230000 1.0089999 0.0677883
v 0.0230000 1.0200000 -0.0676033
v 0.0230000 1.0200000 0.0676033
v 0.0230000 1.0310000 -0.0674042
v 0.0230000 1.0310000 0.0674041
v 0.0230000 1.0420001 -0.0671986
v 0.0230000 1.0420001 0.0671986
v 0.0230000 1.0530000 -0.0669945
v 0.0230000 1.0530000 0.0669945
v 0.0230000 1.0640000 -0.0667997
v 0.0230000 1.0640000 0.0667997
v 0.0230000 1.0750000 -0.0666220
v 0.0230000 1.0750000 0.0666220
v 0.0230000 1.0860000 -0.0664693
v 0.0230000 1.0860000 0.0664693
v 0.0230000 1.0970000 -0.0663493
v 0.0230000 1.0970000 0.0663494
v 0.0230000 1.1080000 -0.0662701
v 0.0230000 1.1080000 0.0662701
v 0.0230000 1.1190000 -0.0662468
v 0.0230000 1.1190000 0.0662468
v 0.0230000 1.1300000 -0.0663339
v 0.0230000 1.1300000 0.0663339
v 0.0230000 1.1410000 -0.0665816
v 0.0230000 1.1410000 0.0665816
v 0.0230000 1.1520000 -0.0669762
v 0.0230000 1.1520000 0.0669762
v 0.0230000 1.1630000 -0.0674910
v 0.0230000 1.1630000 0.0674910
v 0.0230000 1.1740000 -0.0680994
v 0.0230000 1.1740000 0.0680994
v 0.0230000 1.1850001 -0.0687746
v 0.0230000 1.1850001 0.0687746
v 0.0230000 1.1960000 -0.0694897
v 0.0230000 1.1960000 0.0694897
v 0.0230000 1.2070000 -0.0702179
v 0.0230000 1.2070000 0.0702179
v 0.0230000 1.2180001 -0.0709320
v 0.0230000 1.2180001 0.0709320
v 0.0230000 1.2290000 -0.0716050
v 0.0230000 1.2290000 0.0716050
v 0.0230000 1.2400000 -0.0722095
v 0.0230000 1.2400000 0.0722095
v 0.0230000 1.2510000 -0.0727184
v 0.0230000 1.2510000 0.0727184
v 0.0230000 1.2620000 -0.0731043
v 0.0230000 1.2620000 0.0731043
v 0.0230000 1.2730000 -0.0733422
v 0.0230000 1.2730000 0.0733422
v 0.0230000 1.2840000 -0.0734406
v 0.0230000 1.2840000 0.0734406
v 0.0230000 1.2950000 -0.0735097
v 0.0230000 1.2950000 0.0735096
v 0.0230000 1.3060000 -0.0735869
v 0.0230000 1.3060000 0.0735869
v 0.0230000 1.3170000 -0.0736617
v 0.0230000 1.3170000 0.0736617
v 0.0230000 1.3280001 -0.0737208
v 0.0230000 1.3280001 0.0737208
v 0.0230000 1.3390000 -0.0736786
v 0.0230000 1.3390000 0.0736786
v 0.0230000 1.3500000 -0.0727198
v 0.0230000 1.3500000 0.0727198
v 0.0230000 1.3610001 -0.0686738
v 0.0230000 1.3610001 0.0686738
v 0.0230000 1.3653214 -0.0660000
v 0.0230000 1.3720000 -0.0618235
v 0.0230000 1.3720000 0.0618235
v 0.0230000 1.3653214 0.0660000
v 0.0230000 1.3793612 -0.0550000
v 0.0230000 1.3830000 -0.0513731
v 0.0230000 1.3830000 0.0513731
v 0.0230000 1.3793612 0.0550000
v 0.0230000 1.3885107 -0.0440000
v 0.0230000 1.3940001 -0.0343443
v 0.0230000 1.3940001 0.0343443
v 0.0230000 1.3885107 0.0440000
v 0.0230000 1.3950181 -0.0330000
v 0.0230000 1.3968662 -0.0220000
v 0.0230000 1.3969988 -0.0110000
v 0.0230000 1.3970006 -0.0000000
v 0.0230000 1.3969988 0.0110000
v 0.0230000 1.3968662 0.0220000
v 0.0230000 1.3950180 0.0330000
v 0.0340000 0.9410024 -0.0550000
v 0.0340000 0.9430000 -0.0588385
v 0.0340000 0.9400624 -0.0440000
v 0.0340000 0.9400009 -0.0330000
v 0.0340000 0.9400001 -0.0220000
v 0.0340000 0.9400001 -0.0110000
v 0.0340000 0.9400001 -0.0000000
v 0.0340000 0.9400001 0.0110000
v 0.0340000 0.9400001 0.0220000
v 0.0340000 0.9400009 0.0330000
v 0.0340000 0.9400624 0.0440000
v 0.0340000 0.9410024 0.0550000
v 0.0340000 0.9430000 0.0588385
v 0.0309560 0.9540000 -0.0660000
v 0.0340000 0.9540000 -0.0653522
v 0.0309560 0.9540000 0.0660000
v 0.0340000 0.9540000 0.0653522
v 0.0340000 0.9624776 -0.0660000
v 0.0340000 0.9650000 -0.0661647
v 0.0340000 0.9624776 0.0660000
v 0.0340000 0.9650000 0.0661647
v 0.0340000 0.9760000 -0.0661797
v 0.0340000 0.9760000 0.0661797
v 0.0340000 0.9870000 -0.0660846
v 0.0340000 0.9870000 0.0660846
v 0.0340000 0.9939625 -0.0660000
v 0.0337368 0.9980000 -0.0660000
v 0.0340000 0.9980000 -0.0659501
v 0.0337368 0.9980000 0.0660000
v 0.0340000 0.9980000 0.0659501
v 0.0340000 0.9939625 0.0660000
v 0.0328562 1.0089999 -0.0660000
v 0.0340000 1.0089999 -0.0657834
v 0.0328562 1.0089999 0.0660000
v 0.0340000 1.0089999 0.0657834
v 0.0318529 1.0200000 -0.0660000
v 0.0340000 1.0200000 -0.0655941
v 0.0318529 1.0200000 0.0660000
v 0.0340000 1.0200000 0.0655941
v 0.0307683 1.0310000 -0.0660000
v 0.0340000 1.0310000 -0.0653903
v 0.0307683 1.0310000 0.0660000
v 0.0340000 1.0310000 0.0653903
v 0.0296444 1.0420001 -0.0660000
v 0.0340000 1.0420001 -0.0651800
v 0.0296444 1.0420001 0.0660000
v 0.0340000 1.0420001 0.0651800
v 0.0285242 1.0530000 -0.0660000
v 0.0340000 1.0530000 -0.0649713
v 0.0285242 1.0530000 0.0660000
v 0.0340000 1.0530000 0.0649713
v 0.0274507 1.0640000 -0.0660000
v 0.0340000 1.0640000 -0.0647721
v 0.0274507 1.0640000 0.0660000
v 0.0340000 1.0640000 0.0647721
v 0.0264679 1.0750000 -0.0660000
v 0.0340000 1.0750000 -0.0645905
v 0.0264679 1.0750000 0.0660000
v 0.0340000 1.0750000 0.0645905
v 0.0256204 1.0860000 -0.0660000
v 0.0340000 1.0860000 -0.0644343
v 0.0256204 1.0860000 0.0660000
v 0.0340000 1.0860000 0.0644343
v 0.0249531 1.0970000 -0.0660000
v 0.0340000 1.0970000 -0.0643118
v 0.0249531 1.0970000 0.0660000
v 0.0340000 1.0970000 0.0643118
v 0.0245112 1.1080000 -0.0660000
v 0.0340000 1.1080000 -0.0642308
v 0.0245112 1.1080000 0.0660000
v 0.0340000 1.1080000 0.0642308
v 0.0243813 1.1190000 -0.0660000
v 0.0340000 1.1190000 -0.0642069
v 0.0243813 1.1190000 0.0660000
v 0.0340000 1.1190000 0.0642069
v 0.0248664 1.1300000 -0.0660000
v 0.0340000 1.1300000 -0.0642952
v 0.0248664 1.1300000 0.0660000
v 0.0340000 1.1300000 0.0642952
v 0.0262405 1.1410000 -0.0660000
v 0.0340000 1.1410000 -0.0645469
v 0.0262405 1.1410000 0.0660000
v 0.0340000 1.1410000 0.0645469
v 0.0284127 1.1520000 -0.0660000
v 0.0340000 1.1520000 -0.0649485
v 0.0284127 1.1520000 0.0660000
v 0.0340000 1.1520000 0.0649485
v 0.0312205 1.1630000 -0.0660000
v 0.0340000 1.1630000 -0.0654738
v 0.0312205 1.1630000 0.0660000
v 0.0340000 1.1630000 0.0654738
v 0.0340000 1.1722980 -0.0660000
v 0.0340000 1.1740000 -0.0660946
v 0.0340000 1.1722980 0.0660000
v 0.0340000 1.1740000 0.0660946
v 0.0340000 1.1850001 -0.0667753
v 0.0340000 1.1850001 0.0667753
v 0.0340000 1.1960000 -0.0674990
v 0.0340000 1.1960000 0.0674990
v 0.0340000 1.2070000 -0.0682392
v 0.0340000 1.2070000 0.0682392
v 0.0340000 1.2180001 -0.0689693
v 0.0340000 1.2180001 0.0689693
v 0.0340000 1.2290000 -0.0696624
v 0.0340000 1.2290000 0.0696624
v 0.0340000 1.2400000 -0.0702914
v 0.0340000 1.2400000 0.0702914
v 0.0340000 1.2510000 -0.0708291
v 0.0340000 1.2510000 0.0708291
v 0.0340000 1.2620000 -0.0712482
v 0.0340000 1.2620000 0.0712482
v 0.0340000 1.2730000 -0.0715240
v 0.0340000 1.2730000 0.0715240
v 0.0340000 1.2840000 -0.0716705
v 0.0340000 1.2840000 0.0716704
v 0.0340000 1.2950000 -0.0718133
v 0.0340000 1.2950000 0.0718132
v 0.0340000 1.3060000 -0.0719800
v 0.0340000 1.3060000 0.0719800
v 0.0340000 1.3170000 -0.0721416
v 0.0340000 1.3170000 0.0721416
v 0.0340000 1.3280001 -0.0722695
v 0.0340000 1.3280001 0.0722695
v 0.0340000 1.3390000 -0.0722649
v 0.0340000 1.3390000 0.0722649
v 0.0340000 1.3500000 -0.0712799
v 0.0340000 1.3500000 0.0712799
v 0.0340000 1.3610001 -0.0670703
v 0.0340000 1.3610001 0.0670703
v 0.0340000 1.3626529 -0.0660000
v 0.0340000 1.3720000 -0.0598201
v 0.0340000 1.3720000 0.0598201
v 0.0340000 1.3626529 0.0660000
v 0.0340000 1.3768229 -0.0550000
v 0.0340000 1.3830000 -0.0484509
v 0.0340000 1.3830000 0.0484509
v 0.0340000 1.3768229 0.0550000
v 0.0340000 1.3859546 -0.0440000
v 0.0340000 1.3919722 -0.0330000
v 0.0258606 1.3940001 -0.0330000
v 0.0340000 1.3940001 -0.0264116
v 0.0258606 1.3940001 0.0330000
v 0.0340000 1.3940001 0.0264116
v 0.0340000 1.3919722 0.0330000
v 0.0340000 1.3859546 0.0440000
v 0.0340000 1.3958315 -0.0220000
v 0.0340000 1.3967917 -0.0110000
v 0.0340000 1.3969396 -0.0000000
v 0.0340000 1.3967917 0.0110000
v 0.0340000 1.3958315 0.0220000
v 0.0450000 0.9417270 -0.0550000
v 0.0450000 0.9430000 -0.0568313
v 0.0450000 0.9401435 -0.0440000
v 0.0450000 0.9400052 -0.0330000
v 0.0450000 0.9400001 -0.0220000
v 0.0450000 0.9400001 -0.0110000
v 0.0450000 0.9400001 -0.0000000
v 0.0450000 0.9400001 0.0110000
v 0.0450000 0.9400001 0.0220000
v 0.0450000 0.9400052 0.0330000
v 0.0450000 0.9401435 0.0440000
v 0.0450000 0.9417270 0.0550000
v 0.0450000 0.9430000 0.0568313
v 0.0450000 0.9540000 -0.0622898
v 0.0450000 0.9540000 0.0622898
v 0.0346580 0.9650000 -0.0660000
v 0.0450000 0.9650000 -0.0632309
v 0.0346580 0.9650000 0.0660000
v 0.0450000 0.9650000 0.0632309
v 0.0347181 0.9760000 -0.0660000
v 0.0450000 0.9760000 -0.0632630
v 0.0347181 0.9760000 0.0660000
v 0.0450000 0.9760000 0.0632630
v 0.0343382 0.9870000 -0.0660000
v 0.0450000 0.9870000 -0.0631647
v 0.0343382 0.9870000 0.0660000
v 0.0450000 0.9870000 0.0631647
v 0.0450000 0.9980000 -0.0630265
v 0.0450000 0.9980000 0.0630265
v 0.0450000 1.0089999 -0.0628573
v 0.0450000 1.0089999 0.0628573
v 0.0450000 1.0200000 -0.0626653
v 0.0450000 1.0200000 0.0626653
v 0.0450000 1.0310000 -0.0624585
v 0.0450000 1.0310000 0.0624585
v 0.0450000 1.0420001 -0.0622451
v 0.0450000 1.0420001 0.0622452
v 0.0450000 1.0530000 -0.0620334
v 0.0450000 1.0530000 0.0620334
v 0.0450000 1.0640000 -0.0618315
v 0.0450000 1.0640000 0.0618315
v 0.0450000 1.0750000 -0.0616473
v 0.0450000 1.0750000 0.0616473
v 0.0450000 1.0860000 -0.0614891
v 0.0450000 1.0860000 0.0614891
v 0.0450000 1.0970000 -0.0613649
v 0.0450000 1.0970000 0.0613649
v 0.0450000 1.1080000 -0.0612828
v 0.0450000 1.1080000 0.0612828
v 0.0450000 1.1190000 -0.0612585
v 0.0450000 1.1190000 0.0612585
v 0.0450000 1.1300000 -0.0613470
v 0.0450000 1.1300000 0.0613470
v 0.0450000 1.1410000 -0.0615998
v 0.0450000 1.1410000 0.0615997
v 0.0450000 1.1520000 -0.0620042
v 0.0450000 1.1520000 0.0620042
v 0.0450000 1.1630000 -0.0625351
v 0.0450000 1.1630000 0.0625351
v 0.0343773 1.1740000 -0.0660000
v 0.0450000 1.1740000 -0.0631669
v 0.0343773 1.1740000 0.0660000
v 0.0450000 1.1740000 0.0631669
v 0.0370746 1.1850001 -0.0660000
v 0.0450000 1.1850001 -0.0638738
v 0.0370746 1.1850001 0.0660000
v 0.0450000 1.1850001 0.0638738
v 0.0399170 1.1960000 -0.0660000
v 0.0450000 1.1960000 -0.0646296
v 0.0399170 1.1960000 0.0660000
v 0.0450000 1.1960000 0.0646296
v 0.0428112 1.2070000 -0.0660000
v 0.0450000 1.2070000 -0.0654080
v 0.0428112 1.2070000 0.0660000
v 0.0450000 1.2070000 0.0654080
v 0.0450000 1.2154154 -0.0660000
v 0.0450000 1.2180001 -0.0661766
v 0.0450000 1.2154154 0.0660000
v 0.0450000 1.2180001 0.0661765
v 0.0450000 1.2290000 -0.0668971
v 0.0450000 1.2290000 0.0668971
v 0.0450000 1.2400000 -0.0675599
v 0.0450000 1.2400000 0.0675599
v 0.0450000 1.2510000 -0.0681382
v 0.0450000 1.2510000 0.0681382
v 0.0450000 1.2620000 -0.0686045
v 0.0450000 1.2620000 0.0686045
v 0.0450000 1.2730000 -0.0689348
v 0.0450000 1.2730000 0.0689348
v 0.0450000 1.2840000 -0.0691510
v 0.0450000 1.2840000 0.0691510
v 0.0450000 1.2950000 -0.0694009
v 0.0450000 1.2950000 0.0694009
v 0.0450000 1.3060000 -0.0696976
v 0.0450000 1.3060000 0.0696976
v 0.0450000 1.3170000 -0.0699846
v 0.0450000 1.3170000 0.0699846
v 0.0450000 1.3280001 -0.0702120
v 0.0450000 1.3280001 0.0702120
v 0.0450000 1.3390000 -0.0702618
v 0.0450000 1.3390000 0.0702618
v 0.0450000 1.3500000 -0.0692408
v 0.0450000 1.3500000 0.0692408
v 0.0450000 1.3580393 -0.0660000
v 0.0392652 1.3610001 -0.0660000
v 0.0450000 1.3610001 -0.0647729
v 0.0392652 1.3610001 0.0660000
v 0.0450000 1.3610001 0.0647729
v 0.0450000 1.3580393 0.0660000
v 0.0450000 1.3720000 -0.0569500
v 0.0450000 1.3720000 0.0569500
v 0.0450000 1.3737781 -0.0550000
v 0.0450000 1.3830000 -0.0441273
v 0.0450000 1.3830000 0.0441273
v 0.0450000 1.3737781 0.0550000
v 0.0450000 1.3830726 -0.0440000
v 0.0450000 1.3883867 -0.0330000
v 0.0450000 1.3920002 -0.0220000
v 0.0383003 1.3940001 -0.0220000
v 0.0450000 1.3940001 -0.0126175
v 0.0383003 1.3940001 0.0220000
v 0.0450000 1.3940001 0.0126175
v 0.0450000 1.3920002 0.0220000
v 0.0450000 1.3883867 0.0330000
v 0.0450000 1.3830726 0.0440000
v 0.0450000 1.3945061 -0.0110000
v 0.0450000 1.3955208 -0.0000000
v 0.0450000 1.3945061 0.0110000
v 0.0521369 0.9430000 -0.0550000
v 0.0560000 0.9430000 -0.0528440
v 0.0560000 0.9404880 -0.0440000
v 0.0560000 0.9400359 -0.0330000
v 0.0560000 0.9400011 -0.0220000
v 0.0560000 0.9400001 -0.0110000
v 0.0560000 0.9400001 -0.0000000
v 0.0560000 0.9400001 0.0110000
v 0.0560000 0.9400011 0.0220000
v 0.0560000 0.9400359 0.0330000
v 0.0560000 0.9404880 0.0440000
v 0.0521370 0.9430000 0.0550000
v 0.0560000 0.9430000 0.0528440
v 0.0560000 0.9448329 -0.0550000
v 0.0560000 0.9540000 -0.0584838
v 0.0560000 0.9448329 0.0550000
v 0.0560000 0.9540000 0.0584838
v 0.0560000 0.9650000 -0.0593195
v 0.0560000 0.9650000 0.0593195
v 0.0560000 0.9760000 -0.0593430
v 0.0560000 0.9760000 0.0593430
v 0.0560000 0.9870000 -0.0592433
v 0.0560000 0.9870000 0.0592433
v 0.0560000 0.9980000 -0.0591033
v 0.0560000 0.9980000 0.0591033
v 0.0560000 1.0089999 -0.0589319
v 0.0560000 1.0089999 0.0589319
v 0.0560000 1.0200000 -0.0587373
v 0.0560000 1.0200000 0.0587373
v 0.0560000 1.0310000 -0.0585279
v 0.0560000 1.0310000 0.0585279
v 0.0560000 1.0420001 -0.0583119
v 0.0560000 1.0420001 0.0583119
v 0.0560000 1.0530000 -0.0580976
v 0.0560000 1.0530000 0.0580976
v 0.0560000 1.0640000 -0.0578932
v 0.0560000 1.0640000 0.0578932
v 0.0560000 1.0750000 -0.0577069
v 0.0560000 1.0750000 0.0577069
v 0.0560000 1.0860000 -0.0575469
v 0.0560000 1.0860000 0.0575469
v 0.0560000 1.0970000 -0.0574213
v 0.0560000 1.0970000 0.0574213
v 0.0560000 1.1080000 -0.0573383
v 0.0560000 1.1080000 0.0573383
v 0.0560000 1.1190000 -0.0573136
v 0.0560000 1.1190000 0.0573136
v 0.0560000 1.1300000 -0.0574017
v 0.0560000 1.1300000 0.0574017
v 0.0560000 1.1410000 -0.0576542
v 0.0560000 1.1410000 0.0576542
v 0.0560000 1.1520000 -0.0580597
v 0.0560000 1.1520000 0.0580597
v 0.0560000 1.1630000 -0.0585944
v 0.0560000 1.1630000 0.0585945
v 0.0560000 1.1740000 -0.0592343
v 0.0560000 1.1740000 0.0592343
v 0.0560000 1.1850001 -0.0599547
v 0.0560000 1.1850001 0.0599547
v 0.0560000 1.1960000 -0.0607307
v 0.0560000 1.1960000 0.0607307
v 0.0560000 1.2070000 -0.0615367
v 0.0560000 1.2070000 0.0615367
v 0.0455475 1.2180001 -0.0660000
v 0.0560000 1.2180001 -0.0623466
v 0.0455475 1.2180001 0.0660000
v 0.0560000 1.2180001 0.0623466
v 0.0477857 1.2290000 -0.0660000
v 0.0560000 1.2290000 -0.0631334
v 0.0477857 1.2290000 0.0660000
v 0.0560000 1.2290000 0.0631334
v 0.0498662 1.2400000 -0.0660000
v 0.0560000 1.2400000 -0.0638698
v 0.0498662 1.2400000 0.0660000
v 0.0560000 1.2400000 0.0638698
v 0.0517239 1.2510000 -0.0660000
v 0.0560000 1.2510000 -0.0645276
v 0.0517239 1.2510000 0.0660000
v 0.0560000 1.2510000 0.0645276
v 0.0532898 1.2620000 -0.0660000
v 0.0560000 1.2620000 -0.0650787
v 0.0532898 1.2620000 0.0660000
v 0.0560000 1.2620000 0.0650787
v 0.0544994 1.2730000 -0.0660000
v 0.0560000 1.2730000 -0.0654989
v 0.0544994 1.2730000 0.0660000
v 0.0560000 1.2730000 0.0654989
v 0.0554518 1.2840000 -0.0660000
v 0.0560000 1.2840000 -0.0658216
v 0.0554518 1.2840000 0.0660000
v 0.0560000 1.2840000 0.0658216
v 0.0560000 1.2887744 -0.0660000
v 0.0560000 1.2950000 -0.0662227
v 0.0560000 1.2887744 0.0660000
v 0.0560000 1.2950000 0.0662227
v 0.0560000 1.3060000 -0.0666939
v 0.0560000 1.3060000 0.0666939
v 0.0560000 1.3170000 -0.0671492
v 0.0560000 1.3170000 0.0671492
v 0.0560000 1.3280001 -0.0675099
v 0.0560000 1.3280001 0.0675098
v 0.0560000 1.3390000 -0.0676325
v 0.0560000 1.3390000 0.0676325
v 0.0560000 1.3500000 -0.0665657
v 0.0560000 1.3500000 0.0665657
v 0.0560000 1.3513200 -0.0660000
v 0.0560000 1.3610001 -0.0616850
v 0.0560000 1.3610001 0.0616850
v 0.0560000 1.3513200 0.0660000
v 0.0560000 1.3696314 -0.0550000
v 0.0507603 1.3720000 -0.0550000
v 0.0560000 1.3720000 -0.0530274
v 0.0507603 1.3720000 0.0550000
v 0.0560000 1.3720000 0.0530274
v 0.0560000 1.3696314 0.0550000
v 0.0560000 1.3788173 -0.0440000
v 0.0452555 1.3830000 -0.0440000
v 0.0560000 1.3830000 -0.0375139
v 0.0452555 1.3830000 0.0440000
v 0.0560000 1.3830000 0.0375139
v 0.0560000 1.3788173 0.0440000
v 0.0560000 1.3848789 -0.0330000
v 0.0560000 1.3882221 -0.0220000
v 0.0560000 1.3900608 -0.0110000
v 0.0457489 1.3940001 -0.0110000
v 0.0560000 1.3906275 -0.0000000
v 0.0473738 1.3940001 -0.0000000
v 0.0560000 1.3900608 0.0110000
v 0.0457489 1.3940001 0.0110000
v 0.0560000 1.3882221 0.0220000
v 0.0560000 1.3848789 0.0330000
v 0.0670000 0.9415386 -0.0440000
v 0.0670000 0.9430000 -0.0467998
v 0.0670000 0.9401905 -0.0330000
v 0.0670000 0.9400150 -0.0220000
v 0.0670000 0.9400016 -0.0110000
v 0.0670000 0.9400010 -0.0000000
v 0.0670000 0.9400016 0.0110000
v 0.0670000 0.9400150 0.0220000
v 0.0670000 0.9401905 0.0330000
v 0.0670000 0.9415386 0.0440000
v 0.0670000 0.9430000 0.0467999
v 0.0638260 0.9540000 -0.0550000
v 0.0670000 0.9540000 -0.0533003
v 0.0638260 0.9540000 0.0550000
v 0.0670000 0.9540000 0.0533003
v 0.0655464 0.9650000 -0.0550000
v 0.0670000 0.9650000 -0.0542447
v 0.0655464 0.9650000 0.0550000
v 0.0670000 0.9650000 0.0542447
v 0.0655910 0.9760000 -0.0550000
v 0.0670000 0.9760000 -0.0542693
v 0.0655910 0.9760000 0.0550000
v 0.0670000 0.9760000 0.0542694
v 0.0653791 0.9870000 -0.0550000
v 0.0670000 0.9870000 -0.0541603
v 0.0653791 0.9870000 0.0550000
v 0.0670000 0.9870000 0.0541603
v 0.0650810 0.9980000 -0.0550000
v 0.0670000 0.9980000 -0.0540072
v 0.0650810 0.9980000 0.0550000
v 0.0670000 0.9980000 0.0540072
v 0.0647150 1.0089999 -0.0550000
v 0.0670000 1.0089999 -0.0538199
v 0.0647150 1.0089999 0.0550000
v 0.0670000 1.0089999 0.0538199
v 0.0642983 1.0200000 -0.0550000
v 0.0670000 1.0200000 -0.0536073
v 0.0642983 1.0200000 0.0550000
v 0.0670000 1.0200000 0.0536073
v 0.0638482 1.0310000 -0.0550000
v 0.0670000 1.0310000 -0.0533787
v 0.0638482 1.0310000 0.0550000
v 0.0670000 1.0310000 0.0533787
v 0.0633823 1.0420001 -0.0550000
v 0.0670000 1.0420001 -0.0531430
v 0.0633823 1.0420001 0.0550000
v 0.0670000 1.0420001 0.0531430
v 0.0629183 1.0530000 -0.0550000
v 0.0670000 1.0530000 -0.0529093
v 0.0629183 1.0530000 0.0550000
v 0.0670000 1.0530000 0.0529093
v 0.0624740 1.0640000 -0.0550000
v 0.0670000 1.0640000 -0.0526865
v 0.0624740 1.0640000 0.0550000
v 0.0670000 1.0640000 0.0526865
v 0.0620677 1.0750000 -0.0550000
v 0.0670000 1.0750000 -0.0524835
v 0.0620677 1.0750000 0.0550000
v 0.0670000 1.0750000 0.0524835
v 0.0617175 1.0860000 -0.0550000
v 0.0670000 1.0860000 -0.0523093
v 0.0617175 1.0860000 0.0550000
v 0.0670000 1.0860000 0.0523093
v 0.0614420 1.0970000 -0.0550000
v 0.0670000 1.0970000 -0.0521725
v 0.0614420 1.0970000 0.0550000
v 0.0670000 1.0970000 0.0521725
v 0.0612596 1.1080000 -0.0550000
v 0.0670000 1.1080000 -0.0520822
v 0.0612596 1.1080000 0.0550000
v 0.0670000 1.1080000 0.0520822
v 0.0612049 1.1190000 -0.0550000
v 0.0670000 1.1190000 -0.0520550
v 0.0612049 1.1190000 0.0550000
v 0.0670000 1.1190000 0.0520550
v 0.0613968 1.1300000 -0.0550000
v 0.0670000 1.1300000 -0.0521489
v 0.0613968 1.1300000 0.0550000
v 0.0670000 1.1300000 0.0521489
v 0.0619456 1.1410000 -0.0550000
v 0.0670000 1.1410000 -0.0524194
v 0.0619456 1.1410000 0.0550000
v 0.0670000 1.1410000 0.0524194
v 0.0628227 1.1520000 -0.0550000
v 0.0670000 1.1520000 -0.0528564
v 0.0628227 1.1520000 0.0550000
v 0.0670000 1.1520000 0.0528565
v 0.0639718 1.1630000 -0.0550000
v 0.0670000 1.1630000 -0.0534369
v 0.0639718 1.1630000 0.0550000
v 0.0670000 1.1630000 0.0534369
v 0.0653368 1.1740000 -0.0550000
v 0.0670000 1.1740000 -0.0541361
v 0.0653368 1.1740000 0.0550000
v 0.0670000 1.1740000 0.0541361
v 0.0668661 1.1850001 -0.0550000
v 0.0670000 1.1850001 -0.0549300
v 0.0668661 1.1850001 0.0550000
v 0.0670000 1.1850001 0.0549300
v 0.0670000 1.1858921 -0.0550000
v 0.0670000 1.1960000 -0.0557321
v 0.0670000 1.1858921 0.0550000
v 0.0670000 1.1960000 0.0557321
v 0.0670000 1.2070000 -0.0565698
v 0.0670000 1.2070000 0.0565698
v 0.0670000 1.2180001 -0.0574237
v 0.0670000 1.2180001 0.0574237
v 0.0670000 1.2290000 -0.0582675
v 0.0670000 1.2290000 0.0582675
v 0.0670000 1.2400000 -0.0590740
v 0.0670000 1.2400000 0.0590740
v 0.0670000 1.2510000 -0.0598157
v 0.0670000 1.2510000 0.0598157
v 0.0670000 1.2620000 -0.0604650
v 0.0670000 1.2620000 0.0604650
v 0.0670000 1.2730000 -0.0609989
v 0.0670000 1.2730000 0.0609989
v 0.0670000 1.2840000 -0.0614646
v 0.0670000 1.2840000 0.0614646
v 0.0566453 1.2950000 -0.0660000
v 0.0670000 1.2950000 -0.0620854
v 0.0566453 1.2950000 0.0660000
v 0.0670000 1.2950000 0.0620854
v 0.0581185 1.3060000 -0.0660000
v 0.0670000 1.3060000 -0.0628233
v 0.0581185 1.3060000 0.0660000
v 0.0670000 1.3060000 0.0628233
v 0.0596943 1.3170000 -0.0660000
v 0.0670000 1.3170000 -0.0635267
v 0.0596943 1.3170000 0.0660000
v 0.0670000 1.3170000 0.0635267
v 0.0610503 1.3280001 -0.0660000
v 0.0670000 1.3280001 -0.0640698
v 0.0610503 1.3280001 0.0660000
v 0.0670000 1.3280001 0.0640698
v 0.0615738 1.3390000 -0.0660000
v 0.0670000 1.3390000 -0.0642789
v 0.0615738 1.3390000 0.0660000
v 0.0670000 1.3390000 0.0642789
v 0.0579153 1.3500000 -0.0660000
v 0.0670000 1.3500000 -0.0630951
v 0.0579153 1.3500000 0.0660000
v 0.0670000 1.3500000 0.0630951
v 0.0670000 1.3610001 -0.0577534
v 0.0670000 1.3610001 0.0577534
v 0.0670000 1.3642561 -0.0550000
v 0.0670000 1.3720000 -0.0478164
v 0.0670000 1.3720000 0.0478164
v 0.0670000 1.3642561 0.0550000
v 0.0670000 1.3745966 -0.0440000
v 0.0670000 1.3808645 -0.0330000
v 0.0621402 1.3830000 -0.0330000
v 0.0670000 1.3830000 -0.0280293
v 0.0621402 1.3830000 0.0330000
v 0.0670000 1.3830000 0.0280293
v 0.0670000 1.3808645 0.0330000
v 0.0670000 1.3745966 0.0440000
v 0.0670000 1.3846824 -0.0220000
v 0.0670000 1.3865038 -0.0110000
v 0.0670000 1.3870895 -0.0000000
v 0.0670000 1.3865038 0.0110000
v 0.0670000 1.3846824 0.0220000
v 0.0722518 0.9430000 -0.0440000
v 0.0780000 0.9430000 -0.0391517
v 0.0780000 0.9410580 -0.0330000
v 0.0780000 0.9401890 -0.0220000
v 0.0780000 0.9400631 -0.0110000
v 0.0780000 0.9400468 -0.0000000
v 0.0780000 0.9400631 0.0110000
v 0.0780000 0.9401890 0.0220000
v 0.0780000 0.9410580 0.0330000
v 0.0722518 0.9430000 0.0440000
v 0.0780000 0.9430000 0.0391517
v 0.0780000 0.9479373 -0.0440000
v 0.0780000 0.9540000 -0.0464673
v 0.0780000 0.9479373 0.0440000
v 0.0780000 0.9540000 0.0464673
v 0.0780000 0.9650000 -0.0474063
v 0.0780000 0.9650000 0.0474063
v 0.0780000 0.9760000 -0.0474338
v 0.0780000 0.9760000 0.0474338
v 0.0780000 0.9870000 -0.0473231
v 0.0780000 0.9870000 0.0473231
v 0.0780000 0.9980000 -0.0471679
v 0.0780000 0.9980000 0.0471679
v 0.0780000 1.0089999 -0.0469779
v 0.0780000 1.0089999 0.0469779
v 0.0780000 1.0200000 -0.0467624
v 0.0780000 1.0200000 0.0467624
v 0.0780000 1.0310000 -0.0465307
v 0.0780000 1.0310000 0.0465307
v 0.0780000 1.0420001 -0.0462920
v 0.0780000 1.0420001 0.0462920
v 0.0780000 1.0530000 -0.0460554
v 0.0780000 1.0530000 0.0460554
v 0.0780000 1.0640000 -0.0458299
v 0.0780000 1.0640000 0.0458299
v 0.0780000 1.0750000 -0.0456246
v 0.0780000 1.0750000 0.0456246
v 0.0780000 1.0860000 -0.0454483
v 0.0780000 1.0860000 0.0454483
v 0.0780000 1.0970000 -0.0453101
v 0.0780000 1.0970000 0.0453101
v 0.0780000 1.1080000 -0.0452188
v 0.0780000 1.1080000 0.0452188
v 0.0780000 1.1190000 -0.0451910
v 0.0780000 1.1190000 0.0451910
v 0.0780000 1.1300000 -0.0452833
v 0.0780000 1.1300000 0.0452833
v 0.0780000 1.1410000 -0.0455526
v 0.0780000 1.1410000 0.0455526
v 0.0780000 1.1520000 -0.0460115
v 0.0780000 1.1520000 0.0460115
v 0.0780000 1.1630000 -0.0466880
v 0.0780000 1.1630000 0.0466881
v 0.0780000 1.1740000 -0.0474833
v 0.0780000 1.1740000 0.0474833
v 0.0780000 1.1850001 -0.0483203
v 0.0780000 1.1850001 0.0483203
v 0.0684194 1.1960000 -0.0550000
v 0.0780000 1.1960000 -0.0492288
v 0.0684194 1.1960000 0.0550000
v 0.0780000 1.1960000 0.0492288
v 0.0700449 1.2070000 -0.0550000
v 0.0780000 1.2070000 -0.0502081
v 0.0700449 1.2070000 0.0550000
v 0.0780000 1.2070000 0.0502081
v 0.0717223 1.2180001 -0.0550000
v 0.0780000 1.2180001 -0.0512328
v 0.0717223 1.2180001 0.0550000
v 0.0780000 1.2180001 0.0512328
v 0.0734152 1.2290000 -0.0550000
v 0.0780000 1.2290000 -0.0522682
v 0.0734152 1.2290000 0.0550000
v 0.0780000 1.2290000 0.0522683
v 0.0750858 1.2400000 -0.0550000
v 0.0780000 1.2400000 -0.0532820
v 0.0750858 1.2400000 0.0550000
v 0.0780000 1.2400000 0.0532820
v 0.0767023 1.2510000 -0.0550000
v 0.0780000 1.2510000 -0.0542464
v 0.0767023 1.2510000 0.0550000
v 0.0780000 1.2510000 0.0542464
v 0.0780000 1.2603213 -0.0550000
v 0.0780000 1.2620000 -0.0551233
v 0.0780000 1.2603211 0.0550000
v 0.0780000 1.2620000 0.0551233
v 0.0780000 1.2730000 -0.0558434
v 0.0780000 1.2730000 0.0558434
v 0.0780000 1.2840000 -0.0565328
v 0.0780000 1.2840000 0.0565328
v 0.0780000 1.2950000 -0.0574419
v 0.0780000 1.2950000 0.0574419
v 0.0780000 1.3060000 -0.0584917
v 0.0780000 1.3060000 0.0584917
v 0.0780000 1.3170000 -0.0594485
v 0.0780000 1.3170000 0.0594485
v 0.0780000 1.3280001 -0.0601033
v 0.0780000 1.3280001 0.0601033
v 0.0780000 1.3390000 -0.0602983
v 0.0780000 1.3390000 0.0602984
v 0.0780000 1.3500000 -0.0589290
v 0.0780000 1.3500000 0.0589291
v 0.0780000 1.3572842 -0.0550000
v 0.0734917 1.3610001 -0.0550000
v 0.0780000 1.3610001 -0.0528037
v 0.0734917 1.3610001 0.0550000
v 0.0780000 1.3610001 0.0528037
v 0.0780000 1.3572842 0.0550000
v 0.0780000 1.3695935 -0.0440000
v 0.0738027 1.3720000 -0.0440000
v 0.0780000 1.3720000 -0.0410748
v 0.0738027 1.3720000 0.0440000
v 0.0780000 1.3720000 0.0410748
v 0.0780000 1.3695935 0.0440000
v 0.0780000 1.3763103 -0.0330000
v 0.0780000 1.3806062 -0.0220000
v 0.0726418 1.3830000 -0.0220000
v 0.0780000 1.3830000 -0.0118734
v 0.0726418 1.3830000 0.0220000
v 0.0780000 1.3830000 0.0118734
v 0.0780000 1.3806062 0.0220000
v 0.0780000 1.3763103 0.0330000
v 0.0780000 1.3831452 -0.0110000
v 0.0780000 1.3837670 -0.0000000
v 0.0780000 1.3831452 0.0110000
v 0.0851253 0.9430000 -0.0330000
v 0.0890000 0.9430000 -0.0285951
v 0.0890000 0.9413700 -0.0220000
v 0.0890000 0.9406356 -0.0110000
v 0.0890000 0.9404556 -0.0000000
v 0.0890000 0.9406356 0.0110000
v 0.0890000 0.9413700 0.0220000
v 0.0851253 0.9430000 0.0330000
v 0.0890000 0.9430000 0.0285951
v 0.0813829 0.9540000 -0.0440000
v 0.0890000 0.9540000 -0.0369635
v 0.0890000 0.9463772 -0.0330000
v 0.0890000 0.9463772 0.0330000
v 0.0813829 0.9540000 0.0440000
v 0.0890000 0.9540000 0.0369635
v 0.0826372 0.9650000 -0.0440000
v 0.0890000 0.9650000 -0.0380905
v 0.0826372 0.9650000 0.0440000
v 0.0890000 0.9650000 0.0380905
v 0.0826751 0.9760000 -0.0440000
v 0.0890000 0.9760000 -0.0381254
v 0.0826751 0.9760000 0.0440000
v 0.0890000 0.9760000 0.0381254
v 0.0825285 0.9870000 -0.0440000
v 0.0890000 0.9870000 -0.0379950
v 0.0825285 0.9870000 0.0440000
v 0.0890000 0.9870000 0.0379950
v 0.0823224 0.9980000 -0.0440000
v 0.0890000 0.9980000 -0.0378121
v 0.0823224 0.9980000 0.0440000
v 0.0890000 0.9980000 0.0378121
v 0.0820693 1.0089999 -0.0440000
v 0.0890000 1.0089999 -0.0375884
v 0.0820693 1.0089999 0.0440000
v 0.0890000 1.0089999 0.0375884
v 0.0817815 1.0200000 -0.0440000
v 0.0890000 1.0200000 -0.0373349
v 0.0817815 1.0200000 0.0440000
v 0.0890000 1.0200000 0.0373349
v 0.0814709 1.0310000 -0.0440000
v 0.0890000 1.0310000 -0.0370624
v 0.0814709 1.0310000 0.0440000
v 0.0890000 1.0310000 0.0370625
v 0.0811497 1.0420001 -0.0440000
v 0.0890000 1.0420001 -0.0367819
v 0.0811497 1.0420001 0.0440000
v 0.0890000 1.0420001 0.0367819
v 0.0808301 1.0530000 -0.0440000
v 0.0890000 1.0530000 -0.0365041
v 0.0808301 1.0530000 0.0440000
v 0.0890000 1.0530000 0.0365041
v 0.0805243 1.0640000 -0.0440000
v 0.0890000 1.0640000 -0.0362395
v 0.0805243 1.0640000 0.0440000
v 0.0890000 1.0640000 0.0362395
v 0.0802449 1.0750000 -0.0440000
v 0.0890000 1.0750000 -0.0359987
v 0.0802449 1.0750000 0.0440000
v 0.0890000 1.0750000 0.0359987
v 0.0800044 1.0860000 -0.0440000
v 0.0890000 1.0860000 -0.0357922
v 0.0800044 1.0860000 0.0440000
v 0.0890000 1.0860000 0.0357922
v 0.0798152 1.0970000 -0.0440000
v 0.0890000 1.0970000 -0.0356303
v 0.0798152 1.0970000 0.0440000
v 0.0890000 1.0970000 0.0356303
v 0.0796900 1.1080000 -0.0440000
v 0.0890000 1.1080000 -0.0355233
v 0.0796900 1.1080000 0.0440000
v 0.0890000 1.1080000 0.0355233
v 0.0796517 1.1190000 -0.0440000
v 0.0890000 1.1190000 -0.0354903
v 0.0796517 1.1190000 0.0440000
v 0.0890000 1.1190000 0.0354903
v 0.0797777 1.1300000 -0.0440000
v 0.0890000 1.1300000 -0.0355943
v 0.0797777 1.1300000 0.0440000
v 0.0890000 1.1300000 0.0355943
v 0.0801446 1.1410000 -0.0440000
v 0.0890000 1.1410000 -0.0359018
v 0.0801446 1.1410000 0.0440000
v 0.0890000 1.1410000 0.0359018
v 0.0807978 1.1520000 -0.0440000
v 0.0890000 1.1520000 -0.0364833
v 0.0807978 1.1520000 0.0440000
v 0.0890000 1.1520000 0.0364833
v 0.0819983 1.1630000 -0.0440000
v 0.0890000 1.1630000 -0.0377611
v 0.0819983 1.1630000 0.0440000
v 0.0890000 1.1630000 0.0377611
v 0.0838004 1.1740000 -0.0440000
v 0.0890000 1.1740000 -0.0398829
v 0.0838004 1.1740000 0.0440000
v 0.0890000 1.1740000 0.0398829
v 0.0855414 1.1850001 -0.0440000
v 0.0890000 1.1850001 -0.0414693
v 0.0855414 1.1850001 0.0440000
v 0.0890000 1.1850001 0.0414693
v 0.0872254 1.1960000 -0.0440000
v 0.0890000 1.1960000 -0.0427289
v 0.0872254 1.1960000 0.0440000
v 0.0890000 1.1960000 0.0427289
v 0.0890000 1.2062030 -0.0440000
v 0.0890000 1.2070000 -0.0440843
v 0.0890000 1.2062030 0.0440000
v 0.0890000 1.2070000 0.0440843
v 0.0890000 1.2180001 -0.0453429
v 0.0890000 1.2180001 0.0453430
v 0.0890000 1.2290000 -0.0466122
v 0.0890000 1.2290000 0.0466122
v 0.0890000 1.2400000 -0.0478503
v 0.0890000 1.2400000 0.0478503
v 0.0890000 1.2510000 -0.0490444
v 0.0890000 1.2510000 0.0490444
v 0.0783183 1.2620000 -0.0550000
v 0.0890000 1.2620000 -0.0501842
v 0.0783183 1.2620000 0.0550000
v 0.0890000 1.2620000 0.0501842
v 0.0802770 1.2730000 -0.0550000
v 0.0890000 1.2730000 -0.0512480
v 0.0802770 1.2730000 0.0550000
v 0.0890000 1.2730000 0.0512480
v 0.0823642 1.2840000 -0.0550000
v 0.0890000 1.2840000 -0.0523006
v 0.0823642 1.2840000 0.0550000
v 0.0890000 1.2840000 0.0523006
v 0.0853779 1.2950000 -0.0550000
v 0.0890000 1.2950000 -0.0536155
v 0.0853779 1.2950000 0.0550000
v 0.0890000 1.2950000 0.0536156
v 0.0890000 1.3054880 -0.0550000
v 0.0890000 1.3060000 -0.0550605
v 0.0890000 1.3054879 0.0550000
v 0.0890000 1.3060000 0.0550605
v 0.0890000 1.3170000 -0.0561837
v 0.0890000 1.3170000 0.0561837
v 0.0890000 1.3280001 -0.0567837
v 0.0890000 1.3280001 0.0567837
v 0.0890000 1.3390000 -0.0567191
v 0.0890000 1.3390000 0.0567191
v 0.0890000 1.3490700 -0.0550000
v 0.0885964 1.3500000 -0.0550000
v 0.0890000 1.3500000 -0.0548247
v 0.0885965 1.3500000 0.0550000
v 0.0890000 1.3500000 0.0548247
v 0.0890000 1.3490701 0.0550000
v 0.0890000 1.3610001 -0.0471000
v 0.0890000 1.3610001 0.0471000
v 0.0890000 1.3638408 -0.0440000
v 0.0890000 1.3720000 -0.0331618
v 0.0890000 1.3720000 0.0331618
v 0.0890000 1.3638408 0.0440000
v 0.0890000 1.3720880 -0.0330000
v 0.0890000 1.3765454 -0.0220000
v 0.0890000 1.3791392 -0.0110000
v 0.0786034 1.3830000 -0.0110000
v 0.0890000 1.3799701 -0.0000000
v 0.0810938 1.3830000 -0.0000000
v 0.0890000 1.3791392 0.0110000
v 0.0786034 1.3830000 0.0110000
v 0.0890000 1.3765454 0.0220000
v 0.0890000 1.3720880 0.0330000
v 0.0930894 0.9430000 -0.0220000
v 0.0985321 0.9430000 -0.0110000
v 0.1000000 0.9430000 -0.0055658
v 0.1000000 0.9425558 -0.0000000
v 0.0985321 0.9430000 0.0110000
v 0.1000000 0.9430000 0.0055658
v 0.0930894 0.9430000 0.0220000
v 0.0927757 0.9540000 -0.0330000
v 0.1000000 0.9540000 -0.0222768
v 0.1000000 0.9535359 -0.0220000
v 0.1000000 0.9442210 -0.0110000
v 0.1000000 0.9442210 0.0110000
v 0.1000000 0.9535359 0.0220000
v 0.0927757 0.9540000 0.0330000
v 0.1000000 0.9540000 0.0222767
v 0.0938405 0.9650000 -0.0330000
v 0.1000000 0.9650000 -0.0237720
v 0.0938405 0.9650000 0.0330000
v 0.1000000 0.9650000 0.0237720
v 0.0938750 0.9760000 -0.0330000
v 0.1000000 0.9760000 -0.0238254
v 0.0938750 0.9760000 0.0330000
v 0.1000000 0.9760000 0.0238254
v 0.0937553 0.9870000 -0.0330000
v 0.1000000 0.9870000 -0.0236550
v 0.0937552 0.9870000 0.0330000
v 0.1000000 0.9870000 0.0236550
v 0.0935869 0.9980000 -0.0330000
v 0.1000000 0.9980000 -0.0234160
v 0.0935869 0.9980000 0.0330000
v 0.1000000 0.9980000 0.0234160
v 0.0933804 1.0089999 -0.0330000
v 0.1000000 1.0089999 -0.0231237
v 0.0933804 1.0089999 0.0330000
v 0.1000000 1.0089999 0.0231237
v 0.0931456 1.0200000 -0.0330000
v 0.1000000 1.0200000 -0.0227928
v 0.0931456 1.0200000 0.0330000
v 0.1000000 1.0200000 0.0227928
v 0.0928925 1.0310000 -0.0330000
v 0.1000000 1.0310000 -0.0224374
v 0.0928924 1.0310000 0.0330000
v 0.1000000 1.0310000 0.0224374
v 0.0926308 1.0420001 -0.0330000
v 0.1000000 1.0420001 -0.0220718
v 0.0926308 1.0420001 0.0330000
v 0.1000000 1.0420001 0.0220718
v 0.0923707 1.0530000 -0.0330000
v 0.1000000 1.0441806 -0.0220000
v 0.0998164 1.0530000 -0.0220000
v 0.1000000 1.0530000 -0.0215398
v 0.0998164 1.0530000 0.0220000
v 0.1000000 1.0530000 0.0215398
v 0.1000000 1.0441806 0.0220000
v 0.0923707 1.0530000 0.0330000
v 0.0921220 1.0640000 -0.0330000
v 0.0995977 1.0640000 -0.0220000
v 0.1000000 1.0640000 -0.0209937
v 0.0995977 1.0640000 0.0220000
v 0.1000000 1.0640000 0.0209937
v 0.0921220 1.0640000 0.0330000
v 0.0918950 1.0750000 -0.0330000
v 0.0993982 1.0750000 -0.0220000
v 0.1000000 1.0750000 -0.0204972
v 0.0993982 1.0750000 0.0220000
v 0.1000000 1.0750000 0.0204972
v 0.0918950 1.0750000 0.0330000
v 0.0916996 1.0860000 -0.0330000
v 0.0992265 1.0860000 -0.0220000
v 0.1000000 1.0860000 -0.0200716
v 0.0992265 1.0860000 0.0220000
v 0.1000000 1.0860000 0.0200716
v 0.0916996 1.0860000 0.0330000
v 0.0915461 1.0970000 -0.0330000
v 0.0990916 1.0970000 -0.0220000
v 0.1000000 1.0970000 -0.0197382
v 0.0990916 1.0970000 0.0220000
v 0.1000000 1.0970000 0.0197382
v 0.0915460 1.0970000 0.0330000
v 0.0914445 1.1080000 -0.0330000
v 0.0990024 1.1080000 -0.0220000
v 0.1000000 1.1080000 -0.0195182
v 0.0990024 1.1080000 0.0220000
v 0.1000000 1.1080000 0.0195182
v 0.0914445 1.1080000 0.0330000
v 0.0914129 1.1190000 -0.0330000
v 0.0989743 1.1190000 -0.0220000
v 0.1000000 1.1190000 -0.0194487
v 0.0989743 1.1190000 0.0220000
v 0.1000000 1.1190000 0.0194487
v 0.0914129 1.1190000 0.0330000
v 0.0915108 1.1300000 -0.0330000
v 0.0990571 1.1300000 -0.0220000
v 0.1000000 1.1300000 -0.0196517
v 0.0990571 1.1300000 0.0220000
v 0.1000000 1.1300000 0.0196517
v 0.0915108 1.1300000 0.0330000
v 0.0917992 1.1410000 -0.0330000
v 0.0993018 1.1410000 -0.0220000
v 0.1000000 1.1410000 -0.0202552
v 0.0993018 1.1410000 0.0220000
v 0.1000000 1.1410000 0.0202552
v 0.0917992 1.1410000 0.0330000
v 0.0923476 1.1520000 -0.0330000
v 0.0997604 1.1520000 -0.0220000
v 0.1000000 1.1520000 -0.0213963
v 0.0997604 1.1520000 0.0220000
v 0.1000000 1.1520000 0.0213963
v 0.0923476 1.1520000 0.0330000
v 0.0937015 1.1630000 -0.0330000
v 0.1000000 1.1630000 -0.0235300
v 0.1000000 1.1543552 -0.0220000
v 0.1000000 1.1543552 0.0220000
v 0.0937015 1.1630000 0.0330000
v 0.1000000 1.1630000 0.0235300
v 0.0972661 1.1740000 -0.0330000
v 0.1000000 1.1740000 -0.0291821
v 0.0972661 1.1740000 0.0330000
v 0.1000000 1.1740000 0.0291821
v 0.1000000 1.1791298 -0.0330000
v 0.1000000 1.1850001 -0.0358444
v 0.1000000 1.1791298 0.0330000
v 0.1000000 1.1850001 0.0358444
v 0.1000000 1.1960000 -0.0383644
v 0.1000000 1.1960000 0.0383644
v 0.0892718 1.2070000 -0.0440000
v 0.1000000 1.2070000 -0.0400493
v 0.0892718 1.2070000 0.0440000
v 0.1000000 1.2070000 0.0400493
v 0.0935579 1.2180001 -0.0440000
v 0.1000000 1.2180001 -0.0417614
v 0.0935579 1.2180001 0.0440000
v 0.1000000 1.2180001 0.0417614
v 0.0983281 1.2290000 -0.0440000
v 0.1000000 1.2290000 -0.0434509
v 0.0983281 1.2290000 0.0440000
v 0.1000000 1.2290000 0.0434509
v 0.1000000 1.2327223 -0.0440000
v 0.1000000 1.2400000 -0.0449152
v 0.1000000 1.2327223 0.0440000
v 0.1000000 1.2400000 0.0449152
v 0.1000000 1.2510000 -0.0462497
v 0.1000000 1.2510000 0.0462497
v 0.1000000 1.2620000 -0.0475424
v 0.1000000 1.2620000 0.0475423
v 0.1000000 1.2730000 -0.0487737
v 0.1000000 1.2730000 0.0487737
v 0.1000000 1.2840000 -0.0499985
v 0.1000000 1.2840000 0.0499984
v 0.1000000 1.2950000 -0.0514569
v 0.1000000 1.2950000 0.0514569
v 0.0893568 1.3060000 -0.0550000
v 0.1000000 1.3060000 -0.0530127
v 0.0893569 1.3060000 0.0550000
v 0.1000000 1.3060000 0.0530127
v 0.0960189 1.3170000 -0.0550000
v 0.1000000 1.3170000 -0.0542598
v 0.0960189 1.3170000 0.0550000
v 0.1000000 1.3170000 0.0542599
v 0.0986470 1.3280001 -0.0550000
v 0.1000000 1.3280001 -0.0547220
v 0.0986470 1.3280001 0.0550000
v 0.1000000 1.3280001 0.0547220
v 0.0969537 1.3390000 -0.0550000
v 0.1000000 1.3390000 -0.0542587
v 0.0969538 1.3390000 0.0550000
v 0.1000000 1.3390000 0.0542587
v 0.1000000 1.3500000 -0.0515576
v 0.1000000 1.3500000 0.0515576
v 0.1000000 1.3592298 -0.0440000
v 0.0965612 1.3610001 -0.0440000
v 0.1000000 1.3610001 -0.0422534
v 0.0965612 1.3610001 0.0440000
v 0.1000000 1.3610001 0.0422534
v 0.1000000 1.3592298 0.0440000
v 0.1000000 1.3679835 -0.0330000
v 0.0893300 1.3720000 -0.0330000
v 0.1000000 1.3720000 -0.0257205
v 0.0893300 1.3720000 0.0330000
v 0.1000000 1.3720000 0.0257205
v 0.1000000 1.3679835 0.0330000
v 0.1000000 1.3735597 -0.0220000
v 0.1000000 1.3762466 -0.0110000
v 0.1000000 1.3770452 -0.0000000
v 0.1000000 1.3762466 0.0110000
v 0.1000000 1.3735597 0.0220000
v 0.1006815 0.9430000 -0.0000000
v 0.1001709 0.9540000 -0.0220000
v 0.1042878 0.9540000 -0.0110000
v 0.1056399 0.9540000 -0.0000000
v 0.1042878 0.9540000 0.0110000
v 0.1001709 0.9540000 0.0220000
v 0.1010954 0.9650000 -0.0220000
v 0.1051924 0.9650000 -0.0110000
v 0.1065265 0.9650000 -0.0000000
v 0.1051924 0.9650000 0.0110000
v 0.1010954 0.9650000 0.0220000
v 0.1011287 0.9760000 -0.0220000
v 0.1052260 0.9760000 -0.0110000
v 0.1065600 0.9760000 -0.0000000
v 0.1052260 0.9760000 0.0110000
v 0.1011287 0.9760000 0.0220000
v 0.1010243 0.9870000 -0.0220000
v 0.1051290 0.9870000 -0.0110000
v 0.1064654 0.9870000 -0.0000000
v 0.1051290 0.9870000 0.0110000
v 0.1010243 0.9870000 0.0220000
v 0.1008775 0.9980000 -0.0220000
v 0.1049925 0.9980000 -0.0110000
v 0.1063323 0.9980000 -0.0000000
v 0.1049925 0.9980000 0.0110000
v 0.1008775 0.9980000 0.0220000
v 0.1006975 1.0089999 -0.0220000
v 0.1048253 1.0089999 -0.0110000
v 0.1061692 1.0089999 -0.0000000
v 0.1048253 1.0089999 0.0110000
v 0.1006975 1.0089999 0.0220000
v 0.1004929 1.0200000 -0.0220000
v 0.1046352 1.0200000 -0.0110000
v 0.1059840 1.0200000 -0.0000000
v 0.1046352 1.0200000 0.0110000
v 0.1004929 1.0200000 0.0220000
v 0.1002725 1.0310000 -0.0220000
v 0.1044305 1.0310000 -0.0110000
v 0.1057845 1.0310000 -0.0000000
v 0.1044305 1.0310000 0.0110000
v 0.1002725 1.0310000 0.0220000
v 0.1000448 1.0420001 -0.0220000
v 0.1042192 1.0420001 -0.0110000
v 0.1055786 1.0420001 -0.0000000
v 0.1042192 1.0420001 0.0110000
v 0.1000448 1.0420001 0.0220000
v 0.1040093 1.0530000 -0.0110000
v 0.1053740 1.0530000 -0.0000000
v 0.1040093 1.0530000 0.0110000
v 0.1038089 1.0640000 -0.0110000
v 0.1051788 1.0640000 -0.0000000
v 0.1038089 1.0640000 0.0110000
v 0.1036260 1.0750000 -0.0110000
v 0.1050007 1.0750000 -0.0000000
v 0.1036260 1.0750000 0.0110000
v 0.1034688 1.0860000 -0.0110000
v 0.1048475 1.0860000 -0.0000000
v 0.1034688 1.0860000 0.0110000
v 0.1033453 1.0970000 -0.0110000
v 0.1047273 1.0970000 -0.0000000
v 0.1033453 1.0970000 0.0110000
v 0.1032637 1.1080000 -0.0110000
v 0.1046477 1.1080000 -0.0000000
v 0.1032637 1.1080000 0.0110000
v 0.1032377 1.1190000 -0.0110000
v 0.1046223 1.1190000 -0.0000000
v 0.1032377 1.1190000 0.0110000
v 0.1033116 1.1300000 -0.0110000
v 0.1046936 1.1300000 -0.0000000
v 0.1033116 1.1300000 0.0110000
v 0.1035327 1.1410000 -0.0110000
v 0.1049076 1.1410000 -0.0000000
v 0.1035327 1.1410000 0.0110000
v 0.1039674 1.1520000 -0.0110000
v 0.1053306 1.1520000 -0.0000000
v 0.1039674 1.1520000 0.0110000
v 0.1009626 1.1630000 -0.0220000
v 0.1051405 1.1630000 -0.0110000
v 0.1064757 1.1630000 -0.0000000
v 0.1051405 1.1630000 0.0110000
v 0.1009626 1.1630000 0.0220000
v 0.1046711 1.1740000 -0.0220000
v 0.1086200 1.1740000 -0.0110000
v 0.1098655 1.1740000 -0.0000000
v 0.1086200 1.1740000 0.0110000
v 0.1046711 1.1740000 0.0220000
v 0.1049017 1.1850001 -0.0330000
v 0.1110000 1.1850001 -0.0255632
v 0.1110000 1.1826776 -0.0220000
v 0.1110000 1.1777754 -0.0110000
v 0.1110000 1.1758963 -0.0000000
v 0.1110000 1.1777754 0.0110000
v 0.1110000 1.1826776 0.0220000
v 0.1049017 1.1850001 0.0330000
v 0.1110000 1.1850001 0.0255632
v 0.1110000 1.1900195 -0.0330000
v 0.1110000 1.1960000 -0.0370518
v 0.1110000 1.1900195 0.0330000
v 0.1110000 1.1960000 0.0370518
v 0.1110000 1.2070000 -0.0398416
v 0.1110000 1.2070000 0.0398416
v 0.1110000 1.2180001 -0.0416322
v 0.1110000 1.2180001 0.0416322
v 0.1110000 1.2290000 -0.0432697
v 0.1110000 1.2290000 0.0432697
v 0.1110000 1.2342244 -0.0440000
v 0.1110000 1.2400000 -0.0447107
v 0.1110000 1.2342244 0.0440000
v 0.1110000 1.2400000 0.0447107
v 0.1110000 1.2510000 -0.0460101
v 0.1110000 1.2510000 0.0460101
v 0.1110000 1.2620000 -0.0472747
v 0.1110000 1.2620000 0.0472747
v 0.1110000 1.2730000 -0.0484866
v 0.1110000 1.2730000 0.0484866
v 0.1110000 1.2840000 -0.0496835
v 0.1110000 1.2840000 0.0496835
v 0.1110000 1.2950000 -0.0510534
v 0.1110000 1.2950000 0.0510534
v 0.1110000 1.3060000 -0.0524741
v 0.1110000 1.3060000 0.0524741
v 0.1110000 1.3170000 -0.0535411
v 0.1110000 1.3170000 0.0535411
v 0.1110000 1.3280001 -0.0537226
v 0.1110000 1.3280001 0.0537226
v 0.1110000 1.3390000 -0.0528829
v 0.1110000 1.3390000 0.0528829
v 0.1110000 1.3500000 -0.0497126
v 0.1110000 1.3500000 0.0497126
v 0.1110000 1.3565230 -0.0440000
v 0.1110000 1.3610001 -0.0392864
v 0.1110000 1.3610001 0.0392864
v 0.1110000 1.3565230 0.0440000
v 0.1110000 1.3660654 -0.0330000
v 0.1110000 1.3720000 -0.0223408
v 0.1110000 1.3720000 0.0223408
v 0.1110000 1.3660654 0.0330000
v 0.1110000 1.3721286 -0.0220000
v 0.1110000 1.3744303 -0.0110000
v 0.1110000 1.3750976 -0.0000000
v 0.1110000 1.3744303 0.0110000
v 0.1110000 1.3721286 0.0220000
v 0.1133113 1.1850001 -0.0220000
v 0.1171411 1.1850001 -0.0110000
v 0.1183264 1.1850001 -0.0000000
v 0.1171411 1.1850001 0.0110000
v 0.1133113 1.1850001 0.0220000
v 0.1220000 1.1943084 -0.0330000
v 0.1220000 1.1960000 -0.0353630
v 0.1220000 1.1906031 -0.0220000
v 0.1220000 1.1885206 -0.0110000
v 0.1220000 1.1877735 -0.0000000
v 0.1220000 1.1885206 0.0110000
v 0.1220000 1.1906031 0.0220000
v 0.1220000 1.1943084 0.0330000
v 0.1220000 1.1960000 0.0353630
v 0.1220000 1.2070000 -0.0417320
v 0.1220000 1.2070000 0.0417320
v 0.1220000 1.2180001 -0.0435808
v 0.1220000 1.2180001 0.0435808
v 0.1154005 1.2290000 -0.0440000
v 0.1220000 1.2213397 -0.0440000
v 0.1220000 1.2290000 -0.0448771
v 0.1220000 1.2213397 0.0440000
v 0.1154005 1.2290000 0.0440000
v 0.1220000 1.2290000 0.0448771
v 0.1220000 1.2400000 -0.0460412
v 0.1220000 1.2400000 0.0460412
v 0.1220000 1.2510000 -0.0471472
v 0.1220000 1.2510000 0.0471472
v 0.1220000 1.2620000 -0.0482250
v 0.1220000 1.2620000 0.0482250
v 0.1220000 1.2730000 -0.0492571
v 0.1220000 1.2730000 0.0492571
v 0.1220000 1.2840000 -0.0502641
v 0.1220000 1.2840000 0.0502641
v 0.1220000 1.2950000 -0.0513816
v 0.1220000 1.2950000 0.0513816
v 0.1220000 1.3060000 -0.0525123
v 0.1220000 1.3060000 0.0525123
v 0.1220000 1.3170000 -0.0532835
v 0.1220000 1.3170000 0.0532835
v 0.1220000 1.3280001 -0.0531472
v 0.1220000 1.3280001 0.0531472
v 0.1220000 1.3390000 -0.0519656
v 0.1220000 1.3390000 0.0519656
v 0.1220000 1.3500000 -0.0484760
v 0.1220000 1.3500000 0.0484761
v 0.1220000 1.3550293 -0.0440000
v 0.1220000 1.3610001 -0.0377985
v 0.1220000 1.3610001 0.0377985
v 0.1220000 1.3550293 0.0440000
v 0.1220000 1.3651444 -0.0330000
v 0.1220000 1.3708258 -0.0220000
v 0.1122886 1.3720000 -0.0220000
v 0.1220000 1.3720000 -0.0153770
v 0.1122886 1.3720000 0.0220000
v 0.1220000 1.3720000 0.0153770
v 0.1220000 1.3708258 0.0220000
v 0.1220000 1.3651444 0.0330000
v 0.1220000 1.3725451 -0.0110000
v 0.1220000 1.3729112 -0.0000000
v 0.1220000 1.3725451 0.0110000
v 0.1283969 1.1960000 -0.0330000
v 0.1330000 1.1960000 -0.0270619
v 0.1330000 1.1951389 -0.0220000
v 0.1330000 1.1940022 -0.0110000
v 0.1330000 1.1935849 -0.0000000
v 0.1330000 1.1940022 0.0110000
v 0.1330000 1.1951389 0.0220000
v 0.1283969 1.1960000 0.0330000
v 0.1330000 1.1960000 0.0270619
v 0.1330000 1.1970278 -0.0330000
v 0.1330000 1.2070000 -0.0437623
v 0.1330000 1.1970278 0.0330000
v 0.1330000 1.2070000 0.0437623
v 0.1241241 1.2180001 -0.0440000
v 0.1330000 1.2081268 -0.0440000
v 0.1330000 1.2180001 -0.0454488
v 0.1330000 1.2081268 0.0440000
v 0.1241241 1.2180001 0.0440000
v 0.1330000 1.2180001 0.0454488
v 0.1330000 1.2290000 -0.0464565
v 0.1330000 1.2290000 0.0464565
v 0.1330000 1.2400000 -0.0473378
v 0.1330000 1.2400000 0.0473378
v 0.1330000 1.2510000 -0.0481669
v 0.1330000 1.2510000 0.0481669
v 0.1330000 1.2620000 -0.0489750
v 0.1330000 1.2620000 0.0489750
v 0.1330000 1.2730000 -0.0497443
v 0.1330000 1.2730000 0.0497443
v 0.1330000 1.2840000 -0.0504818
v 0.1330000 1.2840000 0.0504818
v 0.1330000 1.2950000 -0.0512812
v 0.1330000 1.2950000 0.0512812
v 0.1330000 1.3060000 -0.0520689
v 0.1330000 1.3060000 0.0520689
v 0.1330000 1.3170000 -0.0524983
v 0.1330000 1.3170000 0.0524983
v 0.1330000 1.3280001 -0.0519971
v 0.1330000 1.3280001 0.0519971
v 0.1330000 1.3390000 -0.0504073
v 0.1330000 1.3390000 0.0504074
v 0.1330000 1.3500000 -0.0464824
v 0.1330000 1.3500000 0.0464824
v 0.1330000 1.3527141 -0.0440000
v 0.1330000 1.3610001 -0.0353260
v 0.1330000 1.3610001 0.0353260
v 0.1330000 1.3527141 0.0440000
v 0.1330000 1.3630737 -0.0330000
v 0.1330000 1.3687481 -0.0220000
v 0.1330000 1.3701451 -0.0110000
v 0.1248667 1.3720000 -0.0110000
v 0.1330000 1.3704411 -0.0000000
v 0.1265440 1.3720000 -0.0000000
v 0.1330000 1.3701451 0.0110000
v 0.1248667 1.3720000 0.0110000
v 0.1330000 1.3687481 0.0220000
v 0.1330000 1.3630737 0.0330000
v 0.1361007 1.1960000 -0.0220000
v 0.1392447 1.1960000 -0.0110000
v 0.1402106 1.1960000 -0.0000000
v 0.1392447 1.1960000 0.0110000
v 0.1361007 1.1960000 0.0220000
v 0.1364701 1.2070000 -0.0440000
v 0.1440000 1.2062742 -0.0440000
v 0.1440000 1.2070000 -0.0443667
v 0.1440000 1.1989244 -0.0330000
v 0.1440000 1.1976912 -0.0220000
v 0.1440000 1.1971455 -0.0110000
v 0.1440000 1.1969515 -0.0000000
v 0.1440000 1.1971455 0.0110000
v 0.1440000 1.1976912 0.0220000
v 0.1440000 1.1989244 0.0330000
v 0.1364701 1.2070000 0.0440000
v 0.1440000 1.2062742 0.0440000
v 0.1440000 1.2070000 0.0443667
v 0.1440000 1.2180001 -0.0461379
v 0.1440000 1.2180001 0.0461379
v 0.1440000 1.2290000 -0.0468794
v 0.1440000 1.2290000 0.0468794
v 0.1440000 1.2400000 -0.0474576
v 0.1440000 1.2400000 0.0474576
v 0.1440000 1.2510000 -0.0479860
v 0.1440000 1.2510000 0.0479860
v 0.1440000 1.2620000 -0.0484973
v 0.1440000 1.2620000 0.0484973
v 0.1440000 1.2730000 -0.0489735
v 0.1440000 1.2730000 0.0489735
v 0.1440000 1.2840000 -0.0494117
v 0.1440000 1.2840000 0.0494117
v 0.1440000 1.2950000 -0.0498763
v 0.1440000 1.2950000 0.0498762
v 0.1440000 1.3060000 -0.0503107
v 0.1440000 1.3060000 0.0503107
v 0.1440000 1.3170000 -0.0503657
v 0.1440000 1.3170000 0.0503657
v 0.1440000 1.3280001 -0.0493882
v 0.1440000 1.3280001 0.0493882
v 0.1440000 1.3390000 -0.0471696
v 0.1440000 1.3390000 0.0471696
v 0.1440000 1.3464622 -0.0440000
v 0.1397012 1.3500000 -0.0440000
v 0.1440000 1.3500000 -0.0423043
v 0.1397012 1.3500000 0.0440000
v 0.1440000 1.3500000 0.0423043
v 0.1440000 1.3464622 0.0440000
v 0.1440000 1.3581355 -0.0330000
v 0.1373756 1.3610001 -0.0330000
v 0.1440000 1.3610001 -0.0286604
v 0.1373756 1.3610001 0.0330000
v 0.1440000 1.3610001 0.0286604
v 0.1440000 1.3581355 0.0330000
v 0.1440000 1.3650393 -0.0220000
v 0.1440000 1.3674508 -0.0110000
v 0.1440000 1.3679025 -0.0000000
v 0.1440000 1.3674508 0.0110000
v 0.1440000 1.3650393 0.0220000
v 0.1481408 1.2070000 -0.0440000
v 0.1550000 1.2070000 -0.0430861
v 0.1550000 1.2001334 -0.0330000
v 0.1550000 1.1990929 -0.0220000
v 0.1550000 1.1987852 -0.0110000
v 0.1550000 1.1986859 -0.0000000
v 0.1550000 1.1987852 0.0110000
v 0.1550000 1.1990929 0.0220000
v 0.1550000 1.2001334 0.0330000
v 0.1481408 1.2070000 0.0440000
v 0.1550000 1.2070000 0.0430861
v 0.1550000 1.2109281 -0.0440000
v 0.1550000 1.2180001 -0.0449672
v 0.1550000 1.2109281 0.0440000
v 0.1550000 1.2180001 0.0449672
v 0.1550000 1.2290000 -0.0454157
v 0.1550000 1.2290000 0.0454157
v 0.1550000 1.2400000 -0.0456883
v 0.1550000 1.2400000 0.0456883
v 0.1550000 1.2510000 -0.0459022
v 0.1550000 1.2510000 0.0459022
v 0.1550000 1.2620000 -0.0460948
v 0.1550000 1.2620000 0.0460948
v 0.1550000 1.2730000 -0.0462487
v 0.1550000 1.2730000 0.0462487
v 0.1550000 1.2840000 -0.0463546
v 0.1550000 1.2840000 0.0463546
v 0.1550000 1.2950000 -0.0464576
v 0.1550000 1.2950000 0.0464576
v 0.1550000 1.3060000 -0.0465154
v 0.1550000 1.3060000 0.0465154
v 0.1550000 1.3170000 -0.0461332
v 0.1550000 1.3170000 0.0461332
v 0.1550000 1.3280001 -0.0444887
v 0.1550000 1.3280001 0.0444887
v 0.1550000 1.3297853 -0.0440000
v 0.1500851 1.3390000 -0.0440000
v 0.1550000 1.3390000 -0.0411146
v 0.1500851 1.3390000 0.0440000
v 0.1550000 1.3390000 0.0411146
v 0.1550000 1.3297853 0.0440000
v 0.1550000 1.3500000 -0.0342145
v 0.1550000 1.3500000 0.0342145
v 0.1550000 1.3509021 -0.0330000
v 0.1550000 1.3572538 -0.0220000
v 0.1495474 1.3610001 -0.0220000
v 0.1550000 1.3608940 -0.0110000
v 0.1548248 1.3610001 -0.0110000
v 0.1550000 1.3610001 -0.0099935
v 0.1548248 1.3610001 0.0110000
v 0.1550000 1.3610001 0.0099935
v 0.1550000 1.3608940 0.0110000
v 0.1550000 1.3572538 0.0220000
v 0.1495474 1.3610001 0.0220000
v 0.1550000 1.3509021 0.0330000
v 0.1550000 1.3621794 -0.0000000
v 0.1660000 1.2014679 -0.0330000
v 0.1660000 1.2070000 -0.0393689
v 0.1660000 1.1999210 -0.0220000
v 0.1660000 1.1996392 -0.0110000
v 0.1660000 1.1995772 -0.0000000
v 0.1660000 1.1996392 0.0110000
v 0.1660000 1.1999210 0.0220000
v 0.1660000 1.2014679 0.0330000
v 0.1660000 1.2070000 0.0393689
v 0.1580296 1.2180001 -0.0440000
v 0.1660000 1.2180001 -0.0411988
v 0.1580296 1.2180001 0.0440000
v 0.1660000 1.2180001 0.0411988
v 0.1590619 1.2290000 -0.0440000
v 0.1660000 1.2290000 -0.0413893
v 0.1590619 1.2290000 0.0440000
v 0.1660000 1.2290000 0.0413893
v 0.1594805 1.2400000 -0.0440000
v 0.1660000 1.2400000 -0.0413354
v 0.1594805 1.2400000 0.0440000
v 0.1660000 1.2400000 0.0413354
v 0.1596737 1.2510000 -0.0440000
v 0.1660000 1.2510000 -0.0411895
v 0.1596737 1.2510000 0.0440000
v 0.1660000 1.2510000 0.0411895
v 0.1597808 1.2620000 -0.0440000
v 0.1660000 1.2620000 -0.0410040
v 0.1597808 1.2620000 0.0440000
v 0.1660000 1.2620000 0.0410040
v 0.1597857 1.2730000 -0.0440000
v 0.1660000 1.2730000 -0.0407627
v 0.1597857 1.2730000 0.0440000
v 0.1660000 1.2730000 0.0407627
v 0.1596873 1.2840000 -0.0440000
v 0.1660000 1.2840000 -0.0404494
v 0.1596873 1.2840000 0.0440000
v 0.1660000 1.2840000 0.0404494
v 0.1595802 1.2950000 -0.0440000
v 0.1660000 1.2950000 -0.0400981
v 0.1595802 1.2950000 0.0440000
v 0.1660000 1.2950000 0.0400981
v 0.1594045 1.3060000 -0.0440000
v 0.1660000 1.3060000 -0.0396778
v 0.1594045 1.3060000 0.0440000
v 0.1660000 1.3060000 0.0396778
v 0.1584934 1.3170000 -0.0440000
v 0.1660000 1.3170000 -0.0386597
v 0.1584934 1.3170000 0.0440000
v 0.1660000 1.3170000 0.0386597
v 0.1557288 1.3280001 -0.0440000
v 0.1660000 1.3280001 -0.0358035
v 0.1557288 1.3280001 0.0440000
v 0.1660000 1.3280001 0.0358035
v 0.1660000 1.3341343 -0.0330000
v 0.1637067 1.3390000 -0.0330000
v 0.1660000 1.3390000 -0.0300514
v 0.1637067 1.3390000 0.0330000
v 0.1660000 1.3390000 0.0300514
v 0.1660000 1.3341342 0.0330000
v 0.1561270 1.3500000 -0.0330000
v 0.1660000 1.3465923 -0.0220000
v 0.1636337 1.3500000 -0.0220000
v 0.1660000 1.3500000 -0.0158007
v 0.1636337 1.3500000 0.0220000
v 0.1660000 1.3500000 0.0158007
v 0.1660000 1.3465923 0.0220000
v 0.1561270 1.3500000 0.0330000
v 0.1660000 1.3514432 -0.0110000
v 0.1660000 1.3525773 -0.0000000
v 0.1562036 1.3610001 -0.0000000
v 0.1660000 1.3514432 0.0110000
v 0.1763366 1.2070000 -0.0330000
v 0.1770000 1.2070000 -0.0323674
v 0.1770000 1.2014091 -0.0220000
v 0.1770000 1.2004712 -0.0110000
v 0.1770000 1.2002828 -0.0000000
v 0.1770000 1.2004712 0.0110000
v 0.1770000 1.2014091 0.0220000
v 0.1763366 1.2070000 0.0330000
v 0.1770000 1.2070000 0.0323674
v 0.1770000 1.2101983 -0.0330000
v 0.1770000 1.2180001 -0.0338513
v 0.1770000 1.2101984 0.0330000
v 0.1770000 1.2180001 0.0338513
v 0.1770000 1.2290000 -0.0336534
v 0.1770000 1.2290000 0.0336534
v 0.1770000 1.2400000 -0.0331996
v 0.1770000 1.2400000 0.0331996
v 0.1770000 1.2437347 -0.0330000
v 0.1765535 1.2510000 -0.0330000
v 0.1770000 1.2510000 -0.0325271
v 0.1765535 1.2510000 0.0330000
v 0.1770000 1.2510000 0.0325271
v 0.1770000 1.2437347 0.0330000
v 0.1758512 1.2620000 -0.0330000
v 0.1770000 1.2620000 -0.0317188
v 0.1758512 1.2620000 0.0330000
v 0.1770000 1.2620000 0.0317188
v 0.1751210 1.2730000 -0.0330000
v 0.1770000 1.2730000 -0.0307961
v 0.1751210 1.2730000 0.0330000
v 0.1770000 1.2730000 0.0307961
v 0.1743547 1.2840000 -0.0330000
v 0.1770000 1.2840000 -0.0297400
v 0.1743547 1.2840000 0.0330000
v 0.1770000 1.2840000 0.0297400
v 0.1735984 1.2950000 -0.0330000
v 0.1770000 1.2950000 -0.0285877
v 0.1735983 1.2950000 0.0330000
v 0.1770000 1.2950000 0.0285877
v 0.1728377 1.3060000 -0.0330000
v 0.1770000 1.3060000 -0.0273091
v 0.1728377 1.3060000 0.0330000
v 0.1770000 1.3060000 0.0273091
v 0.1715101 1.3170000 -0.0330000
v 0.1770000 1.3170000 -0.0250208
v 0.1715101 1.3170000 0.0330000
v 0.1770000 1.3170000 0.0250208
v 0.1685247 1.3280001 -0.0330000
v 0.1770000 1.3232315 -0.0220000
v 0.1756118 1.3280001 -0.0220000
v 0.1770000 1.3280001 -0.0181987
v 0.1756118 1.3280001 0.0220000
v 0.1770000 1.3280001 0.0181987
v 0.1770000 1.3232315 0.0220000
v 0.1685247 1.3280001 0.0330000
v 0.1708539 1.3390000 -0.0220000
v 0.1770000 1.3335744 -0.0110000
v 0.1746301 1.3390000 -0.0110000
v 0.1770000 1.3362838 -0.0000000
v 0.1758115 1.3390000 -0.0000000
v 0.1770000 1.3335744 0.0110000
v 0.1746301 1.3390000 0.0110000
v 0.1708539 1.3390000 0.0220000
v 0.1675860 1.3500000 -0.0110000
v 0.1688088 1.3500000 -0.0000000
v 0.1675860 1.3500000 0.0110000
v 0.1846092 1.2070000 -0.0220000
v 0.1880000 1.2070000 -0.0151554
v 0.1880000 1.2049147 -0.0110000
v 0.1880000 1.2034771 -0.0000000
v 0.1880000 1.2049147 0.0110000
v 0.1846092 1.2070000 0.0220000
v 0.1880000 1.2070000 0.0151554
v 0.1778885 1.2180001 -0.0330000
v 0.1861535 1.2180001 -0.0220000
v 0.1880000 1.2180001 -0.0177387
v 0.1861535 1.2180001 0.0220000
v 0.1880000 1.2180001 0.0177387
v 0.1778885 1.2180001 0.0330000
v 0.1776629 1.2290000 -0.0330000
v 0.1857915 1.2290000 -0.0220000
v 0.1880000 1.2290000 -0.0166189
v 0.1857915 1.2290000 0.0220000
v 0.1880000 1.2290000 0.0166189
v 0.1776629 1.2290000 0.0330000
v 0.1771962 1.2400000 -0.0330000
v 0.1851388 1.2400000 -0.0220000
v 0.1880000 1.2400000 -0.0147768
v 0.1851388 1.2400000 0.0220000
v 0.1880000 1.2400000 0.0147768
v 0.1771962 1.2400000 0.0330000
v 0.1843735 1.2510000 -0.0220000
v 0.1880000 1.2510000 -0.0125056
v 0.1843735 1.2510000 0.0220000
v 0.1880000 1.2510000 0.0125056
v 0.1835774 1.2620000 -0.0220000
v 0.1880000 1.2576495 -0.0110000
v 0.1876595 1.2620000 -0.0110000
v 0.1880000 1.2620000 -0.0081091
v 0.1876595 1.2620000 0.0110000
v 0.1880000 1.2620000 0.0081091
v 0.1880000 1.2576495 0.0110000
v 0.1835774 1.2620000 0.0220000
v 0.1827516 1.2730000 -0.0220000
v 0.1867684 1.2730000 -0.0110000
v 0.1880000 1.2730000 -0.0001801
v 0.1867684 1.2730000 0.0110000
v 0.1880000 1.2730000 0.0001801
v 0.1827516 1.2730000 0.0220000
v 0.1818911 1.2840000 -0.0220000
v 0.1858445 1.2840000 -0.0110000
v 0.1880000 1.2732332 -0.0000000
v 0.1870840 1.2840000 -0.0000000
v 0.1858445 1.2840000 0.0110000
v 0.1818911 1.2840000 0.0220000
v 0.1810199 1.2950000 -0.0220000
v 0.1849091 1.2950000 -0.0110000
v 0.1861341 1.2950000 -0.0000000
v 0.1849091 1.2950000 0.0110000
v 0.1810199 1.2950000 0.0220000
v 0.1801303 1.3060000 -0.0220000
v 0.1839588 1.3060000 -0.0110000
v 0.1851707 1.3060000 -0.0000000
v 0.1839588 1.3060000 0.0110000
v 0.1801303 1.3060000 0.0220000
v 0.1787094 1.3170000 -0.0220000
v 0.1824815 1.3170000 -0.0110000
v 0.1836839 1.3170000 -0.0000000
v 0.1824815 1.3170000 0.0110000
v 0.1787094 1.3170000 0.0220000
v 0.1793680 1.3280001 -0.0110000
v 0.1805614 1.3280001 -0.0000000
v 0.1793680 1.3280001 0.0110000
v 0.1894275 1.2070000 -0.0110000
v 0.1907264 1.2070000 -0.0000000
v 0.1894275 1.2070000 0.0110000
v 0.1904576 1.2180001 -0.0110000
v 0.1917838 1.2180001 -0.0000000
v 0.1904576 1.2180001 0.0110000
v 0.1900216 1.2290000 -0.0110000
v 0.1913358 1.2290000 -0.0000000
v 0.1900216 1.2290000 0.0110000
v 0.1893231 1.2400000 -0.0110000
v 0.1906181 1.2400000 -0.0000000
v 0.1893231 1.2400000 0.0110000
v 0.1885121 1.2510000 -0.0110000
v 0.1897864 1.2510000 -0.0000000
v 0.1885121 1.2510000 0.0110000
v 0.1889184 1.2620000 -0.0000000
v 0.1880198 1.2730000 -0.0000000
vn -0.8779197 -0.3990225 -0.2646473
vn -0.5911868 -0.7800768 -0.2048865
vn -0.8096521 -0.3659706 -0.4588343
vn -0.9191100 -0.3940009 0.0000000
vn -0.4751621 -0.8798983 0.0000000
vn -0.8779196 -0.3990225 0.2646473
vn -0.5911868 -0.7800768 0.2048865
vn -0.8096521 -0.3659708 0.4588343
vn -0.8779323 -0.0178199 -0.4784531
vn -0.8669047 -0.1044216 -0.4874139
vn -0.8732383 -0.0178684 -0.4869658
vn -0.9695462 -0.0193446 -0.2441431
vn -0.9998876 -0.0149913 0.0000000
vn -0.9695462 -0.0193446 0.2441432
vn -0.8669047 -0.1044216 0.4874140
vn -0.8779322 -0.0178199 0.4784532
vn -0.8732382 -0.0178684 0.4869659
vn -0.8827652 0.0222664 -0.4692866
vn -0.8882558 0.0429148 -0.4573399
vn -0.9713459 0.0504444 -0.2322552
vn -0.9985750 0.0533668 0.0000000
vn -0.9713459 0.0504444 0.2322552
vn -0.8882558 0.0429148 0.4573401
vn -0.8827651 0.0222661 0.4692868
vn -0.9712940 0.0671924 -0.2281957
vn -0.9074537 0.0593556 -0.4159384
vn -0.9975213 0.0703646 0.0000000
vn -0.9712939 0.0671923 0.2281957
vn -0.9074537 0.0593556 0.4159385
vn -0.9715843 0.0738284 -0.2248850
vn -0.9274434 0.0677845 -0.3677689
vn -0.9970188 0.0771599 0.0000000
vn -0.9715843 0.0738284 0.2248851
vn -0.9274435 0.0677845 0.3677688
vn -0.9721329 0.0768257 -0.2214847
vn -0.9457827 0.0729970 -0.3164910
vn -0.9967843 0.0801319 0.0000000
vn -0.9721329 0.0768257 0.2214847
vn -0.9457827 0.0729970 0.3164911
vn -0.9726471 0.0798267 -0.2181407
vn -0.9616858 0.0781822 -0.2627699
vn -0.9965523 0.0829667 0.0000000
vn -0.9726471 0.0798268 0.2181407
vn -0.9616858 0.0781822 0.2627700
vn -0.9730835 0.0819319 -0.2153968
vn -0.9781524 0.0828888 -0.1906499
vn -0.9963638 0.0852008 0.0000000
vn -0.9781524 0.0828888 0.1906499
vn -0.9730835 0.0819319 0.2153968
vn -0.9962065 0.0870209 0.0000000
vn -0.9959527 0.0869140 -0.0228939
vn -0.9959527 0.0869140 0.0228939
vn -0.9959247 0.0901890 0.0000000
vn -0.6269704 -0.3759254 -0.6823403
vn -0.5776730 -0.4870773 -0.6550189
vn -0.6002187 -0.3802388 -0.7036732
vn -0.7900029 -0.3778003 -0.4828689
vn -0.2569367 -0.9483770 -0.1859154
vn -0.1295517 -0.9905983 -0.0439470
vn -0.0962233 -0.9953598 0.0000000
vn -0.1295517 -0.9905983 0.0439470
vn -0.7900027 -0.3778005 0.4828690
vn -0.2569367 -0.9483770 0.1859155
vn -0.6269704 -0.3759250 0.6823404
vn -0.5776732 -0.4870768 0.6550190
vn -0.6002188 -0.3802388 0.7036731
vn -0.6915917 -0.0380365 -0.7212865
vn -0.6353594 -0.0441979 -0.7709507
vn -0.6915914 -0.0380365 0.7212868
vn -0.6353594 -0.0441979 0.7709508
vn -0.6999263 0.0226985 -0.7138543
vn -0.6497289 0.0172635 -0.7599700
vn -0.8843209 0.0423068 -0.4649587
vn -0.8843209 0.0423068 0.4649588
vn -0.6999262 0.0226985 0.7138543
vn -0.6497289 0.0172635 0.7599699
vn -0.7087160 0.0362082 -0.7045641
vn -0.6688234 0.0313585 -0.7427596
vn -0.8858495 0.0569048 -0.4604700
vn -0.8858494 0.0569048 0.4604701
vn -0.7087159 0.0362082 0.7045642
vn -0.6688236 0.0313585 0.7427594
vn -0.7177511 0.0415765 -0.6950573
vn -0.6897144 0.0378083 -0.7230939
vn -0.8876281 0.0629962 -0.4562323
vn -0.8876280 0.0629962 0.4562325
vn -0.7177510 0.0415765 0.6950575
vn -0.6897144 0.0378083 0.7230937
vn -0.7271385 0.0446317 -0.6850384
vn -0.7109386 0.0422858 -0.7019816
vn -0.8897961 0.0659308 -0.4515705
vn -0.8897961 0.0659308 0.4515707
vn -0.7271384 0.0446317 0.6850385
vn -0.7109386 0.0422857 0.7019817
vn -0.7364260 0.0482660 -0.6747941
vn -0.7321093 0.0476112 -0.6795213
vn -0.8920039 0.0690162 -0.4467279
vn -0.8920038 0.0690162 0.4467281
vn -0.7364259 0.0482659 0.6747942
vn -0.7321093 0.0476112 0.6795213
vn -0.7395073 0.0491049 -0.6713552
vn -0.7559123 0.0520896 -0.6525974
vn -0.8942479 0.0712361 -0.4418666
vn -0.9731019 0.0823083 -0.2151695
vn -0.9731019 0.0823083 0.2151696
vn -0.8942478 0.0712361 0.4418667
vn -0.7559122 0.0520895 0.6525974
vn -0.7395071 0.0491049 0.6713554
vn -0.8967626 0.0726816 -0.4365023
vn -0.7807733 0.0558348 -0.6223146
vn -0.9733425 0.0836549 -0.2135561
vn -0.9733425 0.0836549 0.2135561
vn -0.8967625 0.0726816 0.4365024
vn -0.7807736 0.0558348 0.6223143
vn -0.8977462 0.0953615 -0.4300674
vn -0.8037809 0.0800225 -0.5895191
vn -0.9715644 0.1070183 -0.2112105
vn -0.9938586 0.1106577 0.0000000
vn -0.9715644 0.1070183 0.2112105
vn -0.8977461 0.0953615 0.4300676
vn -0.8037809 0.0800225 0.5895190
vn -0.8891179 0.1822957 -0.4198067
vn -0.8275347 0.1677041 -0.5357814
vn -0.9581072 0.1980741 -0.2068753
vn -0.9792061 0.2028681 0.0000000
vn -0.9581072 0.1980741 0.2068753
vn -0.8891178 0.1822957 0.4198068
vn -0.8275347 0.1677041 0.5357814
vn -0.8631908 0.3069708 -0.4008375
vn -0.8547003 0.3038879 -0.4208794
vn -0.9237550 0.3278026 -0.1980461
vn -0.9425514 0.3340612 0.0000000
vn -0.9237549 0.3278026 0.1980461
vn -0.8631908 0.3069707 0.4008376
vn -0.8547003 0.3038879 0.4208795
vn -0.8575056 0.3267939 -0.3973536
vn -0.8717695 0.4541290 -0.1838062
vn -0.8751275 0.4674884 -0.1249262
vn -0.8825889 0.4701455 0.0000000
vn -0.8751275 0.4674884 0.1249262
vn -0.8717695 0.4541290 0.1838062
vn -0.8575056 0.3267939 0.3973537
vn -0.8681560 0.4962913 0.0000000
vn -0.2037012 -0.9159301 -0.3458003
vn -0.3598427 -0.4243015 -0.8309522
vn -0.0939354 -0.9932205 -0.0684777
vn -0.0753237 -0.9970471 -0.0149515
vn -0.0720974 -0.9973977 0.0000000
vn -0.0753237 -0.9970471 0.0149515
vn -0.0939354 -0.9932205 0.0684777
vn -0.2037014 -0.9159299 0.3458007
vn -0.3598428 -0.4243016 0.8309519
vn -0.3907103 -0.0712645 -0.9177510
vn -0.3907105 -0.0712645 0.9177508
vn -0.4083043 -0.0102807 -0.9127880
vn -0.4083045 -0.0102807 0.9127879
vn -0.4310551 0.0025917 -0.9023219
vn -0.4310552 0.0025917 0.9023218
vn -0.4559163 0.0073187 -0.8899926
vn -0.4559164 0.0073187 0.8899925
vn -0.4813028 0.0105895 -0.8764904
vn -0.4813029 0.0105895 0.8764904
vn -0.5068879 0.0149422 -0.8618825
vn -0.5068880 0.0149422 0.8618824
vn -0.7431074 0.0504091 -0.6672708
vn -0.5328422 0.0183503 -0.8460157
vn -0.7431073 0.0504091 0.6672711
vn -0.5328423 0.0183503 0.8460156
vn -0.7493165 0.0513486 -0.6602182
vn -0.5593128 0.0214609 -0.8286788
vn -0.7493164 0.0513486 0.6602184
vn -0.5593129 0.0214609 0.8286788
vn -0.7550949 0.0720406 -0.6516454
vn -0.5853161 0.0430904 -0.8096594
vn -0.7550948 0.0720406 0.6516455
vn -0.5853162 0.0430904 0.8096593
vn -0.7526115 0.1506920 -0.6409898
vn -0.6154921 0.1186065 -0.7791675
vn -0.7526113 0.1506920 0.6409900
vn -0.6154923 0.1186065 0.7791674
vn -0.7345011 0.2643797 -0.6249892
vn -0.6602941 0.2390249 -0.7119542
vn -0.7345010 0.2643795 0.6249894
vn -0.6602942 0.2390249 0.7119542
vn -0.7009901 0.3936152 -0.5947098
vn -0.8102390 0.4427668 -0.3840187
vn -0.7023655 0.3980186 -0.5901389
vn -0.8666632 0.4640381 -0.1832037
vn -0.8666632 0.4640381 0.1832037
vn -0.8102390 0.4427667 0.3840188
vn -0.7023656 0.3980187 0.5901387
vn -0.7009901 0.3936152 0.5947100
vn -0.6933585 0.6362467 -0.3382960
vn -0.6927391 0.6438596 -0.3248959
vn -0.7326527 0.6603529 -0.1647848
vn -0.7462569 0.6656581 0.0000000
vn -0.7326527 0.6603529 0.1647848
vn -0.6927391 0.6438596 0.3248960
vn -0.6933585 0.6362467 0.3382961
vn -0.7126352 0.6814596 -0.1666248
vn -0.7191508 0.6948540 0.0000000
vn -0.7126352 0.6814596 0.1666248
vn -0.1127722 -0.9616219 -0.2501316
vn -0.1633387 -0.3998223 -0.9019217
vn -0.1112606 -0.9919438 -0.0605679
vn -0.1265050 -0.9917377 -0.0212816
vn -0.1334442 -0.9910563 0.0000000
vn -0.1265050 -0.9917377 0.0212816
vn -0.1112606 -0.9919438 0.0605679
vn -0.1127723 -0.9616218 0.2501320
vn -0.1633388 -0.3998224 0.9019216
vn -0.2669862 -0.0756471 -0.9607267
vn -0.1674406 -0.3261206 -0.9303811
vn -0.1756576 -0.0916858 -0.9801725
vn -0.1674406 -0.3261213 0.9303809
vn -0.2669864 -0.0756471 0.9607267
vn -0.1756577 -0.0916859 0.9801725
vn -0.3059500 -0.0215258 -0.9518042
vn -0.1947760 -0.0368704 -0.9801545
vn -0.3059501 -0.0215258 0.9518041
vn -0.1947760 -0.0368704 0.9801545
vn -0.3383161 -0.0098005 -0.9409815
vn -0.2196059 -0.0265404 -0.9752276
vn -0.3383162 -0.0098005 0.9409814
vn -0.2196060 -0.0265404 0.9752276
vn -0.3675809 -0.0051288 -0.9299775
vn -0.2457695 -0.0230745 -0.9690536
vn -0.3675810 -0.0051288 0.9299774
vn -0.2457696 -0.0230745 0.9690536
vn -0.3953381 -0.0018956 -0.9185337
vn -0.2720861 -0.0204455 -0.9620557
vn -0.3953382 -0.0018955 0.9185336
vn -0.2720863 -0.0204455 0.9620557
vn -0.4210469 0.0020751 -0.9070365
vn -0.2983757 -0.0167079 -0.9543023
vn -0.4210471 0.0020751 0.9070364
vn -0.2983758 -0.0167079 0.9543023
vn -0.4449812 0.0044283 -0.8955290
vn -0.3249791 -0.0146646 -0.9456075
vn -0.4449813 0.0044283 0.8955289
vn -0.3249792 -0.0146646 0.9456075
vn -0.4697103 0.0064291 -0.8827972
vn -0.3530498 -0.0128460 -0.9355163
vn -0.4697105 0.0064291 0.8827971
vn -0.3530499 -0.0128461 0.9355163
vn -0.4929792 0.0263138 -0.8696431
vn -0.3814479 0.0065651 -0.9243670
vn -0.4929793 0.0263138 0.8696430
vn -0.3814481 0.0065652 0.9243669
vn -0.5059958 0.0932566 -0.8574797
vn -0.4131355 0.0720063 -0.9078183
vn -0.5059960 0.0932567 0.8574796
vn -0.4131357 0.0720063 0.9078183
vn -0.4996984 0.1888244 -0.8453679
vn -0.4574782 0.1755035 -0.8717294
vn -0.4996985 0.1888244 0.8453678
vn -0.4574782 0.1755035 0.8717294
vn -0.4861561 0.2574438 -0.8350897
vn -0.6994278 0.3970127 -0.5942910
vn -0.5114941 0.3274091 -0.7944665
vn -0.6994275 0.3970127 0.5942912
vn -0.5114943 0.3274093 0.7944663
vn -0.4861564 0.2574444 0.8350894
vn -0.5729944 0.6126528 -0.5443656
vn -0.5311742 0.5989599 -0.5992504
vn -0.6880545 0.6426098 -0.3370958
vn -0.6880545 0.6426098 0.3370959
vn -0.5729943 0.6126528 0.5443658
vn -0.5311742 0.5989600 0.5992503
vn -0.5463298 0.6299491 -0.5519854
vn -0.5881248 0.7246876 -0.3590783
vn -0.5948822 0.7843197 -0.1759480
vn -0.5810757 0.7743453 -0.2504804
vn -0.6044198 0.7966660 0.0000000
vn -0.5948822 0.7843197 0.1759480
vn -0.5810756 0.7743453 0.2504805
vn -0.5881248 0.7246873 0.3590788
vn -0.5463298 0.6299490 0.5519855
vn -0.5678252 0.8036431 -0.1781356
vn -0.5452183 0.8382941 0.0000000
vn -0.5678252 0.8036431 0.1781357
vn -0.0916092 -0.3776374 -0.9214107
vn -0.0044451 -0.4069740 -0.9134290
vn 0.0019848 -0.3657370 -0.9307161
vn -0.1440270 -0.9561224 -0.2551199
vn -0.1922729 -0.9777847 -0.0834762
vn -0.2256045 -0.9734316 -0.0391605
vn -0.2382320 -0.9712083 0.0000000
vn -0.2256045 -0.9734316 0.0391605
vn -0.1922728 -0.9777847 0.0834762
vn -0.1440270 -0.9561223 0.2551203
vn -0.0916096 -0.3776375 0.9214107
vn -0.0044451 -0.4069740 0.9134289
vn 0.0019848 -0.3657370 0.9307161
vn 0.0028902 -0.1120472 -0.9936987
vn 0.0028902 -0.1120472 0.9936987
vn -0.0211254 -0.0640204 -0.9977250
vn -0.0211254 -0.0640205 0.9977250
vn -0.0472303 -0.0548046 -0.9973794
vn -0.0472304 -0.0548046 0.9973795
vn -0.0734169 -0.0517855 -0.9959559
vn -0.0734170 -0.0517856 0.9959559
vn -0.0993636 -0.0493681 -0.9938257
vn -0.0993636 -0.0493682 0.9938257
vn -0.1250110 -0.0460344 -0.9910868
vn -0.1250110 -0.0460344 0.9910868
vn -0.1510163 -0.0456307 -0.9874776
vn -0.1510164 -0.0456308 0.9874775
vn -0.1795264 -0.0457098 -0.9826906
vn -0.1795264 -0.0457098 0.9826906
vn -0.2091611 -0.0279673 -0.9774812
vn -0.2091612 -0.0279673 0.9774811
vn -0.2407475 0.0313951 -0.9700799
vn -0.2407475 0.0313951 0.9700798
vn -0.2806845 0.1241748 -0.9517336
vn -0.2806846 0.1241748 0.9517336
vn -0.4620901 0.3117476 -0.8302326
vn -0.3272340 0.2674258 -0.9063120
vn -0.4620903 0.3117476 0.8302324
vn -0.3272340 0.2674258 0.9063119
vn -0.3487935 0.5190169 -0.7803617
vn -0.3511462 0.5537107 -0.7550502
vn -0.3511463 0.5537108 0.7550501
vn -0.3487936 0.5190171 0.7803617
vn -0.3985978 0.7100000 -0.5805341
vn -0.5362243 0.7687815 -0.3484805
vn -0.4062216 0.7559714 -0.5133140
vn -0.5362242 0.7687814 0.3484806
vn -0.4062216 0.7559715 0.5133138
vn -0.3985978 0.7100000 0.5805342
vn -0.3819564 0.8741006 -0.3000959
vn -0.3001364 0.9490403 -0.0961286
vn -0.2677765 0.9634811 0.0000000
vn -0.3001364 0.9490403 0.0961287
vn -0.3819564 0.8741006 0.3000959
vn -0.2495119 -0.9627607 -0.1040944
vn -0.3126919 -0.9402140 -0.1349870
vn -0.2321607 -0.9404950 -0.2481343
vn -0.2583168 -0.9649718 -0.0458454
vn -0.3736448 -0.9248481 -0.0710317
vn -0.2613132 -0.9652541 0.0000000
vn -0.3956106 -0.9184183 0.0000000
vn -0.2583168 -0.9649718 0.0458454
vn -0.3736448 -0.9248481 0.0710317
vn -0.2495120 -0.9627607 0.1040945
vn -0.3126920 -0.9402140 0.1349871
vn -0.2321607 -0.9404950 0.2481342
vn 0.0628546 -0.3213136 -0.9448846
vn 0.1196705 -0.2852370 -0.9509568
vn -0.1989389 -0.9302866 -0.3082045
vn -0.1989387 -0.9302866 0.3082049
vn 0.0628547 -0.3213135 0.9448846
vn 0.1196705 -0.2852371 0.9509568
vn 0.1252730 -0.2293769 -0.9652424
vn 0.1270327 -0.1164656 -0.9850373
vn 0.1252730 -0.2293776 0.9652422
vn 0.1270326 -0.1164656 0.9850373
vn 0.1024612 -0.0897402 -0.9906808
vn 0.1024611 -0.0897402 0.9906808
vn 0.0765465 -0.0822697 -0.9936661
vn 0.0765466 -0.0822698 0.9936661
vn 0.0511727 -0.0789284 -0.9955661
vn 0.0511728 -0.0789284 0.9955661
vn 0.0264318 -0.0761279 -0.9967476
vn 0.0264318 -0.0761279 0.9967477
vn 0.0023229 -0.0728876 -0.9973375
vn 0.0023229 -0.0728876 0.9973375
vn -0.0222078 -0.0745009 -0.9969736
vn -0.0222077 -0.0745009 0.9969736
vn -0.0503969 -0.0771455 -0.9957452
vn -0.0503969 -0.0771455 0.9957452
vn -0.0803946 -0.0605295 -0.9949235
vn -0.0803946 -0.0605295 0.9949236
vn -0.1107525 -0.0037809 -0.9938408
vn -0.1107525 -0.0037809 0.9938408
vn -0.1443728 0.0835427 -0.9859904
vn -0.1443728 0.0835427 0.9859905
vn -0.1808310 0.2243156 -0.9575921
vn -0.1808310 0.2243156 0.9575921
vn -0.3236230 0.5488085 -0.7707641
vn -0.2006523 0.5251192 -0.8270360
vn -0.3236230 0.5488087 0.7707640
vn -0.2006523 0.5251192 0.8270359
vn -0.2073404 0.5846860 -0.7843165
vn -0.3264756 0.7437865 -0.5832628
vn -0.2165309 0.7403426 -0.6364018
vn -0.3264754 0.7437865 0.5832629
vn -0.2165309 0.7403426 0.6364017
vn -0.2073404 0.5846862 0.7843162
vn -0.2134508 0.7920992 -0.5718545
vn -0.1979565 0.9518175 -0.2342155
vn -0.2046315 0.9765967 -0.0662181
vn -0.2078926 0.9781517 0.0000000
vn -0.2046315 0.9765967 0.0662181
vn -0.1979564 0.9518173 0.2342156
vn -0.2134508 0.7920991 0.5718547
vn -0.2109265 -0.9152888 -0.3431563
vn -0.2674567 -0.8047239 -0.5299872
vn -0.1476352 -0.7179218 -0.6802883
vn -0.4851258 -0.8378635 -0.2502754
vn -0.5862365 -0.8003837 -0.1253506
vn -0.6218657 -0.7831239 0.0000000
vn -0.5862365 -0.8003837 0.1253506
vn -0.4851258 -0.8378635 0.2502755
vn -0.2109263 -0.9152887 0.3431567
vn -0.2674564 -0.8047237 0.5299875
vn -0.1476350 -0.7179217 0.6802884
vn 0.1578405 -0.2427785 -0.9571546
vn 0.1578407 -0.2427786 0.9571546
vn 0.1487938 -0.1247552 -0.9809671
vn 0.1670798 -0.1330627 -0.9769230
vn 0.1487939 -0.1247552 0.9809671
vn 0.1670798 -0.1330628 0.9769230
vn 0.1516567 -0.1214393 -0.9809448
vn 0.1428509 -0.1159952 -0.9829235
vn 0.1516568 -0.1214393 0.9809448
vn 0.1428510 -0.1159952 0.9829236
vn 0.1209078 -0.1084185 -0.9867253
vn 0.1209078 -0.1084185 0.9867252
vn 0.0995165 -0.1039620 -0.9895900
vn 0.0995165 -0.1039621 0.9895900
vn 0.0790453 -0.1000541 -0.9918372
vn 0.0790452 -0.1000542 0.9918372
vn 0.0594876 -0.0964562 -0.9935580
vn 0.0594876 -0.0964562 0.9935580
vn 0.0393645 -0.1004121 -0.9941669
vn 0.0393645 -0.1004121 0.9941669
vn 0.0143741 -0.1061467 -0.9942466
vn 0.0143741 -0.1061467 0.9942466
vn -0.0131887 -0.0902302 -0.9958335
vn -0.0131888 -0.0902302 0.9958335
vn -0.0408415 -0.0339496 -0.9985887
vn -0.0408414 -0.0339496 0.9985887
vn -0.0702495 0.0514790 -0.9962003
vn -0.0702495 0.0514790 0.9962003
vn -0.1008914 0.1940580 -0.9757881
vn -0.1008914 0.1940580 0.9757882
vn -0.1178829 0.5115245 -0.8511441
vn -0.1178830 0.5115246 0.8511441
vn -0.1215803 0.6228694 -0.7728208
vn -0.1143084 0.7422005 -0.6603575
vn -0.1143084 0.7422006 0.6603574
vn -0.1215803 0.6228696 0.7728206
vn -0.0962189 0.8195998 -0.5647991
vn -0.1242023 0.9553158 -0.2682268
vn -0.1893854 0.9788048 -0.0779392
vn -0.1486281 0.9698755 -0.1930058
vn -0.2035884 0.9790565 0.0000000
vn -0.1893854 0.9788048 0.0779393
vn -0.1486281 0.9698754 0.1930060
vn -0.1242023 0.9553157 0.2682269
vn -0.0962190 0.8195997 0.5647993
vn -0.1781937 0.9801372 -0.0870522
vn -0.1972048 0.9803623 0.0000000
vn -0.1781937 0.9801372 0.0870523
vn -0.8997436 -0.4364190 0.0000000
vn -0.9255248 -0.3786873 0.0000000
vn -0.8913131 -0.4346338 -0.1290516
vn -0.8913131 -0.4346338 0.1290516
vn -0.6266188 -0.7135851 -0.3132811
vn -0.7296714 -0.5766865 -0.3674404
vn -0.5967100 -0.6350881 -0.4905102
vn -0.6559372 -0.7411827 -0.1428095
vn -0.8694751 -0.4517131 -0.1999208
vn -0.6659721 -0.7459767 0.0000000
vn -0.8694751 -0.4517131 0.1999208
vn -0.6559372 -0.7411827 0.1428095
vn -0.6266188 -0.7135851 0.3132812
vn -0.7296713 -0.5766864 0.3674405
vn -0.5967099 -0.6350881 0.4905103
vn -0.4264941 -0.5770669 -0.6964887
vn -0.1274445 -0.3608567 -0.9238725
vn -0.4264939 -0.5770667 0.6964891
vn -0.1274443 -0.3608564 0.9238726
vn 0.0453957 -0.1820533 -0.9822402
vn 0.0453958 -0.1820534 0.9822402
vn 0.0576594 -0.1491856 -0.9871266
vn 0.0576594 -0.1491857 0.9871266
vn 0.1031609 -0.1242693 -0.9868713
vn 0.0449127 -0.1375145 -0.9894810
vn 0.1031610 -0.1242694 0.9868712
vn 0.0449125 -0.1375145 0.9894810
vn 0.0362414 -0.1317676 -0.9906179
vn 0.0323862 -0.1282691 -0.9912105
vn 0.0362414 -0.1317677 0.9906179
vn 0.0323861 -0.1282691 0.9912105
vn 0.0231187 -0.1223014 -0.9922237
vn 0.0231187 -0.1223014 0.9922237
vn 0.0147394 -0.1167049 -0.9930573
vn 0.0147395 -0.1167049 0.9930573
vn 0.0073143 -0.1123821 -0.9936382
vn 0.0073143 -0.1123821 0.9936382
vn -0.0007747 -0.1189793 -0.9928964
vn -0.0007746 -0.1189794 0.9928964
vn -0.0142646 -0.1282928 -0.9916337
vn -0.0142646 -0.1282928 0.9916337
vn -0.0313200 -0.1136661 -0.9930252
vn -0.0313201 -0.1136661 0.9930252
vn -0.0510369 -0.0591790 -0.9969419
vn -0.0510370 -0.0591790 0.9969419
vn -0.0772976 0.0226723 -0.9967502
vn -0.0772976 0.0226723 0.9967502
vn -0.1089698 0.1644287 -0.9803514
vn -0.1089698 0.1644287 0.9803514
vn -0.1324256 0.4908814 -0.8611033
vn -0.1324256 0.4908814 0.8611033
vn -0.1473862 0.6539487 -0.7420434
vn -0.1511102 0.7425708 -0.6524986
vn -0.1511102 0.7425708 0.6524984
vn -0.1473862 0.6539488 0.7420432
vn -0.1237645 0.8235798 -0.5535329
vn -0.1261523 0.9428785 -0.3083271
vn -0.1237764 0.9308792 -0.3437199
vn -0.1261523 0.9428785 0.3083273
vn -0.1237763 0.9308791 0.3437201
vn -0.1237646 0.8235795 0.5535333
vn -0.1257657 0.9369692 -0.3259935
vn -0.1752523 0.9755740 -0.1324463
vn -0.1935324 0.9810938 0.0000000
vn -0.1752523 0.9755740 0.1324464
vn -0.1257657 0.9369692 0.3259936
vn -0.5520986 -0.8145248 -0.1781478
vn -0.4744980 -0.8654913 -0.1605508
vn -0.5436645 -0.8056772 -0.2351877
vn -0.5527439 -0.8333512 0.0000000
vn -0.4087632 -0.9126405 0.0000000
vn -0.5520985 -0.8145247 0.1781478
vn -0.4744980 -0.8654913 0.1605508
vn -0.5436645 -0.8056772 0.2351878
vn -0.8667501 -0.2078185 -0.4533826
vn -0.7716734 -0.4591858 -0.4400779
vn -0.8349447 -0.2025968 -0.5116854
vn -0.9464274 -0.2185977 -0.2376764
vn -0.9745023 -0.2243776 0.0000000
vn -0.9464274 -0.2185977 0.2376765
vn -0.7716733 -0.4591858 0.4400780
vn -0.8667501 -0.2078185 0.4533826
vn -0.8349445 -0.2025967 0.5116856
vn -0.8925617 -0.0391711 -0.4492207
vn -0.8453911 -0.0379666 -0.5327969
vn -0.9712050 -0.0405030 -0.2347773
vn -0.9991469 -0.0412968 0.0000000
vn -0.9712050 -0.0405030 0.2347773
vn -0.8925616 -0.0391711 0.4492208
vn -0.8453910 -0.0379666 0.5327969
vn -0.8935533 0.0028920 -0.4489477
vn -0.8458185 0.0029707 -0.5334626
vn -0.9721166 0.0028073 -0.2344811
vn -0.9999962 0.0027797 0.0000000
vn -0.9721166 0.0028073 0.2344812
vn -0.8935533 0.0028920 0.4489478
vn -0.8458185 0.0029707 0.5334625
vn -0.8931710 0.0102520 -0.4496005
vn -0.8470908 0.0102714 -0.5313489
vn -0.9719709 0.0103198 -0.2348745
vn -0.9999465 0.0103478 0.0000000
vn -0.9719709 0.0103198 0.2348745
vn -0.8931709 0.0102519 0.4496007
vn -0.8470908 0.0102714 0.5313489
vn -0.8926576 0.0133301 -0.4505382
vn -0.8488963 0.0133560 -0.5283908
vn -0.9717961 0.0134199 -0.2354408
vn -0.9999095 0.0134569 0.0000000
vn -0.9717960 0.0134199 0.2354408
vn -0.8926576 0.0133301 0.4505384
vn -0.8488961 0.0133560 0.5283909
vn -0.8920349 0.0156764 -0.4516947
vn -0.8511063 0.0157083 -0.5247582
vn -0.9715909 0.0157831 -0.2361396
vn -0.9998747 0.0158270 0.0000000
vn -0.9715909 0.0157831 0.2361397
vn -0.8920348 0.0156765 0.4516948
vn -0.8511063 0.0157083 0.5247584
vn -0.8913337 0.0173157 -0.4530171
vn -0.8536109 0.0173520 -0.5206220
vn -0.9713680 0.0174346 -0.2369393
vn -0.9998471 0.0174837 0.0000000
vn -0.9713680 0.0174346 0.2369393
vn -0.8913336 0.0173157 0.4530172
vn -0.8536109 0.0173520 0.5206222
vn -0.8905845 0.0182478 -0.4544516
vn -0.8563012 0.0182866 -0.5161529
vn -0.9711384 0.0183745 -0.2378077
vn -0.9998302 0.0184268 0.0000000
vn -0.9711384 0.0183745 0.2378077
vn -0.8905845 0.0182478 0.4544517
vn -0.8563012 0.0182866 0.5161529
vn -0.8898172 0.0184727 -0.4559430
vn -0.8590689 0.0185118 -0.5115249
vn -0.9709123 0.0186024 -0.2387114
vn -0.9998260 0.0186561 0.0000000
vn -0.9709123 0.0186024 0.2387114
vn -0.8898171 0.0184727 0.4559431
vn -0.8590690 0.0185118 0.5115249
vn -0.8890610 0.0179907 -0.4574351
vn -0.8618079 0.0180278 -0.5069144
vn -0.9706985 0.0181184 -0.2396163
vn -0.9998350 0.0181714 0.0000000
vn -0.9706985 0.0181184 0.2396164
vn -0.8890610 0.0179907 0.4574353
vn -0.8618078 0.0180278 0.5069144
vn -0.8883446 0.0168019 -0.4588698
vn -0.8644135 0.0168349 -0.5024996
vn -0.9705048 0.0169224 -0.2404874
vn -0.9998559 0.0169725 0.0000000
vn -0.9705048 0.0169224 0.2404874
vn -0.8883446 0.0168019 0.4588700
vn -0.8644134 0.0168349 0.5024998
vn -0.8876965 0.0149059 -0.4601877
vn -0.8667831 0.0149334 -0.4984617
vn -0.9703373 0.0150139 -0.2412882
vn -0.9998866 0.0150588 0.0000000
vn -0.9703373 0.0150139 0.2412882
vn -0.8876964 0.0149059 0.4601879
vn -0.8667830 0.0149334 0.4984618
vn -0.8871443 0.0123026 -0.4613281
vn -0.8688155 0.0123236 -0.4949826
vn -0.9702017 0.0123924 -0.2419817
vn -0.9999227 0.0124298 0.0000000
vn -0.9702017 0.0123924 0.2419817
vn -0.8871442 0.0123026 0.4613283
vn -0.8688154 0.0123236 0.4949828
vn -0.8867149 0.0089898 -0.4622294
vn -0.8704095 0.0090041 -0.4922461
vn -0.9701016 0.0090560 -0.2425300
vn -0.9999588 0.0090836 0.0000000
vn -0.9701016 0.0090560 0.2425300
vn -0.8867148 0.0089898 0.4622295
vn -0.8704095 0.0090041 0.4922462
vn -0.8864353 0.0047063 -0.4628288
vn -0.8714645 0.0047110 -0.4904360
vn -0.9700410 0.0047521 -0.2428948
vn -0.9999886 0.0047705 0.0000000
vn -0.9700410 0.0047521 0.2428948
vn -0.8864352 0.0047063 0.4628288
vn -0.8714644 0.0047111 0.4904362
vn -0.8863575 -0.0021935 -0.4629962
vn -0.8718075 -0.0022164 -0.4898438
vn -0.9700247 -0.0021145 -0.2429970
vn -0.9999978 -0.0020872 0.0000000
vn -0.9700247 -0.0021145 0.2429971
vn -0.8863574 -0.0021935 0.4629964
vn -0.8718073 -0.0022164 0.4898438
vn -0.8866521 -0.0131792 -0.4622493
vn -0.8708691 -0.0132484 -0.4913364
vn -0.9700522 -0.0130261 -0.2425468
vn -0.9999161 -0.0129559 0.0000000
vn -0.9700522 -0.0130261 0.2425468
vn -0.8866520 -0.0131792 0.4622494
vn -0.8708692 -0.0132484 0.4913363
vn -0.8873771 -0.0285131 -0.4601618
vn -0.8679757 -0.0284835 -0.4957892
vn -0.9700143 -0.0287993 -0.2413354
vn -0.9995894 -0.0286507 0.0000000
vn -0.9700143 -0.0287993 0.2413354
vn -0.8873770 -0.0285131 0.4601620
vn -0.8679755 -0.0284835 0.4957895
vn -0.8875962 -0.0653386 -0.4559648
vn -0.8616304 -0.0642920 -0.5034476
vn -0.9686131 -0.0681096 -0.2390595
vn -0.9976824 -0.0680427 0.0000000
vn -0.9686131 -0.0681096 0.2390596
vn -0.8875962 -0.0653386 0.4559650
vn -0.8616305 -0.0642920 0.5034475
vn -0.8790500 -0.1786079 -0.4420071
vn -0.8363855 -0.1693452 -0.5213266
vn -0.9549723 -0.1869864 -0.2303565
vn -0.9821430 -0.1881357 0.0000000
vn -0.9549723 -0.1869864 0.2303566
vn -0.8790499 -0.1786079 0.4420072
vn -0.8363855 -0.1693452 0.5213266
vn -0.8202612 -0.4051092 -0.4038043
vn -0.7279416 -0.3096513 -0.6117330
vn -0.8794942 -0.4305914 -0.2026844
vn -0.8794942 -0.4305914 0.2026844
vn -0.8202612 -0.4051092 0.4038045
vn -0.7279414 -0.3096513 0.6117330
vn -0.5496995 -0.4958848 -0.6722564
vn -0.6919591 -0.3086633 -0.6526250
vn -0.4780082 -0.2542712 -0.8407463
vn -0.5496994 -0.4958844 0.6722569
vn -0.6919590 -0.3086633 0.6526253
vn -0.4780082 -0.2542712 0.8407462
vn -0.2986135 -0.1562218 -0.9415013
vn -0.2986136 -0.1562218 0.9415013
vn -0.2451122 -0.1398771 -0.9593510
vn -0.2451123 -0.1398772 0.9593510
vn -0.2234548 -0.1395531 -0.9646724
vn -0.2234549 -0.1395531 0.9646724
vn -0.2083366 -0.1330897 -0.9689597
vn -0.2083367 -0.1330898 0.9689597
vn -0.2070975 -0.1322383 -0.9693419
vn -0.1965480 -0.1262668 -0.9723300
vn -0.2070976 -0.1322383 0.9693419
vn -0.1965481 -0.1262668 0.9723299
vn -0.1859113 -0.1203004 -0.9751742
vn -0.1859114 -0.1203005 0.9751742
vn -0.1747433 -0.1139412 -0.9779990
vn -0.1747434 -0.1139412 0.9779990
vn -0.1628372 -0.1095470 -0.9805526
vn -0.1628372 -0.1095470 0.9805526
vn -0.1510246 -0.1188831 -0.9813554
vn -0.1510246 -0.1188831 0.9813554
vn -0.1426624 -0.1322045 -0.9809023
vn -0.1426625 -0.1322045 0.9809023
vn -0.1385345 -0.1217087 -0.9828505
vn -0.1385345 -0.1217087 0.9828505
vn -0.1421302 -0.0754330 -0.9869696
vn -0.1421302 -0.0754330 0.9869696
vn -0.1599460 -0.0047276 -0.9871144
vn -0.1605676 -0.0081665 -0.9869911
vn -0.1613454 -0.0052014 -0.9868843
vn -0.1605673 -0.0081673 0.9869911
vn -0.1599456 -0.0047275 0.9871144
vn -0.1613454 -0.0052014 0.9868843
vn -0.1632063 0.0020003 -0.9865899
vn -0.1936940 0.1241413 -0.9731760
vn -0.1936940 0.1241413 0.9731760
vn -0.1632067 0.0020018 0.9865898
vn -0.2252547 0.4363211 -0.8711396
vn -0.2252547 0.4363211 0.8711396
vn -0.2659109 0.6790488 -0.6842398
vn -0.2695295 0.6987258 -0.6626735
vn -0.2695296 0.6987259 0.6626733
vn -0.2659110 0.6790489 0.6842396
vn -0.2503350 0.8232965 -0.5094264
vn -0.2464357 0.8810686 -0.4037172
vn -0.2464357 0.8810686 0.4037172
vn -0.2503350 0.8232964 0.5094265
vn -0.2375738 0.9183705 -0.3164717
vn -0.2415559 0.9596674 -0.1438378
vn -0.2449339 0.9695398 0.0000000
vn -0.2415559 0.9596673 0.1438378
vn -0.2375738 0.9183704 0.3164718
vn -0.4598934 -0.8405808 -0.2862200
vn -0.2108531 -0.9686836 -0.1311221
vn -0.4465723 -0.7916698 -0.4169316
vn -0.0987035 -0.9944359 -0.0368075
vn -0.0756291 -0.9971360 0.0000000
vn -0.0987035 -0.9944359 0.0368075
vn -0.4598934 -0.8405808 0.2862202
vn -0.2108531 -0.9686836 0.1311222
vn -0.4465726 -0.7916697 0.4169318
vn -0.7515337 -0.2049762 -0.6270421
vn -0.4783991 -0.7524006 -0.4527999
vn -0.6773273 -0.1986509 -0.7083541
vn -0.7515336 -0.2049764 0.6270422
vn -0.4783996 -0.7523999 0.4528005
vn -0.6773275 -0.1986510 0.7083539
vn -0.7746850 -0.0383061 -0.6311859
vn -0.6857771 -0.0368667 -0.7268774
vn -0.7746850 -0.0383061 0.6311861
vn -0.6857771 -0.0368667 0.7268773
vn -0.7755923 0.0029426 -0.6312274
vn -0.6862376 0.0030708 -0.7273710
vn -0.7755922 0.0029426 0.6312275
vn -0.6862378 0.0030708 0.7273709
vn -0.7748717 0.0101814 -0.6320366
vn -0.6871039 0.0101917 -0.7264878
vn -0.7748715 0.0101814 0.6320367
vn -0.6871039 0.0101917 0.7264876
vn -0.7738781 0.0132373 -0.6331963
vn -0.6883361 0.0132513 -0.7252708
vn -0.7738779 0.0132373 0.6331964
vn -0.6883362 0.0132514 0.7252707
vn -0.7726638 0.0155667 -0.6346246
vn -0.6898494 0.0155856 -0.7237851
vn -0.7726637 0.0155667 0.6346247
vn -0.6898497 0.0155856 0.7237849
vn -0.7712870 0.0171936 -0.6362552
vn -0.6915709 0.0172172 -0.7221034
vn -0.7712870 0.0171936 0.6362553
vn -0.6915710 0.0172172 0.7221032
vn -0.7698060 0.0181182 -0.6380207
vn -0.6934274 0.0181458 -0.7202980
vn -0.7698058 0.0181182 0.6380209
vn -0.6934274 0.0181458 0.7202979
vn -0.7682787 0.0183406 -0.6398527
vn -0.6953458 0.0183712 -0.7184405
vn -0.7682786 0.0183406 0.6398528
vn -0.6953459 0.0183712 0.7184404
vn -0.7667632 0.0178611 -0.6416816
vn -0.6972529 0.0178931 -0.7166019
vn -0.7667630 0.0178611 0.6416817
vn -0.6972529 0.0178931 0.7166018
vn -0.7653177 0.0166800 -0.6434365
vn -0.6990752 0.0167115 -0.7148528
vn -0.7653177 0.0166800 0.6434366
vn -0.6990754 0.0167115 0.7148527
vn -0.7640008 0.0147970 -0.6450456
vn -0.7007400 0.0148261 -0.7132627
vn -0.7640008 0.0147970 0.6450456
vn -0.7007400 0.0148261 0.7132626
vn -0.7628707 0.0122121 -0.6464357
vn -0.7021733 0.0122367 -0.7119009
vn -0.7628707 0.0122121 0.6464358
vn -0.7021735 0.0122367 0.7119008
vn -0.7619852 0.0089233 -0.6475330
vn -0.7033014 0.0089415 -0.7108356
vn -0.7619851 0.0089233 0.6475331
vn -0.7033015 0.0089415 0.7108354
vn -0.7614029 0.0046551 -0.6482623
vn -0.7040502 0.0046567 -0.7101349
vn -0.7614028 0.0046551 0.6482624
vn -0.7040502 0.0046567 0.7101349
vn -0.7612387 -0.0023190 -0.6484677
vn -0.7042993 -0.0023932 -0.7098990
vn -0.7612386 -0.0023190 0.6484678
vn -0.7042994 -0.0023931 0.7098989
vn -0.7618921 -0.0135193 -0.6475629
vn -0.7036757 -0.0137653 -0.7103880
vn -0.7618920 -0.0135194 0.6475630
vn -0.7036757 -0.0137653 0.7103879
vn -0.7636828 -0.0291751 -0.6449320
vn -0.7018123 -0.0292989 -0.7117592
vn -0.7636828 -0.0291751 0.6449321
vn -0.7018124 -0.0292989 0.7117591
vn -0.7659491 -0.0637039 -0.6397373
vn -0.6965612 -0.0570444 -0.7152262
vn -0.7659490 -0.0637039 0.6397374
vn -0.6965612 -0.0570444 0.7152261
vn -0.7613177 -0.1515673 -0.6304147
vn -0.6676428 -0.0979780 -0.7380064
vn -0.7613176 -0.1515674 0.6304149
vn -0.6676428 -0.0979780 0.7380064
vn -0.7138580 -0.2950560 -0.6350974
vn -0.5814612 -0.1087422 -0.8062742
vn -0.7138577 -0.2950556 0.6350979
vn -0.5814613 -0.1087422 0.8062741
vn -0.5080044 -0.0925722 -0.8563654
vn -0.5080047 -0.0925722 0.8563653
vn -0.4807378 -0.0922158 -0.8720019
vn -0.4807380 -0.0922159 0.8720018
vn -0.4168588 -0.1083967 -0.9024848
vn -0.4791391 -0.0927629 -0.8728234
vn -0.4629662 -0.1002447 -0.8806890
vn -0.4791394 -0.0927629 0.8728233
vn -0.4168590 -0.1083967 0.9024848
vn -0.4629663 -0.1002447 0.8806891
vn -0.3265693 -0.1232307 -0.9371054
vn -0.4424851 -0.1039425 -0.8907317
vn -0.3265695 -0.1232308 0.9371054
vn -0.4424853 -0.1039426 0.8907315
vn -0.2187133 -0.1317048 -0.9668600
vn -0.4222456 -0.1027365 -0.9006408
vn -0.2187134 -0.1317048 0.9668600
vn -0.4222456 -0.1027365 0.9006408
vn -0.4030503 -0.0991909 -0.9097866
vn -0.4030503 -0.0991909 0.9097865
vn -0.3838900 -0.0944982 -0.9185307
vn -0.3838901 -0.0944983 0.9185306
vn -0.3636152 -0.0884604 -0.9273396
vn -0.3636153 -0.0884604 0.9273396
vn -0.3420293 -0.0844001 -0.9358913
vn -0.3420292 -0.0844001 0.9358913
vn -0.3186977 -0.0946633 -0.9431174
vn -0.3186978 -0.0946633 0.9431176
vn -0.2938182 -0.1106943 -0.9494301
vn -0.2938182 -0.1106943 0.9494301
vn -0.2395064 -0.1113266 -0.9644911
vn -0.2812490 -0.1089163 -0.9534340
vn -0.2717905 -0.1077615 -0.9563040
vn -0.2812490 -0.1089163 0.9534339
vn -0.2395061 -0.1113266 0.9644911
vn -0.2717905 -0.1077615 0.9563040
vn -0.1689946 -0.0760327 -0.9826799
vn -0.2600356 -0.0776959 -0.9624681
vn -0.1689943 -0.0760327 0.9826800
vn -0.2600357 -0.0776959 0.9624681
vn -0.2674833 -0.0276218 -0.9631665
vn -0.2674833 -0.0276218 0.9631665
vn -0.2074710 0.1177100 -0.9711335
vn -0.2908665 0.0789831 -0.9534980
vn -0.2074708 0.1177100 0.9711335
vn -0.2908665 0.0789831 0.9534980
vn -0.3017903 0.3669839 -0.8799122
vn -0.3150189 0.3549835 -0.8801988
vn -0.3017901 0.3669840 0.8799122
vn -0.3150189 0.3549835 0.8801988
vn -0.3184153 0.3793647 -0.8687314
vn -0.2837423 0.6850806 -0.6709358
vn -0.3491233 0.6262459 -0.6970861
vn -0.2837424 0.6850808 0.6709356
vn -0.3491234 0.6262460 0.6970860
vn -0.3184153 0.3793646 0.8687314
vn -0.3456522 0.6964068 -0.6289214
vn -0.3197339 0.8277424 -0.4610996
vn -0.3403064 0.8154734 -0.4681825
vn -0.3197339 0.8277423 0.4610997
vn -0.3403064 0.8154734 0.4681825
vn -0.3456522 0.6964070 0.6289212
vn -0.3338665 0.8305377 -0.4458030
vn -0.3090863 0.9079926 -0.2828692
vn -0.2986795 0.9448023 -0.1346814
vn -0.2954340 0.9553632 0.0000000
vn -0.2986795 0.9448023 0.1346814
vn -0.3090863 0.9079926 0.2828693
vn -0.3338664 0.8305376 0.4458031
vn -0.4409485 -0.7918978 -0.4224479
vn -0.1368922 -0.9772060 -0.1622624
vn -0.3529379 -0.8024590 -0.4811387
vn -0.0453424 -0.9983817 -0.0343209
vn -0.0183600 -0.9998164 -0.0054952
vn -0.0120970 -0.9999268 0.0000000
vn -0.0183600 -0.9998164 0.0054952
vn -0.0453424 -0.9983817 0.0343209
vn -0.4409488 -0.7918975 0.4224483
vn -0.1368926 -0.9772058 0.1622627
vn -0.3529378 -0.8024593 0.4811382
vn -0.6103476 -0.1939791 -0.7680156
vn -0.4588118 -0.6241303 -0.6324185
vn -0.5545158 -0.1966792 -0.8085972
vn -0.6103479 -0.1939791 0.7680153
vn -0.4588119 -0.6241304 0.6324183
vn -0.5545160 -0.1966792 0.8085971
vn -0.6285703 -0.0363435 -0.7769032
vn -0.5597637 -0.0367898 -0.8278352
vn -0.6285705 -0.0363435 0.7769030
vn -0.5597638 -0.0367898 0.8278351
vn -0.6290292 0.0030846 -0.7773756
vn -0.5598179 0.0031308 -0.8286097
vn -0.6290293 0.0030846 0.7773755
vn -0.5598179 0.0031308 0.8286097
vn -0.6279561 0.0101455 -0.7781826
vn -0.5603104 0.0101745 -0.8282202
vn -0.6279562 0.0101455 0.7781825
vn -0.5603105 0.0101745 0.8282201
vn -0.6264664 0.0131893 -0.7793368
vn -0.5610176 0.0132264 -0.8276982
vn -0.6264666 0.0131893 0.7793366
vn -0.5610177 0.0132264 0.8276982
vn -0.6246430 0.0155104 -0.7807564
vn -0.5618863 0.0155535 -0.8270682
vn -0.6246432 0.0155104 0.7807562
vn -0.5618864 0.0155535 0.8270682
vn -0.6225733 0.0171316 -0.7823740
vn -0.5628744 0.0171784 -0.8263639
vn -0.6225734 0.0171316 0.7823738
vn -0.5628745 0.0171784 0.8263639
vn -0.6203444 0.0180531 -0.7841218
vn -0.5639397 0.0181014 -0.8256176
vn -0.6203446 0.0180531 0.7841216
vn -0.5639397 0.0181014 0.8256176
vn -0.6180438 0.0182749 -0.7859312
vn -0.5650400 0.0183225 -0.8248600
vn -0.6180440 0.0182749 0.7859310
vn -0.5650401 0.0183225 0.8248599
vn -0.6157593 0.0177974 -0.7877333
vn -0.5661333 0.0178423 -0.8241206
vn -0.6157595 0.0177974 0.7877331
vn -0.5661334 0.0178423 0.8241205
vn -0.6135786 0.0166207 -0.7894588
vn -0.5671777 0.0166612 -0.8234269
vn -0.6135787 0.0166207 0.7894586
vn -0.5671777 0.0166612 0.8234269
vn -0.6115898 0.0147446 -0.7910377
vn -0.5681313 0.0147792 -0.8228052
vn -0.6115900 0.0147446 0.7910376
vn -0.5681314 0.0147792 0.8228052
vn -0.6098810 0.0121690 -0.7923995
vn -0.5689524 0.0121965 -0.8222799
vn -0.6098812 0.0121690 0.7923994
vn -0.5689524 0.0121965 0.8222799
vn -0.6085404 0.0088917 -0.7934731
vn -0.5695989 0.0089112 -0.8218746
vn -0.6085405 0.0088917 0.7934729
vn -0.5695989 0.0089112 0.8218744
vn -0.6076565 0.0046191 -0.7941865
vn -0.5700284 0.0046240 -0.8216119
vn -0.6076567 0.0046191 0.7941864
vn -0.5700285 0.0046240 0.8216118
vn -0.6074052 -0.0024811 -0.7943883
vn -0.5701773 -0.0025292 -0.8215177
vn -0.6074054 -0.0024811 0.7943881
vn -0.5701775 -0.0025293 0.8215176
vn -0.6084123 -0.0139607 -0.7934983
vn -0.5698544 -0.0140940 -0.8216249
vn -0.6084125 -0.0139607 0.7934981
vn -0.5698544 -0.0140940 0.8216248
vn -0.6112176 -0.0289606 -0.7909326
vn -0.5685517 -0.0281132 -0.8221670
vn -0.6112177 -0.0289606 0.7909325
vn -0.5685518 -0.0281132 0.8221669
vn -0.6134555 -0.0515277 -0.7880464
vn -0.5627671 -0.0428088 -0.8255063
vn -0.6134557 -0.0515277 0.7880463
vn -0.5627673 -0.0428088 0.8255062
vn -0.5999792 -0.0794795 -0.7960578
vn -0.5440927 -0.0548984 -0.8372272
vn -0.5999793 -0.0794795 0.7960576
vn -0.5440927 -0.0548984 0.8372272
vn -0.5501560 -0.0911953 -0.8300673
vn -0.5239230 -0.0620057 -0.8495057
vn -0.5501563 -0.0911953 0.8300672
vn -0.5239230 -0.0620057 0.8495057
vn -0.5042722 -0.0864652 -0.8592050
vn -0.5137162 -0.0675833 -0.8552942
vn -0.5042724 -0.0864653 0.8592050
vn -0.5137163 -0.0675833 0.8552942
vn -0.4808782 -0.0918628 -0.8719619
vn -0.5058774 -0.0726600 -0.8595397
vn -0.4808783 -0.0918628 0.8719617
vn -0.5058776 -0.0726600 0.8595397
vn -0.4956179 -0.0762125 -0.8651905
vn -0.4956178 -0.0762125 0.8651905
vn -0.4832921 -0.0774650 -0.8720251
vn -0.4832920 -0.0774650 0.8720253
vn -0.4702597 -0.0763811 -0.8792166
vn -0.4702596 -0.0763811 0.8792166
vn -0.4568390 -0.0732073 -0.8865319
vn -0.4568391 -0.0732073 0.8865319
vn -0.4397425 -0.0695210 -0.8954291
vn -0.4480793 -0.0700165 -0.8912477
vn -0.4433907 -0.0680989 -0.8937378
vn -0.4480794 -0.0700166 0.8912477
vn -0.4397424 -0.0695210 0.8954292
vn -0.4433908 -0.0680989 0.8937377
vn -0.4153775 -0.0666775 -0.9072021
vn -0.4296863 -0.0612411 -0.9008991
vn -0.4153774 -0.0666775 0.9072021
vn -0.4296862 -0.0612411 0.9008991
vn -0.3874764 -0.0660285 -0.9195120
vn -0.4142702 -0.0559859 -0.9084303
vn -0.3874762 -0.0660285 0.9195121
vn -0.4142702 -0.0559859 0.9084305
vn -0.3540208 -0.0801390 -0.9317977
vn -0.3960452 -0.0638767 -0.9160066
vn -0.3540204 -0.0801391 0.9317978
vn -0.3960451 -0.0638767 0.9160066
vn -0.3088667 -0.1044268 -0.9453552
vn -0.3729590 -0.0792018 -0.9244613
vn -0.3088665 -0.1044269 0.9453552
vn -0.3729589 -0.0792018 0.9244613
vn -0.3485098 -0.0820403 -0.9337078
vn -0.3485097 -0.0820403 0.9337079
vn -0.3295122 -0.0674628 -0.9417380
vn -0.3295121 -0.0674628 0.9417380
vn -0.3233535 -0.0376527 -0.9455289
vn -0.3233534 -0.0376527 0.9455289
vn -0.3288541 0.0468586 -0.9432176
vn -0.3288540 0.0468586 0.9432176
vn -0.3376926 0.2912942 -0.8950483
vn -0.3376925 0.2912941 0.8950483
vn -0.3479007 0.5214168 -0.7791595
vn -0.3486611 0.5657102 -0.7472665
vn -0.3486610 0.5657102 0.7472665
vn -0.3479006 0.5214169 0.7791595
vn -0.3465480 0.7472142 -0.5670763
vn -0.3467574 0.7670069 -0.5398702
vn -0.3467573 0.7670069 0.5398701
vn -0.3465480 0.7472143 0.5670761
vn -0.3320383 0.8544275 -0.3996301
vn -0.3212744 0.9131158 -0.2510028
vn -0.3048378 0.9443327 -0.1237322
vn -0.3149220 0.9333293 -0.1723967
vn -0.2979217 0.9545903 0.0000000
vn -0.3048378 0.9443327 0.1237322
vn -0.3149220 0.9333293 0.1723968
vn -0.3212744 0.9131157 0.2510028
vn -0.3320383 0.8544275 0.3996302
vn -0.3166223 0.9404654 -0.1235931
vn -0.3181557 0.9480385 0.0000000
vn -0.3166223 0.9404654 0.1235931
vn -0.3426744 -0.7928174 -0.5039989
vn -0.1624253 -0.9408210 -0.2974454
vn -0.2737170 -0.8204956 -0.5018625
vn -0.0351727 -0.9978587 -0.0551441
vn -0.0065869 -0.9999543 -0.0069242
vn -0.0019634 -0.9999980 -0.0005115
vn -0.0012338 -0.9999992 0.0000000
vn -0.0019634 -0.9999980 0.0005115
vn -0.0065869 -0.9999543 0.0069242
vn -0.0351728 -0.9978586 0.0551443
vn -0.3426745 -0.7928174 0.5039987
vn -0.1624253 -0.9408211 0.2974452
vn -0.2737172 -0.8204953 0.5018628
vn -0.4553676 -0.1862857 -0.8705963
vn -0.4553676 -0.1862854 0.8705964
vn -0.4565897 -0.0335158 -0.8890459
vn -0.4543084 -0.0880354 -0.8864839
vn -0.4517228 -0.0335338 -0.8915279
vn -0.4543084 -0.0880363 0.8864838
vn -0.4565898 -0.0335158 0.8890459
vn -0.4517228 -0.0335338 0.8915279
vn -0.4564027 0.0033861 -0.8897669
vn -0.4512160 0.0033922 -0.8924083
vn -0.4564027 0.0033861 0.8897669
vn -0.4512160 0.0033922 0.8924083
vn -0.4550255 0.0101652 -0.8904204
vn -0.4514475 0.0101675 -0.8922397
vn -0.4550255 0.0101652 0.8904204
vn -0.4514475 0.0101675 0.8922397
vn -0.4531111 0.0132128 -0.8913562
vn -0.4517911 0.0132139 -0.8920259
vn -0.4531111 0.0132128 0.8913561
vn -0.4517910 0.0132139 0.8920259
vn -0.4519931 0.0143227 -0.8919064
vn -0.4524189 0.0155396 -0.8916702
vn -0.4524188 0.0155396 0.8916702
vn -0.4519930 0.0143228 0.8919066
vn -0.4533458 0.0171670 -0.8911694
vn -0.4533459 0.0171670 0.8911694
vn -0.4543446 0.0180938 -0.8906423
vn -0.4543445 0.0180938 0.8906423
vn -0.4553755 0.0183195 -0.8901110
vn -0.4553755 0.0183195 0.8901109
vn -0.4563991 0.0178440 -0.8895962
vn -0.4563991 0.0178440 0.8895962
vn -0.4573763 0.0166668 -0.8891171
vn -0.4573763 0.0166668 0.8891171
vn -0.4582680 0.0147876 -0.8886911
vn -0.4582680 0.0147876 0.8886911
vn -0.4590352 0.0122058 -0.8883342
vn -0.4590352 0.0122058 0.8883342
vn -0.4596388 0.0089192 -0.8880611
vn -0.4596388 0.0089192 0.8880612
vn -0.4600396 0.0046161 -0.8878863
vn -0.4600396 0.0046161 0.8878864
vn -0.4601761 -0.0026405 -0.8878237
vn -0.4601762 -0.0026405 0.8878237
vn -0.4598563 -0.0143590 -0.8878772
vn -0.4598564 -0.0143590 0.8878772
vn -0.4587245 -0.0277944 -0.8881437
vn -0.4587244 -0.0277944 0.8881438
vn -0.4559259 -0.0398103 -0.8891269
vn -0.4559261 -0.0398103 0.8891269
vn -0.4511385 -0.0498573 -0.8910603
vn -0.4511385 -0.0498573 0.8910603
vn -0.4494023 -0.0579564 -0.8914475
vn -0.4482848 -0.0553291 -0.8921767
vn -0.4474446 -0.0578629 -0.8924377
vn -0.4482848 -0.0553291 0.8921767
vn -0.4494023 -0.0579564 0.8914475
vn -0.4474446 -0.0578629 0.8924377
vn -0.4532869 -0.0643306 -0.8890402
vn -0.4447380 -0.0638916 -0.8933790
vn -0.4532869 -0.0643306 0.8890402
vn -0.4447379 -0.0638915 0.8933790
vn -0.4568109 -0.0690617 -0.8868790
vn -0.4413952 -0.0678893 -0.8947409
vn -0.4568109 -0.0690617 0.8868790
vn -0.4413951 -0.0678893 0.8947409
vn -0.4587119 -0.0723242 -0.8856369
vn -0.4370871 -0.0698359 -0.8967038
vn -0.4587119 -0.0723242 0.8856369
vn -0.4370871 -0.0698358 0.8967038
vn -0.4583993 -0.0739504 -0.8856644
vn -0.4318126 -0.0696884 -0.8992671
vn -0.4583993 -0.0739504 0.8856644
vn -0.4318125 -0.0696884 0.8992671
vn -0.4561299 -0.0738436 -0.8868442
vn -0.4256850 -0.0673924 -0.9023583
vn -0.4561299 -0.0738436 0.8868442
vn -0.4256850 -0.0673924 0.9023584
vn -0.4519561 -0.0721089 -0.8891209
vn -0.4186822 -0.0628972 -0.9059521
vn -0.4519561 -0.0721088 0.8891209
vn -0.4186821 -0.0628971 0.9059521
vn -0.4107203 -0.0561571 -0.9100303
vn -0.4107203 -0.0561571 0.9100304
vn -0.4016780 -0.0473415 -0.9145564
vn -0.4016779 -0.0473415 0.9145566
vn -0.3913783 -0.0394512 -0.9193838
vn -0.3913782 -0.0394512 0.9193839
vn -0.3786274 -0.0425173 -0.9245721
vn -0.3786274 -0.0425173 0.9245722
vn -0.3604732 -0.0532914 -0.9312459
vn -0.3604731 -0.0532914 0.9312460
vn -0.3395471 -0.0568247 -0.9388710
vn -0.3395469 -0.0568247 0.9388710
vn -0.3208150 -0.0495093 -0.9458470
vn -0.3208149 -0.0495093 0.9458471
vn -0.3087403 -0.0300048 -0.9506730
vn -0.3087401 -0.0300048 0.9506730
vn -0.3041180 0.0412043 -0.9517429
vn -0.3041179 0.0412043 0.9517429
vn -0.3033005 0.2627845 -0.9159439
vn -0.3033004 0.2627844 0.9159439
vn -0.3369049 0.5555784 -0.7601500
vn -0.3055119 0.5267668 -0.7932082
vn -0.3369048 0.5555783 0.7601499
vn -0.3055119 0.5267667 0.7932083
vn -0.3076363 0.6136774 -0.7271587
vn -0.3378835 0.7572185 -0.5589767
vn -0.3119516 0.7272667 -0.6113668
vn -0.3378836 0.7572185 0.5589765
vn -0.3119517 0.7272668 0.6113666
vn -0.3076362 0.6136773 0.7271588
vn -0.3118284 0.7860209 -0.5337922
vn -0.3144370 0.8748280 -0.3685175
vn -0.3115920 0.9186857 -0.2427486
vn -0.3119551 0.8918111 -0.3276538
vn -0.3115920 0.9186857 0.2427486
vn -0.3119551 0.8918111 0.3276538
vn -0.3144370 0.8748280 0.3685176
vn -0.3118285 0.7860211 0.5337920
vn -0.3311038 0.9105218 -0.2476295
vn -0.3296947 0.9356323 -0.1260696
vn -0.3268323 0.9450823 0.0000000
vn -0.3296947 0.9356323 0.1260696
vn -0.3311038 0.9105218 0.2476296
vn -0.0533877 -0.9908774 -0.1237404
vn -0.2587796 -0.7537498 -0.6040648
vn -0.0068686 -0.9998434 -0.0163138
vn -0.0005379 -0.9999992 -0.0011164
vn -0.0000518 -1.0000000 -0.0000346
vn -0.0000301 -1.0000000 0.0000000
vn -0.0000518 -1.0000000 0.0000346
vn -0.0005379 -0.9999992 0.0011164
vn -0.0068686 -0.9998434 0.0163139
vn -0.0533877 -0.9908774 0.1237403
vn -0.2587796 -0.7537496 0.6040651
vn -0.4460999 -0.1813962 -0.8764076
vn -0.2691504 -0.7297797 -0.6284740
vn -0.3602242 -0.1934782 -0.9125814
vn -0.2691502 -0.7297798 0.6284740
vn -0.4461000 -0.1813961 0.8764076
vn -0.3602242 -0.1934780 0.9125814
vn -0.3619853 -0.0359957 -0.9314886
vn -0.3619852 -0.0359957 0.9314886
vn -0.3616304 0.0032323 -0.9323159
vn -0.3616303 0.0032323 0.9323159
vn -0.3618045 0.0102075 -0.9321981
vn -0.3618045 0.0102075 0.9321981
vn -0.3621143 0.0132696 -0.9320392
vn -0.3621142 0.0132696 0.9320393
vn -0.4505270 0.0155391 -0.8926275
vn -0.3624949 0.0156044 -0.9318551
vn -0.4505270 0.0155391 0.8926275
vn -0.3624949 0.0156044 0.9318551
vn -0.4473447 0.0171653 -0.8941969
vn -0.3629273 0.0172350 -0.9316581
vn -0.4473447 0.0171653 0.8941969
vn -0.3629273 0.0172350 0.9316580
vn -0.4439190 0.0180908 -0.8958843
vn -0.3633925 0.0181616 -0.9314591
vn -0.4439189 0.0180908 0.8958843
vn -0.3633924 0.0181616 0.9314591
vn -0.4403850 0.0183154 -0.8976222
vn -0.3638721 0.0183841 -0.9312676
vn -0.4403850 0.0183154 0.8976222
vn -0.3638719 0.0183841 0.9312676
vn -0.4368775 0.0178390 -0.8993441
vn -0.3643474 0.0179030 -0.9310910
vn -0.4368775 0.0178389 0.8993441
vn -0.3643473 0.0179030 0.9310910
vn -0.4335313 0.0166614 -0.9009845
vn -0.3648005 0.0167186 -0.9309356
vn -0.4335313 0.0166614 0.9009845
vn -0.3648004 0.0167186 0.9309356
vn -0.4304808 0.0147822 -0.9024787
vn -0.3652135 0.0148308 -0.9308056
vn -0.4304808 0.0147822 0.9024787
vn -0.3652134 0.0148308 0.9308057
vn -0.4278605 0.0122010 -0.9037624
vn -0.3655688 0.0122395 -0.9307039
vn -0.4278606 0.0122010 0.9037624
vn -0.3655687 0.0122395 0.9307039
vn -0.4258044 0.0089155 -0.9047713
vn -0.3658482 0.0089427 -0.9306316
vn -0.4258045 0.0089154 0.9047713
vn -0.3658481 0.0089427 0.9306316
vn -0.4244476 0.0046106 -0.9054407
vn -0.3660342 0.0046184 -0.9305900
vn -0.4244475 0.0046106 0.9054407
vn -0.3660342 0.0046183 0.9305900
vn -0.4240566 -0.0026704 -0.9056317
vn -0.3661031 -0.0027305 -0.9305704
vn -0.4240566 -0.0026704 0.9056317
vn -0.3661030 -0.0027305 0.9305704
vn -0.4255774 -0.0144383 -0.9048069
vn -0.3659892 -0.0146372 -0.9305040
vn -0.4255775 -0.0144383 0.9048069
vn -0.3659892 -0.0146372 0.9305040
vn -0.4297543 -0.0278911 -0.9025150
vn -0.3655930 -0.0282265 -0.9303467
vn -0.4297543 -0.0278911 0.9025150
vn -0.3655929 -0.0282265 0.9303467
vn -0.4355901 -0.0398621 -0.8992621
vn -0.3648461 -0.0402253 -0.9301985
vn -0.4355902 -0.0398621 0.8992620
vn -0.3648461 -0.0402253 0.9301986
vn -0.4421291 -0.0498540 -0.8955649
vn -0.3636994 -0.0500803 -0.9301692
vn -0.4421292 -0.0498540 0.8955649
vn -0.3636994 -0.0500803 0.9301692
vn -0.3621038 -0.0577768 -0.9303454
vn -0.3621037 -0.0577768 0.9303455
vn -0.3599990 -0.0633042 -0.9308025
vn -0.3599989 -0.0633042 0.9308025
vn -0.3573377 -0.0666473 -0.9315943
vn -0.3573377 -0.0666473 0.9315943
vn -0.3540786 -0.0677856 -0.9327558
vn -0.3540785 -0.0677856 0.9327559
vn -0.3501885 -0.0666940 -0.9343019
vn -0.3501883 -0.0666940 0.9343019
vn -0.3456572 -0.0633440 -0.9362204
vn -0.3456571 -0.0633440 0.9362205
vn -0.3404857 -0.0577041 -0.9384774
vn -0.3404855 -0.0577041 0.9384774
vn -0.3346772 -0.0497409 -0.9410191
vn -0.3346771 -0.0497409 0.9410192
vn -0.3282290 -0.0395971 -0.9437678
vn -0.3282288 -0.0395971 0.9437679
vn -0.3243998 -0.0302254 -0.9454370
vn -0.3248202 -0.0349329 -0.9451304
vn -0.3213245 -0.0297750 -0.9465009
vn -0.3248201 -0.0349329 0.9451305
vn -0.3243997 -0.0302254 0.9454371
vn -0.3213244 -0.0297749 0.9465010
vn -0.3200250 -0.0304242 -0.9469205
vn -0.3127730 -0.0288257 -0.9493904
vn -0.3200248 -0.0304242 0.9469206
vn -0.3127728 -0.0288257 0.9493905
vn -0.3119998 -0.0391280 -0.9492761
vn -0.2996984 -0.0352823 -0.9533814
vn -0.3119996 -0.0391280 0.9492762
vn -0.2996984 -0.0352823 0.9533814
vn -0.3022161 -0.0443751 -0.9522060
vn -0.2839197 -0.0378477 -0.9581008
vn -0.3022159 -0.0443751 0.9522061
vn -0.2839196 -0.0378477 0.9581008
vn -0.2933613 -0.0412538 -0.9551112
vn -0.2688103 -0.0334114 -0.9626135
vn -0.2933612 -0.0412538 0.9551111
vn -0.2688102 -0.0334114 0.9626135
vn -0.2882828 -0.0259667 -0.9571932
vn -0.2571420 -0.0195676 -0.9661755
vn -0.2882827 -0.0259667 0.9571932
vn -0.2571419 -0.0195676 0.9661755
vn -0.2858931 0.0415404 -0.9573607
vn -0.2507583 0.0421829 -0.9671302
vn -0.2858929 0.0415404 0.9573607
vn -0.2507582 0.0421829 0.9671302
vn -0.2657170 0.2517273 -0.9306062
vn -0.2479934 0.2464390 -0.9368923
vn -0.2657169 0.2517272 0.9306062
vn -0.2479933 0.2464389 0.9368923
vn -0.2495885 0.3114123 -0.9169122
vn -0.2513325 0.4958876 -0.8312204
vn -0.2513325 0.4958875 0.8312206
vn -0.2495885 0.3114122 0.9169123
vn -0.2602158 0.6679748 -0.6972070
vn -0.2619432 0.6890467 -0.6757221
vn -0.2619432 0.6890468 0.6757221
vn -0.2602157 0.6679748 0.6972069
vn -0.2796588 0.8081949 -0.5182779
vn -0.3046864 0.8804518 -0.3632778
vn -0.2833292 0.8546660 -0.4350524
vn -0.3046864 0.8804518 0.3632779
vn -0.2833292 0.8546661 0.4350522
vn -0.2796588 0.8081951 0.5182777
vn -0.3191844 0.8650920 -0.3869589
vn -0.3508278 0.9002668 -0.2577588
vn -0.3795597 0.9165821 -0.1257443
vn -0.3845227 0.9231155 0.0000000
vn -0.3795597 0.9165821 0.1257443
vn -0.3508278 0.9002666 0.2577589
vn -0.3191843 0.8650920 0.3869590
vn -0.2554525 -0.7507164 -0.6092364
vn -0.1031007 -0.9060026 -0.4105233
vn -0.1510894 -0.8061404 -0.5721099
vn -0.0144509 -0.9978216 -0.0643669
vn -0.0010889 -0.9999853 -0.0053023
vn -0.0000346 -1.0000000 -0.0001520
vn -0.0000021 -1.0000000 -0.0000029
vn -0.0000002 -1.0000000 0.0000000
vn -0.0000021 -1.0000000 0.0000029
vn -0.0000346 -1.0000000 0.0001520
vn -0.0010889 -0.9999853 0.0053024
vn -0.0144509 -0.9978216 0.0643668
vn -0.2554527 -0.7507158 0.6092370
vn -0.1031007 -0.9060025 0.4105237
vn -0.1510893 -0.8061402 0.5721101
vn -0.2818313 -0.2103175 -0.9361291
vn -0.2818312 -0.2103175 0.9361291
vn -0.2798311 -0.0391039 -0.9592526
vn -0.2798309 -0.0391039 0.9592526
vn -0.2783822 0.0029199 -0.9604659
vn -0.2783821 0.0029198 0.9604660
vn -0.2784640 0.0102256 -0.9603922
vn -0.2784638 0.0102256 0.9603923
vn -0.2787301 0.0132989 -0.9602774
vn -0.2787300 0.0132989 0.9602774
vn -0.2790574 0.0156398 -0.9601470
vn -0.2790574 0.0156398 0.9601471
vn -0.2794290 0.0172753 -0.9600109
vn -0.2794288 0.0172753 0.9600110
vn -0.2798285 0.0182053 -0.9598774
vn -0.2798284 0.0182053 0.9598774
vn -0.2802399 0.0184298 -0.9597531
vn -0.2802397 0.0184298 0.9597532
vn -0.2806472 0.0179489 -0.9596431
vn -0.2806472 0.0179489 0.9596432
vn -0.2810353 0.0167627 -0.9595510
vn -0.2810352 0.0167627 0.9595510
vn -0.2813887 0.0148710 -0.9594786
vn -0.2813886 0.0148710 0.9594787
vn -0.2816923 0.0122735 -0.9594263
vn -0.2816922 0.0122735 0.9594263
vn -0.2819310 0.0089679 -0.9593928
vn -0.2819310 0.0089679 0.9593928
vn -0.2820898 0.0046243 -0.9593769
vn -0.2820897 0.0046242 0.9593769
vn -0.2821473 -0.0028012 -0.9593670
vn -0.2821472 -0.0028012 0.9593670
vn -0.2820422 -0.0148610 -0.9592869
vn -0.2820422 -0.0148610 0.9592869
vn -0.2816893 -0.0285797 -0.9590799
vn -0.2816892 -0.0285797 0.9590800
vn -0.2810444 -0.0405887 -0.9588361
vn -0.2810443 -0.0405887 0.9588361
vn -0.2800682 -0.0503216 -0.9586603
vn -0.2800681 -0.0503215 0.9586603
vn -0.2787192 -0.0577689 -0.9586336
vn -0.2787191 -0.0577689 0.9586336
vn -0.2769608 -0.0629277 -0.9588184
vn -0.2769608 -0.0629276 0.9588184
vn -0.2747643 -0.0657917 -0.9592581
vn -0.2747641 -0.0657917 0.9592581
vn -0.2721471 -0.0663512 -0.9599654
vn -0.2721165 -0.0663494 -0.9599742
vn -0.2721128 -0.0663506 -0.9599751
vn -0.2721163 -0.0663494 0.9599742
vn -0.2721469 -0.0663512 0.9599654
vn -0.2721127 -0.0663506 0.9599751
vn -0.2860498 -0.0650402 -0.9560049
vn -0.2699091 -0.0646318 -0.9607142
vn -0.2860497 -0.0650402 0.9560049
vn -0.2699090 -0.0646318 0.9607142
vn -0.2988048 -0.0616878 -0.9523184
vn -0.2671976 -0.0605783 -0.9617358
vn -0.2988046 -0.0616877 0.9523184
vn -0.2671975 -0.0605782 0.9617358
vn -0.3097915 -0.0562862 -0.9491370
vn -0.2639516 -0.0541660 -0.9630138
vn -0.3097913 -0.0562862 0.9491371
vn -0.2639515 -0.0541660 0.9630138
vn -0.3183829 -0.0487908 -0.9467058
vn -0.2601500 -0.0453690 -0.9645017
vn -0.3183828 -0.0487908 0.9467058
vn -0.2601498 -0.0453689 0.9645018
vn -0.3239346 -0.0392873 -0.9452634
vn -0.2557729 -0.0343053 -0.9661281
vn -0.3239345 -0.0392873 0.9452634
vn -0.2557729 -0.0343053 0.9661281
vn -0.2507353 -0.0230577 -0.9677811
vn -0.2507352 -0.0230577 0.9677811
vn -0.2442784 -0.0190519 -0.9695179
vn -0.2442784 -0.0190518 0.9695179
vn -0.2342915 -0.0221097 -0.9719149
vn -0.2342914 -0.0221097 0.9719149
vn -0.2221252 -0.0236266 -0.9747319
vn -0.2221251 -0.0236266 0.9747318
vn -0.2103221 -0.0208591 -0.9774096
vn -0.2103220 -0.0208591 0.9774096
vn -0.2009368 -0.0109469 -0.9795430
vn -0.2009368 -0.0109469 0.9795430
vn -0.1956173 0.0435540 -0.9797126
vn -0.1956172 0.0435540 0.9797127
vn -0.1938910 0.2346223 -0.9525537
vn -0.1938909 0.2346223 0.9525537
vn -0.1965242 0.4356635 -0.8783938
vn -0.1967387 0.4706664 -0.8600971
vn -0.1967386 0.4706663 0.8600972
vn -0.1965241 0.4356634 0.8783938
vn -0.2457520 0.6782773 -0.6924926
vn -0.2101297 0.6546943 -0.7260998
vn -0.2457520 0.6782773 0.6924925
vn -0.2101297 0.6546943 0.7260998
vn -0.2169618 0.6929133 -0.6876037
vn -0.2506950 0.8204103 -0.5138862
vn -0.2426289 0.8134254 -0.5286494
vn -0.2506950 0.8204103 0.5138860
vn -0.2426290 0.8134255 0.5286493
vn -0.2169618 0.6929132 0.6876038
vn -0.2514046 0.8136509 -0.5241830
vn -0.3304205 0.8487562 -0.4128380
vn -0.3543209 0.8857202 -0.2999272
vn -0.3579512 0.9223760 -0.1452359
vn -0.3530462 0.9067667 -0.2305050
vn -0.3553275 0.9347419 0.0000000
vn -0.3579512 0.9223760 0.1452359
vn -0.3530462 0.9067667 0.2305052
vn -0.3543209 0.8857202 0.2999273
vn -0.3304206 0.8487561 0.4128382
vn -0.2514047 0.8136510 0.5241829
vn -0.3274421 0.9339623 -0.1431646
vn -0.2976922 0.9546619 0.0000000
vn -0.3274421 0.9339623 0.1431646
vn -0.0484520 -0.9597989 -0.2764748
vn -0.1147824 -0.8314388 -0.5436308
vn -0.0044297 -0.9992180 -0.0392890
vn -0.0001405 -0.9999970 -0.0024890
vn -0.0000029 -1.0000000 -0.0000332
vn -0.0000000 -1.0000000 -0.0000001
vn 0.0000000 -1.0000000 0.0000000
vn -0.0000000 -1.0000000 0.0000001
vn -0.0000029 -1.0000000 0.0000332
vn -0.0001405 -0.9999969 0.0024890
vn -0.0044297 -0.9992180 0.0392890
vn -0.0484521 -0.9597988 0.2764753
vn -0.1147824 -0.8314388 0.5436308
vn -0.2104200 -0.1841049 -0.9601191
vn -0.2104199 -0.1841049 0.9601192
vn -0.2188989 -0.0329014 -0.9751927
vn -0.2091657 -0.1511719 -0.9661246
vn -0.2027333 -0.0331036 -0.9786743
vn -0.2091656 -0.1511718 0.9661247
vn -0.2188988 -0.0329014 0.9751927
vn -0.2027333 -0.0331036 0.9786743
vn -0.2181738 0.0035882 -0.9759033
vn -0.2016111 0.0035961 -0.9794590
vn -0.2181737 0.0035882 0.9759034
vn -0.2016110 0.0035961 0.9794591
vn -0.2156017 0.0102489 -0.9764276
vn -0.2016523 0.0102523 -0.9794035
vn -0.2156016 0.0102489 0.9764277
vn -0.2016522 0.0102523 0.9794036
vn -0.2120207 0.0133205 -0.9771743
vn -0.2017352 0.0133236 -0.9793494
vn -0.2120205 0.0133205 0.9771744
vn -0.2017351 0.0133236 0.9793494
vn -0.2076400 0.0156661 -0.9780799
vn -0.2018371 0.0156680 -0.9792938
vn -0.2076399 0.0156661 0.9780799
vn -0.2018370 0.0156680 0.9792938
vn -0.2026743 0.0173051 -0.9790933
vn -0.2019528 0.0173054 -0.9792423
vn -0.2026742 0.0173051 0.9790934
vn -0.2019527 0.0173054 0.9792424
vn -0.2019693 0.0174282 -0.9792368
vn -0.2022454 0.0182373 -0.9791650
vn -0.2022453 0.0182373 0.9791650
vn -0.2019692 0.0174282 0.9792368
vn -0.2025728 0.0184626 -0.9790932
vn -0.2025727 0.0184626 0.9790932
vn -0.2028969 0.0179814 -0.9790350
vn -0.2028968 0.0179814 0.9790350
vn -0.2032052 0.0167935 -0.9789922
vn -0.2032052 0.0167935 0.9789922
vn -0.2034859 0.0148987 -0.9789645
vn -0.2034858 0.0148987 0.9789645
vn -0.2037268 0.0122967 -0.9789505
vn -0.2037267 0.0122967 0.9789506
vn -0.2039161 0.0089849 -0.9789472
vn -0.2039160 0.0089849 0.9789472
vn -0.2040419 0.0046278 -0.9789512
vn -0.2040418 0.0046278 0.9789512
vn -0.2040866 -0.0028526 -0.9789487
vn -0.2040865 -0.0028526 0.9789487
vn -0.2039978 -0.0150229 -0.9788561
vn -0.2039977 -0.0150229 0.9788561
vn -0.2037062 -0.0288354 -0.9786074
vn -0.2037061 -0.0288354 0.9786074
vn -0.2031821 -0.0408526 -0.9782884
vn -0.2031820 -0.0408526 0.9782884
vn -0.2024007 -0.0504991 -0.9779999
vn -0.2024006 -0.0504991 0.9779999
vn -0.2160746 -0.0577813 -0.9746656
vn -0.2022448 -0.0515782 -0.9779758
vn -0.2018424 -0.0577825 -0.9777120
vn -0.2022447 -0.0515782 0.9779759
vn -0.2160744 -0.0577813 0.9746656
vn -0.2018423 -0.0577825 0.9777121
vn -0.2340433 -0.0628016 -0.9701957
vn -0.2011361 -0.0627003 -0.9775546
vn -0.2340433 -0.0628016 0.9701957
vn -0.2011360 -0.0627003 0.9775546
vn -0.2529935 -0.0656362 -0.9652389
vn -0.2001508 -0.0652495 -0.9775900
vn -0.2529934 -0.0656361 0.9652390
vn -0.2001507 -0.0652495 0.9775900
vn -0.1988496 -0.0654245 -0.9778438
vn -0.1988495 -0.0654245 0.9778438
vn -0.1972025 -0.0632155 -0.9783225
vn -0.1972024 -0.0632155 0.9783226
vn -0.1951858 -0.0586102 -0.9790134
vn -0.1951858 -0.0586101 0.9790134
vn -0.1927822 -0.0515928 -0.9798843
vn -0.1927822 -0.0515928 0.9798843
vn -0.1899782 -0.0421464 -0.9808832
vn -0.1899782 -0.0421464 0.9808832
vn -0.1867617 -0.0303739 -0.9819356
vn -0.1867616 -0.0303739 0.9819356
vn -0.1830748 -0.0180600 -0.9829330
vn -0.1830747 -0.0180600 0.9829330
vn -0.1783742 -0.0117835 -0.9838921
vn -0.1783742 -0.0117835 0.9838922
vn -0.1711211 -0.0123094 -0.9851731
vn -0.1711210 -0.0123093 0.9851732
vn -0.1622842 -0.0130384 -0.9866579
vn -0.1622841 -0.0130384 0.9866579
vn -0.1537053 -0.0115056 -0.9880497
vn -0.1537053 -0.0115056 0.9880497
vn -0.1468758 -0.0045162 -0.9891446
vn -0.1468758 -0.0045162 0.9891446
vn -0.1430017 0.0445859 -0.9887176
vn -0.1430017 0.0445859 0.9887176
vn -0.1420722 0.2257382 -0.9637727
vn -0.1420722 0.2257382 0.9637727
vn -0.1785827 0.4641314 -0.8675772
vn -0.1449961 0.4518798 -0.8802164
vn -0.1785827 0.4641312 0.8675773
vn -0.1449960 0.4518797 0.8802164
vn -0.1472267 0.4915862 -0.8582933
vn -0.1574187 0.6273628 -0.7626501
vn -0.1574187 0.6273627 0.7626502
vn -0.1472266 0.4915860 0.8582934
vn -0.1727796 0.7030277 -0.6898546
vn -0.1876993 0.7855963 -0.5895824
vn -0.1876993 0.7855963 0.5895824
vn -0.1727796 0.7030276 0.6898546
vn -0.2327122 0.7876278 -0.5705150
vn -0.2996834 0.8515838 -0.4301104
vn -0.3070197 0.9123976 -0.2706832
vn -0.2692117 0.9003070 -0.3420124
vn -0.3070197 0.9123976 0.2706834
vn -0.2692116 0.9003070 0.3420122
vn -0.2996835 0.8515837 0.4301105
vn -0.2327123 0.7876279 0.5705149
vn -0.1890354 0.9636717 -0.1886863
vn -0.0682229 0.9969541 -0.0377925
vn -0.0445484 0.9990072 0.0000000
vn -0.0682229 0.9969541 0.0377925
vn -0.1890354 0.9636717 0.1886864
vn -0.0273903 -0.9803743 -0.1952330
vn -0.0922834 -0.8207929 -0.5637222
vn -0.0022804 -0.9997205 -0.0235307
vn -0.0000315 -0.9999995 -0.0010152
vn -0.0000001 -1.0000000 -0.0000119
vn 0.0000000 -1.0000000 -0.0000000
vn 0.0000000 -1.0000000 0.0000000
vn 0.0000000 -1.0000000 0.0000000
vn -0.0000001 -1.0000000 0.0000119
vn -0.0000315 -0.9999995 0.0010152
vn -0.0022804 -0.9997205 0.0235306
vn -0.0273903 -0.9803742 0.1952334
vn -0.0922834 -0.8207927 0.5637226
vn -0.2049275 -0.1813346 -0.9618329
vn -0.1399035 -0.4056445 -0.9032605
vn -0.1371101 -0.1872571 -0.9726951
vn -0.1399034 -0.4056443 0.9032606
vn -0.2049274 -0.1813346 0.9618329
vn -0.1371100 -0.1872570 0.9726951
vn -0.1312983 -0.0335318 -0.9907756
vn -0.1312983 -0.0335318 0.9907756
vn -0.1305531 0.0036094 -0.9914348
vn -0.1305531 0.0036094 0.9914348
vn -0.1305769 0.0102725 -0.9913850
vn -0.1305768 0.0102725 0.9913850
vn -0.1306340 0.0133505 -0.9913408
vn -0.1306340 0.0133505 0.9913408
vn -0.1307043 0.0157000 -0.9912971
vn -0.1307042 0.0157000 0.9912971
vn -0.1307840 0.0173412 -0.9912592
vn -0.1307840 0.0173412 0.9912592
vn -0.1953666 0.0182428 -0.9805606
vn -0.1308696 0.0182742 -0.9912311
vn -0.1953665 0.0182427 0.9805607
vn -0.1308696 0.0182742 0.9912311
vn -0.1875257 0.0184740 -0.9820860
vn -0.1309576 0.0184991 -0.9912153
vn -0.1875256 0.0184740 0.9820860
vn -0.1309576 0.0184991 0.9912153
vn -0.1797517 0.0179973 -0.9835474
vn -0.1310445 0.0180159 -0.9912128
vn -0.1797516 0.0179973 0.9835474
vn -0.1310445 0.0180159 0.9912128
vn -0.1723436 0.0168121 -0.9848934
vn -0.1311272 0.0168250 -0.9912228
vn -0.1723435 0.0168121 0.9848934
vn -0.1311271 0.0168250 0.9912228
vn -0.1655978 0.0149176 -0.9860806
vn -0.1312023 0.0149260 -0.9912432
vn -0.1655977 0.0149176 0.9860806
vn -0.1312022 0.0149260 0.9912432
vn -0.1598086 0.0123137 -0.9870712
vn -0.1312669 0.0123187 -0.9912705
vn -0.1598085 0.0123137 0.9870712
vn -0.1312668 0.0123187 0.9912705
vn -0.1552688 0.0089980 -0.9878313
vn -0.1313177 0.0090008 -0.9912995
vn -0.1552687 0.0089980 0.9878314
vn -0.1313177 0.0090008 0.9912995
vn -0.1522721 0.0046322 -0.9883278
vn -0.1313518 0.0046323 -0.9913250
vn -0.1522720 0.0046322 0.9883277
vn -0.1313517 0.0046323 0.9913250
vn -0.1513986 -0.0028793 -0.9884686
vn -0.1313668 -0.0028885 -0.9913296
vn -0.1513985 -0.0028793 0.9884686
vn -0.1313667 -0.0028885 0.9913297
vn -0.1547229 -0.0151059 -0.9878424
vn -0.1313607 -0.0151393 -0.9912191
vn -0.1547228 -0.0151059 0.9878424
vn -0.1313605 -0.0151393 0.9912190
vn -0.1641659 -0.0289471 -0.9860079
vn -0.1313186 -0.0290238 -0.9909152
vn -0.1641658 -0.0289471 0.9860079
vn -0.1313185 -0.0290238 0.9909152
vn -0.1792024 -0.0409323 -0.9829603
vn -0.1312146 -0.0410586 -0.9905034
vn -0.1792023 -0.0409323 0.9829604
vn -0.1312146 -0.0410586 0.9905034
vn -0.1988154 -0.0505102 -0.9787345
vn -0.1310187 -0.0506626 -0.9900845
vn -0.1988153 -0.0505102 0.9787345
vn -0.1310186 -0.0506626 0.9900846
vn -0.1306987 -0.0578328 -0.9897339
vn -0.1306986 -0.0578328 0.9897339
vn -0.1302242 -0.0625742 -0.9895080
vn -0.1302241 -0.0625742 0.9895080
vn -0.1295680 -0.0648900 -0.9894450
vn -0.1295680 -0.0648900 0.9894450
vn -0.1287069 -0.0647791 -0.9895647
vn -0.1287068 -0.0647791 0.9895646
vn -0.1276222 -0.0622367 -0.9898682
vn -0.1276222 -0.0622367 0.9898682
vn -0.1262998 -0.0572559 -0.9903383
vn -0.1262998 -0.0572559 0.9903384
vn -0.1247295 -0.0498265 -0.9909389
vn -0.1247295 -0.0498265 0.9909389
vn -0.1229035 -0.0399372 -0.9916147
vn -0.1229035 -0.0399372 0.9916147
vn -0.1208154 -0.0276805 -0.9922890
vn -0.1208154 -0.0276805 0.9922890
vn -0.1184296 -0.0146372 -0.9928545
vn -0.1184295 -0.0146371 0.9928545
vn -0.1153988 -0.0068063 -0.9932959
vn -0.1153987 -0.0068063 0.9932959
vn -0.1107300 -0.0055948 -0.9938348
vn -0.1107300 -0.0055948 0.9938348
vn -0.1050426 -0.0057785 -0.9944510
vn -0.1050426 -0.0057785 0.9944510
vn -0.0995200 -0.0050879 -0.9950225
vn -0.0995199 -0.0050879 0.9950225
vn -0.0951209 -0.0001014 -0.9954657
vn -0.0951208 -0.0001014 0.9954657
vn -0.0926250 0.0452992 -0.9946702
vn -0.0926250 0.0452992 0.9946702
vn -0.0921684 0.2196147 -0.9712232
vn -0.0921684 0.2196147 0.9712232
vn -0.0946406 0.4387794 -0.8935971
vn -0.0946406 0.4387792 0.8935972
vn -0.0980316 0.5169547 -0.8503808
vn -0.1037149 0.6080376 -0.7871045
vn -0.1037149 0.6080375 0.7871046
vn -0.0980316 0.5169545 0.8503811
vn -0.1214150 0.7084372 -0.6952519
vn -0.1280222 0.7611133 -0.6358593
vn -0.1280222 0.7611132 0.6358593
vn -0.1214150 0.7084371 0.6952519
vn -0.1832624 0.7772790 -0.6018739
vn -0.2380622 0.8817254 -0.4072920
vn -0.1773786 0.8840060 -0.4325164
vn -0.2380624 0.8817252 0.4072922
vn -0.1773787 0.8840060 0.4325163
vn -0.1832625 0.7772791 0.6018739
vn -0.1584352 0.9197139 -0.3592002
vn -0.0380956 0.9972827 -0.0630548
vn -0.0039093 0.9999874 -0.0031791
vn -0.0005311 0.9999999 0.0000000
vn -0.0039093 0.9999874 0.0031791
vn -0.0380956 0.9972827 0.0630548
vn -0.1584354 0.9197137 0.3592004
vn -0.0114538 -0.9881251 -0.1532234
vn -0.0514090 -0.7926838 -0.6074614
vn -0.0008891 -0.9998875 -0.0149763
vn -0.0000115 -0.9999999 -0.0002463
vn -0.0000000 -1.0000000 -0.0000017
vn 0.0000000 -1.0000000 -0.0000000
vn 0.0000000 -1.0000000 0.0000000
vn 0.0000000 -1.0000000 0.0000000
vn -0.0000000 -1.0000000 0.0000017
vn -0.0000115 -0.9999999 0.0002463
vn -0.0008891 -0.9998875 0.0149763
vn -0.0114538 -0.9881251 0.1532238
vn -0.0514090 -0.7926838 0.6074616
vn -0.0657434 -0.5670029 -0.8210880
vn -0.0642268 -0.1887192 -0.9799286
vn -0.0657434 -0.5670027 0.8210881
vn -0.0642268 -0.1887193 0.9799286
vn -0.0619589 -0.0340482 -0.9974978
vn -0.0619589 -0.0340482 0.9974978
vn -0.0616741 0.0035182 -0.9980901
vn -0.0616740 0.0035182 0.9980901
vn -0.0616730 0.0102813 -0.9980435
vn -0.0616729 0.0102813 0.9980435
vn -0.0617008 0.0133650 -0.9980052
vn -0.0617008 0.0133650 0.9980052
vn -0.0617354 0.0157173 -0.9979688
vn -0.0617353 0.0157173 0.9979688
vn -0.0617745 0.0173606 -0.9979392
vn -0.0617745 0.0173605 0.9979392
vn -0.0618165 0.0182949 -0.9979199
vn -0.0618165 0.0182949 0.9979199
vn -0.0618596 0.0185203 -0.9979130
vn -0.0618596 0.0185203 0.9979130
vn -0.0619022 0.0180369 -0.9979193
vn -0.0619022 0.0180369 0.9979193
vn -0.0619427 0.0168448 -0.9979376
vn -0.0619427 0.0168448 0.9979376
vn -0.0619795 0.0149438 -0.9979655
vn -0.0619795 0.0149438 0.9979655
vn -0.0620112 0.0123335 -0.9979993
vn -0.0620111 0.0123335 0.9979993
vn -0.0620361 0.0090117 -0.9980332
vn -0.0620360 0.0090117 0.9980332
vn -0.0620527 0.0046360 -0.9980621
vn -0.0620527 0.0046360 0.9980621
vn -0.0620600 -0.0029096 -0.9980682
vn -0.0620599 -0.0029096 0.9980682
vn -0.0620563 -0.0152087 -0.9979568
vn -0.0620563 -0.0152087 0.9979568
vn -0.0620345 -0.0291357 -0.9976487
vn -0.0620344 -0.0291357 0.9976487
vn -0.0619823 -0.0411790 -0.9972274
vn -0.0619822 -0.0411790 0.9972274
vn -0.0618857 -0.0507538 -0.9967920
vn -0.0618857 -0.0507537 0.9967920
vn -0.0617298 -0.0578582 -0.9964145
vn -0.0617298 -0.0578581 0.9964145
vn -0.0615005 -0.0624991 -0.9961483
vn -0.0615005 -0.0624991 0.9961483
vn -0.0611850 -0.0646821 -0.9960284
vn -0.0611850 -0.0646821 0.9960284
vn -0.0607728 -0.0644086 -0.9960713
vn -0.0607727 -0.0644085 0.9960714
vn -0.0602551 -0.0616765 -0.9962757
vn -0.0602551 -0.0616765 0.9962757
vn -0.0596258 -0.0564818 -0.9966216
vn -0.0596258 -0.0564818 0.9966216
vn -0.0588802 -0.0488174 -0.9970707
vn -0.0588802 -0.0488174 0.9970707
vn -0.0580152 -0.0386750 -0.9975663
vn -0.0580152 -0.0386750 0.9975663
vn -0.0570280 -0.0261411 -0.9980303
vn -0.0570280 -0.0261411 0.9980303
vn -0.0559023 -0.0126801 -0.9983557
vn -0.0559023 -0.0126801 0.9983557
vn -0.0544753 -0.0039598 -0.9985073
vn -0.0544753 -0.0039598 0.9985073
vn -0.0522792 -0.0017528 -0.9986309
vn -0.0522792 -0.0017528 0.9986309
vn -0.0496043 -0.0016217 -0.9987676
vn -0.0496043 -0.0016217 0.9987676
vn -0.0470066 -0.0014110 -0.9988936
vn -0.0470066 -0.0014110 0.9988936
vn -0.0449366 0.0024296 -0.9989869
vn -0.0449366 0.0024296 0.9989869
vn -0.0437622 0.0457113 -0.9979957
vn -0.0437622 0.0457113 0.9979957
vn -0.0435854 0.2161008 -0.9753978
vn -0.0435854 0.2161008 0.9753978
vn -0.0449092 0.4311299 -0.9011715
vn -0.0449092 0.4311298 0.9011716
vn -0.0471607 0.5298281 -0.8467929
vn -0.0494150 0.5959064 -0.8015321
vn -0.0494150 0.5959063 0.8015322
vn -0.0471607 0.5298278 0.8467929
vn -0.0607730 0.7102413 -0.7013301
vn -0.0627304 0.7402655 -0.6693817
vn -0.0627304 0.7402654 0.6693817
vn -0.0607730 0.7102413 0.7013302
vn -0.0979232 0.7879246 -0.6079357
vn -0.0660824 0.8976618 -0.4357021
vn -0.0660824 0.8976617 0.4357021
vn -0.0979232 0.7879247 0.6079355
vn -0.0354306 0.9618670 -0.2712129
vn -0.0029887 0.9994647 -0.0325812
vn -0.0000431 1.0000000 -0.0002421
vn -0.0000016 1.0000000 0.0000000
vn -0.0000431 1.0000000 0.0002421
vn -0.0029887 0.9994647 0.0325812
vn -0.0354307 0.9618670 0.2712133
vn 0.0008364 -0.9898262 -0.1422793
vn 0.0052820 -0.7796016 -0.6262535
vn 0.0000357 -0.9999144 -0.0130852
vn 0.0000005 -1.0000000 -0.0001331
vn 0.0000000 -1.0000000 -0.0000003
vn 0.0000000 -1.0000000 0.0000000
vn 0.0000000 -1.0000000 0.0000000
vn 0.0000000 -1.0000000 0.0000000
vn 0.0000000 -1.0000000 0.0000003
vn 0.0000005 -1.0000000 0.0001331
vn 0.0000357 -0.9999144 0.0130852
vn 0.0008364 -0.9898261 0.1422797
vn 0.0052820 -0.7796016 0.6262534
vn 0.0063999 -0.6136677 -0.7895384
vn 0.0061586 -0.1894473 -0.9818715
vn 0.0063999 -0.6136674 0.7895387
vn 0.0061586 -0.1894474 0.9818715
vn 0.0061443 -0.0346828 -0.9993795
vn 0.0061443 -0.0346828 0.9993795
vn 0.0061540 0.0033969 -0.9999753
vn 0.0061540 0.0033969 0.9999753
vn 0.0061534 0.0102824 -0.9999282
vn 0.0061534 0.0102824 0.9999282
vn 0.0061562 0.0133691 -0.9998916
vn 0.0061562 0.0133691 0.9998916
vn 0.0061597 0.0157222 -0.9998574
vn 0.0061597 0.0157222 0.9998574
vn 0.0061636 0.0173660 -0.9998302
vn 0.0061636 0.0173660 0.9998302
vn 0.0061678 0.0183007 -0.9998135
vn 0.0061678 0.0183007 0.9998135
vn 0.0061722 0.0185262 -0.9998093
vn 0.0061722 0.0185262 0.9998093
vn 0.0061765 0.0180427 -0.9998181
vn 0.0061765 0.0180427 0.9998181
vn 0.0061806 0.0168503 -0.9998389
vn 0.0061806 0.0168503 0.9998389
vn 0.0061843 0.0149487 -0.9998692
vn 0.0061843 0.0149487 0.9998692
vn 0.0061875 0.0123377 -0.9999047
vn 0.0061875 0.0123377 0.9999047
vn 0.0061900 0.0090147 -0.9999402
vn 0.0061900 0.0090147 0.9999402
vn 0.0061917 0.0046370 -0.9999701
vn 0.0061917 0.0046370 0.9999701
vn 0.0061924 -0.0029156 -0.9999766
vn 0.0061924 -0.0029156 0.9999766
vn 0.0061920 -0.0152285 -0.9998648
vn 0.0061920 -0.0152285 0.9998648
vn 0.0061898 -0.0291676 -0.9995553
vn 0.0061898 -0.0291676 0.9995553
vn 0.0061845 -0.0412133 -0.9991313
vn 0.0061845 -0.0412133 0.9991313
vn 0.0061747 -0.0507796 -0.9986908
vn 0.0061747 -0.0507796 0.9986908
vn 0.0061590 -0.0578652 -0.9983054
vn 0.0061590 -0.0578652 0.9983054
vn 0.0061360 -0.0624774 -0.9980276
vn 0.0061360 -0.0624774 0.9980276
vn 0.0061044 -0.0646224 -0.9978912
vn 0.0061044 -0.0646224 0.9978912
vn 0.0060631 -0.0643023 -0.9979121
vn 0.0060631 -0.0643023 0.9979120
vn 0.0060112 -0.0615160 -0.9980880
vn 0.0060112 -0.0615160 0.9980880
vn 0.0059483 -0.0562600 -0.9983985
vn 0.0059483 -0.0562600 0.9983984
vn 0.0058738 -0.0485281 -0.9988045
vn 0.0058738 -0.0485281 0.9988045
vn 0.0057874 -0.0383131 -0.9992490
vn 0.0057874 -0.0383131 0.9992490
vn 0.0056889 -0.0256995 -0.9996535
vn 0.0056889 -0.0256995 0.9996535
vn 0.0055766 -0.0121185 -0.9999110
vn 0.0055767 -0.0121185 0.9999110
vn 0.0054344 -0.0031427 -0.9999803
vn 0.0054344 -0.0031427 0.9999803
vn 0.0052156 -0.0006496 -0.9999862
vn 0.0052156 -0.0006496 0.9999862
vn 0.0049490 -0.0004277 -0.9999877
vn 0.0049490 -0.0004277 0.9999877
vn 0.0046902 -0.0003544 -0.9999890
vn 0.0046902 -0.0003544 0.9999890
vn 0.0044839 0.0031571 -0.9999850
vn 0.0044839 0.0031571 0.9999850
vn 0.0043669 0.0458303 -0.9989397
vn 0.0043669 0.0458303 0.9989397
vn 0.0043503 0.2150908 -0.9765844
vn 0.0043503 0.2150908 0.9765844
vn 0.0044869 0.4289131 -0.9033346
vn 0.0044869 0.4289131 0.9033347
vn 0.0047321 0.5332891 -0.8459198
vn 0.0049414 0.5922312 -0.8057529
vn 0.0049414 0.5922310 0.8057531
vn 0.0047321 0.5332889 0.8459200
vn 0.0061767 0.7104577 -0.7037128
vn 0.0063332 0.7325646 -0.6806680
vn 0.0063332 0.7325646 0.6806681
vn 0.0061768 0.7104577 0.7037128
vn 0.0104668 0.7938417 -0.6080344
vn 0.0077551 0.8989958 -0.4378888
vn 0.0077551 0.8989958 0.4378885
vn 0.0104668 0.7938418 0.6080343
vn 0.0041941 0.9700387 -0.2429147
vn 0.0003937 0.9996185 -0.0276177
vn 0.0000027 1.0000000 -0.0001918
vn 0.0000000 1.0000000 0.0000000
vn 0.0000027 1.0000000 0.0001918
vn 0.0003937 0.9996185 0.0276177
vn 0.0041942 0.9700385 0.2429151
vn 0.0139764 -0.9873363 -0.1580246
vn 0.0603128 -0.7975463 -0.6002351
vn 0.0011031 -0.9998755 -0.0157371
vn 0.0000145 -1.0000000 -0.0002817
vn 0.0000001 -1.0000000 -0.0000022
vn 0.0000000 -1.0000000 -0.0000000
vn 0.0000000 -1.0000000 0.0000000
vn 0.0000000 -1.0000000 0.0000000
vn 0.0000001 -1.0000000 0.0000022
vn 0.0000145 -1.0000000 0.0002817
vn 0.0011031 -0.9998755 0.0157371
vn 0.0139764 -0.9873362 0.1580250
vn 0.0603127 -0.7975464 0.6002350
vn 0.0790158 -0.5462061 -0.8339157
vn 0.0771017 -0.1882108 -0.9790975
vn 0.0790158 -0.5462057 0.8339159
vn 0.0771016 -0.1882107 0.9790975
vn 0.0743988 -0.0336652 -0.9966602
vn 0.0743987 -0.0336652 0.9966602
vn 0.0740839 0.0035898 -0.9972456
vn 0.0740839 0.0035898 0.9972456
vn 0.0740887 0.0102809 -0.9971987
vn 0.0740887 0.0102809 0.9971986
vn 0.0741222 0.0133632 -0.9971596
vn 0.0741221 0.0133632 0.9971596
vn 0.0741634 0.0157151 -0.9971223
vn 0.0741634 0.0157151 0.9971223
vn 0.0742102 0.0173581 -0.9970916
vn 0.0742102 0.0173581 0.9970916
vn 0.0742604 0.0182923 -0.9970711
vn 0.0742603 0.0182923 0.9970711
vn 0.0743120 0.0185176 -0.9970631
vn 0.0743119 0.0185176 0.9970631
vn 0.0743629 0.0180342 -0.9970682
vn 0.0743629 0.0180342 0.9970682
vn 0.0744113 0.0168423 -0.9970854
vn 0.0744113 0.0168423 0.9970854
vn 0.0744553 0.0149415 -0.9971124
vn 0.0744553 0.0149415 0.9971124
vn 0.0744931 0.0123317 -0.9971453
vn 0.0744931 0.0123317 0.9971453
vn 0.0745229 0.0090103 -0.9971786
vn 0.0745228 0.0090103 0.9971786
vn 0.0745428 0.0046355 -0.9972070
vn 0.0745428 0.0046355 0.9972070
vn 0.0745515 -0.0029069 -0.9972129
vn 0.0745514 -0.0029069 0.9972129
vn 0.0745472 -0.0151998 -0.9971017
vn 0.0745472 -0.0151998 0.9971017
vn 0.0745213 -0.0291214 -0.9967942
vn 0.0745213 -0.0291214 0.9967942
vn 0.0744591 -0.0411637 -0.9963741
vn 0.0744590 -0.0411637 0.9963741
vn 0.0743437 -0.0507422 -0.9959409
vn 0.0743437 -0.0507422 0.9959409
vn 0.0741572 -0.0578550 -0.9955669
vn 0.0741572 -0.0578550 0.9955669
vn 0.0738826 -0.0625088 -0.9953060
vn 0.0738825 -0.0625088 0.9953060
vn 0.0735045 -0.0647088 -0.9951934
vn 0.0735045 -0.0647087 0.9951934
vn 0.0730101 -0.0644560 -0.9952462
vn 0.0730101 -0.0644560 0.9952462
vn 0.0723891 -0.0617482 -0.9954632
vn 0.0723891 -0.0617482 0.9954632
vn 0.0716338 -0.0565809 -0.9958249
vn 0.0716338 -0.0565808 0.9958249
vn 0.0707388 -0.0489465 -0.9962933
vn 0.0707388 -0.0489465 0.9962933
vn 0.0697000 -0.0388365 -0.9968117
vn 0.0697000 -0.0388365 0.9968117
vn 0.0685142 -0.0263382 -0.9973024
vn 0.0685142 -0.0263382 0.9973024
vn 0.0671616 -0.0129307 -0.9976583
vn 0.0671616 -0.0129307 0.9976583
vn 0.0654467 -0.0043244 -0.9978467
vn 0.0654467 -0.0043244 0.9978467
vn 0.0628070 -0.0022450 -0.9980232
vn 0.0628070 -0.0022450 0.9980232
vn 0.0595917 -0.0021543 -0.9982205
vn 0.0595917 -0.0021543 0.9982205
vn 0.0564692 -0.0018822 -0.9984025
vn 0.0564692 -0.0018822 0.9984025
vn 0.0539813 0.0021051 -0.9985397
vn 0.0539813 0.0021051 0.9985397
vn 0.0525697 0.0456583 -0.9975730
vn 0.0525697 0.0456583 0.9975730
vn 0.0523513 0.2165512 -0.9748666
vn 0.0523513 0.2165512 0.9748666
vn 0.0539176 0.4321159 -0.9002048
vn 0.0539176 0.4321158 0.9002049
vn 0.0565154 0.5282494 -0.8472064
vn 0.0593014 0.5975164 -0.7996609
vn 0.0593013 0.5975162 0.7996609
vn 0.0565154 0.5282492 0.8472064
vn 0.0724320 0.7101173 -0.7003477
vn 0.0750198 0.7434922 -0.6645234
vn 0.0750198 0.7434922 0.6645234
vn 0.0724320 0.7101173 0.7003478
vn 0.1164055 0.7862927 -0.6067895
vn 0.0853442 0.8973795 -0.4329279
vn 0.0853443 0.8973793 0.4329279
vn 0.1164056 0.7862927 0.6067894
vn 0.0544137 0.9572830 -0.2839868
vn 0.0058816 0.9993083 -0.0367200
vn 0.0001007 0.9999998 -0.0006358
vn 0.0000169 1.0000000 0.0000000
vn 0.0001007 0.9999998 0.0006358
vn 0.0058816 0.9993083 0.0367200
vn 0.0544139 0.9572828 0.2839872
vn 0.0308655 -0.9779159 -0.2067068
vn 0.0976351 -0.8247518 -0.5570025
vn 0.0025917 -0.9996631 -0.0258267
vn 0.0000363 -0.9999993 -0.0012272
vn 0.0000002 -1.0000000 -0.0000149
vn 0.0000000 -1.0000000 -0.0000001
vn 0.0000000 -1.0000000 0.0000000
vn 0.0000000 -1.0000000 0.0000001
vn 0.0000002 -1.0000000 0.0000149
vn 0.0000363 -0.9999993 0.0012272
vn 0.0025917 -0.9996631 0.0258267
vn 0.0308655 -0.9779159 0.2067072
vn 0.0976351 -0.8247516 0.5570029
vn 0.1533838 -0.3656833 -0.9180137
vn 0.1507476 -0.1865837 -0.9708046
vn 0.1533837 -0.3656831 0.9180138
vn 0.1507476 -0.1865838 0.9708046
vn 0.1441619 -0.0334323 -0.9889892
vn 0.1441618 -0.0334323 0.9889892
vn 0.1432833 0.0036207 -0.9896751
vn 0.1432832 0.0036207 0.9896751
vn 0.1433105 0.0102698 -0.9896244
vn 0.1433104 0.0102698 0.9896245
vn 0.1433727 0.0133466 -0.9895787
vn 0.1433726 0.0133466 0.9895787
vn 0.1434490 0.0156954 -0.9895332
vn 0.1434489 0.0156954 0.9895332
vn 0.1435357 0.0173360 -0.9894933
vn 0.1435357 0.0173360 0.9894933
vn 0.1436288 0.0182687 -0.9894630
vn 0.1436288 0.0182687 0.9894630
vn 0.1437244 0.0184934 -0.9894450
vn 0.1437244 0.0184934 0.9894450
vn 0.1438189 0.0180103 -0.9894401
vn 0.1438189 0.0180103 0.9894401
vn 0.1439088 0.0168197 -0.9894480
vn 0.1439087 0.0168197 0.9894480
vn 0.1439905 0.0149212 -0.9894665
vn 0.1439904 0.0149212 0.9894666
vn 0.1440607 0.0123147 -0.9894922
vn 0.1440607 0.0123147 0.9894922
vn 0.1441160 0.0089978 -0.9895199
vn 0.1441160 0.0089978 0.9895199
vn 0.1441531 0.0046314 -0.9895446
vn 0.1441530 0.0046313 0.9895446
vn 0.1441695 -0.0028830 -0.9895488
vn 0.1441694 -0.0028830 0.9895489
vn 0.1441631 -0.0151211 -0.9894384
vn 0.1441630 -0.0151211 0.9894384
vn 0.1441180 -0.0289944 -0.9891356
vn 0.1441180 -0.0289944 0.9891356
vn 0.1440058 -0.0410268 -0.9887260
vn 0.1440057 -0.0410268 0.9887261
vn 0.1437930 -0.0506384 -0.9883114
vn 0.1437929 -0.0506384 0.9883114
vn 0.1434445 -0.0578258 -0.9879675
vn 0.1434444 -0.0578258 0.9879676
vn 0.1429268 -0.0625936 -0.9877520
vn 0.1429267 -0.0625935 0.9877520
vn 0.1422097 -0.0649440 -0.9877037
vn 0.1422097 -0.0649440 0.9877037
vn 0.1412678 -0.0648757 -0.9878434
vn 0.1412678 -0.0648757 0.9878434
vn 0.1400805 -0.0623830 -0.9881730
vn 0.1400805 -0.0623829 0.9881730
vn 0.1386320 -0.0574580 -0.9886758
vn 0.1386319 -0.0574579 0.9886758
vn 0.1369108 -0.0500900 -0.9893162
vn 0.1369107 -0.0500900 0.9893162
vn 0.1349084 -0.0402667 -0.9900395
vn 0.1349083 -0.0402667 0.9900395
vn 0.1326173 -0.0280823 -0.9907694
vn 0.1326173 -0.0280823 0.9907694
vn 0.1299983 -0.0151478 -0.9913985
vn 0.1299983 -0.0151478 0.9913985
vn 0.1266696 -0.0075489 -0.9919162
vn 0.1266696 -0.0075489 0.9919162
vn 0.1215405 -0.0065968 -0.9925646
vn 0.1215405 -0.0065968 0.9925646
vn 0.1152922 -0.0068623 -0.9933079
vn 0.1152922 -0.0068623 0.9933079
vn 0.1092250 -0.0060463 -0.9939987
vn 0.1092250 -0.0060463 0.9939987
vn 0.1043926 -0.0007609 -0.9945359
vn 0.1043926 -0.0007608 0.9945359
vn 0.1016510 0.0451922 -0.9937931
vn 0.1016510 0.0451922 0.9937931
vn 0.1011263 0.2205301 -0.9701236
vn 0.1011262 0.2205300 0.9701236
vn 0.1037449 0.4407566 -0.8916113
vn 0.1037449 0.4407564 0.8916113
vn 0.1071103 0.5133952 -0.8514417
vn 0.1135488 0.6110549 -0.7834018
vn 0.1135488 0.6110548 0.7834020
vn 0.1071102 0.5133949 0.8514417
vn 0.1314489 0.7078227 -0.6940520
vn 0.1390442 0.7657244 -0.6279593
vn 0.1390442 0.7657245 0.6279591
vn 0.1314489 0.7078227 0.6940520
vn 0.1945445 0.7787932 -0.5963503
vn 0.1982906 0.8836372 -0.4241063
vn 0.1982907 0.8836372 0.4241062
vn 0.1945446 0.7787932 0.5963501
vn 0.1880073 0.9055917 -0.3802062
vn 0.0504595 0.9953628 -0.0818945
vn 0.0093944 0.9999375 -0.0060543
vn 0.0027706 0.9999962 0.0000000
vn 0.0093944 0.9999375 0.0060543
vn 0.0504595 0.9953628 0.0818947
vn 0.1880076 0.9055914 0.3802068
vn 0.0548405 -0.9535016 -0.2963566
vn 0.1192525 -0.8296978 -0.5453259
vn 0.0054318 -0.9990640 -0.0429135
vn 0.0002222 -0.9999960 -0.0028238
vn 0.0000040 -1.0000000 -0.0000384
vn 0.0000000 -1.0000000 -0.0000002
vn 0.0000000 -1.0000000 0.0000000
vn 0.0000000 -1.0000000 0.0000002
vn 0.0000040 -1.0000000 0.0000384
vn 0.0002222 -0.9999960 0.0028238
vn 0.0054318 -0.9990640 0.0429135
vn 0.0548405 -0.9535015 0.2963571
vn 0.1192524 -0.8296980 0.5453256
vn 0.2032850 -0.1813859 -0.9621717
vn 0.2237934 -0.1917552 -0.9555870
vn 0.2032849 -0.1813859 0.9621717
vn 0.2237933 -0.1917553 0.9555870
vn 0.2179949 -0.0643480 -0.9738262
vn 0.2159968 -0.0329394 -0.9758382
vn 0.2179948 -0.0643479 0.9738262
vn 0.2159968 -0.0329394 0.9758383
vn 0.2148413 0.0035900 -0.9766424
vn 0.2148412 0.0035900 0.9766424
vn 0.2148850 0.0102473 -0.9765856
vn 0.2148849 0.0102473 0.9765856
vn 0.2149405 0.0121904 -0.9765511
vn 0.2132024 0.0133185 -0.9769173
vn 0.2150222 0.0133174 -0.9765183
vn 0.2132023 0.0133185 0.9769173
vn 0.2150221 0.0133174 0.9765183
vn 0.2149404 0.0121904 0.9765511
vn 0.2074061 0.0156671 -0.9781295
vn 0.2152965 0.0156618 -0.9764231
vn 0.2074060 0.0156671 0.9781295
vn 0.2152964 0.0156618 0.9764231
vn 0.2008317 0.0173102 -0.9794728
vn 0.2156075 0.0172999 -0.9763268
vn 0.2008316 0.0173102 0.9794728
vn 0.2156074 0.0172999 0.9763269
vn 0.1937610 0.0182471 -0.9808791
vn 0.2159417 0.0182317 -0.9762360
vn 0.1937609 0.0182471 0.9808791
vn 0.2159417 0.0182317 0.9762360
vn 0.1864751 0.0184766 -0.9822859
vn 0.2162856 0.0184570 -0.9761556
vn 0.1864750 0.0184766 0.9822860
vn 0.2162856 0.0184569 0.9761557
vn 0.1792538 0.0179983 -0.9836382
vn 0.2166261 0.0179758 -0.9760891
vn 0.1792537 0.0179983 0.9836382
vn 0.2166260 0.0179758 0.9760891
vn 0.1723734 0.0168117 -0.9848882
vn 0.2169501 0.0167883 -0.9760383
vn 0.1723733 0.0168117 0.9848883
vn 0.2169500 0.0167883 0.9760383
vn 0.1661093 0.0149164 -0.9859946
vn 0.2172450 0.0148940 -0.9760035
vn 0.1661092 0.0149164 0.9859946
vn 0.2172449 0.0148940 0.9760035
vn 0.1607346 0.0123121 -0.9869209
vn 0.2174982 0.0122927 -0.9759833
vn 0.1607345 0.0123121 0.9869209
vn 0.2174981 0.0122928 0.9759833
vn 0.1565201 0.0089965 -0.9876338
vn 0.2176972 0.0089821 -0.9759750
vn 0.1565201 0.0089965 0.9876338
vn 0.2176971 0.0089821 0.9759751
vn 0.1537387 0.0046314 -0.9881007
vn 0.2178294 0.0046272 -0.9759759
vn 0.1537386 0.0046314 0.9881007
vn 0.2178293 0.0046272 0.9759759
vn 0.1529282 -0.0028787 -0.9882331
vn 0.2178765 -0.0028445 -0.9759722
vn 0.1529282 -0.0028787 0.9882331
vn 0.2178764 -0.0028445 0.9759722
vn 0.1560168 -0.0151033 -0.9876389
vn 0.2177841 -0.0149973 -0.9758818
vn 0.1560167 -0.0151033 0.9876389
vn 0.2177841 -0.0149973 0.9758818
vn 0.1647893 -0.0289443 -0.9859040
vn 0.2174797 -0.0287947 -0.9756400
vn 0.1647892 -0.0289443 0.9859040
vn 0.2174796 -0.0287947 0.9756400
vn 0.1787585 -0.0409343 -0.9830410
vn 0.2169311 -0.0408102 -0.9753335
vn 0.1787584 -0.0409342 0.9830410
vn 0.2169310 -0.0408102 0.9753336
vn 0.1969835 -0.0505244 -0.9791041
vn 0.2161111 -0.0504696 -0.9750635
vn 0.1969834 -0.0505244 0.9791041
vn 0.2161110 -0.0504696 0.9750635
vn 0.2151664 -0.0566391 -0.9749335
vn 0.2150878 -0.0577695 -0.9748846
vn 0.2151663 -0.0566390 0.9749335
vn 0.2150877 -0.0577694 0.9748846
vn 0.2143411 -0.0627279 -0.9747426
vn 0.2143410 -0.0627279 0.9747426
vn 0.2132975 -0.0653310 -0.9748005
vn 0.2132974 -0.0653310 0.9748005
vn 0.2119174 -0.0655721 -0.9750853
vn 0.2119173 -0.0655721 0.9750853
vn 0.2101686 -0.0634401 -0.9756047
vn 0.2101685 -0.0634401 0.9756047
vn 0.2080257 -0.0589215 -0.9763471
vn 0.2080256 -0.0589214 0.9763471
vn 0.2054696 -0.0519992 -0.9772811
vn 0.2054695 -0.0519992 0.9772812
vn 0.2024856 -0.0426549 -0.9783559
vn 0.2024855 -0.0426549 0.9783558
vn 0.1990604 -0.0309940 -0.9794970
vn 0.1990604 -0.0309939 0.9794970
vn 0.1951318 -0.0188479 -0.9805959
vn 0.1951317 -0.0188479 0.9805959
vn 0.1901188 -0.0129293 -0.9816759
vn 0.1901187 -0.0129294 0.9816760
vn 0.1823805 -0.0138546 -0.9831304
vn 0.1823805 -0.0138546 0.9831304
vn 0.1729524 -0.0147084 -0.9848204
vn 0.1729523 -0.0147084 0.9848204
vn 0.1638002 -0.0129813 -0.9864081
vn 0.1638002 -0.0129813 0.9864081
vn 0.1565152 -0.0055310 -0.9876600
vn 0.1565152 -0.0055310 0.9876601
vn 0.1523831 0.0444226 -0.9873226
vn 0.1523831 0.0444226 0.9873226
vn 0.1513370 0.2271436 -0.9620306
vn 0.1513370 0.2271435 0.9620306
vn 0.1542329 0.4548453 -0.8771134
vn 0.1542328 0.4548452 0.8771135
vn 0.1559847 0.4852582 -0.8603449
vn 0.1670388 0.6315398 -0.7571364
vn 0.1670388 0.6315397 0.7571365
vn 0.1559847 0.4852580 0.8603449
vn 0.1811473 0.7013301 -0.6894358
vn 0.1976216 0.7893051 -0.5813288
vn 0.1976216 0.7893051 0.5813287
vn 0.1811473 0.7013301 0.6894357
vn 0.2372902 0.7904648 -0.5646757
vn 0.3060791 0.8486584 -0.4313867
vn 0.2328460 0.8833240 -0.4068434
vn 0.2809003 0.9025565 -0.3263232
vn 0.2328460 0.8833238 0.4068436
vn 0.2809003 0.9025565 0.3263233
vn 0.3060785 0.8486587 0.4313865
vn 0.2372902 0.7904649 0.5646756
vn 0.2307673 0.9486601 -0.2163113
vn 0.1057216 0.9932217 -0.0483068
vn 0.0653315 0.9978637 0.0000000
vn 0.1057216 0.9932217 0.0483068
vn 0.2307673 0.9486600 0.2163114
vn 0.1277488 -0.8874308 -0.4428847
vn 0.1692826 -0.7974606 -0.5791373
vn 0.0198134 -0.9972317 -0.0716676
vn 0.0015982 -0.9999778 -0.0064684
vn 0.0000462 -1.0000000 -0.0002365
vn 0.0000035 -1.0000000 -0.0000041
vn 0.0000005 -1.0000000 0.0000000
vn 0.0000035 -1.0000000 0.0000041
vn 0.0000462 -1.0000000 0.0002365
vn 0.0015982 -0.9999778 0.0064685
vn 0.0198134 -0.9972317 0.0716676
vn 0.1277488 -0.8874305 0.4428851
vn 0.1692825 -0.7974606 0.5791372
vn 0.2956529 -0.2105281 -0.9318087
vn 0.2956528 -0.2105281 0.9318087
vn 0.2202912 -0.0328825 -0.9748797
vn 0.2943609 -0.0395350 -0.9548762
vn 0.2202911 -0.0328825 0.9748798
vn 0.2943608 -0.0395350 0.9548763
vn 0.2195272 0.0035877 -0.9755998
vn 0.2930511 0.0028729 -0.9560925
vn 0.2195271 0.0035877 0.9755998
vn 0.2930510 0.0028729 0.9560925
vn 0.2170885 0.0102468 -0.9760981
vn 0.2931531 0.0102224 -0.9560108
vn 0.2170884 0.0102468 0.9760982
vn 0.2931531 0.0102224 0.9560109
vn 0.2934280 0.0132945 -0.9558887
vn 0.2934279 0.0132945 0.9558887
vn 0.2937659 0.0156345 -0.9557495
vn 0.2937659 0.0156345 0.9557496
vn 0.2941495 0.0172692 -0.9556034
vn 0.2941495 0.0172692 0.9556034
vn 0.2945621 0.0181988 -0.9554590
vn 0.2945621 0.0181988 0.9554591
vn 0.2949870 0.0184230 -0.9553236
vn 0.2949868 0.0184230 0.9553237
vn 0.2954078 0.0179421 -0.9552028
vn 0.2954077 0.0179421 0.9552028
vn 0.2958087 0.0167562 -0.9551002
vn 0.2958086 0.0167562 0.9551002
vn 0.2961739 0.0148651 -0.9550183
vn 0.2961738 0.0148651 0.9550183
vn 0.2964877 0.0122685 -0.9549578
vn 0.2964876 0.0122685 0.9549579
vn 0.2967345 0.0089642 -0.9549180
vn 0.2967343 0.0089642 0.9549180
vn 0.2968986 0.0046235 -0.9548978
vn 0.2968985 0.0046235 0.9548979
vn 0.2969583 -0.0027899 -0.9548864
vn 0.2969582 -0.0027899 0.9548864
vn 0.2968511 -0.0148256 -0.9548087
vn 0.2968511 -0.0148256 0.9548087
vn 0.2964893 -0.0285239 -0.9546102
vn 0.2964892 -0.0285239 0.9546101
vn 0.2958258 -0.0405315 -0.9543816
vn 0.2958257 -0.0405315 0.9543816
vn 0.2948183 -0.0502840 -0.9542294
vn 0.2948183 -0.0502840 0.9542294
vn 0.2175491 -0.0577694 -0.9743383
vn 0.2934224 -0.0577712 -0.9542357
vn 0.2175490 -0.0577694 0.9743383
vn 0.2934223 -0.0577712 0.9542357
vn 0.2345610 -0.0627958 -0.9700710
vn 0.2915983 -0.0629888 -0.9544647
vn 0.2345609 -0.0627957 0.9700711
vn 0.2915982 -0.0629888 0.9544647
vn 0.2524931 -0.0656396 -0.9653697
vn 0.2893147 -0.0659294 -0.9549609
vn 0.2524931 -0.0656395 0.9653698
vn 0.2893147 -0.0659293 0.9549609
vn 0.2706174 -0.0663659 -0.9603966
vn 0.2865505 -0.0665806 -0.9557489
vn 0.2706173 -0.0663659 0.9603967
vn 0.2865504 -0.0665806 0.9557489
vn 0.2840605 -0.0653177 -0.9565790
vn 0.2835186 -0.0649371 -0.9567656
vn 0.2840604 -0.0653177 0.9565789
vn 0.2835186 -0.0649371 0.9567656
vn 0.2806805 -0.0610044 -0.9578606
vn 0.2806804 -0.0610043 0.9578606
vn 0.2772802 -0.0547245 -0.9592293
vn 0.2772802 -0.0547244 0.9592294
vn 0.2732951 -0.0460695 -0.9608264
vn 0.2732950 -0.0460695 0.9608265
vn 0.2687039 -0.0351608 -0.9625809
vn 0.2687038 -0.0351608 0.9625809
vn 0.2634154 -0.0241459 -0.9643803
vn 0.2634152 -0.0241459 0.9643803
vn 0.2566293 -0.0206351 -0.9662896
vn 0.2566292 -0.0206351 0.9662896
vn 0.2461276 -0.0242440 -0.9689341
vn 0.2461275 -0.0242440 0.9689342
vn 0.2333352 -0.0259316 -0.9720505
vn 0.2333352 -0.0259316 0.9720505
vn 0.2209272 -0.0228947 -0.9750215
vn 0.2209271 -0.0228947 0.9750215
vn 0.2110642 -0.0123460 -0.9773942
vn 0.2110642 -0.0123460 0.9773942
vn 0.2054757 0.0433301 -0.9777026
vn 0.2054757 0.0433301 0.9777026
vn 0.2035582 0.2365474 -0.9500576
vn 0.2035582 0.2365474 0.9500576
vn 0.2061750 0.4169133 -0.8852543
vn 0.1783901 0.4641232 -0.8676212
vn 0.2065398 0.4748040 -0.8555130
vn 0.1783901 0.4641231 0.8676213
vn 0.2065397 0.4748038 0.8555131
vn 0.2061749 0.4169132 0.8852544
vn 0.2195250 0.6603501 -0.7181550
vn 0.2195250 0.6603500 0.7181550
vn 0.2245198 0.6899728 -0.6881341
vn 0.2521880 0.8187840 -0.5157461
vn 0.2521880 0.8187839 0.5157461
vn 0.2245198 0.6899727 0.6881341
vn 0.2532502 0.8188167 -0.5151734
vn 0.3330917 0.8510119 -0.4059910
vn 0.3628447 0.8856349 -0.2898182
vn 0.3088670 0.9139121 -0.2633741
vn 0.3697013 0.9096141 -0.1895338
vn 0.3088669 0.9139120 0.2633743
vn 0.3697013 0.9096141 0.1895338
vn 0.3628447 0.8856349 0.2898183
vn 0.3330917 0.8510118 0.4059911
vn 0.2532502 0.8188167 0.5151732
vn 0.3645286 0.9163684 -0.1654925
vn 0.3427662 0.9394208 0.0000000
vn 0.3645286 0.9163684 0.1654925
vn 0.2413656 -0.7663332 -0.5953790
vn 0.2545457 -0.7870050 -0.5619871
vn 0.0648290 -0.9867540 -0.1487066
vn 0.0085321 -0.9997274 -0.0217320
vn 0.0006799 -0.9999985 -0.0016271
vn 0.0000709 -1.0000000 -0.0000459
vn 0.0000430 -1.0000000 0.0000000
vn 0.0000709 -1.0000000 0.0000459
vn 0.0006799 -0.9999985 0.0016271
vn 0.0085322 -0.9997274 0.0217321
vn 0.0648290 -0.9867541 0.1487065
vn 0.2413661 -0.7663323 0.5953798
vn 0.2545457 -0.7870046 0.5619877
vn 0.3189428 -0.6320985 -0.7062061
vn 0.3772584 -0.1933088 -0.9057085
vn 0.3189424 -0.6320989 0.7062058
vn 0.3772583 -0.1933088 0.9057086
vn 0.3778230 -0.0359387 -0.9251801
vn 0.3778229 -0.0359387 0.9251801
vn 0.3774471 0.0032423 -0.9260255
vn 0.3774470 0.0032423 0.9260255
vn 0.3776408 0.0102024 -0.9258959
vn 0.3776408 0.0102025 0.9258960
vn 0.3779575 0.0132622 -0.9257279
vn 0.3779575 0.0132622 0.9257279
vn 0.3783466 0.0155955 -0.9255326
vn 0.3783465 0.0155955 0.9255326
vn 0.3787886 0.0172249 -0.9253229
vn 0.3787885 0.0172249 0.9253230
vn 0.3792642 0.0181505 -0.9251104
vn 0.3792641 0.0181505 0.9251105
vn 0.3797545 0.0183725 -0.9249048
vn 0.3797545 0.0183725 0.9249048
vn 0.3802408 0.0178913 -0.9247145
vn 0.3802407 0.0178913 0.9247145
vn 0.3807042 0.0167073 -0.9245459
vn 0.3807042 0.0167074 0.9245459
vn 0.3811268 0.0148206 -0.9244040
vn 0.3811268 0.0148206 0.9244040
vn 0.3814902 0.0122309 -0.9242920
vn 0.3814902 0.0122309 0.9242920
vn 0.3817763 0.0089363 -0.9242116
vn 0.3817762 0.0089363 0.9242116
vn 0.3819667 0.0046165 -0.9241645
vn 0.3819666 0.0046165 0.9241646
vn 0.3820374 -0.0027152 -0.9241428
vn 0.3820373 -0.0027151 0.9241429
vn 0.3819220 -0.0145879 -0.9240794
vn 0.3819220 -0.0145879 0.9240794
vn 0.3815140 -0.0281484 -0.9239343
vn 0.3815140 -0.0281484 0.9239344
vn 0.3807376 -0.0401443 -0.9238113
vn 0.3807375 -0.0401443 0.9238114
vn 0.3795426 -0.0500254 -0.9238208
vn 0.3795425 -0.0500254 0.9238208
vn 0.3778858 -0.0577756 -0.9240478
vn 0.3778858 -0.0577756 0.9240478
vn 0.3756999 -0.0633829 -0.9245714
vn 0.3756998 -0.0633829 0.9245714
vn 0.3729277 -0.0668303 -0.9254505
vn 0.3729276 -0.0668303 0.9254506
vn 0.3694944 -0.0680959 -0.9267345
vn 0.3694942 -0.0680959 0.9267346
vn 0.2871631 -0.0650337 -0.9556714
vn 0.3653682 -0.0671513 -0.9284378
vn 0.2871630 -0.0650337 0.9556715
vn 0.3653681 -0.0671512 0.9284378
vn 0.2992024 -0.0616865 -0.9521936
vn 0.3605649 -0.0639642 -0.9305382
vn 0.2992023 -0.0616865 0.9521937
vn 0.3605649 -0.0639641 0.9305383
vn 0.3094944 -0.0562889 -0.9492338
vn 0.3550987 -0.0584999 -0.9329966
vn 0.3094943 -0.0562888 0.9492338
vn 0.3550985 -0.0584999 0.9329967
vn 0.3174447 -0.0487944 -0.9470206
vn 0.3489665 -0.0507227 -0.9357615
vn 0.3174445 -0.0487943 0.9470206
vn 0.3489664 -0.0507226 0.9357616
vn 0.3224387 -0.0392877 -0.9457747
vn 0.3421565 -0.0407796 -0.9387577
vn 0.3224386 -0.0392877 0.9457747
vn 0.3421563 -0.0407796 0.9387577
vn 0.3238552 -0.0301937 -0.9456248
vn 0.3345686 -0.0312447 -0.9418533
vn 0.3238550 -0.0301937 0.9456248
vn 0.3345684 -0.0312447 0.9418533
vn 0.3213332 -0.0303597 -0.9464794
vn 0.3251390 -0.0309190 -0.9451607
vn 0.3213331 -0.0303597 0.9464794
vn 0.3251389 -0.0309190 0.9451607
vn 0.3189626 -0.0340263 -0.9471563
vn 0.3112289 -0.0380738 -0.9495720
vn 0.3189625 -0.0340263 0.9471564
vn 0.3112287 -0.0380738 0.9495721
vn 0.2947803 -0.0408598 -0.9546911
vn 0.2947801 -0.0408598 0.9546912
vn 0.2790957 -0.0360680 -0.9595857
vn 0.2790956 -0.0360680 0.9595857
vn 0.2671197 -0.0213887 -0.9634260
vn 0.2671196 -0.0213887 0.9634260
vn 0.2607371 0.0419011 -0.9645001
vn 0.2607370 0.0419010 0.9645002
vn 0.2579421 0.2489287 -0.9335418
vn 0.2579420 0.2489286 0.9335418
vn 0.2589022 0.2827312 -0.9235978
vn 0.2613853 0.5010975 -0.8249721
vn 0.2613852 0.5010974 0.8249722
vn 0.2589021 0.2827311 0.9235978
vn 0.2689562 0.6600531 -0.7014218
vn 0.2454613 0.6780971 -0.6927720
vn 0.2716781 0.6960846 -0.6645730
vn 0.2454613 0.6780972 0.6927720
vn 0.2716781 0.6960847 0.6645730
vn 0.2689561 0.6600531 0.7014217
vn 0.2852883 0.8054880 -0.5194225
vn 0.2530642 0.8196474 -0.5139424
vn 0.2900032 0.8615415 -0.4167065
vn 0.2530643 0.8196474 0.5139422
vn 0.2900032 0.8615415 0.4167064
vn 0.2852883 0.8054881 0.5194223
vn 0.3157570 0.8691701 -0.3805795
vn 0.3448764 0.9026036 -0.2576181
vn 0.3680460 0.9211118 -0.1268665
vn 0.3697465 0.9146123 -0.1636210
vn 0.3801773 0.9249136 0.0000000
vn 0.3699918 0.9290349 0.0000000
vn 0.3680460 0.9211118 0.1268665
vn 0.3697465 0.9146123 0.1636211
vn 0.3448764 0.9026035 0.2576182
vn 0.3157570 0.8691701 0.3805796
vn 0.1988608 -0.9181480 -0.3427222
vn 0.2872180 -0.8135017 -0.5056885
vn 0.0461028 -0.9967614 -0.0658882
vn 0.0085829 -0.9999260 -0.0086255
vn 0.0028612 -0.9999956 -0.0006424
vn 0.0021239 -0.9999978 0.0000000
vn 0.0028612 -0.9999956 0.0006424
vn 0.0085829 -0.9999260 0.0086255
vn 0.0461029 -0.9967613 0.0658883
vn 0.1988608 -0.9181482 0.3427219
vn 0.2872182 -0.8135016 0.5056885
vn 0.4435245 -0.1838030 -0.8772129
vn 0.4700553 -0.1955817 -0.8606949
vn 0.4435246 -0.1838028 0.8772129
vn 0.4700554 -0.1955817 0.8606949
vn 0.4559658 -0.0339634 -0.8893490
vn 0.4699653 -0.0350982 -0.8819869
vn 0.4559657 -0.0339634 0.8893490
vn 0.4699654 -0.0350981 0.8819868
vn 0.4559666 0.0033397 -0.8899907
vn 0.4697095 0.0032768 -0.8828150
vn 0.4559667 0.0033397 0.8899906
vn 0.4697093 0.0032768 0.8828151
vn 0.4543731 0.0101658 -0.8907534
vn 0.4701752 0.0101682 -0.8825145
vn 0.4543730 0.0101658 0.8907535
vn 0.4701751 0.0101682 0.8825146
vn 0.4521611 0.0132145 -0.8918384
vn 0.4708490 0.0132190 -0.8821148
vn 0.4521611 0.0132145 0.8918384
vn 0.4708490 0.0132190 0.8821148
vn 0.4494529 0.0155413 -0.8931688
vn 0.4716761 0.0155474 -0.8816348
vn 0.4494530 0.0155413 0.8931688
vn 0.4716761 0.0155474 0.8816348
vn 0.4463797 0.0171674 -0.8946790
vn 0.4726165 0.0171750 -0.8811008
vn 0.4463797 0.0171674 0.8946790
vn 0.4726164 0.0171750 0.8811008
vn 0.4430716 0.0180927 -0.8963036
vn 0.4736297 0.0181016 -0.8805380
vn 0.4430715 0.0180926 0.8963037
vn 0.4736297 0.0181016 0.8805380
vn 0.4396591 0.0183169 -0.8979779
vn 0.4746757 0.0183268 -0.8799700
vn 0.4396592 0.0183169 0.8979778
vn 0.4746758 0.0183268 0.8799699
vn 0.4362726 0.0178400 -0.8996377
vn 0.4757145 0.0178504 -0.8794186
vn 0.4362725 0.0178401 0.8996378
vn 0.4757145 0.0178504 0.8794186
vn 0.4330418 0.0166621 -0.9012198
vn 0.4767062 0.0166722 -0.8789046
vn 0.4330418 0.0166621 0.9012198
vn 0.4767063 0.0166722 0.8789045
vn 0.4300971 0.0147826 -0.9026617
vn 0.4776114 0.0147918 -0.8784467
vn 0.4300970 0.0147826 0.9026617
vn 0.4776112 0.0147918 0.8784467
vn 0.4275676 0.0122012 -0.9039010
vn 0.4783902 0.0122090 -0.8780624
vn 0.4275675 0.0122012 0.9039010
vn 0.4783903 0.0122090 0.8780625
vn 0.4255830 0.0089155 -0.9048755
vn 0.4790031 0.0089213 -0.8777679
vn 0.4255829 0.0089155 0.9048755
vn 0.4790031 0.0089213 0.8777679
vn 0.4242732 0.0046106 -0.9055225
vn 0.4794101 0.0046192 -0.8775789
vn 0.4242732 0.0046106 0.9055225
vn 0.4794101 0.0046192 0.8775789
vn 0.4238962 -0.0026705 -0.9057068
vn 0.4795493 -0.0026231 -0.8775111
vn 0.4238963 -0.0026705 0.9057068
vn 0.4795493 -0.0026231 0.8775111
vn 0.4253673 -0.0144391 -0.9049056
vn 0.4792269 -0.0143113 -0.8775744
vn 0.4253676 -0.0144391 0.9049054
vn 0.4792269 -0.0143113 0.8775743
vn 0.4293965 -0.0278965 -0.9026850
vn 0.4780540 -0.0277326 -0.8778926
vn 0.4293965 -0.0278965 0.9026851
vn 0.4780541 -0.0277326 0.8778925
vn 0.4349027 -0.0398791 -0.8995939
vn 0.4749116 -0.0397839 -0.8791338
vn 0.4349026 -0.0398791 0.8995940
vn 0.4749115 -0.0397839 0.8791338
vn 0.4406894 -0.0498927 -0.8962720
vn 0.4690943 -0.0499219 -0.8817360
vn 0.4406893 -0.0498927 0.8962721
vn 0.4690943 -0.0499219 0.8817360
vn 0.4488878 -0.0579247 -0.8917087
vn 0.4642705 -0.0580172 -0.8837911
vn 0.4488878 -0.0579247 0.8917087
vn 0.4642705 -0.0580172 0.8837912
vn 0.4584592 -0.0640797 -0.8864022
vn 0.4596973 -0.0640950 -0.8857597
vn 0.4584594 -0.0640797 0.8864022
vn 0.4596973 -0.0640950 0.8857597
vn 0.4592652 -0.0644286 -0.8859596
vn 0.4559941 -0.0682766 -0.8873600
vn 0.4592652 -0.0644286 0.8859596
vn 0.4559940 -0.0682766 0.8873600
vn 0.4512504 -0.0704887 -0.8896092
vn 0.4512504 -0.0704887 0.8896092
vn 0.4452860 -0.0706192 -0.8925992
vn 0.4452860 -0.0706192 0.8925992
vn 0.4383380 -0.0685663 -0.8961911
vn 0.4383379 -0.0685663 0.8961911
vn 0.4305020 -0.0642986 -0.9002964
vn 0.4305020 -0.0642986 0.9002965
vn 0.4216807 -0.0578002 -0.9049003
vn 0.4216806 -0.0578002 0.9049003
vn 0.4117053 -0.0492427 -0.9099857
vn 0.4117051 -0.0492427 0.9099858
vn 0.4003969 -0.0417256 -0.9153913
vn 0.4003968 -0.0417256 0.9153914
vn 0.3865721 -0.0455939 -0.9211315
vn 0.3865719 -0.0455938 0.9211316
vn 0.3139329 -0.0390820 -0.9486405
vn 0.3673819 -0.0572326 -0.9283075
vn 0.3139328 -0.0390820 0.9486405
vn 0.3673818 -0.0572326 0.9283077
vn 0.3030192 -0.0443760 -0.9519507
vn 0.3456036 -0.0609039 -0.9364021
vn 0.3030190 -0.0443760 0.9519508
vn 0.3456035 -0.0609039 0.9364021
vn 0.2929573 -0.0412740 -0.9552342
vn 0.3265504 -0.0528288 -0.9437022
vn 0.2929572 -0.0412739 0.9552342
vn 0.3265502 -0.0528288 0.9437023
vn 0.2870249 -0.0258959 -0.9575731
vn 0.3152483 -0.0319003 -0.9484730
vn 0.2870247 -0.0258959 0.9575731
vn 0.3152482 -0.0319003 0.9484730
vn 0.2847204 0.0417487 -0.9577010
vn 0.3122040 0.0415249 -0.9491072
vn 0.2847203 0.0417486 0.9577011
vn 0.3122039 0.0415249 0.9491072
vn 0.2663741 0.2517522 -0.9304115
vn 0.3125631 0.2667604 -0.9116705
vn 0.2663741 0.2517521 0.9304116
vn 0.3125630 0.2667603 0.9116706
vn 0.3146861 0.5330023 -0.7854178
vn 0.3146861 0.5330023 0.7854179
vn 0.3159272 0.6010268 -0.7341366
vn 0.3197230 0.7341371 -0.5990157
vn 0.3197230 0.7341373 0.5990156
vn 0.3159272 0.6010268 0.7341367
vn 0.3178963 0.7802293 -0.5386875
vn 0.3179449 0.8717501 -0.3727774
vn 0.3033045 0.8807297 -0.3637603
vn 0.3144363 0.8994958 -0.3033761
vn 0.3033044 0.8807297 0.3637604
vn 0.3144362 0.8994958 0.3033760
vn 0.3179451 0.8717497 0.3727779
vn 0.3178964 0.7802294 0.5386872
vn 0.3273425 0.9125572 -0.2451250
vn 0.3304012 0.9356107 -0.1243692
vn 0.3276460 0.9448006 0.0000000
vn 0.3304012 0.9356107 0.1243693
vn 0.3273425 0.9125571 0.2451250
vn 0.3373568 -0.7995554 -0.4968918
vn 0.3565337 -0.8173656 -0.4525453
vn 0.1813561 -0.9623214 -0.2026020
vn 0.0597047 -0.9972031 -0.0449593
vn 0.0284294 -0.9995736 -0.0066616
vn 0.0205468 -0.9997889 0.0000000
vn 0.0284294 -0.9995736 0.0066616
vn 0.0597048 -0.9972031 0.0449593
vn 0.1813564 -0.9623212 0.2026023
vn 0.3373568 -0.7995556 0.4968916
vn 0.3565339 -0.8173655 0.4525453
vn 0.5340235 -0.4646488 -0.7063431
vn 0.5747176 -0.1939382 -0.7950394
vn 0.5340236 -0.4646489 0.7063428
vn 0.5747178 -0.1939382 0.7950392
vn 0.5802917 -0.0363958 -0.8135951
vn 0.5802919 -0.0363958 0.8135949
vn 0.5805241 0.0031806 -0.8142368
vn 0.5805242 0.0031806 0.8142367
vn 0.5810209 0.0101700 -0.8138251
vn 0.5810210 0.0101700 0.8138250
vn 0.5817330 0.0132195 -0.8132724
vn 0.5817330 0.0132195 0.8132723
vn 0.5826078 0.0155447 -0.8126048
vn 0.5826078 0.0155447 0.8126047
vn 0.5836029 0.0171678 -0.8118577
vn 0.5836031 0.0171678 0.8118576
vn 0.5846760 0.0180891 -0.8110653
vn 0.5846760 0.0180891 0.8110652
vn 0.5857843 0.0183090 -0.8102602
vn 0.5857844 0.0183090 0.8102601
vn 0.5868858 0.0178281 -0.8094735
vn 0.5868859 0.0178281 0.8094733
vn 0.5879380 0.0166469 -0.8087347
vn 0.5879382 0.0166469 0.8087345
vn 0.5888990 0.0147657 -0.8080717
vn 0.5888990 0.0147657 0.8080718
vn 0.5897264 0.0121848 -0.8075112
vn 0.5897265 0.0121848 0.8075112
vn 0.5903780 0.0089023 -0.8070778
vn 0.5903780 0.0089023 0.8070777
vn 0.5908110 0.0046220 -0.8067967
vn 0.5908113 0.0046220 0.8067966
vn 0.5909615 -0.0025038 -0.8066958
vn 0.5909618 -0.0025038 0.8066957
vn 0.5906397 -0.0140099 -0.8068138
vn 0.5906398 -0.0140099 0.8068137
vn 0.5893918 -0.0281024 -0.8073584
vn 0.5893918 -0.0281024 0.8073584
vn 0.5834889 -0.0438467 -0.8109365
vn 0.5834891 -0.0438467 0.8109364
vn 0.5612711 -0.0576969 -0.8256184
vn 0.5612711 -0.0576969 0.8256185
vn 0.5328768 -0.0645124 -0.8437301
vn 0.5328770 -0.0645124 0.8437300
vn 0.5191643 -0.0691038 -0.8518762
vn 0.5191644 -0.0691039 0.8518762
vn 0.4607875 -0.0688957 -0.8848323
vn 0.5105649 -0.0744409 -0.8566108
vn 0.4607874 -0.0688957 0.8848323
vn 0.5105649 -0.0744408 0.8566108
vn 0.4607705 -0.0724160 -0.8845600
vn 0.4995774 -0.0787448 -0.8626828
vn 0.4607705 -0.0724160 0.8845600
vn 0.4995775 -0.0787448 0.8626828
vn 0.4584077 -0.0744661 -0.8856168
vn 0.4863208 -0.0807626 -0.8700399
vn 0.4584077 -0.0744662 0.8856168
vn 0.4863210 -0.0807626 0.8700398
vn 0.4539224 -0.0747490 -0.8879004
vn 0.4723180 -0.0801674 -0.8777750
vn 0.4539223 -0.0747490 0.8879005
vn 0.4723180 -0.0801674 0.8777750
vn 0.4474476 -0.0733005 -0.8913011
vn 0.4579316 -0.0772567 -0.8856241
vn 0.4474476 -0.0733005 0.8913012
vn 0.4579315 -0.0772567 0.8856242
vn 0.4386353 -0.0703123 -0.8959103
vn 0.4427437 -0.0723319 -0.8937259
vn 0.4386352 -0.0703123 0.8959103
vn 0.4427436 -0.0723319 0.8937260
vn 0.4287392 -0.0666167 -0.9009688
vn 0.4264846 -0.0656045 -0.9021125
vn 0.4287392 -0.0666168 0.9009689
vn 0.4264845 -0.0656045 0.9021125
vn 0.4099438 -0.0606847 -0.9100898
vn 0.4099439 -0.0606847 0.9100898
vn 0.3905917 -0.0691658 -0.9179620
vn 0.3905916 -0.0691658 0.9179620
vn 0.3667497 -0.0848922 -0.9264383
vn 0.3667497 -0.0848922 0.9264383
vn 0.3420605 -0.0869622 -0.9356454
vn 0.3420604 -0.0869621 0.9356454
vn 0.3236752 -0.0698272 -0.9435881
vn 0.3236751 -0.0698272 0.9435881
vn 0.3195836 -0.0367004 -0.9468471
vn 0.3195834 -0.0367004 0.9468471
vn 0.3277874 0.0508564 -0.9433817
vn 0.3277873 0.0508564 0.9433818
vn 0.3387158 0.2993557 -0.8919965
vn 0.3387156 0.2993556 0.8919966
vn 0.3503470 0.4923766 -0.7967574
vn 0.3346449 0.5558196 -0.7609713
vn 0.3532016 0.5748344 -0.7381152
vn 0.3346448 0.5558196 0.7609714
vn 0.3532015 0.5748344 0.7381152
vn 0.3503469 0.4923775 0.7967569
vn 0.3501691 0.7372913 -0.5777397
vn 0.3357729 0.7569010 -0.5606760
vn 0.3501339 0.7754239 -0.5254749
vn 0.3357729 0.7569011 0.5606758
vn 0.3501340 0.7754241 0.5254747
vn 0.3501692 0.7372915 0.5777395
vn 0.3342328 0.8503579 -0.4064231
vn 0.3206968 0.9121299 -0.2552891
vn 0.3101757 0.9192985 -0.2422424
vn 0.3116523 0.9410731 -0.1313550
vn 0.3101757 0.9192985 0.2422425
vn 0.3116523 0.9410731 0.1313551
vn 0.3206968 0.9121299 0.2552892
vn 0.3342327 0.8503579 0.4064231
vn 0.3120673 0.9421726 -0.1221668
vn 0.3141854 0.9493617 0.0000000
vn 0.3120673 0.9421726 0.1221668
vn 0.4125230 -0.8183981 -0.4000618
vn 0.4446671 -0.8155439 -0.3703500
vn 0.2758338 -0.9462581 -0.1688530
vn 0.1464844 -0.9881919 -0.0449338
vn 0.1102387 -0.9939051 0.0000000
vn 0.1464844 -0.9881919 0.0449338
vn 0.2758338 -0.9462581 0.1688531
vn 0.4125228 -0.8183982 0.4000617
vn 0.4446672 -0.8155439 0.3703500
vn 0.6099684 -0.1934398 -0.7684527
vn 0.7033636 -0.1999971 -0.6821150
vn 0.6041713 -0.5782583 -0.5482649
vn 0.6041718 -0.5782576 0.5482652
vn 0.6099686 -0.1934399 0.7684526
vn 0.7033637 -0.1999971 0.6821148
vn 0.6284279 -0.0363988 -0.7770158
vn 0.7121916 -0.0371572 -0.7010010
vn 0.6284280 -0.0363988 0.7770157
vn 0.7121918 -0.0371572 0.7010009
vn 0.6290259 0.0031262 -0.7773781
vn 0.7125978 0.0031062 -0.7015659
vn 0.6290262 0.0031262 0.7773778
vn 0.7125978 0.0031062 0.7015659
vn 0.6279806 0.0101457 -0.7781630
vn 0.7134570 0.0102013 -0.7006248
vn 0.6279807 0.0101457 0.7781628
vn 0.7134571 0.0102013 0.7006246
vn 0.6265281 0.0131891 -0.7792873
vn 0.7146809 0.0132623 -0.6993250
vn 0.6265282 0.0131891 0.7792872
vn 0.7146810 0.0132623 0.6993248
vn 0.6247502 0.0155101 -0.7806706
vn 0.7161836 0.0155968 -0.6977376
vn 0.6247504 0.0155101 0.7806705
vn 0.7161837 0.0155968 0.6977376
vn 0.6227323 0.0171312 -0.7822473
vn 0.7178930 0.0172276 -0.6959403
vn 0.6227325 0.0171312 0.7822472
vn 0.7178930 0.0172276 0.6959402
vn 0.6205596 0.0180526 -0.7839515
vn 0.7197362 0.0181544 -0.6940102
vn 0.6205598 0.0180526 0.7839513
vn 0.7197362 0.0181544 0.6940103
vn 0.6183171 0.0182744 -0.7857162
vn 0.7216406 0.0183774 -0.6920239
vn 0.6183173 0.0182745 0.7857161
vn 0.7216407 0.0183774 0.6920239
vn 0.6160906 0.0177969 -0.7874743
vn 0.7235333 0.0178967 -0.6900574
vn 0.6160908 0.0177969 0.7874741
vn 0.7235334 0.0178967 0.6900573
vn 0.6139651 0.0166202 -0.7891582
vn 0.7253419 0.0167127 -0.6881859
vn 0.6139653 0.0166202 0.7891580
vn 0.7253418 0.0167127 0.6881859
vn 0.6120270 0.0147442 -0.7906994
vn 0.7269935 0.0148254 -0.6864842
vn 0.6120271 0.0147442 0.7906992
vn 0.7269937 0.0148254 0.6864841
vn 0.6103619 0.0121686 -0.7920291
vn 0.7284155 0.0122349 -0.6850264
vn 0.6103621 0.0121686 0.7920291
vn 0.7284156 0.0122349 0.6850263
vn 0.6090556 0.0088914 -0.7930776
vn 0.7295347 0.0089395 -0.6838854
vn 0.6090558 0.0088914 0.7930775
vn 0.7295347 0.0089395 0.6838853
vn 0.6081944 0.0046190 -0.7937747
vn 0.7302776 0.0046589 -0.6831346
vn 0.6081946 0.0046190 0.7937745
vn 0.7302777 0.0046589 0.6831346
vn 0.6079499 -0.0024807 -0.7939715
vn 0.7305251 -0.0023618 -0.6828817
vn 0.6079502 -0.0024807 0.7939714
vn 0.7305251 -0.0023618 0.6828817
vn 0.6089342 -0.0139461 -0.7930982
vn 0.7299078 -0.0136666 -0.6834090
vn 0.6089344 -0.0139461 0.7930979
vn 0.7299079 -0.0136666 0.6834089
vn 0.6116440 -0.0286847 -0.7906130
vn 0.7280601 -0.0292197 -0.6848903
vn 0.6116441 -0.0286847 0.7906128
vn 0.7280601 -0.0292197 0.6848903
vn 0.6135697 -0.0503252 -0.7880353
vn 0.7232692 -0.0597714 -0.6879745
vn 0.6135699 -0.0503252 0.7880352
vn 0.7232694 -0.0597714 0.6879744
vn 0.6002133 -0.0794059 -0.7958886
vn 0.6960203 -0.1147119 -0.7087996
vn 0.6002135 -0.0794059 0.7958884
vn 0.6960205 -0.1147119 0.7087995
vn 0.5512072 -0.0944572 -0.8290045
vn 0.6004046 -0.1322254 -0.7886893
vn 0.5512074 -0.0944572 0.8290043
vn 0.6004047 -0.1322254 0.7886891
vn 0.4981870 -0.0891520 -0.8624741
vn 0.4988064 -0.1053634 -0.8602852
vn 0.4981872 -0.0891520 0.8624740
vn 0.4988064 -0.1053634 0.8602852
vn 0.4678023 -0.0930360 -0.8789228
vn 0.4601478 -0.0987033 -0.8823387
vn 0.4678025 -0.0930360 0.8789226
vn 0.4601479 -0.0987033 0.8823387
vn 0.4383155 -0.1056316 -0.8925926
vn 0.4369405 -0.1062391 -0.8931944
vn 0.4383156 -0.1056315 0.8925925
vn 0.4369405 -0.1062391 0.8931944
vn 0.4151108 -0.1102463 -0.9030663
vn 0.4151109 -0.1102463 0.9030663
vn 0.3942257 -0.1087253 -0.9125596
vn 0.3942258 -0.1087254 0.9125594
vn 0.3750246 -0.1048364 -0.9210678
vn 0.3750246 -0.1048364 0.9210678
vn 0.3562246 -0.1000287 -0.9290308
vn 0.3562247 -0.1000287 0.9290308
vn 0.4242986 -0.0662644 -0.9030945
vn 0.3364718 -0.0939936 -0.9369909
vn 0.4242981 -0.0662645 0.9030948
vn 0.3364718 -0.0939936 0.9369909
vn 0.3930428 -0.0658062 -0.9171624
vn 0.3155202 -0.0899603 -0.9446450
vn 0.3930425 -0.0658063 0.9171625
vn 0.3155202 -0.0899603 0.9446450
vn 0.3559391 -0.0801004 -0.9310700
vn 0.2931235 -0.1003147 -0.9507974
vn 0.3559389 -0.0801004 0.9310700
vn 0.2931235 -0.1003147 0.9507974
vn 0.3055106 -0.1045144 -0.9464354
vn 0.2700687 -0.1160991 -0.9558159
vn 0.3055103 -0.1045144 0.9464355
vn 0.2700686 -0.1160990 0.9558159
vn 0.2505711 -0.1116806 -0.9616349
vn 0.2497040 -0.1115038 -0.9618809
vn 0.2505711 -0.1116806 0.9616348
vn 0.2497039 -0.1115038 0.9618809
vn 0.2401565 -0.0783229 -0.9675693
vn 0.2401565 -0.0783229 0.9675694
vn 0.2498092 -0.0242628 -0.9679911
vn 0.2498092 -0.0242628 0.9679911
vn 0.2754308 0.0867121 -0.9574022
vn 0.2754308 0.0867121 0.9574022
vn 0.3008774 0.3477722 -0.8879906
vn 0.3037077 0.3663535 -0.8795151
vn 0.3024160 0.3693953 -0.8786874
vn 0.3037075 0.3663537 0.8795150
vn 0.3024160 0.3693953 0.8786874
vn 0.3008774 0.3477732 0.8879902
vn 0.3413687 0.6395332 -0.6888140
vn 0.3413688 0.6395333 0.6888139
vn 0.3382894 0.6909814 -0.6388310
vn 0.3310061 0.8247991 -0.4584117
vn 0.3310060 0.8247992 0.4584116
vn 0.3382895 0.6909816 0.6388308
vn 0.3302619 0.8264130 -0.4560356
vn 0.3012005 0.9086573 -0.2891718
vn 0.2879181 0.9481709 -0.1344437
vn 0.3092684 0.9431006 -0.1221244
vn 0.2866496 0.9580355 0.0000000
vn 0.3002243 0.9538686 0.0000000
vn 0.2879181 0.9481709 0.1344438
vn 0.3092684 0.9431006 0.1221244
vn 0.3012005 0.9086573 0.2891719
vn 0.3302618 0.8264131 0.4560357
vn 0.4614953 -0.8434539 -0.2749684
vn 0.5281063 -0.8308212 -0.1756126
vn 0.5662187 -0.8183118 -0.0988037
vn 0.5210850 -0.8535048 0.0000000
vn 0.5281063 -0.8308212 0.1756127
vn 0.5662187 -0.8183118 0.0988037
vn 0.4614953 -0.8434539 0.2749686
vn 0.7518193 -0.2042366 -0.6269412
vn 0.8669174 -0.2024812 -0.4554729
vn 0.8646947 -0.2216427 -0.4507523
vn 0.6341383 -0.7455587 -0.2049653
vn 0.6341383 -0.7455587 0.2049653
vn 0.8646945 -0.2216426 0.4507524
vn 0.7518193 -0.2042365 0.6269413
vn 0.8669174 -0.2024812 0.4554731
vn 0.7747421 -0.0381639 -0.6311245
vn 0.8769083 -0.0383895 -0.4791221
vn 0.7747421 -0.0381639 0.6311246
vn 0.8769082 -0.0383895 0.4791223
vn 0.7755724 0.0030140 -0.6312516
vn 0.8772007 0.0029313 -0.4801149
vn 0.7755722 0.0030140 0.6312516
vn 0.8772005 0.0029313 0.4801151
vn 0.7748662 0.0101819 -0.6320432
vn 0.8783782 0.0102676 -0.4778560
vn 0.7748660 0.0101819 0.6320435
vn 0.8783783 0.0102676 0.4778557
vn 0.7738934 0.0132372 -0.6331775
vn 0.8800522 0.0133480 -0.4746893
vn 0.7738934 0.0132371 0.6331776
vn 0.8800522 0.0133480 0.4746893
vn 0.7727047 0.0155665 -0.6345748
vn 0.8820989 0.0156941 -0.4708026
vn 0.7727046 0.0155665 0.6345748
vn 0.8820989 0.0156941 0.4708028
vn 0.7713572 0.0171934 -0.6361701
vn 0.8844153 0.0173302 -0.4663789
vn 0.7713571 0.0171934 0.6361703
vn 0.8844153 0.0173302 0.4663790
vn 0.7699080 0.0181180 -0.6378977
vn 0.8868990 0.0182567 -0.4616024
vn 0.7699077 0.0181180 0.6378979
vn 0.8868989 0.0182567 0.4616026
vn 0.7684134 0.0183404 -0.6396909
vn 0.8894497 0.0184742 -0.4566595
vn 0.7684134 0.0183404 0.6396910
vn 0.8894495 0.0184742 0.4566599
vn 0.7669309 0.0178609 -0.6414812
vn 0.8899506 0.0183772 -0.4556865
vn 0.8892881 0.0179907 -0.4569934
vn 0.8936742 0.0180143 -0.4483547
vn 0.8892881 0.0179907 0.4569936
vn 0.8936740 0.0180143 0.4483550
vn 0.8899506 0.0183772 0.4556866
vn 0.7669306 0.0178609 0.6414814
vn 0.7655169 0.0166797 -0.6431996
vn 0.8885047 0.0168019 -0.4585598
vn 0.8980614 0.0168485 -0.4395472
vn 0.8885046 0.0168019 0.4585600
vn 0.8980613 0.0168485 0.4395476
vn 0.7655168 0.0166798 0.6431997
vn 0.7642288 0.0147968 -0.6447754
vn 0.8877950 0.0149060 -0.4599977
vn 0.9020185 0.0149659 -0.4314380
vn 0.8877949 0.0149060 0.4599978
vn 0.9020184 0.0149659 0.4314383
vn 0.7642288 0.0147969 0.6447755
vn 0.7631236 0.0122120 -0.6461372
vn 0.8871893 0.0123026 -0.4612415
vn 0.9053853 0.0123644 -0.4244109
vn 0.8871893 0.0123026 0.4612416
vn 0.9053851 0.0123644 0.4244112
vn 0.7631235 0.0122120 0.6461372
vn 0.7622579 0.0089232 -0.6472118
vn 0.8867177 0.0089899 -0.4622238
vn 0.9080073 0.0090417 -0.4188566
vn 0.8867177 0.0089899 0.4622239
vn 0.9080073 0.0090417 0.4188567
vn 0.7622578 0.0089232 0.6472121
vn 0.7616886 0.0046551 -0.6479264
vn 0.8864102 0.0047064 -0.4628767
vn 0.9097320 0.0047382 -0.4151688
vn 0.8864101 0.0047064 0.4628768
vn 0.9097320 0.0047382 0.4151689
vn 0.7616885 0.0046551 0.6479266
vn 0.7615285 -0.0023188 -0.6481272
vn 0.8863237 -0.0021933 -0.4630611
vn 0.9102834 -0.0021851 -0.4139797
vn 0.8863236 -0.0021933 0.4630612
vn 0.9102834 -0.0021851 0.4139799
vn 0.7615283 -0.0023188 0.6481275
vn 0.7621689 -0.0135170 -0.6472371
vn 0.8866453 -0.0131514 -0.4622632
vn 0.9087162 -0.0131667 -0.4172068
vn 0.8866452 -0.0131514 0.4622633
vn 0.9087162 -0.0131667 0.4172069
vn 0.7621688 -0.0135170 0.6472372
vn 0.7639263 -0.0291022 -0.6446469
vn 0.8874682 -0.0281939 -0.4600058
vn 0.9039158 -0.0281795 -0.4267811
vn 0.8874680 -0.0281939 0.4600059
vn 0.9039158 -0.0281795 0.4267812
vn 0.7639263 -0.0291022 0.6446470
vn 0.7661189 -0.0637230 -0.6395320
vn 0.8880111 -0.0635294 -0.4554123
vn 0.8937526 -0.0634938 -0.4440437
vn 0.8880110 -0.0635294 0.4554124
vn 0.8937527 -0.0634938 0.4440436
vn 0.7661188 -0.0637230 0.6395321
vn 0.7608253 -0.1530621 -0.6306480
vn 0.8669731 -0.1742822 -0.4668868
vn 0.8874928 -0.0852314 -0.4528711
vn 0.8874927 -0.0852314 0.4528712
vn 0.7608252 -0.1530620 0.6306482
vn 0.8669731 -0.1742823 0.4668869
vn 0.7135559 -0.3005354 -0.6328636
vn 0.7597427 -0.3485463 -0.5489140
vn 0.7135558 -0.3005354 0.6328639
vn 0.7597425 -0.3485463 0.5489141
vn 0.6441182 -0.3546175 -0.6777597
vn 0.4850495 -0.3142682 -0.8160652
vn 0.6441180 -0.3546174 0.6777599
vn 0.4850496 -0.3142682 0.8160652
vn 0.2540413 -0.1774032 -0.9507844
vn 0.2540414 -0.1774032 0.9507844
vn 0.4322293 -0.1069893 -0.8953944
vn 0.1876850 -0.1467420 -0.9712060
vn 0.4322294 -0.1069893 0.8953943
vn 0.1876850 -0.1467420 0.9712060
vn 0.3275504 -0.1229466 -0.9368003
vn 0.1684552 -0.1441988 -0.9751049
vn 0.3275506 -0.1229466 0.9368003
vn 0.1684553 -0.1441988 0.9751049
vn 0.2007549 -0.1320361 -0.9707028
vn 0.1577547 -0.1367306 -0.9779664
vn 0.2007550 -0.1320361 0.9707027
vn 0.1577548 -0.1367307 0.9779664
vn 0.1552827 -0.1337117 -0.9787791
vn 0.1498234 -0.1289618 -0.9802662
vn 0.1552828 -0.1337118 0.9787790
vn 0.1498234 -0.1289619 0.9802662
vn 0.1425932 -0.1228013 -0.9821339
vn 0.1425932 -0.1228014 0.9821339
vn 0.1348376 -0.1164333 -0.9840031
vn 0.1348377 -0.1164333 0.9840031
vn 0.1263539 -0.1119583 -0.9856470
vn 0.1263539 -0.1119583 0.9856470
vn 0.1181834 -0.1208392 -0.9856118
vn 0.1181834 -0.1208392 0.9856118
vn 0.1140999 -0.1334344 -0.9844676
vn 0.1140999 -0.1334344 0.9844676
vn 0.2458015 -0.1118322 -0.9628475
vn 0.1142636 -0.1218847 -0.9859452
vn 0.2458008 -0.1118322 0.9628476
vn 0.1142636 -0.1218847 0.9859452
vn 0.1675115 -0.0754601 -0.9829780
vn 0.1212433 -0.0734648 -0.9899005
vn 0.1675112 -0.0754600 0.9829780
vn 0.1212433 -0.0734648 0.9899005
vn 0.1570102 -0.0036488 -0.9875903
vn 0.1422334 -0.0003558 -0.9898331
vn 0.1570097 -0.0036487 0.9875904
vn 0.1422334 -0.0003558 0.9898331
vn 0.2058995 0.1183228 -0.9713933
vn 0.1750572 0.1323064 -0.9756280
vn 0.2058993 0.1183229 0.9713934
vn 0.1750572 0.1323064 0.9756280
vn 0.2058947 0.4492156 -0.8693749
vn 0.2058947 0.4492155 0.8693749
vn 0.2418566 0.6743920 -0.6976394
vn 0.2812686 0.6849877 -0.6720713
vn 0.2479479 0.7109013 -0.6581346
vn 0.2812687 0.6849879 0.6720711
vn 0.2479480 0.7109013 0.6581346
vn 0.2418567 0.6743922 0.6976392
vn 0.2264532 0.8238719 -0.5195712
vn 0.3283486 0.8261825 -0.4578316
vn 0.2207653 0.8911319 -0.3964172
vn 0.3283485 0.8261824 0.4578317
vn 0.2207652 0.8911319 0.3964173
vn 0.2264532 0.8238718 0.5195712
vn 0.2161129 0.9208117 -0.3246552
vn 0.2218589 0.9646040 -0.1425404
vn 0.2259635 0.9741358 0.0000000
vn 0.2218589 0.9646040 0.1425404
vn 0.2161129 0.9208117 0.3246554
vn 0.5689850 -0.8223479 0.0000000
vn 0.8693448 -0.2028433 -0.4506597
vn 0.9456999 -0.2199314 -0.2393363
vn 0.9749619 -0.2223719 0.0000000
vn 0.9456999 -0.2199314 0.2393363
vn 0.8693448 -0.2028433 0.4506599
vn 0.8929592 -0.0387466 -0.4484670
vn 0.9711727 -0.0408721 -0.2348468
vn 0.9991542 -0.0411189 0.0000000
vn 0.9711727 -0.0408721 0.2348469
vn 0.8929591 -0.0387466 0.4484671
vn 0.8937659 0.0029002 -0.4485242
vn 0.9721081 0.0028036 -0.2345163
vn 0.9999962 0.0027768 0.0000000
vn 0.9721081 0.0028036 0.2345164
vn 0.8937659 0.0029002 0.4485244
vn 0.8933887 0.0102519 -0.4491677
vn 0.9719641 0.0103198 -0.2349027
vn 0.9999465 0.0103479 0.0000000
vn 0.9719641 0.0103198 0.2349027
vn 0.8933886 0.0102519 0.4491678
vn 0.8928846 0.0133300 -0.4500883
vn 0.9717916 0.0134199 -0.2354588
vn 0.9999095 0.0134570 0.0000000
vn 0.9717916 0.0134199 0.2354588
vn 0.8928844 0.0133300 0.4500884
vn 0.8922732 0.0156763 -0.4512236
vn 0.9715896 0.0157831 -0.2361450
vn 0.9998747 0.0158271 0.0000000
vn 0.9715896 0.0157831 0.2361450
vn 0.8922732 0.0156763 0.4512238
vn 0.8915849 0.0173155 -0.4525223
vn 0.9713702 0.0174346 -0.2369304
vn 0.9998471 0.0174838 0.0000000
vn 0.9713702 0.0174346 0.2369305
vn 0.8915849 0.0173155 0.4525224
vn 0.8908499 0.0182477 -0.4539312
vn 0.9711444 0.0183744 -0.2377833
vn 0.9998302 0.0184269 0.0000000
vn 0.9711443 0.0183744 0.2377833
vn 0.8908498 0.0182477 0.4539313
vn 0.8900972 0.0184726 -0.4553961
vn 0.9709223 0.0186023 -0.2386710
vn 0.9998260 0.0186562 0.0000000
vn 0.9709223 0.0186023 0.2386710
vn 0.8900971 0.0184726 0.4553963
vn 0.9707124 0.0181183 -0.2395601
vn 0.9998350 0.0181715 0.0000000
vn 0.9707124 0.0181183 0.2395601
vn 0.9705225 0.0169223 -0.2404158
vn 0.9998559 0.0169725 0.0000000
vn 0.9705225 0.0169223 0.2404158
vn 0.9703587 0.0150138 -0.2412026
vn 0.9998866 0.0150588 0.0000000
vn 0.9703587 0.0150138 0.2412027
vn 0.9702260 0.0123923 -0.2418841
vn 0.9999228 0.0124299 0.0000000
vn 0.9702260 0.0123923 0.2418841
vn 0.9701285 0.0090560 -0.2424230
vn 0.9999588 0.0090836 0.0000000
vn 0.9701285 0.0090560 0.2424230
vn 0.9700693 0.0047521 -0.2427814
vn 0.9999886 0.0047705 0.0000000
vn 0.9700693 0.0047521 0.2427815
vn 0.9700536 -0.0021146 -0.2428817
vn 0.9999978 -0.0020873 0.0000000
vn 0.9700536 -0.0021146 0.2428817
vn 0.9700793 -0.0130293 -0.2424386
vn 0.9999158 -0.0129750 0.0000000
vn 0.9700793 -0.0130293 0.2424386
vn 0.9700344 -0.0287599 -0.2412593
vn 0.9995852 -0.0288025 0.0000000
vn 0.9700344 -0.0287599 0.2412593
vn 0.9686348 -0.0678907 -0.2390345
vn 0.9976447 -0.0685938 0.0000000
vn 0.9686348 -0.0678907 0.2390345
vn 0.8798867 -0.1766241 -0.4411388
vn 0.9549227 -0.1873016 -0.2303059
vn 0.9818715 -0.1895478 0.0000000
vn 0.9549227 -0.1873016 0.2303060
vn 0.8798866 -0.1766242 0.4411388
vn 0.8208945 -0.4044353 -0.4031927
vn 0.8792140 -0.4308628 -0.2033221
vn 0.8996555 -0.4366005 0.0000000
vn 0.8792140 -0.4308628 0.2033221
vn 0.8208944 -0.4044353 0.4031928
vn 0.5485545 -0.4997939 -0.6702940
vn 0.6152440 -0.6807722 -0.3975224
vn 0.6829722 -0.6468523 -0.3393099
vn 0.8212247 -0.5390197 -0.1872103
vn 0.8709522 -0.4913675 0.0000000
vn 0.8212247 -0.5390197 0.1872104
vn 0.6829721 -0.6468522 0.3393100
vn 0.5485542 -0.4997937 0.6702943
vn 0.6152439 -0.6807721 0.3975226
vn 0.3920372 -0.6228297 -0.6770450
vn 0.1178583 -0.4155879 -0.9018847
vn 0.3920369 -0.6228294 0.6770454
vn 0.1178582 -0.4155877 0.9018848
vn -0.0794622 -0.1895615 -0.9786481
vn -0.0794623 -0.1895616 0.9786481
vn -0.0924624 -0.1471682 -0.9847803
vn -0.0924624 -0.1471682 0.9847804
vn -0.0760195 -0.1347097 -0.9879647
vn -0.0760196 -0.1347098 0.9879647
vn -0.0669847 -0.1299802 -0.9892513
vn -0.0605666 -0.1257030 -0.9902174
vn -0.0669847 -0.1299803 0.9892513
vn -0.0605666 -0.1257031 0.9902174
vn -0.0482598 -0.1199748 -0.9916033
vn -0.0482598 -0.1199749 0.9916033
vn -0.0368949 -0.1146824 -0.9927169
vn -0.0368949 -0.1146824 0.9927168
vn -0.0265145 -0.1104859 -0.9935239
vn -0.0265145 -0.1104859 0.9935239
vn -0.0154726 -0.1165814 -0.9930606
vn -0.0154726 -0.1165814 0.9930606
vn 0.0009890 -0.1252059 -0.9921303
vn 0.0009890 -0.1252059 0.9921303
vn 0.0208162 -0.1102102 -0.9936903
vn 0.0208162 -0.1102103 0.9936903
vn 0.0425805 -0.0550689 -0.9975742
vn 0.0425806 -0.0550689 0.9975742
vn 0.0695346 0.0278688 -0.9971902
vn 0.0695346 0.0278688 0.9971902
vn 0.1007101 0.1704185 -0.9802117
vn 0.1007101 0.1704185 0.9802117
vn 0.1224163 0.4965454 -0.8593352
vn 0.1224164 0.4965454 0.8593351
vn 0.1337484 0.6489958 -0.7489432
vn 0.1347861 0.7450533 -0.6532445
vn 0.1347862 0.7450534 0.6532443
vn 0.1337485 0.6489959 0.7489430
vn 0.1078271 0.8239534 -0.5563039
vn 0.1185929 0.9347765 -0.3348559
vn 0.1185929 0.9347764 0.3348562
vn 0.1078272 0.8239534 0.5563041
vn 0.1198877 0.9375234 -0.3266141
vn 0.1733700 0.9759406 -0.1322229
vn 0.1898952 0.9818044 0.0000000
vn 0.1733699 0.9759405 0.1322229
vn 0.1198877 0.9375234 0.3266143
vn 0.6276257 -0.7142212 -0.3097970
vn 0.6548371 -0.7420944 -0.1431237
vn 0.6644990 -0.7472891 0.0000000
vn 0.6548371 -0.7420944 0.1431238
vn 0.6276256 -0.7142211 0.3097971
vn 0.2596366 -0.8367234 -0.4821648
vn 0.1729117 -0.7767331 -0.6056295
vn 0.4484903 -0.8639352 -0.2290683
vn 0.5417345 -0.8326868 -0.1147016
vn 0.5753322 -0.8179199 0.0000000
vn 0.5417345 -0.8326868 0.1147017
vn 0.4484903 -0.8639353 0.2290684
vn 0.2596363 -0.8367232 0.4821652
vn 0.1729117 -0.7767333 0.6056293
vn -0.1563017 -0.2536985 -0.9545715
vn -0.1563018 -0.2536987 0.9545714
vn -0.1676171 -0.1291553 -0.9773553
vn -0.1676171 -0.1291553 0.9773553
vn -0.1045890 -0.1240599 -0.9867473
vn -0.1594037 -0.1218544 -0.9796643
vn -0.1441533 -0.1113681 -0.9832685
vn -0.1594038 -0.1218544 0.9796643
vn -0.1045891 -0.1240599 0.9867473
vn -0.1441535 -0.1113681 0.9832685
vn -0.1210028 -0.1038708 -0.9872027
vn -0.1210029 -0.1038708 0.9872027
vn -0.0984543 -0.0996703 -0.9901376
vn -0.0984543 -0.0996703 0.9901376
vn -0.0767849 -0.0960220 -0.9924132
vn -0.0767848 -0.0960220 0.9924131
vn -0.0559849 -0.0925269 -0.9941350
vn -0.0559849 -0.0925269 0.9941350
vn -0.0346479 -0.0960338 -0.9947749
vn -0.0346478 -0.0960338 0.9947749
vn -0.0086466 -0.1011699 -0.9948316
vn -0.0086466 -0.1011699 0.9948316
vn 0.0197751 -0.0851285 -0.9961737
vn 0.0197752 -0.0851285 0.9961737
vn 0.0481661 -0.0287972 -0.9984241
vn 0.0481661 -0.0287972 0.9984241
vn 0.0781658 0.0569099 -0.9953147
vn 0.0781658 0.0569099 0.9953147
vn 0.1093092 0.1990819 -0.9738675
vn 0.1093093 0.1990819 0.9738675
vn 0.1261836 0.5136744 -0.8486556
vn 0.1261836 0.5136744 0.8486556
vn 0.1299421 0.6162938 -0.7767219
vn 0.1230923 0.7417794 -0.6592509
vn 0.1230923 0.7417795 0.6592507
vn 0.1299422 0.6162940 0.7767217
vn 0.1072695 0.8193356 -0.5631895
vn 0.1321920 0.9570625 -0.2579855
vn 0.1217730 0.9400505 -0.3185535
vn 0.1715849 0.9743463 -0.1456298
vn 0.1217730 0.9400505 0.3185537
vn 0.1715849 0.9743463 0.1456298
vn 0.1321920 0.9570625 0.2579857
vn 0.1072695 0.8193355 0.5631896
vn 0.1899293 0.9782181 -0.0837622
vn 0.2090435 0.9779064 0.0000000
vn 0.1899293 0.9782181 0.0837622
vn 0.2117989 -0.9096156 -0.3574082
vn 0.2447457 -0.9519558 -0.1840640
vn 0.2868023 -0.9502358 -0.1216403
vn 0.3423327 -0.9374076 -0.0638380
vn 0.3626496 -0.9319256 0.0000000
vn 0.3423327 -0.9374076 0.0638380
vn 0.2868023 -0.9502358 0.1216404
vn 0.2117988 -0.9096151 0.3574095
vn 0.2447457 -0.9519559 0.1840640
vn 0.1849011 -0.9360226 -0.2994549
vn -0.1052459 -0.3015473 -0.9476246
vn 0.1849010 -0.9360226 0.2994553
vn -0.1052460 -0.3015472 0.9476247
vn -0.1538435 -0.1252524 -0.9801245
vn -0.1080113 -0.2726184 -0.9560402
vn -0.1101044 -0.1173267 -0.9869709
vn -0.1080114 -0.2726184 0.9560402
vn -0.1538435 -0.1252524 0.9801245
vn -0.1101043 -0.1173267 0.9869709
vn -0.0848680 -0.0852262 -0.9927406
vn -0.0848681 -0.0852263 0.9927406
vn -0.0586940 -0.0773365 -0.9952759
vn -0.0586940 -0.0773365 0.9952759
vn -0.0330400 -0.0741111 -0.9967025
vn -0.0330400 -0.0741111 0.9967026
vn -0.0079566 -0.0714308 -0.9974138
vn -0.0079566 -0.0714309 0.9974138
vn 0.0165509 -0.0682037 -0.9975342
vn 0.0165510 -0.0682037 0.9975341
vn 0.0414624 -0.0694255 -0.9967251
vn 0.0414623 -0.0694255 0.9967251
vn 0.0698106 -0.0715624 -0.9949901
vn 0.0698106 -0.0715624 0.9949901
vn 0.0998422 -0.0547861 -0.9934938
vn 0.0998422 -0.0547861 0.9934938
vn 0.1304706 0.0022122 -0.9914497
vn 0.1304706 0.0022122 0.9914497
vn 0.1651290 0.0901581 -0.9821425
vn 0.1651290 0.0901581 0.9821425
vn 0.2033163 0.2309575 -0.9514836
vn 0.2033163 0.2309576 0.9514835
vn 0.2241679 0.5287835 -0.8186189
vn 0.2241679 0.5287836 0.8186188
vn 0.2309554 0.5770144 -0.7833990
vn 0.2467354 0.7403901 -0.6252552
vn 0.2467354 0.7403901 0.6252553
vn 0.2309555 0.5770146 0.7833989
vn 0.2456542 0.7798967 -0.5756866
vn 0.2150022 0.9470736 -0.2383811
vn 0.2100042 0.9754663 -0.0660582
vn 0.1952144 0.9775679 -0.0790724
vn 0.2122650 0.9772121 0.0000000
vn 0.2112700 0.9774278 0.0000000
vn 0.2100042 0.9754663 0.0660582
vn 0.1952144 0.9775679 0.0790724
vn 0.2150022 0.9470736 0.2383812
vn 0.2456542 0.7798967 0.5756868
vn 0.2501519 -0.9625589 -0.1044236
vn 0.2576272 -0.9651583 -0.0457991
vn 0.2603077 -0.9655257 0.0000000
vn 0.2576272 -0.9651583 0.0457991
vn 0.2501519 -0.9625589 0.1044236
vn -0.0653952 -0.3227330 -0.9442282
vn 0.0286277 -0.4172614 -0.9083355
vn 0.0236310 -0.3762934 -0.9261991
vn 0.1328305 -0.9590747 -0.2500637
vn 0.1744164 -0.9815693 -0.0781064
vn 0.2046812 -0.9781949 -0.0352208
vn 0.2161952 -0.9763502 0.0000000
vn 0.2046812 -0.9781949 0.0352208
vn 0.1744164 -0.9815693 0.0781064
vn 0.1328304 -0.9590746 0.2500640
vn -0.0653957 -0.3227327 0.9442282
vn 0.0286277 -0.4172615 0.9083355
vn 0.0236310 -0.3762934 0.9261992
vn 0.0261821 -0.1097462 -0.9936147
vn 0.0261822 -0.1097462 0.9936147
vn 0.0495869 -0.0592115 -0.9970131
vn 0.0495869 -0.0592115 0.9970131
vn 0.0755109 -0.0497240 -0.9959044
vn 0.0755109 -0.0497240 0.9959044
vn 0.1017330 -0.0466823 -0.9937158
vn 0.1017331 -0.0466823 0.9937158
vn 0.1277892 -0.0442698 -0.9908128
vn 0.1277892 -0.0442698 0.9908128
vn 0.1536018 -0.0408812 -0.9872868
vn 0.1536019 -0.0408812 0.9872868
vn 0.1797732 -0.0401463 -0.9828885
vn 0.1797733 -0.0401463 0.9828885
vn 0.2082552 -0.0398217 -0.9772635
vn 0.2082552 -0.0398217 0.9772636
vn 0.2377339 -0.0218079 -0.9710855
vn 0.2377339 -0.0218079 0.9710855
vn 0.2694759 0.0383977 -0.9622414
vn 0.2694759 0.0383977 0.9622412
vn 0.3105628 0.1327570 -0.9412366
vn 0.3105628 0.1327569 0.9412366
vn 0.3586821 0.2770360 -0.8914024
vn 0.3586821 0.2770360 0.8914024
vn 0.3772679 0.4780480 -0.7931828
vn 0.3203567 0.5496081 -0.7715585
vn 0.3835567 0.5619232 -0.7328892
vn 0.3203567 0.5496083 0.7715583
vn 0.3835568 0.5619234 0.7328890
vn 0.3772680 0.4780482 0.7931827
vn 0.4293569 0.6931598 -0.5789492
vn 0.3247403 0.7439981 -0.5839611
vn 0.4430661 0.7589175 -0.4772176
vn 0.3247402 0.7439981 0.5839612
vn 0.4430661 0.7589176 0.4772175
vn 0.4293568 0.6931598 0.5789493
vn 0.4279561 0.8450386 -0.3205671
vn 0.3459204 0.9323170 -0.1054704
vn 0.3148559 0.9491394 0.0000000
vn 0.3459204 0.9323170 0.1054704
vn 0.4279561 0.8450386 0.3205673
vn 0.0905871 -0.3781050 -0.9213200
vn 0.1945055 -0.4073114 -0.8923368
vn 0.1124710 -0.9598720 -0.2568969
vn 0.1017817 -0.9930815 -0.0585628
vn 0.1130428 -0.9934052 -0.0191661
vn 0.1189672 -0.9928982 0.0000000
vn 0.1130428 -0.9934052 0.0191661
vn 0.1017818 -0.9930815 0.0585628
vn 0.1124711 -0.9598718 0.2568972
vn 0.0905871 -0.3781051 0.9213200
vn 0.1945056 -0.4073112 0.8923369
vn 0.2054702 -0.2550375 -0.9448481
vn 0.2120668 -0.0857358 -0.9734871
vn 0.2054703 -0.2550381 0.9448479
vn 0.2120669 -0.0857359 0.9734871
vn 0.2304419 -0.0317129 -0.9725692
vn 0.2304420 -0.0317129 0.9725692
vn 0.2549336 -0.0213136 -0.9667237
vn 0.2549337 -0.0213136 0.9667236
vn 0.2809888 -0.0176928 -0.9595480
vn 0.2809888 -0.0176929 0.9595479
vn 0.3072545 -0.0149870 -0.9515094
vn 0.3072546 -0.0149870 0.9515094
vn 0.3335223 -0.0111565 -0.9426762
vn 0.3335225 -0.0111565 0.9426761
vn 0.3601027 -0.0088585 -0.9328706
vn 0.3601028 -0.0088585 0.9328706
vn 0.3879675 -0.0067901 -0.9216481
vn 0.3879676 -0.0067901 0.9216480
vn 0.4159885 0.0129476 -0.9092777
vn 0.4159887 0.0129476 0.9092776
vn 0.4473706 0.0798302 -0.8907787
vn 0.4473708 0.0798302 0.8907786
vn 0.4916761 0.1856866 -0.8507498
vn 0.4916762 0.1856867 0.8507496
vn 0.5003485 0.2100596 -0.8399562
vn 0.4596663 0.3115138 -0.8316647
vn 0.5482461 0.3405739 -0.7638296
vn 0.4596664 0.3115138 0.8316645
vn 0.5482463 0.3405739 0.7638295
vn 0.5003487 0.2100597 0.8399560
vn 0.5617380 0.6067985 -0.5623575
vn 0.5617380 0.6067985 0.5623575
vn 0.5673841 0.6184189 -0.5437219
vn 0.6131107 0.7058206 -0.3548415
vn 0.5354522 0.7699500 -0.3470850
vn 0.6077120 0.7751948 -0.1725083
vn 0.6047284 0.7776863 -0.1717775
vn 0.6073388 0.7788633 -0.1565621
vn 0.6047284 0.7776863 0.1717775
vn 0.6073388 0.7788633 0.1565622
vn 0.6077120 0.7751948 0.1725083
vn 0.6131107 0.7058206 0.3548416
vn 0.5354522 0.7699500 0.3470851
vn 0.5673841 0.6184188 0.5437220
vn 0.5935845 0.8047717 0.0000000
vn 0.2434737 -0.8931233 -0.3782214
vn 0.3992825 -0.4158940 -0.8170715
vn 0.0997801 -0.9922026 -0.0746860
vn 0.0753544 -0.9970293 -0.0159471
vn 0.0716713 -0.9974283 0.0000000
vn 0.0753544 -0.9970293 0.0159471
vn 0.0997801 -0.9922026 0.0746860
vn 0.2434740 -0.8931230 0.3782218
vn 0.3992826 -0.4158942 0.8170713
vn 0.2701975 -0.0750987 -0.9598716
vn 0.4344490 -0.0661575 -0.8982635
vn 0.2701977 -0.0750987 0.9598715
vn 0.4344491 -0.0661574 0.8982634
vn 0.3064215 -0.0214101 -0.9516551
vn 0.4522651 -0.0054000 -0.8918672
vn 0.3064217 -0.0214101 0.9516551
vn 0.4522652 -0.0053999 0.8918672
vn 0.3378241 -0.0098395 -0.9411578
vn 0.4745304 0.0079087 -0.8802035
vn 0.3378242 -0.0098395 0.9411578
vn 0.4745306 0.0079087 0.8802035
vn 0.3667818 -0.0052091 -0.9302924
vn 0.4990127 0.0130031 -0.8664971
vn 0.3667819 -0.0052091 0.9302924
vn 0.4990127 0.0130031 0.8664970
vn 0.3944322 -0.0020000 -0.9189228
vn 0.5240240 0.0164696 -0.8515443
vn 0.3944323 -0.0020000 0.9189228
vn 0.5240241 0.0164696 0.8515442
vn 0.4202223 0.0019821 -0.9074190
vn 0.5492065 0.0210034 -0.8354227
vn 0.4202225 0.0019821 0.9074190
vn 0.5492067 0.0210034 0.8354226
vn 0.4443881 0.0043708 -0.8958237
vn 0.5746648 0.0246757 -0.8180168
vn 0.4443883 0.0043708 0.8958236
vn 0.5746650 0.0246757 0.8180167
vn 0.4693304 0.0064059 -0.8829994
vn 0.6004386 0.0279867 -0.7991810
vn 0.4693306 0.0064059 0.8829993
vn 0.6004387 0.0279867 0.7991809
vn 0.4928696 0.0263397 -0.8697044
vn 0.6255714 0.0500671 -0.7785587
vn 0.4928698 0.0263397 0.8697043
vn 0.6255715 0.0500671 0.7785587
vn 0.5069793 0.0934842 -0.8568738
vn 0.6542907 0.1276018 -0.7454002
vn 0.5069795 0.0934842 0.8568736
vn 0.6542907 0.1276018 0.7454002
vn 0.5037458 0.1895596 -0.8427973
vn 0.6958902 0.2506065 -0.6730032
vn 0.5037460 0.1895596 0.8427972
vn 0.6958902 0.2506065 0.6730031
vn 0.7188480 0.3401860 -0.6062433
vn 0.6952734 0.3969947 -0.5991578
vn 0.7399009 0.4127359 -0.5312209
vn 0.6952734 0.3969947 0.5991578
vn 0.7399010 0.4127360 0.5312207
vn 0.7188480 0.3401855 0.6062437
vn 0.5766319 0.6118977 -0.5413656
vn 0.7287160 0.5884430 -0.3502968
vn 0.6842610 0.6454991 -0.3392902
vn 0.7192293 0.6542699 -0.2337522
vn 0.6842610 0.6454991 0.3392903
vn 0.7192293 0.6542699 0.2337523
vn 0.7287160 0.5884430 0.3502969
vn 0.5766318 0.6118976 0.5413658
vn 0.7253094 0.6686881 -0.1636539
vn 0.7310157 0.6823605 0.0000000
vn 0.6098955 0.7924819 0.0000000
vn 0.7253094 0.6686881 0.1636539
vn 0.6315942 -0.3640225 -0.6845264
vn 0.6418275 -0.3655681 -0.6741049
vn 0.3250827 -0.9184294 -0.2254076
vn 0.1789214 -0.9826432 -0.0489825
vn 0.1414897 -0.9899397 0.0000000
vn 0.1789214 -0.9826432 0.0489826
vn 0.3250827 -0.9184294 0.2254077
vn 0.6315935 -0.3640234 0.6845266
vn 0.6418276 -0.3655682 0.6741048
vn 0.6639158 -0.2461858 -0.7061221
vn 0.6775169 -0.0336497 -0.7347370
vn 0.6639159 -0.2461849 0.7061223
vn 0.6775169 -0.0336496 0.7347370
vn 0.6910981 0.0228062 -0.7224010
vn 0.6910982 0.0228062 0.7224010
vn 0.7090872 0.0362547 -0.7041881
vn 0.7090872 0.0362547 0.7041881
vn 0.7158173 0.0385303 -0.6972237
vn 0.7197611 0.0418186 -0.6929612
vn 0.7311601 0.0431848 -0.6808378
vn 0.7197609 0.0418186 0.6929613
vn 0.7311600 0.0431848 0.6808378
vn 0.7158172 0.0385303 0.6972239
vn 0.7261998 0.0445051 -0.6860417
vn 0.7549172 0.0480592 -0.6540568
vn 0.7261997 0.0445051 0.6860418
vn 0.7549170 0.0480592 0.6540570
vn 0.7327840 0.0477482 -0.6787840
vn 0.7785962 0.0535484 -0.6252364
vn 0.7327839 0.0477482 0.6787842
vn 0.7785961 0.0535484 0.6252365
vn 0.7392650 0.0497692 -0.6715730
vn 0.8019449 0.0581199 -0.5945640
vn 0.7392648 0.0497692 0.6715731
vn 0.8019449 0.0581199 0.5945641
vn 0.7465013 0.0508013 -0.6634418
vn 0.8245494 0.0620564 -0.5623764
vn 0.7465007 0.0508013 0.6634424
vn 0.8245494 0.0620564 0.5623764
vn 0.7531772 0.0716507 -0.6539038
vn 0.8448888 0.0867447 -0.5278620
vn 0.7531772 0.0716507 0.6539040
vn 0.8448888 0.0867447 0.5278620
vn 0.7519764 0.1505546 -0.6417670
vn 0.8638108 0.1762185 -0.4719937
vn 0.7519763 0.1505546 0.6417671
vn 0.8638108 0.1762185 0.4719937
vn 0.7361866 0.2645953 -0.6229114
vn 0.8772537 0.2536167 -0.4075591
vn 0.8622968 0.3069701 -0.4027576
vn 0.8909170 0.3162569 -0.3259579
vn 0.8622967 0.3069701 0.4027577
vn 0.8909170 0.3162569 0.3259578
vn 0.8772537 0.2536167 0.4075592
vn 0.7361865 0.2645952 0.6229115
vn 0.8104289 0.4425995 -0.3838109
vn 0.8971274 0.3989871 -0.1896620
vn 0.8659353 0.4645822 -0.1852556
vn 0.8988290 0.4382996 0.0000000
vn 0.8821456 0.4709769 0.0000000
vn 0.8971274 0.3989871 0.1896620
vn 0.8659351 0.4645822 0.1852556
vn 0.8104287 0.4425994 0.3838110
vn 0.7337716 0.6594861 -0.1632704
vn 0.7461882 0.6657350 0.0000000
vn 0.7337716 0.6594861 0.1632704
vn 0.7920234 -0.4002405 -0.4609843
vn 0.8585588 -0.3775395 -0.3469015
vn 0.7785979 -0.5823811 -0.2337039
vn 0.6725046 -0.7400929 0.0000000
vn 0.7785979 -0.5823811 0.2337039
vn 0.7920232 -0.4002405 0.4609845
vn 0.8585588 -0.3775397 0.3469014
vn 0.6951821 -0.0319111 -0.7181250
vn 0.8780484 -0.0276692 -0.4777715
vn 0.9228519 -0.0163650 -0.3848072
vn 0.8780483 -0.0276692 0.4777716
vn 0.9228519 -0.0163650 0.3848073
vn 0.6951820 -0.0319110 0.7181252
vn 0.7037391 0.0241716 -0.7100472
vn 0.8822699 0.0397318 -0.4690641
vn 0.9367027 0.0473340 -0.3469115
vn 0.8822699 0.0397319 0.4690642
vn 0.9367027 0.0473340 0.3469115
vn 0.7037390 0.0241716 0.7100473
vn 0.7127299 0.0367020 -0.7004778
vn 0.8841971 0.0565870 -0.4636738
vn 0.9508073 0.0644523 -0.3030037
vn 0.8841971 0.0565870 0.4636739
vn 0.9508074 0.0644523 0.3030036
vn 0.7127294 0.0367019 0.7004783
vn 0.8864761 0.0628548 -0.4584859
vn 0.9647253 0.0727857 -0.2529967
vn 0.8864760 0.0628548 0.4584861
vn 0.9647253 0.0727857 0.2529967
vn 0.8890896 0.0658280 -0.4529749
vn 0.9722475 0.0757097 -0.2213654
vn 0.9723199 0.0768918 -0.2206392
vn 0.9837207 0.0781663 -0.1618138
vn 0.9723199 0.0768918 0.2206393
vn 0.9837207 0.0781663 0.1618139
vn 0.9722475 0.0757097 0.2213654
vn 0.8890896 0.0658280 0.4529750
vn 0.8916941 0.0689453 -0.4473568
vn 0.9724872 0.0798278 -0.2188520
vn 0.9965354 0.0830979 -0.0034622
vn 0.9724872 0.0798278 0.2188520
vn 0.9965354 0.0830979 0.0034622
vn 0.8916941 0.0689453 0.4473569
vn 0.8942823 0.0711934 -0.4418038
vn 0.9727179 0.0819606 -0.2170310
vn 0.9965360 0.0831623 0.0000000
vn 0.9963540 0.0853157 0.0000000
vn 0.9727179 0.0819606 0.2170310
vn 0.8942823 0.0711934 0.4418039
vn 0.8970867 0.0727429 -0.4358254
vn 0.9730886 0.0832593 -0.2148637
vn 0.9962453 0.0865751 0.0000000
vn 0.9730886 0.0832593 0.2148637
vn 0.8970867 0.0727429 0.4358255
vn 0.8983623 0.0955162 -0.4287444
vn 0.9714020 0.1068288 -0.2120513
vn 0.9938973 0.1103101 0.0000000
vn 0.9714020 0.1068288 0.2120513
vn 0.8983623 0.0955162 0.4287446
vn 0.8900965 0.1824930 -0.4176416
vn 0.9580814 0.1980352 -0.2070318
vn 0.9792256 0.2027740 0.0000000
vn 0.9580814 0.1980352 0.2070319
vn 0.8900965 0.1824930 0.4176417
vn 0.9239517 0.3278188 -0.1970993
vn 0.9425497 0.3340659 0.0000000
vn 0.9239517 0.3278188 0.1970993
vn 0.8808880 -0.3987896 -0.2549570
vn 0.9104127 -0.4137014 0.0000000
vn 0.8808880 -0.3987896 0.2549570
vn 0.9699387 -0.0205501 -0.2424802
vn 0.9997916 -0.0204169 0.0000000
vn 0.9699387 -0.0205501 0.2424802
vn 0.9716057 0.0504973 -0.2311546
vn 0.9985974 0.0529438 0.0000000
vn 0.9716057 0.0504973 0.2311546
vn 0.9715818 0.0672289 -0.2269559
vn 0.9975215 0.0703625 0.0000000
vn 0.9715818 0.0672289 0.2269559
vn 0.9719062 0.0738723 -0.2234756
vn 0.9970187 0.0771609 0.0000000
vn 0.9719062 0.0738723 0.2234756
vn 0.9967819 0.0801606 0.0000000
vn 0.9965399 0.0831157 0.0000000
f 3//3 2//2 1//1
f 5//5 4//4 1//1
f 5//5 1//1 2//2
f 7//7 6//6 4//4
f 7//7 4//4 5//5
f 8//8 6//6 7//7
f 11//11 10//10 9//9
f 9//9 10//10 3//3
f 1//1 9//9 3//3
f 12//12 9//9 1//1
f 13//13 1//1 4//4
f 12//12 1//1 13//13
f 14//14 4//4 6//6
f 13//13 4//4 14//14
f 6//6 8//8 15//15
f 16//16 6//6 15//15
f 14//14 6//6 16//16
f 17//17 16//16 15//15
f 18//18 11//11 9//9
f 20//20 19//19 18//18
f 9//9 20//20 18//18
f 12//12 20//20 9//9
f 21//21 12//12 13//13
f 20//20 12//12 21//21
f 22//22 13//13 14//14
f 21//21 13//13 22//22
f 16//16 24//24 23//23
f 22//22 16//16 23//23
f 14//14 16//16 22//22
f 24//24 16//16 17//17
f 19//19 20//20 25//25
f 19//19 25//25 26//26
f 27//27 20//20 21//21
f 25//25 20//20 27//27
f 28//28 21//21 22//22
f 27//27 21//21 28//28
f 22//22 23//23 29//29
f 22//22 29//29 28//28
f 26//26 25//25 30//30
f 26//26 30//30 31//31
f 32//32 25//25 27//27
f 30//30 25//25 32//32
f 33//33 27//27 28//28
f 32//32 27//27 33//33
f 28//28 29//29 34//34
f 28//28 34//34 33//33
f 31//31 30//30 35//35
f 31//31 35//35 36//36
f 37//37 30//30 32//32
f 35//35 30//30 37//37
f 38//38 32//32 33//33
f 37//37 32//32 38//38
f 33//33 34//34 39//39
f 33//33 39//39 38//38
f 36//36 35//35 40//40
f 36//36 40//40 41//41
f 42//42 35//35 37//37
f 40//40 35//35 42//42
f 43//43 37//37 38//38
f 42//42 37//37 43//43
f 38//38 39//39 44//44
f 38//38 44//44 43//43
f 45//45 41//41 40//40
f 47//47 46//46 45//45
f 40//40 47//47 45//45
f 42//42 47//47 40//40
f 43//43 49//49 48//48
f 47//47 43//43 48//48
f 42//42 43//43 47//47
f 49//49 43//43 44//44
f 46//46 47//47 50//50
f 46//46 50//50 51//51
f 47//47 48//48 52//52
f 47//47 52//52 50//50
f 53//53 51//51 50//50
f 53//53 50//50 52//52
f 56//56 55//55 54//54
f 58//58 57//57 54//54
f 58//58 54//54 55//55
f 2//2 3//3 57//57
f 58//58 2//2 57//57
f 59//59 2//2 58//58
f 2//2 60//60 5//5
f 59//59 60//60 2//2
f 5//5 61//61 7//7
f 60//60 61//61 5//5
f 63//63 62//62 8//8
f 7//7 63//63 8//8
f 61//61 63//63 7//7
f 65//65 64//64 62//62
f 65//65 62//62 63//63
f 66//66 64//64 65//65
f 56//56 54//54 67//67
f 56//56 67//67 68//68
f 11//11 67//67 10//10
f 67//67 57//57 10//10
f 67//67 54//54 57//57
f 10//10 57//57 3//3
f 62//62 15//15 8//8
f 15//15 62//62 17//17
f 62//62 69//69 17//17
f 62//62 64//64 69//69
f 64//64 66//66 70//70
f 64//64 70//70 69//69
f 68//68 67//67 71//71
f 68//68 71//71 72//72
f 18//18 73//73 11//11
f 73//73 67//67 11//11
f 73//73 71//71 67//67
f 19//19 73//73 18//18
f 74//74 23//23 24//24
f 17//17 69//69 24//24
f 69//69 74//74 24//24
f 69//69 75//75 74//74
f 69//69 70//70 76//76
f 69//69 76//76 75//75
f 72//72 71//71 77//77
f 72//72 77//77 78//78
f 79//79 71//71 73//73
f 77//77 71//71 79//79
f 26//26 79//79 19//19
f 19//19 79//79 73//73
f 80//80 29//29 74//74
f 74//74 29//29 23//23
f 81//81 74//74 75//75
f 80//80 74//74 81//81
f 75//75 76//76 82//82
f 75//75 82//82 81//81
f 78//78 77//77 83//83
f 78//78 83//83 84//84
f 85//85 77//77 79//79
f 83//83 77//77 85//85
f 31//31 85//85 26//26
f 26//26 85//85 79//79
f 86//86 34//34 80//80
f 80//80 34//34 29//29
f 87//87 80//80 81//81
f 86//86 80//80 87//87
f 81//81 82//82 88//88
f 81//81 88//88 87//87
f 84//84 83//83 89//89
f 84//84 89//89 90//90
f 91//91 83//83 85//85
f 89//89 83//83 91//91
f 36//36 91//91 31//31
f 31//31 91//91 85//85
f 92//92 39//39 86//86
f 86//86 39//39 34//34
f 93//93 86//86 87//87
f 92//92 86//86 93//93
f 87//87 88//88 94//94
f 87//87 94//94 93//93
f 90//90 89//89 95//95
f 90//90 95//95 96//96
f 97//97 89//89 91//91
f 95//95 89//89 97//97
f 41//41 97//97 36//36
f 36//36 97//97 91//91
f 98//98 44//44 92//92
f 92//92 44//44 39//39
f 99//99 92//92 93//93
f 98//98 92//92 99//99
f 93//93 94//94 100//100
f 93//93 100//100 99//99
f 101//101 96//96 95//95
f 103//103 102//102 101//101
f 95//95 103//103 101//101
f 97//97 103//103 95//95
f 45//45 104//104 41//41
f 104//104 97//97 41//41
f 104//104 103//103 97//97
f 46//46 104//104 45//45
f 105//105 48//48 49//49
f 44//44 98//98 49//49
f 98//98 105//105 49//49
f 98//98 106//106 105//105
f 99//99 108//108 107//107
f 106//106 99//99 107//107
f 98//98 99//99 106//106
f 108//108 99//99 100//100
f 102//102 103//103 109//109
f 102//102 109//109 110//110
f 111//111 103//103 104//104
f 109//109 103//103 111//111
f 51//51 111//111 46//46
f 46//46 111//111 104//104
f 112//112 52//52 105//105
f 105//105 52//52 48//48
f 113//113 105//105 106//106
f 112//112 105//105 113//113
f 106//106 107//107 114//114
f 106//106 114//114 113//113
f 110//110 109//109 115//115
f 110//110 115//115 116//116
f 117//117 109//109 111//111
f 115//115 109//109 117//117
f 53//53 118//118 51//51
f 118//118 111//111 51//51
f 118//118 117//117 111//111
f 52//52 112//112 53//53
f 112//112 118//118 53//53
f 112//112 119//119 118//118
f 120//120 112//112 113//113
f 119//119 112//112 120//120
f 113//113 114//114 121//121
f 113//113 121//121 120//120
f 116//116 115//115 122//122
f 116//116 122//122 123//123
f 124//124 115//115 117//117
f 122//122 115//115 124//124
f 125//125 117//117 118//118
f 124//124 117//117 125//125
f 126//126 118//118 119//119
f 125//125 118//118 126//126
f 127//127 119//119 120//120
f 126//126 119//119 127//127
f 120//120 121//121 128//128
f 120//120 128//128 127//127
f 123//123 122//122 129//129
f 123//123 129//129 130//130
f 131//131 122//122 124//124
f 129//129 122//122 131//131
f 132//132 124//124 125//125
f 131//131 124//124 132//132
f 133//133 125//125 126//126
f 132//132 125//125 133//133
f 134//134 126//126 127//127
f 133//133 126//126 134//134
f 127//127 128//128 135//135
f 127//127 135//135 134//134
f 136//136 130//130 129//129
f 136//136 129//129 131//131
f 136//136 131//131 137//137
f 139//139 138//138 137//137
f 131//131 139//139 137//137
f 132//132 139//139 131//131
f 133//133 141//141 140//140
f 139//139 133//133 140//140
f 132//132 133//133 139//139
f 141//141 133//133 134//134
f 141//141 134//134 142//142
f 142//142 134//134 135//135
f 143//143 138//138 139//139
f 143//143 139//139 140//140
f 145//145 144//144 55//55
f 145//145 55//55 56//56
f 55//55 146//146 58//58
f 144//144 146//146 55//55
f 58//58 147//147 59//59
f 146//146 147//147 58//58
f 59//59 148//148 60//60
f 147//147 148//148 59//59
f 60//60 149//149 61//61
f 148//148 149//149 60//60
f 61//61 150//150 63//63
f 149//149 150//150 61//61
f 63//63 151//151 65//65
f 150//150 151//151 63//63
f 66//66 65//65 151//151
f 66//66 151//151 152//152
f 68//68 145//145 56//56
f 68//68 153//153 145//145
f 152//152 70//70 66//66
f 154//154 70//70 152//152
f 72//72 153//153 68//68
f 72//72 155//155 153//153
f 154//154 76//76 70//70
f 156//156 76//76 154//154
f 78//78 155//155 72//72
f 78//78 157//157 155//155
f 156//156 82//82 76//76
f 158//158 82//82 156//156
f 84//84 157//157 78//78
f 84//84 159//159 157//157
f 158//158 88//88 82//82
f 160//160 88//88 158//158
f 90//90 159//159 84//84
f 90//90 161//161 159//159
f 160//160 94//94 88//88
f 162//162 94//94 160//160
f 96//96 161//161 90//90
f 96//96 163//163 161//161
f 162//162 100//100 94//94
f 164//164 100//100 162//162
f 96//96 101//101 165//165
f 166//166 96//96 165//165
f 163//163 96//96 166//166
f 102//102 165//165 101//101
f 167//167 107//107 108//108
f 168//168 167//167 108//108
f 100//100 168//168 108//108
f 164//164 168//168 100//100
f 166//166 165//165 169//169
f 166//166 169//169 170//170
f 110//110 169//169 102//102
f 102//102 169//169 165//165
f 171//171 114//114 167//167
f 167//167 114//114 107//107
f 167//167 168//168 172//172
f 167//167 172//172 171//171
f 170//170 169//169 173//173
f 170//170 173//173 174//174
f 116//116 173//173 110//110
f 110//110 173//173 169//169
f 175//175 121//121 171//171
f 171//171 121//121 114//114
f 171//171 172//172 176//176
f 171//171 176//176 175//175
f 174//174 173//173 177//177
f 174//174 177//177 178//178
f 123//123 177//177 116//116
f 116//116 177//177 173//173
f 179//179 128//128 175//175
f 175//175 128//128 121//121
f 175//175 176//176 180//180
f 175//175 180//180 179//179
f 178//178 177//177 181//181
f 178//178 181//181 182//182
f 130//130 181//181 123//123
f 123//123 181//181 177//177
f 183//183 135//135 179//179
f 179//179 135//135 128//128
f 179//179 180//180 184//184
f 179//179 184//184 183//183
f 185//185 182//182 181//181
f 187//187 185//185 186//186
f 186//186 185//185 136//136
f 185//185 181//181 136//136
f 181//181 130//130 136//136
f 137//137 188//188 136//136
f 136//136 188//188 186//186
f 138//138 188//188 137//137
f 189//189 140//140 141//141
f 142//142 190//190 141//141
f 141//141 190//190 189//189
f 191//191 190//190 142//142
f 191//191 142//142 135//135
f 192//192 191//191 135//135
f 183//183 192//192 135//135
f 192//192 183//183 184//184
f 193//193 187//187 186//186
f 195//195 194//194 193//193
f 186//186 195//195 193//193
f 188//188 195//195 186//186
f 143//143 196//196 138//138
f 196//196 188//188 138//138
f 196//196 195//195 188//188
f 140//140 189//189 143//143
f 189//189 196//196 143//143
f 189//189 197//197 196//196
f 190//190 199//199 198//198
f 197//197 190//190 198//198
f 189//189 190//190 197//197
f 199//199 190//190 191//191
f 200//200 194//194 195//195
f 200//200 195//195 196//196
f 200//200 196//196 201//201
f 201//201 196//196 197//197
f 201//201 197//197 202//202
f 202//202 197//197 198//198
f 204//204 203//203 144//144
f 204//204 144//144 145//145
f 144//144 205//205 146//146
f 203//203 205//205 144//144
f 146//146 206//206 147//147
f 205//205 206//206 146//146
f 147//147 207//207 148//148
f 206//206 207//207 147//147
f 148//148 208//208 149//149
f 207//207 208//208 148//148
f 149//149 209//209 150//150
f 208//208 209//209 149//149
f 150//150 210//210 151//151
f 209//209 210//210 150//150
f 152//152 151//151 210//210
f 152//152 210//210 211//211
f 214//214 213//213 212//212
f 213//213 204//204 212//212
f 204//204 153//153 212//212
f 204//204 145//145 153//153
f 216//216 154//154 215//215
f 154//154 211//211 215//215
f 154//154 152//152 211//211
f 217//217 216//216 215//215
f 214//214 212//212 218//218
f 214//214 218//218 219//219
f 155//155 218//218 153//153
f 153//153 218//218 212//212
f 220//220 156//156 216//216
f 216//216 156//156 154//154
f 216//216 217//217 221//221
f 216//216 221//221 220//220
f 219//219 218//218 222//222
f 219//219 222//222 223//223
f 157//157 222//222 155//155
f 155//155 222//222 218//218
f 224//224 158//158 220//220
f 220//220 158//158 156//156
f 220//220 221//221 225//225
f 220//220 225//225 224//224
f 223//223 222//222 226//226
f 223//223 226//226 227//227
f 159//159 226//226 157//157
f 157//157 226//226 222//222
f 228//228 160//160 224//224
f 224//224 160//160 158//158
f 224//224 225//225 229//229
f 224//224 229//229 228//228
f 227//227 226//226 230//230
f 227//227 230//230 231//231
f 161//161 230//230 159//159
f 159//159 230//230 226//226
f 232//232 162//162 228//228
f 228//228 162//162 160//160
f 228//228 229//229 233//233
f 228//228 233//233 232//232
f 231//231 230//230 234//234
f 231//231 234//234 235//235
f 163//163 234//234 161//161
f 161//161 234//234 230//230
f 236//236 164//164 232//232
f 232//232 164//164 162//162
f 232//232 233//233 237//237
f 232//232 237//237 236//236
f 235//235 234//234 238//238
f 235//235 238//238 239//239
f 166//166 238//238 163//163
f 163//163 238//238 234//234
f 240//240 168//168 236//236
f 236//236 168//168 164//164
f 236//236 237//237 241//241
f 236//236 241//241 240//240
f 239//239 238//238 242//242
f 239//239 242//242 243//243
f 170//170 242//242 166//166
f 166//166 242//242 238//238
f 244//244 172//172 240//240
f 240//240 172//172 168//168
f 240//240 241//241 245//245
f 240//240 245//245 244//244
f 243//243 242//242 246//246
f 243//243 246//246 247//247
f 174//174 246//246 170//170
f 170//170 246//246 242//242
f 248//248 176//176 244//244
f 244//244 176//176 172//172
f 244//244 245//245 249//249
f 244//244 249//249 248//248
f 247//247 246//246 250//250
f 247//247 250//250 251//251
f 178//178 250//250 174//174
f 174//174 250//250 246//246
f 252//252 180//180 248//248
f 248//248 180//180 176//176
f 248//248 249//249 253//253
f 248//248 253//253 252//252
f 251//251 250//250 254//254
f 251//251 254//254 255//255
f 182//182 254//254 178//178
f 178//178 254//254 250//250
f 256//256 184//184 252//252
f 252//252 184//184 180//180
f 252//252 253//253 257//257
f 252//252 257//257 256//256
f 258//258 255//255 254//254
f 260//260 258//258 259//259
f 259//259 258//258 185//185
f 258//258 254//254 185//185
f 254//254 182//182 185//185
f 187//187 259//259 185//185
f 261//261 191//191 192//192
f 262//262 261//261 192//192
f 262//262 192//192 184//184
f 263//263 262//262 184//184
f 256//256 263//263 184//184
f 263//263 256//256 257//257
f 260//260 259//259 264//264
f 260//260 264//264 265//265
f 193//193 266//266 187//187
f 266//266 259//259 187//187
f 266//266 264//264 259//259
f 194//194 266//266 193//193
f 267//267 198//198 199//199
f 191//191 261//261 199//199
f 261//261 267//267 199//199
f 261//261 268//268 267//267
f 261//261 262//262 269//269
f 261//261 269//269 268//268
f 270//270 265//265 264//264
f 270//270 264//264 266//266
f 270//270 266//266 271//271
f 273//273 271//271 272//272
f 272//272 271//271 200//200
f 271//271 266//266 200//200
f 266//266 194//194 200//200
f 201//201 274//274 200//200
f 200//200 274//274 272//272
f 202//202 275//275 201//201
f 201//201 275//275 274//274
f 276//276 275//275 202//202
f 276//276 202//202 198//198
f 277//277 276//276 198//198
f 267//267 277//277 198//198
f 277//277 267//267 268//268
f 277//277 268//268 278//278
f 278//278 268//268 269//269
f 279//279 273//273 272//272
f 279//279 272//272 274//274
f 279//279 274//274 280//280
f 280//280 274//274 275//275
f 280//280 275//275 281//281
f 281//281 275//275 276//276
f 284//284 283//283 282//282
f 203//203 204//204 282//282
f 283//283 203//203 282//282
f 285//285 203//203 283//283
f 203//203 286//286 205//205
f 285//285 286//286 203//203
f 205//205 287//287 206//206
f 286//286 287//287 205//205
f 206//206 288//288 207//207
f 287//287 288//288 206//206
f 207//207 289//289 208//208
f 288//288 289//289 207//207
f 208//208 290//290 209//209
f 289//289 290//290 208//208
f 209//209 291//291 210//210
f 290//290 291//291 209//209
f 293//293 292//292 211//211
f 210//210 293//293 211//211
f 291//291 293//293 210//210
f 294//294 292//292 293//293
f 284//284 282//282 213//213
f 214//214 284//284 213//213
f 295//295 284//284 214//214
f 213//213 282//282 204//204
f 292//292 215//215 211//211
f 217//217 215//215 292//292
f 294//294 217//217 292//292
f 296//296 217//217 294//294
f 219//219 295//295 214//214
f 219//219 297//297 295//295
f 296//296 221//221 217//217
f 298//298 221//221 296//296
f 223//223 297//297 219//219
f 223//223 299//299 297//297
f 298//298 225//225 221//221
f 300//300 225//225 298//298
f 227//227 299//299 223//223
f 227//227 301//301 299//299
f 300//300 229//229 225//225
f 302//302 229//229 300//300
f 231//231 301//301 227//227
f 231//231 303//303 301//301
f 302//302 233//233 229//229
f 304//304 233//233 302//302
f 235//235 303//303 231//231
f 235//235 305//305 303//303
f 304//304 237//237 233//233
f 306//306 237//237 304//304
f 239//239 305//305 235//235
f 239//239 307//307 305//305
f 306//306 241//241 237//237
f 308//308 241//241 306//306
f 243//243 307//307 239//239
f 243//243 309//309 307//307
f 308//308 245//245 241//241
f 310//310 245//245 308//308
f 247//247 309//309 243//243
f 247//247 311//311 309//309
f 310//310 249//249 245//245
f 312//312 249//249 310//310
f 251//251 311//311 247//247
f 251//251 313//313 311//311
f 312//312 253//253 249//249
f 314//314 253//253 312//312
f 255//255 313//313 251//251
f 255//255 315//315 313//313
f 314//314 257//257 253//253
f 316//316 257//257 314//314
f 255//255 258//258 317//317
f 318//318 255//255 317//317
f 315//315 255//255 318//318
f 260//260 317//317 258//258
f 319//319 262//262 263//263
f 320//320 319//319 263//263
f 257//257 320//320 263//263
f 316//316 320//320 257//257
f 321//321 318//318 317//317
f 317//317 260//260 321//321
f 260//260 322//322 321//321
f 260//260 265//265 322//322
f 324//324 323//323 319//319
f 323//323 262//262 319//319
f 323//323 269//269 262//262
f 324//324 319//319 320//320
f 325//325 322//322 265//265
f 325//325 265//265 270//270
f 327//327 325//325 326//326
f 325//325 271//271 326//326
f 325//325 270//270 271//271
f 273//273 326//326 271//271
f 328//328 276//276 277//277
f 328//328 277//277 329//329
f 277//277 330//330 329//329
f 277//277 278//278 330//330
f 278//278 269//269 323//323
f 278//278 323//323 330//330
f 331//331 327//327 326//326
f 331//331 326//326 273//273
f 279//279 331//331 273//273
f 332//332 331//331 279//279
f 333//333 279//279 280//280
f 333//333 332//332 279//279
f 334//334 280//280 281//281
f 334//334 333//333 280//280
f 281//281 276//276 328//328
f 335//335 281//281 328//328
f 334//334 281//281 335//335
f 335//335 328//328 329//329
f 338//338 337//337 336//336
f 340//340 339//339 336//336
f 340//340 336//336 337//337
f 342//342 341//341 339//339
f 342//342 339//339 340//340
f 344//344 343//343 341//341
f 344//344 341//341 342//342
f 346//346 345//345 343//343
f 346//346 343//343 344//344
f 347//347 345//345 346//346
f 284//284 348//348 283//283
f 283//283 348//348 349//349
f 350//350 283//283 349//349
f 285//285 283//283 350//350
f 336//336 286//286 338//338
f 286//286 350//350 338//338
f 286//286 285//285 350//350
f 286//286 336//336 287//287
f 287//287 336//336 339//339
f 287//287 339//339 288//288
f 288//288 339//339 341//341
f 288//288 341//341 289//289
f 289//289 341//341 343//343
f 289//289 343//343 290//290
f 290//290 343//343 345//345
f 347//347 351//351 345//345
f 351//351 290//290 345//345
f 351//351 291//291 290//290
f 351//351 353//353 352//352
f 293//293 351//351 352//352
f 291//291 351//351 293//293
f 352//352 294//294 293//293
f 355//355 354//354 348//348
f 284//284 355//355 348//348
f 295//295 355//355 284//284
f 348//348 354//354 349//349
f 353//353 356//356 352//352
f 294//294 352//352 356//356
f 357//357 294//294 356//356
f 296//296 294//294 357//357
f 297//297 355//355 295//295
f 297//297 358//358 355//355
f 357//357 298//298 296//296
f 359//359 298//298 357//357
f 299//299 358//358 297//297
f 299//299 360//360 358//358
f 359//359 300//300 298//298
f 361//361 300//300 359//359
f 301//301 360//360 299//299
f 301//301 362//362 360//360
f 361//361 302//302 300//300
f 363//363 302//302 361//361
f 303//303 362//362 301//301
f 303//303 364//364 362//362
f 363//363 304//304 302//302
f 365//365 304//304 363//363
f 305//305 364//364 303//303
f 305//305 366//366 364//364
f 365//365 306//306 304//304
f 367//367 306//306 365//365
f 307//307 366//366 305//305
f 307//307 368//368 366//366
f 367//367 308//308 306//306
f 369//369 308//308 367//367
f 309//309 368//368 307//307
f 309//309 370//370 368//368
f 369//369 310//310 308//308
f 371//371 310//310 369//369
f 311//311 370//370 309//309
f 311//311 372//372 370//370
f 371//371 312//312 310//310
f 373//373 312//312 371//371
f 313//313 372//372 311//311
f 313//313 374//374 372//372
f 373//373 314//314 312//312
f 375//375 314//314 373//373
f 315//315 374//374 313//313
f 315//315 376//376 374//374
f 375//375 316//316 314//314
f 377//377 316//316 375//375
f 318//318 376//376 315//315
f 318//318 378//378 376//376
f 377//377 320//320 316//316
f 379//379 320//320 377//377
f 318//318 321//321 380//380
f 381//381 318//318 380//380
f 378//378 318//318 381//381
f 322//322 380//380 321//321
f 382//382 323//323 324//324
f 383//383 382//382 324//324
f 320//320 383//383 324//324
f 379//379 383//383 320//320
f 384//384 381//381 380//380
f 386//386 384//384 385//385
f 385//385 384//384 325//325
f 384//384 380//380 325//325
f 380//380 322//322 325//325
f 327//327 385//385 325//325
f 387//387 329//329 330//330
f 388//388 387//387 330//330
f 388//388 330//330 323//323
f 389//389 388//388 323//323
f 382//382 389//389 323//323
f 389//389 382//382 383//383
f 390//390 386//386 385//385
f 390//390 385//385 327//327
f 331//331 390//390 327//327
f 391//391 390//390 331//331
f 392//392 331//331 332//332
f 392//392 391//391 331//331
f 393//393 332//332 333//333
f 393//393 392//392 332//332
f 394//394 333//333 334//334
f 394//394 393//393 333//333
f 395//395 334//334 335//335
f 395//395 394//394 334//334
f 335//335 329//329 387//387
f 396//396 335//335 387//387
f 395//395 335//335 396//396
f 396//396 387//387 388//388
f 399//399 398//398 397//397
f 337//337 338//338 397//397
f 398//398 337//337 397//397
f 400//400 337//337 398//398
f 337//337 401//401 340//340
f 400//400 401//401 337//337
f 340//340 402//402 342//342
f 401//401 402//402 340//340
f 342//342 403//403 344//344
f 402//402 403//403 342//342
f 344//344 404//404 346//346
f 403//403 404//404 344//344
f 406//406 405//405 347//347
f 346//346 406//406 347//347
f 404//404 406//406 346//346
f 407//407 405//405 406//406
f 399//399 397//397 350//350
f 349//349 399//399 350//350
f 408//408 399//399 349//349
f 350//350 397//397 338//338
f 405//405 351//351 347//347
f 353//353 351//351 405//405
f 407//407 353//353 405//405
f 409//409 353//353 407//407
f 355//355 410//410 354//354
f 410//410 411//411 354//354
f 411//411 349//349 354//354
f 411//411 408//408 349//349
f 356//356 353//353 412//412
f 353//353 413//413 412//412
f 353//353 409//409 413//413
f 412//412 357//357 356//356
f 415//415 414//414 410//410
f 355//355 415//415 410//410
f 358//358 415//415 355//355
f 410//410 414//414 411//411
f 413//413 416//416 412//412
f 357//357 412//412 416//416
f 417//417 357//357 416//416
f 359//359 357//357 417//417
f 360//360 415//415 358//358
f 360//360 418//418 415//415
f 417//417 361//361 359//359
f 419//419 361//361 417//417
f 362//362 418//418 360//360
f 362//362 420//420 418//418
f 419//419 363//363 361//361
f 421//421 363//363 419//419
f 364//364 420//420 362//362
f 364//364 422//422 420//420
f 421//421 365//365 363//363
f 423//423 365//365 421//421
f 366//366 422//422 364//364
f 366//366 424//424 422//422
f 423//423 367//367 365//365
f 425//425 367//367 423//423
f 368//368 424//424 366//366
f 368//368 426//426 424//424
f 425//425 369//369 367//367
f 427//427 369//369 425//425
f 370//370 426//426 368//368
f 370//370 428//428 426//426
f 427//427 371//371 369//369
f 429//429 371//371 427//427
f 372//372 428//428 370//370
f 372//372 430//430 428//428
f 429//429 373//373 371//371
f 431//431 373//373 429//429
f 374//374 430//430 372//372
f 374//374 432//432 430//430
f 431//431 375//375 373//373
f 433//433 375//375 431//431
f 376//376 432//432 374//374
f 376//376 434//434 432//432
f 433//433 377//377 375//375
f 435//435 377//377 433//433
f 378//378 434//434 376//376
f 378//378 436//436 434//434
f 435//435 379//379 377//377
f 437//437 379//379 435//435
f 381//381 436//436 378//378
f 381//381 438//438 436//436
f 437//437 383//383 379//379
f 439//439 383//383 437//437
f 440//440 438//438 381//381
f 440//440 381//381 384//384
f 384//384 386//386 440//440
f 440//440 386//386 441//441
f 443//443 442//442 389//389
f 389//389 442//442 388//388
f 389//389 383//383 439//439
f 389//389 439//439 443//443
f 444//444 441//441 386//386
f 444//444 386//386 390//390
f 445//445 390//390 391//391
f 445//445 444//444 390//390
f 447//447 445//445 446//446
f 445//445 392//392 446//446
f 445//445 391//391 392//392
f 393//393 448//448 392//392
f 392//392 448//448 446//446
f 394//394 449//449 393//393
f 393//393 449//449 448//448
f 449//449 394//394 450//450
f 394//394 451//451 450//450
f 394//394 395//395 451//451
f 452//452 395//395 396//396
f 452//452 451//451 395//395
f 396//396 388//388 442//442
f 396//396 442//442 452//452
f 453//453 447//447 446//446
f 453//453 446//446 448//448
f 453//453 448//448 454//454
f 454//454 448//448 449//449
f 454//454 449//449 455//455
f 455//455 449//449 450//450
f 458//458 457//457 456//456
f 459//459 456//456 457//457
f 462//462 461//461 460//460
f 464//464 463//463 460//460
f 464//464 460//460 461//461
f 463//463 464//464 458//458
f 456//456 463//463 458//458
f 465//465 463//463 456//456
f 456//456 459//459 466//466
f 467//467 456//456 466//466
f 465//465 456//456 467//467
f 469//469 468//468 467//467
f 469//469 467//467 466//466
f 470//470 468//468 469//469
f 472//472 471//471 398//398
f 472//472 398//398 399//399
f 460//460 400//400 462//462
f 400//400 471//471 462//462
f 400//400 398//398 471//471
f 400//400 460//460 401//401
f 401//401 460//460 463//463
f 401//401 463//463 402//402
f 402//402 463//463 465//465
f 402//402 465//465 403//403
f 403//403 465//465 467//467
f 403//403 467//467 404//404
f 404//404 467//467 468//468
f 470//470 473//473 468//468
f 473//473 404//404 468//468
f 473//473 406//406 404//404
f 407//407 406//406 473//473
f 407//407 473//473 474//474
f 408//408 472//472 399//399
f 408//408 475//475 472//472
f 474//474 409//409 407//407
f 476//476 409//409 474//474
f 411//411 475//475 408//408
f 411//411 477//477 475//475
f 476//476 413//413 409//409
f 478//478 413//413 476//476
f 415//415 479//479 414//414
f 479//479 480//480 414//414
f 480//480 411//411 414//414
f 480//480 477//477 411//411
f 416//416 413//413 481//481
f 413//413 482//482 481//481
f 413//413 478//478 482//482
f 481//481 417//417 416//416
f 484//484 483//483 479//479
f 415//415 484//484 479//479
f 418//418 484//484 415//415
f 479//479 483//483 480//480
f 482//482 485//485 481//481
f 417//417 481//481 485//485
f 486//486 417//417 485//485
f 419//419 417//417 486//486
f 420//420 484//484 418//418
f 420//420 487//487 484//484
f 486//486 421//421 419//419
f 488//488 421//421 486//486
f 422//422 487//487 420//420
f 422//422 489//489 487//487
f 488//488 423//423 421//421
f 490//490 423//423 488//488
f 424//424 489//489 422//422
f 424//424 491//491 489//489
f 490//490 425//425 423//423
f 492//492 425//425 490//490
f 426//426 491//491 424//424
f 426//426 493//493 491//491
f 492//492 427//427 425//425
f 494//494 427//427 492//492
f 428//428 493//493 426//426
f 428//428 495//495 493//493
f 494//494 429//429 427//427
f 496//496 429//429 494//494
f 430//430 495//495 428//428
f 430//430 497//497 495//495
f 496//496 431//431 429//429
f 498//498 431//431 496//496
f 432//432 497//497 430//430
f 432//432 499//499 497//497
f 498//498 433//433 431//431
f 500//500 433//433 498//498
f 434//434 499//499 432//432
f 434//434 501//501 499//499
f 500//500 435//435 433//433
f 502//502 435//435 500//500
f 436//436 501//501 434//434
f 436//436 503//503 501//501
f 502//502 437//437 435//435
f 504//504 437//437 502//502
f 438//438 503//503 436//436
f 438//438 505//505 503//503
f 504//504 439//439 437//437
f 506//506 439//439 504//504
f 507//507 505//505 438//438
f 507//507 438//438 440//440
f 440//440 441//441 507//507
f 507//507 441//441 508//508
f 510//510 509//509 443//443
f 443//443 509//509 442//442
f 443//443 439//439 506//506
f 443//443 506//506 510//510
f 511//511 508//508 441//441
f 511//511 441//441 444//444
f 513//513 511//511 512//512
f 511//511 445//445 512//512
f 511//511 444//444 445//445
f 447//447 512//512 445//445
f 514//514 450//450 451//451
f 514//514 451//451 515//515
f 451//451 516//516 515//515
f 451//451 452//452 516//516
f 452//452 442//442 509//509
f 452//452 509//509 516//516
f 517//517 513//513 512//512
f 517//517 512//512 447//447
f 453//453 517//517 447//447
f 518//518 517//517 453//453
f 519//519 453//453 454//454
f 519//519 518//518 453//453
f 520//520 454//454 455//455
f 520//520 519//519 454//454
f 455//455 450//450 514//514
f 521//521 455//455 514//514
f 520//520 455//455 521//521
f 521//521 514//514 515//515
f 524//524 523//523 522//522
f 526//526 525//525 522//522
f 526//526 522//522 523//523
f 528//528 527//527 525//525
f 528//528 525//525 526//526
f 529//529 527//527 528//528
f 532//532 531//531 530//530
f 530//530 531//531 524//524
f 522//522 530//530 524//524
f 533//533 530//530 522//522
f 534//534 522//522 525//525
f 533//533 522//522 534//534
f 535//535 525//525 527//527
f 534//534 525//525 535//535
f 527//527 529//529 536//536
f 537//537 527//527 536//536
f 535//535 527//527 537//537
f 538//538 537//537 536//536
f 532//532 530//530 539//539
f 532//532 539//539 540//540
f 541//541 530//530 533//533
f 539//539 530//530 541//541
f 542//542 533//533 534//534
f 541//541 533//533 542//542
f 543//543 534//534 535//535
f 542//542 534//534 543//543
f 544//544 535//535 537//537
f 543//543 535//535 544//544
f 537//537 538//538 545//545
f 537//537 545//545 544//544
f 540//540 539//539 546//546
f 540//540 546//546 547//547
f 548//548 539//539 541//541
f 546//546 539//539 548//548
f 549//549 541//541 542//542
f 548//548 541//541 549//549
f 550//550 542//542 543//543
f 549//549 542//542 550//550
f 551//551 543//543 544//544
f 550//550 543//543 551//551
f 544//544 545//545 552//552
f 544//544 552//552 551//551
f 547//547 546//546 553//553
f 547//547 553//553 554//554
f 555//555 546//546 548//548
f 553//553 546//546 555//555
f 556//556 548//548 549//549
f 555//555 548//548 556//556
f 557//557 549//549 550//550
f 556//556 549//549 557//557
f 558//558 550//550 551//551
f 557//557 550//550 558//558
f 551//551 552//552 559//559
f 551//551 559//559 558//558
f 554//554 553//553 560//560
f 554//554 560//560 561//561
f 562//562 553//553 555//555
f 560//560 553//553 562//562
f 563//563 555//555 556//556
f 562//562 555//555 563//563
f 564//564 556//556 557//557
f 563//563 556//556 564//564
f 565//565 557//557 558//558
f 564//564 557//557 565//565
f 558//558 559//559 566//566
f 558//558 566//566 565//565
f 561//561 560//560 567//567
f 561//561 567//567 568//568
f 569//569 560//560 562//562
f 567//567 560//560 569//569
f 570//570 562//562 563//563
f 569//569 562//562 570//570
f 571//571 563//563 564//564
f 570//570 563//563 571//571
f 572//572 564//564 565//565
f 571//571 564//564 572//572
f 565//565 566//566 573//573
f 565//565 573//573 572//572
f 568//568 567//567 574//574
f 568//568 574//574 575//575
f 576//576 567//567 569//569
f 574//574 567//567 576//576
f 577//577 569//569 570//570
f 576//576 569//569 577//577
f 578//578 570//570 571//571
f 577//577 570//570 578//578
f 579//579 571//571 572//572
f 578//578 571//571 579//579
f 572//572 573//573 580//580
f 572//572 580//580 579//579
f 575//575 574//574 581//581
f 575//575 581//581 582//582
f 583//583 574//574 576//576
f 581//581 574//574 583//583
f 584//584 576//576 577//577
f 583//583 576//576 584//584
f 585//585 577//577 578//578
f 584//584 577//577 585//585
f 586//586 578//578 579//579
f 585//585 578//578 586//586
f 579//579 580//580 587//587
f 579//579 587//587 586//586
f 582//582 581//581 588//588
f 582//582 588//588 589//589
f 590//590 581//581 583//583
f 588//588 581//581 590//590
f 591//591 583//583 584//584
f 590//590 583//583 591//591
f 592//592 584//584 585//585
f 591//591 584//584 592//592
f 593//593 585//585 586//586
f 592//592 585//585 593//593
f 586//586 587//587 594//594
f 586//586 594//594 593//593
f 589//589 588//588 595//595
f 589//589 595//595 596//596
f 597//597 588//588 590//590
f 595//595 588//588 597//597
f 598//598 590//590 591//591
f 597//597 590//590 598//598
f 599//599 591//591 592//592
f 598//598 591//591 599//599
f 600//600 592//592 593//593
f 599//599 592//592 600//600
f 593//593 594//594 601//601
f 593//593 601//601 600//600
f 596//596 595//595 602//602
f 596//596 602//602 603//603
f 604//604 595//595 597//597
f 602//602 595//595 604//604
f 605//605 597//597 598//598
f 604//604 597//597 605//605
f 606//606 598//598 599//599
f 605//605 598//598 606//606
f 607//607 599//599 600//600
f 606//606 599//599 607//607
f 600//600 601//601 608//608
f 600//600 608//608 607//607
f 603//603 602//602 609//609
f 603//603 609//609 610//610
f 611//611 602//602 604//604
f 609//609 602//602 611//611
f 612//612 604//604 605//605
f 611//611 604//604 612//612
f 613//613 605//605 606//606
f 612//612 605//605 613//613
f 614//614 606//606 607//607
f 613//613 606//606 614//614
f 607//607 608//608 615//615
f 607//607 615//615 614//614
f 610//610 609//609 616//616
f 610//610 616//616 617//617
f 618//618 609//609 611//611
f 616//616 609//609 618//618
f 619//619 611//611 612//612
f 618//618 611//611 619//619
f 620//620 612//612 613//613
f 619//619 612//612 620//620
f 621//621 613//613 614//614
f 620//620 613//613 621//621
f 614//614 615//615 622//622
f 614//614 622//622 621//621
f 617//617 616//616 623//623
f 617//617 623//623 624//624
f 625//625 616//616 618//618
f 623//623 616//616 625//625
f 626//626 618//618 619//619
f 625//625 618//618 626//626
f 627//627 619//619 620//620
f 626//626 619//619 627//627
f 628//628 620//620 621//621
f 627//627 620//620 628//628
f 621//621 622//622 629//629
f 621//621 629//629 628//628
f 624//624 623//623 630//630
f 624//624 630//630 631//631
f 632//632 623//623 625//625
f 630//630 623//623 632//632
f 633//633 625//625 626//626
f 632//632 625//625 633//633
f 634//634 626//626 627//627
f 633//633 626//626 634//634
f 635//635 627//627 628//628
f 634//634 627//627 635//635
f 628//628 629//629 636//636
f 628//628 636//636 635//635
f 631//631 630//630 637//637
f 631//631 637//637 638//638
f 639//639 630//630 632//632
f 637//637 630//630 639//639
f 640//640 632//632 633//633
f 639//639 632//632 640//640
f 641//641 633//633 634//634
f 640//640 633//633 641//641
f 642//642 634//634 635//635
f 641//641 634//634 642//642
f 635//635 636//636 643//643
f 635//635 643//643 642//642
f 638//638 637//637 644//644
f 638//638 644//644 645//645
f 646//646 637//637 639//639
f 644//644 637//637 646//646
f 647//647 639//639 640//640
f 646//646 639//639 647//647
f 648//648 640//640 641//641
f 647//647 640//640 648//648
f 649//649 641//641 642//642
f 648//648 641//641 649//649
f 642//642 643//643 650//650
f 642//642 650//650 649//649
f 645//645 644//644 651//651
f 645//645 651//651 652//652
f 653//653 644//644 646//646
f 651//651 644//644 653//653
f 654//654 646//646 647//647
f 653//653 646//646 654//654
f 655//655 647//647 648//648
f 654//654 647//647 655//655
f 656//656 648//648 649//649
f 655//655 648//648 656//656
f 649//649 650//650 657//657
f 649//649 657//657 656//656
f 652//652 651//651 658//658
f 652//652 658//658 659//659
f 660//660 651//651 653//653
f 658//658 651//651 660//660
f 661//661 653//653 654//654
f 660//660 653//653 661//661
f 662//662 654//654 655//655
f 661//661 654//654 662//662
f 663//663 655//655 656//656
f 662//662 655//655 663//663
f 656//656 657//657 664//664
f 656//656 664//664 663//663
f 659//659 658//658 665//665
f 659//659 665//665 666//666
f 667//667 658//658 660//660
f 665//665 658//658 667//667
f 668//668 660//660 661//661
f 667//667 660//660 668//668
f 669//669 661//661 662//662
f 668//668 661//661 669//669
f 670//670 662//662 663//663
f 669//669 662//662 670//670
f 663//663 664//664 671//671
f 663//663 671//671 670//670
f 666//666 665//665 672//672
f 666//666 672//672 673//673
f 674//674 665//665 667//667
f 672//672 665//665 674//674
f 458//458 674//674 457//457
f 674//674 668//668 457//457
f 674//674 667//667 668//668
f 457//457 668//668 459//459
f 668//668 675//675 459//459
f 668//668 669//669 675//675
f 676//676 669//669 670//670
f 675//675 669//669 676//676
f 670//670 671//671 677//677
f 670//670 677//677 676//676
f 680//680 679//679 678//678
f 678//678 679//679 673//673
f 678//678 673//673 672//672
f 462//462 678//678 672//672
f 461//461 462//462 672//672
f 461//461 672//672 464//464
f 464//464 672//672 674//674
f 464//464 674//674 458//458
f 675//675 466//466 459//459
f 466//466 675//675 469//469
f 469//469 675//675 676//676
f 682//682 681//681 470//470
f 682//682 470//470 469//469
f 677//677 682//682 469//469
f 676//676 677//677 469//469
f 683//683 681//681 682//682
f 680//680 678//678 471//471
f 472//472 680//680 471//471
f 684//684 680//680 472//472
f 471//471 678//678 462//462
f 681//681 473//473 470//470
f 474//474 473//473 681//681
f 683//683 474//474 681//681
f 685//685 474//474 683//683
f 475//475 684//684 472//472
f 475//475 686//686 684//684
f 685//685 476//476 474//474
f 687//687 476//476 685//685
f 477//477 686//686 475//475
f 477//477 688//688 686//686
f 687//687 478//478 476//476
f 689//689 478//478 687//687
f 480//480 688//688 477//477
f 480//480 690//690 688//688
f 689//689 482//482 478//478
f 691//691 482//482 689//689
f 693//693 692//692 483//483
f 693//693 483//483 484//484
f 480//480 483//483 690//690
f 690//690 483//483 692//692
f 691//691 694//694 482//482
f 482//482 694//694 485//485
f 486//486 485//485 694//694
f 486//486 694//694 695//695
f 487//487 693//693 484//484
f 487//487 696//696 693//693
f 695//695 488//488 486//486
f 697//697 488//488 695//695
f 489//489 696//696 487//487
f 489//489 698//698 696//696
f 697//697 490//490 488//488
f 699//699 490//490 697//697
f 491//491 698//698 489//489
f 491//491 700//700 698//698
f 699//699 492//492 490//490
f 701//701 492//492 699//699
f 493//493 700//700 491//491
f 493//493 702//702 700//700
f 701//701 494//494 492//492
f 703//703 494//494 701//701
f 495//495 702//702 493//493
f 495//495 704//704 702//702
f 703//703 496//496 494//494
f 705//705 496//496 703//703
f 497//497 704//704 495//495
f 497//497 706//706 704//704
f 705//705 498//498 496//496
f 707//707 498//498 705//705
f 499//499 706//706 497//497
f 499//499 708//708 706//706
f 707//707 500//500 498//498
f 709//709 500//500 707//707
f 712//712 711//711 710//710
f 711//711 708//708 710//710
f 708//708 501//501 710//710
f 708//708 499//499 501//501
f 714//714 502//502 713//713
f 502//502 709//709 713//713
f 502//502 500//500 709//709
f 715//715 714//714 713//713
f 716//716 712//712 710//710
f 710//710 501//501 716//716
f 501//501 717//717 716//716
f 501//501 503//503 717//717
f 719//719 718//718 714//714
f 718//718 502//502 714//714
f 718//718 504//504 502//502
f 719//719 714//714 715//715
f 505//505 717//717 503//503
f 505//505 720//720 717//717
f 718//718 506//506 504//504
f 721//721 506//506 718//718
f 722//722 720//720 505//505
f 722//722 505//505 507//507
f 507//507 508//508 722//722
f 722//722 508//508 723//723
f 725//725 724//724 510//510
f 510//510 724//724 509//509
f 510//510 506//506 721//721
f 510//510 721//721 725//725
f 726//726 723//723 508//508
f 726//726 508//508 511//511
f 511//511 513//513 726//726
f 726//726 513//513 727//727
f 729//729 728//728 516//516
f 516//516 728//728 515//515
f 516//516 509//509 724//724
f 516//516 724//724 729//729
f 730//730 727//727 513//513
f 730//730 513//513 517//517
f 731//731 517//517 518//518
f 731//731 730//730 517//517
f 732//732 518//518 519//519
f 732//732 731//731 518//518
f 733//733 519//519 520//520
f 733//733 732//732 519//519
f 734//734 520//520 521//521
f 734//734 733//733 520//520
f 521//521 515//515 728//728
f 521//521 728//728 734//734
f 737//737 736//736 735//735
f 523//523 524//524 735//735
f 736//736 523//523 735//735
f 738//738 523//523 736//736
f 523//523 739//739 526//526
f 738//738 739//739 523//523
f 526//526 740//740 528//528
f 739//739 740//740 526//526
f 742//742 741//741 529//529
f 528//528 742//742 529//529
f 740//740 742//742 528//528
f 743//743 741//741 742//742
f 746//746 745//745 744//744
f 744//744 745//745 737//737
f 744//744 737//737 735//735
f 532//532 744//744 735//735
f 531//531 532//532 735//735
f 531//531 735//735 524//524
f 741//741 536//536 529//529
f 748//748 747//747 538//538
f 748//748 538//538 536//536
f 743//743 748//748 536//536
f 741//741 743//743 536//536
f 749//749 747//747 748//748
f 746//746 744//744 750//750
f 746//746 750//750 751//751
f 540//540 750//750 532//532
f 532//532 750//750 744//744
f 752//752 545//545 747//747
f 747//747 545//545 538//538
f 747//747 749//749 753//753
f 747//747 753//753 752//752
f 751//751 750//750 754//754
f 751//751 754//754 755//755
f 547//547 754//754 540//540
f 540//540 754//754 750//750
f 756//756 552//552 752//752
f 752//752 552//552 545//545
f 752//752 753//753 757//757
f 752//752 757//757 756//756
f 755//755 754//754 758//758
f 755//755 758//758 759//759
f 554//554 758//758 547//547
f 547//547 758//758 754//754
f 760//760 559//559 756//756
f 756//756 559//559 552//552
f 756//756 757//757 761//761
f 756//756 761//761 760//760
f 759//759 758//758 762//762
f 759//759 762//762 763//763
f 561//561 762//762 554//554
f 554//554 762//762 758//758
f 764//764 566//566 760//760
f 760//760 566//566 559//559
f 760//760 761//761 765//765
f 760//760 765//765 764//764
f 763//763 762//762 766//766
f 763//763 766//766 767//767
f 568//568 766//766 561//561
f 561//561 766//766 762//762
f 768//768 573//573 764//764
f 764//764 573//573 566//566
f 764//764 765//765 769//769
f 764//764 769//769 768//768
f 767//767 766//766 770//770
f 767//767 770//770 771//771
f 575//575 770//770 568//568
f 568//568 770//770 766//766
f 772//772 580//580 768//768
f 768//768 580//580 573//573
f 768//768 769//769 773//773
f 768//768 773//773 772//772
f 771//771 770//770 774//774
f 771//771 774//774 775//775
f 582//582 774//774 575//575
f 575//575 774//774 770//770
f 776//776 587//587 772//772
f 772//772 587//587 580//580
f 772//772 773//773 777//777
f 772//772 777//777 776//776
f 775//775 774//774 778//778
f 775//775 778//778 779//779
f 589//589 778//778 582//582
f 582//582 778//778 774//774
f 780//780 594//594 776//776
f 776//776 594//594 587//587
f 776//776 777//777 781//781
f 776//776 781//781 780//780
f 779//779 778//778 782//782
f 779//779 782//782 783//783
f 596//596 782//782 589//589
f 589//589 782//782 778//778
f 784//784 601//601 780//780
f 780//780 601//601 594//594
f 780//780 781//781 785//785
f 780//780 785//785 784//784
f 783//783 782//782 786//786
f 783//783 786//786 787//787
f 603//603 786//786 596//596
f 596//596 786//786 782//782
f 788//788 608//608 784//784
f 784//784 608//608 601//601
f 784//784 785//785 789//789
f 784//784 789//789 788//788
f 787//787 786//786 790//790
f 787//787 790//790 791//791
f 610//610 790//790 603//603
f 603//603 790//790 786//786
f 792//792 615//615 788//788
f 788//788 615//615 608//608
f 788//788 789//789 793//793
f 788//788 793//793 792//792
f 791//791 790//790 794//794
f 791//791 794//794 795//795
f 617//617 794//794 610//610
f 610//610 794//794 790//790
f 796//796 622//622 792//792
f 792//792 622//622 615//615
f 792//792 793//793 797//797
f 792//792 797//797 796//796
f 795//795 794//794 798//798
f 795//795 798//798 799//799
f 624//624 798//798 617//617
f 617//617 798//798 794//794
f 800//800 629//629 796//796
f 796//796 629//629 622//622
f 796//796 797//797 801//801
f 796//796 801//801 800//800
f 799//799 798//798 802//802
f 799//799 802//802 803//803
f 631//631 802//802 624//624
f 624//624 802//802 798//798
f 804//804 636//636 800//800
f 800//800 636//636 629//629
f 800//800 801//801 805//805
f 800//800 805//805 804//804
f 803//803 802//802 806//806
f 803//803 806//806 807//807
f 638//638 806//806 631//631
f 631//631 806//806 802//802
f 808//808 643//643 804//804
f 804//804 643//643 636//636
f 804//804 805//805 809//809
f 804//804 809//809 808//808
f 807//807 806//806 810//810
f 807//807 810//810 811//811
f 645//645 810//810 638//638
f 638//638 810//810 806//806
f 812//812 650//650 808//808
f 808//808 650//650 643//643
f 808//808 809//809 813//813
f 808//808 813//813 812//812
f 811//811 810//810 814//814
f 811//811 814//814 815//815
f 652//652 814//814 645//645
f 645//645 814//814 810//810
f 816//816 657//657 812//812
f 812//812 657//657 650//650
f 812//812 813//813 817//817
f 812//812 817//817 816//816
f 815//815 814//814 818//818
f 815//815 818//818 819//819
f 659//659 818//818 652//652
f 652//652 818//818 814//814
f 820//820 664//664 816//816
f 816//816 664//664 657//657
f 816//816 817//817 821//821
f 816//816 821//821 820//820
f 819//819 818//818 822//822
f 819//819 822//822 823//823
f 666//666 822//822 659//659
f 659//659 822//822 818//818
f 824//824 671//671 820//820
f 820//820 671//671 664//664
f 820//820 821//821 825//825
f 820//820 825//825 824//824
f 823//823 822//822 826//826
f 823//823 826//826 827//827
f 673//673 826//826 666//666
f 666//666 826//826 822//822
f 828//828 677//677 824//824
f 824//824 677//677 671//671
f 824//824 825//825 829//829
f 824//824 829//829 828//828
f 827//827 826//826 679//679
f 680//680 827//827 679//679
f 830//830 827//827 680//680
f 679//679 826//826 673//673
f 828//828 682//682 677//677
f 683//683 682//682 828//828
f 829//829 683//683 828//828
f 831//831 683//683 829//829
f 684//684 830//830 680//680
f 684//684 832//832 830//830
f 831//831 685//685 683//683
f 833//833 685//685 831//831
f 836//836 835//835 834//834
f 835//835 832//832 834//834
f 832//832 686//686 834//834
f 832//832 684//684 686//686
f 838//838 687//687 837//837
f 687//687 833//833 837//837
f 687//687 685//685 833//833
f 839//839 838//838 837//837
f 836//836 834//834 840//840
f 836//836 840//840 841//841
f 688//688 840//840 686//686
f 686//686 840//840 834//834
f 842//842 689//689 838//838
f 838//838 689//689 687//687
f 838//838 839//839 843//843
f 838//838 843//843 842//842
f 841//841 840//840 844//844
f 841//841 844//844 845//845
f 690//690 844//844 688//688
f 688//688 844//844 840//840
f 846//846 691//691 842//842
f 842//842 691//691 689//689
f 842//842 843//843 847//847
f 842//842 847//847 846//846
f 845//845 844//844 692//692
f 693//693 845//845 692//692
f 848//848 845//845 693//693
f 692//692 844//844 690//690
f 846//846 694//694 691//691
f 695//695 694//694 846//846
f 847//847 695//695 846//846
f 849//849 695//695 847//847
f 696//696 848//848 693//693
f 696//696 850//850 848//848
f 849//849 697//697 695//695
f 851//851 697//697 849//849
f 698//698 850//850 696//696
f 698//698 852//852 850//850
f 851//851 699//699 697//697
f 853//853 699//699 851//851
f 700//700 852//852 698//698
f 700//700 854//854 852//852
f 853//853 701//701 699//699
f 855//855 701//701 853//853
f 702//702 854//854 700//700
f 702//702 856//856 854//854
f 855//855 703//703 701//701
f 857//857 703//703 855//855
f 704//704 856//856 702//702
f 704//704 858//858 856//856
f 857//857 705//705 703//703
f 859//859 705//705 857//857
f 862//862 861//861 860//860
f 861//861 858//858 860//860
f 858//858 706//706 860//860
f 858//858 704//704 706//706
f 864//864 707//707 863//863
f 707//707 859//859 863//863
f 707//707 705//705 859//859
f 865//865 864//864 863//863
f 862//862 860//860 866//866
f 862//862 866//866 867//867
f 708//708 866//866 706//706
f 706//706 866//866 860//860
f 868//868 709//709 864//864
f 864//864 709//709 707//707
f 864//864 865//865 869//869
f 864//864 869//869 868//868
f 867//867 866//866 711//711
f 712//712 867//867 711//711
f 870//870 867//867 712//712
f 711//711 866//866 708//708
f 868//868 713//713 709//709
f 715//715 713//713 868//868
f 869//869 715//715 868//868
f 871//871 715//715 869//869
f 712//712 716//716 872//872
f 873//873 712//712 872//872
f 870//870 712//712 873//873
f 717//717 872//872 716//716
f 874//874 718//718 719//719
f 875//875 874//874 719//719
f 715//715 875//875 719//719
f 871//871 875//875 715//715
f 873//873 872//872 876//876
f 873//873 876//876 877//877
f 720//720 876//876 717//717
f 717//717 876//876 872//872
f 878//878 721//721 874//874
f 874//874 721//721 718//718
f 874//874 875//875 879//879
f 874//874 879//879 878//878
f 880//880 877//877 876//876
f 882//882 880//880 881//881
f 881//881 880//880 722//722
f 880//880 876//876 722//722
f 876//876 720//720 722//722
f 723//723 881//881 722//722
f 883//883 724//724 725//725
f 884//884 883//883 725//725
f 884//884 725//725 721//721
f 885//885 884//884 721//721
f 878//878 885//885 721//721
f 885//885 878//878 879//879
f 886//886 882//882 881//881
f 888//888 886//886 887//887
f 887//887 886//886 726//726
f 886//886 881//881 726//726
f 881//881 723//723 726//726
f 727//727 887//887 726//726
f 889//889 728//728 729//729
f 890//890 889//889 729//729
f 890//890 729//729 724//724
f 891//891 890//890 724//724
f 883//883 891//891 724//724
f 891//891 883//883 884//884
f 892//892 888//888 887//887
f 892//892 887//887 727//727
f 730//730 892//892 727//727
f 893//893 892//892 730//730
f 894//894 730//730 731//731
f 894//894 893//893 730//730
f 895//895 731//731 732//732
f 895//895 894//894 731//731
f 896//896 732//732 733//733
f 896//896 895//895 732//732
f 897//897 733//733 734//734
f 897//897 896//896 733//733
f 734//734 728//728 889//889
f 898//898 734//734 889//889
f 897//897 734//734 898//898
f 898//898 889//889 890//890
f 901//901 900//900 899//899
f 736//736 737//737 899//899
f 900//900 736//736 899//899
f 902//902 736//736 900//900
f 736//736 903//903 738//738
f 902//902 903//903 736//736
f 738//738 904//904 739//739
f 903//903 904//904 738//738
f 739//739 905//905 740//740
f 904//904 905//905 739//739
f 740//740 906//906 742//742
f 905//905 906//906 740//740
f 908//908 907//907 743//743
f 742//742 908//908 743//743
f 906//906 908//908 742//742
f 909//909 907//907 908//908
f 912//912 911//911 910//910
f 910//910 911//911 901//901
f 910//910 901//901 899//899
f 746//746 910//910 899//899
f 745//745 746//746 899//899
f 745//745 899//899 737//737
f 907//907 748//748 743//743
f 914//914 913//913 749//749
f 914//914 749//749 748//748
f 909//909 914//914 748//748
f 907//907 909//909 748//748
f 915//915 913//913 914//914
f 912//912 910//910 916//916
f 912//912 916//916 917//917
f 751//751 916//916 746//746
f 746//746 916//916 910//910
f 918//918 753//753 913//913
f 913//913 753//753 749//749
f 913//913 915//915 919//919
f 913//913 919//919 918//918
f 917//917 916//916 920//920
f 917//917 920//920 921//921
f 755//755 920//920 751//751
f 751//751 920//920 916//916
f 922//922 757//757 918//918
f 918//918 757//757 753//753
f 918//918 919//919 923//923
f 918//918 923//923 922//922
f 921//921 920//920 924//924
f 921//921 924//924 925//925
f 759//759 924//924 755//755
f 755//755 924//924 920//920
f 926//926 761//761 922//922
f 922//922 761//761 757//757
f 922//922 923//923 927//927
f 922//922 927//927 926//926
f 925//925 924//924 928//928
f 925//925 928//928 929//929
f 763//763 928//928 759//759
f 759//759 928//928 924//924
f 930//930 765//765 926//926
f 926//926 765//765 761//761
f 926//926 927//927 931//931
f 926//926 931//931 930//930
f 929//929 928//928 932//932
f 929//929 932//932 933//933
f 767//767 932//932 763//763
f 763//763 932//932 928//928
f 934//934 769//769 930//930
f 930//930 769//769 765//765
f 930//930 931//931 935//935
f 930//930 935//935 934//934
f 933//933 932//932 936//936
f 933//933 936//936 937//937
f 771//771 936//936 767//767
f 767//767 936//936 932//932
f 938//938 773//773 934//934
f 934//934 773//773 769//769
f 934//934 935//935 939//939
f 934//934 939//939 938//938
f 937//937 936//936 940//940
f 937//937 940//940 941//941
f 775//775 940//940 771//771
f 771//771 940//940 936//936
f 942//942 777//777 938//938
f 938//938 777//777 773//773
f 938//938 939//939 943//943
f 938//938 943//943 942//942
f 941//941 940//940 944//944
f 941//941 944//944 945//945
f 779//779 944//944 775//775
f 775//775 944//944 940//940
f 946//946 781//781 942//942
f 942//942 781//781 777//777
f 942//942 943//943 947//947
f 942//942 947//947 946//946
f 945//945 944//944 948//948
f 945//945 948//948 949//949
f 783//783 948//948 779//779
f 779//779 948//948 944//944
f 950//950 785//785 946//946
f 946//946 785//785 781//781
f 946//946 947//947 951//951
f 946//946 951//951 950//950
f 949//949 948//948 952//952
f 949//949 952//952 953//953
f 787//787 952//952 783//783
f 783//783 952//952 948//948
f 954//954 789//789 950//950
f 950//950 789//789 785//785
f 950//950 951//951 955//955
f 950//950 955//955 954//954
f 953//953 952//952 956//956
f 953//953 956//956 957//957
f 791//791 956//956 787//787
f 787//787 956//956 952//952
f 958//958 793//793 954//954
f 954//954 793//793 789//789
f 954//954 955//955 959//959
f 954//954 959//959 958//958
f 957//957 956//956 960//960
f 957//957 960//960 961//961
f 795//795 960//960 791//791
f 791//791 960//960 956//956
f 962//962 797//797 958//958
f 958//958 797//797 793//793
f 958//958 959//959 963//963
f 958//958 963//963 962//962
f 961//961 960//960 964//964
f 961//961 964//964 965//965
f 799//799 964//964 795//795
f 795//795 964//964 960//960
f 966//966 801//801 962//962
f 962//962 801//801 797//797
f 962//962 963//963 967//967
f 962//962 967//967 966//966
f 965//965 964//964 968//968
f 965//965 968//968 969//969
f 803//803 968//968 799//799
f 799//799 968//968 964//964
f 970//970 805//805 966//966
f 966//966 805//805 801//801
f 966//966 967//967 971//971
f 966//966 971//971 970//970
f 969//969 968//968 972//972
f 969//969 972//972 973//973
f 807//807 972//972 803//803
f 803//803 972//972 968//968
f 974//974 809//809 970//970
f 970//970 809//809 805//805
f 970//970 971//971 975//975
f 970//970 975//975 974//974
f 973//973 972//972 976//976
f 973//973 976//976 977//977
f 811//811 976//976 807//807
f 807//807 976//976 972//972
f 978//978 813//813 974//974
f 974//974 813//813 809//809
f 974//974 975//975 979//979
f 974//974 979//979 978//978
f 977//977 976//976 980//980
f 977//977 980//980 981//981
f 815//815 980//980 811//811
f 811//811 980//980 976//976
f 982//982 817//817 978//978
f 978//978 817//817 813//813
f 978//978 979//979 983//983
f 978//978 983//983 982//982
f 981//981 980//980 984//984
f 981//981 984//984 985//985
f 819//819 984//984 815//815
f 815//815 984//984 980//980
f 986//986 821//821 982//982
f 982//982 821//821 817//817
f 982//982 983//983 987//987
f 982//982 987//987 986//986
f 985//985 984//984 988//988
f 985//985 988//988 989//989
f 823//823 988//988 819//819
f 819//819 988//988 984//984
f 990//990 825//825 986//986
f 986//986 825//825 821//821
f 986//986 987//987 991//991
f 986//986 991//991 990//990
f 989//989 988//988 992//992
f 989//989 992//992 993//993
f 827//827 992//992 823//823
f 823//823 992//992 988//988
f 994//994 829//829 990//990
f 990//990 829//829 825//825
f 990//990 991//991 995//995
f 990//990 995//995 994//994
f 993//993 992//992 996//996
f 993//993 996//996 997//997
f 830//830 996//996 827//827
f 827//827 996//996 992//992
f 998//998 831//831 994//994
f 994//994 831//831 829//829
f 994//994 995//995 999//999
f 994//994 999//999 998//998
f 997//997 996//996 1000//1000
f 997//997 1000//1000 1001//1001
f 832//832 1000//1000 830//830
f 830//830 1000//1000 996//996
f 1002//1002 833//833 998//998
f 998//998 833//833 831//831
f 998//998 999//999 1003//1003
f 998//998 1003//1003 1002//1002
f 1001//1001 1000//1000 835//835
f 836//836 1001//1001 835//835
f 1004//1004 1001//1001 836//836
f 835//835 1000//1000 832//832
f 1002//1002 837//837 833//833
f 839//839 837//837 1002//1002
f 1003//1003 839//839 1002//1002
f 1005//1005 839//839 1003//1003
f 841//841 1004//1004 836//836
f 841//841 1006//1006 1004//1004
f 1005//1005 843//843 839//839
f 1007//1007 843//843 1005//1005
f 845//845 1006//1006 841//841
f 845//845 1008//1008 1006//1006
f 1007//1007 847//847 843//843
f 1009//1009 847//847 1007//1007
f 848//848 1008//1008 845//845
f 848//848 1010//1010 1008//1008
f 1009//1009 849//849 847//847
f 1011//1011 849//849 1009//1009
f 1014//1014 1013//1013 1012//1012
f 1013//1013 1010//1010 1012//1012
f 1010//1010 850//850 1012//1012
f 1010//1010 848//848 850//850
f 1016//1016 851//851 1015//1015
f 851//851 1011//1011 1015//1015
f 851//851 849//849 1011//1011
f 1017//1017 1016//1016 1015//1015
f 1014//1014 1012//1012 1018//1018
f 1014//1014 1018//1018 1019//1019
f 852//852 1018//1018 850//850
f 850//850 1018//1018 1012//1012
f 1020//1020 853//853 1016//1016
f 1016//1016 853//853 851//851
f 1016//1016 1017//1017 1021//1021
f 1016//1016 1021//1021 1020//1020
f 1019//1019 1018//1018 1022//1022
f 1019//1019 1022//1022 1023//1023
f 854//854 1022//1022 852//852
f 852//852 1022//1022 1018//1018
f 1024//1024 855//855 1020//1020
f 1020//1020 855//855 853//853
f 1020//1020 1021//1021 1025//1025
f 1020//1020 1025//1025 1024//1024
f 1023//1023 1022//1022 1026//1026
f 1023//1023 1026//1026 1027//1027
f 856//856 1026//1026 854//854
f 854//854 1026//1026 1022//1022
f 1028//1028 857//857 1024//1024
f 1024//1024 857//857 855//855
f 1024//1024 1025//1025 1029//1029
f 1024//1024 1029//1029 1028//1028
f 1027//1027 1026//1026 1030//1030
f 1027//1027 1030//1030 1031//1031
f 858//858 1030//1030 856//856
f 856//856 1030//1030 1026//1026
f 1032//1032 859//859 1028//1028
f 1028//1028 859//859 857//857
f 1028//1028 1029//1029 1033//1033
f 1028//1028 1033//1033 1032//1032
f 1031//1031 1030//1030 861//861
f 862//862 1031//1031 861//861
f 1034//1034 1031//1031 862//862
f 861//861 1030//1030 858//858
f 1032//1032 863//863 859//859
f 865//865 863//863 1032//1032
f 1033//1033 865//865 1032//1032
f 1035//1035 865//865 1033//1033
f 867//867 1034//1034 862//862
f 867//867 1036//1036 1034//1034
f 1035//1035 869//869 865//865
f 1037//1037 869//869 1035//1035
f 870//870 1036//1036 867//867
f 870//870 1038//1038 1036//1036
f 1037//1037 871//871 869//869
f 1039//1039 871//871 1037//1037
f 873//873 1038//1038 870//870
f 873//873 1040//1040 1038//1038
f 1039//1039 875//875 871//871
f 1041//1041 875//875 1039//1039
f 877//877 1040//1040 873//873
f 877//877 1042//1042 1040//1040
f 1041//1041 879//879 875//875
f 1043//1043 879//879 1041//1041
f 1044//1044 1042//1042 877//877
f 1044//1044 877//877 880//880
f 880//880 882//882 1044//1044
f 1044//1044 882//882 1045//1045
f 1047//1047 1046//1046 885//885
f 885//885 1046//1046 884//884
f 885//885 879//879 1043//1043
f 885//885 1043//1043 1047//1047
f 1048//1048 1045//1045 882//882
f 1048//1048 882//882 886//886
f 886//886 888//888 1048//1048
f 1048//1048 888//888 1049//1049
f 1051//1051 1050//1050 891//891
f 891//891 1050//1050 890//890
f 891//891 884//884 1046//1046
f 891//891 1046//1046 1051//1051
f 1052//1052 1049//1049 888//888
f 1052//1052 888//888 892//892
f 1053//1053 892//892 893//893
f 1053//1053 1052//1052 892//892
f 1055//1055 1053//1053 1054//1054
f 1053//1053 894//894 1054//1054
f 1053//1053 893//893 894//894
f 895//895 1056//1056 894//894
f 894//894 1056//1056 1054//1054
f 896//896 1057//1057 895//895
f 895//895 1057//1057 1056//1056
f 1057//1057 896//896 1058//1058
f 896//896 1059//1059 1058//1058
f 896//896 897//897 1059//1059
f 1060//1060 897//897 898//898
f 1060//1060 1059//1059 897//897
f 898//898 890//890 1050//1050
f 898//898 1050//1050 1060//1060
f 1061//1061 1055//1055 1054//1054
f 1061//1061 1054//1054 1056//1056
f 1061//1061 1056//1056 1062//1062
f 1062//1062 1056//1056 1057//1057
f 1062//1062 1057//1057 1063//1063
f 1063//1063 1057//1057 1058//1058
f 1066//1066 1065//1065 1064//1064
f 900//900 901//901 1064//1064
f 1065//1065 900//900 1064//1064
f 1067//1067 900//900 1065//1065
f 900//900 1068//1068 902//902
f 1067//1067 1068//1068 900//900
f 902//902 1069//1069 903//903
f 1068//1068 1069//1069 902//902
f 903//903 1070//1070 904//904
f 1069//1069 1070//1070 903//903
f 904//904 1071//1071 905//905
f 1070//1070 1071//1071 904//904
f 905//905 1072//1072 906//906
f 1071//1071 1072//1072 905//905
f 906//906 1073//1073 908//908
f 1072//1072 1073//1073 906//906
f 1075//1075 1074//1074 909//909
f 908//908 1075//1075 909//909
f 1073//1073 1075//1075 908//908
f 1076//1076 1074//1074 1075//1075
f 1066//1066 1064//1064 911//911
f 912//912 1066//1066 911//911
f 1077//1077 1066//1066 912//912
f 911//911 1064//1064 901//901
f 1074//1074 914//914 909//909
f 915//915 914//914 1074//1074
f 1076//1076 915//915 1074//1074
f 1078//1078 915//915 1076//1076
f 1081//1081 1080//1080 1079//1079
f 1080//1080 1077//1077 1079//1079
f 1077//1077 917//917 1079//1079
f 1077//1077 912//912 917//917
f 1083//1083 919//919 1082//1082
f 919//919 1078//1078 1082//1082
f 919//919 915//915 1078//1078
f 1084//1084 1083//1083 1082//1082
f 1081//1081 1079//1079 1085//1085
f 1081//1081 1085//1085 1086//1086
f 921//921 1085//1085 917//917
f 917//917 1085//1085 1079//1079
f 1087//1087 923//923 1083//1083
f 1083//1083 923//923 919//919
f 1083//1083 1084//1084 1088//1088
f 1083//1083 1088//1088 1087//1087
f 1086//1086 1085//1085 1089//1089
f 1086//1086 1089//1089 1090//1090
f 925//925 1089//1089 921//921
f 921//921 1089//1089 1085//1085
f 1091//1091 927//927 1087//1087
f 1087//1087 927//927 923//923
f 1087//1087 1088//1088 1092//1092
f 1087//1087 1092//1092 1091//1091
f 1090//1090 1089//1089 1093//1093
f 1090//1090 1093//1093 1094//1094
f 929//929 1093//1093 925//925
f 925//925 1093//1093 1089//1089
f 1095//1095 931//931 1091//1091
f 1091//1091 931//931 927//927
f 1091//1091 1092//1092 1096//1096
f 1091//1091 1096//1096 1095//1095
f 1097//1097 1094//1094 1093//1093
f 1093//1093 929//929 1097//1097
f 929//929 1098//1098 1097//1097
f 929//929 933//933 1098//1098
f 1100//1100 1099//1099 1095//1095
f 1099//1099 931//931 1095//1095
f 1099//1099 935//935 931//931
f 1100//1100 1095//1095 1096//1096
f 937//937 1098//1098 933//933
f 937//937 1101//1101 1098//1098
f 1099//1099 939//939 935//935
f 1102//1102 939//939 1099//1099
f 941//941 1101//1101 937//937
f 941//941 1103//1103 1101//1101
f 1102//1102 943//943 939//939
f 1104//1104 943//943 1102//1102
f 945//945 1103//1103 941//941
f 945//945 1105//1105 1103//1103
f 1104//1104 947//947 943//943
f 1106//1106 947//947 1104//1104
f 949//949 1105//1105 945//945
f 949//949 1107//1107 1105//1105
f 1106//1106 951//951 947//947
f 1108//1108 951//951 1106//1106
f 953//953 1107//1107 949//949
f 953//953 1109//1109 1107//1107
f 1108//1108 955//955 951//951
f 1110//1110 955//955 1108//1108
f 957//957 1109//1109 953//953
f 957//957 1111//1111 1109//1109
f 1110//1110 959//959 955//955
f 1112//1112 959//959 1110//1110
f 961//961 1111//1111 957//957
f 961//961 1113//1113 1111//1111
f 1112//1112 963//963 959//959
f 1114//1114 963//963 1112//1112
f 965//965 1113//1113 961//961
f 965//965 1115//1115 1113//1113
f 1114//1114 967//967 963//963
f 1116//1116 967//967 1114//1114
f 969//969 1115//1115 965//965
f 969//969 1117//1117 1115//1115
f 1116//1116 971//971 967//967
f 1118//1118 971//971 1116//1116
f 973//973 1117//1117 969//969
f 973//973 1119//1119 1117//1117
f 1118//1118 975//975 971//971
f 1120//1120 975//975 1118//1118
f 977//977 1119//1119 973//973
f 977//977 1121//1121 1119//1119
f 1120//1120 979//979 975//975
f 1122//1122 979//979 1120//1120
f 981//981 1121//1121 977//977
f 981//981 1123//1123 1121//1121
f 1122//1122 983//983 979//979
f 1124//1124 983//983 1122//1122
f 985//985 1123//1123 981//981
f 985//985 1125//1125 1123//1123
f 1124//1124 987//987 983//983
f 1126//1126 987//987 1124//1124
f 989//989 1125//1125 985//985
f 989//989 1127//1127 1125//1125
f 1126//1126 991//991 987//987
f 1128//1128 991//991 1126//1126
f 1131//1131 1130//1130 1129//1129
f 1130//1130 1127//1127 1129//1129
f 1127//1127 993//993 1129//1129
f 1127//1127 989//989 993//993
f 1133//1133 995//995 1132//1132
f 995//995 1128//1128 1132//1132
f 995//995 991//991 1128//1128
f 1134//1134 1133//1133 1132//1132
f 1131//1131 1129//1129 1135//1135
f 1131//1131 1135//1135 1136//1136
f 997//997 1135//1135 993//993
f 993//993 1135//1135 1129//1129
f 1137//1137 999//999 1133//1133
f 1133//1133 999//999 995//995
f 1133//1133 1134//1134 1138//1138
f 1133//1133 1138//1138 1137//1137
f 1136//1136 1135//1135 1139//1139
f 1136//1136 1139//1139 1140//1140
f 1001//1001 1139//1139 997//997
f 997//997 1139//1139 1135//1135
f 1141//1141 1003//1003 1137//1137
f 1137//1137 1003//1003 999//999
f 1137//1137 1138//1138 1142//1142
f 1137//1137 1142//1142 1141//1141
f 1140//1140 1139//1139 1143//1143
f 1140//1140 1143//1143 1144//1144
f 1004//1004 1143//1143 1001//1001
f 1001//1001 1143//1143 1139//1139
f 1145//1145 1005//1005 1141//1141
f 1141//1141 1005//1005 1003//1003
f 1141//1141 1142//1142 1146//1146
f 1141//1141 1146//1146 1145//1145
f 1144//1144 1143//1143 1147//1147
f 1144//1144 1147//1147 1148//1148
f 1006//1006 1147//1147 1004//1004
f 1004//1004 1147//1147 1143//1143
f 1149//1149 1007//1007 1145//1145
f 1145//1145 1007//1007 1005//1005
f 1145//1145 1146//1146 1150//1150
f 1145//1145 1150//1150 1149//1149
f 1148//1148 1147//1147 1151//1151
f 1148//1148 1151//1151 1152//1152
f 1008//1008 1151//1151 1006//1006
f 1006//1006 1151//1151 1147//1147
f 1153//1153 1009//1009 1149//1149
f 1149//1149 1009//1009 1007//1007
f 1149//1149 1150//1150 1154//1154
f 1149//1149 1154//1154 1153//1153
f 1152//1152 1151//1151 1155//1155
f 1152//1152 1155//1155 1156//1156
f 1010//1010 1155//1155 1008//1008
f 1008//1008 1155//1155 1151//1151
f 1157//1157 1011//1011 1153//1153
f 1153//1153 1011//1011 1009//1009
f 1153//1153 1154//1154 1158//1158
f 1153//1153 1158//1158 1157//1157
f 1156//1156 1155//1155 1013//1013
f 1014//1014 1156//1156 1013//1013
f 1159//1159 1156//1156 1014//1014
f 1013//1013 1155//1155 1010//1010
f 1157//1157 1015//1015 1011//1011
f 1017//1017 1015//1015 1157//1157
f 1158//1158 1017//1017 1157//1157
f 1160//1160 1017//1017 1158//1158
f 1019//1019 1159//1159 1014//1014
f 1019//1019 1161//1161 1159//1159
f 1160//1160 1021//1021 1017//1017
f 1162//1162 1021//1021 1160//1160
f 1023//1023 1161//1161 1019//1019
f 1023//1023 1163//1163 1161//1161
f 1162//1162 1025//1025 1021//1021
f 1164//1164 1025//1025 1162//1162
f 1027//1027 1163//1163 1023//1023
f 1027//1027 1165//1165 1163//1163
f 1164//1164 1029//1029 1025//1025
f 1166//1166 1029//1029 1164//1164
f 1031//1031 1165//1165 1027//1027
f 1031//1031 1167//1167 1165//1165
f 1166//1166 1033//1033 1029//1029
f 1168//1168 1033//1033 1166//1166
f 1034//1034 1167//1167 1031//1031
f 1034//1034 1169//1169 1167//1167
f 1168//1168 1035//1035 1033//1033
f 1170//1170 1035//1035 1168//1168
f 1036//1036 1169//1169 1034//1034
f 1036//1036 1171//1171 1169//1169
f 1170//1170 1037//1037 1035//1035
f 1172//1172 1037//1037 1170//1170
f 1038//1038 1171//1171 1036//1036
f 1038//1038 1173//1173 1171//1171
f 1172//1172 1039//1039 1037//1037
f 1174//1174 1039//1039 1172//1172
f 1040//1040 1173//1173 1038//1038
f 1040//1040 1175//1175 1173//1173
f 1174//1174 1041//1041 1039//1039
f 1176//1176 1041//1041 1174//1174
f 1042//1042 1175//1175 1040//1040
f 1042//1042 1177//1177 1175//1175
f 1176//1176 1043//1043 1041//1041
f 1178//1178 1043//1043 1176//1176
f 1042//1042 1044//1044 1179//1179
f 1180//1180 1042//1042 1179//1179
f 1177//1177 1042//1042 1180//1180
f 1045//1045 1179//1179 1044//1044
f 1181//1181 1046//1046 1047//1047
f 1182//1182 1181//1181 1047//1047
f 1043//1043 1182//1182 1047//1047
f 1178//1178 1182//1182 1043//1043
f 1183//1183 1180//1180 1179//1179
f 1185//1185 1183//1183 1184//1184
f 1184//1184 1183//1183 1048//1048
f 1183//1183 1179//1179 1048//1048
f 1179//1179 1045//1045 1048//1048
f 1049//1049 1184//1184 1048//1048
f 1186//1186 1050//1050 1051//1051
f 1187//1187 1186//1186 1051//1051
f 1187//1187 1051//1051 1046//1046
f 1188//1188 1187//1187 1046//1046
f 1181//1181 1188//1188 1046//1046
f 1188//1188 1181//1181 1182//1182
f 1189//1189 1185//1185 1184//1184
f 1189//1189 1184//1184 1049//1049
f 1052//1052 1189//1189 1049//1049
f 1190//1190 1189//1189 1052//1052
f 1192//1192 1190//1190 1191//1191
f 1190//1190 1053//1053 1191//1191
f 1190//1190 1052//1052 1053//1053
f 1055//1055 1191//1191 1053//1053
f 1193//1193 1058//1058 1059//1059
f 1193//1193 1059//1059 1194//1194
f 1059//1059 1195//1195 1194//1194
f 1059//1059 1060//1060 1195//1195
f 1060//1060 1050//1050 1186//1186
f 1196//1196 1060//1060 1186//1186
f 1195//1195 1060//1060 1196//1196
f 1196//1196 1186//1186 1187//1187
f 1197//1197 1192//1192 1191//1191
f 1197//1197 1191//1191 1055//1055
f 1061//1061 1197//1197 1055//1055
f 1198//1198 1197//1197 1061//1061
f 1199//1199 1061//1061 1062//1062
f 1199//1199 1198//1198 1061//1061
f 1200//1200 1062//1062 1063//1063
f 1200//1200 1199//1199 1062//1062
f 1063//1063 1058//1058 1193//1193
f 1201//1201 1063//1063 1193//1193
f 1200//1200 1063//1063 1201//1201
f 1201//1201 1193//1193 1194//1194
f 1203//1203 1202//1202 1065//1065
f 1203//1203 1065//1065 1066//1066
f 1065//1065 1204//1204 1067//1067
f 1202//1202 1204//1204 1065//1065
f 1067//1067 1205//1205 1068//1068
f 1204//1204 1205//1205 1067//1067
f 1068//1068 1206//1206 1069//1069
f 1205//1205 1206//1206 1068//1068
f 1069//1069 1207//1207 1070//1070
f 1206//1206 1207//1207 1069//1069
f 1070//1070 1208//1208 1071//1071
f 1207//1207 1208//1208 1070//1070
f 1071//1071 1209//1209 1072//1072
f 1208//1208 1209//1209 1071//1071
f 1072//1072 1210//1210 1073//1073
f 1209//1209 1210//1210 1072//1072
f 1073//1073 1211//1211 1075//1075
f 1210//1210 1211//1211 1073//1073
f 1076//1076 1075//1075 1211//1211
f 1076//1076 1211//1211 1212//1212
f 1215//1215 1214//1214 1213//1213
f 1214//1214 1203//1203 1213//1213
f 1203//1203 1077//1077 1213//1213
f 1203//1203 1066//1066 1077//1077
f 1217//1217 1078//1078 1216//1216
f 1078//1078 1212//1212 1216//1216
f 1078//1078 1076//1076 1212//1212
f 1218//1218 1217//1217 1216//1216
f 1215//1215 1213//1213 1080//1080
f 1081//1081 1215//1215 1080//1080
f 1219//1219 1215//1215 1081//1081
f 1080//1080 1213//1213 1077//1077
f 1217//1217 1082//1082 1078//1078
f 1084//1084 1082//1082 1217//1217
f 1218//1218 1084//1084 1217//1217
f 1220//1220 1084//1084 1218//1218
f 1086//1086 1219//1219 1081//1081
f 1086//1086 1221//1221 1219//1219
f 1220//1220 1088//1088 1084//1084
f 1222//1222 1088//1088 1220//1220
f 1090//1090 1221//1221 1086//1086
f 1090//1090 1223//1223 1221//1221
f 1222//1222 1092//1092 1088//1088
f 1224//1224 1092//1092 1222//1222
f 1094//1094 1223//1223 1090//1090
f 1094//1094 1225//1225 1223//1223
f 1224//1224 1096//1096 1092//1092
f 1226//1226 1096//1096 1224//1224
f 1094//1094 1097//1097 1227//1227
f 1228//1228 1094//1094 1227//1227
f 1225//1225 1094//1094 1228//1228
f 1098//1098 1227//1227 1097//1097
f 1229//1229 1099//1099 1100//1100
f 1230//1230 1229//1229 1100//1100
f 1096//1096 1230//1230 1100//1100
f 1226//1226 1230//1230 1096//1096
f 1228//1228 1227//1227 1231//1231
f 1228//1228 1231//1231 1232//1232
f 1101//1101 1231//1231 1098//1098
f 1098//1098 1231//1231 1227//1227
f 1233//1233 1102//1102 1229//1229
f 1229//1229 1102//1102 1099//1099
f 1229//1229 1230//1230 1234//1234
f 1229//1229 1234//1234 1233//1233
f 1232//1232 1231//1231 1235//1235
f 1232//1232 1235//1235 1236//1236
f 1103//1103 1235//1235 1101//1101
f 1101//1101 1235//1235 1231//1231
f 1237//1237 1104//1104 1233//1233
f 1233//1233 1104//1104 1102//1102
f 1233//1233 1234//1234 1238//1238
f 1233//1233 1238//1238 1237//1237
f 1236//1236 1235//1235 1239//1239
f 1236//1236 1239//1239 1240//1240
f 1105//1105 1239//1239 1103//1103
f 1103//1103 1239//1239 1235//1235
f 1241//1241 1106//1106 1237//1237
f 1237//1237 1106//1106 1104//1104
f 1237//1237 1238//1238 1242//1242
f 1237//1237 1242//1242 1241//1241
f 1240//1240 1239//1239 1243//1243
f 1240//1240 1243//1243 1244//1244
f 1107//1107 1243//1243 1105//1105
f 1105//1105 1243//1243 1239//1239
f 1245//1245 1108//1108 1241//1241
f 1241//1241 1108//1108 1106//1106
f 1241//1241 1242//1242 1246//1246
f 1241//1241 1246//1246 1245//1245
f 1244//1244 1243//1243 1247//1247
f 1244//1244 1247//1247 1248//1248
f 1109//1109 1247//1247 1107//1107
f 1107//1107 1247//1247 1243//1243
f 1249//1249 1110//1110 1245//1245
f 1245//1245 1110//1110 1108//1108
f 1245//1245 1246//1246 1250//1250
f 1245//1245 1250//1250 1249//1249
f 1248//1248 1247//1247 1251//1251
f 1248//1248 1251//1251 1252//1252
f 1111//1111 1251//1251 1109//1109
f 1109//1109 1251//1251 1247//1247
f 1253//1253 1112//1112 1249//1249
f 1249//1249 1112//1112 1110//1110
f 1249//1249 1250//1250 1254//1254
f 1249//1249 1254//1254 1253//1253
f 1252//1252 1251//1251 1255//1255
f 1252//1252 1255//1255 1256//1256
f 1113//1113 1255//1255 1111//1111
f 1111//1111 1255//1255 1251//1251
f 1257//1257 1114//1114 1253//1253
f 1253//1253 1114//1114 1112//1112
f 1253//1253 1254//1254 1258//1258
f 1253//1253 1258//1258 1257//1257
f 1256//1256 1255//1255 1259//1259
f 1256//1256 1259//1259 1260//1260
f 1115//1115 1259//1259 1113//1113
f 1113//1113 1259//1259 1255//1255
f 1261//1261 1116//1116 1257//1257
f 1257//1257 1116//1116 1114//1114
f 1257//1257 1258//1258 1262//1262
f 1257//1257 1262//1262 1261//1261
f 1260//1260 1259//1259 1263//1263
f 1260//1260 1263//1263 1264//1264
f 1117//1117 1263//1263 1115//1115
f 1115//1115 1263//1263 1259//1259
f 1265//1265 1118//1118 1261//1261
f 1261//1261 1118//1118 1116//1116
f 1261//1261 1262//1262 1266//1266
f 1261//1261 1266//1266 1265//1265
f 1264//1264 1263//1263 1267//1267
f 1264//1264 1267//1267 1268//1268
f 1119//1119 1267//1267 1117//1117
f 1117//1117 1267//1267 1263//1263
f 1269//1269 1120//1120 1265//1265
f 1265//1265 1120//1120 1118//1118
f 1265//1265 1266//1266 1270//1270
f 1265//1265 1270//1270 1269//1269
f 1268//1268 1267//1267 1271//1271
f 1268//1268 1271//1271 1272//1272
f 1121//1121 1271//1271 1119//1119
f 1119//1119 1271//1271 1267//1267
f 1273//1273 1122//1122 1269//1269
f 1269//1269 1122//1122 1120//1120
f 1269//1269 1270//1270 1274//1274
f 1269//1269 1274//1274 1273//1273
f 1272//1272 1271//1271 1275//1275
f 1272//1272 1275//1275 1276//1276
f 1123//1123 1275//1275 1121//1121
f 1121//1121 1275//1275 1271//1271
f 1277//1277 1124//1124 1273//1273
f 1273//1273 1124//1124 1122//1122
f 1273//1273 1274//1274 1278//1278
f 1273//1273 1278//1278 1277//1277
f 1276//1276 1275//1275 1279//1279
f 1276//1276 1279//1279 1280//1280
f 1125//1125 1279//1279 1123//1123
f 1123//1123 1279//1279 1275//1275
f 1281//1281 1126//1126 1277//1277
f 1277//1277 1126//1126 1124//1124
f 1277//1277 1278//1278 1282//1282
f 1277//1277 1282//1282 1281//1281
f 1280//1280 1279//1279 1283//1283
f 1280//1280 1283//1283 1284//1284
f 1127//1127 1283//1283 1125//1125
f 1125//1125 1283//1283 1279//1279
f 1285//1285 1128//1128 1281//1281
f 1281//1281 1128//1128 1126//1126
f 1281//1281 1282//1282 1286//1286
f 1281//1281 1286//1286 1285//1285
f 1284//1284 1283//1283 1130//1130
f 1131//1131 1284//1284 1130//1130
f 1287//1287 1284//1284 1131//1131
f 1130//1130 1283//1283 1127//1127
f 1285//1285 1132//1132 1128//1128
f 1134//1134 1132//1132 1285//1285
f 1286//1286 1134//1134 1285//1285
f 1288//1288 1134//1134 1286//1286
f 1136//1136 1287//1287 1131//1131
f 1136//1136 1289//1289 1287//1287
f 1288//1288 1138//1138 1134//1134
f 1290//1290 1138//1138 1288//1288
f 1140//1140 1289//1289 1136//1136
f 1140//1140 1291//1291 1289//1289
f 1290//1290 1142//1142 1138//1138
f 1292//1292 1142//1142 1290//1290
f 1144//1144 1291//1291 1140//1140
f 1144//1144 1293//1293 1291//1291
f 1292//1292 1146//1146 1142//1142
f 1294//1294 1146//1146 1292//1292
f 1148//1148 1293//1293 1144//1144
f 1148//1148 1295//1295 1293//1293
f 1294//1294 1150//1150 1146//1146
f 1296//1296 1150//1150 1294//1294
f 1152//1152 1295//1295 1148//1148
f 1152//1152 1297//1297 1295//1295
f 1296//1296 1154//1154 1150//1150
f 1298//1298 1154//1154 1296//1296
f 1156//1156 1297//1297 1152//1152
f 1156//1156 1299//1299 1297//1297
f 1298//1298 1158//1158 1154//1154
f 1300//1300 1158//1158 1298//1298
f 1159//1159 1299//1299 1156//1156
f 1159//1159 1301//1301 1299//1299
f 1300//1300 1160//1160 1158//1158
f 1302//1302 1160//1160 1300//1300
f 1161//1161 1301//1301 1159//1159
f 1161//1161 1303//1303 1301//1301
f 1302//1302 1162//1162 1160//1160
f 1304//1304 1162//1162 1302//1302
f 1307//1307 1306//1306 1305//1305
f 1306//1306 1303//1303 1305//1305
f 1303//1303 1163//1163 1305//1305
f 1303//1303 1161//1161 1163//1163
f 1309//1309 1164//1164 1308//1308
f 1164//1164 1304//1304 1308//1308
f 1164//1164 1162//1162 1304//1304
f 1310//1310 1309//1309 1308//1308
f 1307//1307 1305//1305 1311//1311
f 1307//1307 1311//1311 1312//1312
f 1165//1165 1311//1311 1163//1163
f 1163//1163 1311//1311 1305//1305
f 1313//1313 1166//1166 1309//1309
f 1309//1309 1166//1166 1164//1164
f 1309//1309 1310//1310 1314//1314
f 1309//1309 1314//1314 1313//1313
f 1312//1312 1311//1311 1315//1315
f 1312//1312 1315//1315 1316//1316
f 1167//1167 1315//1315 1165//1165
f 1165//1165 1315//1315 1311//1311
f 1317//1317 1168//1168 1313//1313
f 1313//1313 1168//1168 1166//1166
f 1313//1313 1314//1314 1318//1318
f 1313//1313 1318//1318 1317//1317
f 1316//1316 1315//1315 1319//1319
f 1316//1316 1319//1319 1320//1320
f 1169//1169 1319//1319 1167//1167
f 1167//1167 1319//1319 1315//1315
f 1321//1321 1170//1170 1317//1317
f 1317//1317 1170//1170 1168//1168
f 1317//1317 1318//1318 1322//1322
f 1317//1317 1322//1322 1321//1321
f 1320//1320 1319//1319 1323//1323
f 1320//1320 1323//1323 1324//1324
f 1171//1171 1323//1323 1169//1169
f 1169//1169 1323//1323 1319//1319
f 1325//1325 1172//1172 1321//1321
f 1321//1321 1172//1172 1170//1170
f 1321//1321 1322//1322 1326//1326
f 1321//1321 1326//1326 1325//1325
f 1324//1324 1323//1323 1327//1327
f 1324//1324 1327//1327 1328//1328
f 1173//1173 1327//1327 1171//1171
f 1171//1171 1327//1327 1323//1323
f 1329//1329 1174//1174 1325//1325
f 1325//1325 1174//1174 1172//1172
f 1325//1325 1326//1326 1330//1330
f 1325//1325 1330//1330 1329//1329
f 1328//1328 1327//1327 1331//1331
f 1328//1328 1331//1331 1332//1332
f 1175//1175 1331//1331 1173//1173
f 1173//1173 1331//1331 1327//1327
f 1333//1333 1176//1176 1329//1329
f 1329//1329 1176//1176 1174//1174
f 1329//1329 1330//1330 1334//1334
f 1329//1329 1334//1334 1333//1333
f 1332//1332 1331//1331 1335//1335
f 1332//1332 1335//1335 1336//1336
f 1177//1177 1335//1335 1175//1175
f 1175//1175 1335//1335 1331//1331
f 1337//1337 1178//1178 1333//1333
f 1333//1333 1178//1178 1176//1176
f 1333//1333 1334//1334 1338//1338
f 1333//1333 1338//1338 1337//1337
f 1339//1339 1336//1336 1335//1335
f 1335//1335 1177//1177 1339//1339
f 1177//1177 1340//1340 1339//1339
f 1177//1177 1180//1180 1340//1340
f 1342//1342 1341//1341 1337//1337
f 1341//1341 1178//1178 1337//1337
f 1341//1341 1182//1182 1178//1178
f 1342//1342 1337//1337 1338//1338
f 1343//1343 1340//1340 1180//1180
f 1343//1343 1180//1180 1183//1183
f 1183//1183 1185//1185 1343//1343
f 1343//1343 1185//1185 1344//1344
f 1346//1346 1345//1345 1188//1188
f 1188//1188 1345//1345 1187//1187
f 1188//1188 1182//1182 1341//1341
f 1188//1188 1341//1341 1346//1346
f 1347//1347 1344//1344 1185//1185
f 1347//1347 1185//1185 1189//1189
f 1349//1349 1347//1347 1348//1348
f 1347//1347 1190//1190 1348//1348
f 1347//1347 1189//1189 1190//1190
f 1192//1192 1348//1348 1190//1190
f 1350//1350 1194//1194 1195//1195
f 1350//1350 1195//1195 1351//1351
f 1195//1195 1352//1352 1351//1351
f 1195//1195 1196//1196 1352//1352
f 1196//1196 1187//1187 1345//1345
f 1196//1196 1345//1345 1352//1352
f 1353//1353 1349//1349 1348//1348
f 1353//1353 1348//1348 1192//1192
f 1197//1197 1353//1353 1192//1192
f 1354//1354 1353//1353 1197//1197
f 1355//1355 1197//1197 1198//1198
f 1355//1355 1354//1354 1197//1197
f 1356//1356 1198//1198 1199//1199
f 1356//1356 1355//1355 1198//1198
f 1357//1357 1199//1199 1200//1200
f 1357//1357 1356//1356 1199//1199
f 1358//1358 1200//1200 1201//1201
f 1358//1358 1357//1357 1200//1200
f 1201//1201 1194//1194 1350//1350
f 1359//1359 1201//1201 1350//1350
f 1358//1358 1201//1201 1359//1359
f 1359//1359 1350//1350 1351//1351
f 1362//1362 1361//1361 1360//1360
f 1202//1202 1203//1203 1360//1360
f 1361//1361 1202//1202 1360//1360
f 1363//1363 1202//1202 1361//1361
f 1202//1202 1364//1364 1204//1204
f 1363//1363 1364//1364 1202//1202
f 1204//1204 1365//1365 1205//1205
f 1364//1364 1365//1365 1204//1204
f 1205//1205 1366//1366 1206//1206
f 1365//1365 1366//1366 1205//1205
f 1206//1206 1367//1367 1207//1207
f 1366//1366 1367//1367 1206//1206
f 1207//1207 1368//1368 1208//1208
f 1367//1367 1368//1368 1207//1207
f 1208//1208 1369//1369 1209//1209
f 1368//1368 1369//1369 1208//1208
f 1209//1209 1370//1370 1210//1210
f 1369//1369 1370//1370 1209//1209
f 1210//1210 1371//1371 1211//1211
f 1370//1370 1371//1371 1210//1210
f 1373//1373 1372//1372 1212//1212
f 1211//1211 1373//1373 1212//1212
f 1371//1371 1373//1373 1211//1211
f 1374//1374 1372//1372 1373//1373
f 1362//1362 1360//1360 1214//1214
f 1215//1215 1362//1362 1214//1214
f 1375//1375 1362//1362 1215//1215
f 1214//1214 1360//1360 1203//1203
f 1372//1372 1216//1216 1212//1212
f 1218//1218 1216//1216 1372//1372
f 1374//1374 1218//1218 1372//1372
f 1376//1376 1218//1218 1374//1374
f 1219//1219 1375//1375 1215//1215
f 1219//1219 1377//1377 1375//1375
f 1376//1376 1220//1220 1218//1218
f 1378//1378 1220//1220 1376//1376
f 1221//1221 1377//1377 1219//1219
f 1221//1221 1379//1379 1377//1377
f 1378//1378 1222//1222 1220//1220
f 1380//1380 1222//1222 1378//1378
f 1223//1223 1379//1379 1221//1221
f 1223//1223 1381//1381 1379//1379
f 1380//1380 1224//1224 1222//1222
f 1382//1382 1224//1224 1380//1380
f 1225//1225 1381//1381 1223//1223
f 1225//1225 1383//1383 1381//1381
f 1382//1382 1226//1226 1224//1224
f 1384//1384 1226//1226 1382//1382
f 1228//1228 1383//1383 1225//1225
f 1228//1228 1385//1385 1383//1383
f 1384//1384 1230//1230 1226//1226
f 1386//1386 1230//1230 1384//1384
f 1232//1232 1385//1385 1228//1228
f 1232//1232 1387//1387 1385//1385
f 1386//1386 1234//1234 1230//1230
f 1388//1388 1234//1234 1386//1386
f 1236//1236 1387//1387 1232//1232
f 1236//1236 1389//1389 1387//1387
f 1388//1388 1238//1238 1234//1234
f 1390//1390 1238//1238 1388//1388
f 1240//1240 1389//1389 1236//1236
f 1240//1240 1391//1391 1389//1389
f 1390//1390 1242//1242 1238//1238
f 1392//1392 1242//1242 1390//1390
f 1244//1244 1391//1391 1240//1240
f 1244//1244 1393//1393 1391//1391
f 1392//1392 1246//1246 1242//1242
f 1394//1394 1246//1246 1392//1392
f 1248//1248 1393//1393 1244//1244
f 1248//1248 1395//1395 1393//1393
f 1394//1394 1250//1250 1246//1246
f 1396//1396 1250//1250 1394//1394
f 1252//1252 1395//1395 1248//1248
f 1252//1252 1397//1397 1395//1395
f 1396//1396 1254//1254 1250//1250
f 1398//1398 1254//1254 1396//1396
f 1256//1256 1397//1397 1252//1252
f 1256//1256 1399//1399 1397//1397
f 1398//1398 1258//1258 1254//1254
f 1400//1400 1258//1258 1398//1398
f 1260//1260 1399//1399 1256//1256
f 1260//1260 1401//1401 1399//1399
f 1400//1400 1262//1262 1258//1258
f 1402//1402 1262//1262 1400//1400
f 1264//1264 1401//1401 1260//1260
f 1264//1264 1403//1403 1401//1401
f 1402//1402 1266//1266 1262//1262
f 1404//1404 1266//1266 1402//1402
f 1268//1268 1403//1403 1264//1264
f 1268//1268 1405//1405 1403//1403
f 1404//1404 1270//1270 1266//1266
f 1406//1406 1270//1270 1404//1404
f 1272//1272 1405//1405 1268//1268
f 1272//1272 1407//1407 1405//1405
f 1406//1406 1274//1274 1270//1270
f 1408//1408 1274//1274 1406//1406
f 1276//1276 1407//1407 1272//1272
f 1276//1276 1409//1409 1407//1407
f 1408//1408 1278//1278 1274//1274
f 1410//1410 1278//1278 1408//1408
f 1280//1280 1409//1409 1276//1276
f 1280//1280 1411//1411 1409//1409
f 1410//1410 1282//1282 1278//1278
f 1412//1412 1282//1282 1410//1410
f 1284//1284 1411//1411 1280//1280
f 1284//1284 1413//1413 1411//1411
f 1412//1412 1286//1286 1282//1282
f 1414//1414 1286//1286 1412//1412
f 1287//1287 1413//1413 1284//1284
f 1287//1287 1415//1415 1413//1413
f 1414//1414 1288//1288 1286//1286
f 1416//1416 1288//1288 1414//1414
f 1289//1289 1415//1415 1287//1287
f 1289//1289 1417//1417 1415//1415
f 1416//1416 1290//1290 1288//1288
f 1418//1418 1290//1290 1416//1416
f 1291//1291 1417//1417 1289//1289
f 1291//1291 1419//1419 1417//1417
f 1418//1418 1292//1292 1290//1290
f 1420//1420 1292//1292 1418//1418
f 1423//1423 1422//1422 1421//1421
f 1422//1422 1419//1419 1421//1421
f 1419//1419 1293//1293 1421//1421
f 1419//1419 1291//1291 1293//1293
f 1425//1425 1294//1294 1424//1424
f 1294//1294 1420//1420 1424//1424
f 1294//1294 1292//1292 1420//1420
f 1426//1426 1425//1425 1424//1424
f 1423//1423 1421//1421 1427//1427
f 1423//1423 1427//1427 1428//1428
f 1295//1295 1427//1427 1293//1293
f 1293//1293 1427//1427 1421//1421
f 1429//1429 1296//1296 1425//1425
f 1425//1425 1296//1296 1294//1294
f 1425//1425 1426//1426 1430//1430
f 1425//1425 1430//1430 1429//1429
f 1428//1428 1427//1427 1431//1431
f 1428//1428 1431//1431 1432//1432
f 1297//1297 1431//1431 1295//1295
f 1295//1295 1431//1431 1427//1427
f 1433//1433 1298//1298 1429//1429
f 1429//1429 1298//1298 1296//1296
f 1429//1429 1430//1430 1434//1434
f 1429//1429 1434//1434 1433//1433
f 1432//1432 1431//1431 1435//1435
f 1432//1432 1435//1435 1436//1436
f 1299//1299 1435//1435 1297//1297
f 1297//1297 1435//1435 1431//1431
f 1437//1437 1300//1300 1433//1433
f 1433//1433 1300//1300 1298//1298
f 1433//1433 1434//1434 1438//1438
f 1433//1433 1438//1438 1437//1437
f 1436//1436 1435//1435 1439//1439
f 1436//1436 1439//1439 1440//1440
f 1301//1301 1439//1439 1299//1299
f 1299//1299 1439//1439 1435//1435
f 1441//1441 1302//1302 1437//1437
f 1437//1437 1302//1302 1300//1300
f 1437//1437 1438//1438 1442//1442
f 1437//1437 1442//1442 1441//1441
f 1440//1440 1439//1439 1443//1443
f 1440//1440 1443//1443 1444//1444
f 1303//1303 1443//1443 1301//1301
f 1301//1301 1443//1443 1439//1439
f 1445//1445 1304//1304 1441//1441
f 1441//1441 1304//1304 1302//1302
f 1441//1441 1442//1442 1446//1446
f 1441//1441 1446//1446 1445//1445
f 1444//1444 1443//1443 1306//1306
f 1307//1307 1444//1444 1306//1306
f 1447//1447 1444//1444 1307//1307
f 1306//1306 1443//1443 1303//1303
f 1445//1445 1308//1308 1304//1304
f 1310//1310 1308//1308 1445//1445
f 1446//1446 1310//1310 1445//1445
f 1448//1448 1310//1310 1446//1446
f 1312//1312 1447//1447 1307//1307
f 1312//1312 1449//1449 1447//1447
f 1448//1448 1314//1314 1310//1310
f 1450//1450 1314//1314 1448//1448
f 1316//1316 1449//1449 1312//1312
f 1316//1316 1451//1451 1449//1449
f 1450//1450 1318//1318 1314//1314
f 1452//1452 1318//1318 1450//1450
f 1320//1320 1451//1451 1316//1316
f 1320//1320 1453//1453 1451//1451
f 1452//1452 1322//1322 1318//1318
f 1454//1454 1322//1322 1452//1452
f 1324//1324 1453//1453 1320//1320
f 1324//1324 1455//1455 1453//1453
f 1454//1454 1326//1326 1322//1322
f 1456//1456 1326//1326 1454//1454
f 1328//1328 1455//1455 1324//1324
f 1328//1328 1457//1457 1455//1455
f 1456//1456 1330//1330 1326//1326
f 1458//1458 1330//1330 1456//1456
f 1332//1332 1457//1457 1328//1328
f 1332//1332 1459//1459 1457//1457
f 1458//1458 1334//1334 1330//1330
f 1460//1460 1334//1334 1458//1458
f 1336//1336 1459//1459 1332//1332
f 1336//1336 1461//1461 1459//1459
f 1460//1460 1338//1338 1334//1334
f 1462//1462 1338//1338 1460//1460
f 1463//1463 1461//1461 1336//1336
f 1463//1463 1336//1336 1339//1339
f 1339//1339 1340//1340 1463//1463
f 1463//1463 1340//1340 1464//1464
f 1466//1466 1465//1465 1342//1342
f 1342//1342 1465//1465 1341//1341
f 1342//1342 1338//1338 1462//1462
f 1342//1342 1462//1462 1466//1466
f 1340//1340 1343//1343 1467//1467
f 1468//1468 1340//1340 1467//1467
f 1464//1464 1340//1340 1468//1468
f 1344//1344 1467//1467 1343//1343
f 1469//1469 1345//1345 1346//1346
f 1470//1470 1469//1469 1346//1346
f 1341//1341 1470//1470 1346//1346
f 1465//1465 1470//1470 1341//1341
f 1471//1471 1468//1468 1467//1467
f 1473//1473 1471//1471 1472//1472
f 1472//1472 1471//1471 1347//1347
f 1471//1471 1467//1467 1347//1347
f 1467//1467 1344//1344 1347//1347
f 1349//1349 1472//1472 1347//1347
f 1474//1474 1351//1351 1352//1352
f 1475//1475 1474//1474 1352//1352
f 1475//1475 1352//1352 1345//1345
f 1476//1476 1475//1475 1345//1345
f 1469//1469 1476//1476 1345//1345
f 1476//1476 1469//1469 1470//1470
f 1477//1477 1473//1473 1472//1472
f 1477//1477 1472//1472 1349//1349
f 1353//1353 1477//1477 1349//1349
f 1478//1478 1477//1477 1353//1353
f 1479//1479 1353//1353 1354//1354
f 1479//1479 1478//1478 1353//1353
f 1481//1481 1479//1479 1480//1480
f 1479//1479 1355//1355 1480//1480
f 1479//1479 1354//1354 1355//1355
f 1356//1356 1482//1482 1355//1355
f 1355//1355 1482//1482 1480//1480
f 1357//1357 1483//1483 1356//1356
f 1356//1356 1483//1483 1482//1482
f 1483//1483 1357//1357 1484//1484
f 1357//1357 1485//1485 1484//1484
f 1357//1357 1358//1358 1485//1485
f 1486//1486 1358//1358 1359//1359
f 1486//1486 1485//1485 1358//1358
f 1359//1359 1351//1351 1474//1474
f 1487//1487 1359//1359 1474//1474
f 1486//1486 1359//1359 1487//1487
f 1487//1487 1474//1474 1475//1475
f 1488//1488 1481//1481 1480//1480
f 1488//1488 1480//1480 1482//1482
f 1488//1488 1482//1482 1489//1489
f 1489//1489 1482//1482 1483//1483
f 1489//1489 1483//1483 1490//1490
f 1490//1490 1483//1483 1484//1484
f 1492//1492 1491//1491 1361//1361
f 1492//1492 1361//1361 1362//1362
f 1361//1361 1493//1493 1363//1363
f 1491//1491 1493//1493 1361//1361
f 1363//1363 1494//1494 1364//1364
f 1493//1493 1494//1494 1363//1363
f 1364//1364 1495//1495 1365//1365
f 1494//1494 1495//1495 1364//1364
f 1365//1365 1496//1496 1366//1366
f 1495//1495 1496//1496 1365//1365
f 1366//1366 1497//1497 1367//1367
f 1496//1496 1497//1497 1366//1366
f 1367//1367 1498//1498 1368//1368
f 1497//1497 1498//1498 1367//1367
f 1368//1368 1499//1499 1369//1369
f 1498//1498 1499//1499 1368//1368
f 1369//1369 1500//1500 1370//1370
f 1499//1499 1500//1500 1369//1369
f 1370//1370 1501//1501 1371//1371
f 1500//1500 1501//1501 1370//1370
f 1371//1371 1502//1502 1373//1373
f 1501//1501 1502//1502 1371//1371
f 1374//1374 1373//1373 1502//1502
f 1374//1374 1502//1502 1503//1503
f 1375//1375 1492//1492 1362//1362
f 1375//1375 1504//1504 1492//1492
f 1503//1503 1376//1376 1374//1374
f 1505//1505 1376//1376 1503//1503
f 1508//1508 1507//1507 1506//1506
f 1507//1507 1504//1504 1506//1506
f 1504//1504 1377//1377 1506//1506
f 1504//1504 1375//1375 1377//1377
f 1510//1510 1378//1378 1509//1509
f 1378//1378 1505//1505 1509//1509
f 1378//1378 1376//1376 1505//1505
f 1511//1511 1510//1510 1509//1509
f 1508//1508 1506//1506 1512//1512
f 1508//1508 1512//1512 1513//1513
f 1379//1379 1512//1512 1377//1377
f 1377//1377 1512//1512 1506//1506
f 1514//1514 1380//1380 1510//1510
f 1510//1510 1380//1380 1378//1378
f 1510//1510 1511//1511 1515//1515
f 1510//1510 1515//1515 1514//1514
f 1513//1513 1512//1512 1516//1516
f 1513//1513 1516//1516 1517//1517
f 1381//1381 1516//1516 1379//1379
f 1379//1379 1516//1516 1512//1512
f 1518//1518 1382//1382 1514//1514
f 1514//1514 1382//1382 1380//1380
f 1514//1514 1515//1515 1519//1519
f 1514//1514 1519//1519 1518//1518
f 1517//1517 1516//1516 1520//1520
f 1517//1517 1520//1520 1521//1521
f 1383//1383 1520//1520 1381//1381
f 1381//1381 1520//1520 1516//1516
f 1522//1522 1384//1384 1518//1518
f 1518//1518 1384//1384 1382//1382
f 1518//1518 1519//1519 1523//1523
f 1518//1518 1523//1523 1522//1522
f 1521//1521 1520//1520 1524//1524
f 1521//1521 1524//1524 1525//1525
f 1385//1385 1524//1524 1383//1383
f 1383//1383 1524//1524 1520//1520
f 1526//1526 1386//1386 1522//1522
f 1522//1522 1386//1386 1384//1384
f 1522//1522 1523//1523 1527//1527
f 1522//1522 1527//1527 1526//1526
f 1525//1525 1524//1524 1528//1528
f 1525//1525 1528//1528 1529//1529
f 1387//1387 1528//1528 1385//1385
f 1385//1385 1528//1528 1524//1524
f 1530//1530 1388//1388 1526//1526
f 1526//1526 1388//1388 1386//1386
f 1526//1526 1527//1527 1531//1531
f 1526//1526 1531//1531 1530//1530
f 1532//1532 1529//1529 1528//1528
f 1528//1528 1387//1387 1532//1532
f 1387//1387 1533//1533 1532//1532
f 1387//1387 1389//1389 1533//1533
f 1535//1535 1534//1534 1530//1530
f 1534//1534 1388//1388 1530//1530
f 1534//1534 1390//1390 1388//1388
f 1535//1535 1530//1530 1531//1531
f 1391//1391 1533//1533 1389//1389
f 1391//1391 1536//1536 1533//1533
f 1534//1534 1392//1392 1390//1390
f 1537//1537 1392//1392 1534//1534
f 1393//1393 1536//1536 1391//1391
f 1393//1393 1538//1538 1536//1536
f 1537//1537 1394//1394 1392//1392
f 1539//1539 1394//1394 1537//1537
f 1395//1395 1538//1538 1393//1393
f 1395//1395 1540//1540 1538//1538
f 1539//1539 1396//1396 1394//1394
f 1541//1541 1396//1396 1539//1539
f 1397//1397 1540//1540 1395//1395
f 1397//1397 1542//1542 1540//1540
f 1541//1541 1398//1398 1396//1396
f 1543//1543 1398//1398 1541//1541
f 1399//1399 1542//1542 1397//1397
f 1399//1399 1544//1544 1542//1542
f 1543//1543 1400//1400 1398//1398
f 1545//1545 1400//1400 1543//1543
f 1401//1401 1544//1544 1399//1399
f 1401//1401 1546//1546 1544//1544
f 1545//1545 1402//1402 1400//1400
f 1547//1547 1402//1402 1545//1545
f 1403//1403 1546//1546 1401//1401
f 1403//1403 1548//1548 1546//1546
f 1547//1547 1404//1404 1402//1402
f 1549//1549 1404//1404 1547//1547
f 1405//1405 1548//1548 1403//1403
f 1405//1405 1550//1550 1548//1548
f 1549//1549 1406//1406 1404//1404
f 1551//1551 1406//1406 1549//1549
f 1407//1407 1550//1550 1405//1405
f 1407//1407 1552//1552 1550//1550
f 1551//1551 1408//1408 1406//1406
f 1553//1553 1408//1408 1551//1551
f 1409//1409 1552//1552 1407//1407
f 1409//1409 1554//1554 1552//1552
f 1553//1553 1410//1410 1408//1408
f 1555//1555 1410//1410 1553//1553
f 1411//1411 1554//1554 1409//1409
f 1411//1411 1556//1556 1554//1554
f 1555//1555 1412//1412 1410//1410
f 1557//1557 1412//1412 1555//1555
f 1413//1413 1556//1556 1411//1411
f 1413//1413 1558//1558 1556//1556
f 1557//1557 1414//1414 1412//1412
f 1559//1559 1414//1414 1557//1557
f 1562//1562 1561//1561 1560//1560
f 1561//1561 1558//1558 1560//1560
f 1558//1558 1415//1415 1560//1560
f 1558//1558 1413//1413 1415//1415
f 1564//1564 1416//1416 1563//1563
f 1416//1416 1559//1559 1563//1563
f 1416//1416 1414//1414 1559//1559
f 1565//1565 1564//1564 1563//1563
f 1562//1562 1560//1560 1566//1566
f 1562//1562 1566//1566 1567//1567
f 1417//1417 1566//1566 1415//1415
f 1415//1415 1566//1566 1560//1560
f 1568//1568 1418//1418 1564//1564
f 1564//1564 1418//1418 1416//1416
f 1564//1564 1565//1565 1569//1569
f 1564//1564 1569//1569 1568//1568
f 1567//1567 1566//1566 1570//1570
f 1567//1567 1570//1570 1571//1571
f 1419//1419 1570//1570 1417//1417
f 1417//1417 1570//1570 1566//1566
f 1572//1572 1420//1420 1568//1568
f 1568//1568 1420//1420 1418//1418
f 1568//1568 1569//1569 1573//1573
f 1568//1568 1573//1573 1572//1572
f 1571//1571 1570//1570 1422//1422
f 1423//1423 1571//1571 1422//1422
f 1574//1574 1571//1571 1423//1423
f 1422//1422 1570//1570 1419//1419
f 1572//1572 1424//1424 1420//1420
f 1426//1426 1424//1424 1572//1572
f 1573//1573 1426//1426 1572//1572
f 1575//1575 1426//1426 1573//1573
f 1428//1428 1574//1574 1423//1423
f 1428//1428 1576//1576 1574//1574
f 1575//1575 1430//1430 1426//1426
f 1577//1577 1430//1430 1575//1575
f 1432//1432 1576//1576 1428//1428
f 1432//1432 1578//1578 1576//1576
f 1577//1577 1434//1434 1430//1430
f 1579//1579 1434//1434 1577//1577
f 1436//1436 1578//1578 1432//1432
f 1436//1436 1580//1580 1578//1578
f 1579//1579 1438//1438 1434//1434
f 1581//1581 1438//1438 1579//1579
f 1440//1440 1580//1580 1436//1436
f 1440//1440 1582//1582 1580//1580
f 1581//1581 1442//1442 1438//1438
f 1583//1583 1442//1442 1581//1581
f 1444//1444 1582//1582 1440//1440
f 1444//1444 1584//1584 1582//1582
f 1583//1583 1446//1446 1442//1442
f 1585//1585 1446//1446 1583//1583
f 1447//1447 1584//1584 1444//1444
f 1447//1447 1586//1586 1584//1584
f 1585//1585 1448//1448 1446//1446
f 1587//1587 1448//1448 1585//1585
f 1449//1449 1586//1586 1447//1447
f 1449//1449 1588//1588 1586//1586
f 1587//1587 1450//1450 1448//1448
f 1589//1589 1450//1450 1587//1587
f 1451//1451 1588//1588 1449//1449
f 1451//1451 1590//1590 1588//1588
f 1589//1589 1452//1452 1450//1450
f 1591//1591 1452//1452 1589//1589
f 1453//1453 1590//1590 1451//1451
f 1453//1453 1592//1592 1590//1590
f 1591//1591 1454//1454 1452//1452
f 1593//1593 1454//1454 1591//1591
f 1455//1455 1592//1592 1453//1453
f 1455//1455 1594//1594 1592//1592
f 1593//1593 1456//1456 1454//1454
f 1595//1595 1456//1456 1593//1593
f 1457//1457 1594//1594 1455//1455
f 1457//1457 1596//1596 1594//1594
f 1595//1595 1458//1458 1456//1456
f 1597//1597 1458//1458 1595//1595
f 1459//1459 1596//1596 1457//1457
f 1459//1459 1598//1598 1596//1596
f 1597//1597 1460//1460 1458//1458
f 1599//1599 1460//1460 1597//1597
f 1461//1461 1598//1598 1459//1459
f 1461//1461 1600//1600 1598//1598
f 1599//1599 1462//1462 1460//1460
f 1601//1601 1462//1462 1599//1599
f 1461//1461 1463//1463 1602//1602
f 1603//1603 1461//1461 1602//1602
f 1600//1600 1461//1461 1603//1603
f 1464//1464 1602//1602 1463//1463
f 1604//1604 1465//1465 1466//1466
f 1605//1605 1604//1604 1466//1466
f 1462//1462 1605//1605 1466//1466
f 1601//1601 1605//1605 1462//1462
f 1606//1606 1603//1603 1602//1602
f 1602//1602 1464//1464 1606//1606
f 1464//1464 1607//1607 1606//1606
f 1464//1464 1468//1468 1607//1607
f 1609//1609 1608//1608 1604//1604
f 1608//1608 1465//1465 1604//1604
f 1608//1608 1470//1470 1465//1465
f 1609//1609 1604//1604 1605//1605
f 1610//1610 1607//1607 1468//1468
f 1610//1610 1468//1468 1471//1471
f 1471//1471 1473//1473 1610//1610
f 1610//1610 1473//1473 1611//1611
f 1613//1613 1612//1612 1476//1476
f 1476//1476 1612//1612 1475//1475
f 1476//1476 1470//1470 1608//1608
f 1476//1476 1608//1608 1613//1613
f 1614//1614 1611//1611 1473//1473
f 1614//1614 1473//1473 1477//1477
f 1615//1615 1477//1477 1478//1478
f 1615//1615 1614//1614 1477//1477
f 1617//1617 1615//1615 1616//1616
f 1615//1615 1479//1479 1616//1616
f 1615//1615 1478//1478 1479//1479
f 1481//1481 1616//1616 1479//1479
f 1618//1618 1484//1484 1485//1485
f 1618//1618 1485//1485 1619//1619
f 1485//1485 1620//1620 1619//1619
f 1485//1485 1486//1486 1620//1620
f 1621//1621 1486//1486 1487//1487
f 1621//1621 1620//1620 1486//1486
f 1487//1487 1475//1475 1612//1612
f 1487//1487 1612//1612 1621//1621
f 1622//1622 1617//1617 1616//1616
f 1622//1622 1616//1616 1481//1481
f 1488//1488 1622//1622 1481//1481
f 1623//1623 1622//1622 1488//1488
f 1624//1624 1488//1488 1489//1489
f 1624//1624 1623//1623 1488//1488
f 1625//1625 1489//1489 1490//1490
f 1625//1625 1624//1624 1489//1489
f 1490//1490 1484//1484 1618//1618
f 1626//1626 1490//1490 1618//1618
f 1625//1625 1490//1490 1626//1626
f 1626//1626 1618//1618 1619//1619
f 1628//1628 1627//1627 1491//1491
f 1628//1628 1491//1491 1492//1492
f 1491//1491 1629//1629 1493//1493
f 1627//1627 1629//1629 1491//1491
f 1493//1493 1630//1630 1494//1494
f 1629//1629 1630//1630 1493//1493
f 1494//1494 1631//1631 1495//1495
f 1630//1630 1631//1631 1494//1494
f 1495//1495 1632//1632 1496//1496
f 1631//1631 1632//1632 1495//1495
f 1496//1496 1633//1633 1497//1497
f 1632//1632 1633//1633 1496//1496
f 1497//1497 1634//1634 1498//1498
f 1633//1633 1634//1634 1497//1497
f 1498//1498 1635//1635 1499//1499
f 1634//1634 1635//1635 1498//1498
f 1499//1499 1636//1636 1500//1500
f 1635//1635 1636//1636 1499//1499
f 1500//1500 1637//1637 1501//1501
f 1636//1636 1637//1637 1500//1500
f 1501//1501 1638//1638 1502//1502
f 1637//1637 1638//1638 1501//1501
f 1503//1503 1502//1502 1638//1638
f 1503//1503 1638//1638 1639//1639
f 1642//1642 1641//1641 1640//1640
f 1641//1641 1628//1628 1640//1640
f 1628//1628 1504//1504 1640//1640
f 1628//1628 1492//1492 1504//1504
f 1644//1644 1505//1505 1643//1643
f 1505//1505 1639//1639 1643//1643
f 1505//1505 1503//1503 1639//1639
f 1645//1645 1644//1644 1643//1643
f 1642//1642 1640//1640 1507//1507
f 1508//1508 1642//1642 1507//1507
f 1646//1646 1642//1642 1508//1508
f 1507//1507 1640//1640 1504//1504
f 1644//1644 1509//1509 1505//1505
f 1511//1511 1509//1509 1644//1644
f 1645//1645 1511//1511 1644//1644
f 1647//1647 1511//1511 1645//1645
f 1513//1513 1646//1646 1508//1508
f 1513//1513 1648//1648 1646//1646
f 1647//1647 1515//1515 1511//1511
f 1649//1649 1515//1515 1647//1647
f 1517//1517 1648//1648 1513//1513
f 1517//1517 1650//1650 1648//1648
f 1649//1649 1519//1519 1515//1515
f 1651//1651 1519//1519 1649//1649
f 1521//1521 1650//1650 1517//1517
f 1521//1521 1652//1652 1650//1650
f 1651//1651 1523//1523 1519//1519
f 1653//1653 1523//1523 1651//1651
f 1525//1525 1652//1652 1521//1521
f 1525//1525 1654//1654 1652//1652
f 1653//1653 1527//1527 1523//1523
f 1655//1655 1527//1527 1653//1653
f 1529//1529 1654//1654 1525//1525
f 1529//1529 1656//1656 1654//1654
f 1655//1655 1531//1531 1527//1527
f 1657//1657 1531//1531 1655//1655
f 1529//1529 1532//1532 1658//1658
f 1659//1659 1529//1529 1658//1658
f 1656//1656 1529//1529 1659//1659
f 1533//1533 1658//1658 1532//1532
f 1660//1660 1534//1534 1535//1535
f 1661//1661 1660//1660 1535//1535
f 1531//1531 1661//1661 1535//1535
f 1657//1657 1661//1661 1531//1531
f 1659//1659 1658//1658 1662//1662
f 1659//1659 1662//1662 1663//1663
f 1536//1536 1662//1662 1533//1533
f 1533//1533 1662//1662 1658//1658
f 1664//1664 1537//1537 1660//1660
f 1660//1660 1537//1537 1534//1534
f 1660//1660 1661//1661 1665//1665
f 1660//1660 1665//1665 1664//1664
f 1663//1663 1662//1662 1666//1666
f 1663//1663 1666//1666 1667//1667
f 1538//1538 1666//1666 1536//1536
f 1536//1536 1666//1666 1662//1662
f 1668//1668 1539//1539 1664//1664
f 1664//1664 1539//1539 1537//1537
f 1664//1664 1665//1665 1669//1669
f 1664//1664 1669//1669 1668//1668
f 1667//1667 1666//1666 1670//1670
f 1667//1667 1670//1670 1671//1671
f 1540//1540 1670//1670 1538//1538
f 1538//1538 1670//1670 1666//1666
f 1672//1672 1541//1541 1668//1668
f 1668//1668 1541//1541 1539//1539
f 1668//1668 1669//1669 1673//1673
f 1668//1668 1673//1673 1672//1672
f 1671//1671 1670//1670 1674//1674
f 1671//1671 1674//1674 1675//1675
f 1542//1542 1674//1674 1540//1540
f 1540//1540 1674//1674 1670//1670
f 1676//1676 1543//1543 1672//1672
f 1672//1672 1543//1543 1541//1541
f 1672//1672 1673//1673 1677//1677
f 1672//1672 1677//1677 1676//1676
f 1675//1675 1674//1674 1678//1678
f 1675//1675 1678//1678 1679//1679
f 1544//1544 1678//1678 1542//1542
f 1542//1542 1678//1678 1674//1674
f 1680//1680 1545//1545 1676//1676
f 1676//1676 1545//1545 1543//1543
f 1676//1676 1677//1677 1681//1681
f 1676//1676 1681//1681 1680//1680
f 1679//1679 1678//1678 1682//1682
f 1679//1679 1682//1682 1683//1683
f 1546//1546 1682//1682 1544//1544
f 1544//1544 1682//1682 1678//1678
f 1684//1684 1547//1547 1680//1680
f 1680//1680 1547//1547 1545//1545
f 1680//1680 1681//1681 1685//1685
f 1680//1680 1685//1685 1684//1684
f 1683//1683 1682//1682 1686//1686
f 1683//1683 1686//1686 1687//1687
f 1548//1548 1686//1686 1546//1546
f 1546//1546 1686//1686 1682//1682
f 1688//1688 1549//1549 1684//1684
f 1684//1684 1549//1549 1547//1547
f 1684//1684 1685//1685 1689//1689
f 1684//1684 1689//1689 1688//1688
f 1687//1687 1686//1686 1690//1690
f 1687//1687 1690//1690 1691//1691
f 1550//1550 1690//1690 1548//1548
f 1548//1548 1690//1690 1686//1686
f 1692//1692 1551//1551 1688//1688
f 1688//1688 1551//1551 1549//1549
f 1688//1688 1689//1689 1693//1693
f 1688//1688 1693//1693 1692//1692
f 1691//1691 1690//1690 1694//1694
f 1691//1691 1694//1694 1695//1695
f 1552//1552 1694//1694 1550//1550
f 1550//1550 1694//1694 1690//1690
f 1696//1696 1553//1553 1692//1692
f 1692//1692 1553//1553 1551//1551
f 1692//1692 1693//1693 1697//1697
f 1692//1692 1697//1697 1696//1696
f 1695//1695 1694//1694 1698//1698
f 1695//1695 1698//1698 1699//1699
f 1554//1554 1698//1698 1552//1552
f 1552//1552 1698//1698 1694//1694
f 1700//1700 1555//1555 1696//1696
f 1696//1696 1555//1555 1553//1553
f 1696//1696 1697//1697 1701//1701
f 1696//1696 1701//1701 1700//1700
f 1699//1699 1698//1698 1702//1702
f 1699//1699 1702//1702 1703//1703
f 1556//1556 1702//1702 1554//1554
f 1554//1554 1702//1702 1698//1698
f 1704//1704 1557//1557 1700//1700
f 1700//1700 1557//1557 1555//1555
f 1700//1700 1701//1701 1705//1705
f 1700//1700 1705//1705 1704//1704
f 1703//1703 1702//1702 1706//1706
f 1703//1703 1706//1706 1707//1707
f 1558//1558 1706//1706 1556//1556
f 1556//1556 1706//1706 1702//1702
f 1708//1708 1559//1559 1704//1704
f 1704//1704 1559//1559 1557//1557
f 1704//1704 1705//1705 1709//1709
f 1704//1704 1709//1709 1708//1708
f 1707//1707 1706//1706 1561//1561
f 1562//1562 1707//1707 1561//1561
f 1710//1710 1707//1707 1562//1562
f 1561//1561 1706//1706 1558//1558
f 1708//1708 1563//1563 1559//1559
f 1565//1565 1563//1563 1708//1708
f 1709//1709 1565//1565 1708//1708
f 1711//1711 1565//1565 1709//1709
f 1567//1567 1710//1710 1562//1562
f 1567//1567 1712//1712 1710//1710
f 1711//1711 1569//1569 1565//1565
f 1713//1713 1569//1569 1711//1711
f 1571//1571 1712//1712 1567//1567
f 1571//1571 1714//1714 1712//1712
f 1713//1713 1573//1573 1569//1569
f 1715//1715 1573//1573 1713//1713
f 1574//1574 1714//1714 1571//1571
f 1574//1574 1716//1716 1714//1714
f 1715//1715 1575//1575 1573//1573
f 1717//1717 1575//1575 1715//1715
f 1576//1576 1716//1716 1574//1574
f 1576//1576 1718//1718 1716//1716
f 1717//1717 1577//1577 1575//1575
f 1719//1719 1577//1577 1717//1717
f 1578//1578 1718//1718 1576//1576
f 1578//1578 1720//1720 1718//1718
f 1719//1719 1579//1579 1577//1577
f 1721//1721 1579//1579 1719//1719
f 1580//1580 1720//1720 1578//1578
f 1580//1580 1722//1722 1720//1720
f 1721//1721 1581//1581 1579//1579
f 1723//1723 1581//1581 1721//1721
f 1582//1582 1722//1722 1580//1580
f 1582//1582 1724//1724 1722//1722
f 1723//1723 1583//1583 1581//1581
f 1725//1725 1583//1583 1723//1723
f 1584//1584 1724//1724 1582//1582
f 1584//1584 1726//1726 1724//1724
f 1725//1725 1585//1585 1583//1583
f 1727//1727 1585//1585 1725//1725
f 1586//1586 1726//1726 1584//1584
f 1586//1586 1728//1728 1726//1726
f 1727//1727 1587//1587 1585//1585
f 1729//1729 1587//1587 1727//1727
f 1588//1588 1728//1728 1586//1586
f 1588//1588 1730//1730 1728//1728
f 1729//1729 1589//1589 1587//1587
f 1731//1731 1589//1589 1729//1729
f 1590//1590 1730//1730 1588//1588
f 1590//1590 1732//1732 1730//1730
f 1731//1731 1591//1591 1589//1589
f 1733//1733 1591//1591 1731//1731
f 1592//1592 1732//1732 1590//1590
f 1592//1592 1734//1734 1732//1732
f 1733//1733 1593//1593 1591//1591
f 1735//1735 1593//1593 1733//1733
f 1594//1594 1734//1734 1592//1592
f 1594//1594 1736//1736 1734//1734
f 1735//1735 1595//1595 1593//1593
f 1737//1737 1595//1595 1735//1735
f 1596//1596 1736//1736 1594//1594
f 1596//1596 1738//1738 1736//1736
f 1737//1737 1597//1597 1595//1595
f 1739//1739 1597//1597 1737//1737
f 1598//1598 1738//1738 1596//1596
f 1598//1598 1740//1740 1738//1738
f 1739//1739 1599//1599 1597//1597
f 1741//1741 1599//1599 1739//1739
f 1600//1600 1740//1740 1598//1598
f 1600//1600 1742//1742 1740//1740
f 1741//1741 1601//1601 1599//1599
f 1743//1743 1601//1601 1741//1741
f 1603//1603 1742//1742 1600//1600
f 1603//1603 1744//1744 1742//1742
f 1743//1743 1605//1605 1601//1601
f 1745//1745 1605//1605 1743//1743
f 1746//1746 1744//1744 1603//1603
f 1746//1746 1603//1603 1606//1606
f 1606//1606 1607//1607 1746//1746
f 1746//1746 1607//1607 1747//1747
f 1749//1749 1748//1748 1609//1609
f 1609//1609 1748//1748 1608//1608
f 1609//1609 1605//1605 1745//1745
f 1609//1609 1745//1745 1749//1749
f 1750//1750 1747//1747 1607//1607
f 1750//1750 1607//1607 1610//1610
f 1610//1610 1611//1611 1750//1750
f 1750//1750 1611//1611 1751//1751
f 1753//1753 1752//1752 1613//1613
f 1613//1613 1752//1752 1612//1612
f 1613//1613 1608//1608 1748//1748
f 1613//1613 1748//1748 1753//1753
f 1754//1754 1751//1751 1611//1611
f 1754//1754 1611//1611 1614//1614
f 1756//1756 1754//1754 1755//1755
f 1754//1754 1615//1615 1755//1755
f 1754//1754 1614//1614 1615//1615
f 1617//1617 1755//1755 1615//1615
f 1757//1757 1619//1619 1620//1620
f 1757//1757 1620//1620 1758//1758
f 1620//1620 1759//1759 1758//1758
f 1620//1620 1621//1621 1759//1759
f 1621//1621 1612//1612 1752//1752
f 1621//1621 1752//1752 1759//1759
f 1760//1760 1756//1756 1755//1755
f 1760//1760 1755//1755 1617//1617
f 1622//1622 1760//1760 1617//1617
f 1761//1761 1760//1760 1622//1622
f 1762//1762 1622//1622 1623//1623
f 1762//1762 1761//1761 1622//1622
f 1763//1763 1623//1623 1624//1624
f 1763//1763 1762//1762 1623//1623
f 1764//1764 1624//1624 1625//1625
f 1764//1764 1763//1763 1624//1624
f 1765//1765 1625//1625 1626//1626
f 1765//1765 1764//1764 1625//1625
f 1626//1626 1619//1619 1757//1757
f 1766//1766 1626//1626 1757//1757
f 1765//1765 1626//1626 1766//1766
f 1766//1766 1757//1757 1758//1758
f 1768//1768 1767//1767 1627//1627
f 1768//1768 1627//1627 1628//1628
f 1627//1627 1769//1769 1629//1629
f 1767//1767 1769//1769 1627//1627
f 1629//1629 1770//1770 1630//1630
f 1769//1769 1770//1770 1629//1629
f 1630//1630 1771//1771 1631//1631
f 1770//1770 1771//1771 1630//1630
f 1631//1631 1772//1772 1632//1632
f 1771//1771 1772//1772 1631//1631
f 1632//1632 1773//1773 1633//1633
f 1772//1772 1773//1773 1632//1632
f 1633//1633 1774//1774 1634//1634
f 1773//1773 1774//1774 1633//1633
f 1634//1634 1775//1775 1635//1635
f 1774//1774 1775//1775 1634//1634
f 1635//1635 1776//1776 1636//1636
f 1775//1775 1776//1776 1635//1635
f 1636//1636 1777//1777 1637//1637
f 1776//1776 1777//1777 1636//1636
f 1637//1637 1778//1778 1638//1638
f 1777//1777 1778//1778 1637//1637
f 1639//1639 1638//1638 1778//1778
f 1639//1639 1778//1778 1779//1779
f 1781//1781 1780//1780 1641//1641
f 1781//1781 1641//1641 1642//1642
f 1628//1628 1641//1641 1768//1768
f 1768//1768 1641//1641 1780//1780
f 1779//1779 1782//1782 1639//1639
f 1639//1639 1782//1782 1643//1643
f 1645//1645 1643//1643 1782//1782
f 1645//1645 1782//1782 1783//1783
f 1646//1646 1781//1781 1642//1642
f 1646//1646 1784//1784 1781//1781
f 1783//1783 1647//1647 1645//1645
f 1785//1785 1647//1647 1783//1783
f 1648//1648 1784//1784 1646//1646
f 1648//1648 1786//1786 1784//1784
f 1785//1785 1649//1649 1647//1647
f 1787//1787 1649//1649 1785//1785
f 1650//1650 1786//1786 1648//1648
f 1650//1650 1788//1788 1786//1786
f 1787//1787 1651//1651 1649//1649
f 1789//1789 1651//1651 1787//1787
f 1652//1652 1788//1788 1650//1650
f 1652//1652 1790//1790 1788//1788
f 1789//1789 1653//1653 1651//1651
f 1791//1791 1653//1653 1789//1789
f 1654//1654 1790//1790 1652//1652
f 1654//1654 1792//1792 1790//1790
f 1791//1791 1655//1655 1653//1653
f 1793//1793 1655//1655 1791//1791
f 1656//1656 1792//1792 1654//1654
f 1656//1656 1794//1794 1792//1792
f 1793//1793 1657//1657 1655//1655
f 1795//1795 1657//1657 1793//1793
f 1659//1659 1794//1794 1656//1656
f 1659//1659 1796//1796 1794//1794
f 1795//1795 1661//1661 1657//1657
f 1797//1797 1661//1661 1795//1795
f 1663//1663 1796//1796 1659//1659
f 1663//1663 1798//1798 1796//1796
f 1797//1797 1665//1665 1661//1661
f 1799//1799 1665//1665 1797//1797
f 1667//1667 1798//1798 1663//1663
f 1667//1667 1800//1800 1798//1798
f 1799//1799 1669//1669 1665//1665
f 1801//1801 1669//1669 1799//1799
f 1671//1671 1800//1800 1667//1667
f 1671//1671 1802//1802 1800//1800
f 1801//1801 1673//1673 1669//1669
f 1803//1803 1673//1673 1801//1801
f 1675//1675 1802//1802 1671//1671
f 1675//1675 1804//1804 1802//1802
f 1803//1803 1677//1677 1673//1673
f 1805//1805 1677//1677 1803//1803
f 1679//1679 1804//1804 1675//1675
f 1679//1679 1806//1806 1804//1804
f 1805//1805 1681//1681 1677//1677
f 1807//1807 1681//1681 1805//1805
f 1683//1683 1806//1806 1679//1679
f 1683//1683 1808//1808 1806//1806
f 1807//1807 1685//1685 1681//1681
f 1809//1809 1685//1685 1807//1807
f 1687//1687 1808//1808 1683//1683
f 1687//1687 1810//1810 1808//1808
f 1809//1809 1689//1689 1685//1685
f 1811//1811 1689//1689 1809//1809
f 1691//1691 1810//1810 1687//1687
f 1691//1691 1812//1812 1810//1810
f 1811//1811 1693//1693 1689//1689
f 1813//1813 1693//1693 1811//1811
f 1695//1695 1812//1812 1691//1691
f 1695//1695 1814//1814 1812//1812
f 1813//1813 1697//1697 1693//1693
f 1815//1815 1697//1697 1813//1813
f 1699//1699 1814//1814 1695//1695
f 1699//1699 1816//1816 1814//1814
f 1815//1815 1701//1701 1697//1697
f 1817//1817 1701//1701 1815//1815
f 1703//1703 1816//1816 1699//1699
f 1703//1703 1818//1818 1816//1816
f 1817//1817 1705//1705 1701//1701
f 1819//1819 1705//1705 1817//1817
f 1707//1707 1818//1818 1703//1703
f 1707//1707 1820//1820 1818//1818
f 1819//1819 1709//1709 1705//1705
f 1821//1821 1709//1709 1819//1819
f 1710//1710 1820//1820 1707//1707
f 1710//1710 1822//1822 1820//1820
f 1821//1821 1711//1711 1709//1709
f 1823//1823 1711//1711 1821//1821
f 1712//1712 1822//1822 1710//1710
f 1712//1712 1824//1824 1822//1822
f 1823//1823 1713//1713 1711//1711
f 1825//1825 1713//1713 1823//1823
f 1714//1714 1824//1824 1712//1712
f 1714//1714 1826//1826 1824//1824
f 1825//1825 1715//1715 1713//1713
f 1827//1827 1715//1715 1825//1825
f 1716//1716 1826//1826 1714//1714
f 1716//1716 1828//1828 1826//1826
f 1827//1827 1717//1717 1715//1715
f 1829//1829 1717//1717 1827//1827
f 1718//1718 1828//1828 1716//1716
f 1718//1718 1830//1830 1828//1828
f 1829//1829 1719//1719 1717//1717
f 1831//1831 1719//1719 1829//1829
f 1720//1720 1830//1830 1718//1718
f 1720//1720 1832//1832 1830//1830
f 1831//1831 1721//1721 1719//1719
f 1833//1833 1721//1721 1831//1831
f 1722//1722 1832//1832 1720//1720
f 1722//1722 1834//1834 1832//1832
f 1833//1833 1723//1723 1721//1721
f 1835//1835 1723//1723 1833//1833
f 1724//1724 1834//1834 1722//1722
f 1724//1724 1836//1836 1834//1834
f 1835//1835 1725//1725 1723//1723
f 1837//1837 1725//1725 1835//1835
f 1726//1726 1836//1836 1724//1724
f 1726//1726 1838//1838 1836//1836
f 1837//1837 1727//1727 1725//1725
f 1839//1839 1727//1727 1837//1837
f 1728//1728 1838//1838 1726//1726
f 1728//1728 1840//1840 1838//1838
f 1839//1839 1729//1729 1727//1727
f 1841//1841 1729//1729 1839//1839
f 1730//1730 1840//1840 1728//1728
f 1730//1730 1842//1842 1840//1840
f 1841//1841 1731//1731 1729//1729
f 1843//1843 1731//1731 1841//1841
f 1732//1732 1842//1842 1730//1730
f 1732//1732 1844//1844 1842//1842
f 1843//1843 1733//1733 1731//1731
f 1845//1845 1733//1733 1843//1843
f 1734//1734 1844//1844 1732//1732
f 1734//1734 1846//1846 1844//1844
f 1845//1845 1735//1735 1733//1733
f 1847//1847 1735//1735 1845//1845
f 1736//1736 1846//1846 1734//1734
f 1736//1736 1848//1848 1846//1846
f 1847//1847 1737//1737 1735//1735
f 1849//1849 1737//1737 1847//1847
f 1738//1738 1848//1848 1736//1736
f 1738//1738 1850//1850 1848//1848
f 1849//1849 1739//1739 1737//1737
f 1851//1851 1739//1739 1849//1849
f 1740//1740 1850//1850 1738//1738
f 1740//1740 1852//1852 1850//1850
f 1851//1851 1741//1741 1739//1739
f 1853//1853 1741//1741 1851//1851
f 1742//1742 1852//1852 1740//1740
f 1742//1742 1854//1854 1852//1852
f 1853//1853 1743//1743 1741//1741
f 1855//1855 1743//1743 1853//1853
f 1744//1744 1854//1854 1742//1742
f 1744//1744 1856//1856 1854//1854
f 1855//1855 1745//1745 1743//1743
f 1857//1857 1745//1745 1855//1855
f 1858//1858 1856//1856 1744//1744
f 1858//1858 1744//1744 1746//1746
f 1746//1746 1747//1747 1858//1858
f 1858//1858 1747//1747 1859//1859
f 1861//1861 1860//1860 1749//1749
f 1749//1749 1860//1860 1748//1748
f 1749//1749 1745//1745 1857//1857
f 1749//1749 1857//1857 1861//1861
f 1862//1862 1859//1859 1747//1747
f 1862//1862 1747//1747 1750//1750
f 1750//1750 1751//1751 1862//1862
f 1862//1862 1751//1751 1863//1863
f 1865//1865 1864//1864 1753//1753
f 1753//1753 1864//1864 1752//1752
f 1753//1753 1748//1748 1860//1860
f 1753//1753 1860//1860 1865//1865
f 1866//1866 1863//1863 1751//1751
f 1866//1866 1751//1751 1754//1754
f 1754//1754 1756//1756 1866//1866
f 1866//1866 1756//1756 1867//1867
f 1869//1869 1868//1868 1759//1759
f 1759//1759 1868//1868 1758//1758
f 1759//1759 1752//1752 1864//1864
f 1759//1759 1864//1864 1869//1869
f 1870//1870 1867//1867 1756//1756
f 1870//1870 1756//1756 1760//1760
f 1871//1871 1760//1760 1761//1761
f 1871//1871 1870//1870 1760//1760
f 1872//1872 1761//1761 1762//1762
f 1872//1872 1871//1871 1761//1761
f 1873//1873 1762//1762 1763//1763
f 1873//1873 1872//1872 1762//1762
f 1874//1874 1763//1763 1764//1764
f 1874//1874 1873//1873 1763//1763
f 1875//1875 1764//1764 1765//1765
f 1875//1875 1874//1874 1764//1764
f 1876//1876 1765//1765 1766//1766
f 1876//1876 1875//1875 1765//1765
f 1766//1766 1758//1758 1868//1868
f 1766//1766 1868//1868 1876//1876
f 1878//1878 1877//1877 1767//1767
f 1878//1878 1767//1767 1768//1768
f 1767//1767 1879//1879 1769//1769
f 1877//1877 1879//1879 1767//1767
f 1769//1769 1880//1880 1770//1770
f 1879//1879 1880//1880 1769//1769
f 1770//1770 1881//1881 1771//1771
f 1880//1880 1881//1881 1770//1770
f 1771//1771 1882//1882 1772//1772
f 1881//1881 1882//1882 1771//1771
f 1772//1772 1883//1883 1773//1773
f 1882//1882 1883//1883 1772//1772
f 1773//1773 1884//1884 1774//1774
f 1883//1883 1884//1884 1773//1773
f 1774//1774 1885//1885 1775//1775
f 1884//1884 1885//1885 1774//1774
f 1775//1775 1886//1886 1776//1776
f 1885//1885 1886//1886 1775//1775
f 1776//1776 1887//1887 1777//1777
f 1886//1886 1887//1887 1776//1776
f 1777//1777 1888//1888 1778//1778
f 1887//1887 1888//1888 1777//1777
f 1779//1779 1778//1778 1888//1888
f 1779//1779 1888//1888 1889//1889
f 1891//1891 1890//1890 1780//1780
f 1891//1891 1780//1780 1781//1781
f 1768//1768 1780//1780 1878//1878
f 1878//1878 1780//1780 1890//1890
f 1889//1889 1892//1892 1779//1779
f 1779//1779 1892//1892 1782//1782
f 1783//1783 1782//1782 1892//1892
f 1783//1783 1892//1892 1893//1893
f 1784//1784 1891//1891 1781//1781
f 1784//1784 1894//1894 1891//1891
f 1893//1893 1785//1785 1783//1783
f 1895//1895 1785//1785 1893//1893
f 1786//1786 1894//1894 1784//1784
f 1786//1786 1896//1896 1894//1894
f 1895//1895 1787//1787 1785//1785
f 1897//1897 1787//1787 1895//1895
f 1788//1788 1896//1896 1786//1786
f 1788//1788 1898//1898 1896//1896
f 1897//1897 1789//1789 1787//1787
f 1899//1899 1789//1789 1897//1897
f 1790//1790 1898//1898 1788//1788
f 1790//1790 1900//1900 1898//1898
f 1899//1899 1791//1791 1789//1789
f 1901//1901 1791//1791 1899//1899
f 1792//1792 1900//1900 1790//1790
f 1792//1792 1902//1902 1900//1900
f 1901//1901 1793//1793 1791//1791
f 1903//1903 1793//1793 1901//1901
f 1794//1794 1902//1902 1792//1792
f 1794//1794 1904//1904 1902//1902
f 1903//1903 1795//1795 1793//1793
f 1905//1905 1795//1795 1903//1903
f 1796//1796 1904//1904 1794//1794
f 1796//1796 1906//1906 1904//1904
f 1905//1905 1797//1797 1795//1795
f 1907//1907 1797//1797 1905//1905
f 1798//1798 1906//1906 1796//1796
f 1798//1798 1908//1908 1906//1906
f 1907//1907 1799//1799 1797//1797
f 1909//1909 1799//1799 1907//1907
f 1800//1800 1908//1908 1798//1798
f 1800//1800 1910//1910 1908//1908
f 1909//1909 1801//1801 1799//1799
f 1911//1911 1801//1801 1909//1909
f 1802//1802 1910//1910 1800//1800
f 1802//1802 1912//1912 1910//1910
f 1911//1911 1803//1803 1801//1801
f 1913//1913 1803//1803 1911//1911
f 1804//1804 1912//1912 1802//1802
f 1804//1804 1914//1914 1912//1912
f 1913//1913 1805//1805 1803//1803
f 1915//1915 1805//1805 1913//1913
f 1806//1806 1914//1914 1804//1804
f 1806//1806 1916//1916 1914//1914
f 1915//1915 1807//1807 1805//1805
f 1917//1917 1807//1807 1915//1915
f 1808//1808 1916//1916 1806//1806
f 1808//1808 1918//1918 1916//1916
f 1917//1917 1809//1809 1807//1807
f 1919//1919 1809//1809 1917//1917
f 1810//1810 1918//1918 1808//1808
f 1810//1810 1920//1920 1918//1918
f 1919//1919 1811//1811 1809//1809
f 1921//1921 1811//1811 1919//1919
f 1812//1812 1920//1920 1810//1810
f 1812//1812 1922//1922 1920//1920
f 1921//1921 1813//1813 1811//1811
f 1923//1923 1813//1813 1921//1921
f 1814//1814 1922//1922 1812//1812
f 1814//1814 1924//1924 1922//1922
f 1923//1923 1815//1815 1813//1813
f 1925//1925 1815//1815 1923//1923
f 1816//1816 1924//1924 1814//1814
f 1816//1816 1926//1926 1924//1924
f 1925//1925 1817//1817 1815//1815
f 1927//1927 1817//1817 1925//1925
f 1818//1818 1926//1926 1816//1816
f 1818//1818 1928//1928 1926//1926
f 1927//1927 1819//1819 1817//1817
f 1929//1929 1819//1819 1927//1927
f 1820//1820 1928//1928 1818//1818
f 1820//1820 1930//1930 1928//1928
f 1929//1929 1821//1821 1819//1819
f 1931//1931 1821//1821 1929//1929
f 1822//1822 1930//1930 1820//1820
f 1822//1822 1932//1932 1930//1930
f 1931//1931 1823//1823 1821//1821
f 1933//1933 1823//1823 1931//1931
f 1824//1824 1932//1932 1822//1822
f 1824//1824 1934//1934 1932//1932
f 1933//1933 1825//1825 1823//1823
f 1935//1935 1825//1825 1933//1933
f 1826//1826 1934//1934 1824//1824
f 1826//1826 1936//1936 1934//1934
f 1935//1935 1827//1827 1825//1825
f 1937//1937 1827//1827 1935//1935
f 1828//1828 1936//1936 1826//1826
f 1828//1828 1938//1938 1936//1936
f 1937//1937 1829//1829 1827//1827
f 1939//1939 1829//1829 1937//1937
f 1830//1830 1938//1938 1828//1828
f 1830//1830 1940//1940 1938//1938
f 1939//1939 1831//1831 1829//1829
f 1941//1941 1831//1831 1939//1939
f 1832//1832 1940//1940 1830//1830
f 1832//1832 1942//1942 1940//1940
f 1941//1941 1833//1833 1831//1831
f 1943//1943 1833//1833 1941//1941
f 1834//1834 1942//1942 1832//1832
f 1834//1834 1944//1944 1942//1942
f 1943//1943 1835//1835 1833//1833
f 1945//1945 1835//1835 1943//1943
f 1836//1836 1944//1944 1834//1834
f 1836//1836 1946//1946 1944//1944
f 1945//1945 1837//1837 1835//1835
f 1947//1947 1837//1837 1945//1945
f 1838//1838 1946//1946 1836//1836
f 1838//1838 1948//1948 1946//1946
f 1947//1947 1839//1839 1837//1837
f 1949//1949 1839//1839 1947//1947
f 1840//1840 1948//1948 1838//1838
f 1840//1840 1950//1950 1948//1948
f 1949//1949 1841//1841 1839//1839
f 1951//1951 1841//1841 1949//1949
f 1842//1842 1950//1950 1840//1840
f 1842//1842 1952//1952 1950//1950
f 1951//1951 1843//1843 1841//1841
f 1953//1953 1843//1843 1951//1951
f 1844//1844 1952//1952 1842//1842
f 1844//1844 1954//1954 1952//1952
f 1953//1953 1845//1845 1843//1843
f 1955//1955 1845//1845 1953//1953
f 1846//1846 1954//1954 1844//1844
f 1846//1846 1956//1956 1954//1954
f 1955//1955 1847//1847 1845//1845
f 1957//1957 1847//1847 1955//1955
f 1848//1848 1956//1956 1846//1846
f 1848//1848 1958//1958 1956//1956
f 1957//1957 1849//1849 1847//1847
f 1959//1959 1849//1849 1957//1957
f 1850//1850 1958//1958 1848//1848
f 1850//1850 1960//1960 1958//1958
f 1959//1959 1851//1851 1849//1849
f 1961//1961 1851//1851 1959//1959
f 1852//1852 1960//1960 1850//1850
f 1852//1852 1962//1962 1960//1960
f 1961//1961 1853//1853 1851//1851
f 1963//1963 1853//1853 1961//1961
f 1854//1854 1962//1962 1852//1852
f 1854//1854 1964//1964 1962//1962
f 1963//1963 1855//1855 1853//1853
f 1965//1965 1855//1855 1963//1963
f 1856//1856 1964//1964 1854//1854
f 1856//1856 1966//1966 1964//1964
f 1965//1965 1857//1857 1855//1855
f 1967//1967 1857//1857 1965//1965
f 1968//1968 1966//1966 1856//1856
f 1968//1968 1856//1856 1858//1858
f 1858//1858 1859//1859 1968//1968
f 1968//1968 1859//1859 1969//1969
f 1971//1971 1970//1970 1861//1861
f 1861//1861 1970//1970 1860//1860
f 1861//1861 1857//1857 1967//1967
f 1861//1861 1967//1967 1971//1971
f 1972//1972 1969//1969 1859//1859
f 1972//1972 1859//1859 1862//1862
f 1862//1862 1863//1863 1972//1972
f 1972//1972 1863//1863 1973//1973
f 1975//1975 1974//1974 1865//1865
f 1865//1865 1974//1974 1864//1864
f 1865//1865 1860//1860 1970//1970
f 1865//1865 1970//1970 1975//1975
f 1976//1976 1973//1973 1863//1863
f 1976//1976 1863//1863 1866//1866
f 1866//1866 1867//1867 1976//1976
f 1976//1976 1867//1867 1977//1977
f 1979//1979 1978//1978 1869//1869
f 1869//1869 1978//1978 1868//1868
f 1869//1869 1864//1864 1974//1974
f 1869//1869 1974//1974 1979//1979
f 1980//1980 1977//1977 1867//1867
f 1980//1980 1867//1867 1870//1870
f 1981//1981 1870//1870 1871//1871
f 1981//1981 1980//1980 1870//1870
f 1982//1982 1871//1871 1872//1872
f 1982//1982 1981//1981 1871//1871
f 1983//1983 1872//1872 1873//1873
f 1983//1983 1982//1982 1872//1872
f 1984//1984 1873//1873 1874//1874
f 1984//1984 1983//1983 1873//1873
f 1985//1985 1874//1874 1875//1875
f 1985//1985 1984//1984 1874//1874
f 1986//1986 1875//1875 1876//1876
f 1986//1986 1985//1985 1875//1875
f 1876//1876 1868//1868 1978//1978
f 1876//1876 1978//1978 1986//1986
f 1988//1988 1987//1987 1877//1877
f 1988//1988 1877//1877 1878//1878
f 1877//1877 1989//1989 1879//1879
f 1987//1987 1989//1989 1877//1877
f 1879//1879 1990//1990 1880//1880
f 1989//1989 1990//1990 1879//1879
f 1880//1880 1991//1991 1881//1881
f 1990//1990 1991//1991 1880//1880
f 1881//1881 1992//1992 1882//1882
f 1991//1991 1992//1992 1881//1881
f 1882//1882 1993//1993 1883//1883
f 1992//1992 1993//1993 1882//1882
f 1883//1883 1994//1994 1884//1884
f 1993//1993 1994//1994 1883//1883
f 1884//1884 1995//1995 1885//1885
f 1994//1994 1995//1995 1884//1884
f 1885//1885 1996//1996 1886//1886
f 1995//1995 1996//1996 1885//1885
f 1886//1886 1997//1997 1887//1887
f 1996//1996 1997//1997 1886//1886
f 1887//1887 1998//1998 1888//1888
f 1997//1997 1998//1998 1887//1887
f 1889//1889 1888//1888 1998//1998
f 1889//1889 1998//1998 1999//1999
f 2001//2001 2000//2000 1890//1890
f 2001//2001 1890//1890 1891//1891
f 1878//1878 1890//1890 1988//1988
f 1988//1988 1890//1890 2000//2000
f 1999//1999 2002//2002 1889//1889
f 1889//1889 2002//2002 1892//1892
f 1893//1893 1892//1892 2002//2002
f 1893//1893 2002//2002 2003//2003
f 1894//1894 2001//2001 1891//1891
f 1894//1894 2004//2004 2001//2001
f 2003//2003 1895//1895 1893//1893
f 2005//2005 1895//1895 2003//2003
f 1896//1896 2004//2004 1894//1894
f 1896//1896 2006//2006 2004//2004
f 2005//2005 1897//1897 1895//1895
f 2007//2007 1897//1897 2005//2005
f 1898//1898 2006//2006 1896//1896
f 1898//1898 2008//2008 2006//2006
f 2007//2007 1899//1899 1897//1897
f 2009//2009 1899//1899 2007//2007
f 1900//1900 2008//2008 1898//1898
f 1900//1900 2010//2010 2008//2008
f 2009//2009 1901//1901 1899//1899
f 2011//2011 1901//1901 2009//2009
f 1902//1902 2010//2010 1900//1900
f 1902//1902 2012//2012 2010//2010
f 2011//2011 1903//1903 1901//1901
f 2013//2013 1903//1903 2011//2011
f 1904//1904 2012//2012 1902//1902
f 1904//1904 2014//2014 2012//2012
f 2013//2013 1905//1905 1903//1903
f 2015//2015 1905//1905 2013//2013
f 1906//1906 2014//2014 1904//1904
f 1906//1906 2016//2016 2014//2014
f 2015//2015 1907//1907 1905//1905
f 2017//2017 1907//1907 2015//2015
f 1908//1908 2016//2016 1906//1906
f 1908//1908 2018//2018 2016//2016
f 2017//2017 1909//1909 1907//1907
f 2019//2019 1909//1909 2017//2017
f 1910//1910 2018//2018 1908//1908
f 1910//1910 2020//2020 2018//2018
f 2019//2019 1911//1911 1909//1909
f 2021//2021 1911//1911 2019//2019
f 1912//1912 2020//2020 1910//1910
f 1912//1912 2022//2022 2020//2020
f 2021//2021 1913//1913 1911//1911
f 2023//2023 1913//1913 2021//2021
f 1914//1914 2022//2022 1912//1912
f 1914//1914 2024//2024 2022//2022
f 2023//2023 1915//1915 1913//1913
f 2025//2025 1915//1915 2023//2023
f 1916//1916 2024//2024 1914//1914
f 1916//1916 2026//2026 2024//2024
f 2025//2025 1917//1917 1915//1915
f 2027//2027 1917//1917 2025//2025
f 1918//1918 2026//2026 1916//1916
f 1918//1918 2028//2028 2026//2026
f 2027//2027 1919//1919 1917//1917
f 2029//2029 1919//1919 2027//2027
f 1920//1920 2028//2028 1918//1918
f 1920//1920 2030//2030 2028//2028
f 2029//2029 1921//1921 1919//1919
f 2031//2031 1921//1921 2029//2029
f 1922//1922 2030//2030 1920//1920
f 1922//1922 2032//2032 2030//2030
f 2031//2031 1923//1923 1921//1921
f 2033//2033 1923//1923 2031//2031
f 1924//1924 2032//2032 1922//1922
f 1924//1924 2034//2034 2032//2032
f 2033//2033 1925//1925 1923//1923
f 2035//2035 1925//1925 2033//2033
f 1926//1926 2034//2034 1924//1924
f 1926//1926 2036//2036 2034//2034
f 2035//2035 1927//1927 1925//1925
f 2037//2037 1927//1927 2035//2035
f 1928//1928 2036//2036 1926//1926
f 1928//1928 2038//2038 2036//2036
f 2037//2037 1929//1929 1927//1927
f 2039//2039 1929//1929 2037//2037
f 1930//1930 2038//2038 1928//1928
f 1930//1930 2040//2040 2038//2038
f 2039//2039 1931//1931 1929//1929
f 2041//2041 1931//1931 2039//2039
f 1932//1932 2040//2040 1930//1930
f 1932//1932 2042//2042 2040//2040
f 2041//2041 1933//1933 1931//1931
f 2043//2043 1933//1933 2041//2041
f 1934//1934 2042//2042 1932//1932
f 1934//1934 2044//2044 2042//2042
f 2043//2043 1935//1935 1933//1933
f 2045//2045 1935//1935 2043//2043
f 1936//1936 2044//2044 1934//1934
f 1936//1936 2046//2046 2044//2044
f 2045//2045 1937//1937 1935//1935
f 2047//2047 1937//1937 2045//2045
f 1938//1938 2046//2046 1936//1936
f 1938//1938 2048//2048 2046//2046
f 2047//2047 1939//1939 1937//1937
f 2049//2049 1939//1939 2047//2047
f 1940//1940 2048//2048 1938//1938
f 1940//1940 2050//2050 2048//2048
f 2049//2049 1941//1941 1939//1939
f 2051//2051 1941//1941 2049//2049
f 1942//1942 2050//2050 1940//1940
f 1942//1942 2052//2052 2050//2050
f 2051//2051 1943//1943 1941//1941
f 2053//2053 1943//1943 2051//2051
f 1944//1944 2052//2052 1942//1942
f 1944//1944 2054//2054 2052//2052
f 2053//2053 1945//1945 1943//1943
f 2055//2055 1945//1945 2053//2053
f 1946//1946 2054//2054 1944//1944
f 1946//1946 2056//2056 2054//2054
f 2055//2055 1947//1947 1945//1945
f 2057//2057 1947//1947 2055//2055
f 1948//1948 2056//2056 1946//1946
f 1948//1948 2058//2058 2056//2056
f 2057//2057 1949//1949 1947//1947
f 2059//2059 1949//1949 2057//2057
f 1950//1950 2058//2058 1948//1948
f 1950//1950 2060//2060 2058//2058
f 2059//2059 1951//1951 1949//1949
f 2061//2061 1951//1951 2059//2059
f 1952//1952 2060//2060 1950//1950
f 1952//1952 2062//2062 2060//2060
f 2061//2061 1953//1953 1951//1951
f 2063//2063 1953//1953 2061//2061
f 1954//1954 2062//2062 1952//1952
f 1954//1954 2064//2064 2062//2062
f 2063//2063 1955//1955 1953//1953
f 2065//2065 1955//1955 2063//2063
f 1956//1956 2064//2064 1954//1954
f 1956//1956 2066//2066 2064//2064
f 2065//2065 1957//1957 1955//1955
f 2067//2067 1957//1957 2065//2065
f 1958//1958 2066//2066 1956//1956
f 1958//1958 2068//2068 2066//2066
f 2067//2067 1959//1959 1957//1957
f 2069//2069 1959//1959 2067//2067
f 1960//1960 2068//2068 1958//1958
f 1960//1960 2070//2070 2068//2068
f 2069//2069 1961//1961 1959//1959
f 2071//2071 1961//1961 2069//2069
f 1962//1962 2070//2070 1960//1960
f 1962//1962 2072//2072 2070//2070
f 2071//2071 1963//1963 1961//1961
f 2073//2073 1963//1963 2071//2071
f 1964//1964 2072//2072 1962//1962
f 1964//1964 2074//2074 2072//2072
f 2073//2073 1965//1965 1963//1963
f 2075//2075 1965//1965 2073//2073
f 1966//1966 2074//2074 1964//1964
f 1966//1966 2076//2076 2074//2074
f 2075//2075 1967//1967 1965//1965
f 2077//2077 1967//1967 2075//2075
f 2078//2078 2076//2076 1966//1966
f 2078//2078 1966//1966 1968//1968
f 1968//1968 1969//1969 2078//2078
f 2078//2078 1969//1969 2079//2079
f 2081//2081 2080//2080 1971//1971
f 1971//1971 2080//2080 1970//1970
f 1971//1971 1967//1967 2077//2077
f 1971//1971 2077//2077 2081//2081
f 2082//2082 2079//2079 1969//1969
f 2082//2082 1969//1969 1972//1972
f 1972//1972 1973//1973 2082//2082
f 2082//2082 1973//1973 2083//2083
f 2085//2085 2084//2084 1975//1975
f 1975//1975 2084//2084 1974//1974
f 1975//1975 1970//1970 2080//2080
f 1975//1975 2080//2080 2085//2085
f 2086//2086 2083//2083 1973//1973
f 2086//2086 1973//1973 1976//1976
f 1976//1976 1977//1977 2086//2086
f 2086//2086 1977//1977 2087//2087
f 2089//2089 2088//2088 1979//1979
f 1979//1979 2088//2088 1978//1978
f 1979//1979 1974//1974 2084//2084
f 1979//1979 2084//2084 2089//2089
f 2090//2090 2087//2087 1977//1977
f 2090//2090 1977//1977 1980//1980
f 2091//2091 1980//1980 1981//1981
f 2091//2091 2090//2090 1980//1980
f 2092//2092 1981//1981 1982//1982
f 2092//2092 2091//2091 1981//1981
f 2093//2093 1982//1982 1983//1983
f 2093//2093 2092//2092 1982//1982
f 2094//2094 1983//1983 1984//1984
f 2094//2094 2093//2093 1983//1983
f 2095//2095 1984//1984 1985//1985
f 2095//2095 2094//2094 1984//1984
f 2096//2096 1985//1985 1986//1986
f 2096//2096 2095//2095 1985//1985
f 1986//1986 1978//1978 2088//2088
f 1986//1986 2088//2088 2096//2096
f 2098//2098 2097//2097 1987//1987
f 2098//2098 1987//1987 1988//1988
f 1987//1987 2099//2099 1989//1989
f 2097//2097 2099//2099 1987//1987
f 1989//1989 2100//2100 1990//1990
f 2099//2099 2100//2100 1989//1989
f 1990//1990 2101//2101 1991//1991
f 2100//2100 2101//2101 1990//1990
f 1991//1991 2102//2102 1992//1992
f 2101//2101 2102//2102 1991//1991
f 1992//1992 2103//2103 1993//1993
f 2102//2102 2103//2103 1992//1992
f 1993//1993 2104//2104 1994//1994
f 2103//2103 2104//2104 1993//1993
f 1994//1994 2105//2105 1995//1995
f 2104//2104 2105//2105 1994//1994
f 1995//1995 2106//2106 1996//1996
f 2105//2105 2106//2106 1995//1995
f 1996//1996 2107//2107 1997//1997
f 2106//2106 2107//2107 1996//1996
f 1997//1997 2108//2108 1998//1998
f 2107//2107 2108//2108 1997//1997
f 1999//1999 1998//1998 2108//2108
f 1999//1999 2108//2108 2109//2109
f 2111//2111 2110//2110 2000//2000
f 2111//2111 2000//2000 2001//2001
f 1988//1988 2000//2000 2098//2098
f 2098//2098 2000//2000 2110//2110
f 2109//2109 2112//2112 1999//1999
f 1999//1999 2112//2112 2002//2002
f 2003//2003 2002//2002 2112//2112
f 2003//2003 2112//2112 2113//2113
f 2004//2004 2111//2111 2001//2001
f 2004//2004 2114//2114 2111//2111
f 2113//2113 2005//2005 2003//2003
f 2115//2115 2005//2005 2113//2113
f 2006//2006 2114//2114 2004//2004
f 2006//2006 2116//2116 2114//2114
f 2115//2115 2007//2007 2005//2005
f 2117//2117 2007//2007 2115//2115
f 2008//2008 2116//2116 2006//2006
f 2008//2008 2118//2118 2116//2116
f 2117//2117 2009//2009 2007//2007
f 2119//2119 2009//2009 2117//2117
f 2010//2010 2118//2118 2008//2008
f 2010//2010 2120//2120 2118//2118
f 2119//2119 2011//2011 2009//2009
f 2121//2121 2011//2011 2119//2119
f 2012//2012 2120//2120 2010//2010
f 2012//2012 2122//2122 2120//2120
f 2121//2121 2013//2013 2011//2011
f 2123//2123 2013//2013 2121//2121
f 2014//2014 2122//2122 2012//2012
f 2014//2014 2124//2124 2122//2122
f 2123//2123 2015//2015 2013//2013
f 2125//2125 2015//2015 2123//2123
f 2016//2016 2124//2124 2014//2014
f 2016//2016 2126//2126 2124//2124
f 2125//2125 2017//2017 2015//2015
f 2127//2127 2017//2017 2125//2125
f 2018//2018 2126//2126 2016//2016
f 2018//2018 2128//2128 2126//2126
f 2127//2127 2019//2019 2017//2017
f 2129//2129 2019//2019 2127//2127
f 2020//2020 2128//2128 2018//2018
f 2020//2020 2130//2130 2128//2128
f 2129//2129 2021//2021 2019//2019
f 2131//2131 2021//2021 2129//2129
f 2022//2022 2130//2130 2020//2020
f 2022//2022 2132//2132 2130//2130
f 2131//2131 2023//2023 2021//2021
f 2133//2133 2023//2023 2131//2131
f 2024//2024 2132//2132 2022//2022
f 2024//2024 2134//2134 2132//2132
f 2133//2133 2025//2025 2023//2023
f 2135//2135 2025//2025 2133//2133
f 2026//2026 2134//2134 2024//2024
f 2026//2026 2136//2136 2134//2134
f 2135//2135 2027//2027 2025//2025
f 2137//2137 2027//2027 2135//2135
f 2028//2028 2136//2136 2026//2026
f 2028//2028 2138//2138 2136//2136
f 2137//2137 2029//2029 2027//2027
f 2139//2139 2029//2029 2137//2137
f 2030//2030 2138//2138 2028//2028
f 2030//2030 2140//2140 2138//2138
f 2139//2139 2031//2031 2029//2029
f 2141//2141 2031//2031 2139//2139
f 2032//2032 2140//2140 2030//2030
f 2032//2032 2142//2142 2140//2140
f 2141//2141 2033//2033 2031//2031
f 2143//2143 2033//2033 2141//2141
f 2034//2034 2142//2142 2032//2032
f 2034//2034 2144//2144 2142//2142
f 2143//2143 2035//2035 2033//2033
f 2145//2145 2035//2035 2143//2143
f 2036//2036 2144//2144 2034//2034
f 2036//2036 2146//2146 2144//2144
f 2145//2145 2037//2037 2035//2035
f 2147//2147 2037//2037 2145//2145
f 2038//2038 2146//2146 2036//2036
f 2038//2038 2148//2148 2146//2146
f 2147//2147 2039//2039 2037//2037
f 2149//2149 2039//2039 2147//2147
f 2040//2040 2148//2148 2038//2038
f 2040//2040 2150//2150 2148//2148
f 2149//2149 2041//2041 2039//2039
f 2151//2151 2041//2041 2149//2149
f 2042//2042 2150//2150 2040//2040
f 2042//2042 2152//2152 2150//2150
f 2151//2151 2043//2043 2041//2041
f 2153//2153 2043//2043 2151//2151
f 2044//2044 2152//2152 2042//2042
f 2044//2044 2154//2154 2152//2152
f 2153//2153 2045//2045 2043//2043
f 2155//2155 2045//2045 2153//2153
f 2046//2046 2154//2154 2044//2044
f 2046//2046 2156//2156 2154//2154
f 2155//2155 2047//2047 2045//2045
f 2157//2157 2047//2047 2155//2155
f 2048//2048 2156//2156 2046//2046
f 2048//2048 2158//2158 2156//2156
f 2157//2157 2049//2049 2047//2047
f 2159//2159 2049//2049 2157//2157
f 2050//2050 2158//2158 2048//2048
f 2050//2050 2160//2160 2158//2158
f 2159//2159 2051//2051 2049//2049
f 2161//2161 2051//2051 2159//2159
f 2052//2052 2160//2160 2050//2050
f 2052//2052 2162//2162 2160//2160
f 2161//2161 2053//2053 2051//2051
f 2163//2163 2053//2053 2161//2161
f 2054//2054 2162//2162 2052//2052
f 2054//2054 2164//2164 2162//2162
f 2163//2163 2055//2055 2053//2053
f 2165//2165 2055//2055 2163//2163
f 2056//2056 2164//2164 2054//2054
f 2056//2056 2166//2166 2164//2164
f 2165//2165 2057//2057 2055//2055
f 2167//2167 2057//2057 2165//2165
f 2058//2058 2166//2166 2056//2056
f 2058//2058 2168//2168 2166//2166
f 2167//2167 2059//2059 2057//2057
f 2169//2169 2059//2059 2167//2167
f 2060//2060 2168//2168 2058//2058
f 2060//2060 2170//2170 2168//2168
f 2169//2169 2061//2061 2059//2059
f 2171//2171 2061//2061 2169//2169
f 2062//2062 2170//2170 2060//2060
f 2062//2062 2172//2172 2170//2170
f 2171//2171 2063//2063 2061//2061
f 2173//2173 2063//2063 2171//2171
f 2064//2064 2172//2172 2062//2062
f 2064//2064 2174//2174 2172//2172
f 2173//2173 2065//2065 2063//2063
f 2175//2175 2065//2065 2173//2173
f 2066//2066 2174//2174 2064//2064
f 2066//2066 2176//2176 2174//2174
f 2175//2175 2067//2067 2065//2065
f 2177//2177 2067//2067 2175//2175
f 2068//2068 2176//2176 2066//2066
f 2068//2068 2178//2178 2176//2176
f 2177//2177 2069//2069 2067//2067
f 2179//2179 2069//2069 2177//2177
f 2070//2070 2178//2178 2068//2068
f 2070//2070 2180//2180 2178//2178
f 2179//2179 2071//2071 2069//2069
f 2181//2181 2071//2071 2179//2179
f 2072//2072 2180//2180 2070//2070
f 2072//2072 2182//2182 2180//2180
f 2181//2181 2073//2073 2071//2071
f 2183//2183 2073//2073 2181//2181
f 2074//2074 2182//2182 2072//2072
f 2074//2074 2184//2184 2182//2182
f 2183//2183 2075//2075 2073//2073
f 2185//2185 2075//2075 2183//2183
f 2076//2076 2184//2184 2074//2074
f 2076//2076 2186//2186 2184//2184
f 2185//2185 2077//2077 2075//2075
f 2187//2187 2077//2077 2185//2185
f 2188//2188 2186//2186 2076//2076
f 2188//2188 2076//2076 2078//2078
f 2078//2078 2079//2079 2188//2188
f 2188//2188 2079//2079 2189//2189
f 2191//2191 2190//2190 2081//2081
f 2081//2081 2190//2190 2080//2080
f 2081//2081 2077//2077 2187//2187
f 2081//2081 2187//2187 2191//2191
f 2192//2192 2189//2189 2079//2079
f 2192//2192 2079//2079 2082//2082
f 2082//2082 2083//2083 2192//2192
f 2192//2192 2083//2083 2193//2193
f 2195//2195 2194//2194 2085//2085
f 2085//2085 2194//2194 2084//2084
f 2085//2085 2080//2080 2190//2190
f 2085//2085 2190//2190 2195//2195
f 2196//2196 2193//2193 2083//2083
f 2196//2196 2083//2083 2086//2086
f 2086//2086 2087//2087 2196//2196
f 2196//2196 2087//2087 2197//2197
f 2199//2199 2198//2198 2089//2089
f 2089//2089 2198//2198 2088//2088
f 2089//2089 2084//2084 2194//2194
f 2089//2089 2194//2194 2199//2199
f 2200//2200 2197//2197 2087//2087
f 2200//2200 2087//2087 2090//2090
f 2201//2201 2090//2090 2091//2091
f 2201//2201 2200//2200 2090//2090
f 2202//2202 2091//2091 2092//2092
f 2202//2202 2201//2201 2091//2091
f 2203//2203 2092//2092 2093//2093
f 2203//2203 2202//2202 2092//2092
f 2204//2204 2093//2093 2094//2094
f 2204//2204 2203//2203 2093//2093
f 2205//2205 2094//2094 2095//2095
f 2205//2205 2204//2204 2094//2094
f 2206//2206 2095//2095 2096//2096
f 2206//2206 2205//2205 2095//2095
f 2096//2096 2088//2088 2198//2198
f 2096//2096 2198//2198 2206//2206
f 2208//2208 2207//2207 2097//2097
f 2208//2208 2097//2097 2098//2098
f 2097//2097 2209//2209 2099//2099
f 2207//2207 2209//2209 2097//2097
f 2099//2099 2210//2210 2100//2100
f 2209//2209 2210//2210 2099//2099
f 2100//2100 2211//2211 2101//2101
f 2210//2210 2211//2211 2100//2100
f 2101//2101 2212//2212 2102//2102
f 2211//2211 2212//2212 2101//2101
f 2102//2102 2213//2213 2103//2103
f 2212//2212 2213//2213 2102//2102
f 2103//2103 2214//2214 2104//2104
f 2213//2213 2214//2214 2103//2103
f 2104//2104 2215//2215 2105//2105
f 2214//2214 2215//2215 2104//2104
f 2105//2105 2216//2216 2106//2106
f 2215//2215 2216//2216 2105//2105
f 2106//2106 2217//2217 2107//2107
f 2216//2216 2217//2217 2106//2106
f 2107//2107 2218//2218 2108//2108
f 2217//2217 2218//2218 2107//2107
f 2109//2109 2108//2108 2218//2218
f 2109//2109 2218//2218 2219//2219
f 2111//2111 2220//2220 2110//2110
f 2220//2220 2221//2221 2110//2110
f 2221//2221 2098//2098 2110//2110
f 2221//2221 2208//2208 2098//2098
f 2112//2112 2109//2109 2222//2222
f 2109//2109 2223//2223 2222//2222
f 2109//2109 2219//2219 2223//2223
f 2222//2222 2113//2113 2112//2112
f 2225//2225 2224//2224 2220//2220
f 2111//2111 2225//2225 2220//2220
f 2114//2114 2225//2225 2111//2111
f 2220//2220 2224//2224 2221//2221
f 2223//2223 2226//2226 2222//2222
f 2113//2113 2222//2222 2226//2226
f 2227//2227 2113//2113 2226//2226
f 2115//2115 2113//2113 2227//2227
f 2116//2116 2225//2225 2114//2114
f 2116//2116 2228//2228 2225//2225
f 2227//2227 2117//2117 2115//2115
f 2229//2229 2117//2117 2227//2227
f 2118//2118 2228//2228 2116//2116
f 2118//2118 2230//2230 2228//2228
f 2229//2229 2119//2119 2117//2117
f 2231//2231 2119//2119 2229//2229
f 2120//2120 2233//2233 2232//2232
f 2230//2230 2120//2120 2232//2232
f 2118//2118 2120//2120 2230//2230
f 2233//2233 2234//2234 2232//2232
f 2237//2237 2236//2236 2235//2235
f 2231//2231 2237//2237 2235//2235
f 2121//2121 2231//2231 2235//2235
f 2119//2119 2231//2231 2121//2121
f 2122//2122 2238//2238 2233//2233
f 2122//2122 2233//2233 2120//2120
f 2234//2234 2233//2233 2239//2239
f 2239//2239 2233//2233 2238//2238
f 2235//2235 2236//2236 2240//2240
f 2240//2240 2236//2236 2241//2241
f 2240//2240 2123//2123 2121//2121
f 2240//2240 2121//2121 2235//2235
f 2124//2124 2242//2242 2238//2238
f 2124//2124 2238//2238 2122//2122
f 2239//2239 2238//2238 2243//2243
f 2243//2243 2238//2238 2242//2242
f 2240//2240 2241//2241 2244//2244
f 2244//2244 2241//2241 2245//2245
f 2244//2244 2125//2125 2123//2123
f 2244//2244 2123//2123 2240//2240
f 2126//2126 2246//2246 2242//2242
f 2126//2126 2242//2242 2124//2124
f 2243//2243 2242//2242 2247//2247
f 2247//2247 2242//2242 2246//2246
f 2244//2244 2245//2245 2248//2248
f 2248//2248 2245//2245 2249//2249
f 2248//2248 2127//2127 2125//2125
f 2248//2248 2125//2125 2244//2244
f 2128//2128 2250//2250 2246//2246
f 2128//2128 2246//2246 2126//2126
f 2247//2247 2246//2246 2251//2251
f 2251//2251 2246//2246 2250//2250
f 2248//2248 2249//2249 2252//2252
f 2252//2252 2249//2249 2253//2253
f 2252//2252 2129//2129 2127//2127
f 2252//2252 2127//2127 2248//2248
f 2130//2130 2254//2254 2250//2250
f 2130//2130 2250//2250 2128//2128
f 2251//2251 2250//2250 2255//2255
f 2255//2255 2250//2250 2254//2254
f 2252//2252 2253//2253 2256//2256
f 2256//2256 2253//2253 2257//2257
f 2256//2256 2131//2131 2129//2129
f 2256//2256 2129//2129 2252//2252
f 2132//2132 2258//2258 2254//2254
f 2132//2132 2254//2254 2130//2130
f 2255//2255 2254//2254 2259//2259
f 2259//2259 2254//2254 2258//2258
f 2256//2256 2257//2257 2260//2260
f 2260//2260 2257//2257 2261//2261
f 2260//2260 2133//2133 2131//2131
f 2260//2260 2131//2131 2256//2256
f 2134//2134 2262//2262 2258//2258
f 2134//2134 2258//2258 2132//2132
f 2259//2259 2258//2258 2263//2263
f 2263//2263 2258//2258 2262//2262
f 2260//2260 2261//2261 2264//2264
f 2264//2264 2261//2261 2265//2265
f 2264//2264 2135//2135 2133//2133
f 2264//2264 2133//2133 2260//2260
f 2136//2136 2266//2266 2262//2262
f 2136//2136 2262//2262 2134//2134
f 2263//2263 2262//2262 2267//2267
f 2267//2267 2262//2262 2266//2266
f 2264//2264 2265//2265 2268//2268
f 2268//2268 2265//2265 2269//2269
f 2268//2268 2137//2137 2135//2135
f 2268//2268 2135//2135 2264//2264
f 2138//2138 2270//2270 2266//2266
f 2138//2138 2266//2266 2136//2136
f 2267//2267 2266//2266 2271//2271
f 2271//2271 2266//2266 2270//2270
f 2268//2268 2269//2269 2272//2272
f 2272//2272 2269//2269 2273//2273
f 2272//2272 2139//2139 2137//2137
f 2272//2272 2137//2137 2268//2268
f 2140//2140 2274//2274 2270//2270
f 2140//2140 2270//2270 2138//2138
f 2271//2271 2270//2270 2275//2275
f 2275//2275 2270//2270 2274//2274
f 2272//2272 2273//2273 2276//2276
f 2276//2276 2273//2273 2277//2277
f 2276//2276 2141//2141 2139//2139
f 2276//2276 2139//2139 2272//2272
f 2142//2142 2278//2278 2274//2274
f 2142//2142 2274//2274 2140//2140
f 2275//2275 2274//2274 2279//2279
f 2279//2279 2274//2274 2278//2278
f 2276//2276 2277//2277 2280//2280
f 2280//2280 2277//2277 2281//2281
f 2280//2280 2143//2143 2141//2141
f 2280//2280 2141//2141 2276//2276
f 2144//2144 2282//2282 2278//2278
f 2144//2144 2278//2278 2142//2142
f 2279//2279 2278//2278 2283//2283
f 2283//2283 2278//2278 2282//2282
f 2280//2280 2281//2281 2284//2284
f 2284//2284 2281//2281 2285//2285
f 2284//2284 2145//2145 2143//2143
f 2284//2284 2143//2143 2280//2280
f 2146//2146 2286//2286 2282//2282
f 2146//2146 2282//2282 2144//2144
f 2283//2283 2282//2282 2287//2287
f 2287//2287 2282//2282 2286//2286
f 2284//2284 2285//2285 2288//2288
f 2288//2288 2285//2285 2289//2289
f 2288//2288 2147//2147 2145//2145
f 2288//2288 2145//2145 2284//2284
f 2148//2148 2290//2290 2286//2286
f 2148//2148 2286//2286 2146//2146
f 2287//2287 2286//2286 2291//2291
f 2291//2291 2286//2286 2290//2290
f 2288//2288 2289//2289 2292//2292
f 2292//2292 2289//2289 2293//2293
f 2292//2292 2149//2149 2147//2147
f 2292//2292 2147//2147 2288//2288
f 2150//2150 2294//2294 2290//2290
f 2150//2150 2290//2290 2148//2148
f 2291//2291 2290//2290 2295//2295
f 2295//2295 2290//2290 2294//2294
f 2292//2292 2293//2293 2296//2296
f 2296//2296 2293//2293 2297//2297
f 2296//2296 2151//2151 2149//2149
f 2296//2296 2149//2149 2292//2292
f 2299//2299 2298//2298 2294//2294
f 2150//2150 2299//2299 2294//2294
f 2152//2152 2299//2299 2150//2150
f 2294//2294 2298//2298 2295//2295
f 2297//2297 2300//2300 2296//2296
f 2151//2151 2296//2296 2300//2300
f 2301//2301 2151//2151 2300//2300
f 2153//2153 2151//2151 2301//2301
f 2154//2154 2299//2299 2152//2152
f 2154//2154 2302//2302 2299//2299
f 2301//2301 2155//2155 2153//2153
f 2303//2303 2155//2155 2301//2301
f 2156//2156 2302//2302 2154//2154
f 2156//2156 2304//2304 2302//2302
f 2303//2303 2157//2157 2155//2155
f 2305//2305 2157//2157 2303//2303
f 2158//2158 2304//2304 2156//2156
f 2158//2158 2306//2306 2304//2304
f 2305//2305 2159//2159 2157//2157
f 2307//2307 2159//2159 2305//2305
f 2160//2160 2306//2306 2158//2158
f 2160//2160 2308//2308 2306//2306
f 2307//2307 2161//2161 2159//2159
f 2309//2309 2161//2161 2307//2307
f 2162//2162 2308//2308 2160//2160
f 2162//2162 2310//2310 2308//2308
f 2309//2309 2163//2163 2161//2161
f 2311//2311 2163//2163 2309//2309
f 2164//2164 2310//2310 2162//2162
f 2164//2164 2312//2312 2310//2310
f 2311//2311 2165//2165 2163//2163
f 2313//2313 2165//2165 2311//2311
f 2166//2166 2312//2312 2164//2164
f 2166//2166 2314//2314 2312//2312
f 2313//2313 2167//2167 2165//2165
f 2315//2315 2167//2167 2313//2313
f 2168//2168 2314//2314 2166//2166
f 2168//2168 2316//2316 2314//2314
f 2315//2315 2169//2169 2167//2167
f 2317//2317 2169//2169 2315//2315
f 2170//2170 2316//2316 2168//2168
f 2170//2170 2318//2318 2316//2316
f 2317//2317 2171//2171 2169//2169
f 2319//2319 2171//2171 2317//2317
f 2172//2172 2318//2318 2170//2170
f 2172//2172 2320//2320 2318//2318
f 2319//2319 2173//2173 2171//2171
f 2321//2321 2173//2173 2319//2319
f 2174//2174 2320//2320 2172//2172
f 2174//2174 2322//2322 2320//2320
f 2321//2321 2175//2175 2173//2173
f 2323//2323 2175//2175 2321//2321
f 2176//2176 2322//2322 2174//2174
f 2176//2176 2324//2324 2322//2322
f 2323//2323 2177//2177 2175//2175
f 2325//2325 2177//2177 2323//2323
f 2178//2178 2324//2324 2176//2176
f 2178//2178 2326//2326 2324//2324
f 2325//2325 2179//2179 2177//2177
f 2327//2327 2179//2179 2325//2325
f 2180//2180 2326//2326 2178//2178
f 2180//2180 2328//2328 2326//2326
f 2327//2327 2181//2181 2179//2179
f 2329//2329 2181//2181 2327//2327
f 2182//2182 2328//2328 2180//2180
f 2182//2182 2330//2330 2328//2328
f 2329//2329 2183//2183 2181//2181
f 2331//2331 2183//2183 2329//2329
f 2184//2184 2330//2330 2182//2182
f 2184//2184 2332//2332 2330//2330
f 2331//2331 2185//2185 2183//2183
f 2333//2333 2185//2185 2331//2331
f 2186//2186 2332//2332 2184//2184
f 2186//2186 2334//2334 2332//2332
f 2333//2333 2187//2187 2185//2185
f 2335//2335 2187//2187 2333//2333
f 2336//2336 2334//2334 2186//2186
f 2336//2336 2186//2186 2188//2188
f 2188//2188 2189//2189 2336//2336
f 2336//2336 2189//2189 2337//2337
f 2339//2339 2338//2338 2191//2191
f 2191//2191 2338//2338 2190//2190
f 2191//2191 2187//2187 2335//2335
f 2191//2191 2335//2335 2339//2339
f 2340//2340 2337//2337 2189//2189
f 2340//2340 2189//2189 2192//2192
f 2192//2192 2193//2193 2340//2340
f 2340//2340 2193//2193 2341//2341
f 2343//2343 2342//2342 2195//2195
f 2195//2195 2342//2342 2194//2194
f 2195//2195 2190//2190 2338//2338
f 2195//2195 2338//2338 2343//2343
f 2344//2344 2341//2341 2193//2193
f 2344//2344 2193//2193 2196//2196
f 2346//2346 2345//2345 2197//2197
f 2345//2345 2196//2196 2197//2197
f 2345//2345 2344//2344 2196//2196
f 2346//2346 2347//2347 2345//2345
f 2350//2350 2349//2349 2348//2348
f 2198//2198 2199//2199 2348//2348
f 2199//2199 2350//2350 2348//2348
f 2199//2199 2351//2351 2350//2350
f 2199//2199 2194//2194 2342//2342
f 2199//2199 2342//2342 2351//2351
f 2200//2200 2346//2346 2197//2197
f 2352//2352 2347//2347 2346//2346
f 2200//2200 2352//2352 2346//2346
f 2201//2201 2352//2352 2200//2200
f 2353//2353 2201//2201 2202//2202
f 2353//2353 2352//2352 2201//2201
f 2354//2354 2202//2202 2203//2203
f 2354//2354 2353//2353 2202//2202
f 2355//2355 2203//2203 2204//2204
f 2355//2355 2354//2354 2203//2203
f 2356//2356 2204//2204 2205//2205
f 2356//2356 2355//2355 2204//2204
f 2206//2206 2348//2348 2349//2349
f 2356//2356 2206//2206 2349//2349
f 2205//2205 2206//2206 2356//2356
f 2348//2348 2206//2206 2198//2198
f 2358//2358 2357//2357 2207//2207
f 2358//2358 2207//2207 2208//2208
f 2207//2207 2359//2359 2209//2209
f 2357//2357 2359//2359 2207//2207
f 2209//2209 2360//2360 2210//2210
f 2359//2359 2360//2360 2209//2209
f 2210//2210 2361//2361 2211//2211
f 2360//2360 2361//2361 2210//2210
f 2211//2211 2362//2362 2212//2212
f 2361//2361 2362//2362 2211//2211
f 2212//2212 2363//2363 2213//2213
f 2362//2362 2363//2363 2212//2212
f 2213//2213 2364//2364 2214//2214
f 2363//2363 2364//2364 2213//2213
f 2214//2214 2365//2365 2215//2215
f 2364//2364 2365//2365 2214//2214
f 2215//2215 2366//2366 2216//2216
f 2365//2365 2366//2366 2215//2215
f 2216//2216 2367//2367 2217//2217
f 2366//2366 2367//2367 2216//2216
f 2217//2217 2368//2368 2218//2218
f 2367//2367 2368//2368 2217//2217
f 2219//2219 2218//2218 2368//2368
f 2219//2219 2368//2368 2369//2369
f 2221//2221 2358//2358 2208//2208
f 2221//2221 2370//2370 2358//2358
f 2369//2369 2223//2223 2219//2219
f 2371//2371 2223//2223 2369//2369
f 2225//2225 2372//2372 2224//2224
f 2372//2372 2373//2373 2224//2224
f 2373//2373 2221//2221 2224//2224
f 2373//2373 2370//2370 2221//2221
f 2226//2226 2223//2223 2374//2374
f 2223//2223 2375//2375 2374//2374
f 2223//2223 2371//2371 2375//2375
f 2374//2374 2227//2227 2226//2226
f 2228//2228 2376//2376 2372//2372
f 2228//2228 2372//2372 2225//2225
f 2373//2373 2372//2372 2377//2377
f 2377//2377 2372//2372 2376//2376
f 2374//2374 2375//2375 2378//2378
f 2378//2378 2375//2375 2379//2379
f 2378//2378 2229//2229 2227//2227
f 2378//2378 2227//2227 2374//2374
f 2230//2230 2380//2380 2376//2376
f 2230//2230 2376//2376 2228//2228
f 2377//2377 2376//2376 2381//2381
f 2381//2381 2376//2376 2380//2380
f 2378//2378 2379//2379 2382//2382
f 2382//2382 2379//2379 2383//2383
f 2382//2382 2231//2231 2229//2229
f 2382//2382 2229//2229 2378//2378
f 2232//2232 2380//2380 2230//2230
f 2232//2232 2234//2234 2380//2380
f 2234//2234 2381//2381 2380//2380
f 2234//2234 2384//2384 2381//2381
f 2382//2382 2383//2383 2237//2237
f 2383//2383 2236//2236 2237//2237
f 2383//2383 2385//2385 2236//2236
f 2382//2382 2237//2237 2231//2231
f 2239//2239 2384//2384 2234//2234
f 2239//2239 2386//2386 2384//2384
f 2385//2385 2241//2241 2236//2236
f 2387//2387 2241//2241 2385//2385
f 2243//2243 2386//2386 2239//2239
f 2243//2243 2388//2388 2386//2386
f 2387//2387 2245//2245 2241//2241
f 2389//2389 2245//2245 2387//2387
f 2247//2247 2388//2388 2243//2243
f 2247//2247 2390//2390 2388//2388
f 2389//2389 2249//2249 2245//2245
f 2391//2391 2249//2249 2389//2389
f 2251//2251 2390//2390 2247//2247
f 2251//2251 2392//2392 2390//2390
f 2391//2391 2253//2253 2249//2249
f 2393//2393 2253//2253 2391//2391
f 2255//2255 2392//2392 2251//2251
f 2255//2255 2394//2394 2392//2392
f 2393//2393 2257//2257 2253//2253
f 2395//2395 2257//2257 2393//2393
f 2259//2259 2394//2394 2255//2255
f 2259//2259 2396//2396 2394//2394
f 2395//2395 2261//2261 2257//2257
f 2397//2397 2261//2261 2395//2395
f 2263//2263 2396//2396 2259//2259
f 2263//2263 2398//2398 2396//2396
f 2397//2397 2265//2265 2261//2261
f 2399//2399 2265//2265 2397//2397
f 2267//2267 2398//2398 2263//2263
f 2267//2267 2400//2400 2398//2398
f 2399//2399 2269//2269 2265//2265
f 2401//2401 2269//2269 2399//2399
f 2271//2271 2400//2400 2267//2267
f 2271//2271 2402//2402 2400//2400
f 2401//2401 2273//2273 2269//2269
f 2403//2403 2273//2273 2401//2401
f 2275//2275 2402//2402 2271//2271
f 2275//2275 2404//2404 2402//2402
f 2403//2403 2277//2277 2273//2273
f 2405//2405 2277//2277 2403//2403
f 2279//2279 2404//2404 2275//2275
f 2279//2279 2406//2406 2404//2404
f 2405//2405 2281//2281 2277//2277
f 2407//2407 2281//2281 2405//2405
f 2283//2283 2406//2406 2279//2279
f 2283//2283 2408//2408 2406//2406
f 2407//2407 2285//2285 2281//2281
f 2409//2409 2285//2285 2407//2407
f 2287//2287 2408//2408 2283//2283
f 2287//2287 2410//2410 2408//2408
f 2409//2409 2289//2289 2285//2285
f 2411//2411 2289//2289 2409//2409
f 2291//2291 2410//2410 2287//2287
f 2291//2291 2412//2412 2410//2410
f 2411//2411 2293//2293 2289//2289
f 2413//2413 2293//2293 2411//2411
f 2295//2295 2412//2412 2291//2291
f 2295//2295 2414//2414 2412//2412
f 2413//2413 2297//2297 2293//2293
f 2415//2415 2297//2297 2413//2413
f 2299//2299 2416//2416 2298//2298
f 2416//2416 2417//2417 2298//2298
f 2417//2417 2295//2295 2298//2298
f 2417//2417 2414//2414 2295//2295
f 2300//2300 2297//2297 2418//2418
f 2297//2297 2419//2419 2418//2418
f 2297//2297 2415//2415 2419//2419
f 2418//2418 2301//2301 2300//2300
f 2302//2302 2420//2420 2416//2416
f 2302//2302 2416//2416 2299//2299
f 2417//2417 2416//2416 2421//2421
f 2421//2421 2416//2416 2420//2420
f 2418//2418 2419//2419 2422//2422
f 2422//2422 2419//2419 2423//2423
f 2422//2422 2303//2303 2301//2301
f 2422//2422 2301//2301 2418//2418
f 2304//2304 2424//2424 2420//2420
f 2304//2304 2420//2420 2302//2302
f 2421//2421 2420//2420 2425//2425
f 2425//2425 2420//2420 2424//2424
f 2422//2422 2423//2423 2426//2426
f 2426//2426 2423//2423 2427//2427
f 2426//2426 2305//2305 2303//2303
f 2426//2426 2303//2303 2422//2422
f 2306//2306 2428//2428 2424//2424
f 2306//2306 2424//2424 2304//2304
f 2425//2425 2424//2424 2429//2429
f 2429//2429 2424//2424 2428//2428
f 2426//2426 2427//2427 2430//2430
f 2430//2430 2427//2427 2431//2431
f 2430//2430 2307//2307 2305//2305
f 2430//2430 2305//2305 2426//2426
f 2433//2433 2432//2432 2428//2428
f 2306//2306 2433//2433 2428//2428
f 2308//2308 2433//2433 2306//2306
f 2428//2428 2432//2432 2429//2429
f 2431//2431 2434//2434 2430//2430
f 2307//2307 2430//2430 2434//2434
f 2435//2435 2307//2307 2434//2434
f 2309//2309 2307//2307 2435//2435
f 2310//2310 2433//2433 2308//2308
f 2310//2310 2436//2436 2433//2433
f 2435//2435 2311//2311 2309//2309
f 2437//2437 2311//2311 2435//2435
f 2312//2312 2436//2436 2310//2310
f 2312//2312 2438//2438 2436//2436
f 2437//2437 2313//2313 2311//2311
f 2439//2439 2313//2313 2437//2437
f 2314//2314 2438//2438 2312//2312
f 2314//2314 2440//2440 2438//2438
f 2439//2439 2315//2315 2313//2313
f 2441//2441 2315//2315 2439//2439
f 2316//2316 2440//2440 2314//2314
f 2316//2316 2442//2442 2440//2440
f 2441//2441 2317//2317 2315//2315
f 2443//2443 2317//2317 2441//2441
f 2318//2318 2442//2442 2316//2316
f 2318//2318 2444//2444 2442//2442
f 2443//2443 2319//2319 2317//2317
f 2445//2445 2319//2319 2443//2443
f 2320//2320 2444//2444 2318//2318
f 2320//2320 2446//2446 2444//2444
f 2445//2445 2321//2321 2319//2319
f 2447//2447 2321//2321 2445//2445
f 2322//2322 2446//2446 2320//2320
f 2322//2322 2448//2448 2446//2446
f 2447//2447 2323//2323 2321//2321
f 2449//2449 2323//2323 2447//2447
f 2324//2324 2448//2448 2322//2322
f 2324//2324 2450//2450 2448//2448
f 2449//2449 2325//2325 2323//2323
f 2451//2451 2325//2325 2449//2449
f 2326//2326 2450//2450 2324//2324
f 2326//2326 2452//2452 2450//2450
f 2451//2451 2327//2327 2325//2325
f 2453//2453 2327//2327 2451//2451
f 2328//2328 2452//2452 2326//2326
f 2328//2328 2454//2454 2452//2452
f 2453//2453 2329//2329 2327//2327
f 2455//2455 2329//2329 2453//2453
f 2330//2330 2454//2454 2328//2328
f 2330//2330 2456//2456 2454//2454
f 2455//2455 2331//2331 2329//2329
f 2457//2457 2331//2331 2455//2455
f 2332//2332 2456//2456 2330//2330
f 2332//2332 2458//2458 2456//2456
f 2457//2457 2333//2333 2331//2331
f 2459//2459 2333//2333 2457//2457
f 2334//2334 2461//2461 2460//2460
f 2458//2458 2334//2334 2460//2460
f 2332//2332 2334//2334 2458//2458
f 2461//2461 2462//2462 2460//2460
f 2465//2465 2464//2464 2463//2463
f 2459//2459 2465//2465 2463//2463
f 2335//2335 2459//2459 2463//2463
f 2333//2333 2459//2459 2335//2335
f 2336//2336 2461//2461 2334//2334
f 2336//2336 2337//2337 2461//2461
f 2337//2337 2462//2462 2461//2461
f 2337//2337 2466//2466 2462//2462
f 2463//2463 2464//2464 2339//2339
f 2464//2464 2338//2338 2339//2339
f 2464//2464 2467//2467 2338//2338
f 2463//2463 2339//2339 2335//2335
f 2468//2468 2466//2466 2337//2337
f 2468//2468 2337//2337 2340//2340
f 2340//2340 2341//2341 2468//2468
f 2468//2468 2341//2341 2469//2469
f 2471//2471 2470//2470 2343//2343
f 2343//2343 2470//2470 2342//2342
f 2343//2343 2338//2338 2467//2467
f 2343//2343 2467//2467 2471//2471
f 2472//2472 2469//2469 2341//2341
f 2472//2472 2341//2341 2344//2344
f 2473//2473 2344//2344 2345//2345
f 2473//2473 2472//2472 2344//2344
f 2475//2475 2474//2474 2347//2347
f 2474//2474 2345//2345 2347//2347
f 2474//2474 2473//2473 2345//2345
f 2475//2475 2476//2476 2474//2474
f 2479//2479 2478//2478 2477//2477
f 2349//2349 2350//2350 2477//2477
f 2350//2350 2479//2479 2477//2477
f 2350//2350 2480//2480 2479//2479
f 2481//2481 2350//2350 2351//2351
f 2481//2481 2480//2480 2350//2350
f 2351//2351 2342//2342 2470//2470
f 2351//2351 2470//2470 2481//2481
f 2352//2352 2475//2475 2347//2347
f 2482//2482 2476//2476 2475//2475
f 2352//2352 2482//2482 2475//2475
f 2353//2353 2482//2482 2352//2352
f 2483//2483 2353//2353 2354//2354
f 2483//2483 2482//2482 2353//2353
f 2484//2484 2354//2354 2355//2355
f 2484//2484 2483//2483 2354//2354
f 2356//2356 2477//2477 2478//2478
f 2484//2484 2356//2356 2478//2478
f 2355//2355 2356//2356 2484//2484
f 2477//2477 2356//2356 2349//2349
f 2358//2358 2485//2485 2357//2357
f 2357//2357 2485//2485 2486//2486
f 2487//2487 2357//2357 2486//2486
f 2359//2359 2357//2357 2487//2487
f 2359//2359 2488//2488 2360//2360
f 2487//2487 2488//2488 2359//2359
f 2360//2360 2489//2489 2361//2361
f 2488//2488 2489//2489 2360//2360
f 2361//2361 2490//2490 2362//2362
f 2489//2489 2490//2490 2361//2361
f 2362//2362 2491//2491 2363//2363
f 2490//2490 2491//2491 2362//2362
f 2363//2363 2492//2492 2364//2364
f 2491//2491 2492//2492 2363//2363
f 2364//2364 2493//2493 2365//2365
f 2492//2492 2493//2493 2364//2364
f 2365//2365 2494//2494 2366//2366
f 2493//2493 2494//2494 2365//2365
f 2366//2366 2495//2495 2367//2367
f 2494//2494 2495//2495 2366//2366
f 2495//2495 2497//2497 2496//2496
f 2368//2368 2495//2495 2496//2496
f 2367//2367 2495//2495 2368//2368
f 2496//2496 2369//2369 2368//2368
f 2499//2499 2498//2498 2485//2485
f 2358//2358 2499//2499 2485//2485
f 2370//2370 2499//2499 2358//2358
f 2485//2485 2498//2498 2486//2486
f 2497//2497 2500//2500 2496//2496
f 2369//2369 2496//2496 2500//2500
f 2501//2501 2369//2369 2500//2500
f 2371//2371 2369//2369 2501//2501
f 2373//2373 2499//2499 2370//2370
f 2373//2373 2502//2502 2499//2499
f 2501//2501 2375//2375 2371//2371
f 2503//2503 2375//2375 2501//2501
f 2377//2377 2502//2502 2373//2373
f 2377//2377 2504//2504 2502//2502
f 2503//2503 2379//2379 2375//2375
f 2505//2505 2379//2379 2503//2503
f 2381//2381 2504//2504 2377//2377
f 2381//2381 2506//2506 2504//2504
f 2505//2505 2383//2383 2379//2379
f 2507//2507 2383//2383 2505//2505
f 2384//2384 2506//2506 2381//2381
f 2384//2384 2508//2508 2506//2506
f 2507//2507 2385//2385 2383//2383
f 2509//2509 2385//2385 2507//2507
f 2386//2386 2508//2508 2384//2384
f 2386//2386 2510//2510 2508//2508
f 2509//2509 2387//2387 2385//2385
f 2511//2511 2387//2387 2509//2509
f 2388//2388 2510//2510 2386//2386
f 2388//2388 2512//2512 2510//2510
f 2511//2511 2389//2389 2387//2387
f 2513//2513 2389//2389 2511//2511
f 2390//2390 2512//2512 2388//2388
f 2390//2390 2514//2514 2512//2512
f 2513//2513 2391//2391 2389//2389
f 2515//2515 2391//2391 2513//2513
f 2392//2392 2514//2514 2390//2390
f 2392//2392 2516//2516 2514//2514
f 2515//2515 2393//2393 2391//2391
f 2517//2517 2393//2393 2515//2515
f 2394//2394 2516//2516 2392//2392
f 2394//2394 2518//2518 2516//2516
f 2517//2517 2395//2395 2393//2393
f 2519//2519 2395//2395 2517//2517
f 2396//2396 2518//2518 2394//2394
f 2396//2396 2520//2520 2518//2518
f 2519//2519 2397//2397 2395//2395
f 2521//2521 2397//2397 2519//2519
f 2398//2398 2520//2520 2396//2396
f 2398//2398 2522//2522 2520//2520
f 2521//2521 2399//2399 2397//2397
f 2523//2523 2399//2399 2521//2521
f 2400//2400 2522//2522 2398//2398
f 2400//2400 2524//2524 2522//2522
f 2523//2523 2401//2401 2399//2399
f 2525//2525 2401//2401 2523//2523
f 2402//2402 2524//2524 2400//2400
f 2402//2402 2526//2526 2524//2524
f 2525//2525 2403//2403 2401//2401
f 2527//2527 2403//2403 2525//2525
f 2404//2404 2526//2526 2402//2402
f 2404//2404 2528//2528 2526//2526
f 2527//2527 2405//2405 2403//2403
f 2529//2529 2405//2405 2527//2527
f 2406//2406 2528//2528 2404//2404
f 2406//2406 2530//2530 2528//2528
f 2529//2529 2407//2407 2405//2405
f 2531//2531 2407//2407 2529//2529
f 2408//2408 2530//2530 2406//2406
f 2408//2408 2532//2532 2530//2530
f 2531//2531 2409//2409 2407//2407
f 2533//2533 2409//2409 2531//2531
f 2410//2410 2532//2532 2408//2408
f 2410//2410 2534//2534 2532//2532
f 2533//2533 2411//2411 2409//2409
f 2535//2535 2411//2411 2533//2533
f 2412//2412 2534//2534 2410//2410
f 2412//2412 2536//2536 2534//2534
f 2535//2535 2413//2413 2411//2411
f 2537//2537 2413//2413 2535//2535
f 2414//2414 2536//2536 2412//2412
f 2414//2414 2538//2538 2536//2536
f 2537//2537 2415//2415 2413//2413
f 2539//2539 2415//2415 2537//2537
f 2417//2417 2538//2538 2414//2414
f 2417//2417 2540//2540 2538//2538
f 2539//2539 2419//2419 2415//2415
f 2541//2541 2419//2419 2539//2539
f 2421//2421 2540//2540 2417//2417
f 2421//2421 2542//2542 2540//2540
f 2541//2541 2423//2423 2419//2419
f 2543//2543 2423//2423 2541//2541
f 2425//2425 2542//2542 2421//2421
f 2425//2425 2544//2544 2542//2542
f 2543//2543 2427//2427 2423//2423
f 2545//2545 2427//2427 2543//2543
f 2429//2429 2544//2544 2425//2425
f 2429//2429 2546//2546 2544//2544
f 2545//2545 2431//2431 2427//2427
f 2547//2547 2431//2431 2545//2545
f 2433//2433 2548//2548 2432//2432
f 2548//2548 2549//2549 2432//2432
f 2549//2549 2429//2429 2432//2432
f 2549//2549 2546//2546 2429//2429
f 2434//2434 2431//2431 2550//2550
f 2431//2431 2551//2551 2550//2550
f 2431//2431 2547//2547 2551//2551
f 2550//2550 2435//2435 2434//2434
f 2436//2436 2552//2552 2548//2548
f 2436//2436 2548//2548 2433//2433
f 2549//2549 2548//2548 2553//2553
f 2553//2553 2548//2548 2552//2552
f 2550//2550 2551//2551 2554//2554
f 2554//2554 2551//2551 2555//2555
f 2554//2554 2437//2437 2435//2435
f 2554//2554 2435//2435 2550//2550
f 2438//2438 2556//2556 2552//2552
f 2438//2438 2552//2552 2436//2436
f 2553//2553 2552//2552 2557//2557
f 2557//2557 2552//2552 2556//2556
f 2554//2554 2555//2555 2558//2558
f 2558//2558 2555//2555 2559//2559
f 2558//2558 2439//2439 2437//2437
f 2558//2558 2437//2437 2554//2554
f 2440//2440 2560//2560 2556//2556
f 2440//2440 2556//2556 2438//2438
f 2557//2557 2556//2556 2561//2561
f 2561//2561 2556//2556 2560//2560
f 2558//2558 2559//2559 2562//2562
f 2562//2562 2559//2559 2563//2563
f 2562//2562 2441//2441 2439//2439
f 2562//2562 2439//2439 2558//2558
f 2442//2442 2564//2564 2560//2560
f 2442//2442 2560//2560 2440//2440
f 2561//2561 2560//2560 2565//2565
f 2565//2565 2560//2560 2564//2564
f 2562//2562 2563//2563 2566//2566
f 2566//2566 2563//2563 2567//2567
f 2566//2566 2443//2443 2441//2441
f 2566//2566 2441//2441 2562//2562
f 2444//2444 2568//2568 2564//2564
f 2444//2444 2564//2564 2442//2442
f 2565//2565 2564//2564 2569//2569
f 2569//2569 2564//2564 2568//2568
f 2566//2566 2567//2567 2570//2570
f 2570//2570 2567//2567 2571//2571
f 2570//2570 2445//2445 2443//2443
f 2570//2570 2443//2443 2566//2566
f 2446//2446 2572//2572 2568//2568
f 2446//2446 2568//2568 2444//2444
f 2569//2569 2568//2568 2573//2573
f 2573//2573 2568//2568 2572//2572
f 2570//2570 2571//2571 2574//2574
f 2574//2574 2571//2571 2575//2575
f 2574//2574 2447//2447 2445//2445
f 2574//2574 2445//2445 2570//2570
f 2577//2577 2576//2576 2572//2572
f 2446//2446 2577//2577 2572//2572
f 2448//2448 2577//2577 2446//2446
f 2572//2572 2576//2576 2573//2573
f 2575//2575 2578//2578 2574//2574
f 2447//2447 2574//2574 2578//2578
f 2579//2579 2447//2447 2578//2578
f 2449//2449 2447//2447 2579//2579
f 2450//2450 2577//2577 2448//2448
f 2450//2450 2580//2580 2577//2577
f 2579//2579 2451//2451 2449//2449
f 2581//2581 2451//2451 2579//2579
f 2452//2452 2580//2580 2450//2450
f 2452//2452 2582//2582 2580//2580
f 2581//2581 2453//2453 2451//2451
f 2583//2583 2453//2453 2581//2581
f 2454//2454 2582//2582 2452//2452
f 2454//2454 2584//2584 2582//2582
f 2583//2583 2455//2455 2453//2453
f 2585//2585 2455//2455 2583//2583
f 2456//2456 2584//2584 2454//2454
f 2456//2456 2586//2586 2584//2584
f 2585//2585 2457//2457 2455//2455
f 2587//2587 2457//2457 2585//2585
f 2458//2458 2586//2586 2456//2456
f 2458//2458 2588//2588 2586//2586
f 2587//2587 2459//2459 2457//2457
f 2589//2589 2459//2459 2587//2587
f 2590//2590 2588//2588 2458//2458
f 2590//2590 2458//2458 2460//2460
f 2460//2460 2462//2462 2590//2590
f 2590//2590 2462//2462 2591//2591
f 2593//2593 2592//2592 2465//2465
f 2465//2465 2592//2592 2464//2464
f 2465//2465 2459//2459 2589//2589
f 2465//2465 2589//2589 2593//2593
f 2466//2466 2595//2595 2594//2594
f 2591//2591 2466//2466 2594//2594
f 2462//2462 2466//2466 2591//2591
f 2595//2595 2596//2596 2594//2594
f 2599//2599 2598//2598 2597//2597
f 2592//2592 2599//2599 2597//2597
f 2467//2467 2592//2592 2597//2597
f 2464//2464 2592//2592 2467//2467
f 2468//2468 2595//2595 2466//2466
f 2601//2601 2600//2600 2469//2469
f 2469//2469 2600//2600 2468//2468
f 2600//2600 2596//2596 2468//2468
f 2596//2596 2595//2595 2468//2468
f 2601//2601 2602//2602 2600//2600
f 2605//2605 2604//2604 2603//2603
f 2605//2605 2603//2603 2598//2598
f 2598//2598 2603//2603 2597//2597
f 2603//2603 2470//2470 2597//2597
f 2470//2470 2471//2471 2597//2597
f 2597//2597 2471//2471 2467//2467
f 2472//2472 2601//2601 2469//2469
f 2606//2606 2602//2602 2601//2601
f 2472//2472 2606//2606 2601//2601
f 2473//2473 2606//2606 2472//2472
f 2607//2607 2473//2473 2474//2474
f 2607//2607 2606//2606 2473//2473
f 2609//2609 2608//2608 2476//2476
f 2608//2608 2474//2474 2476//2476
f 2608//2608 2607//2607 2474//2474
f 2611//2611 2610//2610 2609//2609
f 2609//2609 2610//2610 2608//2608
f 2613//2613 2612//2612 2611//2611
f 2611//2611 2612//2612 2610//2610
f 2478//2478 2479//2479 2613//2613
f 2479//2479 2612//2612 2613//2613
f 2479//2479 2614//2614 2612//2612
f 2615//2615 2479//2479 2480//2480
f 2615//2615 2614//2614 2479//2479
f 2481//2481 2603//2603 2604//2604
f 2615//2615 2481//2481 2604//2604
f 2480//2480 2481//2481 2615//2615
f 2603//2603 2481//2481 2470//2470
f 2482//2482 2609//2609 2476//2476
f 2609//2609 2482//2482 2483//2483
f 2609//2609 2483//2483 2611//2611
f 2611//2611 2483//2483 2484//2484
f 2611//2611 2484//2484 2613//2613
f 2613//2613 2484//2484 2478//2478
f 2617//2617 2616//2616 2487//2487
f 2617//2617 2487//2487 2486//2486
f 2487//2487 2618//2618 2488//2488
f 2616//2616 2618//2618 2487//2487
f 2488//2488 2619//2619 2489//2489
f 2618//2618 2619//2619 2488//2488
f 2489//2489 2620//2620 2490//2490
f 2619//2619 2620//2620 2489//2489
f 2490//2490 2621//2621 2491//2491
f 2620//2620 2621//2621 2490//2490
f 2491//2491 2622//2622 2492//2492
f 2621//2621 2622//2622 2491//2491
f 2492//2492 2623//2623 2493//2493
f 2622//2622 2623//2623 2492//2492
f 2493//2493 2624//2624 2494//2494
f 2623//2623 2624//2624 2493//2493
f 2494//2494 2625//2625 2495//2495
f 2624//2624 2625//2625 2494//2494
f 2497//2497 2495//2495 2625//2625
f 2497//2497 2625//2625 2626//2626
f 2499//2499 2627//2627 2498//2498
f 2627//2627 2628//2628 2498//2498
f 2628//2628 2486//2486 2498//2498
f 2628//2628 2617//2617 2486//2486
f 2500//2500 2497//2497 2629//2629
f 2497//2497 2630//2630 2629//2629
f 2497//2497 2626//2626 2630//2630
f 2629//2629 2501//2501 2500//2500
f 2502//2502 2631//2631 2627//2627
f 2502//2502 2627//2627 2499//2499
f 2628//2628 2627//2627 2632//2632
f 2632//2632 2627//2627 2631//2631
f 2629//2629 2630//2630 2633//2633
f 2633//2633 2630//2630 2634//2634
f 2633//2633 2503//2503 2501//2501
f 2633//2633 2501//2501 2629//2629
f 2504//2504 2635//2635 2631//2631
f 2504//2504 2631//2631 2502//2502
f 2632//2632 2631//2631 2636//2636
f 2636//2636 2631//2631 2635//2635
f 2633//2633 2634//2634 2637//2637
f 2637//2637 2634//2634 2638//2638
f 2637//2637 2505//2505 2503//2503
f 2637//2637 2503//2503 2633//2633
f 2506//2506 2639//2639 2635//2635
f 2506//2506 2635//2635 2504//2504
f 2636//2636 2635//2635 2640//2640
f 2640//2640 2635//2635 2639//2639
f 2637//2637 2638//2638 2641//2641
f 2641//2641 2638//2638 2642//2642
f 2641//2641 2507//2507 2505//2505
f 2641//2641 2505//2505 2637//2637
f 2508//2508 2643//2643 2639//2639
f 2508//2508 2639//2639 2506//2506
f 2640//2640 2639//2639 2644//2644
f 2644//2644 2639//2639 2643//2643
f 2641//2641 2642//2642 2645//2645
f 2645//2645 2642//2642 2646//2646
f 2645//2645 2509//2509 2507//2507
f 2645//2645 2507//2507 2641//2641
f 2510//2510 2647//2647 2643//2643
f 2510//2510 2643//2643 2508//2508
f 2644//2644 2643//2643 2648//2648
f 2648//2648 2643//2643 2647//2647
f 2645//2645 2646//2646 2649//2649
f 2649//2649 2646//2646 2650//2650
f 2649//2649 2511//2511 2509//2509
f 2649//2649 2509//2509 2645//2645
f 2512//2512 2651//2651 2647//2647
f 2512//2512 2647//2647 2510//2510
f 2648//2648 2647//2647 2652//2652
f 2652//2652 2647//2647 2651//2651
f 2649//2649 2650//2650 2653//2653
f 2653//2653 2650//2650 2654//2654
f 2653//2653 2513//2513 2511//2511
f 2653//2653 2511//2511 2649//2649
f 2514//2514 2655//2655 2651//2651
f 2514//2514 2651//2651 2512//2512
f 2652//2652 2651//2651 2656//2656
f 2656//2656 2651//2651 2655//2655
f 2653//2653 2654//2654 2657//2657
f 2657//2657 2654//2654 2658//2658
f 2657//2657 2515//2515 2513//2513
f 2657//2657 2513//2513 2653//2653
f 2516//2516 2659//2659 2655//2655
f 2516//2516 2655//2655 2514//2514
f 2656//2656 2655//2655 2660//2660
f 2660//2660 2655//2655 2659//2659
f 2657//2657 2658//2658 2661//2661
f 2661//2661 2658//2658 2662//2662
f 2661//2661 2517//2517 2515//2515
f 2661//2661 2515//2515 2657//2657
f 2518//2518 2663//2663 2659//2659
f 2518//2518 2659//2659 2516//2516
f 2660//2660 2659//2659 2664//2664
f 2664//2664 2659//2659 2663//2663
f 2661//2661 2662//2662 2665//2665
f 2665//2665 2662//2662 2666//2666
f 2665//2665 2519//2519 2517//2517
f 2665//2665 2517//2517 2661//2661
f 2520//2520 2667//2667 2663//2663
f 2520//2520 2663//2663 2518//2518
f 2664//2664 2663//2663 2668//2668
f 2668//2668 2663//2663 2667//2667
f 2665//2665 2666//2666 2669//2669
f 2669//2669 2666//2666 2670//2670
f 2669//2669 2521//2521 2519//2519
f 2669//2669 2519//2519 2665//2665
f 2522//2522 2671//2671 2667//2667
f 2522//2522 2667//2667 2520//2520
f 2668//2668 2667//2667 2672//2672
f 2672//2672 2667//2667 2671//2671
f 2669//2669 2670//2670 2673//2673
f 2673//2673 2670//2670 2674//2674
f 2673//2673 2523//2523 2521//2521
f 2673//2673 2521//2521 2669//2669
f 2524//2524 2675//2675 2671//2671
f 2524//2524 2671//2671 2522//2522
f 2672//2672 2671//2671 2676//2676
f 2676//2676 2671//2671 2675//2675
f 2673//2673 2674//2674 2677//2677
f 2677//2677 2674//2674 2678//2678
f 2677//2677 2525//2525 2523//2523
f 2677//2677 2523//2523 2673//2673
f 2526//2526 2679//2679 2675//2675
f 2526//2526 2675//2675 2524//2524
f 2676//2676 2675//2675 2680//2680
f 2680//2680 2675//2675 2679//2679
f 2677//2677 2678//2678 2681//2681
f 2681//2681 2678//2678 2682//2682
f 2681//2681 2527//2527 2525//2525
f 2681//2681 2525//2525 2677//2677
f 2528//2528 2683//2683 2679//2679
f 2528//2528 2679//2679 2526//2526
f 2680//2680 2679//2679 2684//2684
f 2684//2684 2679//2679 2683//2683
f 2681//2681 2682//2682 2685//2685
f 2685//2685 2682//2682 2686//2686
f 2685//2685 2529//2529 2527//2527
f 2685//2685 2527//2527 2681//2681
f 2530//2530 2687//2687 2683//2683
f 2530//2530 2683//2683 2528//2528
f 2684//2684 2683//2683 2688//2688
f 2688//2688 2683//2683 2687//2687
f 2685//2685 2686//2686 2689//2689
f 2689//2689 2686//2686 2690//2690
f 2689//2689 2531//2531 2529//2529
f 2689//2689 2529//2529 2685//2685
f 2532//2532 2691//2691 2687//2687
f 2532//2532 2687//2687 2530//2530
f 2688//2688 2687//2687 2692//2692
f 2692//2692 2687//2687 2691//2691
f 2689//2689 2690//2690 2693//2693
f 2693//2693 2690//2690 2694//2694
f 2693//2693 2533//2533 2531//2531
f 2693//2693 2531//2531 2689//2689
f 2534//2534 2695//2695 2691//2691
f 2534//2534 2691//2691 2532//2532
f 2692//2692 2691//2691 2696//2696
f 2696//2696 2691//2691 2695//2695
f 2693//2693 2694//2694 2697//2697
f 2697//2697 2694//2694 2698//2698
f 2697//2697 2535//2535 2533//2533
f 2697//2697 2533//2533 2693//2693
f 2536//2536 2699//2699 2695//2695
f 2536//2536 2695//2695 2534//2534
f 2696//2696 2695//2695 2700//2700
f 2700//2700 2695//2695 2699//2699
f 2697//2697 2698//2698 2701//2701
f 2701//2701 2698//2698 2702//2702
f 2701//2701 2537//2537 2535//2535
f 2701//2701 2535//2535 2697//2697
f 2538//2538 2703//2703 2699//2699
f 2538//2538 2699//2699 2536//2536
f 2700//2700 2699//2699 2704//2704
f 2704//2704 2699//2699 2703//2703
f 2701//2701 2702//2702 2705//2705
f 2705//2705 2702//2702 2706//2706
f 2705//2705 2539//2539 2537//2537
f 2705//2705 2537//2537 2701//2701
f 2540//2540 2707//2707 2703//2703
f 2540//2540 2703//2703 2538//2538
f 2704//2704 2703//2703 2708//2708
f 2708//2708 2703//2703 2707//2707
f 2705//2705 2706//2706 2709//2709
f 2709//2709 2706//2706 2710//2710
f 2709//2709 2541//2541 2539//2539
f 2709//2709 2539//2539 2705//2705
f 2542//2542 2711//2711 2707//2707
f 2542//2542 2707//2707 2540//2540
f 2708//2708 2707//2707 2712//2712
f 2712//2712 2707//2707 2711//2711
f 2709//2709 2710//2710 2713//2713
f 2713//2713 2710//2710 2714//2714
f 2713//2713 2543//2543 2541//2541
f 2713//2713 2541//2541 2709//2709
f 2716//2716 2715//2715 2711//2711
f 2542//2542 2716//2716 2711//2711
f 2544//2544 2716//2716 2542//2542
f 2711//2711 2715//2715 2712//2712
f 2714//2714 2717//2717 2713//2713
f 2543//2543 2713//2713 2717//2717
f 2718//2718 2543//2543 2717//2717
f 2545//2545 2543//2543 2718//2718
f 2546//2546 2716//2716 2544//2544
f 2546//2546 2719//2719 2716//2716
f 2718//2718 2547//2547 2545//2545
f 2720//2720 2547//2547 2718//2718
f 2549//2549 2719//2719 2546//2546
f 2549//2549 2721//2721 2719//2719
f 2720//2720 2551//2551 2547//2547
f 2722//2722 2551//2551 2720//2720
f 2553//2553 2721//2721 2549//2549
f 2553//2553 2723//2723 2721//2721
f 2722//2722 2555//2555 2551//2551
f 2724//2724 2555//2555 2722//2722
f 2557//2557 2723//2723 2553//2553
f 2557//2557 2725//2725 2723//2723
f 2724//2724 2559//2559 2555//2555
f 2726//2726 2559//2559 2724//2724
f 2561//2561 2725//2725 2557//2557
f 2561//2561 2727//2727 2725//2725
f 2726//2726 2563//2563 2559//2559
f 2728//2728 2563//2563 2726//2726
f 2565//2565 2727//2727 2561//2561
f 2565//2565 2729//2729 2727//2727
f 2728//2728 2567//2567 2563//2563
f 2730//2730 2567//2567 2728//2728
f 2569//2569 2729//2729 2565//2565
f 2569//2569 2731//2731 2729//2729
f 2730//2730 2571//2571 2567//2567
f 2732//2732 2571//2571 2730//2730
f 2573//2573 2731//2731 2569//2569
f 2573//2573 2733//2733 2731//2731
f 2732//2732 2575//2575 2571//2571
f 2734//2734 2575//2575 2732//2732
f 2577//2577 2735//2735 2576//2576
f 2735//2735 2736//2736 2576//2576
f 2736//2736 2573//2573 2576//2576
f 2736//2736 2733//2733 2573//2573
f 2578//2578 2575//2575 2737//2737
f 2575//2575 2738//2738 2737//2737
f 2575//2575 2734//2734 2738//2738
f 2737//2737 2579//2579 2578//2578
f 2580//2580 2739//2739 2735//2735
f 2580//2580 2735//2735 2577//2577
f 2736//2736 2735//2735 2740//2740
f 2740//2740 2735//2735 2739//2739
f 2737//2737 2738//2738 2741//2741
f 2741//2741 2738//2738 2742//2742
f 2741//2741 2581//2581 2579//2579
f 2741//2741 2579//2579 2737//2737
f 2582//2582 2743//2743 2739//2739
f 2582//2582 2739//2739 2580//2580
f 2740//2740 2739//2739 2744//2744
f 2744//2744 2739//2739 2743//2743
f 2741//2741 2742//2742 2745//2745
f 2745//2745 2742//2742 2746//2746
f 2745//2745 2583//2583 2581//2581
f 2745//2745 2581//2581 2741//2741
f 2584//2584 2747//2747 2743//2743
f 2584//2584 2743//2743 2582//2582
f 2744//2744 2743//2743 2748//2748
f 2748//2748 2743//2743 2747//2747
f 2745//2745 2746//2746 2749//2749
f 2749//2749 2746//2746 2750//2750
f 2749//2749 2585//2585 2583//2583
f 2749//2749 2583//2583 2745//2745
f 2586//2586 2751//2751 2747//2747
f 2586//2586 2747//2747 2584//2584
f 2748//2748 2747//2747 2752//2752
f 2752//2752 2747//2747 2751//2751
f 2749//2749 2750//2750 2753//2753
f 2753//2753 2750//2750 2754//2754
f 2753//2753 2587//2587 2585//2585
f 2753//2753 2585//2585 2749//2749
f 2588//2588 2755//2755 2751//2751
f 2588//2588 2751//2751 2586//2586
f 2752//2752 2751//2751 2756//2756
f 2756//2756 2751//2751 2755//2755
f 2753//2753 2754//2754 2757//2757
f 2757//2757 2754//2754 2758//2758
f 2757//2757 2589//2589 2587//2587
f 2757//2757 2587//2587 2753//2753
f 2590//2590 2755//2755 2588//2588
f 2590//2590 2591//2591 2755//2755
f 2591//2591 2756//2756 2755//2755
f 2591//2591 2759//2759 2756//2756
f 2757//2757 2758//2758 2593//2593
f 2758//2758 2592//2592 2593//2593
f 2758//2758 2760//2760 2592//2592
f 2757//2757 2593//2593 2589//2589
f 2761//2761 2759//2759 2591//2591
f 2761//2761 2591//2591 2594//2594
f 2594//2594 2596//2596 2761//2761
f 2761//2761 2596//2596 2762//2762
f 2764//2764 2763//2763 2599//2599
f 2599//2599 2763//2763 2598//2598
f 2599//2599 2592//2592 2760//2760
f 2599//2599 2760//2760 2764//2764
f 2765//2765 2762//2762 2596//2596
f 2765//2765 2596//2596 2600//2600
f 2767//2767 2766//2766 2602//2602
f 2766//2766 2600//2600 2602//2602
f 2766//2766 2765//2765 2600//2600
f 2767//2767 2768//2768 2766//2766
f 2771//2771 2770//2770 2769//2769
f 2604//2604 2605//2605 2769//2769
f 2605//2605 2771//2771 2769//2769
f 2605//2605 2772//2772 2771//2771
f 2605//2605 2598//2598 2763//2763
f 2605//2605 2763//2763 2772//2772
f 2606//2606 2767//2767 2602//2602
f 2773//2773 2768//2768 2767//2767
f 2606//2606 2773//2773 2767//2767
f 2607//2607 2773//2773 2606//2606
f 2774//2774 2607//2607 2608//2608
f 2774//2774 2773//2773 2607//2607
f 2775//2775 2608//2608 2610//2610
f 2775//2775 2774//2774 2608//2608
f 2776//2776 2610//2610 2612//2612
f 2776//2776 2775//2775 2610//2610
f 2777//2777 2612//2612 2614//2614
f 2777//2777 2776//2776 2612//2612
f 2615//2615 2769//2769 2770//2770
f 2777//2777 2615//2615 2770//2770
f 2614//2614 2615//2615 2777//2777
f 2769//2769 2615//2615 2604//2604
f 2617//2617 2778//2778 2616//2616
f 2616//2616 2778//2778 2779//2779
f 2780//2780 2616//2616 2779//2779
f 2618//2618 2616//2616 2780//2780
f 2618//2618 2781//2781 2619//2619
f 2780//2780 2781//2781 2618//2618
f 2619//2619 2782//2782 2620//2620
f 2781//2781 2782//2782 2619//2619
f 2620//2620 2783//2783 2621//2621
f 2782//2782 2783//2783 2620//2620
f 2621//2621 2784//2784 2622//2622
f 2783//2783 2784//2784 2621//2621
f 2622//2622 2785//2785 2623//2623
f 2784//2784 2785//2785 2622//2622
f 2623//2623 2786//2786 2624//2624
f 2785//2785 2786//2786 2623//2623
f 2786//2786 2788//2788 2787//2787
f 2625//2625 2786//2786 2787//2787
f 2624//2624 2786//2786 2625//2625
f 2787//2787 2626//2626 2625//2625
f 2790//2790 2789//2789 2778//2778
f 2617//2617 2790//2790 2778//2778
f 2628//2628 2790//2790 2617//2617
f 2778//2778 2789//2789 2779//2779
f 2788//2788 2791//2791 2787//2787
f 2626//2626 2787//2787 2791//2791
f 2792//2792 2626//2626 2791//2791
f 2630//2630 2626//2626 2792//2792
f 2632//2632 2790//2790 2628//2628
f 2632//2632 2793//2793 2790//2790
f 2792//2792 2634//2634 2630//2630
f 2794//2794 2634//2634 2792//2792
f 2636//2636 2793//2793 2632//2632
f 2636//2636 2795//2795 2793//2793
f 2794//2794 2638//2638 2634//2634
f 2796//2796 2638//2638 2794//2794
f 2640//2640 2795//2795 2636//2636
f 2640//2640 2797//2797 2795//2795
f 2796//2796 2642//2642 2638//2638
f 2798//2798 2642//2642 2796//2796
f 2644//2644 2797//2797 2640//2640
f 2644//2644 2799//2799 2797//2797
f 2798//2798 2646//2646 2642//2642
f 2800//2800 2646//2646 2798//2798
f 2648//2648 2799//2799 2644//2644
f 2648//2648 2801//2801 2799//2799
f 2800//2800 2650//2650 2646//2646
f 2802//2802 2650//2650 2800//2800
f 2652//2652 2801//2801 2648//2648
f 2652//2652 2803//2803 2801//2801
f 2802//2802 2654//2654 2650//2650
f 2804//2804 2654//2654 2802//2802
f 2656//2656 2803//2803 2652//2652
f 2656//2656 2805//2805 2803//2803
f 2804//2804 2658//2658 2654//2654
f 2806//2806 2658//2658 2804//2804
f 2660//2660 2805//2805 2656//2656
f 2660//2660 2807//2807 2805//2805
f 2806//2806 2662//2662 2658//2658
f 2808//2808 2662//2662 2806//2806
f 2664//2664 2807//2807 2660//2660
f 2664//2664 2809//2809 2807//2807
f 2808//2808 2666//2666 2662//2662
f 2810//2810 2666//2666 2808//2808
f 2668//2668 2809//2809 2664//2664
f 2668//2668 2811//2811 2809//2809
f 2810//2810 2670//2670 2666//2666
f 2812//2812 2670//2670 2810//2810
f 2672//2672 2811//2811 2668//2668
f 2672//2672 2813//2813 2811//2811
f 2812//2812 2674//2674 2670//2670
f 2814//2814 2674//2674 2812//2812
f 2676//2676 2813//2813 2672//2672
f 2676//2676 2815//2815 2813//2813
f 2814//2814 2678//2678 2674//2674
f 2816//2816 2678//2678 2814//2814
f 2680//2680 2815//2815 2676//2676
f 2680//2680 2817//2817 2815//2815
f 2816//2816 2682//2682 2678//2678
f 2818//2818 2682//2682 2816//2816
f 2684//2684 2817//2817 2680//2680
f 2684//2684 2819//2819 2817//2817
f 2818//2818 2686//2686 2682//2682
f 2820//2820 2686//2686 2818//2818
f 2688//2688 2819//2819 2684//2684
f 2688//2688 2821//2821 2819//2819
f 2820//2820 2690//2690 2686//2686
f 2822//2822 2690//2690 2820//2820
f 2692//2692 2821//2821 2688//2688
f 2692//2692 2823//2823 2821//2821
f 2822//2822 2694//2694 2690//2690
f 2824//2824 2694//2694 2822//2822
f 2696//2696 2823//2823 2692//2692
f 2696//2696 2825//2825 2823//2823
f 2824//2824 2698//2698 2694//2694
f 2826//2826 2698//2698 2824//2824
f 2700//2700 2825//2825 2696//2696
f 2700//2700 2827//2827 2825//2825
f 2826//2826 2702//2702 2698//2698
f 2828//2828 2702//2702 2826//2826
f 2704//2704 2827//2827 2700//2700
f 2704//2704 2829//2829 2827//2827
f 2828//2828 2706//2706 2702//2702
f 2830//2830 2706//2706 2828//2828
f 2708//2708 2829//2829 2704//2704
f 2708//2708 2831//2831 2829//2829
f 2830//2830 2710//2710 2706//2706
f 2832//2832 2710//2710 2830//2830
f 2712//2712 2831//2831 2708//2708
f 2712//2712 2833//2833 2831//2831
f 2832//2832 2714//2714 2710//2710
f 2834//2834 2714//2714 2832//2832
f 2716//2716 2835//2835 2715//2715
f 2835//2835 2836//2836 2715//2715
f 2836//2836 2712//2712 2715//2715
f 2836//2836 2833//2833 2712//2712
f 2717//2717 2714//2714 2837//2837
f 2714//2714 2838//2838 2837//2837
f 2714//2714 2834//2834 2838//2838
f 2837//2837 2718//2718 2717//2717
f 2719//2719 2839//2839 2835//2835
f 2719//2719 2835//2835 2716//2716
f 2836//2836 2835//2835 2840//2840
f 2840//2840 2835//2835 2839//2839
f 2837//2837 2838//2838 2841//2841
f 2841//2841 2838//2838 2842//2842
f 2841//2841 2720//2720 2718//2718
f 2841//2841 2718//2718 2837//2837
f 2721//2721 2843//2843 2839//2839
f 2721//2721 2839//2839 2719//2719
f 2840//2840 2839//2839 2844//2844
f 2844//2844 2839//2839 2843//2843
f 2841//2841 2842//2842 2845//2845
f 2845//2845 2842//2842 2846//2846
f 2845//2845 2722//2722 2720//2720
f 2845//2845 2720//2720 2841//2841
f 2723//2723 2847//2847 2843//2843
f 2723//2723 2843//2843 2721//2721
f 2844//2844 2843//2843 2848//2848
f 2848//2848 2843//2843 2847//2847
f 2845//2845 2846//2846 2849//2849
f 2849//2849 2846//2846 2850//2850
f 2849//2849 2724//2724 2722//2722
f 2849//2849 2722//2722 2845//2845
f 2725//2725 2851//2851 2847//2847
f 2725//2725 2847//2847 2723//2723
f 2848//2848 2847//2847 2852//2852
f 2852//2852 2847//2847 2851//2851
f 2849//2849 2850//2850 2853//2853
f 2853//2853 2850//2850 2854//2854
f 2853//2853 2726//2726 2724//2724
f 2853//2853 2724//2724 2849//2849
f 2727//2727 2855//2855 2851//2851
f 2727//2727 2851//2851 2725//2725
f 2852//2852 2851//2851 2856//2856
f 2856//2856 2851//2851 2855//2855
f 2853//2853 2854//2854 2857//2857
f 2857//2857 2854//2854 2858//2858
f 2857//2857 2728//2728 2726//2726
f 2857//2857 2726//2726 2853//2853
f 2860//2860 2859//2859 2855//2855
f 2727//2727 2860//2860 2855//2855
f 2729//2729 2860//2860 2727//2727
f 2855//2855 2859//2859 2856//2856
f 2858//2858 2861//2861 2857//2857
f 2728//2728 2857//2857 2861//2861
f 2862//2862 2728//2728 2861//2861
f 2730//2730 2728//2728 2862//2862
f 2731//2731 2860//2860 2729//2729
f 2731//2731 2863//2863 2860//2860
f 2862//2862 2732//2732 2730//2730
f 2864//2864 2732//2732 2862//2862
f 2733//2733 2863//2863 2731//2731
f 2733//2733 2865//2865 2863//2863
f 2864//2864 2734//2734 2732//2732
f 2866//2866 2734//2734 2864//2864
f 2736//2736 2865//2865 2733//2733
f 2736//2736 2867//2867 2865//2865
f 2866//2866 2738//2738 2734//2734
f 2868//2868 2738//2738 2866//2866
f 2740//2740 2867//2867 2736//2736
f 2740//2740 2869//2869 2867//2867
f 2868//2868 2742//2742 2738//2738
f 2870//2870 2742//2742 2868//2868
f 2744//2744 2869//2869 2740//2740
f 2744//2744 2871//2871 2869//2869
f 2870//2870 2746//2746 2742//2742
f 2872//2872 2746//2746 2870//2870
f 2748//2748 2871//2871 2744//2744
f 2748//2748 2873//2873 2871//2871
f 2872//2872 2750//2750 2746//2746
f 2874//2874 2750//2750 2872//2872
f 2752//2752 2873//2873 2748//2748
f 2752//2752 2875//2875 2873//2873
f 2874//2874 2754//2754 2750//2750
f 2876//2876 2754//2754 2874//2874
f 2756//2756 2875//2875 2752//2752
f 2756//2756 2877//2877 2875//2875
f 2876//2876 2758//2758 2754//2754
f 2878//2878 2758//2758 2876//2876
f 2759//2759 2880//2880 2879//2879
f 2877//2877 2759//2759 2879//2879
f 2756//2756 2759//2759 2877//2877
f 2880//2880 2881//2881 2879//2879
f 2884//2884 2883//2883 2882//2882
f 2878//2878 2884//2884 2882//2882
f 2760//2760 2878//2878 2882//2882
f 2758//2758 2878//2878 2760//2760
f 2761//2761 2880//2880 2759//2759
f 2886//2886 2885//2885 2762//2762
f 2762//2762 2885//2885 2761//2761
f 2885//2885 2881//2881 2761//2761
f 2881//2881 2880//2880 2761//2761
f 2886//2886 2887//2887 2885//2885
f 2890//2890 2889//2889 2888//2888
f 2890//2890 2888//2888 2883//2883
f 2883//2883 2888//2888 2882//2882
f 2888//2888 2763//2763 2882//2882
f 2763//2763 2764//2764 2882//2882
f 2882//2882 2764//2764 2760//2760
f 2765//2765 2886//2886 2762//2762
f 2891//2891 2887//2887 2886//2886
f 2765//2765 2891//2891 2886//2886
f 2766//2766 2891//2891 2765//2765
f 2893//2893 2892//2892 2768//2768
f 2892//2892 2766//2766 2768//2768
f 2892//2892 2891//2891 2766//2766
f 2893//2893 2894//2894 2892//2892
f 2897//2897 2896//2896 2895//2895
f 2770//2770 2771//2771 2895//2895
f 2771//2771 2897//2897 2895//2895
f 2771//2771 2898//2898 2897//2897
f 2772//2772 2888//2888 2889//2889
f 2898//2898 2772//2772 2889//2889
f 2771//2771 2772//2772 2898//2898
f 2888//2888 2772//2772 2763//2763
f 2773//2773 2893//2893 2768//2768
f 2899//2899 2894//2894 2893//2893
f 2773//2773 2899//2899 2893//2893
f 2774//2774 2899//2899 2773//2773
f 2900//2900 2774//2774 2775//2775
f 2900//2900 2899//2899 2774//2774
f 2901//2901 2775//2775 2776//2776
f 2901//2901 2900//2900 2775//2775
f 2777//2777 2895//2895 2896//2896
f 2901//2901 2777//2777 2896//2896
f 2776//2776 2777//2777 2901//2901
f 2895//2895 2777//2777 2770//2770
f 2779//2779 2902//2902 2780//2780
f 2780//2780 2902//2902 2903//2903
f 2904//2904 2780//2780 2903//2903
f 2781//2781 2780//2780 2904//2904
f 2781//2781 2905//2905 2782//2782
f 2904//2904 2905//2905 2781//2781
f 2782//2782 2906//2906 2783//2783
f 2905//2905 2906//2906 2782//2782
f 2783//2783 2907//2907 2784//2784
f 2906//2906 2907//2907 2783//2783
f 2784//2784 2908//2908 2785//2785
f 2907//2907 2908//2908 2784//2784
f 2908//2908 2910//2910 2909//2909
f 2786//2786 2908//2908 2909//2909
f 2785//2785 2908//2908 2786//2786
f 2909//2909 2788//2788 2786//2786
f 2790//2790 2911//2911 2789//2789
f 2911//2911 2912//2912 2789//2789
f 2789//2789 2912//2912 2779//2779
f 2912//2912 2913//2913 2779//2779
f 2913//2913 2902//2902 2779//2779
f 2902//2902 2913//2913 2903//2903
f 2910//2910 2914//2914 2909//2909
f 2914//2914 2916//2916 2915//2915
f 2914//2914 2915//2915 2791//2791
f 2909//2909 2914//2914 2791//2791
f 2788//2788 2909//2909 2791//2791
f 2915//2915 2792//2792 2791//2791
f 2793//2793 2917//2917 2911//2911
f 2793//2793 2911//2911 2790//2790
f 2912//2912 2911//2911 2918//2918
f 2918//2918 2911//2911 2917//2917
f 2915//2915 2916//2916 2919//2919
f 2919//2919 2916//2916 2920//2920
f 2919//2919 2794//2794 2792//2792
f 2919//2919 2792//2792 2915//2915
f 2795//2795 2921//2921 2917//2917
f 2795//2795 2917//2917 2793//2793
f 2918//2918 2917//2917 2922//2922
f 2922//2922 2917//2917 2921//2921
f 2919//2919 2920//2920 2923//2923
f 2923//2923 2920//2920 2924//2924
f 2923//2923 2796//2796 2794//2794
f 2923//2923 2794//2794 2919//2919
f 2797//2797 2925//2925 2921//2921
f 2797//2797 2921//2921 2795//2795
f 2922//2922 2921//2921 2926//2926
f 2926//2926 2921//2921 2925//2925
f 2923//2923 2924//2924 2927//2927
f 2927//2927 2924//2924 2928//2928
f 2927//2927 2798//2798 2796//2796
f 2927//2927 2796//2796 2923//2923
f 2799//2799 2929//2929 2925//2925
f 2799//2799 2925//2925 2797//2797
f 2926//2926 2925//2925 2930//2930
f 2930//2930 2925//2925 2929//2929
f 2927//2927 2928//2928 2931//2931
f 2931//2931 2928//2928 2932//2932
f 2931//2931 2800//2800 2798//2798
f 2931//2931 2798//2798 2927//2927
f 2801//2801 2933//2933 2929//2929
f 2801//2801 2929//2929 2799//2799
f 2930//2930 2929//2929 2934//2934
f 2934//2934 2929//2929 2933//2933
f 2931//2931 2932//2932 2935//2935
f 2935//2935 2932//2932 2936//2936
f 2935//2935 2802//2802 2800//2800
f 2935//2935 2800//2800 2931//2931
f 2803//2803 2937//2937 2933//2933
f 2803//2803 2933//2933 2801//2801
f 2934//2934 2933//2933 2938//2938
f 2938//2938 2933//2933 2937//2937
f 2935//2935 2936//2936 2939//2939
f 2939//2939 2936//2936 2940//2940
f 2939//2939 2804//2804 2802//2802
f 2939//2939 2802//2802 2935//2935
f 2805//2805 2941//2941 2937//2937
f 2805//2805 2937//2937 2803//2803
f 2938//2938 2937//2937 2942//2942
f 2942//2942 2937//2937 2941//2941
f 2939//2939 2940//2940 2943//2943
f 2943//2943 2940//2940 2944//2944
f 2943//2943 2806//2806 2804//2804
f 2943//2943 2804//2804 2939//2939
f 2807//2807 2945//2945 2941//2941
f 2807//2807 2941//2941 2805//2805
f 2942//2942 2941//2941 2946//2946
f 2946//2946 2941//2941 2945//2945
f 2943//2943 2944//2944 2947//2947
f 2947//2947 2944//2944 2948//2948
f 2947//2947 2808//2808 2806//2806
f 2947//2947 2806//2806 2943//2943
f 2809//2809 2949//2949 2945//2945
f 2809//2809 2945//2945 2807//2807
f 2946//2946 2945//2945 2950//2950
f 2950//2950 2945//2945 2949//2949
f 2947//2947 2948//2948 2951//2951
f 2951//2951 2948//2948 2952//2952
f 2951//2951 2810//2810 2808//2808
f 2951//2951 2808//2808 2947//2947
f 2811//2811 2953//2953 2949//2949
f 2811//2811 2949//2949 2809//2809
f 2950//2950 2949//2949 2954//2954
f 2954//2954 2949//2949 2953//2953
f 2951//2951 2952//2952 2955//2955
f 2955//2955 2952//2952 2956//2956
f 2955//2955 2812//2812 2810//2810
f 2955//2955 2810//2810 2951//2951
f 2813//2813 2957//2957 2953//2953
f 2813//2813 2953//2953 2811//2811
f 2954//2954 2953//2953 2958//2958
f 2958//2958 2953//2953 2957//2957
f 2955//2955 2956//2956 2959//2959
f 2959//2959 2956//2956 2960//2960
f 2959//2959 2814//2814 2812//2812
f 2959//2959 2812//2812 2955//2955
f 2815//2815 2961//2961 2957//2957
f 2815//2815 2957//2957 2813//2813
f 2958//2958 2957//2957 2962//2962
f 2962//2962 2957//2957 2961//2961
f 2959//2959 2960//2960 2963//2963
f 2963//2963 2960//2960 2964//2964
f 2963//2963 2816//2816 2814//2814
f 2963//2963 2814//2814 2959//2959
f 2817//2817 2965//2965 2961//2961
f 2817//2817 2961//2961 2815//2815
f 2962//2962 2961//2961 2966//2966
f 2966//2966 2961//2961 2965//2965
f 2963//2963 2964//2964 2967//2967
f 2967//2967 2964//2964 2968//2968
f 2967//2967 2818//2818 2816//2816
f 2967//2967 2816//2816 2963//2963
f 2819//2819 2969//2969 2965//2965
f 2819//2819 2965//2965 2817//2817
f 2966//2966 2965//2965 2970//2970
f 2970//2970 2965//2965 2969//2969
f 2967//2967 2968//2968 2971//2971
f 2971//2971 2968//2968 2972//2972
f 2971//2971 2820//2820 2818//2818
f 2971//2971 2818//2818 2967//2967
f 2821//2821 2973//2973 2969//2969
f 2821//2821 2969//2969 2819//2819
f 2970//2970 2969//2969 2974//2974
f 2974//2974 2969//2969 2973//2973
f 2971//2971 2972//2972 2975//2975
f 2975//2975 2972//2972 2976//2976
f 2975//2975 2822//2822 2820//2820
f 2975//2975 2820//2820 2971//2971
f 2823//2823 2977//2977 2973//2973
f 2823//2823 2973//2973 2821//2821
f 2974//2974 2973//2973 2978//2978
f 2978//2978 2973//2973 2977//2977
f 2975//2975 2976//2976 2979//2979
f 2979//2979 2976//2976 2980//2980
f 2979//2979 2824//2824 2822//2822
f 2979//2979 2822//2822 2975//2975
f 2825//2825 2981//2981 2977//2977
f 2825//2825 2977//2977 2823//2823
f 2978//2978 2977//2977 2982//2982
f 2982//2982 2977//2977 2981//2981
f 2979//2979 2980//2980 2983//2983
f 2983//2983 2980//2980 2984//2984
f 2983//2983 2826//2826 2824//2824
f 2983//2983 2824//2824 2979//2979
f 2827//2827 2985//2985 2981//2981
f 2827//2827 2981//2981 2825//2825
f 2982//2982 2981//2981 2986//2986
f 2986//2986 2981//2981 2985//2985
f 2983//2983 2984//2984 2987//2987
f 2987//2987 2984//2984 2988//2988
f 2987//2987 2828//2828 2826//2826
f 2987//2987 2826//2826 2983//2983
f 2829//2829 2989//2989 2985//2985
f 2829//2829 2985//2985 2827//2827
f 2986//2986 2985//2985 2990//2990
f 2990//2990 2985//2985 2989//2989
f 2987//2987 2988//2988 2991//2991
f 2991//2991 2988//2988 2992//2992
f 2991//2991 2830//2830 2828//2828
f 2991//2991 2828//2828 2987//2987
f 2831//2831 2993//2993 2989//2989
f 2831//2831 2989//2989 2829//2829
f 2990//2990 2989//2989 2994//2994
f 2994//2994 2989//2989 2993//2993
f 2991//2991 2992//2992 2995//2995
f 2995//2995 2992//2992 2996//2996
f 2995//2995 2832//2832 2830//2830
f 2995//2995 2830//2830 2991//2991
f 2833//2833 2997//2997 2993//2993
f 2833//2833 2993//2993 2831//2831
f 2994//2994 2993//2993 2998//2998
f 2998//2998 2993//2993 2997//2997
f 2995//2995 2996//2996 2999//2999
f 2999//2999 2996//2996 3000//3000
f 2999//2999 2834//2834 2832//2832
f 2999//2999 2832//2832 2995//2995
f 2836//2836 3001//3001 2997//2997
f 2836//2836 2997//2997 2833//2833
f 2998//2998 2997//2997 3002//3002
f 3002//3002 2997//2997 3001//3001
f 2999//2999 3000//3000 3003//3003
f 3003//3003 3000//3000 3004//3004
f 3003//3003 2838//2838 2834//2834
f 3003//3003 2834//2834 2999//2999
f 3006//3006 3005//3005 3001//3001
f 2836//2836 3006//3006 3001//3001
f 2840//2840 3006//3006 2836//2836
f 3001//3001 3005//3005 3002//3002
f 3004//3004 3007//3007 3003//3003
f 2838//2838 3003//3003 3007//3007
f 3008//3008 2838//2838 3007//3007
f 2842//2842 2838//2838 3008//3008
f 2844//2844 3006//3006 2840//2840
f 2844//2844 3009//3009 3006//3006
f 3008//3008 2846//2846 2842//2842
f 3010//3010 2846//2846 3008//3008
f 2848//2848 3009//3009 2844//2844
f 2848//2848 3011//3011 3009//3009
f 3010//3010 2850//2850 2846//2846
f 3012//3012 2850//2850 3010//3010
f 2852//2852 3011//3011 2848//2848
f 2852//2852 3013//3013 3011//3011
f 3012//3012 2854//2854 2850//2850
f 3014//3014 2854//2854 3012//3012
f 2856//2856 3013//3013 2852//2852
f 2856//2856 3015//3015 3013//3013
f 3014//3014 2858//2858 2854//2854
f 3016//3016 2858//2858 3014//3014
f 2860//2860 3017//3017 2859//2859
f 3017//3017 3018//3018 2859//2859
f 3018//3018 2856//2856 2859//2859
f 3018//3018 3015//3015 2856//2856
f 2861//2861 2858//2858 3019//3019
f 2858//2858 3020//3020 3019//3019
f 2858//2858 3016//3016 3020//3020
f 3019//3019 2862//2862 2861//2861
f 2863//2863 3021//3021 3017//3017
f 2863//2863 3017//3017 2860//2860
f 3018//3018 3017//3017 3022//3022
f 3022//3022 3017//3017 3021//3021
f 3019//3019 3020//3020 3023//3023
f 3023//3023 3020//3020 3024//3024
f 3023//3023 2864//2864 2862//2862
f 3023//3023 2862//2862 3019//3019
f 2865//2865 3025//3025 3021//3021
f 2865//2865 3021//3021 2863//2863
f 3022//3022 3021//3021 3026//3026
f 3026//3026 3021//3021 3025//3025
f 3023//3023 3024//3024 3027//3027
f 3027//3027 3024//3024 3028//3028
f 3027//3027 2866//2866 2864//2864
f 3027//3027 2864//2864 3023//3023
f 2867//2867 3029//3029 3025//3025
f 2867//2867 3025//3025 2865//2865
f 3026//3026 3025//3025 3030//3030
f 3030//3030 3025//3025 3029//3029
f 3027//3027 3028//3028 3031//3031
f 3031//3031 3028//3028 3032//3032
f 3031//3031 2868//2868 2866//2866
f 3031//3031 2866//2866 3027//3027
f 3034//3034 3033//3033 3029//3029
f 2867//2867 3034//3034 3029//3029
f 2869//2869 3034//3034 2867//2867
f 3029//3029 3033//3033 3030//3030
f 3032//3032 3035//3035 3031//3031
f 2868//2868 3031//3031 3035//3035
f 3036//3036 2868//2868 3035//3035
f 2870//2870 2868//2868 3036//3036
f 2871//2871 3034//3034 2869//2869
f 2871//2871 3037//3037 3034//3034
f 3036//3036 2872//2872 2870//2870
f 3038//3038 2872//2872 3036//3036
f 2873//2873 3037//3037 2871//2871
f 2873//2873 3039//3039 3037//3037
f 3038//3038 2874//2874 2872//2872
f 3040//3040 2874//2874 3038//3038
f 2875//2875 3039//3039 2873//2873
f 2875//2875 3041//3041 3039//3039
f 3040//3040 2876//2876 2874//2874
f 3042//3042 2876//2876 3040//3040
f 2877//2877 3044//3044 3043//3043
f 3041//3041 2877//2877 3043//3043
f 2875//2875 2877//2877 3041//3041
f 3044//3044 3045//3045 3043//3043
f 3048//3048 3047//3047 3046//3046
f 3042//3042 3048//3048 3046//3046
f 2878//2878 3042//3042 3046//3046
f 2876//2876 3042//3042 2878//2878
f 2879//2879 3044//3044 2877//2877
f 2879//2879 2881//2881 3044//3044
f 2881//2881 3045//3045 3044//3044
f 2881//2881 3049//3049 3045//3045
f 3046//3046 3047//3047 2884//2884
f 3047//3047 2883//2883 2884//2884
f 3047//3047 3050//3050 2883//2883
f 3046//3046 2884//2884 2878//2878
f 3051//3051 3049//3049 2881//2881
f 3051//3051 2881//2881 2885//2885
f 2885//2885 2887//2887 3051//3051
f 3051//3051 2887//2887 3052//3052
f 3054//3054 3053//3053 2890//2890
f 2890//2890 3053//3053 2889//2889
f 2890//2890 2883//2883 3050//3050
f 2890//2890 3050//3050 3054//3054
f 3055//3055 3052//3052 2887//2887
f 3055//3055 2887//2887 2891//2891
f 3056//3056 2891//2891 2892//2892
f 3056//3056 3055//3055 2891//2891
f 3058//3058 3057//3057 2894//2894
f 3057//3057 2892//2892 2894//2894
f 3057//3057 3056//3056 2892//2892
f 3060//3060 3059//3059 3058//3058
f 3058//3058 3059//3059 3057//3057
f 3062//3062 3061//3061 3060//3060
f 3060//3060 3061//3061 3059//3059
f 2896//2896 2897//2897 3062//3062
f 2897//2897 3061//3061 3062//3062
f 2897//2897 3063//3063 3061//3061
f 3064//3064 2897//2897 2898//2898
f 3064//3064 3063//3063 2897//2897
f 2898//2898 2889//2889 3053//3053
f 2898//2898 3053//3053 3064//3064
f 2899//2899 3058//3058 2894//2894
f 3058//3058 2899//2899 2900//2900
f 3058//3058 2900//2900 3060//3060
f 3060//3060 2900//2900 2901//2901
f 3060//3060 2901//2901 3062//3062
f 3062//3062 2901//2901 2896//2896
f 2903//2903 3065//3065 2904//2904
f 3066//3066 2905//2905 2904//2904
f 3066//3066 2904//2904 3065//3065
f 2905//2905 3066//3066 3067//3067
f 3068//3068 2905//2905 3067//3067
f 2906//2906 2905//2905 3068//3068
f 3068//3068 3070//3070 3069//3069
f 2907//2907 3068//3068 3069//3069
f 2906//2906 3068//3068 2907//2907
f 3071//3071 2908//2908 2907//2907
f 3071//3071 2907//2907 3069//3069
f 3071//3071 2910//2910 2908//2908
f 2912//2912 3072//3072 2913//2913
f 3072//3072 3073//3073 2913//2913
f 2913//2913 3073//3073 2903//2903
f 3073//3073 3074//3074 2903//2903
f 3074//3074 3065//3065 2903//2903
f 3065//3065 3074//3074 3066//3066
f 3066//3066 3074//3074 3075//3075
f 3066//3066 3075//3075 3067//3067
f 3070//3070 3076//3076 3069//3069
f 3069//3069 3076//3076 3071//3071
f 3071//3071 3076//3076 3077//3077
f 3077//3077 3079//3079 3078//3078
f 3077//3077 3078//3078 2914//2914
f 3071//3071 3077//3077 2914//2914
f 2910//2910 3071//3071 2914//2914
f 3078//3078 2916//2916 2914//2914
f 2918//2918 3080//3080 3072//3072
f 2918//2918 3072//3072 2912//2912
f 3073//3073 3072//3072 3081//3081
f 3081//3081 3072//3072 3080//3080
f 3078//3078 3079//3079 3082//3082
f 3082//3082 3079//3079 3083//3083
f 3082//3082 2920//2920 2916//2916
f 3082//3082 2916//2916 3078//3078
f 2922//2922 3084//3084 3080//3080
f 2922//2922 3080//3080 2918//2918
f 3081//3081 3080//3080 3085//3085
f 3085//3085 3080//3080 3084//3084
f 3082//3082 3083//3083 3086//3086
f 3086//3086 3083//3083 3087//3087
f 3086//3086 2924//2924 2920//2920
f 3086//3086 2920//2920 3082//3082
f 2926//2926 3088//3088 3084//3084
f 2926//2926 3084//3084 2922//2922
f 3085//3085 3084//3084 3089//3089
f 3089//3089 3084//3084 3088//3088
f 3086//3086 3087//3087 3090//3090
f 3090//3090 3087//3087 3091//3091
f 3090//3090 2928//2928 2924//2924
f 3090//3090 2924//2924 3086//3086
f 2930//2930 3092//3092 3088//3088
f 2930//2930 3088//3088 2926//2926
f 3089//3089 3088//3088 3093//3093
f 3093//3093 3088//3088 3092//3092
f 3090//3090 3091//3091 3094//3094
f 3094//3094 3091//3091 3095//3095
f 3094//3094 2932//2932 2928//2928
f 3094//3094 2928//2928 3090//3090
f 2934//2934 3096//3096 3092//3092
f 2934//2934 3092//3092 2930//2930
f 3093//3093 3092//3092 3097//3097
f 3097//3097 3092//3092 3096//3096
f 3094//3094 3095//3095 3098//3098
f 3098//3098 3095//3095 3099//3099
f 3098//3098 2936//2936 2932//2932
f 3098//3098 2932//2932 3094//3094
f 2938//2938 3100//3100 3096//3096
f 2938//2938 3096//3096 2934//2934
f 3097//3097 3096//3096 3101//3101
f 3101//3101 3096//3096 3100//3100
f 3098//3098 3099//3099 3102//3102
f 3102//3102 3099//3099 3103//3103
f 3102//3102 2940//2940 2936//2936
f 3102//3102 2936//2936 3098//3098
f 2942//2942 3104//3104 3100//3100
f 2942//2942 3100//3100 2938//2938
f 3101//3101 3100//3100 3105//3105
f 3105//3105 3100//3100 3104//3104
f 3102//3102 3103//3103 3106//3106
f 3106//3106 3103//3103 3107//3107
f 3106//3106 2944//2944 2940//2940
f 3106//3106 2940//2940 3102//3102
f 2946//2946 3108//3108 3104//3104
f 2946//2946 3104//3104 2942//2942
f 3105//3105 3104//3104 3109//3109
f 3109//3109 3104//3104 3108//3108
f 3106//3106 3107//3107 3110//3110
f 3110//3110 3107//3107 3111//3111
f 3110//3110 2948//2948 2944//2944
f 3110//3110 2944//2944 3106//3106
f 2950//2950 3112//3112 3108//3108
f 2950//2950 3108//3108 2946//2946
f 3109//3109 3108//3108 3113//3113
f 3108//3108 3114//3114 3113//3113
f 3108//3108 3112//3112 3114//3114
f 3114//3114 3115//3115 3113//3113
f 3118//3118 3117//3117 3116//3116
f 3118//3118 3116//3116 3111//3111
f 3116//3116 3110//3110 3111//3111
f 3116//3116 3119//3119 3110//3110
f 3119//3119 2952//2952 2948//2948
f 3119//3119 2948//2948 3110//3110
f 2954//2954 3120//3120 3112//3112
f 2954//2954 3112//3112 2950//2950
f 3112//3112 3121//3121 3114//3114
f 3112//3112 3120//3120 3121//3121
f 3115//3115 3114//3114 3122//3122
f 3122//3122 3114//3114 3121//3121
f 3116//3116 3117//3117 3123//3123
f 3123//3123 3117//3117 3124//3124
f 3116//3116 3125//3125 3119//3119
f 3116//3116 3123//3123 3125//3125
f 3125//3125 2956//2956 2952//2952
f 3125//3125 2952//2952 3119//3119
f 2958//2958 3126//3126 3120//3120
f 2958//2958 3120//3120 2954//2954
f 3120//3120 3127//3127 3121//3121
f 3120//3120 3126//3126 3127//3127
f 3122//3122 3121//3121 3128//3128
f 3128//3128 3121//3121 3127//3127
f 3123//3123 3124//3124 3129//3129
f 3129//3129 3124//3124 3130//3130
f 3123//3123 3131//3131 3125//3125
f 3123//3123 3129//3129 3131//3131
f 3131//3131 2960//2960 2956//2956
f 3131//3131 2956//2956 3125//3125
f 2962//2962 3132//3132 3126//3126
f 2962//2962 3126//3126 2958//2958
f 3126//3126 3133//3133 3127//3127
f 3126//3126 3132//3132 3133//3133
f 3128//3128 3127//3127 3134//3134
f 3134//3134 3127//3127 3133//3133
f 3129//3129 3130//3130 3135//3135
f 3135//3135 3130//3130 3136//3136
f 3129//3129 3137//3137 3131//3131
f 3129//3129 3135//3135 3137//3137
f 3137//3137 2964//2964 2960//2960
f 3137//3137 2960//2960 3131//3131
f 2966//2966 3138//3138 3132//3132
f 2966//2966 3132//3132 2962//2962
f 3132//3132 3139//3139 3133//3133
f 3132//3132 3138//3138 3139//3139
f 3134//3134 3133//3133 3140//3140
f 3140//3140 3133//3133 3139//3139
f 3135//3135 3136//3136 3141//3141
f 3141//3141 3136//3136 3142//3142
f 3135//3135 3143//3143 3137//3137
f 3135//3135 3141//3141 3143//3143
f 3143//3143 2968//2968 2964//2964
f 3143//3143 2964//2964 3137//3137
f 2970//2970 3144//3144 3138//3138
f 2970//2970 3138//3138 2966//2966
f 3138//3138 3145//3145 3139//3139
f 3138//3138 3144//3144 3145//3145
f 3140//3140 3139//3139 3146//3146
f 3146//3146 3139//3139 3145//3145
f 3141//3141 3142//3142 3147//3147
f 3147//3147 3142//3142 3148//3148
f 3141//3141 3149//3149 3143//3143
f 3141//3141 3147//3147 3149//3149
f 3149//3149 2972//2972 2968//2968
f 3149//3149 2968//2968 3143//3143
f 2974//2974 3150//3150 3144//3144
f 2974//2974 3144//3144 2970//2970
f 3144//3144 3151//3151 3145//3145
f 3144//3144 3150//3150 3151//3151
f 3146//3146 3145//3145 3152//3152
f 3152//3152 3145//3145 3151//3151
f 3147//3147 3148//3148 3153//3153
f 3153//3153 3148//3148 3154//3154
f 3147//3147 3155//3155 3149//3149
f 3147//3147 3153//3153 3155//3155
f 3155//3155 2976//2976 2972//2972
f 3155//3155 2972//2972 3149//3149
f 2978//2978 3156//3156 3150//3150
f 2978//2978 3150//3150 2974//2974
f 3150//3150 3157//3157 3151//3151
f 3150//3150 3156//3156 3157//3157
f 3152//3152 3151//3151 3158//3158
f 3158//3158 3151//3151 3157//3157
f 3153//3153 3154//3154 3159//3159
f 3159//3159 3154//3154 3160//3160
f 3153//3153 3161//3161 3155//3155
f 3153//3153 3159//3159 3161//3161
f 3161//3161 2980//2980 2976//2976
f 3161//3161 2976//2976 3155//3155
f 2982//2982 3162//3162 3156//3156
f 2982//2982 3156//3156 2978//2978
f 3156//3156 3163//3163 3157//3157
f 3156//3156 3162//3162 3163//3163
f 3158//3158 3157//3157 3164//3164
f 3164//3164 3157//3157 3163//3163
f 3159//3159 3160//3160 3165//3165
f 3165//3165 3160//3160 3166//3166
f 3159//3159 3167//3167 3161//3161
f 3159//3159 3165//3165 3167//3167
f 3167//3167 2984//2984 2980//2980
f 3167//3167 2980//2980 3161//3161
f 2986//2986 3168//3168 3162//3162
f 2986//2986 3162//3162 2982//2982
f 3162//3162 3169//3169 3163//3163
f 3162//3162 3168//3168 3169//3169
f 3164//3164 3163//3163 3170//3170
f 3170//3170 3163//3163 3169//3169
f 3165//3165 3166//3166 3171//3171
f 3171//3171 3166//3166 3172//3172
f 3165//3165 3173//3173 3167//3167
f 3165//3165 3171//3171 3173//3173
f 3173//3173 2988//2988 2984//2984
f 3173//3173 2984//2984 3167//3167
f 2990//2990 3174//3174 3168//3168
f 2990//2990 3168//3168 2986//2986
f 3176//3176 3169//3169 3175//3175
f 3169//3169 3174//3174 3175//3175
f 3169//3169 3168//3168 3174//3174
f 3169//3169 3176//3176 3170//3170
f 3172//3172 3177//3177 3171//3171
f 3179//3179 3178//3178 3177//3177
f 3178//3178 3171//3171 3177//3177
f 3178//3178 3173//3173 3171//3171
f 3178//3178 2992//2992 2988//2988
f 3178//3178 2988//2988 3173//3173
f 2994//2994 3180//3180 3174//3174
f 2994//2994 3174//3174 2990//2990
f 3175//3175 3174//3174 3181//3181
f 3181//3181 3174//3174 3180//3180
f 3178//3178 3179//3179 3182//3182
f 3182//3182 3179//3179 3183//3183
f 3182//3182 2996//2996 2992//2992
f 3182//3182 2992//2992 3178//3178
f 3185//3185 3184//3184 3180//3180
f 2994//2994 3185//3185 3180//3180
f 2998//2998 3185//3185 2994//2994
f 3180//3180 3184//3184 3181//3181
f 3183//3183 3186//3186 3182//3182
f 2996//2996 3182//3182 3186//3186
f 3187//3187 2996//2996 3186//3186
f 3000//3000 2996//2996 3187//3187
f 3002//3002 3185//3185 2998//2998
f 3002//3002 3188//3188 3185//3185
f 3187//3187 3004//3004 3000//3000
f 3189//3189 3004//3004 3187//3187
f 3006//3006 3190//3190 3005//3005
f 3190//3190 3191//3191 3005//3005
f 3191//3191 3002//3002 3005//3005
f 3191//3191 3188//3188 3002//3002
f 3007//3007 3004//3004 3192//3192
f 3004//3004 3193//3193 3192//3192
f 3004//3004 3189//3189 3193//3193
f 3192//3192 3008//3008 3007//3007
f 3009//3009 3194//3194 3190//3190
f 3009//3009 3190//3190 3006//3006
f 3191//3191 3190//3190 3195//3195
f 3195//3195 3190//3190 3194//3194
f 3192//3192 3193//3193 3196//3196
f 3196//3196 3193//3193 3197//3197
f 3196//3196 3010//3010 3008//3008
f 3196//3196 3008//3008 3192//3192
f 3011//3011 3198//3198 3194//3194
f 3011//3011 3194//3194 3009//3009
f 3195//3195 3194//3194 3199//3199
f 3199//3199 3194//3194 3198//3198
f 3196//3196 3197//3197 3200//3200
f 3200//3200 3197//3197 3201//3201
f 3200//3200 3012//3012 3010//3010
f 3200//3200 3010//3010 3196//3196
f 3203//3203 3202//3202 3198//3198
f 3011//3011 3203//3203 3198//3198
f 3013//3013 3203//3203 3011//3011
f 3198//3198 3202//3202 3199//3199
f 3201//3201 3204//3204 3200//3200
f 3012//3012 3200//3200 3204//3204
f 3205//3205 3012//3012 3204//3204
f 3014//3014 3012//3012 3205//3205
f 3015//3015 3203//3203 3013//3013
f 3015//3015 3206//3206 3203//3203
f 3205//3205 3016//3016 3014//3014
f 3207//3207 3016//3016 3205//3205
f 3018//3018 3206//3206 3015//3015
f 3018//3018 3208//3208 3206//3206
f 3207//3207 3020//3020 3016//3016
f 3209//3209 3020//3020 3207//3207
f 3022//3022 3208//3208 3018//3018
f 3022//3022 3210//3210 3208//3208
f 3209//3209 3024//3024 3020//3020
f 3211//3211 3024//3024 3209//3209
f 3026//3026 3210//3210 3022//3022
f 3026//3026 3212//3212 3210//3210
f 3211//3211 3028//3028 3024//3024
f 3213//3213 3028//3028 3211//3211
f 3030//3030 3212//3212 3026//3026
f 3030//3030 3214//3214 3212//3212
f 3213//3213 3032//3032 3028//3028
f 3215//3215 3032//3032 3213//3213
f 3034//3034 3216//3216 3033//3033
f 3216//3216 3217//3217 3033//3033
f 3217//3217 3030//3030 3033//3033
f 3217//3217 3214//3214 3030//3030
f 3035//3035 3032//3032 3218//3218
f 3032//3032 3219//3219 3218//3218
f 3032//3032 3215//3215 3219//3219
f 3218//3218 3036//3036 3035//3035
f 3037//3037 3220//3220 3216//3216
f 3037//3037 3216//3216 3034//3034
f 3217//3217 3216//3216 3221//3221
f 3221//3221 3216//3216 3220//3220
f 3218//3218 3219//3219 3222//3222
f 3222//3222 3219//3219 3223//3223
f 3222//3222 3038//3038 3036//3036
f 3222//3222 3036//3036 3218//3218
f 3039//3039 3224//3224 3220//3220
f 3039//3039 3220//3220 3037//3037
f 3221//3221 3220//3220 3225//3225
f 3225//3225 3220//3220 3224//3224
f 3222//3222 3223//3223 3226//3226
f 3226//3226 3223//3223 3227//3227
f 3226//3226 3040//3040 3038//3038
f 3226//3226 3038//3038 3222//3222
f 3041//3041 3228//3228 3224//3224
f 3041//3041 3224//3224 3039//3039
f 3225//3225 3224//3224 3229//3229
f 3229//3229 3224//3224 3228//3228
f 3226//3226 3227//3227 3230//3230
f 3230//3230 3227//3227 3231//3231
f 3230//3230 3042//3042 3040//3040
f 3230//3230 3040//3040 3226//3226
f 3043//3043 3228//3228 3041//3041
f 3043//3043 3045//3045 3228//3228
f 3045//3045 3229//3229 3228//3228
f 3045//3045 3232//3232 3229//3229
f 3230//3230 3231//3231 3048//3048
f 3231//3231 3047//3047 3048//3048
f 3231//3231 3233//3233 3047//3047
f 3230//3230 3048//3048 3042//3042
f 3049//3049 3235//3235 3234//3234
f 3232//3232 3049//3049 3234//3234
f 3045//3045 3049//3049 3232//3232
f 3235//3235 3236//3236 3234//3234
f 3239//3239 3238//3238 3237//3237
f 3233//3233 3239//3239 3237//3237
f 3050//3050 3233//3233 3237//3237
f 3047//3047 3233//3233 3050//3050
f 3051//3051 3235//3235 3049//3049
f 3241//3241 3240//3240 3052//3052
f 3052//3052 3240//3240 3051//3051
f 3240//3240 3236//3236 3051//3051
f 3236//3236 3235//3235 3051//3051
f 3241//3241 3242//3242 3240//3240
f 3245//3245 3244//3244 3243//3243
f 3245//3245 3243//3243 3238//3238
f 3238//3238 3243//3243 3237//3237
f 3243//3243 3053//3053 3237//3237
f 3053//3053 3054//3054 3237//3237
f 3237//3237 3054//3054 3050//3050
f 3055//3055 3241//3241 3052//3052
f 3246//3246 3242//3242 3241//3241
f 3055//3055 3246//3246 3241//3241
f 3056//3056 3246//3246 3055//3055
f 3247//3247 3056//3056 3057//3057
f 3247//3247 3246//3246 3056//3056
f 3248//3248 3057//3057 3059//3059
f 3248//3248 3247//3247 3057//3057
f 3249//3249 3059//3059 3061//3061
f 3249//3249 3248//3248 3059//3059
f 3250//3250 3061//3061 3063//3063
f 3250//3250 3249//3249 3061//3061
f 3064//3064 3243//3243 3244//3244
f 3250//3250 3064//3064 3244//3244
f 3063//3063 3064//3064 3250//3250
f 3243//3243 3064//3064 3053//3053
f 3067//3067 3251//3251 3068//3068
f 3251//3251 3070//3070 3068//3068
f 3073//3073 3252//3252 3074//3074
f 3253//3253 3075//3075 3074//3074
f 3253//3253 3074//3074 3252//3252
f 3251//3251 3067//3067 3075//3075
f 3253//3253 3251//3251 3075//3075
f 3254//3254 3251//3251 3253//3253
f 3255//3255 3076//3076 3070//3070
f 3251//3251 3255//3255 3070//3070
f 3254//3254 3255//3255 3251//3251
f 3256//3256 3077//3077 3076//3076
f 3256//3256 3076//3076 3255//3255
f 3256//3256 3079//3079 3077//3077
f 3081//3081 3257//3257 3252//3252
f 3081//3081 3252//3252 3073//3073
f 3252//3252 3258//3258 3253//3253
f 3252//3252 3257//3257 3258//3258
f 3253//3253 3259//3259 3254//3254
f 3253//3253 3258//3258 3259//3259
f 3254//3254 3260//3260 3255//3255
f 3254//3254 3259//3259 3260//3260
f 3255//3255 3261//3261 3256//3256
f 3255//3255 3260//3260 3261//3261
f 3261//3261 3083//3083 3079//3079
f 3261//3261 3079//3079 3256//3256
f 3085//3085 3262//3262 3257//3257
f 3085//3085 3257//3257 3081//3081
f 3257//3257 3263//3263 3258//3258
f 3257//3257 3262//3262 3263//3263
f 3258//3258 3264//3264 3259//3259
f 3258//3258 3263//3263 3264//3264
f 3259//3259 3265//3265 3260//3260
f 3259//3259 3264//3264 3265//3265
f 3260//3260 3266//3266 3261//3261
f 3260//3260 3265//3265 3266//3266
f 3266//3266 3087//3087 3083//3083
f 3266//3266 3083//3083 3261//3261
f 3089//3089 3267//3267 3262//3262
f 3089//3089 3262//3262 3085//3085
f 3262//3262 3268//3268 3263//3263
f 3262//3262 3267//3267 3268//3268
f 3263//3263 3269//3269 3264//3264
f 3263//3263 3268//3268 3269//3269
f 3264//3264 3270//3270 3265//3265
f 3264//3264 3269//3269 3270//3270
f 3265//3265 3271//3271 3266//3266
f 3265//3265 3270//3270 3271//3271
f 3271//3271 3091//3091 3087//3087
f 3271//3271 3087//3087 3266//3266
f 3093//3093 3272//3272 3267//3267
f 3093//3093 3267//3267 3089//3089
f 3267//3267 3273//3273 3268//3268
f 3267//3267 3272//3272 3273//3273
f 3268//3268 3274//3274 3269//3269
f 3268//3268 3273//3273 3274//3274
f 3269//3269 3275//3275 3270//3270
f 3269//3269 3274//3274 3275//3275
f 3270//3270 3276//3276 3271//3271
f 3270//3270 3275//3275 3276//3276
f 3276//3276 3095//3095 3091//3091
f 3276//3276 3091//3091 3271//3271
f 3097//3097 3277//3277 3272//3272
f 3097//3097 3272//3272 3093//3093
f 3272//3272 3278//3278 3273//3273
f 3272//3272 3277//3277 3278//3278
f 3273//3273 3279//3279 3274//3274
f 3273//3273 3278//3278 3279//3279
f 3274//3274 3280//3280 3275//3275
f 3274//3274 3279//3279 3280//3280
f 3275//3275 3281//3281 3276//3276
f 3275//3275 3280//3280 3281//3281
f 3281//3281 3099//3099 3095//3095
f 3281//3281 3095//3095 3276//3276
f 3101//3101 3282//3282 3277//3277
f 3101//3101 3277//3277 3097//3097
f 3277//3277 3283//3283 3278//3278
f 3277//3277 3282//3282 3283//3283
f 3278//3278 3284//3284 3279//3279
f 3278//3278 3283//3283 3284//3284
f 3279//3279 3285//3285 3280//3280
f 3279//3279 3284//3284 3285//3285
f 3280//3280 3286//3286 3281//3281
f 3280//3280 3285//3285 3286//3286
f 3286//3286 3103//3103 3099//3099
f 3286//3286 3099//3099 3281//3281
f 3105//3105 3287//3287 3282//3282
f 3105//3105 3282//3282 3101//3101
f 3282//3282 3288//3288 3283//3283
f 3282//3282 3287//3287 3288//3288
f 3283//3283 3289//3289 3284//3284
f 3283//3283 3288//3288 3289//3289
f 3284//3284 3290//3290 3285//3285
f 3284//3284 3289//3289 3290//3290
f 3285//3285 3291//3291 3286//3286
f 3285//3285 3290//3290 3291//3291
f 3291//3291 3107//3107 3103//3103
f 3291//3291 3103//3103 3286//3286
f 3109//3109 3292//3292 3287//3287
f 3109//3109 3287//3287 3105//3105
f 3287//3287 3293//3293 3288//3288
f 3287//3287 3292//3292 3293//3293
f 3288//3288 3294//3294 3289//3289
f 3288//3288 3293//3293 3294//3294
f 3289//3289 3295//3295 3290//3290
f 3289//3289 3294//3294 3295//3295
f 3290//3290 3296//3296 3291//3291
f 3290//3290 3295//3295 3296//3296
f 3296//3296 3111//3111 3107//3107
f 3296//3296 3107//3107 3291//3291
f 3113//3113 3292//3292 3109//3109
f 3292//3292 3113//3113 3115//3115
f 3297//3297 3292//3292 3115//3115
f 3293//3293 3292//3292 3297//3297
f 3293//3293 3298//3298 3294//3294
f 3293//3293 3297//3297 3298//3298
f 3294//3294 3299//3299 3295//3295
f 3294//3294 3298//3298 3299//3299
f 3299//3299 3117//3117 3118//3118
f 3296//3296 3299//3299 3118//3118
f 3295//3295 3299//3299 3296//3296
f 3296//3296 3118//3118 3111//3111
f 3122//3122 3300//3300 3297//3297
f 3122//3122 3297//3297 3115//3115
f 3297//3297 3301//3301 3298//3298
f 3297//3297 3300//3300 3301//3301
f 3298//3298 3302//3302 3299//3299
f 3298//3298 3301//3301 3302//3302
f 3302//3302 3124//3124 3117//3117
f 3302//3302 3117//3117 3299//3299
f 3128//3128 3303//3303 3300//3300
f 3128//3128 3300//3300 3122//3122
f 3300//3300 3304//3304 3301//3301
f 3300//3300 3303//3303 3304//3304
f 3301//3301 3305//3305 3302//3302
f 3301//3301 3304//3304 3305//3305
f 3305//3305 3130//3130 3124//3124
f 3305//3305 3124//3124 3302//3302
f 3134//3134 3306//3306 3303//3303
f 3134//3134 3303//3303 3128//3128
f 3303//3303 3307//3307 3304//3304
f 3303//3303 3306//3306 3307//3307
f 3304//3304 3308//3308 3305//3305
f 3304//3304 3307//3307 3308//3308
f 3308//3308 3136//3136 3130//3130
f 3308//3308 3130//3130 3305//3305
f 3140//3140 3309//3309 3306//3306
f 3140//3140 3306//3306 3134//3134
f 3306//3306 3310//3310 3307//3307
f 3306//3306 3309//3309 3310//3310
f 3307//3307 3311//3311 3308//3308
f 3307//3307 3310//3310 3311//3311
f 3311//3311 3142//3142 3136//3136
f 3311//3311 3136//3136 3308//3308
f 3146//3146 3312//3312 3309//3309
f 3146//3146 3309//3309 3140//3140
f 3309//3309 3313//3313 3310//3310
f 3309//3309 3312//3312 3313//3313
f 3310//3310 3314//3314 3311//3311
f 3310//3310 3313//3313 3314//3314
f 3314//3314 3148//3148 3142//3142
f 3314//3314 3142//3142 3311//3311
f 3152//3152 3315//3315 3312//3312
f 3152//3152 3312//3312 3146//3146
f 3312//3312 3316//3316 3313//3313
f 3312//3312 3315//3315 3316//3316
f 3313//3313 3317//3317 3314//3314
f 3313//3313 3316//3316 3317//3317
f 3317//3317 3154//3154 3148//3148
f 3317//3317 3148//3148 3314//3314
f 3158//3158 3318//3318 3315//3315
f 3158//3158 3315//3315 3152//3152
f 3315//3315 3319//3319 3316//3316
f 3315//3315 3318//3318 3319//3319
f 3316//3316 3320//3320 3317//3317
f 3316//3316 3319//3319 3320//3320
f 3320//3320 3160//3160 3154//3154
f 3320//3320 3154//3154 3317//3317
f 3164//3164 3321//3321 3318//3318
f 3164//3164 3318//3318 3158//3158
f 3318//3318 3322//3322 3319//3319
f 3318//3318 3321//3321 3322//3322
f 3319//3319 3323//3323 3320//3320
f 3319//3319 3322//3322 3323//3323
f 3323//3323 3166//3166 3160//3160
f 3323//3323 3160//3160 3320//3320
f 3170//3170 3324//3324 3321//3321
f 3170//3170 3321//3321 3164//3164
f 3321//3321 3325//3325 3322//3322
f 3321//3321 3324//3324 3325//3325
f 3322//3322 3326//3326 3323//3323
f 3322//3322 3325//3325 3326//3326
f 3326//3326 3172//3172 3166//3166
f 3326//3326 3166//3166 3323//3323
f 3175//3175 3327//3327 3176//3176
f 3324//3324 3170//3170 3176//3176
f 3327//3327 3324//3324 3176//3176
f 3328//3328 3324//3324 3327//3327
f 3324//3324 3329//3329 3325//3325
f 3324//3324 3328//3328 3329//3329
f 3325//3325 3330//3330 3326//3326
f 3325//3325 3329//3329 3330//3330
f 3331//3331 3177//3177 3172//3172
f 3326//3326 3331//3331 3172//3172
f 3330//3330 3331//3331 3326//3326
f 3331//3331 3179//3179 3177//3177
f 3181//3181 3332//3332 3327//3327
f 3181//3181 3327//3327 3175//3175
f 3327//3327 3333//3333 3328//3328
f 3327//3327 3332//3332 3333//3333
f 3328//3328 3334//3334 3329//3329
f 3328//3328 3333//3333 3334//3334
f 3329//3329 3335//3335 3330//3330
f 3329//3329 3334//3334 3335//3335
f 3330//3330 3336//3336 3331//3331
f 3330//3330 3335//3335 3336//3336
f 3336//3336 3183//3183 3179//3179
f 3336//3336 3179//3179 3331//3331
f 3185//3185 3337//3337 3184//3184
f 3337//3337 3338//3338 3184//3184
f 3184//3184 3338//3338 3181//3181
f 3338//3338 3339//3339 3181//3181
f 3339//3339 3332//3332 3181//3181
f 3332//3332 3339//3339 3333//3333
f 3333//3333 3339//3339 3340//3340
f 3333//3333 3340//3340 3334//3334
f 3334//3334 3340//3340 3341//3341
f 3334//3334 3341//3341 3335//3335
f 3335//3335 3341//3341 3342//3342
f 3335//3335 3342//3342 3336//3336
f 3336//3336 3342//3342 3343//3343
f 3343//3343 3345//3345 3344//3344
f 3343//3343 3344//3344 3186//3186
f 3336//3336 3343//3343 3186//3186
f 3183//3183 3336//3336 3186//3186
f 3344//3344 3187//3187 3186//3186
f 3347//3347 3346//3346 3337//3337
f 3185//3185 3347//3347 3337//3337
f 3188//3188 3347//3347 3185//3185
f 3337//3337 3346//3346 3338//3338
f 3345//3345 3348//3348 3344//3344
f 3187//3187 3344//3344 3348//3348
f 3349//3349 3187//3187 3348//3348
f 3189//3189 3187//3187 3349//3349
f 3191//3191 3347//3347 3188//3188
f 3191//3191 3350//3350 3347//3347
f 3349//3349 3193//3193 3189//3189
f 3351//3351 3193//3193 3349//3349
f 3195//3195 3350//3350 3191//3191
f 3195//3195 3352//3352 3350//3350
f 3351//3351 3197//3197 3193//3193
f 3353//3353 3197//3197 3351//3351
f 3199//3199 3352//3352 3195//3195
f 3199//3199 3354//3354 3352//3352
f 3353//3353 3201//3201 3197//3197
f 3355//3355 3201//3201 3353//3353
f 3357//3357 3356//3356 3202//3202
f 3357//3357 3202//3202 3203//3203
f 3199//3199 3202//3202 3354//3354
f 3354//3354 3202//3202 3356//3356
f 3355//3355 3358//3358 3201//3201
f 3201//3201 3358//3358 3204//3204
f 3205//3205 3204//3204 3358//3358
f 3205//3205 3358//3358 3359//3359
f 3206//3206 3357//3357 3203//3203
f 3206//3206 3360//3360 3357//3357
f 3359//3359 3207//3207 3205//3205
f 3361//3361 3207//3207 3359//3359
f 3208//3208 3360//3360 3206//3206
f 3208//3208 3362//3362 3360//3360
f 3361//3361 3209//3209 3207//3207
f 3363//3363 3209//3209 3361//3361
f 3210//3210 3362//3362 3208//3208
f 3210//3210 3364//3364 3362//3362
f 3363//3363 3211//3211 3209//3209
f 3365//3365 3211//3211 3363//3363
f 3212//3212 3364//3364 3210//3210
f 3212//3212 3366//3366 3364//3364
f 3365//3365 3213//3213 3211//3211
f 3367//3367 3213//3213 3365//3365
f 3214//3214 3366//3366 3212//3212
f 3214//3214 3368//3368 3366//3366
f 3367//3367 3215//3215 3213//3213
f 3369//3369 3215//3215 3367//3367
f 3217//3217 3368//3368 3214//3214
f 3217//3217 3370//3370 3368//3368
f 3369//3369 3219//3219 3215//3215
f 3371//3371 3219//3219 3369//3369
f 3221//3221 3370//3370 3217//3217
f 3221//3221 3372//3372 3370//3370
f 3371//3371 3223//3223 3219//3219
f 3373//3373 3223//3223 3371//3371
f 3225//3225 3372//3372 3221//3221
f 3225//3225 3374//3374 3372//3372
f 3373//3373 3227//3227 3223//3223
f 3375//3375 3227//3227 3373//3373
f 3229//3229 3374//3374 3225//3225
f 3229//3229 3376//3376 3374//3374
f 3375//3375 3231//3231 3227//3227
f 3377//3377 3231//3231 3375//3375
f 3232//3232 3376//3376 3229//3229
f 3232//3232 3378//3378 3376//3376
f 3377//3377 3233//3233 3231//3231
f 3379//3379 3233//3233 3377//3377
f 3380//3380 3378//3378 3232//3232
f 3380//3380 3232//3232 3234//3234
f 3234//3234 3236//3236 3380//3380
f 3380//3380 3236//3236 3381//3381
f 3383//3383 3382//3382 3239//3239
f 3239//3239 3382//3382 3238//3238
f 3239//3239 3233//3233 3379//3379
f 3239//3239 3379//3379 3383//3383
f 3384//3384 3381//3381 3236//3236
f 3384//3384 3236//3236 3240//3240
f 3240//3240 3242//3242 3384//3384
f 3384//3384 3242//3242 3385//3385
f 3387//3387 3386//3386 3245//3245
f 3245//3245 3386//3386 3244//3244
f 3245//3245 3238//3238 3382//3382
f 3245//3245 3382//3382 3387//3387
f 3388//3388 3385//3385 3242//3242
f 3388//3388 3242//3242 3246//3246
f 3389//3389 3246//3246 3247//3247
f 3389//3389 3388//3388 3246//3246
f 3390//3390 3247//3247 3248//3248
f 3390//3390 3389//3389 3247//3247
f 3391//3391 3248//3248 3249//3249
f 3391//3391 3390//3390 3248//3248
f 3392//3392 3249//3249 3250//3250
f 3392//3392 3391//3391 3249//3249
f 3250//3250 3244//3244 3386//3386
f 3250//3250 3386//3386 3392//3392
f 3338//3338 3393//3393 3339//3339
f 3394//3394 3340//3340 3339//3339
f 3394//3394 3339//3339 3393//3393
f 3395//3395 3341//3341 3340//3340
f 3395//3395 3340//3340 3394//3394
f 3396//3396 3342//3342 3341//3341
f 3396//3396 3341//3341 3395//3395
f 3397//3397 3343//3343 3342//3342
f 3397//3397 3342//3342 3396//3396
f 3397//3397 3345//3345 3343//3343
f 3399//3399 3398//3398 3346//3346
f 3399//3399 3346//3346 3347//3347
f 3338//3338 3346//3346 3393//3393
f 3346//3346 3400//3400 3393//3393
f 3346//3346 3398//3398 3400//3400
f 3393//3393 3400//3400 3394//3394
f 3394//3394 3400//3400 3401//3401
f 3394//3394 3401//3401 3395//3395
f 3395//3395 3401//3401 3402//3402
f 3395//3395 3402//3402 3396//3396
f 3396//3396 3402//3402 3403//3403
f 3396//3396 3403//3403 3397//3397
f 3397//3397 3403//3403 3404//3404
f 3397//3397 3404//3404 3345//3345
f 3404//3404 3348//3348 3345//3345
f 3404//3404 3405//3405 3348//3348
f 3349//3349 3348//3348 3405//3405
f 3349//3349 3405//3405 3406//3406
f 3350//3350 3399//3399 3347//3347
f 3350//3350 3407//3407 3399//3399
f 3406//3406 3351//3351 3349//3349
f 3408//3408 3351//3351 3406//3406
f 3352//3352 3407//3407 3350//3350
f 3352//3352 3409//3409 3407//3407
f 3408//3408 3353//3353 3351//3351
f 3410//3410 3353//3353 3408//3408
f 3413//3413 3412//3412 3411//3411
f 3412//3412 3409//3409 3411//3411
f 3409//3409 3354//3354 3411//3411
f 3409//3409 3352//3352 3354//3354
f 3415//3415 3355//3355 3414//3414
f 3355//3355 3410//3410 3414//3414
f 3355//3355 3353//3353 3410//3410
f 3416//3416 3415//3415 3414//3414
f 3413//3413 3411//3411 3356//3356
f 3357//3357 3413//3413 3356//3356
f 3417//3417 3413//3413 3357//3357
f 3356//3356 3411//3411 3354//3354
f 3415//3415 3358//3358 3355//3355
f 3359//3359 3358//3358 3415//3415
f 3416//3416 3359//3359 3415//3415
f 3418//3418 3359//3359 3416//3416
f 3360//3360 3417//3417 3357//3357
f 3360//3360 3419//3419 3417//3417
f 3418//3418 3361//3361 3359//3359
f 3420//3420 3361//3361 3418//3418
f 3362//3362 3419//3419 3360//3360
f 3362//3362 3421//3421 3419//3419
f 3420//3420 3363//3363 3361//3361
f 3422//3422 3363//3363 3420//3420
f 3364//3364 3421//3421 3362//3362
f 3364//3364 3423//3423 3421//3421
f 3422//3422 3365//3365 3363//3363
f 3424//3424 3365//3365 3422//3422
f 3366//3366 3423//3423 3364//3364
f 3366//3366 3425//3425 3423//3423
f 3424//3424 3367//3367 3365//3365
f 3426//3426 3367//3367 3424//3424
f 3368//3368 3425//3425 3366//3366
f 3368//3368 3427//3427 3425//3425
f 3426//3426 3369//3369 3367//3367
f 3428//3428 3369//3369 3426//3426
f 3370//3370 3427//3427 3368//3368
f 3370//3370 3429//3429 3427//3427
f 3428//3428 3371//3371 3369//3369
f 3430//3430 3371//3371 3428//3428
f 3372//3372 3429//3429 3370//3370
f 3372//3372 3431//3431 3429//3429
f 3430//3430 3373//3373 3371//3371
f 3432//3432 3373//3373 3430//3430
f 3374//3374 3431//3431 3372//3372
f 3374//3374 3433//3433 3431//3431
f 3432//3432 3375//3375 3373//3373
f 3434//3434 3375//3375 3432//3432
f 3376//3376 3433//3433 3374//3374
f 3376//3376 3435//3435 3433//3433
f 3434//3434 3377//3377 3375//3375
f 3436//3436 3377//3377 3434//3434
f 3378//3378 3435//3435 3376//3376
f 3378//3378 3437//3437 3435//3435
f 3436//3436 3379//3379 3377//3377
f 3438//3438 3379//3379 3436//3436
f 3439//3439 3437//3437 3378//3378
f 3439//3439 3378//3378 3380//3380
f 3380//3380 3381//3381 3439//3439
f 3439//3439 3381//3381 3440//3440
f 3442//3442 3441//3441 3383//3383
f 3383//3383 3441//3441 3382//3382
f 3383//3383 3379//3379 3438//3438
f 3383//3383 3438//3438 3442//3442
f 3443//3443 3440//3440 3381//3381
f 3443//3443 3381//3381 3384//3384
f 3445//3445 3444//3444 3385//3385
f 3444//3444 3384//3384 3385//3385
f 3444//3444 3443//3443 3384//3384
f 3445//3445 3446//3446 3444//3444
f 3449//3449 3448//3448 3447//3447
f 3386//3386 3387//3387 3447//3447
f 3387//3387 3449//3449 3447//3447
f 3387//3387 3450//3450 3449//3449
f 3387//3387 3382//3382 3441//3441
f 3387//3387 3441//3441 3450//3450
f 3388//3388 3445//3445 3385//3385
f 3451//3451 3446//3446 3445//3445
f 3388//3388 3451//3451 3445//3445
f 3389//3389 3451//3451 3388//3388
f 3452//3452 3389//3389 3390//3390
f 3452//3452 3451//3451 3389//3389
f 3453//3453 3390//3390 3391//3391
f 3453//3453 3452//3452 3390//3390
f 3392//3392 3447//3447 3448//3448
f 3453//3453 3392//3392 3448//3448
f 3391//3391 3392//3392 3453//3453
f 3447//3447 3392//3392 3386//3386
f 3399//3399 3454//3454 3398//3398
f 3398//3398 3454//3454 3455//3455
f 3456//3456 3398//3398 3455//3455
f 3400//3400 3398//3398 3456//3456
f 3400//3400 3457//3457 3401//3401
f 3456//3456 3457//3457 3400//3400
f 3401//3401 3458//3458 3402//3402
f 3457//3457 3458//3458 3401//3401
f 3402//3402 3459//3459 3403//3403
f 3458//3458 3459//3459 3402//3402
f 3403//3403 3460//3460 3404//3404
f 3459//3459 3460//3460 3403//3403
f 3460//3460 3462//3462 3461//3461
f 3405//3405 3460//3460 3461//3461
f 3404//3404 3460//3460 3405//3405
f 3461//3461 3406//3406 3405//3405
f 3464//3464 3463//3463 3454//3454
f 3399//3399 3464//3464 3454//3454
f 3407//3407 3464//3464 3399//3399
f 3454//3454 3463//3463 3455//3455
f 3462//3462 3465//3465 3461//3461
f 3406//3406 3461//3461 3465//3465
f 3466//3466 3406//3406 3465//3465
f 3408//3408 3406//3406 3466//3466
f 3469//3469 3468//3468 3467//3467
f 3468//3468 3464//3464 3467//3467
f 3464//3464 3409//3409 3467//3467
f 3464//3464 3407//3407 3409//3409
f 3471//3471 3410//3410 3470//3470
f 3410//3410 3466//3466 3470//3470
f 3410//3410 3408//3408 3466//3466
f 3472//3472 3471//3471 3470//3470
f 3469//3469 3467//3467 3412//3412
f 3413//3413 3469//3469 3412//3412
f 3473//3473 3469//3469 3413//3413
f 3412//3412 3467//3467 3409//3409
f 3471//3471 3414//3414 3410//3410
f 3416//3416 3414//3414 3471//3471
f 3472//3472 3416//3416 3471//3471
f 3474//3474 3416//3416 3472//3472
f 3417//3417 3473//3473 3413//3413
f 3417//3417 3475//3475 3473//3473
f 3474//3474 3418//3418 3416//3416
f 3476//3476 3418//3418 3474//3474
f 3419//3419 3475//3475 3417//3417
f 3419//3419 3477//3477 3475//3475
f 3476//3476 3420//3420 3418//3418
f 3478//3478 3420//3420 3476//3476
f 3421//3421 3477//3477 3419//3419
f 3421//3421 3479//3479 3477//3477
f 3478//3478 3422//3422 3420//3420
f 3480//3480 3422//3422 3478//3478
f 3423//3423 3479//3479 3421//3421
f 3423//3423 3481//3481 3479//3479
f 3480//3480 3424//3424 3422//3422
f 3482//3482 3424//3424 3480//3480
f 3425//3425 3481//3481 3423//3423
f 3425//3425 3483//3483 3481//3481
f 3482//3482 3426//3426 3424//3424
f 3484//3484 3426//3426 3482//3482
f 3427//3427 3483//3483 3425//3425
f 3427//3427 3485//3485 3483//3483
f 3484//3484 3428//3428 3426//3426
f 3486//3486 3428//3428 3484//3484
f 3429//3429 3485//3485 3427//3427
f 3429//3429 3487//3487 3485//3485
f 3486//3486 3430//3430 3428//3428
f 3488//3488 3430//3430 3486//3486
f 3431//3431 3487//3487 3429//3429
f 3431//3431 3489//3489 3487//3487
f 3488//3488 3432//3432 3430//3430
f 3490//3490 3432//3432 3488//3488
f 3433//3433 3489//3489 3431//3431
f 3433//3433 3491//3491 3489//3489
f 3490//3490 3434//3434 3432//3432
f 3492//3492 3434//3434 3490//3490
f 3435//3435 3491//3491 3433//3433
f 3435//3435 3493//3493 3491//3491
f 3492//3492 3436//3436 3434//3434
f 3494//3494 3436//3436 3492//3492
f 3437//3437 3493//3493 3435//3435
f 3437//3437 3495//3495 3493//3493
f 3494//3494 3438//3438 3436//3436
f 3496//3496 3438//3438 3494//3494
f 3497//3497 3495//3495 3437//3437
f 3497//3497 3437//3437 3439//3439
f 3439//3439 3440//3440 3497//3497
f 3497//3497 3440//3440 3498//3498
f 3500//3500 3499//3499 3442//3442
f 3442//3442 3499//3499 3441//3441
f 3442//3442 3438//3438 3496//3496
f 3442//3442 3496//3496 3500//3500
f 3501//3501 3498//3498 3440//3440
f 3501//3501 3440//3440 3443//3443
f 3502//3502 3443//3443 3444//3444
f 3502//3502 3501//3501 3443//3443
f 3504//3504 3503//3503 3446//3446
f 3503//3503 3444//3444 3446//3446
f 3503//3503 3502//3502 3444//3444
f 3506//3506 3505//3505 3504//3504
f 3504//3504 3505//3505 3503//3503
f 3508//3508 3507//3507 3506//3506
f 3506//3506 3507//3507 3505//3505
f 3448//3448 3449//3449 3508//3508
f 3449//3449 3507//3507 3508//3508
f 3449//3449 3509//3509 3507//3507
f 3510//3510 3449//3449 3450//3450
f 3510//3510 3509//3509 3449//3449
f 3450//3450 3441//3441 3499//3499
f 3450//3450 3499//3499 3510//3510
f 3451//3451 3504//3504 3446//3446
f 3504//3504 3451//3451 3452//3452
f 3504//3504 3452//3452 3506//3506
f 3506//3506 3452//3452 3453//3453
f 3506//3506 3453//3453 3508//3508
f 3508//3508 3453//3453 3448//3448
f 3455//3455 3511//3511 3456//3456
f 3512//3512 3457//3457 3456//3456
f 3512//3512 3456//3456 3511//3511
f 3513//3513 3458//3458 3457//3457
f 3513//3513 3457//3457 3512//3512
f 3514//3514 3459//3459 3458//3458
f 3514//3514 3458//3458 3513//3513
f 3515//3515 3460//3460 3459//3459
f 3515//3515 3459//3459 3514//3514
f 3515//3515 3462//3462 3460//3460
f 3518//3518 3517//3517 3516//3516
f 3463//3463 3464//3464 3516//3516
f 3517//3517 3463//3463 3516//3516
f 3519//3519 3463//3463 3517//3517
f 3455//3455 3463//3463 3511//3511
f 3463//3463 3520//3520 3511//3511
f 3463//3463 3519//3519 3520//3520
f 3511//3511 3520//3520 3512//3512
f 3512//3512 3520//3520 3521//3521
f 3512//3512 3521//3521 3513//3513
f 3513//3513 3521//3521 3522//3522
f 3513//3513 3522//3522 3514//3514
f 3514//3514 3522//3522 3523//3523
f 3514//3514 3523//3523 3515//3515
f 3515//3515 3523//3523 3524//3524
f 3515//3515 3524//3524 3462//3462
f 3524//3524 3465//3465 3462//3462
f 3524//3524 3525//3525 3465//3465
f 3527//3527 3526//3526 3466//3466
f 3465//3465 3527//3527 3466//3466
f 3525//3525 3527//3527 3465//3465
f 3528//3528 3526//3526 3527//3527
f 3518//3518 3516//3516 3468//3468
f 3469//3469 3518//3518 3468//3468
f 3529//3529 3518//3518 3469//3469
f 3468//3468 3516//3516 3464//3464
f 3526//3526 3470//3470 3466//3466
f 3472//3472 3470//3470 3526//3526
f 3528//3528 3472//3472 3526//3526
f 3530//3530 3472//3472 3528//3528
f 3473//3473 3529//3529 3469//3469
f 3473//3473 3531//3531 3529//3529
f 3530//3530 3474//3474 3472//3472
f 3532//3532 3474//3474 3530//3530
f 3475//3475 3531//3531 3473//3473
f 3475//3475 3533//3533 3531//3531
f 3532//3532 3476//3476 3474//3474
f 3534//3534 3476//3476 3532//3532
f 3477//3477 3533//3533 3475//3475
f 3477//3477 3535//3535 3533//3533
f 3534//3534 3478//3478 3476//3476
f 3536//3536 3478//3478 3534//3534
f 3479//3479 3535//3535 3477//3477
f 3479//3479 3537//3537 3535//3535
f 3536//3536 3480//3480 3478//3478
f 3538//3538 3480//3480 3536//3536
f 3481//3481 3537//3537 3479//3479
f 3481//3481 3539//3539 3537//3537
f 3538//3538 3482//3482 3480//3480
f 3540//3540 3482//3482 3538//3538
f 3483//3483 3539//3539 3481//3481
f 3483//3483 3541//3541 3539//3539
f 3540//3540 3484//3484 3482//3482
f 3542//3542 3484//3484 3540//3540
f 3485//3485 3541//3541 3483//3483
f 3485//3485 3543//3543 3541//3541
f 3542//3542 3486//3486 3484//3484
f 3544//3544 3486//3486 3542//3542
f 3487//3487 3543//3543 3485//3485
f 3487//3487 3545//3545 3543//3543
f 3544//3544 3488//3488 3486//3486
f 3546//3546 3488//3488 3544//3544
f 3489//3489 3545//3545 3487//3487
f 3489//3489 3547//3547 3545//3545
f 3546//3546 3490//3490 3488//3488
f 3548//3548 3490//3490 3546//3546
f 3491//3491 3547//3547 3489//3489
f 3491//3491 3549//3549 3547//3547
f 3548//3548 3492//3492 3490//3490
f 3550//3550 3492//3492 3548//3548
f 3493//3493 3549//3549 3491//3491
f 3493//3493 3551//3551 3549//3549
f 3550//3550 3494//3494 3492//3492
f 3552//3552 3494//3494 3550//3550
f 3495//3495 3554//3554 3553//3553
f 3551//3551 3495//3495 3553//3553
f 3493//3493 3495//3495 3551//3551
f 3554//3554 3555//3555 3553//3553
f 3558//3558 3557//3557 3556//3556
f 3552//3552 3558//3558 3556//3556
f 3496//3496 3552//3552 3556//3556
f 3494//3494 3552//3552 3496//3496
f 3497//3497 3554//3554 3495//3495
f 3560//3560 3559//3559 3498//3498
f 3498//3498 3559//3559 3497//3497
f 3559//3559 3555//3555 3497//3497
f 3555//3555 3554//3554 3497//3497
f 3560//3560 3561//3561 3559//3559
f 3564//3564 3563//3563 3562//3562
f 3564//3564 3562//3562 3557//3557
f 3557//3557 3562//3562 3556//3556
f 3562//3562 3499//3499 3556//3556
f 3499//3499 3500//3500 3556//3556
f 3556//3556 3500//3500 3496//3496
f 3501//3501 3560//3560 3498//3498
f 3565//3565 3561//3561 3560//3560
f 3501//3501 3565//3565 3560//3560
f 3502//3502 3565//3565 3501//3501
f 3566//3566 3502//3502 3503//3503
f 3566//3566 3565//3565 3502//3502
f 3567//3567 3503//3503 3505//3505
f 3567//3567 3566//3566 3503//3503
f 3568//3568 3505//3505 3507//3507
f 3568//3568 3567//3567 3505//3505
f 3569//3569 3507//3507 3509//3509
f 3569//3569 3568//3568 3507//3507
f 3510//3510 3562//3562 3563//3563
f 3569//3569 3510//3510 3563//3563
f 3509//3509 3510//3510 3569//3569
f 3562//3562 3510//3510 3499//3499
f 3518//3518 3570//3570 3517//3517
f 3517//3517 3570//3570 3571//3571
f 3572//3572 3517//3517 3571//3571
f 3519//3519 3517//3517 3572//3572
f 3519//3519 3573//3573 3520//3520
f 3572//3572 3573//3573 3519//3519
f 3520//3520 3574//3574 3521//3521
f 3573//3573 3574//3574 3520//3520
f 3521//3521 3575//3575 3522//3522
f 3574//3574 3575//3575 3521//3521
f 3522//3522 3576//3576 3523//3523
f 3575//3575 3576//3576 3522//3522
f 3523//3523 3577//3577 3524//3524
f 3576//3576 3577//3577 3523//3523
f 3524//3524 3578//3578 3525//3525
f 3577//3577 3578//3578 3524//3524
f 3578//3578 3580//3580 3579//3579
f 3527//3527 3578//3578 3579//3579
f 3525//3525 3578//3578 3527//3527
f 3579//3579 3528//3528 3527//3527
f 3582//3582 3581//3581 3570//3570
f 3518//3518 3582//3582 3570//3570
f 3529//3529 3582//3582 3518//3518
f 3570//3570 3581//3581 3571//3571
f 3580//3580 3583//3583 3579//3579
f 3528//3528 3579//3579 3583//3583
f 3584//3584 3528//3528 3583//3583
f 3530//3530 3528//3528 3584//3584
f 3531//3531 3582//3582 3529//3529
f 3531//3531 3585//3585 3582//3582
f 3584//3584 3532//3532 3530//3530
f 3586//3586 3532//3532 3584//3584
f 3533//3533 3585//3585 3531//3531
f 3533//3533 3587//3587 3585//3585
f 3586//3586 3534//3534 3532//3532
f 3588//3588 3534//3534 3586//3586
f 3535//3535 3587//3587 3533//3533
f 3535//3535 3589//3589 3587//3587
f 3588//3588 3536//3536 3534//3534
f 3590//3590 3536//3536 3588//3588
f 3537//3537 3589//3589 3535//3535
f 3537//3537 3591//3591 3589//3589
f 3590//3590 3538//3538 3536//3536
f 3592//3592 3538//3538 3590//3590
f 3539//3539 3591//3591 3537//3537
f 3539//3539 3593//3593 3591//3591
f 3592//3592 3540//3540 3538//3538
f 3594//3594 3540//3540 3592//3592
f 3541//3541 3593//3593 3539//3539
f 3541//3541 3595//3595 3593//3593
f 3594//3594 3542//3542 3540//3540
f 3596//3596 3542//3542 3594//3594
f 3543//3543 3595//3595 3541//3541
f 3543//3543 3597//3597 3595//3595
f 3596//3596 3544//3544 3542//3542
f 3598//3598 3544//3544 3596//3596
f 3545//3545 3597//3597 3543//3543
f 3545//3545 3599//3599 3597//3597
f 3598//3598 3546//3546 3544//3544
f 3600//3600 3546//3546 3598//3598
f 3547//3547 3599//3599 3545//3545
f 3547//3547 3601//3601 3599//3599
f 3600//3600 3548//3548 3546//3546
f 3602//3602 3548//3548 3600//3600
f 3549//3549 3601//3601 3547//3547
f 3549//3549 3603//3603 3601//3601
f 3602//3602 3550//3550 3548//3548
f 3604//3604 3550//3550 3602//3602
f 3551//3551 3606//3606 3605//3605
f 3603//3603 3551//3551 3605//3605
f 3549//3549 3551//3551 3603//3603
f 3606//3606 3607//3607 3605//3605
f 3610//3610 3609//3609 3608//3608
f 3604//3604 3610//3610 3608//3608
f 3552//3552 3604//3604 3608//3608
f 3550//3550 3604//3604 3552//3552
f 3553//3553 3606//3606 3551//3551
f 3553//3553 3555//3555 3606//3606
f 3555//3555 3607//3607 3606//3606
f 3555//3555 3611//3611 3607//3607
f 3608//3608 3609//3609 3558//3558
f 3609//3609 3557//3557 3558//3558
f 3609//3609 3612//3612 3557//3557
f 3608//3608 3558//3558 3552//3552
f 3613//3613 3611//3611 3555//3555
f 3613//3613 3555//3555 3559//3559
f 3615//3615 3614//3614 3561//3561
f 3614//3614 3559//3559 3561//3561
f 3614//3614 3613//3613 3559//3559
f 3617//3617 3616//3616 3615//3615
f 3615//3615 3616//3616 3614//3614
f 3617//3617 3618//3618 3616//3616
f 3621//3621 3620//3620 3619//3619
f 3623//3623 3622//3622 3619//3619
f 3619//3619 3622//3622 3621//3621
f 3563//3563 3564//3564 3623//3623
f 3564//3564 3622//3622 3623//3623
f 3564//3564 3624//3624 3622//3622
f 3564//3564 3557//3557 3612//3612
f 3564//3564 3612//3612 3624//3624
f 3565//3565 3615//3615 3561//3561
f 3615//3615 3565//3565 3566//3566
f 3615//3615 3566//3566 3617//3617
f 3625//3625 3618//3618 3617//3617
f 3566//3566 3625//3625 3617//3617
f 3567//3567 3625//3625 3566//3566
f 3568//3568 3619//3619 3620//3620
f 3625//3625 3568//3568 3620//3620
f 3567//3567 3568//3568 3625//3625
f 3619//3619 3568//3568 3569//3569
f 3619//3619 3569//3569 3623//3623
f 3623//3623 3569//3569 3563//3563
f 3627//3627 3626//3626 3572//3572
f 3627//3627 3572//3572 3571//3571
f 3572//3572 3628//3628 3573//3573
f 3626//3626 3628//3628 3572//3572
f 3573//3573 3629//3629 3574//3574
f 3628//3628 3629//3629 3573//3573
f 3574//3574 3630//3630 3575//3575
f 3629//3629 3630//3630 3574//3574
f 3575//3575 3631//3631 3576//3576
f 3630//3630 3631//3631 3575//3575
f 3576//3576 3632//3632 3577//3577
f 3631//3631 3632//3632 3576//3576
f 3577//3577 3633//3633 3578//3578
f 3632//3632 3633//3633 3577//3577
f 3580//3580 3578//3578 3633//3633
f 3580//3580 3633//3633 3634//3634
f 3582//3582 3635//3635 3581//3581
f 3635//3635 3636//3636 3581//3581
f 3636//3636 3571//3571 3581//3581
f 3636//3636 3627//3627 3571//3571
f 3583//3583 3580//3580 3637//3637
f 3580//3580 3638//3638 3637//3637
f 3580//3580 3634//3634 3638//3638
f 3637//3637 3584//3584 3583//3583
f 3585//3585 3639//3639 3635//3635
f 3585//3585 3635//3635 3582//3582
f 3636//3636 3635//3635 3640//3640
f 3640//3640 3635//3635 3639//3639
f 3637//3637 3638//3638 3641//3641
f 3641//3641 3638//3638 3642//3642
f 3641//3641 3586//3586 3584//3584
f 3641//3641 3584//3584 3637//3637
f 3587//3587 3643//3643 3639//3639
f 3587//3587 3639//3639 3585//3585
f 3640//3640 3639//3639 3644//3644
f 3644//3644 3639//3639 3643//3643
f 3641//3641 3642//3642 3645//3645
f 3645//3645 3642//3642 3646//3646
f 3645//3645 3588//3588 3586//3586
f 3645//3645 3586//3586 3641//3641
f 3589//3589 3647//3647 3643//3643
f 3589//3589 3643//3643 3587//3587
f 3644//3644 3643//3643 3648//3648
f 3648//3648 3643//3643 3647//3647
f 3645//3645 3646//3646 3649//3649
f 3649//3649 3646//3646 3650//3650
f 3649//3649 3590//3590 3588//3588
f 3649//3649 3588//3588 3645//3645
f 3591//3591 3651//3651 3647//3647
f 3591//3591 3647//3647 3589//3589
f 3648//3648 3647//3647 3652//3652
f 3652//3652 3647//3647 3651//3651
f 3649//3649 3650//3650 3653//3653
f 3653//3653 3650//3650 3654//3654
f 3653//3653 3592//3592 3590//3590
f 3653//3653 3590//3590 3649//3649
f 3593//3593 3655//3655 3651//3651
f 3593//3593 3651//3651 3591//3591
f 3652//3652 3651//3651 3656//3656
f 3656//3656 3651//3651 3655//3655
f 3653//3653 3654//3654 3657//3657
f 3657//3657 3654//3654 3658//3658
f 3657//3657 3594//3594 3592//3592
f 3657//3657 3592//3592 3653//3653
f 3595//3595 3659//3659 3655//3655
f 3595//3595 3655//3655 3593//3593
f 3656//3656 3655//3655 3660//3660
f 3660//3660 3655//3655 3659//3659
f 3657//3657 3658//3658 3661//3661
f 3661//3661 3658//3658 3662//3662
f 3661//3661 3596//3596 3594//3594
f 3661//3661 3594//3594 3657//3657
f 3597//3597 3663//3663 3659//3659
f 3597//3597 3659//3659 3595//3595
f 3660//3660 3659//3659 3664//3664
f 3664//3664 3659//3659 3663//3663
f 3661//3661 3662//3662 3665//3665
f 3665//3665 3662//3662 3666//3666
f 3665//3665 3598//3598 3596//3596
f 3665//3665 3596//3596 3661//3661
f 3599//3599 3667//3667 3663//3663
f 3599//3599 3663//3663 3597//3597
f 3664//3664 3663//3663 3668//3668
f 3668//3668 3663//3663 3667//3667
f 3665//3665 3666//3666 3669//3669
f 3669//3669 3666//3666 3670//3670
f 3669//3669 3600//3600 3598//3598
f 3669//3669 3598//3598 3665//3665
f 3601//3601 3671//3671 3667//3667
f 3601//3601 3667//3667 3599//3599
f 3668//3668 3667//3667 3672//3672
f 3672//3672 3667//3667 3671//3671
f 3669//3669 3670//3670 3673//3673
f 3673//3673 3670//3670 3674//3674
f 3673//3673 3602//3602 3600//3600
f 3673//3673 3600//3600 3669//3669
f 3603//3603 3675//3675 3671//3671
f 3603//3603 3671//3671 3601//3601
f 3672//3672 3671//3671 3676//3676
f 3676//3676 3671//3671 3675//3675
f 3673//3673 3674//3674 3677//3677
f 3677//3677 3674//3674 3678//3678
f 3677//3677 3604//3604 3602//3602
f 3677//3677 3602//3602 3673//3673
f 3605//3605 3675//3675 3603//3603
f 3680//3680 3679//3679 3607//3607
f 3607//3607 3679//3679 3605//3605
f 3679//3679 3676//3676 3605//3605
f 3676//3676 3675//3675 3605//3605
f 3680//3680 3681//3681 3679//3679
f 3684//3684 3683//3683 3682//3682
f 3684//3684 3682//3682 3678//3678
f 3678//3678 3682//3682 3677//3677
f 3682//3682 3609//3609 3677//3677
f 3609//3609 3610//3610 3677//3677
f 3677//3677 3610//3610 3604//3604
f 3611//3611 3685//3685 3680//3680
f 3611//3611 3680//3680 3607//3607
f 3681//3681 3680//3680 3686//3686
f 3680//3680 3687//3687 3686//3686
f 3680//3680 3685//3685 3687//3687
f 3687//3687 3688//3688 3686//3686
f 3691//3691 3690//3690 3689//3689
f 3691//3691 3689//3689 3683//3683
f 3689//3689 3682//3682 3683//3683
f 3689//3689 3692//3692 3682//3682
f 3692//3692 3612//3612 3609//3609
f 3692//3692 3609//3609 3682//3682
f 3613//3613 3685//3685 3611//3611
f 3685//3685 3613//3613 3614//3614
f 3685//3685 3614//3614 3687//3687
f 3693//3693 3688//3688 3687//3687
f 3614//3614 3693//3693 3687//3687
f 3616//3616 3693//3693 3614//3614
f 3695//3695 3694//3694 3618//3618
f 3694//3694 3616//3616 3618//3618
f 3694//3694 3693//3693 3616//3616
f 3620//3620 3621//3621 3695//3695
f 3621//3621 3694//3694 3695//3695
f 3621//3621 3696//3696 3694//3694
f 3622//3622 3689//3689 3690//3690
f 3696//3696 3622//3622 3690//3690
f 3621//3621 3622//3622 3696//3696
f 3689//3689 3622//3622 3624//3624
f 3689//3689 3624//3624 3692//3692
f 3692//3692 3624//3624 3612//3612
f 3625//3625 3695//3695 3618//3618
f 3695//3695 3625//3625 3620//3620
f 3627//3627 3697//3697 3626//3626
f 3626//3626 3697//3697 3698//3698
f 3699//3699 3626//3626 3698//3698
f 3628//3628 3626//3626 3699//3699
f 3628//3628 3700//3700 3629//3629
f 3699//3699 3700//3700 3628//3628
f 3629//3629 3701//3701 3630//3630
f 3700//3700 3701//3701 3629//3629
f 3630//3630 3702//3702 3631//3631
f 3701//3701 3702//3702 3630//3630
f 3631//3631 3703//3703 3632//3632
f 3702//3702 3703//3703 3631//3631
f 3703//3703 3705//3705 3704//3704
f 3633//3633 3703//3703 3704//3704
f 3632//3632 3703//3703 3633//3633
f 3704//3704 3634//3634 3633//3633
f 3707//3707 3706//3706 3697//3697
f 3627//3627 3707//3707 3697//3697
f 3636//3636 3707//3707 3627//3627
f 3697//3697 3706//3706 3698//3698
f 3705//3705 3708//3708 3704//3704
f 3634//3634 3704//3704 3708//3708
f 3709//3709 3634//3634 3708//3708
f 3638//3638 3634//3634 3709//3709
f 3640//3640 3707//3707 3636//3636
f 3640//3640 3710//3710 3707//3707
f 3709//3709 3642//3642 3638//3638
f 3711//3711 3642//3642 3709//3709
f 3644//3644 3710//3710 3640//3640
f 3644//3644 3712//3712 3710//3710
f 3711//3711 3646//3646 3642//3642
f 3713//3713 3646//3646 3711//3711
f 3648//3648 3715//3715 3714//3714
f 3712//3712 3648//3648 3714//3714
f 3644//3644 3648//3648 3712//3712
f 3715//3715 3716//3716 3714//3714
f 3719//3719 3718//3718 3717//3717
f 3713//3713 3719//3719 3717//3717
f 3650//3650 3713//3713 3717//3717
f 3646//3646 3713//3713 3650//3650
f 3652//3652 3720//3720 3715//3715
f 3652//3652 3715//3715 3648//3648
f 3716//3716 3715//3715 3721//3721
f 3721//3721 3715//3715 3720//3720
f 3717//3717 3718//3718 3722//3722
f 3722//3722 3718//3718 3723//3723
f 3722//3722 3654//3654 3650//3650
f 3722//3722 3650//3650 3717//3717
f 3656//3656 3724//3724 3720//3720
f 3656//3656 3720//3720 3652//3652
f 3721//3721 3720//3720 3725//3725
f 3725//3725 3720//3720 3724//3724
f 3722//3722 3723//3723 3726//3726
f 3726//3726 3723//3723 3727//3727
f 3726//3726 3658//3658 3654//3654
f 3726//3726 3654//3654 3722//3722
f 3660//3660 3728//3728 3724//3724
f 3660//3660 3724//3724 3656//3656
f 3725//3725 3724//3724 3729//3729
f 3729//3729 3724//3724 3728//3728
f 3726//3726 3727//3727 3730//3730
f 3730//3730 3727//3727 3731//3731
f 3730//3730 3662//3662 3658//3658
f 3730//3730 3658//3658 3726//3726
f 3664//3664 3732//3732 3728//3728
f 3664//3664 3728//3728 3660//3660
f 3729//3729 3728//3728 3733//3733
f 3733//3733 3728//3728 3732//3732
f 3730//3730 3731//3731 3734//3734
f 3734//3734 3731//3731 3735//3735
f 3734//3734 3666//3666 3662//3662
f 3734//3734 3662//3662 3730//3730
f 3668//3668 3736//3736 3732//3732
f 3668//3668 3732//3732 3664//3664
f 3733//3733 3732//3732 3737//3737
f 3737//3737 3732//3732 3736//3736
f 3734//3734 3735//3735 3738//3738
f 3738//3738 3735//3735 3739//3739
f 3738//3738 3670//3670 3666//3666
f 3738//3738 3666//3666 3734//3734
f 3672//3672 3740//3740 3736//3736
f 3672//3672 3736//3736 3668//3668
f 3737//3737 3736//3736 3741//3741
f 3741//3741 3736//3736 3740//3740
f 3738//3738 3739//3739 3742//3742
f 3742//3742 3739//3739 3743//3743
f 3742//3742 3674//3674 3670//3670
f 3742//3742 3670//3670 3738//3738
f 3676//3676 3744//3744 3740//3740
f 3676//3676 3740//3740 3672//3672
f 3741//3741 3740//3740 3745//3745
f 3740//3740 3746//3746 3745//3745
f 3740//3740 3744//3744 3746//3746
f 3746//3746 3747//3747 3745//3745
f 3750//3750 3749//3749 3748//3748
f 3750//3750 3748//3748 3743//3743
f 3748//3748 3742//3742 3743//3743
f 3748//3748 3751//3751 3742//3742
f 3751//3751 3678//3678 3674//3674
f 3751//3751 3674//3674 3742//3742
f 3679//3679 3744//3744 3676//3676
f 3744//3744 3679//3679 3681//3681
f 3752//3752 3744//3744 3681//3681
f 3746//3746 3744//3744 3752//3752
f 3747//3747 3746//3746 3753//3753
f 3746//3746 3754//3754 3753//3753
f 3746//3746 3752//3752 3754//3754
f 3756//3756 3755//3755 3754//3754
f 3754//3754 3755//3755 3753//3753
f 3758//3758 3757//3757 3756//3756
f 3756//3756 3757//3757 3755//3755
f 3757//3757 3758//3758 3749//3749
f 3758//3758 3748//3748 3749//3749
f 3758//3758 3759//3759 3748//3748
f 3759//3759 3683//3683 3684//3684
f 3751//3751 3759//3759 3684//3684
f 3748//3748 3759//3759 3751//3751
f 3751//3751 3684//3684 3678//3678
f 3686//3686 3752//3752 3681//3681
f 3752//3752 3686//3686 3688//3688
f 3760//3760 3752//3752 3688//3688
f 3754//3754 3752//3752 3760//3760
f 3754//3754 3761//3761 3756//3756
f 3754//3754 3760//3760 3761//3761
f 3756//3756 3762//3762 3758//3758
f 3756//3756 3761//3761 3762//3762
f 3762//3762 3690//3690 3691//3691
f 3759//3759 3762//3762 3691//3691
f 3758//3758 3762//3762 3759//3759
f 3759//3759 3691//3691 3683//3683
f 3693//3693 3760//3760 3688//3688
f 3760//3760 3693//3693 3694//3694
f 3760//3760 3694//3694 3761//3761
f 3761//3761 3694//3694 3696//3696
f 3761//3761 3696//3696 3762//3762
f 3762//3762 3696//3696 3690//3690
f 3698//3698 3763//3763 3699//3699
f 3699//3699 3763//3763 3764//3764
f 3765//3765 3699//3699 3764//3764
f 3700//3700 3699//3699 3765//3765
f 3700//3700 3766//3766 3701//3701
f 3765//3765 3766//3766 3700//3700
f 3701//3701 3767//3767 3702//3702
f 3766//3766 3767//3767 3701//3701
f 3767//3767 3769//3769 3768//3768
f 3703//3703 3767//3767 3768//3768
f 3702//3702 3767//3767 3703//3703
f 3768//3768 3705//3705 3703//3703
f 3707//3707 3770//3770 3706//3706
f 3763//3763 3698//3698 3706//3706
f 3770//3770 3763//3763 3706//3706
f 3771//3771 3763//3763 3770//3770
f 3764//3764 3763//3763 3772//3772
f 3772//3772 3763//3763 3771//3771
f 3768//3768 3769//3769 3773//3773
f 3773//3773 3769//3769 3774//3774
f 3775//3775 3708//3708 3705//3705
f 3768//3768 3775//3775 3705//3705
f 3773//3773 3775//3775 3768//3768
f 3775//3775 3709//3709 3708//3708
f 3710//3710 3776//3776 3770//3770
f 3710//3710 3770//3770 3707//3707
f 3770//3770 3777//3777 3771//3771
f 3770//3770 3776//3776 3777//3777
f 3772//3772 3771//3771 3778//3778
f 3778//3778 3771//3771 3777//3777
f 3773//3773 3774//3774 3779//3779
f 3779//3779 3774//3774 3780//3780
f 3773//3773 3781//3781 3775//3775
f 3773//3773 3779//3779 3781//3781
f 3781//3781 3711//3711 3709//3709
f 3781//3781 3709//3709 3775//3775
f 3712//3712 3782//3782 3776//3776
f 3712//3712 3776//3776 3710//3710
f 3776//3776 3783//3783 3777//3777
f 3776//3776 3782//3782 3783//3783
f 3778//3778 3777//3777 3784//3784
f 3784//3784 3777//3777 3783//3783
f 3779//3779 3780//3780 3785//3785
f 3785//3785 3780//3780 3786//3786
f 3779//3779 3787//3787 3781//3781
f 3779//3779 3785//3785 3787//3787
f 3787//3787 3713//3713 3711//3711
f 3787//3787 3711//3711 3781//3781
f 3714//3714 3782//3782 3712//3712
f 3782//3782 3714//3714 3716//3716
f 3788//3788 3782//3782 3716//3716
f 3783//3783 3782//3782 3788//3788
f 3784//3784 3783//3783 3789//3789
f 3789//3789 3783//3783 3788//3788
f 3785//3785 3786//3786 3790//3790
f 3790//3790 3786//3786 3791//3791
f 3790//3790 3718//3718 3719//3719
f 3787//3787 3790//3790 3719//3719
f 3785//3785 3790//3790 3787//3787
f 3787//3787 3719//3719 3713//3713
f 3721//3721 3792//3792 3788//3788
f 3721//3721 3788//3788 3716//3716
f 3789//3789 3788//3788 3793//3793
f 3788//3788 3794//3794 3793//3793
f 3788//3788 3792//3792 3794//3794
f 3794//3794 3795//3795 3793//3793
f 3798//3798 3797//3797 3796//3796
f 3798//3798 3796//3796 3791//3791
f 3796//3796 3790//3790 3791//3791
f 3796//3796 3799//3799 3790//3790
f 3799//3799 3723//3723 3718//3718
f 3799//3799 3718//3718 3790//3790
f 3725//3725 3800//3800 3792//3792
f 3725//3725 3792//3792 3721//3721
f 3792//3792 3801//3801 3794//3794
f 3792//3792 3800//3800 3801//3801
f 3795//3795 3794//3794 3802//3802
f 3802//3802 3794//3794 3801//3801
f 3796//3796 3797//3797 3803//3803
f 3803//3803 3797//3797 3804//3804
f 3796//3796 3805//3805 3799//3799
f 3796//3796 3803//3803 3805//3805
f 3805//3805 3727//3727 3723//3723
f 3805//3805 3723//3723 3799//3799
f 3729//3729 3806//3806 3800//3800
f 3729//3729 3800//3800 3725//3725
f 3800//3800 3807//3807 3801//3801
f 3800//3800 3806//3806 3807//3807
f 3802//3802 3801//3801 3808//3808
f 3801//3801 3809//3809 3808//3808
f 3801//3801 3807//3807 3809//3809
f 3808//3808 3809//3809 3804//3804
f 3809//3809 3803//3803 3804//3804
f 3809//3809 3810//3810 3803//3803
f 3803//3803 3811//3811 3805//3805
f 3803//3803 3810//3810 3811//3811
f 3811//3811 3731//3731 3727//3727
f 3811//3811 3727//3727 3805//3805
f 3733//3733 3812//3812 3806//3806
f 3733//3733 3806//3806 3729//3729
f 3806//3806 3813//3813 3807//3807
f 3806//3806 3812//3812 3813//3813
f 3807//3807 3814//3814 3809//3809
f 3807//3807 3813//3813 3814//3814
f 3809//3809 3815//3815 3810//3810
f 3809//3809 3814//3814 3815//3815
f 3810//3810 3816//3816 3811//3811
f 3810//3810 3815//3815 3816//3816
f 3816//3816 3735//3735 3731//3731
f 3816//3816 3731//3731 3811//3811
f 3737//3737 3817//3817 3812//3812
f 3737//3737 3812//3812 3733//3733
f 3812//3812 3818//3818 3813//3813
f 3812//3812 3817//3817 3818//3818
f 3813//3813 3819//3819 3814//3814
f 3813//3813 3818//3818 3819//3819
f 3814//3814 3820//3820 3815//3815
f 3814//3814 3819//3819 3820//3820
f 3815//3815 3821//3821 3816//3816
f 3815//3815 3820//3820 3821//3821
f 3821//3821 3739//3739 3735//3735
f 3821//3821 3735//3735 3816//3816
f 3741//3741 3822//3822 3817//3817
f 3741//3741 3817//3817 3737//3737
f 3817//3817 3823//3823 3818//3818
f 3817//3817 3822//3822 3823//3823
f 3818//3818 3824//3824 3819//3819
f 3818//3818 3823//3823 3824//3824
f 3819//3819 3825//3825 3820//3820
f 3819//3819 3824//3824 3825//3825
f 3820//3820 3826//3826 3821//3821
f 3820//3820 3825//3825 3826//3826
f 3826//3826 3743//3743 3739//3739
f 3826//3826 3739//3739 3821//3821
f 3745//3745 3822//3822 3741//3741
f 3822//3822 3745//3745 3747//3747
f 3827//3827 3822//3822 3747//3747
f 3823//3823 3822//3822 3827//3827
f 3823//3823 3828//3828 3824//3824
f 3823//3823 3827//3827 3828//3828
f 3824//3824 3829//3829 3825//3825
f 3824//3824 3828//3828 3829//3829
f 3829//3829 3749//3749 3750//3750
f 3826//3826 3829//3829 3750//3750
f 3825//3825 3829//3829 3826//3826
f 3826//3826 3750//3750 3743//3743
f 3753//3753 3827//3827 3747//3747
f 3827//3827 3753//3753 3755//3755
f 3827//3827 3755//3755 3828//3828
f 3828//3828 3755//3755 3757//3757
f 3828//3828 3757//3757 3829//3829
f 3829//3829 3757//3757 3749//3749
f 3764//3764 3830//3830 3765//3765
f 3831//3831 3766//3766 3765//3765
f 3831//3831 3765//3765 3830//3830
f 3832//3832 3767//3767 3766//3766
f 3832//3832 3766//3766 3831//3831
f 3832//3832 3769//3769 3767//3767
f 3772//3772 3833//3833 3830//3830
f 3772//3772 3830//3830 3764//3764
f 3830//3830 3834//3834 3831//3831
f 3830//3830 3833//3833 3834//3834
f 3831//3831 3835//3835 3832//3832
f 3831//3831 3834//3834 3835//3835
f 3835//3835 3774//3774 3769//3769
f 3835//3835 3769//3769 3832//3832
f 3778//3778 3836//3836 3833//3833
f 3778//3778 3833//3833 3772//3772
f 3833//3833 3837//3837 3834//3834
f 3833//3833 3836//3836 3837//3837
f 3834//3834 3838//3838 3835//3835
f 3834//3834 3837//3837 3838//3838
f 3838//3838 3780//3780 3774//3774
f 3838//3838 3774//3774 3835//3835
f 3784//3784 3839//3839 3836//3836
f 3784//3784 3836//3836 3778//3778
f 3836//3836 3840//3840 3837//3837
f 3836//3836 3839//3839 3840//3840
f 3837//3837 3841//3841 3838//3838
f 3837//3837 3840//3840 3841//3841
f 3841//3841 3786//3786 3780//3780
f 3841//3841 3780//3780 3838//3838
f 3789//3789 3842//3842 3839//3839
f 3789//3789 3839//3839 3784//3784
f 3839//3839 3843//3843 3840//3840
f 3839//3839 3842//3842 3843//3843
f 3840//3840 3844//3844 3841//3841
f 3840//3840 3843//3843 3844//3844
f 3844//3844 3791//3791 3786//3786
f 3844//3844 3786//3786 3841//3841
f 3793//3793 3842//3842 3789//3789
f 3842//3842 3793//3793 3795//3795
f 3845//3845 3842//3842 3795//3795
f 3843//3843 3842//3842 3845//3845
f 3845//3845 3797//3797 3798//3798
f 3844//3844 3845//3845 3798//3798
f 3843//3843 3845//3845 3844//3844
f 3844//3844 3798//3798 3791//3791
f 3802//3802 3846//3846 3845//3845
f 3802//3802 3845//3845 3795//3795
f 3846//3846 3804//3804 3797//3797
f 3846//3846 3797//3797 3845//3845
f 3808//3808 3846//3846 3802//3802
f 3846//3846 3808//3808 3804//3804
