# M5 joined static surface: JoinedTrousers; Y up; metres; front -Z
v -0.1073301 0.7800000 -0.0010000
v -0.1070000 0.7733315 -0.0010000
v -0.1070000 0.7800000 -0.0039007
v -0.1070000 0.7800000 0.0031718
v -0.1078532 0.7910000 -0.0010000
v -0.1070000 0.7910000 -0.0084814
v -0.1070000 0.7910000 0.0097598
v -0.1070947 0.8020000 -0.0120000
v -0.1070000 0.7999369 -0.0120000
v -0.1070000 0.8020000 -0.0123164
v -0.1083490 0.8020000 -0.0010000
v -0.1070000 0.7914236 0.0100000
v -0.1074830 0.8020000 0.0100000
v -0.1070000 0.8020000 0.0118120
v -0.1075725 0.8130000 -0.0120000
v -0.1070000 0.8130000 -0.0139075
v -0.1088187 0.8130000 -0.0010000
v -0.1079584 0.8130000 0.0100000
v -0.1070000 0.8130000 0.0135873
v -0.1080802 0.8240000 -0.0120000
v -0.1070000 0.8240000 -0.0155431
v -0.1093306 0.8240000 -0.0010000
v -0.1084681 0.8240000 0.0100000
v -0.1070000 0.8240000 0.0154107
v -0.1089187 0.8350000 -0.0120000
v -0.1070000 0.8350000 -0.0180040
v -0.1101897 0.8350000 -0.0010000
v -0.1093146 0.8350000 0.0100000
v -0.1070000 0.8350000 0.0181568
v -0.1102982 0.8460000 -0.0120000
v -0.1070000 0.8460000 -0.0219978
v -0.1115914 0.8460000 -0.0010000
v -0.1106990 0.8460000 0.0100000
v -0.1070000 0.8419027 0.0210000
v -0.1075243 0.8460000 0.0210000
v -0.1070000 0.8460000 0.0220502
v -0.1074767 0.8570000 -0.0230000
v -0.1070000 0.8506140 -0.0230000
v -0.1070000 0.8570000 -0.0238803
v -0.1111862 0.8570000 -0.0120000
v -0.1125168 0.8570000 -0.0010000
v -0.1115984 0.8570000 0.0100000
v -0.1083431 0.8570000 0.0210000
v -0.1070000 0.8570000 0.0236568
v -0.1089640 0.8680000 -0.0230000
v -0.1070000 0.8680000 -0.0265874
v -0.1126443 0.8680000 -0.0120000
v -0.1139618 0.8680000 -0.0010000
v -0.1130528 0.8680000 0.0100000
v -0.1098211 0.8680000 0.0210000
v -0.1070000 0.8680000 0.0265204
v -0.1106055 0.8790000 -0.0230000
v -0.1070000 0.8790000 -0.0295491
v -0.1142173 0.8790000 -0.0120000
v -0.1155070 0.8790000 -0.0010000
v -0.1146173 0.8790000 0.0100000
v -0.1114477 0.8790000 0.0210000
v -0.1070000 0.8790000 0.0296576
v -0.1113690 0.8900000 -0.0230000
v -0.1070000 0.8900000 -0.0310087
v -0.1149060 0.8900000 -0.0120000
v -0.1161676 0.8900000 -0.0010000
v -0.1152974 0.8900000 0.0100000
v -0.1121942 0.8900000 0.0210000
v -0.1070000 0.8900000 0.0312043
v -0.1117311 0.9010000 -0.0230000
v -0.1070000 0.9010000 -0.0317835
v -0.1152020 0.9010000 -0.0120000
v -0.1164395 0.9010000 -0.0010000
v -0.1155860 0.9010000 0.0100000
v -0.1125411 0.9010000 0.0210000
v -0.1070000 0.9006623 0.0320000
v -0.1070137 0.9010000 0.0320000
v -0.1070000 0.9010000 0.0320195
v -0.1120467 0.9120000 -0.0230000
v -0.1070000 0.9120000 -0.0324732
v -0.1154611 0.9120000 -0.0120000
v -0.1166777 0.9120000 -0.0010000
v -0.1158388 0.9120000 0.0100000
v -0.1128437 0.9120000 0.0210000
v -0.1074036 0.9120000 0.0320000
v -0.1070000 0.9120000 0.0325837
v -0.1123090 0.9230000 -0.0230000
v -0.1070000 0.9230000 -0.0331039
v -0.1156905 0.9230000 -0.0120000
v -0.1168941 0.9230000 -0.0010000
v -0.1160672 0.9230000 0.0100000
v -0.1130962 0.9230000 0.0210000
v -0.1077455 0.9230000 0.0320000
v -0.1070000 0.9230000 0.0330888
v -0.1118937 0.9340000 -0.0230000
v -0.1070000 0.9340000 -0.0326428
v -0.1154388 0.9340000 -0.0120000
v -0.1166885 0.9340000 -0.0010000
v -0.1158409 0.9340000 0.0100000
v -0.1126960 0.9340000 0.0210000
v -0.1074519 0.9340000 0.0320000
v -0.1070000 0.9340000 0.0326735
v -0.1070482 0.9450000 -0.0230000
v -0.1070000 0.9450000 -0.0230935
v -0.1111201 0.9450000 -0.0120000
v -0.1126258 0.9450000 -0.0010000
v -0.1115800 0.9450000 0.0100000
v -0.1078855 0.9450000 0.0210000
v -0.1070000 0.9450000 0.0227982
v -0.1070000 0.9354319 0.0320000
v -0.1070000 0.9450547 -0.0230000
v -0.1070000 0.9492856 -0.0120000
v -0.1070000 0.9508646 -0.0010000
v -0.1070000 0.9497777 0.0100000
v -0.1070000 0.9459919 0.0210000
v -0.0978101 0.0980000 -0.0120000
v -0.0960000 0.0958212 -0.0120000
v -0.0960000 0.0980000 -0.0166167
v -0.0994806 0.0980000 -0.0010000
v -0.0960000 0.0943156 -0.0010000
v -0.0983177 0.0980000 0.0100000
v -0.0960000 0.0953218 0.0100000
v -0.0960000 0.0980000 0.0166068
v -0.1002929 0.1090000 -0.0120000
v -0.0960000 0.1090000 -0.0221872
v -0.1019340 0.1090000 -0.0010000
v -0.1008072 0.1090000 0.0100000
v -0.0960000 0.1052590 0.0210000
v -0.0967191 0.1090000 0.0210000
v -0.0960000 0.1090000 0.0221595
v -0.0962338 0.1200000 -0.0230000
v -0.0960000 0.1157453 -0.0230000
v -0.0960000 0.1200000 -0.0233512
v -0.1008980 0.1200000 -0.0120000
v -0.1025293 0.1200000 -0.0010000
v -0.1014071 0.1200000 0.0100000
v -0.0973309 0.1200000 0.0210000
v -0.0960000 0.1200000 0.0231364
v -0.0962892 0.1310000 -0.0230000
v -0.0960000 0.1310000 -0.0234346
v -0.1009489 0.1310000 -0.0120000
v -0.1025801 0.1310000 -0.0010000
v -0.1014572 0.1310000 0.0100000
v -0.0973851 0.1310000 0.0210000
v -0.0960000 0.1310000 0.0232239
v -0.0962364 0.1420000 -0.0230000
v -0.0960000 0.1420000 -0.0233557
v -0.1008958 0.1420000 -0.0120000
v -0.1025274 0.1420000 -0.0010000
v -0.1014042 0.1420000 0.0100000
v -0.0973322 0.1420000 0.0210000
v -0.0960000 0.1420000 0.0231411
v -0.0961507 0.1530000 -0.0230000
v -0.0960000 0.1530000 -0.0232271
v -0.1008097 0.1530000 -0.0120000
v -0.1024417 0.1530000 -0.0010000
v -0.1013181 0.1530000 0.0100000
v -0.0972461 0.1530000 0.0210000
v -0.0960000 0.1530000 0.0230063
v -0.0960353 0.1640000 -0.0230000
v -0.0960000 0.1640000 -0.0230533
v -0.1006936 0.1640000 -0.0120000
v -0.1023261 0.1640000 -0.0010000
v -0.1012022 0.1640000 0.0100000
v -0.0971303 0.1640000 0.0210000
v -0.0960000 0.1640000 0.0228241
v -0.0960000 0.1667269 -0.0230000
v -0.0960000 0.1750000 -0.0227693
v -0.1005503 0.1750000 -0.0120000
v -0.1021835 0.1750000 -0.0010000
v -0.1010590 0.1750000 0.0100000
v -0.0969875 0.1750000 0.0210000
v -0.0960000 0.1750000 0.0225982
v -0.1003826 0.1860000 -0.0120000
v -0.0960000 0.1860000 -0.0224082
v -0.1020165 0.1860000 -0.0010000
v -0.1008914 0.1860000 0.0100000
v -0.0968204 0.1860000 0.0210000
v -0.0960000 0.1860000 0.0223323
v -0.1001931 0.1970000 -0.0120000
v -0.0960000 0.1970000 -0.0219975
v -0.1018278 0.1970000 -0.0010000
v -0.1007021 0.1970000 0.0100000
v -0.0966318 0.1970000 0.0210000
v -0.0960000 0.1970000 0.0220300
v -0.0999847 0.2080000 -0.0120000
v -0.0960000 0.2080000 -0.0215420
v -0.1016200 0.2080000 -0.0010000
v -0.1004938 0.2080000 0.0100000
v -0.0964244 0.2080000 0.0210000
v -0.0960000 0.2080000 0.0216949
v -0.0997600 0.2190000 -0.0120000
v -0.0960000 0.2190000 -0.0210468
v -0.1013959 0.2190000 -0.0010000
v -0.1002692 0.2190000 0.0100000
v -0.0962011 0.2190000 0.0210000
v -0.0960000 0.2190000 0.0213309
v -0.0995217 0.2300000 -0.0120000
v -0.0960000 0.2300000 -0.0205167
v -0.1011582 0.2300000 -0.0010000
v -0.1000310 0.2300000 0.0100000
v -0.0960000 0.2300000 0.0209119
v -0.0960000 0.2283527 0.0210000
v -0.0992726 0.2410000 -0.0120000
v -0.0960000 0.2410000 -0.0199570
v -0.1009096 0.2410000 -0.0010000
v -0.0997819 0.2410000 0.0100000
v -0.0960000 0.2410000 0.0202931
v -0.0990155 0.2520000 -0.0120000
v -0.0960000 0.2520000 -0.0193729
v -0.1006527 0.2520000 -0.0010000
v -0.0995247 0.2520000 0.0100000
v -0.0960000 0.2520000 0.0196473
v -0.0987528 0.2630000 -0.0120000
v -0.0960000 0.2630000 -0.0187700
v -0.1003902 0.2630000 -0.0010000
v -0.0992620 0.2630000 0.0100000
v -0.0960000 0.2630000 0.0189804
v -0.0984875 0.2740000 -0.0120000
v -0.0960000 0.2740000 -0.0181539
v -0.1001249 0.2740000 -0.0010000
v -0.0989966 0.2740000 0.0100000
v -0.0960000 0.2740000 0.0182989
v -0.0982222 0.2850000 -0.0120000
v -0.0960000 0.2850000 -0.0175305
v -0.0998593 0.2850000 -0.0010000
v -0.0987311 0.2850000 0.0100000
v -0.0960000 0.2850000 0.0176093
v -0.0979595 0.2960000 -0.0120000
v -0.0960000 0.2960000 -0.0169061
v -0.0995963 0.2960000 -0.0010000
v -0.0984682 0.2960000 0.0100000
v -0.0960000 0.2960000 0.0169184
v -0.0977021 0.3070000 -0.0120000
v -0.0960000 0.3070000 -0.0162872
v -0.0993384 0.3070000 -0.0010000
v -0.0982105 0.3070000 0.0100000
v -0.0960000 0.3070000 0.0162334
v -0.0974527 0.3180000 -0.0120000
v -0.0960000 0.3180000 -0.0156805
v -0.0990883 0.3180000 -0.0010000
v -0.0979608 0.3180000 0.0100000
v -0.0960000 0.3180000 0.0155618
v -0.0972140 0.3290000 -0.0120000
v -0.0960000 0.3290000 -0.0150931
v -0.0988488 0.3290000 -0.0010000
v -0.0977217 0.3290000 0.0100000
v -0.0960000 0.3290000 0.0149114
v -0.0969885 0.3400000 -0.0120000
v -0.0960000 0.3400000 -0.0145322
v -0.0986224 0.3400000 -0.0010000
v -0.0974959 0.3400000 0.0100000
v -0.0960000 0.3400000 0.0142904
v -0.0967790 0.3510000 -0.0120000
v -0.0960000 0.3510000 -0.0140056
v -0.0984119 0.3510000 -0.0010000
v -0.0972859 0.3510000 0.0100000
v -0.0960000 0.3510000 0.0137071
v -0.0965880 0.3620000 -0.0120000
v -0.0960000 0.3620000 -0.0135209
v -0.0982200 0.3620000 -0.0010000
v -0.0970946 0.3620000 0.0100000
v -0.0960000 0.3620000 0.0131703
v -0.0964181 0.3730000 -0.0120000
v -0.0960000 0.3730000 -0.0130862
v -0.0980492 0.3730000 -0.0010000
v -0.0969244 0.3730000 0.0100000
v -0.0960000 0.3730000 0.0126887
v -0.0962721 0.3840000 -0.0120000
v -0.0960000 0.3840000 -0.0127095
v -0.0979024 0.3840000 -0.0010000
v -0.0967781 0.3840000 0.0100000
v -0.0960000 0.3840000 0.0122714
v -0.0961526 0.3950000 -0.0120000
v -0.0960000 0.3950000 -0.0123990
v -0.0977821 0.3950000 -0.0010000
v -0.0966582 0.3950000 0.0100000
v -0.0960000 0.3950000 0.0119273
v -0.0960621 0.4060000 -0.0120000
v -0.0960000 0.4060000 -0.0121627
v -0.0976910 0.4060000 -0.0010000
v -0.0965675 0.4060000 0.0100000
v -0.0960000 0.4060000 0.0116655
v -0.0960033 0.4170000 -0.0120000
v -0.0960000 0.4170000 -0.0120087
v -0.0976318 0.4170000 -0.0010000
v -0.0965086 0.4170000 0.0100000
v -0.0960000 0.4170000 0.0114948
v -0.0960000 0.4184558 -0.0120000
v -0.0960000 0.4280000 -0.0118592
v -0.0976066 0.4280000 -0.0010000
v -0.0964836 0.4280000 0.0100000
v -0.0960000 0.4280000 0.0114223
v -0.0976141 0.4390000 -0.0010000
v -0.0960000 0.4390000 -0.0119124
v -0.0964916 0.4390000 0.0100000
v -0.0960000 0.4390000 0.0114461
v -0.0960233 0.4500000 -0.0120000
v -0.0960000 0.4430264 -0.0120000
v -0.0960000 0.4500000 -0.0120612
v -0.0976487 0.4500000 -0.0010000
v -0.0965276 0.4500000 0.0100000
v -0.0960000 0.4500000 0.0115529
v -0.0960862 0.4610000 -0.0120000
v -0.0960000 0.4610000 -0.0122267
v -0.0977081 0.4610000 -0.0010000
v -0.0965895 0.4610000 0.0100000
v -0.0960000 0.4610000 0.0117362
v -0.0961737 0.4720000 -0.0120000
v -0.0960000 0.4720000 -0.0124573
v -0.0977908 0.4720000 -0.0010000
v -0.0966755 0.4720000 0.0100000
v -0.0960000 0.4720000 0.0119916
v -0.0962841 0.4830000 -0.0120000
v -0.0960000 0.4830000 -0.0127490
v -0.0978952 0.4830000 -0.0010000
v -0.0967841 0.4830000 0.0100000
v -0.0960000 0.4830000 0.0123147
v -0.0964158 0.4940000 -0.0120000
v -0.0960000 0.4940000 -0.0130979
v -0.0980199 0.4940000 -0.0010000
v -0.0969136 0.4940000 0.0100000
v -0.0960000 0.4940000 0.0127011
v -0.0965673 0.5050000 -0.0120000
v -0.0960000 0.5050000 -0.0135000
v -0.0981633 0.5050000 -0.0010000
v -0.0970626 0.5050000 0.0100000
v -0.0960000 0.5050000 0.0131465
v -0.0967367 0.5160000 -0.0120000
v -0.0960000 0.5160000 -0.0139514
v -0.0983239 0.5160000 -0.0010000
v -0.0972293 0.5160000 0.0100000
v -0.0960000 0.5160000 0.0136465
v -0.0969226 0.5270000 -0.0120000
v -0.0960000 0.5270000 -0.0144481
v -0.0985003 0.5270000 -0.0010000
v -0.0974123 0.5270000 0.0100000
v -0.0960000 0.5270000 0.0141967
v -0.0971232 0.5380000 -0.0120000
v -0.0960000 0.5380000 -0.0149859
v -0.0986909 0.5380000 -0.0010000
v -0.0976099 0.5380000 0.0100000
v -0.0960000 0.5380000 0.0147925
v -0.0973370 0.5490000 -0.0120000
v -0.0960000 0.5490000 -0.0155607
v -0.0988943 0.5490000 -0.0010000
v -0.0978205 0.5490000 0.0100000
v -0.0960000 0.5490000 0.0154294
v -0.0975624 0.5600000 -0.0120000
v -0.0960000 0.5600000 -0.0161684
v -0.0991089 0.5600000 -0.0010000
v -0.0980425 0.5600000 0.0100000
v -0.0960000 0.5600000 0.0161026
v -0.0977976 0.5710000 -0.0120000
v -0.0960000 0.5710000 -0.0168044
v -0.0993332 0.5710000 -0.0010000
v -0.0982745 0.5710000 0.0100000
v -0.0960000 0.5710000 0.0168073
v -0.0980413 0.5820000 -0.0120000
v -0.0960000 0.5820000 -0.0174644
v -0.0995657 0.5820000 -0.0010000
v -0.0985147 0.5820000 0.0100000
v -0.0960000 0.5820000 0.0175387
v -0.0982916 0.5930000 -0.0120000
v -0.0960000 0.5930000 -0.0181437
v -0.0998050 0.5930000 -0.0010000
v -0.0987617 0.5930000 0.0100000
v -0.0960000 0.5930000 0.0182915
v -0.0985472 0.6040000 -0.0120000
v -0.0960000 0.6040000 -0.0188379
v -0.1000495 0.6040000 -0.0010000
v -0.0990138 0.6040000 0.0100000
v -0.0960000 0.6040000 0.0190606
v -0.0988062 0.6150000 -0.0120000
v -0.0960000 0.6150000 -0.0195420
v -0.1002977 0.6150000 -0.0010000
v -0.0992696 0.6150000 0.0100000
v -0.0960000 0.6150000 0.0198409
v -0.0990691 0.6260000 -0.0120000
v -0.0960000 0.6260000 -0.0202558
v -0.1005500 0.6260000 -0.0010000
v -0.0995292 0.6260000 0.0100000
v -0.0960000 0.6260000 0.0206320
v -0.0993493 0.6370000 -0.0120000
v -0.0960000 0.6370000 -0.0210134
v -0.1008199 0.6370000 -0.0010000
v -0.0998064 0.6370000 0.0100000
v -0.0960000 0.6308234 0.0210000
v -0.0961689 0.6370000 0.0210000
v -0.0960000 0.6370000 0.0213103
v -0.0996789 0.6480000 -0.0120000
v -0.0960000 0.6480000 -0.0218946
v -0.1011389 0.6480000 -0.0010000
v -0.1001327 0.6480000 0.0100000
v -0.0965189 0.6480000 0.0210000
v -0.0960000 0.6480000 0.0219531
v -0.1000613 0.6590000 -0.0120000
v -0.0960000 0.6590000 -0.0229064
v -0.1015103 0.6590000 -0.0010000
v -0.1005118 0.6590000 0.0100000
v -0.0969222 0.6590000 0.0210000
v -0.0960000 0.6590000 0.0226912
v -0.0964192 0.6700000 -0.0230000
v -0.0960000 0.6599122 -0.0230000
v -0.0960000 0.6700000 -0.0237178
v -0.1004912 0.6700000 -0.0120000
v -0.1019288 0.6700000 -0.0010000
v -0.1009383 0.6700000 0.0100000
v -0.0973734 0.6700000 0.0210000
v -0.0960000 0.6700000 0.0235129
v -0.0969184 0.6810000 -0.0230000
v -0.0960000 0.6810000 -0.0245679
v -0.1009625 0.6810000 -0.0120000
v -0.1023880 0.6810000 -0.0010000
v -0.1014059 0.6810000 0.0100000
v -0.0978667 0.6810000 0.0210000
v -0.0960000 0.6810000 0.0244053
v -0.0974539 0.6920000 -0.0230000
v -0.0960000 0.6920000 -0.0254736
v -0.1014688 0.6920000 -0.0120000
v -0.1028817 0.6920000 -0.0010000
v -0.1019086 0.6920000 0.0100000
v -0.0983961 0.6920000 0.0210000
v -0.0960000 0.6920000 0.0253558
v -0.0980197 0.7030000 -0.0230000
v -0.0960000 0.7030000 -0.0264231
v -0.1020042 0.7030000 -0.0120000
v -0.1034039 0.7030000 -0.0010000
v -0.1024400 0.7030000 0.0100000
v -0.0989555 0.7030000 0.0210000
v -0.0960000 0.7030000 0.0263523
v -0.0986097 0.7140000 -0.0230000
v -0.0960000 0.7140000 -0.0274054
v -0.1025624 0.7140000 -0.0120000
v -0.1039482 0.7140000 -0.0010000
v -0.1029940 0.7140000 0.0100000
v -0.0995388 0.7140000 0.0210000
v -0.0960000 0.7140000 0.0273830
v -0.0992177 0.7250000 -0.0230000
v -0.0960000 0.7250000 -0.0284099
v -0.1031371 0.7250000 -0.0120000
v -0.1045085 0.7250000 -0.0010000
v -0.1035645 0.7250000 0.0100000
v -0.1001399 0.7250000 0.0210000
v -0.0960000 0.7250000 0.0284369
v -0.0998376 0.7360000 -0.0230000
v -0.0960000 0.7360000 -0.0294263
v -0.1037222 0.7360000 -0.0120000
v -0.1050785 0.7360000 -0.0010000
v -0.1041451 0.7360000 0.0100000
v -0.1007525 0.7360000 0.0210000
v -0.0960000 0.7360000 0.0295031
v -0.1004630 0.7470000 -0.0230000
v -0.0960000 0.7470000 -0.0304451
v -0.1043114 0.7470000 -0.0120000
v -0.1056521 0.7470000 -0.0010000
v -0.1047296 0.7470000 0.0100000
v -0.1013702 0.7470000 0.0210000
v -0.0960000 0.7470000 0.0305718
v -0.1010875 0.7580000 -0.0230000
v -0.0960000 0.7580000 -0.0314570
v -0.1048983 0.7580000 -0.0120000
v -0.1062229 0.7580000 -0.0010000
v -0.1053117 0.7580000 0.0100000
v -0.1019868 0.7580000 0.0210000
v -0.0960000 0.7580000 0.0316331
v -0.1017046 0.7690000 -0.0230000
v -0.0960000 0.7690000 -0.0324532
v -0.1054766 0.7690000 -0.0120000
v -0.1067847 0.7690000 -0.0010000
v -0.1058850 0.7690000 0.0100000
v -0.1025956 0.7690000 0.0210000
v -0.0960000 0.7618564 0.0320000
v -0.0964276 0.7690000 0.0320000
v -0.0960000 0.7690000 0.0325519
v -0.1023078 0.7800000 -0.0230000
v -0.0960000 0.7800000 -0.0334252
v -0.1060399 0.7800000 -0.0120000
v -0.1064434 0.7800000 0.0100000
v -0.1031902 0.7800000 0.0210000
v -0.0970737 0.7800000 0.0320000
v -0.0960000 0.7800000 0.0333821
v -0.0962480 0.7910000 -0.0340000
v -0.0960000 0.7867241 -0.0340000
v -0.0960000 0.7910000 -0.0343038
v -0.1028903 0.7910000 -0.0230000
v -0.1065820 0.7910000 -0.0120000
v -0.1069804 0.7910000 0.0100000
v -0.1037641 0.7910000 0.0210000
v -0.0977008 0.7910000 0.0320000
v -0.0960000 0.7910000 0.0341849
v -0.0968608 0.8020000 -0.0340000
v -0.0960000 0.8020000 -0.0350530
v -0.1034459 0.8020000 -0.0230000
v -0.1043107 0.8020000 0.0210000
v -0.0983023 0.8020000 0.0320000
v -0.0960000 0.8020000 0.0349535
v -0.0974478 0.8130000 -0.0340000
v -0.0960000 0.8130000 -0.0357690
v -0.1039735 0.8130000 -0.0230000
v -0.1048290 0.8130000 0.0210000
v -0.0988781 0.8130000 0.0320000
v -0.0960000 0.8130000 0.0356882
v -0.0980660 0.8240000 -0.0340000
v -0.0960000 0.8240000 -0.0365085
v -0.1045242 0.8240000 -0.0230000
v -0.1053668 0.8240000 0.0210000
v -0.0994904 0.8240000 0.0320000
v -0.0960000 0.8240000 0.0364472
v -0.0989443 0.8350000 -0.0340000
v -0.0960000 0.8350000 -0.0374814
v -0.1053468 0.8350000 -0.0230000
v -0.1061738 0.8350000 0.0210000
v -0.1003864 0.8350000 0.0320000
v -0.0960000 0.8350000 0.0374501
v -0.1000484 0.8460000 -0.0340000
v -0.0960000 0.8460000 -0.0386309
v -0.1066542 0.8460000 -0.0230000
v -0.1015245 0.8460000 0.0320000
v -0.0960000 0.8460000 0.0386363
v -0.1008589 0.8570000 -0.0340000
v -0.0960000 0.8570000 -0.0395277
v -0.1023211 0.8570000 0.0320000
v -0.0960000 0.8570000 0.0395481
v -0.1024500 0.8680000 -0.0340000
v -0.0960000 0.8680000 -0.0412667
v -0.1038908 0.8680000 0.0320000
v -0.0960000 0.8680000 0.0413337
v -0.1042545 0.8790000 -0.0340000
v -0.0960000 0.8790000 -0.0432602
v -0.1056643 0.8790000 0.0320000
v -0.0960000 0.8769543 0.0430000
v -0.0963682 0.8790000 0.0430000
v -0.0960000 0.8790000 0.0433399
v -0.1051696 0.8900000 -0.0340000
v -0.0960000 0.8900000 -0.0443611
v -0.1065499 0.8900000 0.0320000
v -0.0974385 0.8900000 0.0430000
v -0.0960000 0.8900000 0.0443372
v -0.0960203 0.9010000 -0.0450000
v -0.0960000 0.9006581 -0.0450000
v -0.0960000 0.9010000 -0.0450183
v -0.1056585 0.9010000 -0.0340000
v -0.0980600 0.9010000 0.0430000
v -0.0960000 0.9010000 0.0449341
v -0.0965903 0.9120000 -0.0450000
v -0.0960000 0.9120000 -0.0455378
v -0.1060838 0.9120000 -0.0340000
v -0.0986003 0.9120000 0.0430000
v -0.0960000 0.9120000 0.0454625
v -0.0970981 0.9230000 -0.0450000
v -0.0960000 0.9230000 -0.0460073
v -0.1064609 0.9230000 -0.0340000
v -0.0990601 0.9230000 0.0430000
v -0.0960000 0.9230000 0.0459178
v -0.0968134 0.9340000 -0.0450000
v -0.0960000 0.9340000 -0.0457473
v -0.1061546 0.9340000 -0.0340000
v -0.0986493 0.9340000 0.0430000
v -0.0960000 0.9340000 0.0455312
v -0.0960000 0.9358847 -0.0450000
v -0.0960000 0.9450000 -0.0380588
v -0.0996791 0.9450000 -0.0340000
v -0.1011700 0.9450000 0.0320000
v -0.0960000 0.9450000 0.0380074
v -0.0960000 0.9394661 0.0430000
v -0.0960000 0.9480722 -0.0340000
v -0.0960000 0.9546588 -0.0230000
v -0.0994523 0.9560000 -0.0120000
v -0.0960000 0.9560000 -0.0196530
v -0.1013292 0.9560000 -0.0010000
v -0.1000324 0.9560000 0.0100000
v -0.0960000 0.9560000 0.0199991
v -0.0960000 0.9556405 0.0210000
v -0.0960000 0.9493440 0.0320000
v -0.0960000 0.9576893 -0.0120000
v -0.0960000 0.9584668 -0.0010000
v -0.0960000 0.9579384 0.0100000
v -0.0920853 0.0980000 -0.0230000
v -0.0850000 0.0935429 -0.0230000
v -0.0850000 0.0980000 -0.0311273
v -0.0850000 0.0924301 -0.0120000
v -0.0850000 0.0921872 -0.0010000
v -0.0850000 0.0923492 0.0100000
v -0.0934172 0.0980000 0.0210000
v -0.0850000 0.0932361 0.0210000
v -0.0850000 0.0980000 0.0316786
v -0.0857196 0.1090000 -0.0340000
v -0.0850000 0.1060670 -0.0340000
v -0.0850000 0.1090000 -0.0345891
v -0.0955620 0.1090000 -0.0230000
v -0.0879056 0.1090000 0.0320000
v -0.0850000 0.0986468 0.0320000
v -0.0850000 0.1090000 0.0344955
v -0.0865105 0.1200000 -0.0340000
v -0.0850000 0.1200000 -0.0352357
v -0.0887014 0.1200000 0.0320000
v -0.0850000 0.1200000 0.0351770
v -0.0865871 0.1310000 -0.0340000
v -0.0850000 0.1310000 -0.0352986
v -0.0887756 0.1310000 0.0320000
v -0.0850000 0.1310000 0.0352414
v -0.0865286 0.1420000 -0.0340000
v -0.0850000 0.1420000 -0.0352521
v -0.0887166 0.1420000 0.0320000
v -0.0850000 0.1420000 0.0351941
v -0.0864335 0.1530000 -0.0340000
v -0.0850000 0.1530000 -0.0351762
v -0.0886207 0.1530000 0.0320000
v -0.0850000 0.1530000 0.0351170
v -0.0863057 0.1640000 -0.0340000
v -0.0850000 0.1640000 -0.0350738
v -0.0884917 0.1640000 0.0320000
v -0.0850000 0.1640000 0.0350129
v -0.0861483 0.1750000 -0.0340000
v -0.0850000 0.1750000 -0.0349471
v -0.0958804 0.1750000 -0.0230000
v -0.0883329 0.1750000 0.0320000
v -0.0850000 0.1750000 0.0348842
v -0.0859646 0.1860000 -0.0340000
v -0.0850000 0.1860000 -0.0347983
v -0.0956945 0.1860000 -0.0230000
v -0.0881475 0.1860000 0.0320000
v -0.0850000 0.1860000 0.0347329
v -0.0857578 0.1970000 -0.0340000
v -0.0850000 0.1970000 -0.0346296
v -0.0954848 0.1970000 -0.0230000
v -0.0879386 0.1970000 0.0320000
v -0.0850000 0.1970000 0.0345614
v -0.0855311 0.2080000 -0.0340000
v -0.0850000 0.2080000 -0.0344432
v -0.0952545 0.2080000 -0.0230000
v -0.0877096 0.2080000 0.0320000
v -0.0850000 0.2080000 0.0343719
v -0.0852878 0.2190000 -0.0340000
v -0.0850000 0.2190000 -0.0342413
v -0.0950067 0.2190000 -0.0230000
v -0.0874637 0.2190000 0.0320000
v -0.0850000 0.2190000 0.0341666
v -0.0850310 0.2300000 -0.0340000
v -0.0850000 0.2300000 -0.0340261
v -0.0947445 0.2300000 -0.0230000
v -0.0959610 0.2300000 0.0210000
v -0.0872039 0.2300000 0.0320000
v -0.0850000 0.2300000 0.0339479
v -0.0850000 0.2312737 -0.0340000
v -0.0850000 0.2410000 -0.0337749
v -0.0944709 0.2410000 -0.0230000
v -0.0956887 0.2410000 0.0210000
v -0.0869336 0.2410000 0.0320000
v -0.0850000 0.2410000 0.0337179
v -0.0941891 0.2520000 -0.0230000
v -0.0850000 0.2520000 -0.0335104
v -0.0954082 0.2520000 0.0210000
v -0.0866556 0.2520000 0.0320000
v -0.0850000 0.2520000 0.0334791
v -0.0939021 0.2630000 -0.0230000
v -0.0850000 0.2630000 -0.0332385
v -0.0951223 0.2630000 0.0210000
v -0.0863732 0.2630000 0.0320000
v -0.0850000 0.2630000 0.0332337
v -0.0936127 0.2740000 -0.0230000
v -0.0850000 0.2740000 -0.0329619
v -0.0948340 0.2740000 0.0210000
v -0.0860892 0.2740000 0.0320000
v -0.0850000 0.2740000 0.0329842
v -0.0933241 0.2850000 -0.0230000
v -0.0850000 0.2850000 -0.0326833
v -0.0945463 0.2850000 0.0210000
v -0.0858066 0.2850000 0.0320000
v -0.0850000 0.2850000 0.0327331
v -0.0930391 0.2960000 -0.0230000
v -0.0850000 0.2960000 -0.0324055
v -0.0942620 0.2960000 0.0210000
v -0.0855282 0.2960000 0.0320000
v -0.0850000 0.2960000 0.0324829
v -0.0927605 0.3070000 -0.0230000
v -0.0850000 0.3070000 -0.0321312
v -0.0939840 0.3070000 0.0210000
v -0.0852568 0.3070000 0.0320000
v -0.0850000 0.3070000 0.0322361
v -0.0924912 0.3180000 -0.0230000
v -0.0850000 0.3180000 -0.0318636
v -0.0937152 0.3180000 0.0210000
v -0.0850000 0.3180000 0.0319948
v -0.0850000 0.3177929 0.0320000
v -0.0922340 0.3290000 -0.0230000
v -0.0850000 0.3290000 -0.0316056
v -0.0934584 0.3290000 0.0210000
v -0.0850000 0.3290000 0.0317282
v -0.0919917 0.3400000 -0.0230000
v -0.0850000 0.3400000 -0.0313602
v -0.0932164 0.3400000 0.0210000
v -0.0850000 0.3400000 0.0314747
v -0.0917670 0.3510000 -0.0230000
v -0.0850000 0.3510000 -0.0311307
v -0.0929918 0.3510000 0.0210000
v -0.0850000 0.3510000 0.0312375
v -0.0915626 0.3620000 -0.0230000
v -0.0850000 0.3620000 -0.0309202
v -0.0927874 0.3620000 0.0210000
v -0.0850000 0.3620000 0.0310200
v -0.0913812 0.3730000 -0.0230000
v -0.0850000 0.3730000 -0.0307320
v -0.0926060 0.3730000 0.0210000
v -0.0850000 0.3730000 0.0308254
v -0.0912255 0.3840000 -0.0230000
v -0.0850000 0.3840000 -0.0305694
v -0.0924502 0.3840000 0.0210000
v -0.0850000 0.3840000 0.0306573
v -0.0910982 0.3950000 -0.0230000
v -0.0850000 0.3950000 -0.0304357
v -0.0923228 0.3950000 0.0210000
v -0.0850000 0.3950000 0.0305191
v -0.0910019 0.4060000 -0.0230000
v -0.0850000 0.4060000 -0.0303341
v -0.0922265 0.4060000 0.0210000
v -0.0850000 0.4060000 0.0304141
v -0.0909394 0.4170000 -0.0230000
v -0.0850000 0.4170000 -0.0302680
v -0.0921639 0.4170000 0.0210000
v -0.0850000 0.4170000 0.0303457
v -0.0909133 0.4280000 -0.0230000
v -0.0850000 0.4280000 -0.0302407
v -0.0959774 0.4280000 -0.0120000
v -0.0921376 0.4280000 0.0210000
v -0.0850000 0.4280000 0.0303174
v -0.0909246 0.4390000 -0.0230000
v -0.0850000 0.4390000 -0.0302563
v -0.0959860 0.4390000 -0.0120000
v -0.0921483 0.4390000 0.0210000
v -0.0850000 0.4390000 0.0303336
v -0.0909716 0.4500000 -0.0230000
v -0.0850000 0.4500000 -0.0303170
v -0.0921933 0.4500000 0.0210000
v -0.0850000 0.4500000 0.0303965
v -0.0910520 0.4610000 -0.0230000
v -0.0850000 0.4610000 -0.0304208
v -0.0922704 0.4610000 0.0210000
v -0.0850000 0.4610000 0.0305040
v -0.0911635 0.4720000 -0.0230000
v -0.0850000 0.4720000 -0.0305650
v -0.0923775 0.4720000 0.0210000
v -0.0850000 0.4720000 0.0306533
v -0.0913041 0.4830000 -0.0230000
v -0.0850000 0.4830000 -0.0307467
v -0.0925124 0.4830000 0.0210000
v -0.0850000 0.4830000 0.0308415
v -0.0914714 0.4940000 -0.0230000
v -0.0850000 0.4940000 -0.0309632
v -0.0926730 0.4940000 0.0210000
v -0.0850000 0.4940000 0.0310657
v -0.0916632 0.5050000 -0.0230000
v -0.0850000 0.5050000 -0.0312117
v -0.0928573 0.5050000 0.0210000
v -0.0850000 0.5050000 0.0313230
v -0.0918773 0.5160000 -0.0230000
v -0.0850000 0.5160000 -0.0314893
v -0.0930630 0.5160000 0.0210000
v -0.0850000 0.5160000 0.0316105
v -0.0921114 0.5270000 -0.0230000
v -0.0850000 0.5270000 -0.0317933
v -0.0932883 0.5270000 0.0210000
v -0.0850000 0.5270000 0.0319253
v -0.0923635 0.5380000 -0.0230000
v -0.0850000 0.5380000 -0.0321207
v -0.0935309 0.5380000 0.0210000
v -0.0850000 0.5294259 0.0320000
v -0.0852366 0.5380000 0.0320000
v -0.0850000 0.5380000 0.0322293
v -0.0926314 0.5490000 -0.0230000
v -0.0850000 0.5490000 -0.0324689
v -0.0937888 0.5490000 0.0210000
v -0.0855582 0.5490000 0.0320000
v -0.0850000 0.5490000 0.0325419
v -0.0929128 0.5600000 -0.0230000
v -0.0850000 0.5600000 -0.0328348
v -0.0940599 0.5600000 0.0210000
v -0.0858950 0.5600000 0.0320000
v -0.0850000 0.5600000 0.0328704
v -0.0932057 0.5710000 -0.0230000
v -0.0850000 0.5710000 -0.0332155
v -0.0943424 0.5710000 0.0210000
v -0.0862443 0.5710000 0.0320000
v -0.0850000 0.5710000 0.0332122
v -0.0935080 0.5820000 -0.0230000
v -0.0850000 0.5820000 -0.0336081
v -0.0946340 0.5820000 0.0210000
v -0.0866035 0.5820000 0.0320000
v -0.0850000 0.5820000 0.0335645
v -0.0850092 0.5930000 -0.0340000
v -0.0850000 0.5927343 -0.0340000
v -0.0850000 0.5930000 -0.0340086
v -0.0938175 0.5930000 -0.0230000
v -0.0949329 0.5930000 0.0210000
v -0.0869699 0.5930000 0.0320000
v -0.0850000 0.5930000 0.0339248
v -0.0853946 0.6040000 -0.0340000
v -0.0850000 0.6040000 -0.0343682
v -0.0941323 0.6040000 -0.0230000
v -0.0952371 0.6040000 0.0210000
v -0.0873410 0.6040000 0.0320000
v -0.0850000 0.6040000 0.0342904
v -0.0857818 0.6150000 -0.0340000
v -0.0850000 0.6150000 -0.0347303
v -0.0944503 0.6150000 -0.0230000
v -0.0955446 0.6150000 0.0210000
v -0.0877143 0.6150000 0.0320000
v -0.0850000 0.6150000 0.0346585
v -0.0861703 0.6260000 -0.0340000
v -0.0850000 0.6260000 -0.0350942
v -0.0947715 0.6260000 -0.0230000
v -0.0958555 0.6260000 0.0210000
v -0.0880893 0.6260000 0.0320000
v -0.0850000 0.6260000 0.0350285
v -0.0865757 0.6370000 -0.0340000
v -0.0850000 0.6370000 -0.0354738
v -0.0951110 0.6370000 -0.0230000
v -0.0884817 0.6370000 0.0320000
v -0.0850000 0.6370000 0.0354144
v -0.0870360 0.6480000 -0.0340000
v -0.0850000 0.6480000 -0.0359032
v -0.0955050 0.6480000 -0.0230000
v -0.0889291 0.6480000 0.0320000
v -0.0850000 0.6480000 0.0358511
v -0.0875566 0.6590000 -0.0340000
v -0.0850000 0.6590000 -0.0363864
v -0.0959580 0.6590000 -0.0230000
v -0.0894370 0.6590000 0.0320000
v -0.0850000 0.6590000 0.0363424
v -0.0881327 0.6700000 -0.0340000
v -0.0850000 0.6700000 -0.0369173
v -0.0900000 0.6700000 0.0320000
v -0.0850000 0.6700000 0.0368823
v -0.0887582 0.6810000 -0.0340000
v -0.0850000 0.6810000 -0.0374896
v -0.0906123 0.6810000 0.0320000
v -0.0850000 0.6810000 0.0374641
v -0.0894271 0.6920000 -0.0340000
v -0.0850000 0.6920000 -0.0380966
v -0.0912676 0.6920000 0.0320000
v -0.0850000 0.6920000 0.0380813
v -0.0901331 0.7030000 -0.0340000
v -0.0850000 0.7030000 -0.0387322
v -0.0919595 0.7030000 0.0320000
v -0.0850000 0.7030000 0.0387275
v -0.0908699 0.7140000 -0.0340000
v -0.0850000 0.7140000 -0.0393900
v -0.0926815 0.7140000 0.0320000
v -0.0850000 0.7140000 0.0393962
v -0.0916307 0.7250000 -0.0340000
v -0.0850000 0.7250000 -0.0400642
v -0.0934268 0.7250000 0.0320000
v -0.0850000 0.7250000 0.0400815
v -0.0924084 0.7360000 -0.0340000
v -0.0850000 0.7360000 -0.0407488
v -0.0941884 0.7360000 0.0320000
v -0.0850000 0.7360000 0.0407773
v -0.0931960 0.7470000 -0.0340000
v -0.0850000 0.7470000 -0.0414381
v -0.0949591 0.7470000 0.0320000
v -0.0850000 0.7470000 0.0414778
v -0.0939859 0.7580000 -0.0340000
v -0.0850000 0.7580000 -0.0421266
v -0.0957315 0.7580000 0.0320000
v -0.0850000 0.7580000 0.0421775
v -0.0947704 0.7690000 -0.0340000
v -0.0850000 0.7690000 -0.0428088
v -0.0850000 0.7690000 0.0428708
v -0.0955417 0.7800000 -0.0340000
v -0.0850000 0.7800000 -0.0434794
v -0.0850000 0.7710826 0.0430000
v -0.0856937 0.7800000 0.0430000
v -0.0850000 0.7800000 0.0435152
v -0.0850000 0.7910000 -0.0441333
v -0.0865316 0.7910000 0.0430000
v -0.0850000 0.7910000 0.0441351
v -0.0850000 0.8020000 -0.0447654
v -0.0873435 0.8020000 0.0430000
v -0.0850000 0.8020000 0.0447344
v -0.0854955 0.8130000 -0.0450000
v -0.0850000 0.8062328 -0.0450000
v -0.0850000 0.8130000 -0.0453528
v -0.0881275 0.8130000 0.0430000
v -0.0850000 0.8130000 0.0453136
v -0.0863231 0.8240000 -0.0450000
v -0.0850000 0.8240000 -0.0459422
v -0.0889381 0.8240000 0.0430000
v -0.0850000 0.8240000 0.0459130
v -0.0873644 0.8350000 -0.0450000
v -0.0850000 0.8350000 -0.0466655
v -0.0899792 0.8350000 0.0430000
v -0.0850000 0.8350000 0.0466484
v -0.0885460 0.8460000 -0.0450000
v -0.0850000 0.8460000 -0.0474462
v -0.0911677 0.8460000 0.0430000
v -0.0850000 0.8460000 0.0474227
v -0.0895687 0.8570000 -0.0450000
v -0.0850000 0.8570000 -0.0481466
v -0.0921631 0.8570000 0.0430000
v -0.0850000 0.8570000 0.0481294
v -0.0916075 0.8680000 -0.0450000
v -0.0850000 0.8680000 -0.0495446
v -0.0941459 0.8680000 0.0430000
v -0.0850000 0.8680000 0.0495411
v -0.0939654 0.8790000 -0.0450000
v -0.0850000 0.8790000 -0.0511970
v -0.0850000 0.8790000 0.0512124
v -0.0952606 0.8900000 -0.0450000
v -0.0850000 0.8900000 -0.0521601
v -0.0850000 0.8900000 0.0521873
v -0.0850000 0.9010000 -0.0527628
v -0.0850000 0.9010000 0.0527972
v -0.0850000 0.9120000 -0.0532904
v -0.0850000 0.9120000 0.0533316
v -0.0850000 0.9230000 -0.0537354
v -0.0850000 0.9230000 0.0537959
v -0.0850000 0.9340000 -0.0534297
v -0.0850000 0.9340000 0.0535308
v -0.0883723 0.9450000 -0.0450000
v -0.0850000 0.9450000 -0.0474241
v -0.0907948 0.9450000 0.0430000
v -0.0850000 0.9450000 0.0472961
v -0.0850000 0.9472974 -0.0450000
v -0.0852868 0.9560000 -0.0340000
v -0.0850000 0.9560000 -0.0342591
v -0.0939596 0.9560000 -0.0230000
v -0.0954115 0.9560000 0.0210000
v -0.0871155 0.9560000 0.0320000
v -0.0850000 0.9560000 0.0340017
v -0.0850000 0.9489672 0.0430000
v -0.0850000 0.9561366 -0.0340000
v -0.0850000 0.9588959 -0.0230000
v -0.0850000 0.9595658 -0.0120000
v -0.0850000 0.9597400 -0.0010000
v -0.0850000 0.9596199 0.0100000
v -0.0850000 0.9590719 0.0210000
v -0.0850000 0.9569469 0.0320000
v -0.0812936 0.0980000 -0.0340000
v -0.0740000 0.0945405 -0.0340000
v -0.0740000 0.0980000 -0.0375676
v -0.0740000 0.0923174 -0.0230000
v -0.0740000 0.0920387 -0.0120000
v -0.0740000 0.0920064 -0.0010000
v -0.0740000 0.0920213 0.0100000
v -0.0740000 0.0921829 0.0210000
v -0.0846209 0.0980000 0.0320000
v -0.0740000 0.0937303 0.0320000
v -0.0740000 0.0980000 0.0372330
v -0.0740000 0.1090000 -0.0401351
v -0.0740000 0.1090000 0.0401180
v -0.0740000 0.1200000 -0.0407478
v -0.0740000 0.1200000 0.0407561
v -0.0740000 0.1310000 -0.0408072
v -0.0740000 0.1310000 0.0408167
v -0.0740000 0.1420000 -0.0407715
v -0.0740000 0.1420000 0.0407808
v -0.0740000 0.1530000 -0.0407130
v -0.0740000 0.1530000 0.0407220
v -0.0740000 0.1640000 -0.0406342
v -0.0740000 0.1640000 0.0406427
v -0.0740000 0.1750000 -0.0405369
v -0.0740000 0.1750000 0.0405448
v -0.0740000 0.1860000 -0.0404227
v -0.0740000 0.1860000 0.0404300
v -0.0740000 0.1970000 -0.0402935
v -0.0740000 0.1970000 0.0403001
v -0.0740000 0.2080000 -0.0401511
v -0.0740000 0.2080000 0.0401569
v -0.0740000 0.2190000 -0.0399973
v -0.0740000 0.2190000 0.0400022
v -0.0740000 0.2300000 -0.0398338
v -0.0740000 0.2300000 0.0398378
v -0.0846631 0.2410000 -0.0340000
v -0.0740000 0.2410000 -0.0396625
v -0.0740000 0.2410000 0.0396654
v -0.0842720 0.2520000 -0.0340000
v -0.0740000 0.2520000 -0.0394851
v -0.0740000 0.2520000 0.0394870
v -0.0838753 0.2630000 -0.0340000
v -0.0740000 0.2630000 -0.0393035
v -0.0740000 0.2630000 0.0393043
v -0.0834771 0.2740000 -0.0340000
v -0.0740000 0.2740000 -0.0391195
v -0.0740000 0.2740000 0.0391192
v -0.0830816 0.2850000 -0.0340000
v -0.0740000 0.2850000 -0.0389350
v -0.0740000 0.2850000 0.0389335
v -0.0826928 0.2960000 -0.0340000
v -0.0740000 0.2960000 -0.0387517
v -0.0740000 0.2960000 0.0387491
v -0.0823144 0.3070000 -0.0340000
v -0.0740000 0.3070000 -0.0385716
v -0.0740000 0.3070000 0.0385679
v -0.0819503 0.3180000 -0.0340000
v -0.0740000 0.3180000 -0.0383966
v -0.0849931 0.3180000 0.0320000
v -0.0740000 0.3180000 0.0383918
v -0.0816041 0.3290000 -0.0340000
v -0.0740000 0.3290000 -0.0382286
v -0.0846434 0.3290000 0.0320000
v -0.0740000 0.3290000 0.0382226
v -0.0812792 0.3400000 -0.0340000
v -0.0740000 0.3400000 -0.0380695
v -0.0843150 0.3400000 0.0320000
v -0.0740000 0.3400000 0.0380625
v -0.0809791 0.3510000 -0.0340000
v -0.0740000 0.3510000 -0.0379212
v -0.0840115 0.3510000 0.0320000
v -0.0740000 0.3510000 0.0379132
v -0.0807072 0.3620000 -0.0340000
v -0.0740000 0.3620000 -0.0377857
v -0.0837363 0.3620000 0.0320000
v -0.0740000 0.3620000 0.0377769
v -0.0804667 0.3730000 -0.0340000
v -0.0740000 0.3730000 -0.0376649
v -0.0834928 0.3730000 0.0320000
v -0.0740000 0.3730000 0.0376553
v -0.0802608 0.3840000 -0.0340000
v -0.0740000 0.3840000 -0.0375609
v -0.0832842 0.3840000 0.0320000
v -0.0740000 0.3840000 0.0375506
v -0.0800929 0.3950000 -0.0340000
v -0.0740000 0.3950000 -0.0374756
v -0.0831140 0.3950000 0.0320000
v -0.0740000 0.3950000 0.0374647
v -0.0799662 0.4060000 -0.0340000
v -0.0740000 0.4060000 -0.0374109
v -0.0829856 0.4060000 0.0320000
v -0.0740000 0.4060000 0.0373996
v -0.0798841 0.4170000 -0.0340000
v -0.0740000 0.4170000 -0.0373688
v -0.0829023 0.4170000 0.0320000
v -0.0740000 0.4170000 0.0373572
v -0.0798507 0.4280000 -0.0340000
v -0.0740000 0.4280000 -0.0373519
v -0.0828681 0.4280000 0.0320000
v -0.0740000 0.4280000 0.0373402
v -0.0798735 0.4390000 -0.0340000
v -0.0740000 0.4390000 -0.0373658
v -0.0828892 0.4390000 0.0320000
v -0.0740000 0.4390000 0.0373542
v -0.0799593 0.4500000 -0.0340000
v -0.0740000 0.4500000 -0.0374165
v -0.0829699 0.4500000 0.0320000
v -0.0740000 0.4500000 0.0374052
v -0.0801057 0.4610000 -0.0340000
v -0.0740000 0.4610000 -0.0375030
v -0.0831077 0.4610000 0.0320000
v -0.0740000 0.4610000 0.0374923
v -0.0803084 0.4720000 -0.0340000
v -0.0740000 0.4720000 -0.0376230
v -0.0832985 0.4720000 0.0320000
v -0.0740000 0.4720000 0.0376130
v -0.0805630 0.4830000 -0.0340000
v -0.0740000 0.4830000 -0.0377738
v -0.0835384 0.4830000 0.0320000
v -0.0740000 0.4830000 0.0377648
v -0.0808651 0.4940000 -0.0340000
v -0.0740000 0.4940000 -0.0379531
v -0.0838232 0.4940000 0.0320000
v -0.0740000 0.4940000 0.0379452
v -0.0812103 0.5050000 -0.0340000
v -0.0740000 0.5050000 -0.0381584
v -0.0841488 0.5050000 0.0320000
v -0.0740000 0.5050000 0.0381518
v -0.0815943 0.5160000 -0.0340000
v -0.0740000 0.5160000 -0.0383872
v -0.0845113 0.5160000 0.0320000
v -0.0740000 0.5160000 0.0383821
v -0.0820127 0.5270000 -0.0340000
v -0.0740000 0.5270000 -0.0386370
v -0.0849064 0.5270000 0.0320000
v -0.0740000 0.5270000 0.0386335
v -0.0824613 0.5380000 -0.0340000
v -0.0740000 0.5380000 -0.0389053
v -0.0740000 0.5380000 0.0389036
v -0.0829359 0.5490000 -0.0340000
v -0.0740000 0.5490000 -0.0391896
v -0.0740000 0.5490000 0.0391898
v -0.0834324 0.5600000 -0.0340000
v -0.0740000 0.5600000 -0.0394876
v -0.0740000 0.5600000 0.0394896
v -0.0839467 0.5710000 -0.0340000
v -0.0740000 0.5710000 -0.0397965
v -0.0740000 0.5710000 0.0398006
v -0.0844748 0.5820000 -0.0340000
v -0.0740000 0.5820000 -0.0401140
v -0.0740000 0.5820000 0.0401202
v -0.0740000 0.5930000 -0.0404375
v -0.0740000 0.5930000 0.0404458
v -0.0740000 0.6040000 -0.0407645
v -0.0740000 0.6040000 0.0407749
v -0.0740000 0.6150000 -0.0410925
v -0.0740000 0.6150000 0.0411051
v -0.0740000 0.6260000 -0.0414204
v -0.0740000 0.6260000 0.0414352
v -0.0740000 0.6370000 -0.0417592
v -0.0740000 0.6370000 0.0417762
v -0.0740000 0.6480000 -0.0421361
v -0.0740000 0.6480000 0.0421555
v -0.0740000 0.6590000 -0.0425546
v -0.0740000 0.6590000 0.0425768
v -0.0740000 0.6700000 -0.0430108
v -0.0740000 0.6691381 0.0430000
v -0.0740731 0.6700000 0.0430000
v -0.0740000 0.6700000 0.0430350
v -0.0740000 0.6810000 -0.0434999
v -0.0750786 0.6810000 0.0430000
v -0.0740000 0.6810000 0.0435141
v -0.0740000 0.6920000 -0.0440173
v -0.0761497 0.6920000 0.0430000
v -0.0740000 0.6920000 0.0440210
v -0.0740000 0.7030000 -0.0445584
v -0.0772787 0.7030000 0.0430000
v -0.0740000 0.7030000 0.0445513
v -0.0742559 0.7140000 -0.0450000
v -0.0740000 0.7116672 -0.0450000
v -0.0740000 0.7140000 -0.0451159
v -0.0784573 0.7140000 0.0430000
v -0.0740000 0.7140000 0.0451003
v -0.0755030 0.7250000 -0.0450000
v -0.0740000 0.7250000 -0.0456775
v -0.0796767 0.7250000 0.0430000
v -0.0740000 0.7250000 0.0456638
v -0.0767827 0.7360000 -0.0450000
v -0.0740000 0.7360000 -0.0462492
v -0.0809272 0.7360000 0.0430000
v -0.0740000 0.7360000 0.0462374
v -0.0780849 0.7470000 -0.0450000
v -0.0740000 0.7470000 -0.0468267
v -0.0821986 0.7470000 0.0430000
v -0.0740000 0.7470000 0.0468167
v -0.0793990 0.7580000 -0.0450000
v -0.0740000 0.7580000 -0.0474056
v -0.0834801 0.7580000 0.0430000
v -0.0740000 0.7580000 0.0473974
v -0.0807135 0.7690000 -0.0450000
v -0.0740000 0.7690000 -0.0479817
v -0.0847604 0.7690000 0.0430000
v -0.0740000 0.7690000 0.0479753
v -0.0820165 0.7800000 -0.0450000
v -0.0740000 0.7800000 -0.0485508
v -0.0740000 0.7800000 0.0485462
v -0.0832954 0.7910000 -0.0450000
v -0.0740000 0.7910000 -0.0491087
v -0.0740000 0.7910000 0.0491058
v -0.0845378 0.8020000 -0.0450000
v -0.0740000 0.8020000 -0.0496513
v -0.0740000 0.8020000 0.0496501
v -0.0740000 0.8130000 -0.0501790
v -0.0740000 0.8130000 0.0501787
v -0.0740000 0.8240000 -0.0507258
v -0.0740000 0.8240000 0.0507200
v -0.0740000 0.8350000 -0.0513951
v -0.0740000 0.8350000 0.0513743
v -0.0740000 0.8460000 -0.0521472
v -0.0740000 0.8460000 0.0521482
v -0.0740000 0.8570000 -0.0528463
v -0.0740000 0.8570000 0.0528597
v -0.0740000 0.8680000 -0.0542819
v -0.0740000 0.8656883 0.0540000
v -0.0747613 0.8680000 0.0540000
v -0.0740000 0.8680000 0.0542985
v -0.0740000 0.8790000 -0.0559910
v -0.0788471 0.8790000 0.0540000
v -0.0740000 0.8790000 0.0559694
v -0.0763871 0.8900000 -0.0560000
v -0.0740000 0.8791000 -0.0560000
v -0.0740000 0.8900000 -0.0569596
v -0.0810880 0.8900000 0.0540000
v -0.0740000 0.8900000 0.0569410
v -0.0778312 0.9010000 -0.0560000
v -0.0740000 0.9010000 -0.0575592
v -0.0824365 0.9010000 0.0540000
v -0.0740000 0.9010000 0.0575433
v -0.0790539 0.9120000 -0.0560000
v -0.0740000 0.9120000 -0.0580744
v -0.0835886 0.9120000 0.0540000
v -0.0740000 0.9120000 0.0580609
v -0.0800911 0.9230000 -0.0560000
v -0.0740000 0.9230000 -0.0585016
v -0.0845781 0.9230000 0.0540000
v -0.0740000 0.9230000 0.0584856
v -0.0796834 0.9340000 -0.0560000
v -0.0740000 0.9340000 -0.0582700
v -0.0841111 0.9340000 0.0540000
v -0.0740000 0.9340000 0.0582298
v -0.0740000 0.9409353 -0.0560000
v -0.0740000 0.9450000 -0.0537394
v -0.0740000 0.9450000 0.0538557
v -0.0740000 0.9447830 0.0540000
v -0.0740000 0.9542371 -0.0450000
v -0.0740000 0.9560000 -0.0424676
v -0.0740066 0.9560000 0.0430000
v -0.0740000 0.9560000 0.0430043
v -0.0740000 0.9589350 -0.0340000
v -0.0740000 0.9598393 -0.0230000
v -0.0740000 0.9600269 -0.0120000
v -0.0740000 0.9600554 -0.0010000
v -0.0740000 0.9600384 0.0100000
v -0.0740000 0.9599054 0.0210000
v -0.0740000 0.9591798 0.0320000
v -0.0740000 0.9560027 0.0430000
v -0.0630000 0.0935725 -0.0340000
v -0.0630000 0.0980000 -0.0391745
v -0.0630000 0.0921309 -0.0230000
v -0.0630000 0.0920057 -0.0120000
v -0.0630000 0.0920002 -0.0010000
v -0.0630000 0.0920015 0.0100000
v -0.0630000 0.0920784 0.0210000
v -0.0630000 0.0931550 0.0320000
v -0.0630000 0.0980000 0.0388055
v -0.0630000 0.1090000 -0.0418381
v -0.0630000 0.1090000 0.0418423
v -0.0630000 0.1200000 -0.0424522
v -0.0630000 0.1200000 0.0424587
v -0.0630000 0.1310000 -0.0425124
v -0.0630000 0.1310000 0.0425172
v -0.0630000 0.1420000 -0.0424801
v -0.0630000 0.1420000 0.0424848
v -0.0630000 0.1530000 -0.0424272
v -0.0630000 0.1530000 0.0424318
v -0.0630000 0.1640000 -0.0423559
v -0.0630000 0.1640000 0.0423604
v -0.0630000 0.1750000 -0.0422679
v -0.0630000 0.1750000 0.0422723
v -0.0630000 0.1860000 -0.0421648
v -0.0630000 0.1860000 0.0421690
v -0.0630000 0.1970000 -0.0420482
v -0.0630000 0.1970000 0.0420523
v -0.0630000 0.2080000 -0.0419198
v -0.0630000 0.2080000 0.0419238
v -0.0630000 0.2190000 -0.0417813
v -0.0630000 0.2190000 0.0417850
v -0.0630000 0.2300000 -0.0416342
v -0.0630000 0.2300000 0.0416378
v -0.0630000 0.2410000 -0.0414803
v -0.0630000 0.2410000 0.0414837
v -0.0630000 0.2520000 -0.0413212
v -0.0630000 0.2520000 0.0413243
v -0.0630000 0.2630000 -0.0411585
v -0.0630000 0.2630000 0.0411614
v -0.0630000 0.2740000 -0.0409940
v -0.0630000 0.2740000 0.0409966
v -0.0630000 0.2850000 -0.0408292
v -0.0630000 0.2850000 0.0408316
v -0.0630000 0.2960000 -0.0406658
v -0.0630000 0.2960000 0.0406680
v -0.0630000 0.3070000 -0.0405055
v -0.0630000 0.3070000 0.0405074
v -0.0630000 0.3180000 -0.0403500
v -0.0630000 0.3180000 0.0403517
v -0.0630000 0.3290000 -0.0402009
v -0.0630000 0.3290000 0.0402024
v -0.0630000 0.3400000 -0.0400599
v -0.0630000 0.3400000 0.0400612
v -0.0630000 0.3510000 -0.0399287
v -0.0630000 0.3510000 0.0399298
v -0.0630000 0.3620000 -0.0398090
v -0.0630000 0.3620000 0.0398099
v -0.0630000 0.3730000 -0.0397025
v -0.0630000 0.3730000 0.0397032
v -0.0630000 0.3840000 -0.0396108
v -0.0630000 0.3840000 0.0396114
v -0.0630000 0.3950000 -0.0395357
v -0.0630000 0.3950000 0.0395362
v -0.0630000 0.4060000 -0.0394788
v -0.0630000 0.4060000 0.0394792
v -0.0630000 0.4170000 -0.0394418
v -0.0630000 0.4170000 0.0394422
v -0.0630000 0.4280000 -0.0394271
v -0.0630000 0.4280000 0.0394275
v -0.0630000 0.4390000 -0.0394409
v -0.0630000 0.4390000 0.0394413
v -0.0630000 0.4500000 -0.0394902
v -0.0630000 0.4500000 0.0394907
v -0.0630000 0.4610000 -0.0395744
v -0.0630000 0.4610000 0.0395749
v -0.0630000 0.4720000 -0.0396910
v -0.0630000 0.4720000 0.0396917
v -0.0630000 0.4830000 -0.0398375
v -0.0630000 0.4830000 0.0398385
v -0.0630000 0.4940000 -0.0400116
v -0.0630000 0.4940000 0.0400128
v -0.0630000 0.5050000 -0.0402107
v -0.0630000 0.5050000 0.0402123
v -0.0630000 0.5160000 -0.0404324
v -0.0630000 0.5160000 0.0404344
v -0.0630000 0.5270000 -0.0406744
v -0.0630000 0.5270000 0.0406767
v -0.0630000 0.5380000 -0.0409340
v -0.0630000 0.5380000 0.0409367
v -0.0630000 0.5490000 -0.0412089
v -0.0630000 0.5490000 0.0412121
v -0.0630000 0.5600000 -0.0414966
v -0.0630000 0.5600000 0.0415003
v -0.0630000 0.5710000 -0.0417947
v -0.0630000 0.5710000 0.0417988
v -0.0630000 0.5820000 -0.0421006
v -0.0630000 0.5820000 0.0421053
v -0.0630000 0.5930000 -0.0424120
v -0.0630000 0.5930000 0.0424171
v -0.0630000 0.6040000 -0.0427263
v -0.0630000 0.6040000 0.0427320
v -0.0630000 0.6150000 -0.0430412
v -0.0630000 0.6133487 0.0430000
v -0.0632825 0.6150000 0.0430000
v -0.0630000 0.6150000 0.0430470
v -0.0630000 0.6260000 -0.0433555
v -0.0651584 0.6260000 0.0430000
v -0.0630000 0.6260000 0.0433598
v -0.0630000 0.6370000 -0.0436791
v -0.0670882 0.6370000 0.0430000
v -0.0630000 0.6370000 0.0436818
v -0.0630000 0.6480000 -0.0440371
v -0.0692277 0.6480000 0.0430000
v -0.0630000 0.6480000 0.0440380
v -0.0630000 0.6590000 -0.0444330
v -0.0716045 0.6590000 0.0430000
v -0.0630000 0.6590000 0.0444319
v -0.0630000 0.6700000 -0.0448632
v -0.0630000 0.6700000 0.0448600
v -0.0650299 0.6810000 -0.0450000
v -0.0630000 0.6732651 -0.0450000
v -0.0630000 0.6810000 -0.0453217
v -0.0630000 0.6810000 0.0453181
v -0.0681011 0.6920000 -0.0450000
v -0.0630000 0.6920000 -0.0458056
v -0.0630000 0.6920000 0.0458023
v -0.0713378 0.7030000 -0.0450000
v -0.0630000 0.7030000 -0.0463114
v -0.0630000 0.7030000 0.0463086
v -0.0630000 0.7140000 -0.0468353
v -0.0630000 0.7140000 0.0468329
v -0.0630000 0.7250000 -0.0473733
v -0.0630000 0.7250000 0.0473712
v -0.0630000 0.7360000 -0.0479212
v -0.0630000 0.7360000 0.0479196
v -0.0630000 0.7470000 -0.0484752
v -0.0630000 0.7470000 0.0484740
v -0.0630000 0.7580000 -0.0490312
v -0.0630000 0.7580000 0.0490305
v -0.0630000 0.7690000 -0.0495854
v -0.0630000 0.7690000 0.0495850
v -0.0630000 0.7800000 -0.0501337
v -0.0630000 0.7800000 0.0501337
v -0.0630000 0.7910000 -0.0506721
v -0.0630000 0.7910000 0.0506726
v -0.0630000 0.8020000 -0.0511970
v -0.0630000 0.8020000 0.0511978
v -0.0630000 0.8130000 -0.0517080
v -0.0630000 0.8130000 0.0517086
v -0.0630000 0.8240000 -0.0522383
v -0.0630000 0.8240000 0.0522341
v -0.0630000 0.8350000 -0.0529381
v -0.0630000 0.8350000 0.0529325
v -0.0630000 0.8460000 -0.0539131
v -0.0630000 0.8460000 0.0539765
v -0.0630000 0.8570000 -0.0547628
v -0.0630000 0.8463091 0.0540000
v -0.0675798 0.8570000 0.0540000
v -0.0630000 0.8570000 0.0547766
v -0.0654716 0.8680000 -0.0560000
v -0.0630000 0.8649158 -0.0560000
v -0.0630000 0.8680000 -0.0564738
v -0.0630000 0.8680000 0.0564621
v -0.0739613 0.8790000 -0.0560000
v -0.0630000 0.8790000 -0.0584146
v -0.0630000 0.8790000 0.0584062
v -0.0630000 0.8900000 -0.0595003
v -0.0630000 0.8900000 0.0594953
v -0.0630000 0.9010000 -0.0601444
v -0.0630000 0.9010000 0.0601418
v -0.0630000 0.9120000 -0.0606805
v -0.0630000 0.9120000 0.0606800
v -0.0630000 0.9230000 -0.0611175
v -0.0630000 0.9230000 0.0611230
v -0.0630000 0.9340000 -0.0610202
v -0.0630000 0.9340000 0.0610851
v -0.0689851 0.9450000 -0.0560000
v -0.0630000 0.9450000 -0.0580157
v -0.0737066 0.9450000 0.0540000
v -0.0630000 0.9450000 0.0581088
v -0.0630000 0.9480820 -0.0560000
v -0.0708386 0.9560000 -0.0450000
v -0.0630000 0.9560000 -0.0491104
v -0.0630000 0.9560000 0.0485597
v -0.0630000 0.9506544 0.0540000
v -0.0630000 0.9583072 -0.0450000
v -0.0630000 0.9597902 -0.0340000
v -0.0630000 0.9600525 -0.0230000
v -0.0630000 0.9600931 -0.0120000
v -0.0630000 0.9600967 -0.0010000
v -0.0630000 0.9600948 0.0100000
v -0.0630000 0.9600718 0.0210000
v -0.0630000 0.9598874 0.0320000
v -0.0630000 0.9586743 0.0430000
v -0.0520000 0.0945405 -0.0340000
v -0.0520000 0.0980000 -0.0375676
v -0.0520000 0.0923174 -0.0230000
v -0.0520000 0.0920387 -0.0120000
v -0.0520000 0.0920064 -0.0010000
v -0.0520000 0.0920213 0.0100000
v -0.0520000 0.0921829 0.0210000
v -0.0520000 0.0937303 0.0320000
v -0.0520000 0.0980000 0.0372330
v -0.0520000 0.1090000 -0.0401350
v -0.0520000 0.1090000 0.0401179
v -0.0520000 0.1200000 -0.0407478
v -0.0520000 0.1200000 0.0407560
v -0.0520000 0.1310000 -0.0408072
v -0.0520000 0.1310000 0.0408167
v -0.0520000 0.1420000 -0.0407714
v -0.0520000 0.1420000 0.0407807
v -0.0520000 0.1530000 -0.0407130
v -0.0520000 0.1530000 0.0407219
v -0.0520000 0.1640000 -0.0406342
v -0.0520000 0.1640000 0.0406427
v -0.0520000 0.1750000 -0.0405368
v -0.0520000 0.1750000 0.0405448
v -0.0520000 0.1860000 -0.0404227
v -0.0520000 0.1860000 0.0404300
v -0.0520000 0.1970000 -0.0402935
v -0.0520000 0.1970000 0.0403001
v -0.0520000 0.2080000 -0.0401511
v -0.0520000 0.2080000 0.0401569
v -0.0520000 0.2190000 -0.0399973
v -0.0520000 0.2190000 0.0400022
v -0.0520000 0.2300000 -0.0398338
v -0.0520000 0.2300000 0.0398377
v -0.0520000 0.2410000 -0.0396625
v -0.0520000 0.2410000 0.0396654
v -0.0520000 0.2520000 -0.0394851
v -0.0520000 0.2520000 0.0394870
v -0.0520000 0.2630000 -0.0393035
v -0.0520000 0.2630000 0.0393042
v -0.0520000 0.2740000 -0.0391195
v -0.0520000 0.2740000 0.0391191
v -0.0520000 0.2850000 -0.0389349
v -0.0520000 0.2850000 0.0389334
v -0.0520000 0.2960000 -0.0387517
v -0.0520000 0.2960000 0.0387490
v -0.0520000 0.3070000 -0.0385716
v -0.0520000 0.3070000 0.0385678
v -0.0520000 0.3180000 -0.0383966
v -0.0520000 0.3180000 0.0383917
v -0.0520000 0.3290000 -0.0382285
v -0.0520000 0.3290000 0.0382226
v -0.0520000 0.3400000 -0.0380694
v -0.0520000 0.3400000 0.0380625
v -0.0520000 0.3510000 -0.0379211
v -0.0520000 0.3510000 0.0379132
v -0.0520000 0.3620000 -0.0377856
v -0.0520000 0.3620000 0.0377768
v -0.0520000 0.3730000 -0.0376649
v -0.0520000 0.3730000 0.0376553
v -0.0520000 0.3840000 -0.0375609
v -0.0520000 0.3840000 0.0375506
v -0.0520000 0.3950000 -0.0374755
v -0.0520000 0.3950000 0.0374647
v -0.0520000 0.4060000 -0.0374108
v -0.0520000 0.4060000 0.0373996
v -0.0520000 0.4170000 -0.0373688
v -0.0520000 0.4170000 0.0373572
v -0.0520000 0.4280000 -0.0373519
v -0.0520000 0.4280000 0.0373402
v -0.0520000 0.4390000 -0.0373658
v -0.0520000 0.4390000 0.0373542
v -0.0520000 0.4500000 -0.0374165
v -0.0520000 0.4500000 0.0374052
v -0.0520000 0.4610000 -0.0375030
v -0.0520000 0.4610000 0.0374923
v -0.0520000 0.4720000 -0.0376229
v -0.0520000 0.4720000 0.0376129
v -0.0520000 0.4830000 -0.0377738
v -0.0520000 0.4830000 0.0377648
v -0.0520000 0.4940000 -0.0379531
v -0.0520000 0.4940000 0.0379452
v -0.0520000 0.5050000 -0.0381583
v -0.0520000 0.5050000 0.0381518
v -0.0520000 0.5160000 -0.0383871
v -0.0520000 0.5160000 0.0383821
v -0.0520000 0.5270000 -0.0386369
v -0.0520000 0.5270000 0.0386335
v -0.0520000 0.5380000 -0.0389052
v -0.0520000 0.5380000 0.0389035
v -0.0520000 0.5490000 -0.0391896
v -0.0520000 0.5490000 0.0391897
v -0.0520000 0.5600000 -0.0394875
v -0.0520000 0.5600000 0.0394896
v -0.0520000 0.5710000 -0.0397965
v -0.0520000 0.5710000 0.0398006
v -0.0520000 0.5820000 -0.0401140
v -0.0520000 0.5820000 0.0401201
v -0.0520000 0.5930000 -0.0404375
v -0.0520000 0.5930000 0.0404458
v -0.0520000 0.6040000 -0.0407645
v -0.0520000 0.6040000 0.0407749
v -0.0520000 0.6150000 -0.0410924
v -0.0627175 0.6150000 0.0430000
v -0.0520000 0.6150000 0.0411050
v -0.0520000 0.6260000 -0.0414204
v -0.0608417 0.6260000 0.0430000
v -0.0520000 0.6260000 0.0414351
v -0.0520000 0.6370000 -0.0417592
v -0.0589118 0.6370000 0.0430000
v -0.0520000 0.6370000 0.0417762
v -0.0520000 0.6480000 -0.0421360
v -0.0567725 0.6480000 0.0430000
v -0.0520000 0.6480000 0.0421555
v -0.0520000 0.6590000 -0.0425546
v -0.0543957 0.6590000 0.0430000
v -0.0520000 0.6590000 0.0425768
v -0.0520000 0.6700000 -0.0430108
v -0.0520000 0.6691390 0.0430000
v -0.0520000 0.6700000 0.0430349
v -0.0609701 0.6810000 -0.0450000
v -0.0520000 0.6810000 -0.0434999
v -0.0520000 0.6810000 0.0435141
v -0.0578990 0.6920000 -0.0450000
v -0.0520000 0.6920000 -0.0440172
v -0.0520000 0.6920000 0.0440210
v -0.0546623 0.7030000 -0.0450000
v -0.0520000 0.7030000 -0.0445583
v -0.0520000 0.7030000 0.0445512
v -0.0520000 0.7116678 -0.0450000
v -0.0520000 0.7140000 -0.0451158
v -0.0520000 0.7140000 0.0451003
v -0.0520000 0.7250000 -0.0456775
v -0.0520000 0.7250000 0.0456638
v -0.0520000 0.7360000 -0.0462492
v -0.0520000 0.7360000 0.0462374
v -0.0520000 0.7470000 -0.0468267
v -0.0520000 0.7470000 0.0468166
v -0.0520000 0.7580000 -0.0474056
v -0.0520000 0.7580000 0.0473974
v -0.0520000 0.7690000 -0.0479817
v -0.0520000 0.7690000 0.0479753
v -0.0520000 0.7800000 -0.0485508
v -0.0520000 0.7800000 0.0485461
v -0.0520000 0.7910000 -0.0491086
v -0.0520000 0.7910000 0.0491057
v -0.0520000 0.8020000 -0.0496513
v -0.0520000 0.8020000 0.0496500
v -0.0520000 0.8130000 -0.0501792
v -0.0520000 0.8130000 0.0501788
v -0.0520000 0.8240000 -0.0507420
v -0.0520000 0.8240000 0.0507358
v -0.0520000 0.8350000 -0.0516172
v -0.0520000 0.8350000 0.0516107
v -0.0520000 0.8460000 -0.0531805
v -0.0520000 0.8460000 0.0533008
v -0.0520000 0.8570000 -0.0545130
v -0.0520000 0.8518329 0.0540000
v -0.0520000 0.8570000 0.0545478
v -0.0520000 0.8639719 -0.0560000
v -0.0520000 0.8680000 -0.0568145
v -0.0520000 0.8680000 0.0567989
v -0.0520000 0.8790000 -0.0592527
v -0.0520000 0.8790000 0.0592461
v -0.0520000 0.8900000 -0.0605393
v -0.0520000 0.8900000 0.0605377
v -0.0520000 0.9010000 -0.0612554
v -0.0520000 0.9010000 0.0612569
v -0.0520000 0.9120000 -0.0618270
v -0.0520000 0.9120000 0.0618311
v -0.0520000 0.9230000 -0.0622916
v -0.0520000 0.9230000 0.0623010
v -0.0520000 0.9340000 -0.0624070
v -0.0520000 0.9340000 0.0624651
v -0.0520000 0.9450000 -0.0607060
v -0.0520000 0.9450000 0.0608632
v -0.0520000 0.9532987 -0.0560000
v -0.0520000 0.9560000 -0.0530702
v -0.0520487 0.9560000 0.0540000
v -0.0520000 0.9560000 0.0540179
v -0.0520000 0.9592385 -0.0450000
v -0.0520000 0.9600142 -0.0340000
v -0.0520000 0.9600930 -0.0230000
v -0.0520000 0.9600976 -0.0120000
v -0.0520000 0.9600978 -0.0010000
v -0.0520000 0.9600976 0.0100000
v -0.0520000 0.9600955 0.0210000
v -0.0520000 0.9600429 0.0320000
v -0.0520000 0.9594832 0.0430000
v -0.0520000 0.9560142 0.0540000
v -0.0447065 0.0980000 -0.0340000
v -0.0410000 0.0980000 -0.0311272
v -0.0410000 0.0935429 -0.0230000
v -0.0410000 0.0924302 -0.0120000
v -0.0410000 0.0921872 -0.0010000
v -0.0410000 0.0923492 0.0100000
v -0.0410000 0.0932361 0.0210000
v -0.0413792 0.0980000 0.0320000
v -0.0410000 0.0980000 0.0316785
v -0.0410000 0.1060674 -0.0340000
v -0.0410000 0.1090000 -0.0345891
v -0.0410000 0.0986470 0.0320000
v -0.0410000 0.1090000 0.0344954
v -0.0410000 0.1200000 -0.0352356
v -0.0410000 0.1200000 0.0351769
v -0.0410000 0.1310000 -0.0352986
v -0.0410000 0.1310000 0.0352413
v -0.0410000 0.1420000 -0.0352520
v -0.0410000 0.1420000 0.0351940
v -0.0410000 0.1530000 -0.0351762
v -0.0410000 0.1530000 0.0351169
v -0.0410000 0.1640000 -0.0350738
v -0.0410000 0.1640000 0.0350129
v -0.0410000 0.1750000 -0.0349471
v -0.0410000 0.1750000 0.0348841
v -0.0410000 0.1860000 -0.0347982
v -0.0410000 0.1860000 0.0347328
v -0.0410000 0.1970000 -0.0346295
v -0.0410000 0.1970000 0.0345613
v -0.0410000 0.2080000 -0.0344431
v -0.0410000 0.2080000 0.0343718
v -0.0410000 0.2190000 -0.0342412
v -0.0410000 0.2190000 0.0341666
v -0.0410000 0.2300000 -0.0340260
v -0.0410000 0.2300000 0.0339478
v -0.0410000 0.2312699 -0.0340000
v -0.0413370 0.2410000 -0.0340000
v -0.0410000 0.2410000 -0.0337748
v -0.0410000 0.2410000 0.0337178
v -0.0417281 0.2520000 -0.0340000
v -0.0410000 0.2520000 -0.0335103
v -0.0410000 0.2520000 0.0334790
v -0.0421248 0.2630000 -0.0340000
v -0.0410000 0.2630000 -0.0332384
v -0.0410000 0.2630000 0.0332336
v -0.0425230 0.2740000 -0.0340000
v -0.0410000 0.2740000 -0.0329618
v -0.0410000 0.2740000 0.0329842
v -0.0429185 0.2850000 -0.0340000
v -0.0410000 0.2850000 -0.0326832
v -0.0410000 0.2850000 0.0327331
v -0.0433073 0.2960000 -0.0340000
v -0.0410000 0.2960000 -0.0324054
v -0.0410000 0.2960000 0.0324828
v -0.0436857 0.3070000 -0.0340000
v -0.0410000 0.3070000 -0.0321312
v -0.0410000 0.3070000 0.0322360
v -0.0440498 0.3180000 -0.0340000
v -0.0410000 0.3180000 -0.0318635
v -0.0410070 0.3180000 0.0320000
v -0.0410000 0.3180000 0.0319947
v -0.0410000 0.3177890 0.0320000
v -0.0443960 0.3290000 -0.0340000
v -0.0410000 0.3290000 -0.0316055
v -0.0413567 0.3290000 0.0320000
v -0.0410000 0.3290000 0.0317281
v -0.0447209 0.3400000 -0.0340000
v -0.0410000 0.3400000 -0.0313601
v -0.0416851 0.3400000 0.0320000
v -0.0410000 0.3400000 0.0314746
v -0.0450210 0.3510000 -0.0340000
v -0.0410000 0.3510000 -0.0311306
v -0.0419886 0.3510000 0.0320000
v -0.0410000 0.3510000 0.0312374
v -0.0452929 0.3620000 -0.0340000
v -0.0410000 0.3620000 -0.0309201
v -0.0422638 0.3620000 0.0320000
v -0.0410000 0.3620000 0.0310198
v -0.0455334 0.3730000 -0.0340000
v -0.0410000 0.3730000 -0.0307319
v -0.0425074 0.3730000 0.0320000
v -0.0410000 0.3730000 0.0308253
v -0.0457393 0.3840000 -0.0340000
v -0.0410000 0.3840000 -0.0305693
v -0.0427159 0.3840000 0.0320000
v -0.0410000 0.3840000 0.0306572
v -0.0459072 0.3950000 -0.0340000
v -0.0410000 0.3950000 -0.0304356
v -0.0428861 0.3950000 0.0320000
v -0.0410000 0.3950000 0.0305190
v -0.0460339 0.4060000 -0.0340000
v -0.0410000 0.4060000 -0.0303340
v -0.0430145 0.4060000 0.0320000
v -0.0410000 0.4060000 0.0304140
v -0.0461160 0.4170000 -0.0340000
v -0.0410000 0.4170000 -0.0302679
v -0.0430978 0.4170000 0.0320000
v -0.0410000 0.4170000 0.0303456
v -0.0461494 0.4280000 -0.0340000
v -0.0410000 0.4280000 -0.0302406
v -0.0431320 0.4280000 0.0320000
v -0.0410000 0.4280000 0.0303173
v -0.0461266 0.4390000 -0.0340000
v -0.0410000 0.4390000 -0.0302562
v -0.0431109 0.4390000 0.0320000
v -0.0410000 0.4390000 0.0303335
v -0.0460408 0.4500000 -0.0340000
v -0.0410000 0.4500000 -0.0303169
v -0.0430302 0.4500000 0.0320000
v -0.0410000 0.4500000 0.0303964
v -0.0458944 0.4610000 -0.0340000
v -0.0410000 0.4610000 -0.0304207
v -0.0428924 0.4610000 0.0320000
v -0.0410000 0.4610000 0.0305039
v -0.0456917 0.4720000 -0.0340000
v -0.0410000 0.4720000 -0.0305649
v -0.0427016 0.4720000 0.0320000
v -0.0410000 0.4720000 0.0306532
v -0.0454372 0.4830000 -0.0340000
v -0.0410000 0.4830000 -0.0307466
v -0.0424617 0.4830000 0.0320000
v -0.0410000 0.4830000 0.0308414
v -0.0451350 0.4940000 -0.0340000
v -0.0410000 0.4940000 -0.0309631
v -0.0421769 0.4940000 0.0320000
v -0.0410000 0.4940000 0.0310656
v -0.0447898 0.5050000 -0.0340000
v -0.0410000 0.5050000 -0.0312116
v -0.0418513 0.5050000 0.0320000
v -0.0410000 0.5050000 0.0313229
v -0.0444058 0.5160000 -0.0340000
v -0.0410000 0.5160000 -0.0314892
v -0.0414889 0.5160000 0.0320000
v -0.0410000 0.5160000 0.0316104
v -0.0439874 0.5270000 -0.0340000
v -0.0410000 0.5270000 -0.0317932
v -0.0410937 0.5270000 0.0320000
v -0.0410000 0.5270000 0.0319252
v -0.0435388 0.5380000 -0.0340000
v -0.0410000 0.5380000 -0.0321206
v -0.0410000 0.5294292 0.0320000
v -0.0410000 0.5380000 0.0322292
v -0.0430642 0.5490000 -0.0340000
v -0.0410000 0.5490000 -0.0324688
v -0.0410000 0.5490000 0.0325418
v -0.0425678 0.5600000 -0.0340000
v -0.0410000 0.5600000 -0.0328347
v -0.0410000 0.5600000 0.0328703
v -0.0420535 0.5710000 -0.0340000
v -0.0410000 0.5710000 -0.0332154
v -0.0410000 0.5710000 0.0332121
v -0.0415253 0.5820000 -0.0340000
v -0.0410000 0.5820000 -0.0336080
v -0.0410000 0.5820000 0.0335644
v -0.0410000 0.5927370 -0.0340000
v -0.0410000 0.5930000 -0.0340085
v -0.0410000 0.5930000 0.0339247
v -0.0410000 0.6040000 -0.0343681
v -0.0410000 0.6040000 0.0342903
v -0.0410000 0.6150000 -0.0347302
v -0.0410000 0.6150000 0.0346584
v -0.0410000 0.6260000 -0.0350941
v -0.0410000 0.6260000 0.0350284
v -0.0410000 0.6370000 -0.0354737
v -0.0410000 0.6370000 0.0354144
v -0.0410000 0.6480000 -0.0359031
v -0.0410000 0.6480000 0.0358510
v -0.0410000 0.6590000 -0.0363863
v -0.0410000 0.6590000 0.0363423
v -0.0410000 0.6700000 -0.0369173
v -0.0519269 0.6700000 0.0430000
v -0.0410000 0.6700000 0.0368822
v -0.0410000 0.6810000 -0.0374895
v -0.0509215 0.6810000 0.0430000
v -0.0410000 0.6810000 0.0374640
v -0.0410000 0.6920000 -0.0380966
v -0.0498504 0.6920000 0.0430000
v -0.0410000 0.6920000 0.0380813
v -0.0410000 0.7030000 -0.0387321
v -0.0487214 0.7030000 0.0430000
v -0.0410000 0.7030000 0.0387274
v -0.0517441 0.7140000 -0.0450000
v -0.0410000 0.7140000 -0.0393900
v -0.0475428 0.7140000 0.0430000
v -0.0410000 0.7140000 0.0393961
v -0.0504971 0.7250000 -0.0450000
v -0.0410000 0.7250000 -0.0400641
v -0.0463234 0.7250000 0.0430000
v -0.0410000 0.7250000 0.0400814
v -0.0492174 0.7360000 -0.0450000
v -0.0410000 0.7360000 -0.0407487
v -0.0450730 0.7360000 0.0430000
v -0.0410000 0.7360000 0.0407772
v -0.0479151 0.7470000 -0.0450000
v -0.0410000 0.7470000 -0.0414380
v -0.0438015 0.7470000 0.0430000
v -0.0410000 0.7470000 0.0414778
v -0.0466011 0.7580000 -0.0450000
v -0.0410000 0.7580000 -0.0421265
v -0.0425200 0.7580000 0.0430000
v -0.0410000 0.7580000 0.0421774
v -0.0452866 0.7690000 -0.0450000
v -0.0410000 0.7690000 -0.0428087
v -0.0412398 0.7690000 0.0430000
v -0.0410000 0.7690000 0.0428707
v -0.0439836 0.7800000 -0.0450000
v -0.0410000 0.7800000 -0.0434794
v -0.0410000 0.7710837 0.0430000
v -0.0410000 0.7800000 0.0435151
v -0.0427047 0.7910000 -0.0450000
v -0.0410000 0.7910000 -0.0441332
v -0.0410000 0.7910000 0.0441350
v -0.0414623 0.8020000 -0.0450000
v -0.0410000 0.8020000 -0.0447653
v -0.0410000 0.8020000 0.0447344
v -0.0410000 0.8062337 -0.0450000
v -0.0410000 0.8130000 -0.0453529
v -0.0410000 0.8130000 0.0453137
v -0.0410000 0.8240000 -0.0459571
v -0.0410000 0.8240000 0.0459328
v -0.0410000 0.8350000 -0.0470053
v -0.0410000 0.8350000 0.0470068
v -0.0410000 0.8460000 -0.0496667
v -0.0410000 0.8460000 0.0496175
v -0.0410000 0.8570000 -0.0525985
v -0.0485563 0.8570000 0.0540000
v -0.0410000 0.8570000 0.0525868
v -0.0410000 0.8677539 -0.0560000
v -0.0410000 0.8680000 -0.0560685
v -0.0410000 0.8610684 0.0540000
v -0.0410000 0.8680000 0.0560392
v -0.0410000 0.8790000 -0.0592132
v -0.0410000 0.8790000 0.0592062
v -0.0410000 0.8900000 -0.0607711
v -0.0410000 0.8900000 0.0607702
v -0.0410000 0.9010000 -0.0615815
v -0.0410000 0.9010000 0.0615840
v -0.0410000 0.9120000 -0.0621988
v -0.0410000 0.9120000 0.0622039
v -0.0410000 0.9230000 -0.0626895
v -0.0410000 0.9230000 0.0626963
v -0.0410000 0.9340000 -0.0629689
v -0.0410000 0.9340000 0.0629829
v -0.0410000 0.9450000 -0.0622576
v -0.0410000 0.9450000 0.0622964
v -0.0456096 0.9560000 -0.0560000
v -0.0410000 0.9560000 -0.0572604
v -0.0410000 0.9560000 0.0571944
v -0.0410000 0.9570228 -0.0560000
v -0.0410000 0.9597061 -0.0450000
v -0.0410000 0.9600713 -0.0340000
v -0.0410000 0.9600973 -0.0230000
v -0.0410000 0.9600978 -0.0120000
v -0.0410000 0.9600978 -0.0010000
v -0.0410000 0.9600978 0.0100000
v -0.0410000 0.9600976 0.0210000
v -0.0410000 0.9600888 0.0320000
v -0.0410000 0.9599196 0.0430000
v -0.0410000 0.9582536 0.0540000
v -0.0339140 0.0980000 -0.0230000
v -0.0300000 0.0980000 -0.0166184
v -0.0300000 0.0958204 -0.0120000
v -0.0300000 0.0943149 -0.0010000
v -0.0300000 0.0953211 0.0100000
v -0.0325819 0.0980000 0.0210000
v -0.0300000 0.0980000 0.0166087
v -0.0402804 0.1090000 -0.0340000
v -0.0304373 0.1090000 -0.0230000
v -0.0300000 0.1090000 -0.0221886
v -0.0300000 0.1052557 0.0210000
v -0.0380942 0.1090000 0.0320000
v -0.0300000 0.1090000 0.0221605
v -0.0394895 0.1200000 -0.0340000
v -0.0300000 0.1200000 -0.0233522
v -0.0300000 0.1157332 -0.0230000
v -0.0372983 0.1200000 0.0320000
v -0.0300000 0.1200000 0.0231374
v -0.0394128 0.1310000 -0.0340000
v -0.0300000 0.1310000 -0.0234356
v -0.0372241 0.1310000 0.0320000
v -0.0300000 0.1310000 0.0232249
v -0.0394713 0.1420000 -0.0340000
v -0.0300000 0.1420000 -0.0233567
v -0.0372831 0.1420000 0.0320000
v -0.0300000 0.1420000 0.0231422
v -0.0395664 0.1530000 -0.0340000
v -0.0300000 0.1530000 -0.0232281
v -0.0373790 0.1530000 0.0320000
v -0.0300000 0.1530000 0.0230074
v -0.0396943 0.1640000 -0.0340000
v -0.0300000 0.1640000 -0.0230543
v -0.0375080 0.1640000 0.0320000
v -0.0300000 0.1640000 0.0228252
v -0.0398517 0.1750000 -0.0340000
v -0.0300000 0.1667779 -0.0230000
v -0.0301189 0.1750000 -0.0230000
v -0.0300000 0.1750000 -0.0227707
v -0.0376668 0.1750000 0.0320000
v -0.0300000 0.1750000 0.0225993
v -0.0400354 0.1860000 -0.0340000
v -0.0303048 0.1860000 -0.0230000
v -0.0300000 0.1860000 -0.0224096
v -0.0378523 0.1860000 0.0320000
v -0.0300000 0.1860000 0.0223333
v -0.0402422 0.1970000 -0.0340000
v -0.0305145 0.1970000 -0.0230000
v -0.0300000 0.1970000 -0.0219989
v -0.0380612 0.1970000 0.0320000
v -0.0300000 0.1970000 0.0220310
v -0.0404689 0.2080000 -0.0340000
v -0.0307448 0.2080000 -0.0230000
v -0.0300000 0.2080000 -0.0215434
v -0.0382902 0.2080000 0.0320000
v -0.0300000 0.2080000 0.0216960
v -0.0407123 0.2190000 -0.0340000
v -0.0309927 0.2190000 -0.0230000
v -0.0300000 0.2190000 -0.0210482
v -0.0385362 0.2190000 0.0320000
v -0.0300000 0.2190000 0.0213319
v -0.0409691 0.2300000 -0.0340000
v -0.0312549 0.2300000 -0.0230000
v -0.0300000 0.2300000 -0.0205181
v -0.0300384 0.2300000 0.0210000
v -0.0300000 0.2300000 0.0209134
v -0.0300000 0.2283813 0.0210000
v -0.0387959 0.2300000 0.0320000
v -0.0315285 0.2410000 -0.0230000
v -0.0300000 0.2410000 -0.0199584
v -0.0303106 0.2410000 0.0210000
v -0.0300000 0.2410000 0.0202946
v -0.0390663 0.2410000 0.0320000
v -0.0318103 0.2520000 -0.0230000
v -0.0300000 0.2520000 -0.0193743
v -0.0305912 0.2520000 0.0210000
v -0.0300000 0.2520000 0.0196488
v -0.0393443 0.2520000 0.0320000
v -0.0320974 0.2630000 -0.0230000
v -0.0300000 0.2630000 -0.0187714
v -0.0308771 0.2630000 0.0210000
v -0.0300000 0.2630000 0.0189820
v -0.0396268 0.2630000 0.0320000
v -0.0323867 0.2740000 -0.0230000
v -0.0300000 0.2740000 -0.0181552
v -0.0311654 0.2740000 0.0210000
v -0.0300000 0.2740000 0.0183004
v -0.0399108 0.2740000 0.0320000
v -0.0326754 0.2850000 -0.0230000
v -0.0300000 0.2850000 -0.0175319
v -0.0314532 0.2850000 0.0210000
v -0.0300000 0.2850000 0.0176108
v -0.0401934 0.2850000 0.0320000
v -0.0329604 0.2960000 -0.0230000
v -0.0300000 0.2960000 -0.0169075
v -0.0317375 0.2960000 0.0210000
v -0.0300000 0.2960000 0.0169198
v -0.0404718 0.2960000 0.0320000
v -0.0332390 0.3070000 -0.0230000
v -0.0300000 0.3070000 -0.0162885
v -0.0320154 0.3070000 0.0210000
v -0.0300000 0.3070000 0.0162348
v -0.0407433 0.3070000 0.0320000
v -0.0335083 0.3180000 -0.0230000
v -0.0300000 0.3180000 -0.0156818
v -0.0322842 0.3180000 0.0210000
v -0.0300000 0.3180000 0.0155632
v -0.0337655 0.3290000 -0.0230000
v -0.0300000 0.3290000 -0.0150944
v -0.0325411 0.3290000 0.0210000
v -0.0300000 0.3290000 0.0149129
v -0.0340078 0.3400000 -0.0230000
v -0.0300000 0.3400000 -0.0145335
v -0.0327832 0.3400000 0.0210000
v -0.0300000 0.3400000 0.0142918
v -0.0342326 0.3510000 -0.0230000
v -0.0300000 0.3510000 -0.0140069
v -0.0330078 0.3510000 0.0210000
v -0.0300000 0.3510000 0.0137086
v -0.0344370 0.3620000 -0.0230000
v -0.0300000 0.3620000 -0.0135222
v -0.0332121 0.3620000 0.0210000
v -0.0300000 0.3620000 0.0131717
v -0.0346184 0.3730000 -0.0230000
v -0.0300000 0.3730000 -0.0130874
v -0.0333936 0.3730000 0.0210000
v -0.0300000 0.3730000 0.0126901
v -0.0347741 0.3840000 -0.0230000
v -0.0300000 0.3840000 -0.0127108
v -0.0335494 0.3840000 0.0210000
v -0.0300000 0.3840000 0.0122728
v -0.0349014 0.3950000 -0.0230000
v -0.0300000 0.3950000 -0.0124002
v -0.0336768 0.3950000 0.0210000
v -0.0300000 0.3950000 0.0119287
v -0.0349977 0.4060000 -0.0230000
v -0.0300000 0.4060000 -0.0121640
v -0.0337731 0.4060000 0.0210000
v -0.0300000 0.4060000 0.0116669
v -0.0350602 0.4170000 -0.0230000
v -0.0300000 0.4170000 -0.0120099
v -0.0338357 0.4170000 0.0210000
v -0.0300000 0.4170000 0.0114962
v -0.0350864 0.4280000 -0.0230000
v -0.0300000 0.4186684 -0.0120000
v -0.0300221 0.4280000 -0.0120000
v -0.0300000 0.4280000 -0.0118623
v -0.0338620 0.4280000 0.0210000
v -0.0300000 0.4280000 0.0114237
v -0.0350751 0.4390000 -0.0230000
v -0.0300135 0.4390000 -0.0120000
v -0.0300000 0.4390000 -0.0119155
v -0.0338513 0.4390000 0.0210000
v -0.0300000 0.4390000 0.0114474
v -0.0350281 0.4500000 -0.0230000
v -0.0300000 0.4500000 -0.0120624
v -0.0300000 0.4428822 -0.0120000
v -0.0338063 0.4500000 0.0210000
v -0.0300000 0.4500000 0.0115543
v -0.0349477 0.4610000 -0.0230000
v -0.0300000 0.4610000 -0.0122280
v -0.0337292 0.4610000 0.0210000
v -0.0300000 0.4610000 0.0117376
v -0.0348361 0.4720000 -0.0230000
v -0.0300000 0.4720000 -0.0124586
v -0.0336221 0.4720000 0.0210000
v -0.0300000 0.4720000 0.0119930
v -0.0346956 0.4830000 -0.0230000
v -0.0300000 0.4830000 -0.0127503
v -0.0334872 0.4830000 0.0210000
v -0.0300000 0.4830000 0.0123161
v -0.0345283 0.4940000 -0.0230000
v -0.0300000 0.4940000 -0.0130992
v -0.0333266 0.4940000 0.0210000
v -0.0300000 0.4940000 0.0127025
v -0.0343365 0.5050000 -0.0230000
v -0.0300000 0.5050000 -0.0135013
v -0.0331423 0.5050000 0.0210000
v -0.0300000 0.5050000 0.0131479
v -0.0341223 0.5160000 -0.0230000
v -0.0300000 0.5160000 -0.0139527
v -0.0329365 0.5160000 0.0210000
v -0.0300000 0.5160000 0.0136480
v -0.0338881 0.5270000 -0.0230000
v -0.0300000 0.5270000 -0.0144494
v -0.0327113 0.5270000 0.0210000
v -0.0300000 0.5270000 0.0141982
v -0.0336360 0.5380000 -0.0230000
v -0.0300000 0.5380000 -0.0149872
v -0.0324686 0.5380000 0.0210000
v -0.0300000 0.5380000 0.0147940
v -0.0407634 0.5380000 0.0320000
v -0.0333682 0.5490000 -0.0230000
v -0.0300000 0.5490000 -0.0155621
v -0.0322107 0.5490000 0.0210000
v -0.0300000 0.5490000 0.0154309
v -0.0404418 0.5490000 0.0320000
v -0.0330867 0.5600000 -0.0230000
v -0.0300000 0.5600000 -0.0161697
v -0.0319395 0.5600000 0.0210000
v -0.0300000 0.5600000 0.0161042
v -0.0401050 0.5600000 0.0320000
v -0.0327938 0.5710000 -0.0230000
v -0.0300000 0.5710000 -0.0168058
v -0.0316571 0.5710000 0.0210000
v -0.0300000 0.5710000 0.0168089
v -0.0397556 0.5710000 0.0320000
v -0.0324915 0.5820000 -0.0230000
v -0.0300000 0.5820000 -0.0174658
v -0.0313654 0.5820000 0.0210000
v -0.0300000 0.5820000 0.0175402
v -0.0393964 0.5820000 0.0320000
v -0.0409909 0.5930000 -0.0340000
v -0.0321819 0.5930000 -0.0230000
v -0.0300000 0.5930000 -0.0181452
v -0.0310665 0.5930000 0.0210000
v -0.0300000 0.5930000 0.0182931
v -0.0390300 0.5930000 0.0320000
v -0.0406055 0.6040000 -0.0340000
v -0.0318671 0.6040000 -0.0230000
v -0.0300000 0.6040000 -0.0188393
v -0.0307623 0.6040000 0.0210000
v -0.0300000 0.6040000 0.0190622
v -0.0386588 0.6040000 0.0320000
v -0.0402182 0.6150000 -0.0340000
v -0.0315491 0.6150000 -0.0230000
v -0.0300000 0.6150000 -0.0195434
v -0.0304548 0.6150000 0.0210000
v -0.0300000 0.6150000 0.0198425
v -0.0382855 0.6150000 0.0320000
v -0.0398297 0.6260000 -0.0340000
v -0.0312279 0.6260000 -0.0230000
v -0.0300000 0.6260000 -0.0202573
v -0.0301438 0.6260000 0.0210000
v -0.0300000 0.6260000 0.0206336
v -0.0379105 0.6260000 0.0320000
v -0.0394242 0.6370000 -0.0340000
v -0.0308883 0.6370000 -0.0230000
v -0.0300000 0.6370000 -0.0210149
v -0.0300000 0.6308017 0.0210000
v -0.0375181 0.6370000 0.0320000
v -0.0300000 0.6370000 0.0213114
v -0.0389639 0.6480000 -0.0340000
v -0.0304943 0.6480000 -0.0230000
v -0.0300000 0.6480000 -0.0218961
v -0.0370706 0.6480000 0.0320000
v -0.0300000 0.6480000 0.0219542
v -0.0384432 0.6590000 -0.0340000
v -0.0300413 0.6590000 -0.0230000
v -0.0300000 0.6590000 -0.0229080
v -0.0365627 0.6590000 0.0320000
v -0.0300000 0.6590000 0.0226923
v -0.0378671 0.6700000 -0.0340000
v -0.0300000 0.6700000 -0.0237188
v -0.0300000 0.6598970 -0.0230000
v -0.0359996 0.6700000 0.0320000
v -0.0300000 0.6700000 0.0235140
v -0.0372415 0.6810000 -0.0340000
v -0.0300000 0.6810000 -0.0245691
v -0.0353872 0.6810000 0.0320000
v -0.0300000 0.6810000 0.0244064
v -0.0365726 0.6920000 -0.0340000
v -0.0300000 0.6920000 -0.0254747
v -0.0347319 0.6920000 0.0320000
v -0.0300000 0.6920000 0.0253570
v -0.0358664 0.7030000 -0.0340000
v -0.0300000 0.7030000 -0.0264243
v -0.0340399 0.7030000 0.0320000
v -0.0300000 0.7030000 0.0263535
v -0.0351296 0.7140000 -0.0340000
v -0.0300000 0.7140000 -0.0274066
v -0.0333179 0.7140000 0.0320000
v -0.0300000 0.7140000 0.0273843
v -0.0343687 0.7250000 -0.0340000
v -0.0300000 0.7250000 -0.0284111
v -0.0325725 0.7250000 0.0320000
v -0.0300000 0.7250000 0.0284381
v -0.0335909 0.7360000 -0.0340000
v -0.0300000 0.7360000 -0.0294275
v -0.0318108 0.7360000 0.0320000
v -0.0300000 0.7360000 0.0295044
v -0.0328032 0.7470000 -0.0340000
v -0.0300000 0.7470000 -0.0304463
v -0.0310400 0.7470000 0.0320000
v -0.0300000 0.7470000 0.0305731
v -0.0320132 0.7580000 -0.0340000
v -0.0300000 0.7580000 -0.0314583
v -0.0302676 0.7580000 0.0320000
v -0.0300000 0.7580000 0.0316344
v -0.0312286 0.7690000 -0.0340000
v -0.0300000 0.7690000 -0.0324545
v -0.0300000 0.7618423 0.0320000
v -0.0300000 0.7690000 0.0325530
v -0.0304573 0.7800000 -0.0340000
v -0.0300000 0.7800000 -0.0334265
v -0.0403063 0.7800000 0.0430000
v -0.0300000 0.7800000 0.0333832
v -0.0300000 0.7867085 -0.0340000
v -0.0300000 0.7910000 -0.0343049
v -0.0394683 0.7910000 0.0430000
v -0.0300000 0.7910000 0.0341860
v -0.0300000 0.8020000 -0.0350541
v -0.0386562 0.8020000 0.0430000
v -0.0300000 0.8020000 0.0349547
v -0.0405044 0.8130000 -0.0450000
v -0.0300000 0.8130000 -0.0357702
v -0.0378721 0.8130000 0.0430000
v -0.0300000 0.8130000 0.0356894
v -0.0396615 0.8240000 -0.0450000
v -0.0300000 0.8240000 -0.0365230
v -0.0370466 0.8240000 0.0430000
v -0.0300000 0.8240000 0.0364615
v -0.0381970 0.8350000 -0.0450000
v -0.0300000 0.8350000 -0.0378520
v -0.0356080 0.8350000 0.0430000
v -0.0300000 0.8350000 0.0378141
v -0.0334228 0.8460000 -0.0450000
v -0.0300000 0.8460000 -0.0421168
v -0.0310240 0.8460000 0.0430000
v -0.0300000 0.8460000 0.0420751
v -0.0300000 0.8494827 -0.0450000
v -0.0300000 0.8570000 -0.0493547
v -0.0300000 0.8471279 0.0430000
v -0.0300000 0.8570000 0.0491762
v -0.0402334 0.8680000 -0.0560000
v -0.0300000 0.8680000 -0.0550069
v -0.0300000 0.8654050 0.0540000
v -0.0300000 0.8680000 0.0550583
v -0.0300000 0.8704532 -0.0560000
v -0.0300000 0.8790000 -0.0590685
v -0.0300000 0.8790000 0.0590632
v -0.0300000 0.8900000 -0.0609193
v -0.0300000 0.8900000 0.0609190
v -0.0300000 0.9010000 -0.0618268
v -0.0300000 0.9010000 0.0618281
v -0.0300000 0.9120000 -0.0624875
v -0.0300000 0.9120000 0.0624899
v -0.0300000 0.9230000 -0.0629870
v -0.0300000 0.9230000 0.0629903
v -0.0300000 0.9340000 -0.0633001
v -0.0300000 0.9340000 0.0633050
v -0.0300000 0.9450000 -0.0629901
v -0.0300000 0.9450000 0.0629808
v -0.0300000 0.9560000 -0.0590605
v -0.0300000 0.9560000 0.0584015
v -0.0300000 0.9583181 -0.0560000
v -0.0300000 0.9599513 -0.0450000
v -0.0300000 0.9600937 -0.0340000
v -0.0300000 0.9600985 -0.0230000
v -0.0300000 0.9600986 -0.0120000
v -0.0300000 0.9600986 -0.0010000
v -0.0300000 0.9600986 0.0100000
v -0.0300000 0.9600985 0.0210000
v -0.0300000 0.9600969 0.0320000
v -0.0300000 0.9600062 0.0430000
v -0.0300000 0.9587961 0.0540000
v -0.0281708 0.0980000 -0.0120000
v -0.0264852 0.0980000 -0.0010000
v -0.0276584 0.0980000 0.0100000
v -0.0256694 0.1090000 -0.0120000
v -0.0240188 0.1090000 -0.0010000
v -0.0251519 0.1090000 0.0100000
v -0.0292728 0.1090000 0.0210000
v -0.0297630 0.1200000 -0.0230000
v -0.0250597 0.1200000 -0.0120000
v -0.0234199 0.1200000 -0.0010000
v -0.0245477 0.1200000 0.0100000
v -0.0286548 0.1200000 0.0210000
v -0.0297070 0.1310000 -0.0230000
v -0.0250084 0.1310000 -0.0120000
v -0.0233687 0.1310000 -0.0010000
v -0.0244971 0.1310000 0.0100000
v -0.0286000 0.1310000 0.0210000
v -0.0297603 0.1420000 -0.0230000
v -0.0250619 0.1420000 -0.0120000
v -0.0234219 0.1420000 -0.0010000
v -0.0245506 0.1420000 0.0100000
v -0.0286535 0.1420000 0.0210000
v -0.0298470 0.1530000 -0.0230000
v -0.0251488 0.1530000 -0.0120000
v -0.0235083 0.1530000 -0.0010000
v -0.0246374 0.1530000 0.0100000
v -0.0287404 0.1530000 0.0210000
v -0.0299636 0.1640000 -0.0230000
v -0.0252659 0.1640000 -0.0120000
v -0.0236247 0.1640000 -0.0010000
v -0.0247543 0.1640000 0.0100000
v -0.0288574 0.1640000 0.0210000
v -0.0254104 0.1750000 -0.0120000
v -0.0237684 0.1750000 -0.0010000
v -0.0248987 0.1750000 0.0100000
v -0.0290018 0.1750000 0.0210000
v -0.0255796 0.1860000 -0.0120000
v -0.0239367 0.1860000 -0.0010000
v -0.0250676 0.1860000 0.0100000
v -0.0291706 0.1860000 0.0210000
v -0.0257707 0.1970000 -0.0120000
v -0.0241269 0.1970000 -0.0010000
v -0.0252585 0.1970000 0.0100000
v -0.0293611 0.1970000 0.0210000
v -0.0259809 0.2080000 -0.0120000
v -0.0243363 0.2080000 -0.0010000
v -0.0254686 0.2080000 0.0100000
v -0.0295706 0.2080000 0.0210000
v -0.0262076 0.2190000 -0.0120000
v -0.0245621 0.2190000 -0.0010000
v -0.0256951 0.2190000 0.0100000
v -0.0297962 0.2190000 0.0210000
v -0.0264478 0.2300000 -0.0120000
v -0.0248016 0.2300000 -0.0010000
v -0.0259353 0.2300000 0.0100000
v -0.0266991 0.2410000 -0.0120000
v -0.0250522 0.2410000 -0.0010000
v -0.0261864 0.2410000 0.0100000
v -0.0269585 0.2520000 -0.0120000
v -0.0253110 0.2520000 -0.0010000
v -0.0264458 0.2520000 0.0100000
v -0.0272233 0.2630000 -0.0120000
v -0.0255755 0.2630000 -0.0010000
v -0.0267106 0.2630000 0.0100000
v -0.0274909 0.2740000 -0.0120000
v -0.0258429 0.2740000 -0.0010000
v -0.0269783 0.2740000 0.0100000
v -0.0277585 0.2850000 -0.0120000
v -0.0261105 0.2850000 -0.0010000
v -0.0272460 0.2850000 0.0100000
v -0.0280234 0.2960000 -0.0120000
v -0.0263756 0.2960000 -0.0010000
v -0.0275111 0.2960000 0.0100000
v -0.0282830 0.3070000 -0.0120000
v -0.0266355 0.3070000 -0.0010000
v -0.0277708 0.3070000 0.0100000
v -0.0285345 0.3180000 -0.0120000
v -0.0268875 0.3180000 -0.0010000
v -0.0280226 0.3180000 0.0100000
v -0.0287753 0.3290000 -0.0120000
v -0.0271289 0.3290000 -0.0010000
v -0.0282637 0.3290000 0.0100000
v -0.0290027 0.3400000 -0.0120000
v -0.0273570 0.3400000 -0.0010000
v -0.0284914 0.3400000 0.0100000
v -0.0292140 0.3510000 -0.0120000
v -0.0275691 0.3510000 -0.0010000
v -0.0287030 0.3510000 0.0100000
v -0.0294066 0.3620000 -0.0120000
v -0.0277625 0.3620000 -0.0010000
v -0.0288960 0.3620000 0.0100000
v -0.0295778 0.3730000 -0.0120000
v -0.0279346 0.3730000 -0.0010000
v -0.0290675 0.3730000 0.0100000
v -0.0297251 0.3840000 -0.0120000
v -0.0280826 0.3840000 -0.0010000
v -0.0292151 0.3840000 0.0100000
v -0.0298456 0.3950000 -0.0120000
v -0.0282038 0.3950000 -0.0010000
v -0.0293359 0.3950000 0.0100000
v -0.0299369 0.4060000 -0.0120000
v -0.0282956 0.4060000 -0.0010000
v -0.0294273 0.4060000 0.0100000
v -0.0299962 0.4170000 -0.0120000
v -0.0283552 0.4170000 -0.0010000
v -0.0294868 0.4170000 0.0100000
v -0.0283806 0.4280000 -0.0010000
v -0.0295120 0.4280000 0.0100000
v -0.0283731 0.4390000 -0.0010000
v -0.0295039 0.4390000 0.0100000
v -0.0299760 0.4500000 -0.0120000
v -0.0283382 0.4500000 -0.0010000
v -0.0294676 0.4500000 0.0100000
v -0.0299126 0.4610000 -0.0120000
v -0.0282783 0.4610000 -0.0010000
v -0.0294052 0.4610000 0.0100000
v -0.0298244 0.4720000 -0.0120000
v -0.0281950 0.4720000 -0.0010000
v -0.0293185 0.4720000 0.0100000
v -0.0297130 0.4830000 -0.0120000
v -0.0280898 0.4830000 -0.0010000
v -0.0292090 0.4830000 0.0100000
v -0.0295802 0.4940000 -0.0120000
v -0.0279642 0.4940000 -0.0010000
v -0.0290784 0.4940000 0.0100000
v -0.0294275 0.5050000 -0.0120000
v -0.0278196 0.5050000 -0.0010000
v -0.0289282 0.5050000 0.0100000
v -0.0292566 0.5160000 -0.0120000
v -0.0276578 0.5160000 -0.0010000
v -0.0287601 0.5160000 0.0100000
v -0.0290692 0.5270000 -0.0120000
v -0.0274800 0.5270000 -0.0010000
v -0.0285757 0.5270000 0.0100000
v -0.0288669 0.5380000 -0.0120000
v -0.0272880 0.5380000 -0.0010000
v -0.0283765 0.5380000 0.0100000
v -0.0286513 0.5490000 -0.0120000
v -0.0270830 0.5490000 -0.0010000
v -0.0281642 0.5490000 0.0100000
v -0.0284240 0.5600000 -0.0120000
v -0.0268668 0.5600000 -0.0010000
v -0.0279403 0.5600000 0.0100000
v -0.0281868 0.5710000 -0.0120000
v -0.0266408 0.5710000 -0.0010000
v -0.0277065 0.5710000 0.0100000
v -0.0279411 0.5820000 -0.0120000
v -0.0264065 0.5820000 -0.0010000
v -0.0274643 0.5820000 0.0100000
v -0.0276886 0.5930000 -0.0120000
v -0.0261654 0.5930000 -0.0010000
v -0.0272153 0.5930000 0.0100000
v -0.0274310 0.6040000 -0.0120000
v -0.0259190 0.6040000 -0.0010000
v -0.0269611 0.6040000 0.0100000
v -0.0271697 0.6150000 -0.0120000
v -0.0256688 0.6150000 -0.0010000
v -0.0267032 0.6150000 0.0100000
v -0.0269047 0.6260000 -0.0120000
v -0.0254146 0.6260000 -0.0010000
v -0.0264415 0.6260000 0.0100000
v -0.0266221 0.6370000 -0.0120000
v -0.0251426 0.6370000 -0.0010000
v -0.0261621 0.6370000 0.0100000
v -0.0298289 0.6370000 0.0210000
v -0.0262898 0.6480000 -0.0120000
v -0.0248212 0.6480000 -0.0010000
v -0.0258331 0.6480000 0.0100000
v -0.0294754 0.6480000 0.0210000
v -0.0259041 0.6590000 -0.0120000
v -0.0244469 0.6590000 -0.0010000
v -0.0254508 0.6590000 0.0100000
v -0.0290681 0.6590000 0.0210000
v -0.0295759 0.6700000 -0.0230000
v -0.0254706 0.6700000 -0.0120000
v -0.0240253 0.6700000 -0.0010000
v -0.0250209 0.6700000 0.0100000
v -0.0286123 0.6700000 0.0210000
v -0.0290714 0.6810000 -0.0230000
v -0.0249954 0.6810000 -0.0120000
v -0.0235625 0.6810000 -0.0010000
v -0.0245494 0.6810000 0.0100000
v -0.0281141 0.6810000 0.0210000
v -0.0285304 0.6920000 -0.0230000
v -0.0244847 0.6920000 -0.0120000
v -0.0230649 0.6920000 -0.0010000
v -0.0240427 0.6920000 0.0100000
v -0.0275795 0.6920000 0.0210000
v -0.0279587 0.7030000 -0.0230000
v -0.0239448 0.7030000 -0.0120000
v -0.0225388 0.7030000 -0.0010000
v -0.0235068 0.7030000 0.0100000
v -0.0270145 0.7030000 0.0210000
v -0.0273625 0.7140000 -0.0230000
v -0.0233820 0.7140000 -0.0120000
v -0.0219903 0.7140000 -0.0010000
v -0.0229482 0.7140000 0.0100000
v -0.0264253 0.7140000 0.0210000
v -0.0267481 0.7250000 -0.0230000
v -0.0228023 0.7250000 -0.0120000
v -0.0214256 0.7250000 -0.0010000
v -0.0223731 0.7250000 0.0100000
v -0.0258182 0.7250000 0.0210000
v -0.0261217 0.7360000 -0.0230000
v -0.0222123 0.7360000 -0.0120000
v -0.0208512 0.7360000 -0.0010000
v -0.0217877 0.7360000 0.0100000
v -0.0251995 0.7360000 0.0210000
v -0.0254897 0.7470000 -0.0230000
v -0.0216182 0.7470000 -0.0120000
v -0.0202733 0.7470000 -0.0010000
v -0.0211984 0.7470000 0.0100000
v -0.0245755 0.7470000 0.0210000
v -0.0248586 0.7580000 -0.0230000
v -0.0210263 0.7580000 -0.0120000
v -0.0196981 0.7580000 -0.0010000
v -0.0206115 0.7580000 0.0100000
v -0.0239528 0.7580000 0.0210000
v -0.0242350 0.7690000 -0.0230000
v -0.0204431 0.7690000 -0.0120000
v -0.0191319 0.7690000 -0.0010000
v -0.0200335 0.7690000 0.0100000
v -0.0233378 0.7690000 0.0210000
v -0.0295659 0.7690000 0.0320000
v -0.0236254 0.7800000 -0.0230000
v -0.0198750 0.7800000 -0.0120000
v -0.0190000 0.7800000 -0.0046528
v -0.0190000 0.7716340 -0.0010000
v -0.0194705 0.7800000 0.0100000
v -0.0190000 0.7800000 0.0042535
v -0.0227372 0.7800000 0.0210000
v -0.0289112 0.7800000 0.0320000
v -0.0297476 0.7910000 -0.0340000
v -0.0230367 0.7910000 -0.0230000
v -0.0193283 0.7910000 -0.0120000
v -0.0190000 0.7910000 -0.0092492
v -0.0190000 0.7895594 0.0100000
v -0.0221575 0.7910000 0.0210000
v -0.0190000 0.7910000 0.0102615
v -0.0282758 0.7910000 0.0320000
v -0.0291262 0.8020000 -0.0340000
v -0.0224753 0.8020000 -0.0230000
v -0.0190000 0.8020000 -0.0126220
v -0.0190000 0.7979603 -0.0120000
v -0.0216054 0.8020000 0.0210000
v -0.0190000 0.8020000 0.0121531
v -0.0276662 0.8020000 0.0320000
v -0.0285312 0.8130000 -0.0340000
v -0.0219424 0.8130000 -0.0230000
v -0.0190000 0.8130000 -0.0142187
v -0.0210821 0.8130000 0.0210000
v -0.0190000 0.8130000 0.0139344
v -0.0270832 0.8130000 0.0320000
v -0.0279013 0.8240000 -0.0340000
v -0.0213896 0.8240000 -0.0230000
v -0.0190000 0.8240000 -0.0158500
v -0.0205432 0.8240000 0.0210000
v -0.0190000 0.8240000 0.0157521
v -0.0264632 0.8240000 0.0320000
v -0.0267769 0.8350000 -0.0340000
v -0.0204594 0.8350000 -0.0230000
v -0.0190000 0.8350000 -0.0185541
v -0.0196526 0.8350000 0.0210000
v -0.0190000 0.8350000 0.0187416
v -0.0253556 0.8350000 0.0320000
v -0.0230253 0.8460000 -0.0340000
v -0.0190000 0.8460000 -0.0264690
v -0.0190000 0.8409423 -0.0230000
v -0.0190000 0.8378896 0.0210000
v -0.0217571 0.8460000 0.0320000
v -0.0190000 0.8460000 0.0264014
v -0.0190000 0.8562655 -0.0450000
v -0.0190000 0.8570000 -0.0456836
v -0.0190000 0.8504406 -0.0340000
v -0.0190000 0.8493255 0.0320000
v -0.0190000 0.8551479 0.0430000
v -0.0190000 0.8570000 0.0449810
v -0.0190000 0.8680000 -0.0544567
v -0.0190000 0.8669476 0.0540000
v -0.0190000 0.8680000 0.0545452
v -0.0190000 0.8710955 -0.0560000
v -0.0190000 0.8790000 -0.0593455
v -0.0190000 0.8790000 0.0593372
v -0.0190000 0.8900000 -0.0614335
v -0.0190000 0.8900000 0.0614325
v -0.0190000 0.9010000 -0.0624137
v -0.0190000 0.9010000 0.0624117
v -0.0190000 0.9120000 -0.0631032
v -0.0190000 0.9120000 0.0631003
v -0.0190000 0.9230000 -0.0636015
v -0.0190000 0.9230000 0.0635982
v -0.0190000 0.9340000 -0.0638878
v -0.0190000 0.9340000 0.0638931
v -0.0190000 0.9450000 -0.0635463
v -0.0190000 0.9450000 0.0636035
v -0.0190000 0.9560000 -0.0594881
v -0.0190000 0.9560000 0.0589233
v -0.0190000 0.9585806 -0.0560000
v -0.0190000 0.9599906 -0.0450000
v -0.0190000 0.9601017 -0.0340000
v -0.0190000 0.9601054 -0.0230000
v -0.0190000 0.9601064 -0.0120000
v -0.0190000 0.9601066 -0.0010000
v -0.0190000 0.9601064 0.0100000
v -0.0190000 0.9601055 0.0210000
v -0.0190000 0.9601026 0.0320000
v -0.0190000 0.9600202 0.0430000
v -0.0190000 0.9589611 0.0540000
v -0.0185151 0.7800000 -0.0010000
v -0.0179026 0.7910000 -0.0010000
v -0.0189185 0.7910000 0.0100000
v -0.0187816 0.8020000 -0.0120000
v -0.0173222 0.8020000 -0.0010000
v -0.0183282 0.8020000 0.0100000
v -0.0182201 0.8130000 -0.0120000
v -0.0167742 0.8130000 -0.0010000
v -0.0177708 0.8130000 0.0100000
v -0.0176355 0.8240000 -0.0120000
v -0.0161967 0.8240000 -0.0010000
v -0.0171879 0.8240000 0.0100000
v -0.0166117 0.8350000 -0.0120000
v -0.0151829 0.8350000 -0.0010000
v -0.0161649 0.8350000 0.0100000
v -0.0170294 0.8460000 -0.0230000
v -0.0132657 0.8460000 -0.0120000
v -0.0120046 0.8460000 -0.0010000
v -0.0128701 0.8460000 0.0100000
v -0.0161208 0.8460000 0.0210000
v -0.0160594 0.8570000 -0.0450000
v -0.0080000 0.8570000 -0.0378024
v -0.0080000 0.8561121 -0.0340000
v -0.0080000 0.8541192 -0.0230000
v -0.0080000 0.8520973 -0.0120000
v -0.0080000 0.8511163 -0.0010000
v -0.0080000 0.8518109 0.0100000
v -0.0080000 0.8537248 0.0210000
v -0.0080000 0.8557882 0.0320000
v -0.0126090 0.8570000 0.0430000
v -0.0080000 0.8570000 0.0376573
v -0.0080000 0.8583784 -0.0450000
v -0.0080000 0.8680000 -0.0545985
v -0.0080000 0.8578950 0.0430000
v -0.0080000 0.8669475 0.0540000
v -0.0080000 0.8680000 0.0546280
v -0.0080000 0.8705326 -0.0560000
v -0.0080000 0.8790000 -0.0598800
v -0.0080000 0.8790000 0.0598630
v -0.0080000 0.8900000 -0.0620774
v -0.0080000 0.8900000 0.0620771
v -0.0080000 0.9010000 -0.0630884
v -0.0080000 0.9010000 0.0630882
v -0.0080000 0.9120000 -0.0637913
v -0.0080000 0.9120000 0.0637910
v -0.0080000 0.9230000 -0.0642910
v -0.0080000 0.9230000 0.0642909
v -0.0080000 0.9340000 -0.0645676
v -0.0080000 0.9340000 0.0645829
v -0.0080000 0.9450000 -0.0641912
v -0.0080000 0.9450000 0.0643239
v -0.0080000 0.9560000 -0.0597802
v -0.0080000 0.9560000 0.0594177
v -0.0080000 0.9586797 -0.0560000
v -0.0080000 0.9599910 -0.0450000
v -0.0080000 0.9601156 -0.0340000
v -0.0080000 0.9601257 -0.0230000
v -0.0080000 0.9601343 -0.0120000
v -0.0080000 0.9601360 -0.0010000
v -0.0080000 0.9601346 0.0100000
v -0.0080000 0.9601267 0.0210000
v -0.0080000 0.9601185 0.0320000
v -0.0080000 0.9600301 0.0430000
v -0.0080000 0.9590687 0.0540000
v 0.0030000 0.8569529 -0.0340000
v 0.0030000 0.8570000 -0.0342514
v 0.0030000 0.8555672 -0.0230000
v 0.0030000 0.8540649 -0.0120000
v 0.0030000 0.8533215 -0.0010000
v 0.0030000 0.8538485 0.0100000
v 0.0030000 0.8552788 0.0210000
v 0.0030000 0.8567410 0.0320000
v 0.0030000 0.8570000 0.0335423
v 0.0030000 0.8586648 -0.0450000
v 0.0030000 0.8680000 -0.0546688
v 0.0030000 0.8582500 0.0430000
v 0.0030000 0.8668638 0.0540000
v 0.0030000 0.8680000 0.0546955
v 0.0030000 0.8703536 -0.0560000
v 0.0030000 0.8790000 -0.0600108
v 0.0030000 0.8790000 0.0599940
v 0.0030000 0.8900000 -0.0622229
v 0.0030000 0.8900000 0.0622228
v 0.0030000 0.9010000 -0.0632380
v 0.0030000 0.9010000 0.0632381
v 0.0030000 0.9120000 -0.0639430
v 0.0030000 0.9120000 0.0639432
v 0.0030000 0.9230000 -0.0644434
v 0.0030000 0.9230000 0.0644438
v 0.0030000 0.9340000 -0.0647197
v 0.0030000 0.9340000 0.0647370
v 0.0030000 0.9450000 -0.0643419
v 0.0030000 0.9450000 0.0644905
v 0.0030000 0.9560000 -0.0598616
v 0.0030000 0.9560000 0.0595443
v 0.0030000 0.9587044 -0.0560000
v 0.0030000 0.9599946 -0.0450000
v 0.0030000 0.9601155 -0.0340000
v 0.0030000 0.9601318 -0.0230000
v 0.0030000 0.9601576 -0.0120000
v 0.0030000 0.9601624 -0.0010000
v 0.0030000 0.9601584 0.0100000
v 0.0030000 0.9601358 0.0210000
v 0.0030000 0.9601181 0.0320000
v 0.0030000 0.9600245 0.0430000
v 0.0030000 0.9590923 0.0540000
v 0.0136842 0.8460000 -0.0120000
v 0.0140000 0.8453960 -0.0120000
v 0.0140000 0.8460000 -0.0127160
v 0.0118117 0.8460000 -0.0010000
v 0.0140000 0.8412043 -0.0010000
v 0.0130976 0.8460000 0.0100000
v 0.0140000 0.8442010 0.0100000
v 0.0140000 0.8460000 0.0122898
v 0.0140000 0.8538013 -0.0340000
v 0.0140000 0.8570000 -0.0429232
v 0.0140000 0.8498278 -0.0230000
v 0.0140000 0.8490326 0.0210000
v 0.0140000 0.8531526 0.0320000
v 0.0133283 0.8570000 0.0430000
v 0.0140000 0.8568889 0.0430000
v 0.0140000 0.8570000 0.0431452
v 0.0140000 0.8575823 -0.0450000
v 0.0140000 0.8680000 -0.0544625
v 0.0140000 0.8670513 0.0540000
v 0.0140000 0.8680000 0.0545306
v 0.0140000 0.8708936 -0.0560000
v 0.0140000 0.8790000 -0.0596040
v 0.0140000 0.8790000 0.0595894
v 0.0140000 0.8900000 -0.0617579
v 0.0140000 0.8900000 0.0617570
v 0.0140000 0.9010000 -0.0627573
v 0.0140000 0.9010000 0.0627573
v 0.0140000 0.9120000 -0.0634549
v 0.0140000 0.9120000 0.0634551
v 0.0140000 0.9230000 -0.0639533
v 0.0140000 0.9230000 0.0639538
v 0.0140000 0.9340000 -0.0642318
v 0.0140000 0.9340000 0.0642445
v 0.0140000 0.9450000 -0.0638631
v 0.0140000 0.9450000 0.0639631
v 0.0140000 0.9560000 -0.0595991
v 0.0140000 0.9560000 0.0591498
v 0.0140000 0.9586152 -0.0560000
v 0.0140000 0.9599943 -0.0450000
v 0.0140000 0.9600998 -0.0340000
v 0.0140000 0.9601132 -0.0230000
v 0.0140000 0.9601325 -0.0120000
v 0.0140000 0.9601359 -0.0010000
v 0.0140000 0.9601331 0.0100000
v 0.0140000 0.9601169 0.0210000
v 0.0140000 0.9601027 0.0320000
v 0.0140000 0.9600230 0.0430000
v 0.0140000 0.9590121 0.0540000
v 0.0239982 0.1090000 -0.0010000
v 0.0250000 0.1038941 -0.0010000
v 0.0250000 0.1090000 -0.0077239
v 0.0250000 0.1090000 0.0086661
v 0.0233936 0.1200000 -0.0010000
v 0.0250000 0.1200000 -0.0116132
v 0.0250000 0.1115809 0.0100000
v 0.0245429 0.1200000 0.0100000
v 0.0250000 0.1200000 0.0113045
v 0.0233438 0.1310000 -0.0010000
v 0.0250000 0.1310000 -0.0119425
v 0.0244919 0.1310000 0.0100000
v 0.0250000 0.1310000 0.0114502
v 0.0233987 0.1420000 -0.0010000
v 0.0250000 0.1420000 -0.0115914
v 0.0245468 0.1420000 0.0100000
v 0.0250000 0.1420000 0.0112949
v 0.0234879 0.1530000 -0.0010000
v 0.0250000 0.1530000 -0.0110196
v 0.0246360 0.1530000 0.0100000
v 0.0250000 0.1530000 0.0110420
v 0.0236081 0.1640000 -0.0010000
v 0.0250000 0.1640000 -0.0102459
v 0.0247561 0.1640000 0.0100000
v 0.0250000 0.1640000 0.0106998
v 0.0237565 0.1750000 -0.0010000
v 0.0250000 0.1750000 -0.0092855
v 0.0249044 0.1750000 0.0100000
v 0.0250000 0.1750000 0.0102752
v 0.0239303 0.1860000 -0.0010000
v 0.0250000 0.1860000 -0.0081533
v 0.0250000 0.1860000 0.0092686
v 0.0250000 0.1810585 0.0100000
v 0.0241267 0.1970000 -0.0010000
v 0.0250000 0.1970000 -0.0068642
v 0.0250000 0.1970000 0.0074182
v 0.0243428 0.2080000 -0.0010000
v 0.0250000 0.2080000 -0.0054328
v 0.0250000 0.2080000 0.0053636
v 0.0245760 0.2190000 -0.0010000
v 0.0250000 0.2190000 -0.0038743
v 0.0250000 0.2190000 0.0031264
v 0.0248234 0.2300000 -0.0010000
v 0.0250000 0.2300000 -0.0022039
v 0.0250000 0.2300000 0.0007284
v 0.0250000 0.2375100 -0.0010000
v 0.0248443 0.6480000 -0.0010000
v 0.0250000 0.6428409 -0.0010000
v 0.0250000 0.6480000 -0.0021854
v 0.0250000 0.6480000 0.0007027
v 0.0244578 0.6590000 -0.0010000
v 0.0250000 0.6590000 -0.0051225
v 0.0250000 0.6590000 0.0049217
v 0.0240224 0.6700000 -0.0010000
v 0.0250000 0.6700000 -0.0084148
v 0.0250000 0.6700000 0.0096509
v 0.0249994 0.6810000 -0.0120000
v 0.0250000 0.6809863 -0.0120000
v 0.0250000 0.6810000 -0.0120018
v 0.0235445 0.6810000 -0.0010000
v 0.0250000 0.6707426 0.0100000
v 0.0245481 0.6810000 0.0100000
v 0.0250000 0.6810000 0.0114716
v 0.0244755 0.6920000 -0.0120000
v 0.0250000 0.6920000 -0.0135163
v 0.0230306 0.6920000 -0.0010000
v 0.0240273 0.6920000 0.0100000
v 0.0250000 0.6920000 0.0131564
v 0.0239217 0.7030000 -0.0120000
v 0.0250000 0.7030000 -0.0151052
v 0.0224873 0.7030000 -0.0010000
v 0.0234766 0.7030000 0.0100000
v 0.0250000 0.7030000 0.0149239
v 0.0233443 0.7140000 -0.0120000
v 0.0250000 0.7140000 -0.0167483
v 0.0219208 0.7140000 -0.0010000
v 0.0229025 0.7140000 0.0100000
v 0.0250000 0.7140000 0.0167514
v 0.0227498 0.7250000 -0.0120000
v 0.0250000 0.7250000 -0.0184263
v 0.0213378 0.7250000 -0.0010000
v 0.0223114 0.7250000 0.0100000
v 0.0250000 0.7250000 0.0186175
v 0.0221447 0.7360000 -0.0120000
v 0.0250000 0.7360000 -0.0201209
v 0.0207447 0.7360000 -0.0010000
v 0.0217099 0.7360000 0.0100000
v 0.0250000 0.7360000 0.0205020
v 0.0215353 0.7470000 -0.0120000
v 0.0250000 0.7470000 -0.0218152
v 0.0201479 0.7470000 -0.0010000
v 0.0211043 0.7470000 0.0100000
v 0.0250000 0.7388995 0.0210000
v 0.0245339 0.7470000 0.0210000
v 0.0250000 0.7470000 0.0218934
v 0.0248120 0.7580000 -0.0230000
v 0.0250000 0.7547610 -0.0230000
v 0.0250000 0.7580000 -0.0233354
v 0.0209284 0.7580000 -0.0120000
v 0.0195539 0.7580000 -0.0010000
v 0.0205013 0.7580000 0.0100000
v 0.0239024 0.7580000 0.0210000
v 0.0250000 0.7580000 0.0230964
v 0.0241814 0.7690000 -0.0230000
v 0.0250000 0.7690000 -0.0244559
v 0.0203304 0.7690000 -0.0120000
v 0.0189693 0.7690000 -0.0010000
v 0.0199073 0.7690000 0.0100000
v 0.0232788 0.7690000 0.0210000
v 0.0250000 0.7690000 0.0242769
v 0.0235651 0.7800000 -0.0230000
v 0.0250000 0.7800000 -0.0255451
v 0.0197478 0.7800000 -0.0120000
v 0.0184005 0.7800000 -0.0010000
v 0.0193289 0.7800000 0.0100000
v 0.0226698 0.7800000 0.0210000
v 0.0250000 0.7800000 0.0254244
v 0.0229699 0.7910000 -0.0230000
v 0.0250000 0.7910000 -0.0265933
v 0.0191873 0.7910000 -0.0120000
v 0.0178540 0.7910000 -0.0010000
v 0.0187726 0.7910000 0.0100000
v 0.0220822 0.7910000 0.0210000
v 0.0250000 0.7910000 0.0265287
v 0.0224022 0.8020000 -0.0230000
v 0.0250000 0.8020000 -0.0275917
v 0.0186552 0.8020000 -0.0120000
v 0.0173361 0.8020000 -0.0010000
v 0.0182448 0.8020000 0.0100000
v 0.0215223 0.8020000 0.0210000
v 0.0250000 0.8020000 0.0275803
v 0.0218571 0.8130000 -0.0230000
v 0.0250000 0.8130000 -0.0285473
v 0.0181479 0.8130000 -0.0120000
v 0.0168438 0.8130000 -0.0010000
v 0.0177421 0.8130000 0.0100000
v 0.0209854 0.8130000 0.0210000
v 0.0250000 0.8130000 0.0285864
v 0.0212398 0.8240000 -0.0230000
v 0.0250000 0.8240000 -0.0295699
v 0.0175798 0.8240000 -0.0120000
v 0.0162995 0.8240000 -0.0010000
v 0.0171811 0.8240000 0.0100000
v 0.0203763 0.8240000 0.0210000
v 0.0250000 0.8240000 0.0296579
v 0.0201264 0.8350000 -0.0230000
v 0.0250000 0.8350000 -0.0312621
v 0.0165700 0.8350000 -0.0120000
v 0.0153542 0.8350000 -0.0010000
v 0.0161901 0.8350000 0.0100000
v 0.0192755 0.8350000 0.0210000
v 0.0250000 0.8350000 0.0314022
v 0.0230083 0.8460000 -0.0340000
v 0.0250000 0.8411136 -0.0340000
v 0.0250000 0.8460000 -0.0364832
v 0.0169081 0.8460000 -0.0230000
v 0.0161625 0.8460000 0.0210000
v 0.0250000 0.8363990 0.0320000
v 0.0216027 0.8460000 0.0320000
v 0.0250000 0.8460000 0.0364528
v 0.0162124 0.8570000 -0.0450000
v 0.0250000 0.8533339 -0.0450000
v 0.0250000 0.8570000 -0.0476653
v 0.0250000 0.8516386 0.0430000
v 0.0250000 0.8570000 0.0473296
v 0.0250000 0.8680000 -0.0546591
v 0.0250000 0.8663507 0.0540000
v 0.0250000 0.8680000 0.0547597
v 0.0250000 0.8709804 -0.0560000
v 0.0250000 0.8790000 -0.0591316
v 0.0250000 0.8790000 0.0591276
v 0.0250000 0.8900000 -0.0611014
v 0.0250000 0.8900000 0.0611011
v 0.0250000 0.9010000 -0.0620462
v 0.0250000 0.9010000 0.0620466
v 0.0250000 0.9120000 -0.0627223
v 0.0250000 0.9120000 0.0627230
v 0.0250000 0.9230000 -0.0632221
v 0.0250000 0.9230000 0.0632232
v 0.0250000 0.9340000 -0.0635258
v 0.0250000 0.9340000 0.0635297
v 0.0250000 0.9450000 -0.0632198
v 0.0250000 0.9450000 0.0632329
v 0.0250000 0.9560000 -0.0592704
v 0.0250000 0.9560000 0.0586548
v 0.0250000 0.9584588 -0.0560000
v 0.0250000 0.9599800 -0.0450000
v 0.0250000 0.9600959 -0.0340000
v 0.0250000 0.9601010 -0.0230000
v 0.0250000 0.9601057 -0.0120000
v 0.0250000 0.9601066 -0.0010000
v 0.0250000 0.9601058 0.0100000
v 0.0250000 0.9601020 0.0210000
v 0.0250000 0.9600974 0.0320000
v 0.0250000 0.9600136 0.0430000
v 0.0250000 0.9588743 0.0540000
v 0.0334624 0.0980000 -0.0230000
v 0.0360000 0.0954727 -0.0230000
v 0.0360000 0.0980000 -0.0263756
v 0.0289898 0.0980000 -0.0120000
v 0.0360000 0.0931930 -0.0120000
v 0.0271132 0.0980000 -0.0010000
v 0.0360000 0.0928098 -0.0010000
v 0.0284239 0.0980000 0.0100000
v 0.0360000 0.0930398 0.0100000
v 0.0322562 0.0980000 0.0210000
v 0.0360000 0.0945682 0.0210000
v 0.0360000 0.0980000 0.0263792
v 0.0306117 0.1090000 -0.0230000
v 0.0360000 0.1090000 -0.0299507
v 0.0257000 0.1090000 -0.0120000
v 0.0251512 0.1090000 0.0100000
v 0.0294325 0.1090000 0.0210000
v 0.0360000 0.1090000 0.0300703
v 0.0299058 0.1200000 -0.0230000
v 0.0360000 0.1200000 -0.0308100
v 0.0250602 0.1200000 -0.0120000
v 0.0287440 0.1200000 0.0210000
v 0.0360000 0.1200000 0.0309263
v 0.0298428 0.1310000 -0.0230000
v 0.0360000 0.1310000 -0.0308901
v 0.0250089 0.1310000 -0.0120000
v 0.0286828 0.1310000 0.0210000
v 0.0360000 0.1310000 0.0310074
v 0.0298982 0.1420000 -0.0230000
v 0.0360000 0.1420000 -0.0308274
v 0.0250631 0.1420000 -0.0120000
v 0.0287381 0.1420000 0.0210000
v 0.0360000 0.1420000 0.0309422
v 0.0299881 0.1530000 -0.0230000
v 0.0360000 0.1530000 -0.0307251
v 0.0251511 0.1530000 -0.0120000
v 0.0288279 0.1530000 0.0210000
v 0.0360000 0.1530000 0.0308358
v 0.0301092 0.1640000 -0.0230000
v 0.0360000 0.1640000 -0.0305869
v 0.0252697 0.1640000 -0.0120000
v 0.0289488 0.1640000 0.0210000
v 0.0360000 0.1640000 0.0306922
v 0.0302585 0.1750000 -0.0230000
v 0.0360000 0.1750000 -0.0304156
v 0.0254160 0.1750000 -0.0120000
v 0.0290980 0.1750000 0.0210000
v 0.0360000 0.1750000 0.0305141
v 0.0304331 0.1860000 -0.0230000
v 0.0360000 0.1860000 -0.0302143
v 0.0255872 0.1860000 -0.0120000
v 0.0250765 0.1860000 0.0100000
v 0.0292724 0.1860000 0.0210000
v 0.0360000 0.1860000 0.0303048
v 0.0306301 0.1970000 -0.0230000
v 0.0360000 0.1970000 -0.0299856
v 0.0257807 0.1970000 -0.0120000
v 0.0252690 0.1970000 0.0100000
v 0.0294692 0.1970000 0.0210000
v 0.0360000 0.1970000 0.0300671
v 0.0308465 0.2080000 -0.0230000
v 0.0360000 0.2080000 -0.0297326
v 0.0259934 0.2080000 -0.0120000
v 0.0254807 0.2080000 0.0100000
v 0.0296855 0.2080000 0.0210000
v 0.0360000 0.2080000 0.0298039
v 0.0310794 0.2190000 -0.0230000
v 0.0360000 0.2190000 -0.0294580
v 0.0262228 0.2190000 -0.0120000
v 0.0257090 0.2190000 0.0100000
v 0.0299184 0.2190000 0.0210000
v 0.0360000 0.2190000 0.0295183
v 0.0313260 0.2300000 -0.0230000
v 0.0360000 0.2300000 -0.0291648
v 0.0264659 0.2300000 -0.0120000
v 0.0259510 0.2300000 0.0100000
v 0.0301650 0.2300000 0.0210000
v 0.0360000 0.2300000 0.0292133
v 0.0315833 0.2410000 -0.0230000
v 0.0360000 0.2410000 -0.0288559
v 0.0267201 0.2410000 -0.0120000
v 0.0250793 0.2410000 -0.0010000
v 0.0262041 0.2410000 0.0100000
v 0.0304224 0.2410000 0.0210000
v 0.0360000 0.2410000 0.0288919
v 0.0318484 0.2520000 -0.0230000
v 0.0360000 0.2520000 -0.0285344
v 0.0269824 0.2520000 -0.0120000
v 0.0253374 0.2520000 -0.0010000
v 0.0264654 0.2520000 0.0100000
v 0.0306878 0.2520000 0.0210000
v 0.0360000 0.2520000 0.0285574
v 0.0321186 0.2630000 -0.0230000
v 0.0360000 0.2630000 -0.0282034
v 0.0272503 0.2630000 -0.0120000
v 0.0256011 0.2630000 -0.0010000
v 0.0267322 0.2630000 0.0100000
v 0.0309584 0.2630000 0.0210000
v 0.0360000 0.2630000 0.0282128
v 0.0323911 0.2740000 -0.0230000
v 0.0360000 0.2740000 -0.0278660
v 0.0275208 0.2740000 -0.0120000
v 0.0258678 0.2740000 -0.0010000
v 0.0270018 0.2740000 0.0100000
v 0.0312313 0.2740000 0.0210000
v 0.0360000 0.2740000 0.0278616
v 0.0326630 0.2850000 -0.0230000
v 0.0360000 0.2850000 -0.0275257
v 0.0277914 0.2850000 -0.0120000
v 0.0261346 0.2850000 -0.0010000
v 0.0272714 0.2850000 0.0100000
v 0.0315038 0.2850000 0.0210000
v 0.0360000 0.2850000 0.0275073
v 0.0329316 0.2960000 -0.0230000
v 0.0360000 0.2960000 -0.0271857
v 0.0280592 0.2960000 -0.0120000
v 0.0263989 0.2960000 -0.0010000
v 0.0275383 0.2960000 0.0100000
v 0.0317731 0.2960000 0.0210000
v 0.0360000 0.2960000 0.0271532
v 0.0331943 0.3070000 -0.0230000
v 0.0360000 0.3070000 -0.0268496
v 0.0283215 0.3070000 -0.0120000
v 0.0266580 0.3070000 -0.0010000
v 0.0277999 0.3070000 0.0100000
v 0.0320366 0.3070000 0.0210000
v 0.0360000 0.3070000 0.0268031
v 0.0334482 0.3180000 -0.0230000
v 0.0360000 0.3180000 -0.0265210
v 0.0285756 0.3180000 -0.0120000
v 0.0269092 0.3180000 -0.0010000
v 0.0280533 0.3180000 0.0100000
v 0.0322914 0.3180000 0.0210000
v 0.0360000 0.3180000 0.0264607
v 0.0336909 0.3290000 -0.0230000
v 0.0360000 0.3290000 -0.0262036
v 0.0288188 0.3290000 -0.0120000
v 0.0271498 0.3290000 -0.0010000
v 0.0282959 0.3290000 0.0100000
v 0.0325350 0.3290000 0.0210000
v 0.0360000 0.3290000 0.0261301
v 0.0339197 0.3400000 -0.0230000
v 0.0360000 0.3400000 -0.0259014
v 0.0290485 0.3400000 -0.0120000
v 0.0273772 0.3400000 -0.0010000
v 0.0285251 0.3400000 0.0100000
v 0.0327647 0.3400000 0.0210000
v 0.0360000 0.3400000 0.0258151
v 0.0341319 0.3510000 -0.0230000
v 0.0360000 0.3510000 -0.0256183
v 0.0292619 0.3510000 -0.0120000
v 0.0275886 0.3510000 -0.0010000
v 0.0287381 0.3510000 0.0100000
v 0.0329779 0.3510000 0.0210000
v 0.0360000 0.3510000 0.0255200
v 0.0343250 0.3620000 -0.0230000
v 0.0360000 0.3620000 -0.0253583
v 0.0294563 0.3620000 -0.0120000
v 0.0277814 0.3620000 -0.0010000
v 0.0289322 0.3620000 0.0100000
v 0.0331719 0.3620000 0.0210000
v 0.0360000 0.3620000 0.0252489
v 0.0344964 0.3730000 -0.0230000
v 0.0360000 0.3730000 -0.0251256
v 0.0296292 0.3730000 -0.0120000
v 0.0279528 0.3730000 -0.0010000
v 0.0291048 0.3730000 0.0100000
v 0.0333442 0.3730000 0.0210000
v 0.0360000 0.3730000 0.0250063
v 0.0346435 0.3840000 -0.0230000
v 0.0360000 0.3840000 -0.0249243
v 0.0297779 0.3840000 -0.0120000
v 0.0281003 0.3840000 -0.0010000
v 0.0292532 0.3840000 0.0100000
v 0.0334922 0.3840000 0.0210000
v 0.0360000 0.3840000 0.0247963
v 0.0347639 0.3950000 -0.0230000
v 0.0360000 0.3950000 -0.0247586
v 0.0298996 0.3950000 -0.0120000
v 0.0282212 0.3950000 -0.0010000
v 0.0293747 0.3950000 0.0100000
v 0.0336132 0.3950000 0.0210000
v 0.0360000 0.3950000 0.0246235
v 0.0348550 0.4060000 -0.0230000
v 0.0360000 0.4060000 -0.0246326
v 0.0299917 0.4060000 -0.0120000
v 0.0283126 0.4060000 -0.0010000
v 0.0294667 0.4060000 0.0100000
v 0.0337048 0.4060000 0.0210000
v 0.0360000 0.4060000 0.0244922
v 0.0349141 0.4170000 -0.0230000
v 0.0360000 0.4170000 -0.0245506
v 0.0300515 0.4170000 -0.0120000
v 0.0283721 0.4170000 -0.0010000
v 0.0295264 0.4170000 0.0100000
v 0.0337643 0.4170000 0.0210000
v 0.0360000 0.4170000 0.0244066
v 0.0349388 0.4280000 -0.0230000
v 0.0360000 0.4280000 -0.0245162
v 0.0300768 0.4280000 -0.0120000
v 0.0283974 0.4280000 -0.0010000
v 0.0295518 0.4280000 0.0100000
v 0.0337892 0.4280000 0.0210000
v 0.0360000 0.4280000 0.0243708
v 0.0349282 0.4390000 -0.0230000
v 0.0360000 0.4390000 -0.0245319
v 0.0300685 0.4390000 -0.0120000
v 0.0283899 0.4390000 -0.0010000
v 0.0295437 0.4390000 0.0100000
v 0.0337791 0.4390000 0.0210000
v 0.0360000 0.4390000 0.0243870
v 0.0348838 0.4500000 -0.0230000
v 0.0360000 0.4500000 -0.0245959
v 0.0300311 0.4500000 -0.0120000
v 0.0283551 0.4500000 -0.0010000
v 0.0295071 0.4500000 0.0100000
v 0.0337363 0.4500000 0.0210000
v 0.0360000 0.4500000 0.0244538
v 0.0348080 0.4610000 -0.0230000
v 0.0360000 0.4610000 -0.0247056
v 0.0299669 0.4610000 -0.0120000
v 0.0282954 0.4610000 -0.0010000
v 0.0294443 0.4610000 0.0100000
v 0.0336631 0.4610000 0.0210000
v 0.0360000 0.4610000 0.0245681
v 0.0347027 0.4720000 -0.0230000
v 0.0360000 0.4720000 -0.0248581
v 0.0298778 0.4720000 -0.0120000
v 0.0282124 0.4720000 -0.0010000
v 0.0293570 0.4720000 0.0100000
v 0.0335615 0.4720000 0.0210000
v 0.0360000 0.4720000 0.0247269
v 0.0345701 0.4830000 -0.0230000
v 0.0360000 0.4830000 -0.0250505
v 0.0297652 0.4830000 -0.0120000
v 0.0281075 0.4830000 -0.0010000
v 0.0292468 0.4830000 0.0100000
v 0.0334334 0.4830000 0.0210000
v 0.0360000 0.4830000 0.0249275
v 0.0344122 0.4940000 -0.0230000
v 0.0360000 0.4940000 -0.0252801
v 0.0296309 0.4940000 -0.0120000
v 0.0279822 0.4940000 -0.0010000
v 0.0291153 0.4940000 0.0100000
v 0.0332808 0.4940000 0.0210000
v 0.0360000 0.4940000 0.0251667
v 0.0342312 0.5050000 -0.0230000
v 0.0360000 0.5050000 -0.0255440
v 0.0294766 0.5050000 -0.0120000
v 0.0278382 0.5050000 -0.0010000
v 0.0289641 0.5050000 0.0100000
v 0.0331058 0.5050000 0.0210000
v 0.0360000 0.5050000 0.0254418
v 0.0340291 0.5160000 -0.0230000
v 0.0360000 0.5160000 -0.0258393
v 0.0293039 0.5160000 -0.0120000
v 0.0276769 0.5160000 -0.0010000
v 0.0287949 0.5160000 0.0100000
v 0.0329104 0.5160000 0.0210000
v 0.0360000 0.5160000 0.0257496
v 0.0338080 0.5270000 -0.0230000
v 0.0360000 0.5270000 -0.0261633
v 0.0291146 0.5270000 -0.0120000
v 0.0274997 0.5270000 -0.0010000
v 0.0286092 0.5270000 0.0100000
v 0.0326964 0.5270000 0.0210000
v 0.0360000 0.5270000 0.0260873
v 0.0335699 0.5380000 -0.0230000
v 0.0360000 0.5380000 -0.0265130
v 0.0289101 0.5380000 -0.0120000
v 0.0273083 0.5380000 -0.0010000
v 0.0284088 0.5380000 0.0100000
v 0.0324659 0.5380000 0.0210000
v 0.0360000 0.5380000 0.0264518
v 0.0333170 0.5490000 -0.0230000
v 0.0360000 0.5490000 -0.0268855
v 0.0286923 0.5490000 -0.0120000
v 0.0271040 0.5490000 -0.0010000
v 0.0281950 0.5490000 0.0100000
v 0.0322208 0.5490000 0.0210000
v 0.0360000 0.5490000 0.0268402
v 0.0330512 0.5600000 -0.0230000
v 0.0360000 0.5600000 -0.0272779
v 0.0284627 0.5600000 -0.0120000
v 0.0268885 0.5600000 -0.0010000
v 0.0279697 0.5600000 0.0100000
v 0.0319631 0.5600000 0.0210000
v 0.0360000 0.5600000 0.0272492
v 0.0327745 0.5710000 -0.0230000
v 0.0360000 0.5710000 -0.0276871
v 0.0282230 0.5710000 -0.0120000
v 0.0266632 0.5710000 -0.0010000
v 0.0277344 0.5710000 0.0100000
v 0.0316947 0.5710000 0.0210000
v 0.0360000 0.5710000 0.0276758
v 0.0324889 0.5820000 -0.0230000
v 0.0360000 0.5820000 -0.0281101
v 0.0279748 0.5820000 -0.0120000
v 0.0264297 0.5820000 -0.0010000
v 0.0274907 0.5820000 0.0100000
v 0.0314175 0.5820000 0.0210000
v 0.0360000 0.5820000 0.0281168
v 0.0321964 0.5930000 -0.0230000
v 0.0360000 0.5930000 -0.0285438
v 0.0277198 0.5930000 -0.0120000
v 0.0261894 0.5930000 -0.0010000
v 0.0272401 0.5930000 0.0100000
v 0.0311333 0.5930000 0.0210000
v 0.0360000 0.5930000 0.0285690
v 0.0318990 0.6040000 -0.0230000
v 0.0360000 0.6040000 -0.0289850
v 0.0274595 0.6040000 -0.0120000
v 0.0259439 0.6040000 -0.0010000
v 0.0269843 0.6040000 0.0100000
v 0.0308442 0.6040000 0.0210000
v 0.0360000 0.6040000 0.0290291
v 0.0315985 0.6150000 -0.0230000
v 0.0360000 0.6150000 -0.0294306
v 0.0271957 0.6150000 -0.0120000
v 0.0256945 0.6150000 -0.0010000
v 0.0267249 0.6150000 0.0100000
v 0.0305518 0.6150000 0.0210000
v 0.0360000 0.6150000 0.0294938
v 0.0312950 0.6260000 -0.0230000
v 0.0360000 0.6260000 -0.0298801
v 0.0269280 0.6260000 -0.0120000
v 0.0254411 0.6260000 -0.0010000
v 0.0264615 0.6260000 0.0100000
v 0.0302562 0.6260000 0.0210000
v 0.0360000 0.6260000 0.0299625
v 0.0309741 0.6370000 -0.0230000
v 0.0360000 0.6370000 -0.0303522
v 0.0266425 0.6370000 -0.0120000
v 0.0251701 0.6370000 -0.0010000
v 0.0261804 0.6370000 0.0100000
v 0.0299430 0.6370000 0.0210000
v 0.0360000 0.6370000 0.0304548
v 0.0306018 0.6480000 -0.0230000
v 0.0360000 0.6480000 -0.0308924
v 0.0263069 0.6480000 -0.0120000
v 0.0258494 0.6480000 0.0100000
v 0.0295787 0.6480000 0.0210000
v 0.0360000 0.6480000 0.0310180
v 0.0301740 0.6590000 -0.0230000
v 0.0360000 0.6590000 -0.0315053
v 0.0259174 0.6590000 -0.0120000
v 0.0254647 0.6590000 0.0100000
v 0.0291589 0.6590000 0.0210000
v 0.0360000 0.6590000 0.0316570
v 0.0296958 0.6700000 -0.0230000
v 0.0360000 0.6700000 -0.0321824
v 0.0254794 0.6700000 -0.0120000
v 0.0250320 0.6700000 0.0100000
v 0.0286892 0.6700000 0.0210000
v 0.0360000 0.6643413 0.0320000
v 0.0357326 0.6700000 0.0320000
v 0.0360000 0.6700000 0.0323043
v 0.0291734 0.6810000 -0.0230000
v 0.0360000 0.6810000 -0.0329142
v 0.0281757 0.6810000 0.0210000
v 0.0351677 0.6810000 0.0320000
v 0.0360000 0.6810000 0.0329444
v 0.0286130 0.6920000 -0.0230000
v 0.0360000 0.6920000 -0.0336917
v 0.0276245 0.6920000 0.0210000
v 0.0345633 0.6920000 0.0320000
v 0.0360000 0.6920000 0.0336247
v 0.0355966 0.7030000 -0.0340000
v 0.0360000 0.6961573 -0.0340000
v 0.0360000 0.7030000 -0.0344335
v 0.0280208 0.7030000 -0.0230000
v 0.0270419 0.7030000 0.0210000
v 0.0339253 0.7030000 0.0320000
v 0.0360000 0.7030000 0.0343374
v 0.0349203 0.7140000 -0.0340000
v 0.0360000 0.7140000 -0.0351556
v 0.0274031 0.7140000 -0.0230000
v 0.0264343 0.7140000 0.0210000
v 0.0332597 0.7140000 0.0320000
v 0.0360000 0.7140000 0.0350751
v 0.0342222 0.7250000 -0.0340000
v 0.0360000 0.7250000 -0.0358951
v 0.0267663 0.7250000 -0.0230000
v 0.0258081 0.7250000 0.0210000
v 0.0325728 0.7250000 0.0320000
v 0.0360000 0.7250000 0.0358304
v 0.0335087 0.7360000 -0.0340000
v 0.0360000 0.7360000 -0.0366451
v 0.0261170 0.7360000 -0.0230000
v 0.0251697 0.7360000 0.0210000
v 0.0318711 0.7360000 0.0320000
v 0.0360000 0.7360000 0.0365963
v 0.0327865 0.7470000 -0.0340000
v 0.0360000 0.7470000 -0.0373989
v 0.0254617 0.7470000 -0.0230000
v 0.0311612 0.7470000 0.0320000
v 0.0360000 0.7470000 0.0373662
v 0.0320624 0.7580000 -0.0340000
v 0.0360000 0.7580000 -0.0381503
v 0.0304501 0.7580000 0.0320000
v 0.0360000 0.7580000 0.0381334
v 0.0313433 0.7690000 -0.0340000
v 0.0360000 0.7690000 -0.0388929
v 0.0297446 0.7690000 0.0320000
v 0.0360000 0.7690000 0.0388916
v 0.0306366 0.7800000 -0.0340000
v 0.0360000 0.7800000 -0.0396208
v 0.0290520 0.7800000 0.0320000
v 0.0360000 0.7800000 0.0396347
v 0.0299495 0.7910000 -0.0340000
v 0.0360000 0.7910000 -0.0403280
v 0.0283795 0.7910000 0.0320000
v 0.0360000 0.7910000 0.0403567
v 0.0292890 0.8020000 -0.0340000
v 0.0360000 0.8020000 -0.0410089
v 0.0277342 0.8020000 0.0320000
v 0.0360000 0.8020000 0.0410519
v 0.0286515 0.8130000 -0.0340000
v 0.0360000 0.8130000 -0.0416637
v 0.0271129 0.8130000 0.0320000
v 0.0360000 0.8130000 0.0417201
v 0.0279656 0.8240000 -0.0340000
v 0.0360000 0.8240000 -0.0423480
v 0.0264488 0.8240000 0.0320000
v 0.0360000 0.8240000 0.0424122
v 0.0268269 0.8350000 -0.0340000
v 0.0360000 0.8350000 -0.0434990
v 0.0253683 0.8350000 0.0320000
v 0.0360000 0.8298355 0.0430000
v 0.0353775 0.8350000 0.0430000
v 0.0360000 0.8350000 0.0435338
v 0.0333307 0.8460000 -0.0450000
v 0.0360000 0.8402206 -0.0450000
v 0.0360000 0.8460000 -0.0468576
v 0.0309769 0.8460000 0.0430000
v 0.0360000 0.8460000 0.0467727
v 0.0360000 0.8570000 -0.0512424
v 0.0360000 0.8570000 0.0511877
v 0.0360000 0.8680000 -0.0555705
v 0.0360000 0.8634382 0.0540000
v 0.0360000 0.8680000 0.0555709
v 0.0360000 0.8692275 -0.0560000
v 0.0360000 0.8790000 -0.0591178
v 0.0360000 0.8790000 0.0591114
v 0.0360000 0.8900000 -0.0608102
v 0.0360000 0.8900000 0.0608095
v 0.0360000 0.9010000 -0.0616660
v 0.0360000 0.9010000 0.0616682
v 0.0360000 0.9120000 -0.0623041
v 0.0360000 0.9120000 0.0623085
v 0.0360000 0.9230000 -0.0628001
v 0.0360000 0.9230000 0.0628063
v 0.0360000 0.9340000 -0.0631158
v 0.0360000 0.9340000 0.0631175
v 0.0360000 0.9450000 -0.0627143
v 0.0360000 0.9450000 0.0626499
v 0.0360000 0.9560000 -0.0583429
v 0.0360000 0.9560000 0.0577804
v 0.0360000 0.9578370 -0.0560000
v 0.0360000 0.9598709 -0.0450000
v 0.0360000 0.9600868 -0.0340000
v 0.0360000 0.9600979 -0.0230000
v 0.0360000 0.9600985 -0.0120000
v 0.0360000 0.9600986 -0.0010000
v 0.0360000 0.9600985 0.0100000
v 0.0360000 0.9600981 0.0210000
v 0.0360000 0.9600930 0.0320000
v 0.0360000 0.9599645 0.0430000
v 0.0360000 0.9585360 0.0540000
v 0.0445873 0.0980000 -0.0340000
v 0.0470000 0.0962935 -0.0340000
v 0.0470000 0.0980000 -0.0355166
v 0.0470000 0.0926886 -0.0230000
v 0.0470000 0.0921154 -0.0120000
v 0.0470000 0.0920507 -0.0010000
v 0.0470000 0.0920899 0.0100000
v 0.0470000 0.0924557 0.0210000
v 0.0419159 0.0980000 0.0320000
v 0.0470000 0.0948318 0.0320000
v 0.0470000 0.0980000 0.0353613
v 0.0406716 0.1090000 -0.0340000
v 0.0470000 0.1090000 -0.0381216
v 0.0380644 0.1090000 0.0320000
v 0.0470000 0.1090000 0.0380950
v 0.0397150 0.1200000 -0.0340000
v 0.0470000 0.1200000 -0.0387610
v 0.0371560 0.1200000 0.0320000
v 0.0470000 0.1200000 0.0387555
v 0.0396240 0.1310000 -0.0340000
v 0.0470000 0.1310000 -0.0388221
v 0.0370691 0.1310000 0.0320000
v 0.0470000 0.1310000 0.0388192
v 0.0396925 0.1420000 -0.0340000
v 0.0470000 0.1420000 -0.0387824
v 0.0371379 0.1420000 0.0320000
v 0.0470000 0.1420000 0.0387791
v 0.0398039 0.1530000 -0.0340000
v 0.0470000 0.1530000 -0.0387176
v 0.0372497 0.1530000 0.0320000
v 0.0470000 0.1530000 0.0387136
v 0.0399536 0.1640000 -0.0340000
v 0.0470000 0.1640000 -0.0386302
v 0.0374001 0.1640000 0.0320000
v 0.0470000 0.1640000 0.0386254
v 0.0401379 0.1750000 -0.0340000
v 0.0470000 0.1750000 -0.0385221
v 0.0375853 0.1750000 0.0320000
v 0.0470000 0.1750000 0.0385162
v 0.0403530 0.1860000 -0.0340000
v 0.0470000 0.1860000 -0.0383953
v 0.0378014 0.1860000 0.0320000
v 0.0470000 0.1860000 0.0383881
v 0.0405950 0.1970000 -0.0340000
v 0.0470000 0.1970000 -0.0382517
v 0.0380447 0.1970000 0.0320000
v 0.0470000 0.1970000 0.0382431
v 0.0408600 0.2080000 -0.0340000
v 0.0470000 0.2080000 -0.0380933
v 0.0383114 0.2080000 0.0320000
v 0.0470000 0.2080000 0.0380830
v 0.0411445 0.2190000 -0.0340000
v 0.0470000 0.2190000 -0.0379219
v 0.0385977 0.2190000 0.0320000
v 0.0470000 0.2190000 0.0379099
v 0.0414445 0.2300000 -0.0340000
v 0.0470000 0.2300000 -0.0377396
v 0.0388998 0.2300000 0.0320000
v 0.0470000 0.2300000 0.0377257
v 0.0417564 0.2410000 -0.0340000
v 0.0470000 0.2410000 -0.0375483
v 0.0392142 0.2410000 0.0320000
v 0.0470000 0.2410000 0.0375324
v 0.0420767 0.2520000 -0.0340000
v 0.0470000 0.2520000 -0.0373500
v 0.0395372 0.2520000 0.0320000
v 0.0470000 0.2520000 0.0373320
v 0.0424017 0.2630000 -0.0340000
v 0.0470000 0.2630000 -0.0371466
v 0.0398652 0.2630000 0.0320000
v 0.0470000 0.2630000 0.0371265
v 0.0427281 0.2740000 -0.0340000
v 0.0470000 0.2740000 -0.0369403
v 0.0401947 0.2740000 0.0320000
v 0.0470000 0.2740000 0.0369180
v 0.0430525 0.2850000 -0.0340000
v 0.0470000 0.2850000 -0.0367331
v 0.0405225 0.2850000 0.0320000
v 0.0470000 0.2850000 0.0367085
v 0.0433715 0.2960000 -0.0340000
v 0.0470000 0.2960000 -0.0365270
v 0.0408451 0.2960000 0.0320000
v 0.0470000 0.2960000 0.0365001
v 0.0436822 0.3070000 -0.0340000
v 0.0470000 0.3070000 -0.0363242
v 0.0411595 0.3070000 0.0320000
v 0.0470000 0.3070000 0.0362951
v 0.0439812 0.3180000 -0.0340000
v 0.0470000 0.3180000 -0.0361268
v 0.0414624 0.3180000 0.0320000
v 0.0470000 0.3180000 0.0360955
v 0.0442658 0.3290000 -0.0340000
v 0.0470000 0.3290000 -0.0359370
v 0.0417508 0.3290000 0.0320000
v 0.0470000 0.3290000 0.0359036
v 0.0445329 0.3400000 -0.0340000
v 0.0470000 0.3400000 -0.0357570
v 0.0420217 0.3400000 0.0320000
v 0.0470000 0.3400000 0.0357216
v 0.0447798 0.3510000 -0.0340000
v 0.0470000 0.3510000 -0.0355890
v 0.0422722 0.3510000 0.0320000
v 0.0470000 0.3510000 0.0355517
v 0.0450036 0.3620000 -0.0340000
v 0.0470000 0.3620000 -0.0354354
v 0.0424995 0.3620000 0.0320000
v 0.0470000 0.3620000 0.0353963
v 0.0452016 0.3730000 -0.0340000
v 0.0470000 0.3730000 -0.0352983
v 0.0427007 0.3730000 0.0320000
v 0.0470000 0.3730000 0.0352576
v 0.0453711 0.3840000 -0.0340000
v 0.0470000 0.3840000 -0.0351800
v 0.0428731 0.3840000 0.0320000
v 0.0470000 0.3840000 0.0351380
v 0.0455095 0.3950000 -0.0340000
v 0.0470000 0.3950000 -0.0350830
v 0.0430138 0.3950000 0.0320000
v 0.0470000 0.3950000 0.0350398
v 0.0456139 0.4060000 -0.0340000
v 0.0470000 0.4060000 -0.0350094
v 0.0431200 0.4060000 0.0320000
v 0.0470000 0.4060000 0.0349653
v 0.0456816 0.4170000 -0.0340000
v 0.0470000 0.4170000 -0.0349615
v 0.0431889 0.4170000 0.0320000
v 0.0470000 0.4170000 0.0349169
v 0.0457091 0.4280000 -0.0340000
v 0.0470000 0.4280000 -0.0349420
v 0.0432171 0.4280000 0.0320000
v 0.0470000 0.4280000 0.0348971
v 0.0456904 0.4390000 -0.0340000
v 0.0470000 0.4390000 -0.0349559
v 0.0431996 0.4390000 0.0320000
v 0.0470000 0.4390000 0.0349112
v 0.0456198 0.4500000 -0.0340000
v 0.0470000 0.4500000 -0.0350079
v 0.0431328 0.4500000 0.0320000
v 0.0470000 0.4500000 0.0349638
v 0.0454993 0.4610000 -0.0340000
v 0.0470000 0.4610000 -0.0350967
v 0.0430186 0.4610000 0.0320000
v 0.0470000 0.4610000 0.0350535
v 0.0453324 0.4720000 -0.0340000
v 0.0470000 0.4720000 -0.0352199
v 0.0428604 0.4720000 0.0320000
v 0.0470000 0.4720000 0.0351780
v 0.0451228 0.4830000 -0.0340000
v 0.0470000 0.4830000 -0.0353749
v 0.0426617 0.4830000 0.0320000
v 0.0470000 0.4830000 0.0353346
v 0.0448740 0.4940000 -0.0340000
v 0.0470000 0.4940000 -0.0355593
v 0.0424256 0.4940000 0.0320000
v 0.0470000 0.4940000 0.0355210
v 0.0445896 0.5050000 -0.0340000
v 0.0470000 0.5050000 -0.0357706
v 0.0421557 0.5050000 0.0320000
v 0.0470000 0.5050000 0.0357345
v 0.0442733 0.5160000 -0.0340000
v 0.0470000 0.5160000 -0.0360062
v 0.0418552 0.5160000 0.0320000
v 0.0470000 0.5160000 0.0359727
v 0.0439286 0.5270000 -0.0340000
v 0.0470000 0.5270000 -0.0362638
v 0.0415275 0.5270000 0.0320000
v 0.0470000 0.5270000 0.0362330
v 0.0435590 0.5380000 -0.0340000
v 0.0470000 0.5380000 -0.0365407
v 0.0411758 0.5380000 0.0320000
v 0.0470000 0.5380000 0.0365129
v 0.0431678 0.5490000 -0.0340000
v 0.0470000 0.5490000 -0.0368346
v 0.0408035 0.5490000 0.0320000
v 0.0470000 0.5490000 0.0368099
v 0.0427586 0.5600000 -0.0340000
v 0.0470000 0.5600000 -0.0371427
v 0.0404136 0.5600000 0.0320000
v 0.0470000 0.5600000 0.0371214
v 0.0423347 0.5710000 -0.0340000
v 0.0470000 0.5710000 -0.0374626
v 0.0400093 0.5710000 0.0320000
v 0.0470000 0.5710000 0.0374448
v 0.0418992 0.5820000 -0.0340000
v 0.0470000 0.5820000 -0.0377918
v 0.0395937 0.5820000 0.0320000
v 0.0470000 0.5820000 0.0377775
v 0.0414555 0.5930000 -0.0340000
v 0.0470000 0.5930000 -0.0381277
v 0.0391698 0.5930000 0.0320000
v 0.0470000 0.5930000 0.0381170
v 0.0410066 0.6040000 -0.0340000
v 0.0470000 0.6040000 -0.0384676
v 0.0387405 0.6040000 0.0320000
v 0.0470000 0.6040000 0.0384607
v 0.0405557 0.6150000 -0.0340000
v 0.0470000 0.6150000 -0.0388091
v 0.0383088 0.6150000 0.0320000
v 0.0470000 0.6150000 0.0388059
v 0.0401034 0.6260000 -0.0340000
v 0.0470000 0.6260000 -0.0391512
v 0.0378751 0.6260000 0.0320000
v 0.0470000 0.6260000 0.0391518
v 0.0396314 0.6370000 -0.0340000
v 0.0470000 0.6370000 -0.0395058
v 0.0374213 0.6370000 0.0320000
v 0.0470000 0.6370000 0.0395103
v 0.0390957 0.6480000 -0.0340000
v 0.0470000 0.6480000 -0.0399029
v 0.0369039 0.6480000 0.0320000
v 0.0470000 0.6480000 0.0399117
v 0.0384896 0.6590000 -0.0340000
v 0.0470000 0.6590000 -0.0403460
v 0.0363163 0.6590000 0.0320000
v 0.0470000 0.6590000 0.0403597
v 0.0378188 0.6700000 -0.0340000
v 0.0470000 0.6700000 -0.0408305
v 0.0470000 0.6700000 0.0408494
v 0.0370902 0.6810000 -0.0340000
v 0.0470000 0.6810000 -0.0413509
v 0.0470000 0.6810000 0.0413755
v 0.0363108 0.6920000 -0.0340000
v 0.0470000 0.6920000 -0.0419021
v 0.0470000 0.6920000 0.0419326
v 0.0470000 0.7030000 -0.0424787
v 0.0470000 0.7030000 0.0425153
v 0.0470000 0.7140000 -0.0430756
v 0.0470000 0.7118332 0.0430000
v 0.0468123 0.7140000 0.0430000
v 0.0470000 0.7140000 0.0431133
v 0.0470000 0.7250000 -0.0436877
v 0.0458278 0.7250000 0.0430000
v 0.0470000 0.7250000 0.0437047
v 0.0470000 0.7360000 -0.0443102
v 0.0448185 0.7360000 0.0430000
v 0.0470000 0.7360000 0.0443061
v 0.0470000 0.7470000 -0.0449381
v 0.0437927 0.7470000 0.0430000
v 0.0470000 0.7470000 0.0449130
v 0.0460468 0.7580000 -0.0450000
v 0.0470000 0.7480804 -0.0450000
v 0.0470000 0.7580000 -0.0455447
v 0.0427590 0.7580000 0.0430000
v 0.0470000 0.7580000 0.0455205
v 0.0449899 0.7690000 -0.0450000
v 0.0470000 0.7690000 -0.0461451
v 0.0417265 0.7690000 0.0430000
v 0.0470000 0.7690000 0.0461242
v 0.0439425 0.7800000 -0.0450000
v 0.0470000 0.7800000 -0.0467371
v 0.0407050 0.7800000 0.0430000
v 0.0470000 0.7800000 0.0467194
v 0.0429146 0.7910000 -0.0450000
v 0.0470000 0.7910000 -0.0473163
v 0.0397043 0.7910000 0.0430000
v 0.0470000 0.7910000 0.0473017
v 0.0419161 0.8020000 -0.0450000
v 0.0470000 0.8020000 -0.0478784
v 0.0387344 0.8020000 0.0430000
v 0.0470000 0.8020000 0.0478669
v 0.0409497 0.8130000 -0.0450000
v 0.0470000 0.8130000 -0.0484242
v 0.0377980 0.8130000 0.0430000
v 0.0470000 0.8130000 0.0484152
v 0.0399406 0.8240000 -0.0450000
v 0.0470000 0.8240000 -0.0490110
v 0.0368267 0.8240000 0.0430000
v 0.0470000 0.8240000 0.0489999
v 0.0382520 0.8350000 -0.0450000
v 0.0470000 0.8350000 -0.0499897
v 0.0470000 0.8350000 0.0499669
v 0.0470000 0.8460000 -0.0519910
v 0.0470000 0.8460000 0.0520088
v 0.0470000 0.8570000 -0.0538168
v 0.0470000 0.8570000 0.0538828
v 0.0405868 0.8680000 -0.0560000
v 0.0470000 0.8656054 -0.0560000
v 0.0470000 0.8680000 -0.0565586
v 0.0470000 0.8574427 0.0540000
v 0.0470000 0.8680000 0.0565400
v 0.0470000 0.8790000 -0.0592964
v 0.0470000 0.8790000 0.0592895
v 0.0470000 0.8900000 -0.0606997
v 0.0470000 0.8900000 0.0606986
v 0.0470000 0.9010000 -0.0614568
v 0.0470000 0.9010000 0.0614591
v 0.0470000 0.9120000 -0.0620485
v 0.0470000 0.9120000 0.0620536
v 0.0470000 0.9230000 -0.0625260
v 0.0470000 0.9230000 0.0625345
v 0.0470000 0.9340000 -0.0627267
v 0.0470000 0.9340000 0.0627632
v 0.0470000 0.9450000 -0.0615409
v 0.0470000 0.9450000 0.0616330
v 0.0470000 0.9555424 -0.0560000
v 0.0458042 0.9560000 -0.0560000
v 0.0470000 0.9560000 -0.0554250
v 0.0470000 0.9560000 0.0555477
v 0.0470000 0.9594755 -0.0450000
v 0.0470000 0.9600507 -0.0340000
v 0.0470000 0.9600968 -0.0230000
v 0.0470000 0.9600978 -0.0120000
v 0.0470000 0.9600978 -0.0010000
v 0.0470000 0.9600978 0.0100000
v 0.0470000 0.9600971 0.0210000
v 0.0470000 0.9600675 0.0320000
v 0.0470000 0.9596930 0.0430000
v 0.0470000 0.9571549 0.0540000
v 0.0580000 0.0937131 -0.0340000
v 0.0580000 0.0980000 -0.0388799
v 0.0580000 0.0921518 -0.0230000
v 0.0580000 0.0920075 -0.0120000
v 0.0580000 0.0920007 -0.0010000
v 0.0580000 0.0920052 0.0100000
v 0.0580000 0.0921099 0.0210000
v 0.0580000 0.0932825 0.0320000
v 0.0580000 0.0980000 0.0384460
v 0.0580000 0.1090000 -0.0415018
v 0.0580000 0.1090000 0.0414805
v 0.0580000 0.1200000 -0.0421073
v 0.0580000 0.1200000 0.0421133
v 0.0580000 0.1310000 -0.0421664
v 0.0580000 0.1310000 0.0421735
v 0.0580000 0.1420000 -0.0421333
v 0.0580000 0.1420000 0.0421403
v 0.0580000 0.1530000 -0.0420793
v 0.0580000 0.1530000 0.0420862
v 0.0580000 0.1640000 -0.0420064
v 0.0580000 0.1640000 0.0420132
v 0.0580000 0.1750000 -0.0419165
v 0.0580000 0.1750000 0.0419231
v 0.0580000 0.1860000 -0.0418111
v 0.0580000 0.1860000 0.0418175
v 0.0580000 0.1970000 -0.0416920
v 0.0580000 0.1970000 0.0416980
v 0.0580000 0.2080000 -0.0415608
v 0.0580000 0.2080000 0.0415665
v 0.0580000 0.2190000 -0.0414191
v 0.0580000 0.2190000 0.0414245
v 0.0580000 0.2300000 -0.0412687
v 0.0580000 0.2300000 0.0412738
v 0.0580000 0.2410000 -0.0411112
v 0.0580000 0.2410000 0.0411159
v 0.0580000 0.2520000 -0.0409484
v 0.0580000 0.2520000 0.0409527
v 0.0580000 0.2630000 -0.0407818
v 0.0580000 0.2630000 0.0407858
v 0.0580000 0.2740000 -0.0406133
v 0.0580000 0.2740000 0.0406168
v 0.0580000 0.2850000 -0.0404445
v 0.0580000 0.2850000 0.0404476
v 0.0580000 0.2960000 -0.0402770
v 0.0580000 0.2960000 0.0402797
v 0.0580000 0.3070000 -0.0401127
v 0.0580000 0.3070000 0.0401150
v 0.0580000 0.3180000 -0.0399532
v 0.0580000 0.3180000 0.0399551
v 0.0580000 0.3290000 -0.0398002
v 0.0580000 0.3290000 0.0398017
v 0.0580000 0.3400000 -0.0396555
v 0.0580000 0.3400000 0.0396567
v 0.0580000 0.3510000 -0.0395209
v 0.0580000 0.3510000 0.0395216
v 0.0580000 0.3620000 -0.0393980
v 0.0580000 0.3620000 0.0393984
v 0.0580000 0.3730000 -0.0392885
v 0.0580000 0.3730000 0.0392887
v 0.0580000 0.3840000 -0.0391943
v 0.0580000 0.3840000 0.0391942
v 0.0580000 0.3950000 -0.0391171
v 0.0580000 0.3950000 0.0391168
v 0.0580000 0.4060000 -0.0390586
v 0.0580000 0.4060000 0.0390582
v 0.0580000 0.4170000 -0.0390206
v 0.0580000 0.4170000 0.0390201
v 0.0580000 0.4280000 -0.0390055
v 0.0580000 0.4280000 0.0390049
v 0.0580000 0.4390000 -0.0390193
v 0.0580000 0.4390000 0.0390187
v 0.0580000 0.4500000 -0.0390689
v 0.0580000 0.4500000 0.0390685
v 0.0580000 0.4610000 -0.0391536
v 0.0580000 0.4610000 0.0391534
v 0.0580000 0.4720000 -0.0392709
v 0.0580000 0.4720000 0.0392710
v 0.0580000 0.4830000 -0.0394184
v 0.0580000 0.4830000 0.0394189
v 0.0580000 0.4940000 -0.0395936
v 0.0580000 0.4940000 0.0395946
v 0.0580000 0.5050000 -0.0397940
v 0.0580000 0.5050000 0.0397956
v 0.0580000 0.5160000 -0.0400173
v 0.0580000 0.5160000 0.0400195
v 0.0580000 0.5270000 -0.0402610
v 0.0580000 0.5270000 0.0402637
v 0.0580000 0.5380000 -0.0405225
v 0.0580000 0.5380000 0.0405260
v 0.0580000 0.5490000 -0.0407994
v 0.0580000 0.5490000 0.0408037
v 0.0580000 0.5600000 -0.0410893
v 0.0580000 0.5600000 0.0410944
v 0.0580000 0.5710000 -0.0413897
v 0.0580000 0.5710000 0.0413956
v 0.0580000 0.5820000 -0.0416981
v 0.0580000 0.5820000 0.0417049
v 0.0580000 0.5930000 -0.0420121
v 0.0580000 0.5930000 0.0420197
v 0.0580000 0.6040000 -0.0423292
v 0.0580000 0.6040000 0.0423377
v 0.0580000 0.6150000 -0.0426468
v 0.0580000 0.6150000 0.0426562
v 0.0580000 0.6260000 -0.0429640
v 0.0580000 0.6260000 0.0429743
v 0.0580000 0.6370000 -0.0432909
v 0.0580000 0.6268618 0.0430000
v 0.0570442 0.6370000 0.0430000
v 0.0580000 0.6370000 0.0432987
v 0.0580000 0.6480000 -0.0436529
v 0.0558945 0.6480000 0.0430000
v 0.0580000 0.6480000 0.0436576
v 0.0580000 0.6590000 -0.0440535
v 0.0546174 0.6590000 0.0430000
v 0.0580000 0.6590000 0.0440549
v 0.0580000 0.6700000 -0.0444891
v 0.0532208 0.6700000 0.0430000
v 0.0580000 0.6700000 0.0444868
v 0.0580000 0.6810000 -0.0449555
v 0.0517148 0.6810000 0.0430000
v 0.0580000 0.6810000 0.0449493
v 0.0565014 0.6920000 -0.0450000
v 0.0580000 0.6819913 -0.0450000
v 0.0580000 0.6920000 -0.0454442
v 0.0501102 0.6920000 0.0430000
v 0.0580000 0.6920000 0.0454382
v 0.0547661 0.7030000 -0.0450000
v 0.0580000 0.7030000 -0.0459547
v 0.0484183 0.7030000 0.0430000
v 0.0580000 0.7030000 0.0459495
v 0.0529543 0.7140000 -0.0450000
v 0.0580000 0.7140000 -0.0464835
v 0.0580000 0.7140000 0.0464789
v 0.0510788 0.7250000 -0.0450000
v 0.0580000 0.7250000 -0.0470263
v 0.0580000 0.7250000 0.0470224
v 0.0491536 0.7360000 -0.0450000
v 0.0580000 0.7360000 -0.0475792
v 0.0580000 0.7360000 0.0475760
v 0.0471940 0.7470000 -0.0450000
v 0.0580000 0.7470000 -0.0481380
v 0.0580000 0.7470000 0.0481356
v 0.0580000 0.7580000 -0.0486988
v 0.0580000 0.7580000 0.0486971
v 0.0580000 0.7690000 -0.0492575
v 0.0580000 0.7690000 0.0492565
v 0.0580000 0.7800000 -0.0498101
v 0.0580000 0.7800000 0.0498098
v 0.0580000 0.7910000 -0.0503526
v 0.0580000 0.7910000 0.0503530
v 0.0580000 0.8020000 -0.0508812
v 0.0580000 0.8020000 0.0508822
v 0.0580000 0.8130000 -0.0513957
v 0.0580000 0.8130000 0.0513968
v 0.0580000 0.8240000 -0.0519353
v 0.0580000 0.8240000 0.0519318
v 0.0580000 0.8350000 -0.0526993
v 0.0580000 0.8350000 0.0526979
v 0.0580000 0.8460000 -0.0538886
v 0.0580000 0.8460000 0.0539661
v 0.0580000 0.8570000 -0.0548855
v 0.0580000 0.8463725 0.0540000
v 0.0481601 0.8570000 0.0540000
v 0.0580000 0.8570000 0.0549011
v 0.0580000 0.8632769 -0.0560000
v 0.0580000 0.8680000 -0.0568142
v 0.0580000 0.8680000 0.0568025
v 0.0580000 0.8790000 -0.0589528
v 0.0580000 0.8790000 0.0589459
v 0.0580000 0.8900000 -0.0601195
v 0.0580000 0.8900000 0.0601166
v 0.0580000 0.9010000 -0.0607929
v 0.0580000 0.9010000 0.0607926
v 0.0580000 0.9120000 -0.0613433
v 0.0580000 0.9120000 0.0613454
v 0.0580000 0.9230000 -0.0617920
v 0.0580000 0.9230000 0.0618005
v 0.0580000 0.9340000 -0.0617922
v 0.0580000 0.9340000 0.0618640
v 0.0580000 0.9450000 -0.0593904
v 0.0580000 0.9450000 0.0595562
v 0.0580000 0.9504840 -0.0560000
v 0.0580000 0.9560000 -0.0507304
v 0.0516586 0.9560000 0.0540000
v 0.0580000 0.9560000 0.0506960
v 0.0580000 0.9531398 0.0540000
v 0.0580000 0.9587777 -0.0450000
v 0.0580000 0.9599443 -0.0340000
v 0.0580000 0.9600871 -0.0230000
v 0.0580000 0.9600970 -0.0120000
v 0.0580000 0.9600975 -0.0010000
v 0.0580000 0.9600971 0.0100000
v 0.0580000 0.9600894 0.0210000
v 0.0580000 0.9599830 0.0320000
v 0.0580000 0.9591053 0.0430000
v 0.0690000 0.0937733 -0.0340000
v 0.0690000 0.0980000 -0.0387564
v 0.0690000 0.0921616 -0.0230000
v 0.0690000 0.0920086 -0.0120000
v 0.0690000 0.0920008 -0.0010000
v 0.0690000 0.0920062 0.0100000
v 0.0690000 0.0921201 0.0210000
v 0.0690000 0.0933392 0.0320000
v 0.0690000 0.0980000 0.0382898
v 0.0690000 0.1090000 -0.0413536
v 0.0690000 0.1090000 0.0413226
v 0.0690000 0.1200000 -0.0419545
v 0.0690000 0.1200000 0.0419603
v 0.0690000 0.1310000 -0.0420130
v 0.0690000 0.1310000 0.0420209
v 0.0690000 0.1420000 -0.0419796
v 0.0690000 0.1420000 0.0419874
v 0.0690000 0.1530000 -0.0419251
v 0.0690000 0.1530000 0.0419328
v 0.0690000 0.1640000 -0.0418516
v 0.0690000 0.1640000 0.0418591
v 0.0690000 0.1750000 -0.0417608
v 0.0690000 0.1750000 0.0417681
v 0.0690000 0.1860000 -0.0416544
v 0.0690000 0.1860000 0.0416614
v 0.0690000 0.1970000 -0.0415341
v 0.0690000 0.1970000 0.0415408
v 0.0690000 0.2080000 -0.0414016
v 0.0690000 0.2080000 0.0414079
v 0.0690000 0.2190000 -0.0412586
v 0.0690000 0.2190000 0.0412645
v 0.0690000 0.2300000 -0.0411067
v 0.0690000 0.2300000 0.0411122
v 0.0690000 0.2410000 -0.0409477
v 0.0690000 0.2410000 0.0409527
v 0.0690000 0.2520000 -0.0407832
v 0.0690000 0.2520000 0.0407878
v 0.0690000 0.2630000 -0.0406149
v 0.0690000 0.2630000 0.0406190
v 0.0690000 0.2740000 -0.0404446
v 0.0690000 0.2740000 0.0404483
v 0.0690000 0.2850000 -0.0402740
v 0.0690000 0.2850000 0.0402771
v 0.0690000 0.2960000 -0.0401048
v 0.0690000 0.2960000 0.0401074
v 0.0690000 0.3070000 -0.0399386
v 0.0690000 0.3070000 0.0399408
v 0.0690000 0.3180000 -0.0397774
v 0.0690000 0.3180000 0.0397791
v 0.0690000 0.3290000 -0.0396227
v 0.0690000 0.3290000 0.0396239
v 0.0690000 0.3400000 -0.0394764
v 0.0690000 0.3400000 0.0394772
v 0.0690000 0.3510000 -0.0393402
v 0.0690000 0.3510000 0.0393405
v 0.0690000 0.3620000 -0.0392159
v 0.0690000 0.3620000 0.0392158
v 0.0690000 0.3730000 -0.0391051
v 0.0690000 0.3730000 0.0391048
v 0.0690000 0.3840000 -0.0390098
v 0.0690000 0.3840000 0.0390091
v 0.0690000 0.3950000 -0.0389317
v 0.0690000 0.3950000 0.0389308
v 0.0690000 0.4060000 -0.0388725
v 0.0690000 0.4060000 0.0388714
v 0.0690000 0.4170000 -0.0388340
v 0.0690000 0.4170000 0.0388328
v 0.0690000 0.4280000 -0.0388187
v 0.0690000 0.4280000 0.0388174
v 0.0690000 0.4390000 -0.0388325
v 0.0690000 0.4390000 0.0388313
v 0.0690000 0.4500000 -0.0388823
v 0.0690000 0.4500000 0.0388812
v 0.0690000 0.4610000 -0.0389672
v 0.0690000 0.4610000 0.0389664
v 0.0690000 0.4720000 -0.0390848
v 0.0690000 0.4720000 0.0390844
v 0.0690000 0.4830000 -0.0392327
v 0.0690000 0.4830000 0.0392327
v 0.0690000 0.4940000 -0.0394084
v 0.0690000 0.4940000 0.0394089
v 0.0690000 0.5050000 -0.0396094
v 0.0690000 0.5050000 0.0396106
v 0.0690000 0.5160000 -0.0398333
v 0.0690000 0.5160000 0.0398353
v 0.0690000 0.5270000 -0.0400777
v 0.0690000 0.5270000 0.0400804
v 0.0690000 0.5380000 -0.0403400
v 0.0690000 0.5380000 0.0403436
v 0.0690000 0.5490000 -0.0406179
v 0.0690000 0.5490000 0.0406223
v 0.0690000 0.5600000 -0.0409087
v 0.0690000 0.5600000 0.0409141
v 0.0690000 0.5710000 -0.0412101
v 0.0690000 0.5710000 0.0412165
v 0.0690000 0.5820000 -0.0415196
v 0.0690000 0.5820000 0.0415270
v 0.0690000 0.5930000 -0.0418347
v 0.0690000 0.5930000 0.0418431
v 0.0690000 0.6040000 -0.0421530
v 0.0690000 0.6040000 0.0421624
v 0.0690000 0.6150000 -0.0424718
v 0.0690000 0.6150000 0.0424823
v 0.0690000 0.6260000 -0.0427903
v 0.0690000 0.6260000 0.0428018
v 0.0690000 0.6370000 -0.0431186
v 0.0690000 0.6326199 0.0430000
v 0.0690000 0.6370000 0.0431294
v 0.0690000 0.6480000 -0.0434823
v 0.0690000 0.6480000 0.0434895
v 0.0690000 0.6590000 -0.0438850
v 0.0690000 0.6590000 0.0438883
v 0.0690000 0.6700000 -0.0443230
v 0.0690000 0.6700000 0.0443219
v 0.0690000 0.6810000 -0.0447920
v 0.0690000 0.6810000 0.0447863
v 0.0690000 0.6856095 -0.0450000
v 0.0690000 0.6920000 -0.0452846
v 0.0690000 0.6920000 0.0452773
v 0.0690000 0.7030000 -0.0457972
v 0.0690000 0.7030000 0.0457908
v 0.0690000 0.7140000 -0.0463280
v 0.0690000 0.7140000 0.0463224
v 0.0690000 0.7250000 -0.0468730
v 0.0690000 0.7250000 0.0468683
v 0.0690000 0.7360000 -0.0474281
v 0.0690000 0.7360000 0.0474241
v 0.0690000 0.7470000 -0.0479891
v 0.0690000 0.7470000 0.0479860
v 0.0690000 0.7580000 -0.0485519
v 0.0690000 0.7580000 0.0485497
v 0.0690000 0.7690000 -0.0491126
v 0.0690000 0.7690000 0.0491112
v 0.0690000 0.7800000 -0.0496671
v 0.0690000 0.7800000 0.0496666
v 0.0690000 0.7910000 -0.0502114
v 0.0690000 0.7910000 0.0502116
v 0.0690000 0.8020000 -0.0507416
v 0.0690000 0.8020000 0.0507425
v 0.0690000 0.8130000 -0.0512576
v 0.0690000 0.8130000 0.0512587
v 0.0690000 0.8240000 -0.0517910
v 0.0690000 0.8240000 0.0517863
v 0.0690000 0.8350000 -0.0524565
v 0.0690000 0.8350000 0.0524418
v 0.0690000 0.8460000 -0.0532714
v 0.0690000 0.8460000 0.0533004
v 0.0690000 0.8570000 -0.0540225
v 0.0690000 0.8563725 0.0540000
v 0.0690000 0.8570000 0.0540410
v 0.0651926 0.8680000 -0.0560000
v 0.0690000 0.8680000 -0.0555546
v 0.0690000 0.8680000 0.0555475
v 0.0690000 0.8707365 -0.0560000
v 0.0690000 0.8790000 -0.0573284
v 0.0690000 0.8790000 0.0573152
v 0.0690000 0.8900000 -0.0583401
v 0.0690000 0.8900000 0.0583301
v 0.0690000 0.9010000 -0.0589568
v 0.0690000 0.9010000 0.0589491
v 0.0690000 0.9120000 -0.0594798
v 0.0690000 0.9120000 0.0594743
v 0.0690000 0.9230000 -0.0599077
v 0.0690000 0.9230000 0.0599046
v 0.0690000 0.9340000 -0.0597126
v 0.0690000 0.9340000 0.0597361
v 0.0690000 0.9450000 -0.0560320
v 0.0690000 0.9450000 0.0559448
v 0.0690000 0.9450454 -0.0560000
v 0.0690000 0.9560000 -0.0460034
v 0.0690000 0.9560000 0.0458966
v 0.0690000 0.9475276 0.0540000
v 0.0690000 0.9566376 -0.0450000
v 0.0690000 0.9594159 -0.0340000
v 0.0690000 0.9599885 -0.0230000
v 0.0690000 0.9600747 -0.0120000
v 0.0690000 0.9600908 -0.0010000
v 0.0690000 0.9600796 0.0100000
v 0.0690000 0.9600134 0.0210000
v 0.0690000 0.9596174 0.0320000
v 0.0690000 0.9576453 0.0430000
v 0.0800000 0.0967900 -0.0340000
v 0.0800000 0.0980000 -0.0350345
v 0.0800000 0.0927975 -0.0230000
v 0.0800000 0.0921353 -0.0120000
v 0.0800000 0.0920605 -0.0010000
v 0.0800000 0.0921101 0.0100000
v 0.0800000 0.0925618 0.0210000
v 0.0800000 0.0952389 0.0320000
v 0.0800000 0.0980000 0.0348255
v 0.0800000 0.1090000 -0.0376221
v 0.0800000 0.1090000 0.0375824
v 0.0800000 0.1200000 -0.0382635
v 0.0800000 0.1200000 0.0382520
v 0.0800000 0.1310000 -0.0383246
v 0.0800000 0.1310000 0.0383162
v 0.0800000 0.1420000 -0.0382840
v 0.0800000 0.1420000 0.0382751
v 0.0800000 0.1530000 -0.0382176
v 0.0800000 0.1530000 0.0382080
v 0.0800000 0.1640000 -0.0381280
v 0.0800000 0.1640000 0.0381175
v 0.0800000 0.1750000 -0.0380173
v 0.0800000 0.1750000 0.0380055
v 0.0800000 0.1860000 -0.0378874
v 0.0800000 0.1860000 0.0378741
v 0.0800000 0.1970000 -0.0377402
v 0.0800000 0.1970000 0.0377253
v 0.0800000 0.2080000 -0.0375777
v 0.0800000 0.2080000 0.0375611
v 0.0800000 0.2190000 -0.0374020
v 0.0800000 0.2190000 0.0373834
v 0.0800000 0.2300000 -0.0372150
v 0.0800000 0.2300000 0.0371943
v 0.0800000 0.2410000 -0.0370188
v 0.0800000 0.2410000 0.0369957
v 0.0800000 0.2520000 -0.0368152
v 0.0800000 0.2520000 0.0367899
v 0.0800000 0.2630000 -0.0366065
v 0.0800000 0.2630000 0.0365787
v 0.0800000 0.2740000 -0.0363946
v 0.0800000 0.2740000 0.0363643
v 0.0800000 0.2850000 -0.0361817
v 0.0800000 0.2850000 0.0361489
v 0.0800000 0.2960000 -0.0359700
v 0.0800000 0.2960000 0.0359346
v 0.0800000 0.3070000 -0.0357615
v 0.0800000 0.3070000 0.0357237
v 0.0800000 0.3180000 -0.0355586
v 0.0800000 0.3180000 0.0355182
v 0.0800000 0.3290000 -0.0353634
v 0.0800000 0.3290000 0.0353206
v 0.0800000 0.3400000 -0.0351782
v 0.0800000 0.3400000 0.0351331
v 0.0800000 0.3510000 -0.0350053
v 0.0800000 0.3510000 0.0349581
v 0.0800000 0.3620000 -0.0348471
v 0.0800000 0.3620000 0.0347980
v 0.0800000 0.3730000 -0.0347060
v 0.0800000 0.3730000 0.0346550
v 0.0800000 0.3840000 -0.0345842
v 0.0800000 0.3840000 0.0345317
v 0.0800000 0.3950000 -0.0344842
v 0.0800000 0.3950000 0.0344305
v 0.0800000 0.4060000 -0.0344084
v 0.0800000 0.4060000 0.0343536
v 0.0800000 0.4170000 -0.0343590
v 0.0800000 0.4170000 0.0343036
v 0.0800000 0.4280000 -0.0343389
v 0.0800000 0.4280000 0.0342833
v 0.0800000 0.4390000 -0.0343528
v 0.0800000 0.4390000 0.0342974
v 0.0800000 0.4500000 -0.0344051
v 0.0800000 0.4500000 0.0343502
v 0.0800000 0.4610000 -0.0344944
v 0.0800000 0.4610000 0.0344406
v 0.0800000 0.4720000 -0.0346183
v 0.0800000 0.4720000 0.0345658
v 0.0800000 0.4830000 -0.0347742
v 0.0800000 0.4830000 0.0347236
v 0.0800000 0.4940000 -0.0349598
v 0.0800000 0.4940000 0.0349113
v 0.0800000 0.5050000 -0.0351724
v 0.0800000 0.5050000 0.0351263
v 0.0800000 0.5160000 -0.0354097
v 0.0800000 0.5160000 0.0353663
v 0.0800000 0.5270000 -0.0356690
v 0.0800000 0.5270000 0.0356286
v 0.0800000 0.5380000 -0.0359479
v 0.0800000 0.5380000 0.0359108
v 0.0800000 0.5490000 -0.0362438
v 0.0800000 0.5490000 0.0362102
v 0.0800000 0.5600000 -0.0365543
v 0.0800000 0.5600000 0.0365243
v 0.0800000 0.5710000 -0.0368768
v 0.0800000 0.5710000 0.0368506
v 0.0800000 0.5820000 -0.0372087
v 0.0800000 0.5820000 0.0371864
v 0.0800000 0.5930000 -0.0375474
v 0.0800000 0.5930000 0.0375291
v 0.0800000 0.6040000 -0.0378903
v 0.0800000 0.6040000 0.0378761
v 0.0800000 0.6150000 -0.0382349
v 0.0800000 0.6150000 0.0382248
v 0.0800000 0.6260000 -0.0385803
v 0.0800000 0.6260000 0.0385743
v 0.0800000 0.6370000 -0.0389387
v 0.0693796 0.6370000 0.0430000
v 0.0800000 0.6370000 0.0389370
v 0.0800000 0.6480000 -0.0393406
v 0.0704364 0.6480000 0.0430000
v 0.0800000 0.6480000 0.0393436
v 0.0800000 0.6590000 -0.0397896
v 0.0716105 0.6590000 0.0430000
v 0.0800000 0.6590000 0.0397980
v 0.0800000 0.6700000 -0.0402809
v 0.0728942 0.6700000 0.0430000
v 0.0800000 0.6700000 0.0402951
v 0.0800000 0.6810000 -0.0408089
v 0.0742785 0.6810000 0.0430000
v 0.0800000 0.6810000 0.0408294
v 0.0698796 0.6920000 -0.0450000
v 0.0800000 0.6920000 -0.0413682
v 0.0757535 0.6920000 0.0430000
v 0.0800000 0.6920000 0.0413953
v 0.0714738 0.7030000 -0.0450000
v 0.0800000 0.7030000 -0.0419535
v 0.0773086 0.7030000 0.0430000
v 0.0800000 0.7030000 0.0419873
v 0.0731384 0.7140000 -0.0450000
v 0.0800000 0.7140000 -0.0425593
v 0.0789324 0.7140000 0.0430000
v 0.0800000 0.7140000 0.0426001
v 0.0748613 0.7250000 -0.0450000
v 0.0800000 0.7250000 -0.0431805
v 0.0800000 0.7209929 0.0430000
v 0.0800000 0.7250000 0.0432175
v 0.0766298 0.7360000 -0.0450000
v 0.0800000 0.7360000 -0.0438121
v 0.0800000 0.7360000 0.0438258
v 0.0784299 0.7470000 -0.0450000
v 0.0800000 0.7470000 -0.0444489
v 0.0800000 0.7470000 0.0444393
v 0.0800000 0.7565084 -0.0450000
v 0.0800000 0.7580000 -0.0450826
v 0.0800000 0.7580000 0.0450533
v 0.0800000 0.7690000 -0.0456888
v 0.0800000 0.7690000 0.0456633
v 0.0800000 0.7800000 -0.0462864
v 0.0800000 0.7800000 0.0462644
v 0.0800000 0.7910000 -0.0468708
v 0.0800000 0.7910000 0.0468523
v 0.0800000 0.8020000 -0.0474375
v 0.0800000 0.8020000 0.0474224
v 0.0800000 0.8130000 -0.0479874
v 0.0800000 0.8130000 0.0479752
v 0.0800000 0.8240000 -0.0485583
v 0.0800000 0.8240000 0.0485453
v 0.0800000 0.8350000 -0.0492536
v 0.0800000 0.8350000 0.0492338
v 0.0800000 0.8460000 -0.0499866
v 0.0800000 0.8460000 0.0499873
v 0.0800000 0.8570000 -0.0506693
v 0.0691442 0.8570000 0.0540000
v 0.0800000 0.8570000 0.0506753
v 0.0800000 0.8680000 -0.0520560
v 0.0741185 0.8680000 0.0540000
v 0.0800000 0.8680000 0.0520735
v 0.0732448 0.8790000 -0.0560000
v 0.0800000 0.8790000 -0.0537086
v 0.0792698 0.8790000 0.0540000
v 0.0800000 0.8790000 0.0537432
v 0.0762381 0.8900000 -0.0560000
v 0.0800000 0.8900000 -0.0546791
v 0.0800000 0.8818929 0.0540000
v 0.0800000 0.8900000 0.0546934
v 0.0780026 0.9010000 -0.0560000
v 0.0800000 0.9010000 -0.0552872
v 0.0800000 0.9010000 0.0552811
v 0.0794910 0.9120000 -0.0560000
v 0.0800000 0.9120000 -0.0558164
v 0.0800000 0.9120000 0.0557924
v 0.0800000 0.9164470 -0.0560000
v 0.0800000 0.9230000 -0.0562607
v 0.0800000 0.9230000 0.0562196
v 0.0800000 0.9340000 -0.0560777
v 0.0800000 0.9340000 0.0559357
v 0.0800000 0.9342707 -0.0560000
v 0.0690867 0.9450000 -0.0560000
v 0.0800000 0.9450000 -0.0505028
v 0.0736369 0.9450000 0.0540000
v 0.0800000 0.9450000 0.0505213
v 0.0800000 0.9394853 0.0540000
v 0.0800000 0.9504523 -0.0450000
v 0.0707486 0.9560000 -0.0450000
v 0.0800000 0.9560000 -0.0383262
v 0.0738956 0.9560000 0.0430000
v 0.0800000 0.9560000 0.0382561
v 0.0800000 0.9523161 0.0430000
v 0.0800000 0.9579725 -0.0340000
v 0.0800000 0.9594665 -0.0230000
v 0.0800000 0.9598842 -0.0120000
v 0.0800000 0.9599937 -0.0010000
v 0.0800000 0.9599198 0.0100000
v 0.0800000 0.9596080 0.0210000
v 0.0800000 0.9585109 0.0320000
v 0.0815722 0.0980000 -0.0340000
v 0.0910000 0.0980000 -0.0252481
v 0.0910000 0.0962149 -0.0230000
v 0.0910000 0.0934004 -0.0120000
v 0.0910000 0.0929547 -0.0010000
v 0.0910000 0.0932407 0.0100000
v 0.0910000 0.0952094 0.0210000
v 0.0840754 0.0980000 0.0320000
v 0.0910000 0.0980000 0.0251208
v 0.0853287 0.1090000 -0.0340000
v 0.0910000 0.1090000 -0.0288415
v 0.0878405 0.1090000 0.0320000
v 0.0910000 0.1090000 0.0289002
v 0.0862583 0.1200000 -0.0340000
v 0.0910000 0.1200000 -0.0297212
v 0.0887415 0.1200000 0.0320000
v 0.0910000 0.1200000 0.0297953
v 0.0863463 0.1310000 -0.0340000
v 0.0910000 0.1310000 -0.0298025
v 0.0888269 0.1310000 0.0320000
v 0.0910000 0.1310000 0.0298789
v 0.0862799 0.1420000 -0.0340000
v 0.0910000 0.1420000 -0.0297373
v 0.0887602 0.1420000 0.0320000
v 0.0910000 0.1420000 0.0298111
v 0.0861720 0.1530000 -0.0340000
v 0.0910000 0.1530000 -0.0296311
v 0.0886517 0.1530000 0.0320000
v 0.0910000 0.1530000 0.0297004
v 0.0860269 0.1640000 -0.0340000
v 0.0910000 0.1640000 -0.0294875
v 0.0885059 0.1640000 0.0320000
v 0.0910000 0.1640000 0.0295510
v 0.0858483 0.1750000 -0.0340000
v 0.0910000 0.1750000 -0.0293096
v 0.0883263 0.1750000 0.0320000
v 0.0910000 0.1750000 0.0293657
v 0.0856400 0.1860000 -0.0340000
v 0.0910000 0.1860000 -0.0291004
v 0.0881168 0.1860000 0.0320000
v 0.0910000 0.1860000 0.0291479
v 0.0854055 0.1970000 -0.0340000
v 0.0910000 0.1970000 -0.0288627
v 0.0878808 0.1970000 0.0320000
v 0.0910000 0.1970000 0.0289004
v 0.0851486 0.2080000 -0.0340000
v 0.0910000 0.2080000 -0.0285997
v 0.0876222 0.2080000 0.0320000
v 0.0910000 0.2080000 0.0286264
v 0.0848730 0.2190000 -0.0340000
v 0.0910000 0.2190000 -0.0283141
v 0.0873446 0.2190000 0.0320000
v 0.0910000 0.2190000 0.0283290
v 0.0845822 0.2300000 -0.0340000
v 0.0910000 0.2300000 -0.0280092
v 0.0870515 0.2300000 0.0320000
v 0.0910000 0.2300000 0.0280113
v 0.0842798 0.2410000 -0.0340000
v 0.0910000 0.2410000 -0.0276879
v 0.0867466 0.2410000 0.0320000
v 0.0910000 0.2410000 0.0276764
v 0.0839694 0.2520000 -0.0340000
v 0.0910000 0.2520000 -0.0273533
v 0.0864333 0.2520000 0.0320000
v 0.0910000 0.2520000 0.0273277
v 0.0836543 0.2630000 -0.0340000
v 0.0910000 0.2630000 -0.0270087
v 0.0861151 0.2630000 0.0320000
v 0.0910000 0.2630000 0.0269685
v 0.0833378 0.2740000 -0.0340000
v 0.0910000 0.2740000 -0.0266575
v 0.0857953 0.2740000 0.0320000
v 0.0910000 0.2740000 0.0266023
v 0.0830233 0.2850000 -0.0340000
v 0.0910000 0.2850000 -0.0263029
v 0.0854772 0.2850000 0.0320000
v 0.0910000 0.2850000 0.0262326
v 0.0827138 0.2960000 -0.0340000
v 0.0910000 0.2960000 -0.0259487
v 0.0851641 0.2960000 0.0320000
v 0.0910000 0.2960000 0.0258631
v 0.0824125 0.3070000 -0.0340000
v 0.0910000 0.3070000 -0.0255984
v 0.0848590 0.3070000 0.0320000
v 0.0910000 0.3070000 0.0254977
v 0.0821224 0.3180000 -0.0340000
v 0.0910000 0.3180000 -0.0252558
v 0.0845649 0.3180000 0.0320000
v 0.0910000 0.3180000 0.0251402
v 0.0818464 0.3290000 -0.0340000
v 0.0910000 0.3290000 -0.0249249
v 0.0842850 0.3290000 0.0320000
v 0.0910000 0.3290000 0.0247948
v 0.0815872 0.3400000 -0.0340000
v 0.0910000 0.3400000 -0.0246097
v 0.0840219 0.3400000 0.0320000
v 0.0910000 0.3400000 0.0244658
v 0.0813476 0.3510000 -0.0340000
v 0.0910000 0.3510000 -0.0243143
v 0.0837786 0.3510000 0.0320000
v 0.0910000 0.3510000 0.0241574
v 0.0811304 0.3620000 -0.0340000
v 0.0910000 0.3620000 -0.0240429
v 0.0835579 0.3620000 0.0320000
v 0.0910000 0.3620000 0.0238740
v 0.0809382 0.3730000 -0.0340000
v 0.0910000 0.3730000 -0.0238000
v 0.0833625 0.3730000 0.0320000
v 0.0910000 0.3730000 0.0236203
v 0.0807737 0.3840000 -0.0340000
v 0.0910000 0.3840000 -0.0235898
v 0.0831951 0.3840000 0.0320000
v 0.0910000 0.3840000 0.0234008
v 0.0806394 0.3950000 -0.0340000
v 0.0910000 0.3950000 -0.0234167
v 0.0830584 0.3950000 0.0320000
v 0.0910000 0.3950000 0.0232200
v 0.0805380 0.4060000 -0.0340000
v 0.0910000 0.4060000 -0.0232852
v 0.0829553 0.4060000 0.0320000
v 0.0910000 0.4060000 0.0230826
v 0.0804723 0.4170000 -0.0340000
v 0.0910000 0.4170000 -0.0231995
v 0.0828883 0.4170000 0.0320000
v 0.0910000 0.4170000 0.0229931
v 0.0804455 0.4280000 -0.0340000
v 0.0910000 0.4280000 -0.0231636
v 0.0828609 0.4280000 0.0320000
v 0.0910000 0.4280000 0.0229555
v 0.0804638 0.4390000 -0.0340000
v 0.0910000 0.4390000 -0.0231791
v 0.0828779 0.4390000 0.0320000
v 0.0910000 0.4390000 0.0229718
v 0.0805322 0.4500000 -0.0340000
v 0.0910000 0.4500000 -0.0232438
v 0.0829428 0.4500000 0.0320000
v 0.0910000 0.4500000 0.0230392
v 0.0806491 0.4610000 -0.0340000
v 0.0910000 0.4610000 -0.0233546
v 0.0830536 0.4610000 0.0320000
v 0.0910000 0.4610000 0.0231548
v 0.0808109 0.4720000 -0.0340000
v 0.0910000 0.4720000 -0.0235086
v 0.0832072 0.4720000 0.0320000
v 0.0910000 0.4720000 0.0233155
v 0.0810142 0.4830000 -0.0340000
v 0.0910000 0.4830000 -0.0237031
v 0.0834003 0.4830000 0.0320000
v 0.0910000 0.4830000 0.0235184
v 0.0812555 0.4940000 -0.0340000
v 0.0910000 0.4940000 -0.0239352
v 0.0836295 0.4940000 0.0320000
v 0.0910000 0.4940000 0.0237605
v 0.0815313 0.5050000 -0.0340000
v 0.0910000 0.5050000 -0.0242021
v 0.0838917 0.5050000 0.0320000
v 0.0910000 0.5050000 0.0240389
v 0.0818381 0.5160000 -0.0340000
v 0.0910000 0.5160000 -0.0245009
v 0.0841835 0.5160000 0.0320000
v 0.0910000 0.5160000 0.0243507
v 0.0821725 0.5270000 -0.0340000
v 0.0910000 0.5270000 -0.0248288
v 0.0845017 0.5270000 0.0320000
v 0.0910000 0.5270000 0.0246929
v 0.0825310 0.5380000 -0.0340000
v 0.0910000 0.5380000 -0.0251829
v 0.0848432 0.5380000 0.0320000
v 0.0910000 0.5380000 0.0250624
v 0.0829104 0.5490000 -0.0340000
v 0.0910000 0.5490000 -0.0255602
v 0.0852049 0.5490000 0.0320000
v 0.0910000 0.5490000 0.0254562
v 0.0833074 0.5600000 -0.0340000
v 0.0910000 0.5600000 -0.0259578
v 0.0855836 0.5600000 0.0320000
v 0.0910000 0.5600000 0.0258712
v 0.0837187 0.5710000 -0.0340000
v 0.0910000 0.5710000 -0.0263728
v 0.0859763 0.5710000 0.0320000
v 0.0910000 0.5710000 0.0263043
v 0.0841411 0.5820000 -0.0340000
v 0.0910000 0.5820000 -0.0268019
v 0.0863800 0.5820000 0.0320000
v 0.0910000 0.5820000 0.0267522
v 0.0845716 0.5930000 -0.0340000
v 0.0910000 0.5930000 -0.0272421
v 0.0867918 0.5930000 0.0320000
v 0.0910000 0.5930000 0.0272117
v 0.0850071 0.6040000 -0.0340000
v 0.0910000 0.6040000 -0.0276902
v 0.0872087 0.6040000 0.0320000
v 0.0910000 0.6040000 0.0276795
v 0.0854446 0.6150000 -0.0340000
v 0.0910000 0.6150000 -0.0281431
v 0.0876281 0.6150000 0.0320000
v 0.0910000 0.6150000 0.0281523
v 0.0858835 0.6260000 -0.0340000
v 0.0910000 0.6260000 -0.0286002
v 0.0880494 0.6260000 0.0320000
v 0.0910000 0.6260000 0.0286296
v 0.0863414 0.6370000 -0.0340000
v 0.0910000 0.6370000 -0.0290812
v 0.0884901 0.6370000 0.0320000
v 0.0910000 0.6370000 0.0291317
v 0.0868612 0.6480000 -0.0340000
v 0.0910000 0.6480000 -0.0296328
v 0.0889927 0.6480000 0.0320000
v 0.0910000 0.6480000 0.0297076
v 0.0874492 0.6590000 -0.0340000
v 0.0910000 0.6590000 -0.0302600
v 0.0895634 0.6590000 0.0320000
v 0.0910000 0.6590000 0.0303622
v 0.0880999 0.6700000 -0.0340000
v 0.0910000 0.6700000 -0.0309536
v 0.0901962 0.6700000 0.0320000
v 0.0910000 0.6700000 0.0310862
v 0.0888066 0.6810000 -0.0340000
v 0.0910000 0.6810000 -0.0317039
v 0.0908846 0.6810000 0.0320000
v 0.0910000 0.6810000 0.0318692
v 0.0895626 0.6920000 -0.0340000
v 0.0910000 0.6920000 -0.0325014
v 0.0910000 0.6827246 0.0320000
v 0.0910000 0.6920000 0.0325852
v 0.0903609 0.7030000 -0.0340000
v 0.0910000 0.7030000 -0.0333366
v 0.0910000 0.7030000 0.0333127
v 0.0910000 0.7114395 -0.0340000
v 0.0910000 0.7140000 -0.0341710
v 0.0910000 0.7140000 0.0340656
v 0.0910000 0.7250000 -0.0349250
v 0.0803469 0.7250000 0.0430000
v 0.0910000 0.7250000 0.0348364
v 0.0910000 0.7360000 -0.0356895
v 0.0813220 0.7360000 0.0430000
v 0.0910000 0.7360000 0.0356179
v 0.0910000 0.7470000 -0.0364576
v 0.0823131 0.7470000 0.0430000
v 0.0910000 0.7470000 0.0364031
v 0.0801385 0.7580000 -0.0450000
v 0.0910000 0.7580000 -0.0372229
v 0.0833118 0.7580000 0.0430000
v 0.0910000 0.7580000 0.0371852
v 0.0811589 0.7690000 -0.0450000
v 0.0910000 0.7690000 -0.0379789
v 0.0843091 0.7690000 0.0430000
v 0.0910000 0.7690000 0.0379578
v 0.0821700 0.7800000 -0.0450000
v 0.0910000 0.7800000 -0.0387194
v 0.0852959 0.7800000 0.0430000
v 0.0910000 0.7800000 0.0387145
v 0.0831623 0.7910000 -0.0450000
v 0.0910000 0.7910000 -0.0394383
v 0.0862625 0.7910000 0.0430000
v 0.0910000 0.7910000 0.0394491
v 0.0841261 0.8020000 -0.0450000
v 0.0910000 0.8020000 -0.0401299
v 0.0871993 0.8020000 0.0430000
v 0.0910000 0.8020000 0.0401557
v 0.0850587 0.8130000 -0.0450000
v 0.0910000 0.8130000 -0.0407942
v 0.0881036 0.8130000 0.0430000
v 0.0910000 0.8130000 0.0408343
v 0.0860165 0.8240000 -0.0450000
v 0.0910000 0.8240000 -0.0414761
v 0.0890298 0.8240000 0.0430000
v 0.0910000 0.8240000 0.0415281
v 0.0872047 0.8350000 -0.0450000
v 0.0910000 0.8350000 -0.0423265
v 0.0901803 0.8350000 0.0430000
v 0.0910000 0.8350000 0.0423892
v 0.0885719 0.8460000 -0.0450000
v 0.0910000 0.8460000 -0.0432983
v 0.0910000 0.8416469 0.0430000
v 0.0910000 0.8460000 0.0433633
v 0.0897405 0.8570000 -0.0450000
v 0.0910000 0.8570000 -0.0441186
v 0.0910000 0.8570000 0.0441197
v 0.0910000 0.8630527 -0.0450000
v 0.0910000 0.8680000 -0.0456626
v 0.0910000 0.8680000 0.0456040
v 0.0910000 0.8790000 -0.0473669
v 0.0910000 0.8790000 0.0473307
v 0.0910000 0.8900000 -0.0483357
v 0.0813496 0.8900000 0.0540000
v 0.0910000 0.8900000 0.0483134
v 0.0910000 0.9010000 -0.0489319
v 0.0824680 0.9010000 0.0540000
v 0.0910000 0.9010000 0.0489186
v 0.0910000 0.9120000 -0.0494580
v 0.0834261 0.9120000 0.0540000
v 0.0910000 0.9120000 0.0494520
v 0.0805128 0.9230000 -0.0560000
v 0.0910000 0.9230000 -0.0498940
v 0.0842322 0.9230000 0.0540000
v 0.0910000 0.9230000 0.0498921
v 0.0801566 0.9340000 -0.0560000
v 0.0910000 0.9340000 -0.0494801
v 0.0837854 0.9340000 0.0540000
v 0.0910000 0.9340000 0.0494718
v 0.0910000 0.9428723 -0.0450000
v 0.0885437 0.9450000 -0.0450000
v 0.0910000 0.9450000 -0.0429243
v 0.0910000 0.9450000 0.0430779
v 0.0910000 0.9518443 -0.0340000
v 0.0851454 0.9560000 -0.0340000
v 0.0910000 0.9560000 -0.0272850
v 0.0871143 0.9560000 0.0320000
v 0.0910000 0.9560000 0.0273649
v 0.0910000 0.9533119 0.0320000
v 0.0910000 0.9450689 0.0430000
v 0.0910000 0.9574951 -0.0230000
v 0.0910000 0.9589255 -0.0120000
v 0.0910000 0.9592044 -0.0010000
v 0.0910000 0.9590253 0.0100000
v 0.0910000 0.9579796 0.0210000
v 0.0926344 0.0980000 -0.0230000
v 0.0970613 0.0980000 -0.0120000
v 0.0987049 0.0980000 -0.0010000
v 0.0975525 0.0980000 0.0100000
v 0.0937836 0.0980000 0.0210000
v 0.0954036 0.1090000 -0.0230000
v 0.1002427 0.1090000 -0.0120000
v 0.1019668 0.1090000 -0.0010000
v 0.1007718 0.1090000 0.0100000
v 0.0965627 0.1090000 0.0210000
v 0.0960976 0.1200000 -0.0230000
v 0.1009148 0.1200000 -0.0120000
v 0.1020000 0.1200000 -0.0048084
v 0.1020000 0.1095742 -0.0010000
v 0.1014269 0.1200000 0.0100000
v 0.1020000 0.1200000 0.0044683
v 0.0972480 0.1200000 0.0210000
v 0.0961593 0.1310000 -0.0230000
v 0.1009704 0.1310000 -0.0120000
v 0.1020000 0.1310000 -0.0051453
v 0.1014801 0.1310000 0.0100000
v 0.1020000 0.1310000 0.0049519
v 0.0973088 0.1310000 0.0210000
v 0.0961045 0.1420000 -0.0230000
v 0.1009165 0.1420000 -0.0120000
v 0.1020000 0.1420000 -0.0047774
v 0.1014264 0.1420000 0.0100000
v 0.1020000 0.1420000 0.0044238
v 0.0972540 0.1420000 0.0210000
v 0.0960155 0.1530000 -0.0230000
v 0.1008289 0.1530000 -0.0120000
v 0.1020000 0.1530000 -0.0041784
v 0.1013392 0.1530000 0.0100000
v 0.1020000 0.1530000 0.0035638
v 0.0971650 0.1530000 0.0210000
v 0.0958956 0.1640000 -0.0230000
v 0.1007109 0.1640000 -0.0120000
v 0.1020000 0.1640000 -0.0033679
v 0.1012217 0.1640000 0.0100000
v 0.1020000 0.1640000 0.0024000
v 0.0970452 0.1640000 0.0210000
v 0.0957478 0.1750000 -0.0230000
v 0.1005652 0.1750000 -0.0120000
v 0.1020000 0.1750000 -0.0023617
v 0.1010767 0.1750000 0.0100000
v 0.1020000 0.1750000 0.0009552
v 0.0968974 0.1750000 0.0210000
v 0.0955749 0.1860000 -0.0230000
v 0.1003948 0.1860000 -0.0120000
v 0.1020000 0.1860000 -0.0011754
v 0.1009070 0.1860000 0.0100000
v 0.1020000 0.1860000 -0.0007481
v 0.0967245 0.1860000 0.0210000
v 0.0953799 0.1970000 -0.0230000
v 0.1002022 0.1970000 -0.0120000
v 0.1020000 0.1874335 -0.0010000
v 0.1018353 0.1970000 -0.0010000
v 0.1007153 0.1970000 0.0100000
v 0.0965295 0.1970000 0.0210000
v 0.0951656 0.2080000 -0.0230000
v 0.0999904 0.2080000 -0.0120000
v 0.1016267 0.2080000 -0.0010000
v 0.1005043 0.2080000 0.0100000
v 0.0963151 0.2080000 0.0210000
v 0.0949350 0.2190000 -0.0230000
v 0.0997621 0.2190000 -0.0120000
v 0.1014018 0.2190000 -0.0010000
v 0.1002768 0.2190000 0.0100000
v 0.0960843 0.2190000 0.0210000
v 0.0946909 0.2300000 -0.0230000
v 0.0995201 0.2300000 -0.0120000
v 0.1011633 0.2300000 -0.0010000
v 0.1000357 0.2300000 0.0100000
v 0.0958399 0.2300000 0.0210000
v 0.0944361 0.2410000 -0.0230000
v 0.0992671 0.2410000 -0.0120000
v 0.1009137 0.2410000 -0.0010000
v 0.0997836 0.2410000 0.0100000
v 0.0955847 0.2410000 0.0210000
v 0.0941735 0.2520000 -0.0230000
v 0.0990059 0.2520000 -0.0120000
v 0.1006559 0.2520000 -0.0010000
v 0.0995232 0.2520000 0.0100000
v 0.0953216 0.2520000 0.0210000
v 0.0939059 0.2630000 -0.0230000
v 0.0987392 0.2630000 -0.0120000
v 0.1003925 0.2630000 -0.0010000
v 0.0992573 0.2630000 0.0100000
v 0.0950534 0.2630000 0.0210000
v 0.0936360 0.2740000 -0.0230000
v 0.0984699 0.2740000 -0.0120000
v 0.1001262 0.2740000 -0.0010000
v 0.0989887 0.2740000 0.0100000
v 0.0947828 0.2740000 0.0210000
v 0.0933666 0.2850000 -0.0230000
v 0.0982005 0.2850000 -0.0120000
v 0.0998598 0.2850000 -0.0010000
v 0.0987200 0.2850000 0.0100000
v 0.0945126 0.2850000 0.0210000
v 0.0931005 0.2960000 -0.0230000
v 0.0979339 0.2960000 -0.0120000
v 0.0995958 0.2960000 -0.0010000
v 0.0984540 0.2960000 0.0100000
v 0.0942456 0.2960000 0.0210000
v 0.0928403 0.3070000 -0.0230000
v 0.0976727 0.3070000 -0.0120000
v 0.0993370 0.3070000 -0.0010000
v 0.0981934 0.3070000 0.0100000
v 0.0939843 0.3070000 0.0210000
v 0.0925886 0.3180000 -0.0230000
v 0.0974196 0.3180000 -0.0120000
v 0.0990861 0.3180000 -0.0010000
v 0.0979408 0.3180000 0.0100000
v 0.0937316 0.3180000 0.0210000
v 0.0923481 0.3290000 -0.0230000
v 0.0971774 0.3290000 -0.0120000
v 0.0988458 0.3290000 -0.0010000
v 0.0976990 0.3290000 0.0100000
v 0.0934900 0.3290000 0.0210000
v 0.0921214 0.3400000 -0.0230000
v 0.0969487 0.3400000 -0.0120000
v 0.0986187 0.3400000 -0.0010000
v 0.0974706 0.3400000 0.0100000
v 0.0932622 0.3400000 0.0210000
v 0.0919111 0.3510000 -0.0230000
v 0.0967362 0.3510000 -0.0120000
v 0.0984075 0.3510000 -0.0010000
v 0.0972583 0.3510000 0.0100000
v 0.0930508 0.3510000 0.0210000
v 0.0917197 0.3620000 -0.0230000
v 0.0965425 0.3620000 -0.0120000
v 0.0982149 0.3620000 -0.0010000
v 0.0970649 0.3620000 0.0100000
v 0.0928583 0.3620000 0.0210000
v 0.0915498 0.3730000 -0.0230000
v 0.0963704 0.3730000 -0.0120000
v 0.0980437 0.3730000 -0.0010000
v 0.0968928 0.3730000 0.0100000
v 0.0926874 0.3730000 0.0210000
v 0.0914039 0.3840000 -0.0230000
v 0.0962223 0.3840000 -0.0120000
v 0.0978963 0.3840000 -0.0010000
v 0.0967449 0.3840000 0.0100000
v 0.0925406 0.3840000 0.0210000
v 0.0912846 0.3950000 -0.0230000
v 0.0961011 0.3950000 -0.0120000
v 0.0977756 0.3950000 -0.0010000
v 0.0966238 0.3950000 0.0100000
v 0.0924205 0.3950000 0.0210000
v 0.0911943 0.4060000 -0.0230000
v 0.0960094 0.4060000 -0.0120000
v 0.0976843 0.4060000 -0.0010000
v 0.0965321 0.4060000 0.0100000
v 0.0923296 0.4060000 0.0210000
v 0.0911357 0.4170000 -0.0230000
v 0.0959498 0.4170000 -0.0120000
v 0.0976249 0.4170000 -0.0010000
v 0.0964726 0.4170000 0.0100000
v 0.0922706 0.4170000 0.0210000
v 0.0911112 0.4280000 -0.0230000
v 0.0959246 0.4280000 -0.0120000
v 0.0975997 0.4280000 -0.0010000
v 0.0964473 0.4280000 0.0100000
v 0.0922458 0.4280000 0.0210000
v 0.0911218 0.4390000 -0.0230000
v 0.0959329 0.4390000 -0.0120000
v 0.0976072 0.4390000 -0.0010000
v 0.0964554 0.4390000 0.0100000
v 0.0922559 0.4390000 0.0210000
v 0.0911657 0.4500000 -0.0230000
v 0.0959701 0.4500000 -0.0120000
v 0.0976419 0.4500000 -0.0010000
v 0.0964918 0.4500000 0.0100000
v 0.0922983 0.4500000 0.0210000
v 0.0912408 0.4610000 -0.0230000
v 0.0960340 0.4610000 -0.0120000
v 0.0977015 0.4610000 -0.0010000
v 0.0965544 0.4610000 0.0100000
v 0.0923708 0.4610000 0.0210000
v 0.0913450 0.4720000 -0.0230000
v 0.0961228 0.4720000 -0.0120000
v 0.0977844 0.4720000 -0.0010000
v 0.0966415 0.4720000 0.0100000
v 0.0924716 0.4720000 0.0210000
v 0.0914764 0.4830000 -0.0230000
v 0.0962349 0.4830000 -0.0120000
v 0.0978892 0.4830000 -0.0010000
v 0.0967513 0.4830000 0.0100000
v 0.0925986 0.4830000 0.0210000
v 0.0916327 0.4940000 -0.0230000
v 0.0963687 0.4940000 -0.0120000
v 0.0980143 0.4940000 -0.0010000
v 0.0968824 0.4940000 0.0100000
v 0.0927498 0.4940000 0.0210000
v 0.0918120 0.5050000 -0.0230000
v 0.0965223 0.5050000 -0.0120000
v 0.0981582 0.5050000 -0.0010000
v 0.0970331 0.5050000 0.0100000
v 0.0929234 0.5050000 0.0210000
v 0.0920122 0.5160000 -0.0230000
v 0.0966943 0.5160000 -0.0120000
v 0.0983194 0.5160000 -0.0010000
v 0.0972018 0.5160000 0.0100000
v 0.0931172 0.5160000 0.0210000
v 0.0922312 0.5270000 -0.0230000
v 0.0968830 0.5270000 -0.0120000
v 0.0984963 0.5270000 -0.0010000
v 0.0973868 0.5270000 0.0100000
v 0.0933293 0.5270000 0.0210000
v 0.0924670 0.5380000 -0.0230000
v 0.0970866 0.5380000 -0.0120000
v 0.0986875 0.5380000 -0.0010000
v 0.0975867 0.5380000 0.0100000
v 0.0935579 0.5380000 0.0210000
v 0.0927175 0.5490000 -0.0230000
v 0.0973035 0.5490000 -0.0120000
v 0.0988915 0.5490000 -0.0010000
v 0.0977997 0.5490000 0.0100000
v 0.0938009 0.5490000 0.0210000
v 0.0929808 0.5600000 -0.0230000
v 0.0975322 0.5600000 -0.0120000
v 0.0991068 0.5600000 -0.0010000
v 0.0980243 0.5600000 0.0100000
v 0.0940564 0.5600000 0.0210000
v 0.0932549 0.5710000 -0.0230000
v 0.0977710 0.5710000 -0.0120000
v 0.0993318 0.5710000 -0.0010000
v 0.0982589 0.5710000 0.0100000
v 0.0943226 0.5710000 0.0210000
v 0.0935378 0.5820000 -0.0230000
v 0.0980182 0.5820000 -0.0120000
v 0.0995651 0.5820000 -0.0010000
v 0.0985018 0.5820000 0.0100000
v 0.0945975 0.5820000 0.0210000
v 0.0938275 0.5930000 -0.0230000
v 0.0982722 0.5930000 -0.0120000
v 0.0998051 0.5930000 -0.0010000
v 0.0987516 0.5930000 0.0100000
v 0.0948793 0.5930000 0.0210000
v 0.0941222 0.6040000 -0.0230000
v 0.0985314 0.6040000 -0.0120000
v 0.1000504 0.6040000 -0.0010000
v 0.0990066 0.6040000 0.0100000
v 0.0951661 0.6040000 0.0210000
v 0.0944199 0.6150000 -0.0230000
v 0.0987942 0.6150000 -0.0120000
v 0.1002995 0.6150000 -0.0010000
v 0.0992652 0.6150000 0.0100000
v 0.0954560 0.6150000 0.0210000
v 0.0947206 0.6260000 -0.0230000
v 0.0990609 0.6260000 -0.0120000
v 0.1005526 0.6260000 -0.0010000
v 0.0995278 0.6260000 0.0100000
v 0.0957492 0.6260000 0.0210000
v 0.0950385 0.6370000 -0.0230000
v 0.0993452 0.6370000 -0.0120000
v 0.1008234 0.6370000 -0.0010000
v 0.0998080 0.6370000 0.0100000
v 0.0960597 0.6370000 0.0210000
v 0.0954073 0.6480000 -0.0230000
v 0.0996795 0.6480000 -0.0120000
v 0.1011433 0.6480000 -0.0010000
v 0.1001380 0.6480000 0.0100000
v 0.0964210 0.6480000 0.0210000
v 0.0958312 0.6590000 -0.0230000
v 0.1000675 0.6590000 -0.0120000
v 0.1015160 0.6590000 -0.0010000
v 0.1005214 0.6590000 0.0100000
v 0.0968373 0.6590000 0.0210000
v 0.0963049 0.6700000 -0.0230000
v 0.1005036 0.6700000 -0.0120000
v 0.1019358 0.6700000 -0.0010000
v 0.1009527 0.6700000 0.0100000
v 0.0973031 0.6700000 0.0210000
v 0.0968224 0.6810000 -0.0230000
v 0.1009817 0.6810000 -0.0120000
v 0.1020000 0.6810000 -0.0041876
v 0.1020000 0.6715341 -0.0010000
v 0.1014256 0.6810000 0.0100000
v 0.1020000 0.6810000 0.0035799
v 0.0978124 0.6810000 0.0210000
v 0.0973776 0.6920000 -0.0230000
v 0.1014955 0.6920000 -0.0120000
v 0.1020000 0.6920000 -0.0081443
v 0.1019340 0.6920000 0.0100000
v 0.1020000 0.6920000 0.0092648
v 0.0983590 0.6920000 0.0210000
v 0.0915029 0.6920000 0.0320000
v 0.0979643 0.7030000 -0.0230000
v 0.1020000 0.7030000 -0.0121164
v 0.1020000 0.7022150 -0.0120000
v 0.1020000 0.6933513 0.0100000
v 0.0989366 0.7030000 0.0210000
v 0.1020000 0.7030000 0.0115971
v 0.0921324 0.7030000 0.0320000
v 0.0911553 0.7140000 -0.0340000
v 0.0985761 0.7140000 -0.0230000
v 0.1020000 0.7140000 -0.0138087
v 0.0995391 0.7140000 0.0210000
v 0.1020000 0.7140000 0.0134808
v 0.0927891 0.7140000 0.0320000
v 0.0918434 0.7250000 -0.0340000
v 0.0992069 0.7250000 -0.0230000
v 0.1020000 0.7250000 -0.0155367
v 0.1001600 0.7250000 0.0210000
v 0.1020000 0.7250000 0.0154040
v 0.0934666 0.7250000 0.0320000
v 0.0925466 0.7360000 -0.0340000
v 0.0998501 0.7360000 -0.0230000
v 0.1020000 0.7360000 -0.0172815
v 0.1007930 0.7360000 0.0210000
v 0.1020000 0.7360000 0.0173457
v 0.0941588 0.7360000 0.0320000
v 0.0932584 0.7470000 -0.0340000
v 0.1004991 0.7470000 -0.0230000
v 0.1020000 0.7470000 -0.0190252
v 0.1014314 0.7470000 0.0210000
v 0.1020000 0.7470000 0.0192860
v 0.0948589 0.7470000 0.0320000
v 0.0939720 0.7580000 -0.0340000
v 0.1011472 0.7580000 -0.0230000
v 0.1020000 0.7580000 -0.0207508
v 0.1020000 0.7568158 0.0210000
v 0.0955604 0.7580000 0.0320000
v 0.1020000 0.7580000 0.0211323
v 0.0946806 0.7690000 -0.0340000
v 0.1017879 0.7690000 -0.0230000
v 0.1020000 0.7690000 -0.0224425
v 0.0962561 0.7690000 0.0320000
v 0.1020000 0.7690000 0.0223415
v 0.0953770 0.7800000 -0.0340000
v 0.1020000 0.7800000 -0.0237359
v 0.1020000 0.7727273 -0.0230000
v 0.0969392 0.7800000 0.0320000
v 0.1020000 0.7800000 0.0235160
v 0.0960540 0.7910000 -0.0340000
v 0.1020000 0.7910000 -0.0248068
v 0.0976023 0.7910000 0.0320000
v 0.1020000 0.7910000 0.0246451
v 0.0967045 0.8020000 -0.0340000
v 0.1020000 0.8020000 -0.0258255
v 0.0982385 0.8020000 0.0320000
v 0.1020000 0.8020000 0.0257190
v 0.0973274 0.8130000 -0.0340000
v 0.1020000 0.8130000 -0.0267920
v 0.0988463 0.8130000 0.0320000
v 0.1020000 0.8130000 0.0267377
v 0.0979786 0.8240000 -0.0340000
v 0.1020000 0.8240000 -0.0277916
v 0.0994775 0.8240000 0.0320000
v 0.1020000 0.8240000 0.0277877
v 0.0988858 0.8350000 -0.0340000
v 0.1020000 0.8350000 -0.0292029
v 0.1003534 0.8350000 0.0320000
v 0.1020000 0.8350000 0.0292533
v 0.1000530 0.8460000 -0.0340000
v 0.1020000 0.8460000 -0.0311000
v 0.1015566 0.8460000 0.0320000
v 0.1020000 0.8460000 0.0312814
v 0.0914308 0.8460000 0.0430000
v 0.1009079 0.8570000 -0.0340000
v 0.1020000 0.8570000 -0.0324014
v 0.1020000 0.8516762 0.0320000
v 0.0923309 0.8570000 0.0430000
v 0.1020000 0.8570000 0.0325184
v 0.0918250 0.8680000 -0.0450000
v 0.1020000 0.8680000 -0.0346595
v 0.1020000 0.8642942 -0.0340000
v 0.0941192 0.8680000 0.0430000
v 0.1020000 0.8680000 0.0345281
v 0.0939530 0.8790000 -0.0450000
v 0.1020000 0.8790000 -0.0368335
v 0.0961967 0.8790000 0.0430000
v 0.1020000 0.8790000 0.0367704
v 0.0951299 0.8900000 -0.0450000
v 0.1020000 0.8900000 -0.0379683
v 0.0973276 0.8900000 0.0430000
v 0.1020000 0.8900000 0.0379419
v 0.0958227 0.9010000 -0.0450000
v 0.1020000 0.9010000 -0.0386128
v 0.0979831 0.9010000 0.0430000
v 0.1020000 0.9010000 0.0386074
v 0.0964245 0.9120000 -0.0450000
v 0.1020000 0.9120000 -0.0391851
v 0.0985527 0.9120000 0.0430000
v 0.1020000 0.9120000 0.0391984
v 0.0969248 0.9230000 -0.0450000
v 0.1020000 0.9230000 -0.0396745
v 0.0990301 0.9230000 0.0430000
v 0.1020000 0.9230000 0.0397084
v 0.0964635 0.9340000 -0.0450000
v 0.1020000 0.9340000 -0.0392043
v 0.0985791 0.9340000 0.0430000
v 0.1020000 0.9340000 0.0392284
v 0.1020000 0.9425802 -0.0340000
v 0.0998077 0.9450000 -0.0340000
v 0.1020000 0.9450000 -0.0310276
v 0.1014786 0.9450000 0.0320000
v 0.1020000 0.9450000 0.0312347
v 0.1020000 0.9444615 0.0320000
v 0.0910928 0.9450000 0.0430000
v 0.1020000 0.9495903 -0.0230000
v 0.0942139 0.9560000 -0.0230000
v 0.1020000 0.9537082 -0.0120000
v 0.0989588 0.9560000 -0.0120000
v 0.1020000 0.9552827 -0.0010000
v 0.1009457 0.9560000 -0.0010000
v 0.1020000 0.9541908 0.0100000
v 0.0995369 0.9560000 0.0100000
v 0.1020000 0.9505162 0.0210000
v 0.0954181 0.9560000 0.0210000
v 0.1025391 0.1200000 -0.0010000
v 0.1025868 0.1310000 -0.0010000
v 0.1025341 0.1420000 -0.0010000
v 0.1024486 0.1530000 -0.0010000
v 0.1023334 0.1640000 -0.0010000
v 0.1021911 0.1750000 -0.0010000
v 0.1020245 0.1860000 -0.0010000
v 0.1023942 0.6810000 -0.0010000
v 0.1028868 0.6920000 -0.0010000
v 0.1020378 0.7030000 -0.0120000
v 0.1034077 0.7030000 -0.0010000
v 0.1024622 0.7030000 0.0100000
v 0.1025898 0.7140000 -0.0120000
v 0.1039507 0.7140000 -0.0010000
v 0.1030114 0.7140000 0.0100000
v 0.1031580 0.7250000 -0.0120000
v 0.1045096 0.7250000 -0.0010000
v 0.1035769 0.7250000 0.0100000
v 0.1037365 0.7360000 -0.0120000
v 0.1050782 0.7360000 -0.0010000
v 0.1041524 0.7360000 0.0100000
v 0.1043189 0.7470000 -0.0120000
v 0.1056503 0.7470000 -0.0010000
v 0.1047318 0.7470000 0.0100000
v 0.1048991 0.7580000 -0.0120000
v 0.1062197 0.7580000 -0.0010000
v 0.1053087 0.7580000 0.0100000
v 0.1020647 0.7580000 0.0210000
v 0.1054707 0.7690000 -0.0120000
v 0.1067801 0.7690000 -0.0010000
v 0.1058769 0.7690000 0.0100000
v 0.1026575 0.7690000 0.0210000
v 0.1023868 0.7800000 -0.0230000
v 0.1060275 0.7800000 -0.0120000
v 0.1073254 0.7800000 -0.0010000
v 0.1064302 0.7800000 0.0100000
v 0.1032364 0.7800000 0.0210000
v 0.1029517 0.7910000 -0.0230000
v 0.1065632 0.7910000 -0.0120000
v 0.1078493 0.7910000 -0.0010000
v 0.1069624 0.7910000 0.0100000
v 0.1037949 0.7910000 0.0210000
v 0.1034904 0.8020000 -0.0230000
v 0.1070718 0.8020000 -0.0120000
v 0.1083457 0.8020000 -0.0010000
v 0.1074673 0.8020000 0.0100000
v 0.1043270 0.8020000 0.0210000
v 0.1040034 0.8130000 -0.0230000
v 0.1075542 0.8130000 -0.0120000
v 0.1088153 0.8130000 -0.0010000
v 0.1079458 0.8130000 0.0100000
v 0.1048336 0.8130000 0.0210000
v 0.1045554 0.8240000 -0.0230000
v 0.1080741 0.8240000 -0.0120000
v 0.1093149 0.8240000 -0.0010000
v 0.1084597 0.8240000 0.0100000
v 0.1053816 0.8240000 0.0210000
v 0.1054202 0.8350000 -0.0230000
v 0.1089146 0.8350000 -0.0120000
v 0.1101313 0.8350000 -0.0010000
v 0.1092930 0.8350000 0.0100000
v 0.1062454 0.8350000 0.0210000
v 0.1066564 0.8460000 -0.0230000
v 0.1103183 0.8460000 -0.0120000
v 0.1116320 0.8460000 -0.0010000
v 0.1107251 0.8460000 0.0100000
v 0.1075022 0.8460000 0.0210000
v 0.1074746 0.8570000 -0.0230000
v 0.1111698 0.8570000 -0.0120000
v 0.1124763 0.8570000 -0.0010000
v 0.1115760 0.8570000 0.0100000
v 0.1083389 0.8570000 0.0210000
v 0.1023903 0.8570000 0.0320000
v 0.1025274 0.8680000 -0.0340000
v 0.1089578 0.8680000 -0.0230000
v 0.1125976 0.8680000 -0.0120000
v 0.1130000 0.8680000 -0.0086000
v 0.1130000 0.8611605 -0.0010000
v 0.1129954 0.8680000 0.0100000
v 0.1130000 0.8680000 0.0099435
v 0.1098132 0.8680000 0.0210000
v 0.1039255 0.8680000 0.0320000
v 0.1042808 0.8790000 -0.0340000
v 0.1105941 0.8790000 -0.0230000
v 0.1130000 0.8790000 -0.0157187
v 0.1130000 0.8708901 -0.0120000
v 0.1130000 0.8680335 0.0100000
v 0.1114315 0.8790000 0.0210000
v 0.1130000 0.8790000 0.0156104
v 0.1056559 0.8790000 0.0320000
v 0.1051700 0.8900000 -0.0340000
v 0.1113572 0.8900000 -0.0230000
v 0.1130000 0.8900000 -0.0179822
v 0.1121766 0.8900000 0.0210000
v 0.1130000 0.8900000 0.0181448
v 0.1065187 0.8900000 0.0320000
v 0.1056440 0.9010000 -0.0340000
v 0.1117204 0.9010000 -0.0230000
v 0.1130000 0.9010000 -0.0190410
v 0.1125247 0.9010000 0.0210000
v 0.1130000 0.9010000 0.0193303
v 0.1069691 0.9010000 0.0320000
v 0.1060564 0.9120000 -0.0340000
v 0.1120368 0.9120000 -0.0230000
v 0.1130000 0.9120000 -0.0199891
v 0.1128287 0.9120000 0.0210000
v 0.1130000 0.9120000 0.0203921
v 0.1073611 0.9120000 0.0320000
v 0.1063981 0.9230000 -0.0340000
v 0.1123129 0.9230000 -0.0230000
v 0.1130000 0.9230000 -0.0208596
v 0.1130000 0.9188961 0.0210000
v 0.1076816 0.9230000 0.0320000
v 0.1130000 0.9230000 0.0212257
v 0.1059573 0.9340000 -0.0340000
v 0.1120128 0.9340000 -0.0230000
v 0.1130000 0.9340000 -0.0200796
v 0.1128481 0.9340000 0.0210000
v 0.1130000 0.9340000 0.0205043
v 0.1130000 0.9280522 0.0210000
v 0.1072277 0.9340000 0.0320000
v 0.1068413 0.9450000 -0.0230000
v 0.1130000 0.9414032 -0.0120000
v 0.1109327 0.9450000 -0.0120000
v 0.1130000 0.9441134 -0.0010000
v 0.1124413 0.9450000 -0.0010000
v 0.1130000 0.9422866 0.0100000
v 0.1113934 0.9450000 0.0100000
v 0.1077747 0.9450000 0.0210000
v 0.1139195 0.8680000 -0.0010000
v 0.1141929 0.8790000 -0.0120000
v 0.1155076 0.8790000 -0.0010000
v 0.1145995 0.8790000 0.0100000
v 0.1148970 0.8900000 -0.0120000
v 0.1161841 0.8900000 -0.0010000
v 0.1152951 0.8900000 0.0100000
v 0.1151991 0.9010000 -0.0120000
v 0.1164613 0.9010000 -0.0010000
v 0.1155895 0.9010000 0.0100000
v 0.1154630 0.9120000 -0.0120000
v 0.1167039 0.9120000 -0.0010000
v 0.1158469 0.9120000 0.0100000
v 0.1156823 0.9230000 -0.0120000
v 0.1169001 0.9230000 -0.0010000
v 0.1160586 0.9230000 0.0100000
v 0.1131025 0.9230000 0.0210000
v 0.1152894 0.9340000 -0.0120000
v 0.1164606 0.9340000 -0.0010000
v 0.1156473 0.9340000 0.0100000
vn -0.9986715 -0.0485572 -0.0172472
vn -0.9986207 -0.0495649 -0.0173185
vn -0.9965842 -0.0487598 -0.0666511
vn -0.9973366 -0.0488004 0.0542060
vn -0.9987789 -0.0463406 -0.0171253
vn -0.9882958 -0.0466503 -0.1452416
vn -0.9847407 -0.0464921 0.1677022
vn -0.9777675 -0.0440403 -0.2050152
vn -0.9776885 -0.0445006 -0.2052923
vn -0.9766526 -0.0440658 -0.2102568
vn -0.9988921 -0.0438805 -0.0170009
vn -0.9840392 -0.0463802 0.1718018
vn -0.9843554 -0.0439983 0.1706123
vn -0.9786257 -0.0441352 0.2008577
vn -0.9780608 -0.0437043 -0.2036837
vn -0.9709530 -0.0434586 -0.2352907
vn -0.9988762 -0.0442819 -0.0168981
vn -0.9845458 -0.0439193 0.1695308
vn -0.9723448 -0.0435180 0.2294598
vn -0.9774089 -0.0576240 -0.2033499
vn -0.9635277 -0.0550411 -0.2618868
vn -0.9980476 -0.0601336 -0.0168771
vn -0.9838279 -0.0584981 0.1692946
vn -0.9641429 -0.0551048 0.2595995
vn -0.9741650 -0.0971780 -0.2038605
vn -0.9482164 -0.0908429 -0.3043570
vn -0.9947476 -0.1009655 -0.0168289
vn -0.9806358 -0.0983472 0.1693555
vn -0.9472210 -0.0916560 0.3071995
vn -0.9725527 -0.1021257 -0.2090736
vn -0.9184049 -0.0927284 -0.3846218
vn -0.9939829 -0.1081545 -0.0173397
vn -0.9793439 -0.1038582 0.1734906
vn -0.9270811 -0.0937497 0.3629485
vn -0.9254343 -0.0937828 0.3671187
vn -0.9184483 -0.0923017 0.3846205
vn -0.9087709 -0.0941882 -0.4065268
vn -0.9099303 -0.0929316 -0.4042161
vn -0.9023795 -0.0937196 -0.4206280
vn -0.9713397 -0.1017671 -0.2148084
vn -0.9942702 -0.1053747 -0.0179716
vn -0.9784310 -0.1028618 0.1791429
vn -0.9232196 -0.0949538 0.3723566
vn -0.9046460 -0.0935120 0.4157777
vn -0.9059136 -0.1292375 -0.4032595
vn -0.8783973 -0.1274630 -0.4606206
vn -0.9677753 -0.1336689 -0.2134093
vn -0.9906277 -0.1354167 -0.0178634
vn -0.9748192 -0.1342040 0.1780923
vn -0.9200780 -0.1300990 0.3695005
vn -0.8790439 -0.1274799 0.4593807
vn -0.9110185 -0.1013365 -0.3997200
vn -0.8576251 -0.1008717 -0.5042857
vn -0.9720784 -0.1020728 -0.2112932
vn -0.9945862 -0.1024009 -0.0176781
vn -0.9790195 -0.1021686 0.1763021
vn -0.9249991 -0.1014952 0.3661631
vn -0.8562200 -0.1008304 0.5066760
vn -0.9174823 -0.0472806 -0.3949567
vn -0.8511360 -0.0506741 -0.5224936
vn -0.9770734 -0.0442243 -0.2082592
vn -0.9989216 -0.0430426 -0.0174063
vn -0.9838184 -0.0438629 0.1737166
vn -0.9311645 -0.0466006 0.3616090
vn -0.8486396 -0.0506126 0.5265446
vn -0.9206887 -0.0285113 -0.3892550
vn -0.8482595 -0.0328489 -0.5285609
vn -0.9785073 -0.0249177 -0.2047012
vn -0.9995775 -0.0235081 -0.0170898
vn -0.9850200 -0.0244959 0.1706910
vn -0.9340051 -0.0277120 0.3561831
vn -0.8453087 -0.0333371 0.5332371
vn -0.8454539 -0.0327795 0.5330417
vn -0.8452731 -0.0327914 0.5333274
vn -0.9227408 -0.0242994 -0.3846542
vn -0.8449863 -0.0291978 -0.5339903
vn -0.9791774 -0.0218187 -0.2018305
vn -0.9996425 -0.0207746 -0.0168359
vn -0.9855098 -0.0216579 0.1682301
vn -0.9357539 -0.0236565 0.3518591
vn -0.8490949 -0.0286950 0.5274605
vn -0.8437266 -0.0290098 0.5359888
vn -0.9224226 0.0048760 -0.3861513
vn -0.8403624 -0.0052518 -0.5419995
vn -0.9793985 -0.0005780 -0.2019361
vn -0.9998551 -0.0020784 -0.0168975
vn -0.9857712 -0.0015790 0.1680852
vn -0.9353767 0.0046111 0.3536229
vn -0.8504208 -0.0024693 0.5260973
vn -0.8403547 -0.0033306 0.5420265
vn -0.9016077 0.1638216 -0.4003325
vn -0.8289553 0.1506928 -0.5386324
vn -0.9688921 0.1304547 -0.2103081
vn -0.9925455 0.1206027 -0.0175584
vn -0.9763456 0.1274433 0.1746636
vn -0.9155341 0.1599343 0.3690777
vn -0.8329389 0.1542474 0.5314324
vn -0.8266236 0.1530644 0.5415393
vn -0.7113592 0.6135699 -0.3427827
vn -0.7105698 0.6138610 -0.3438973
vn -0.7912172 0.5781170 -0.1993895
vn -0.8283716 0.5599669 -0.0154121
vn -0.8019535 0.5734783 0.1673115
vn -0.7270518 0.6063327 0.3221121
vn -0.7122279 0.6125937 0.3427250
vn -0.8240781 0.2007689 0.5297047
vn -0.7099860 0.6153328 -0.3424696
vn -0.6758261 0.7129958 -0.1868049
vn -0.6712852 0.7410320 -0.0157360
vn -0.6743067 0.7219099 0.1554238
vn -0.7022912 0.6373166 0.3171982
vn -0.8063660 -0.5201519 -0.2814534
vn -0.6711350 -0.6975932 -0.2508816
vn -0.7780813 -0.4967688 -0.3844609
vn -0.8464305 -0.5319468 -0.0242519
vn -0.5437404 -0.8390513 -0.0184176
vn -0.8167498 -0.5259783 0.2372061
vn -0.6338972 -0.7464949 0.2022863
vn -0.7787010 -0.4958396 0.3844059
vn -0.9538891 -0.1241421 -0.2732842
vn -0.8582062 -0.1104046 -0.5012913
vn -0.9921184 -0.1232019 -0.0228582
vn -0.9658309 -0.1242205 0.2274640
vn -0.8513217 -0.2083489 0.4814998
vn -0.8725617 -0.1133699 0.4751666
vn -0.8587653 -0.1123777 0.4998935
vn -0.8588985 -0.0271240 -0.5114271
vn -0.8554462 -0.0574407 -0.5146964
vn -0.8544924 -0.0271231 -0.5187553
vn -0.9641672 -0.0287058 -0.2637374
vn -0.9993435 -0.0289626 -0.0217657
vn -0.9752924 -0.0286603 0.2190509
vn -0.8840644 -0.0276950 0.4665438
vn -0.8585632 -0.0276381 0.5119622
vn -0.8597721 -0.0001102 -0.5106779
vn -0.8543207 -0.0001254 -0.5197463
vn -0.9648793 0.0000956 -0.2626936
vn -0.9997663 0.0000894 -0.0216163
vn -0.9759122 0.0001281 0.2181638
vn -0.8849002 -0.0000536 0.4657807
vn -0.8583540 -0.0001269 0.5130579
vn -0.8597215 0.0057036 -0.5107312
vn -0.8552712 0.0056827 -0.5181496
vn -0.9648530 0.0061585 -0.2627180
vn -0.9997466 0.0062995 -0.0216141
vn -0.9758874 0.0062044 0.2181862
vn -0.8848527 0.0058151 0.4658345
vn -0.8593637 0.0056976 0.5113331
vn -0.8596426 0.0082873 -0.5108287
vn -0.8568121 0.0082680 -0.5155624
vn -0.9648100 0.0089481 -0.2627958
vn -0.9997243 0.0091552 -0.0216212
vn -0.9758505 0.0090147 0.2182536
vn -0.8847795 0.0084491 0.4659334
vn -0.8609994 0.0082899 0.5085385
vn -0.8595415 0.0106270 -0.5109554
vn -0.8588808 0.0106212 -0.5120655
vn -0.9647555 0.0114771 -0.2628976
vn -0.9996970 0.0117431 -0.0216305
vn -0.9758039 0.0115627 0.2183418
vn -0.8846857 0.0108352 0.4660621
vn -0.8631936 0.0106499 0.5047608
vn -0.8595126 0.0111516 -0.5109929
vn -0.8625992 0.0127752 -0.5057266
vn -0.9646926 0.0137669 -0.2630182
vn -0.9996665 0.0140865 -0.0216417
vn -0.9757504 0.0138698 0.2184462
vn -0.8845769 0.0129941 0.4662134
vn -0.8658856 0.0127999 0.5000783
vn -0.9646248 0.0158175 -0.2631518
vn -0.8673553 0.0147292 -0.4974714
vn -0.9996346 0.0161855 -0.0216540
vn -0.9756929 0.0159361 0.2185621
vn -0.8844588 0.0149258 0.4663794
vn -0.8690141 0.0147404 0.4945676
vn -0.9645549 0.0176289 -0.2632927
vn -0.8726522 0.0164796 -0.4880641
vn -0.9996024 0.0180401 -0.0216671
vn -0.9756339 0.0177616 0.2186846
vn -0.8843372 0.0166303 0.4665523
vn -0.8725169 0.0164710 0.4883063
vn -0.9644859 0.0192011 -0.2634353
vn -0.8783844 0.0180242 -0.4776148
vn -0.9995719 0.0196502 -0.0216803
vn -0.9755760 0.0193462 0.2188086
vn -0.8842176 0.0181076 0.4667240
vn -0.8763316 0.0179909 0.4813722
vn -0.9644206 0.0205342 -0.2635741
vn -0.8844476 0.0193606 -0.4662375
vn -0.9995438 0.0210159 -0.0216933
vn -0.9755213 0.0206900 0.2189297
vn -0.8841050 0.0193578 0.4668871
vn -0.8803967 0.0192987 0.4738452
vn -0.9643611 0.0216282 -0.2637041
vn -0.8907396 0.0204851 -0.4540520
vn -0.9995193 0.0221373 -0.0217055
vn -0.9754717 0.0217930 0.2190434
vn -0.8850893 0.0203988 0.4649741
vn -0.8840187 0.0202281 0.4670136
vn -0.9643096 0.0224831 -0.2638209
vn -0.8971615 0.0213938 -0.4411841
vn -0.9994992 0.0230144 -0.0217167
vn -0.9754290 0.0226554 0.2191461
vn -0.8924562 0.0213214 0.4506298
vn -0.9642678 0.0230991 -0.2639206
vn -0.9036200 0.0220826 -0.4277655
vn -0.9994842 0.0236472 -0.0217263
vn -0.9753945 0.0232771 0.2192344
vn -0.8998523 0.0220254 0.4356383
vn -0.9642369 0.0234762 -0.2640003
vn -0.9100269 0.0225471 -0.4139355
vn -0.9994748 0.0240357 -0.0217342
vn -0.9753693 0.0236580 0.2193056
vn -0.9071736 0.0225057 0.4201540
vn -0.9642178 0.0236146 -0.2640578
vn -0.9163025 0.0227828 -0.3998384
vn -0.9994712 0.0241799 -0.0217401
vn -0.9753541 0.0237985 0.2193581
vn -0.9143257 0.0227571 0.4043397
vn -0.9642109 0.0235143 -0.2640918
vn -0.9223745 0.0227858 -0.3856243
vn -0.9994735 0.0240799 -0.0217440
vn -0.9753493 0.0236986 0.2193906
vn -0.9212238 0.0227748 0.3883660
vn -0.9642163 0.0231754 -0.2641020
vn -0.9281797 0.0225521 -0.3714482
vn -0.9994817 0.0237356 -0.0217458
vn -0.9753547 0.0233581 0.2194028
vn -0.9277944 0.0225541 0.3724095
vn -0.9642335 0.0225981 -0.2640891
vn -0.9336644 0.0220783 -0.3574680
vn -0.9994956 0.0231470 -0.0217455
vn -0.9753701 0.0227773 0.2193955
vn -0.9339759 0.0220913 0.3566522
vn -0.9642617 0.0217825 -0.2640549
vn -0.9387838 0.0213612 -0.3438439
vn -0.9995145 0.0223142 -0.0217433
vn -0.9753947 0.0219563 0.2193699
vn -0.9397188 0.0213831 0.3412790
vn -0.9642994 0.0207287 -0.2640018
vn -0.9435024 0.0203985 -0.3307373
vn -0.9995381 0.0212371 -0.0217395
vn -0.9754274 0.0208949 0.2193282
vn -0.9449847 0.0204266 0.3264761
vn -0.9643451 0.0194367 -0.2639332
vn -0.9477925 0.0191881 -0.3183099
vn -0.9995654 0.0199157 -0.0217343
vn -0.9754667 0.0195934 0.2192731
vn -0.9497462 0.0192201 0.3124304
vn -0.9643965 0.0179066 -0.2638534
vn -0.9516339 0.0177285 -0.3067222
vn -0.9995955 0.0183499 -0.0217280
vn -0.9755111 0.0180518 0.2192084
vn -0.9539852 0.0177621 0.2993270
vn -0.9644514 0.0161386 -0.2637670
vn -0.9550122 0.0160188 -0.2961335
vn -0.9996272 0.0165398 -0.0217211
vn -0.9755582 0.0162701 0.2191378
vn -0.9576914 0.0160519 0.2873491
vn -0.9645069 0.0141327 -0.2636794
vn -0.9579169 0.0140589 -0.2867011
vn -0.9996593 0.0144853 -0.0217140
vn -0.9756061 0.0142483 0.2190659
vn -0.9608598 0.0140897 0.2766764
vn -0.9645600 0.0118888 -0.2635959
vn -0.9603400 0.0118487 -0.2785798
vn -0.9996901 0.0121864 -0.0217072
vn -0.9756519 0.0119864 0.2189971
vn -0.9634885 0.0118757 0.2674864
vn -0.9646076 0.0094070 -0.2635219
vn -0.9622733 0.0093893 -0.2719228
vn -0.9997180 0.0096431 -0.0217012
vn -0.9756932 0.0094844 0.2189360
vn -0.9655755 0.0094112 0.2599527
vn -0.9646465 0.0066873 -0.2634626
vn -0.9637064 0.0066822 -0.2668810
vn -0.9997411 0.0068555 -0.0216963
vn -0.9757268 0.0067425 0.2188871
vn -0.9671161 0.0066980 0.2542471
vn -0.9646732 0.0037497 -0.2634227
vn -0.9646236 0.0037495 -0.2636041
vn -0.9997573 0.0038481 -0.0216930
vn -0.9757503 0.0037819 0.2188540
vn -0.9680992 0.0037585 0.2505389
vn -0.9646758 0.0033526 -0.2634188
vn -0.9655452 0.0007506 -0.2602341
vn -0.9997644 0.0008075 -0.0216905
vn -0.9757630 0.0007678 0.2188287
vn -0.9685147 0.0007525 0.2489554
vn -0.9997631 -0.0019202 -0.0216812
vn -0.9652506 -0.0020103 -0.2613183
vn -0.9757820 -0.0019836 0.2187363
vn -0.9684086 -0.0020131 0.2493602
vn -0.9647973 -0.0044639 -0.2629567
vn -0.9647470 -0.0029086 -0.2631631
vn -0.9644472 -0.0044665 -0.2642380
vn -0.9997563 -0.0042906 -0.0216539
vn -0.9758350 -0.0044124 0.2184638
vn -0.9678881 -0.0044740 0.2513414
vn -0.9649340 -0.0067394 -0.2624060
vn -0.9636302 -0.0067539 -0.2671539
vn -0.9997455 -0.0064821 -0.0216075
vn -0.9759254 -0.0066630 0.2180025
vn -0.9669841 -0.0067653 0.2547468
vn -0.9651223 -0.0088673 -0.2616489
vn -0.9624760 -0.0089050 -0.2712207
vn -0.9997315 -0.0085348 -0.0215438
vn -0.9760503 -0.0087686 0.2173683
vn -0.9657037 -0.0089201 0.2594936
vn -0.9653575 -0.0108484 -0.2607054
vn -0.9609887 -0.0109224 -0.2763719
vn -0.9997150 -0.0104497 -0.0214645
vn -0.9762064 -0.0107300 0.2165778
vn -0.9640481 -0.0109408 0.2655023
vn -0.9656342 -0.0126825 -0.2595956
vn -0.9591699 -0.0128064 -0.2825406
vn -0.9996969 -0.0122269 -0.0213711
vn -0.9763905 -0.0125472 0.2156482
vn -0.9620157 -0.0128277 0.2726922
vn -0.9659473 -0.0143698 -0.2583396
vn -0.9570190 -0.0145565 -0.2896597
vn -0.9996777 -0.0138663 -0.0212655
vn -0.9765993 -0.0142203 0.2145963
vn -0.9596021 -0.0145801 0.2809826
vn -0.9662917 -0.0159103 -0.2569574
vn -0.9545346 -0.0161714 -0.2976613
vn -0.9996582 -0.0153681 -0.0211494
vn -0.9768295 -0.0157493 0.2134387
vn -0.9568014 -0.0161964 0.2902908
vn -0.9666625 -0.0173044 -0.2554685
vn -0.9517148 -0.0176493 -0.3064758
vn -0.9996390 -0.0167322 -0.0210242
vn -0.9770778 -0.0171345 0.2121919
vn -0.9536079 -0.0176744 0.3005323
vn -0.9670547 -0.0185525 -0.2538918
vn -0.9485586 -0.0189874 -0.3160318
vn -0.9996204 -0.0179590 -0.0208918
vn -0.9773411 -0.0183763 0.2108717
vn -0.9500164 -0.0190114 0.3116207
vn -0.9674636 -0.0196550 -0.2522459
vn -0.9450657 -0.0201828 -0.3262568
vn -0.9996032 -0.0190484 -0.0207535
vn -0.9776161 -0.0194750 0.2094937
vn -0.9460239 -0.0202039 0.3234666
vn -0.9678845 -0.0206123 -0.2505487
vn -0.9412384 -0.0212320 -0.3370748
vn -0.9995875 -0.0200006 -0.0206110
vn -0.9778999 -0.0204308 0.2080729
vn -0.9416301 -0.0212483 0.3359782
vn -0.9683133 -0.0214251 -0.2488176
vn -0.9370811 -0.0221316 -0.3484095
vn -0.9995738 -0.0208159 -0.0204656
vn -0.9781898 -0.0212444 0.2066239
vn -0.9368383 -0.0221411 0.3490612
vn -0.9687459 -0.0220938 -0.2470693
vn -0.9326018 -0.0228777 -0.3601813
vn -0.9995625 -0.0214943 -0.0203189
vn -0.9784829 -0.0219160 0.2051605
vn -0.9316564 -0.0228781 0.3626195
vn -0.9691783 -0.0226189 -0.2453200
vn -0.9278120 -0.0234666 -0.3723092
vn -0.9995537 -0.0220361 -0.0201720
vn -0.9787768 -0.0224461 0.2036964
vn -0.9260975 -0.0234559 0.3765544
vn -0.9696068 -0.0230016 -0.2435852
vn -0.9227278 -0.0238956 -0.3847107
vn -0.9995476 -0.0224420 -0.0200264
vn -0.9790689 -0.0228358 0.2022443
vn -0.9201803 -0.0238714 0.3907662
vn -0.9700261 -0.0233226 -0.2418792
vn -0.9173676 -0.0242402 -0.3973025
vn -0.9995425 -0.0227932 -0.0198832
vn -0.9793550 -0.0231659 0.2008166
vn -0.9139277 -0.0242004 0.4051550
vn -0.9704178 -0.0242624 -0.2402094
vn -0.9116989 -0.0251654 -0.4100876
vn -0.9995224 -0.0237743 -0.0197430
vn -0.9796174 -0.0241185 0.1994191
vn -0.9073068 -0.0251058 0.4197190
vn -0.9707486 -0.0272298 -0.2385491
vn -0.9053422 -0.0280495 -0.4237557
vn -0.9994485 -0.0268016 -0.0196036
vn -0.9798213 -0.0271049 0.1980294
vn -0.9040874 -0.0263621 0.4265339
vn -0.9047651 -0.0279499 0.4249929
vn -0.9018810 -0.0279882 0.4310768
vn -0.9710309 -0.0317731 -0.2368321
vn -0.8974523 -0.0324426 -0.4399168
vn -0.9993170 -0.0314142 -0.0194592
vn -0.9799739 -0.0316705 0.1965916
vn -0.9059439 -0.0323258 0.4221620
vn -0.8969967 -0.0324169 0.4408470
vn -0.9713097 -0.0362248 -0.2350430
vn -0.8878449 -0.0367037 -0.4586766
vn -0.9991679 -0.0359281 -0.0193086
vn -0.9801186 -0.0361419 0.1950927
vn -0.9071451 -0.0366298 0.4192209
vn -0.8910604 -0.0367475 0.4523948
vn -0.8883247 -0.0404681 -0.4574291
vn -0.8869265 -0.0370131 -0.4604253
vn -0.8810187 -0.0404992 -0.4713447
vn -0.9716054 -0.0401479 -0.2331762
vn -0.9990200 -0.0399029 -0.0191511
vn -0.9802757 -0.0400812 0.1935280
vn -0.9083915 -0.0404353 0.4161607
vn -0.8841208 -0.0405535 0.4654953
vn -0.8899150 -0.0437180 -0.4540263
vn -0.8737190 -0.0437553 -0.4844590
vn -0.9719266 -0.0435141 -0.2312258
vn -0.9988812 -0.0433107 -0.0189864
vn -0.9804533 -0.0434600 0.1918924
vn -0.9096944 -0.0437131 0.4129714
vn -0.8762323 -0.0438080 0.4798935
vn -0.8915785 -0.0464476 -0.4504780
vn -0.8656182 -0.0464677 -0.4985437
vn -0.9722795 -0.0463233 -0.2291870
vn -0.9987573 -0.0461520 -0.0188139
vn -0.9806575 -0.0462786 0.1901820
vn -0.9110615 -0.0464613 0.4096442
vn -0.8674577 -0.0465141 0.4953319
vn -0.8933206 -0.0486542 -0.4467786
vn -0.8567906 -0.0486417 -0.5133653
vn -0.9726692 -0.0485753 -0.2270575
vn -0.9986529 -0.0484273 -0.0186336
vn -0.9808933 -0.0485370 0.1883949
vn -0.9124981 -0.0486776 0.4061746
vn -0.8578712 -0.0486763 0.5115540
vn -0.8951436 -0.0503350 -0.4429269
vn -0.8473219 -0.0502839 -0.5286937
vn -0.9730986 -0.0502700 -0.2248375
vn -0.9985720 -0.0501371 -0.0184453
vn -0.9811639 -0.0502353 0.1865313
vn -0.9140065 -0.0503600 0.4025617
vn -0.8475620 -0.0503015 0.5283070
vn -0.8970466 -0.0514875 -0.4389266
vn -0.8373103 -0.0514028 -0.5443062
vn -0.9735695 -0.0514079 -0.2225301
vn -0.9985175 -0.0512823 -0.0182495
vn -0.9814712 -0.0513741 0.1845938
vn -0.9155863 -0.0515068 0.3988093
vn -0.8366341 -0.0513984 0.5453454
vn -0.8990250 -0.0521090 -0.4347858
vn -0.8268669 -0.0520073 -0.5599880
vn -0.9740816 -0.0519887 -0.2201415
vn -0.9984912 -0.0518632 -0.0180467
vn -0.9818159 -0.0519534 0.1825878
vn -0.9172336 -0.0521159 0.3949258
vn -0.8252079 -0.0519765 0.5624326
vn -0.9010714 -0.0521973 -0.4305180
vn -0.8161151 -0.0521076 -0.5755353
vn -0.9746332 -0.0520126 -0.2176809
vn -0.9984940 -0.0518801 -0.0178375
vn -0.9821970 -0.0519736 0.1805211
vn -0.9189423 -0.0521859 0.3909243
vn -0.8134184 -0.0520471 0.5793458
vn -0.9031753 -0.0517505 -0.4261412
vn -0.8051902 -0.0517146 -0.5907574
vn -0.9752209 -0.0514798 -0.2151603
vn -0.9985260 -0.0513336 -0.0176233
vn -0.9826120 -0.0514349 0.1784041
vn -0.9207031 -0.0517153 0.3868221
vn -0.8014154 -0.0516223 0.5958763
vn -0.9053234 -0.0507668 -0.4216777
vn -0.7942374 -0.0508390 -0.6054770
vn -0.9758404 -0.0503906 -0.2125944
vn -0.9985864 -0.0502237 -0.0174051
vn -0.9830577 -0.0503377 0.1762491
vn -0.9225047 -0.0507032 0.3826411
vn -0.7972221 -0.0513017 0.6015023
vn -0.7998086 -0.0507850 0.5981029
vn -0.7921761 -0.0507804 0.6081763
vn -0.9075007 -0.0492452 -0.4171538
vn -0.7834100 -0.0494921 -0.6195316
vn -0.9764854 -0.0487454 -0.2100005
vn -0.9835290 -0.0486824 0.1740708
vn -0.9243338 -0.0491488 0.3784065
vn -0.8038427 -0.0494807 0.5927803
vn -0.7846073 -0.0495038 0.6180136
vn -0.7787399 -0.0477098 -0.6255301
vn -0.7769907 -0.0483869 -0.6276496
vn -0.7743323 -0.0477216 -0.6309772
vn -0.9096895 -0.0471935 -0.4125988
vn -0.9771485 -0.0465532 -0.2073974
vn -0.9840199 -0.0464781 0.1718855
vn -0.9261748 -0.0470604 0.3741463
vn -0.8078967 -0.0476705 0.5873929
vn -0.7773266 -0.0477718 0.6272808
vn -0.7832306 -0.0456894 -0.6200503
vn -0.7679099 -0.0457510 -0.6389219
vn -0.9118570 -0.0448483 -0.4080506
vn -0.9279992 -0.0446662 0.3698950
vn -0.8119209 -0.0456011 0.5819836
vn -0.7704347 -0.0457969 0.6358718
vn -0.7874289 -0.0455827 -0.6147178
vn -0.7617575 -0.0454004 -0.6462696
vn -0.9137974 -0.0445522 -0.4037194
vn -0.9296227 -0.0442129 0.3658512
vn -0.8156083 -0.0457615 0.5767919
vn -0.7638332 -0.0454905 0.6438087
vn -0.7900444 -0.0555043 -0.6105317
vn -0.7540140 -0.0532456 -0.6546967
vn -0.9146156 -0.0564727 -0.4003612
vn -0.9302145 -0.0561069 0.3627023
vn -0.8176953 -0.0571573 0.5728067
vn -0.7555910 -0.0535720 0.6528494
vn -0.7893812 -0.0750244 -0.6093017
vn -0.7388317 -0.0682712 -0.6704229
vn -0.9128091 -0.0888707 -0.3985995
vn -0.9283229 -0.0910673 0.3604488
vn -0.8168693 -0.0788535 0.5714076
vn -0.7391674 -0.0687900 0.6699996
vn -0.7882137 -0.0717076 -0.6112096
vn -0.7209008 -0.0657549 -0.6899119
vn -0.9101999 -0.0914532 -0.4039462
vn -0.8150906 -0.0743333 0.5745449
vn -0.7205311 -0.0657718 0.6902962
vn -0.7895803 -0.0871357 -0.6074294
vn -0.7095404 -0.0842870 -0.6996056
vn -0.8158631 -0.0878062 0.5715395
vn -0.7089031 -0.0839537 0.7002915
vn -0.7935150 -0.1239626 -0.5957913
vn -0.6883554 -0.1199591 -0.7153857
vn -0.8188385 -0.1248462 0.5602829
vn -0.6864440 -0.1199296 0.7172249
vn -0.8051956 -0.1005272 -0.5844265
vn -0.6708674 -0.1001782 -0.7347798
vn -0.8296102 -0.1005893 0.5492073
vn -0.6710418 -0.1039271 0.7340994
vn -0.6740468 -0.1001936 0.7318621
vn -0.6686946 -0.1001625 0.7367598
vn -0.8157619 -0.0517272 -0.5760702
vn -0.6657155 -0.0566900 -0.7440491
vn -0.8395504 -0.0508637 0.5408956
vn -0.6874310 -0.0559847 0.7240887
vn -0.6664334 -0.0566826 0.7434068
vn -0.6638810 -0.0397604 -0.7467805
vn -0.6635984 -0.0402988 -0.7470027
vn -0.6635900 -0.0397716 -0.7470384
vn -0.8222479 -0.0337188 -0.5681297
vn -0.6962044 -0.0386181 0.7168041
vn -0.6659656 -0.0397949 0.7449203
vn -0.6715463 -0.0351193 -0.7401298
vn -0.6630210 -0.0353969 -0.7477635
vn -0.8273087 -0.0293551 -0.5609801
vn -0.7034777 -0.0333323 0.7099352
vn -0.6651114 -0.0345857 0.7459428
vn -0.6793689 -0.0078795 -0.7337546
vn -0.6633162 -0.0081737 -0.7482946
vn -0.8307828 -0.0046050 -0.5565778
vn -0.7106870 -0.0027502 0.7035030
vn -0.6649929 -0.0036451 0.7468408
vn -0.6725739 0.1643032 -0.7215599
vn -0.6602635 0.1647302 -0.7327455
vn -0.8176734 0.1532494 -0.5549096
vn -0.7022045 0.1707791 0.6911898
vn -0.6612699 0.1720076 0.7301612
vn -0.6563645 0.2315224 -0.7180411
vn -0.5596575 0.6373929 -0.5296355
vn -0.6158921 0.6238230 -0.4811671
vn -0.6437598 0.6127576 0.4583682
vn -0.5627510 0.6354005 0.5287510
vn -0.6355840 0.3894067 0.6666300
vn -0.5463201 0.6929925 -0.4704208
vn -0.5054218 0.7957615 -0.3336353
vn -0.4837807 0.8566868 -0.1790084
vn -0.4698242 0.8357988 -0.2840871
vn -0.5038344 0.8636646 -0.0153077
vn -0.4889772 0.8593473 0.1497449
vn -0.4698021 0.8336208 0.2904519
vn -0.4802303 0.8221890 0.3055881
vn -0.5492821 0.7048798 0.4488137
vn -0.3548222 0.9228933 -0.1495629
vn -0.2952387 0.9553540 -0.0115193
vn -0.3354990 0.9341949 0.1213274
vn -0.7018223 -0.5249291 -0.4815547
vn -0.3001057 -0.9174201 -0.2612985
vn -0.5569309 -0.5108913 -0.6548420
vn -0.1342383 -0.9892536 -0.0579427
vn -0.0864164 -0.9962527 -0.0035813
vn -0.1190849 -0.9918544 0.0452068
vn -0.7256058 -0.5216885 0.4487060
vn -0.2596099 -0.9439639 0.2038014
vn -0.5681700 -0.4862265 0.6639025
vn -0.6061077 -0.1097695 -0.7877716
vn -0.5944229 -0.1838309 -0.7828587
vn -0.5895241 -0.1099753 -0.8002293
vn -0.8463292 -0.1124415 -0.5206572
vn -0.6598591 -0.1157696 0.7424173
vn -0.5758725 -0.4525374 0.6808677
vn -0.5915681 -0.1169141 0.7977332
vn -0.6153184 -0.0273354 -0.7878045
vn -0.5807505 -0.0273282 -0.8136228
vn -0.6701494 -0.0281702 0.7416915
vn -0.5839627 -0.0282322 0.8112895
vn -0.6164795 -0.0005740 -0.7873707
vn -0.5801634 -0.0006389 -0.8144999
vn -0.6713349 -0.0004943 0.7411540
vn -0.5834568 -0.0006550 0.8121439
vn -0.6160248 0.0048699 -0.7877116
vn -0.5810311 0.0047388 -0.8138675
vn -0.6709057 0.0050671 0.7415254
vn -0.5843657 0.0047490 0.8114765
vn -0.6152873 0.0070772 -0.7882712
vn -0.5824458 0.0068986 -0.8128403
vn -0.6702098 0.0073641 0.7421352
vn -0.5858461 0.0069137 0.8103929
vn -0.6143004 0.0090692 -0.7890202
vn -0.5843575 0.0088596 -0.8114479
vn -0.6692784 0.0094392 0.7429518
vn -0.5878460 0.0088794 0.8089241
vn -0.6130919 0.0108664 -0.7899368
vn -0.5867260 0.0106438 -0.8097156
vn -0.8589579 0.0127475 -0.5118876
vn -0.6681379 0.0113130 0.7439514
vn -0.5903234 0.0106683 0.8070964
vn -0.6116908 0.0124682 -0.7909986
vn -0.5895113 0.0122519 -0.8076671
vn -0.8581026 0.0146485 -0.5132692
vn -0.6668154 0.0129853 0.7451099
vn -0.5932358 0.0122809 0.8049350
vn -0.6101258 0.0138746 -0.7921830
vn -0.5926735 0.0136836 -0.8053265
vn -0.8571466 0.0163286 -0.5148137
vn -0.6653377 0.0144559 0.7464025
vn -0.5965417 0.0137171 0.8024649
vn -0.6084260 0.0150858 -0.7934672
vn -0.5961725 0.0149388 -0.8027174
vn -0.8561068 0.0177878 -0.5164927
vn -0.6637323 0.0157251 0.7478049
vn -0.6001986 0.0149765 0.7997108
vn -0.6066197 0.0161026 -0.7948291
vn -0.5999675 0.0160165 -0.7998639
vn -0.8550002 0.0190257 -0.5182785
vn -0.6620257 0.0167932 0.7492930
vn -0.6041633 0.0160584 0.7966987
vn -0.6047347 0.0169257 -0.7962471
vn -0.6040172 0.0169158 -0.7967917
vn -0.8538435 0.0200424 -0.5201439
vn -0.8838689 0.0203837 0.4672903
vn -0.6602439 0.0176609 0.7508436
vn -0.6083925 0.0169616 0.7934550
vn -0.6045101 0.0169987 -0.7964161
vn -0.6096172 0.0176509 -0.7924994
vn -0.8526526 0.0208376 -0.5220625
vn -0.8828378 0.0211977 0.4691994
vn -0.6584125 0.0183291 0.7524341
vn -0.6128418 0.0176846 0.7900077
vn -0.8514435 0.0214112 -0.5240092
vn -0.6156102 0.0182078 -0.7878405
vn -0.8817908 0.0217869 0.4711373
vn -0.6565557 0.0187989 0.7540432
vn -0.6174659 0.0182257 0.7863865
vn -0.8502309 0.0217631 -0.5259599
vn -0.6217593 0.0185818 -0.7829880
vn -0.8807406 0.0221509 0.4730806
vn -0.6546968 0.0190715 0.7556509
vn -0.6222175 0.0185828 0.7826237
vn -0.8490290 0.0218933 -0.5278924
vn -0.6280016 0.0187701 -0.7779858
vn -0.8796999 0.0222895 0.4750066
vn -0.6528577 0.0191482 0.7572385
vn -0.6270505 0.0187538 0.7787528
vn -0.8478513 0.0218017 -0.5297858
vn -0.6342733 0.0187696 -0.7728810
vn -0.8786801 0.0222024 0.4768945
vn -0.6510584 0.0190306 0.7587890
vn -0.6319149 0.0187364 0.7748113
vn -0.8467099 0.0214885 -0.5316207
vn -0.6405098 0.0185773 -0.7677252
vn -0.8776917 0.0218895 0.4787253
vn -0.6493181 0.0187202 0.7602865
vn -0.6367615 0.0185281 0.7708381
vn -0.8456163 0.0209537 -0.5333798
vn -0.6466451 0.0181899 -0.7625741
vn -0.8767449 0.0213505 0.4804816
vn -0.6476533 0.0182186 0.7617173
vn -0.6415395 0.0181265 0.7668759
vn -0.8445807 0.0201975 -0.5350472
vn -0.6526130 0.0176045 -0.7574869
vn -0.8758484 0.0205855 0.4821473
vn -0.6462302 0.0175296 0.7629411
vn -0.6461090 0.0175405 0.7630436
vn -0.8436123 0.0192200 -0.5366088
vn -0.6583462 0.0168182 -0.7525274
vn -0.8750099 0.0195944 0.4837083
vn -0.6524082 0.0167525 0.7576827
vn -0.8427191 0.0180215 -0.5380518
vn -0.6637776 0.0158283 -0.7477624
vn -0.8742369 0.0183771 0.4851516
vn -0.6582596 0.0157717 0.7526258
vn -0.8419083 0.0166022 -0.5393652
vn -0.6688396 0.0146328 -0.7432626
vn -0.8735353 0.0169336 0.4864661
vn -0.6637120 0.0145848 0.7478461
vn -0.8411861 0.0149622 -0.5405387
vn -0.6734650 0.0132298 -0.7391007
vn -0.8729106 0.0152642 0.4876413
vn -0.6686924 0.0131900 0.7434222
vn -0.8405579 0.0131018 -0.5415631
vn -0.6775860 0.0116182 -0.7353517
vn -0.8723676 0.0133688 0.4886677
vn -0.6731291 0.0115859 0.7394342
vn -0.8400289 0.0110210 -0.5424297
vn -0.6811356 0.0097974 -0.7320917
vn -0.8719105 0.0112474 0.4895362
vn -0.6769497 0.0097722 0.7359644
vn -0.8396035 0.0087199 -0.5431297
vn -0.6840470 0.0077678 -0.7293966
vn -0.8715431 0.0089002 0.4902381
vn -0.6800825 0.0077490 0.7330946
vn -0.8392867 0.0061986 -0.5436538
vn -0.6862531 0.0055303 -0.7273418
vn -0.8712697 0.0063274 0.4907638
vn -0.6824562 0.0055175 0.7309057
vn -0.8390836 0.0034639 -0.5439916
vn -0.6876880 0.0030802 -0.7259998
vn -0.8710945 0.0035391 0.4911027
vn -0.6839997 0.0030732 0.7294759
vn -0.8390142 0.0005798 -0.5441092
vn -0.6883059 0.0003868 -0.7254205
vn -0.9646586 0.0007496 -0.2635018
vn -0.8710339 0.0006212 0.4912226
vn -0.6846627 0.0003850 0.7288600
vn -0.8391848 -0.0022791 -0.5438416
vn -0.6881934 -0.0025116 -0.7255229
vn -0.9646983 -0.0020107 -0.2633500
vn -0.8711736 -0.0022209 0.4909701
vn -0.6845259 -0.0025096 0.7289842
vn -0.8397413 -0.0049786 -0.5429638
vn -0.6875601 -0.0054150 -0.7261072
vn -0.8716314 -0.0048681 0.4901379
vn -0.6837967 -0.0054099 0.7296525
vn -0.8406856 -0.0075026 -0.5414715
vn -0.6864679 -0.0081588 -0.7271143
vn -0.8724080 -0.0073383 0.4887232
vn -0.6825404 -0.0081506 0.7308024
vn -0.8419846 -0.0098516 -0.5394115
vn -0.6849397 -0.0107154 -0.7285209
vn -0.8734763 -0.0096386 0.4867712
vn -0.6807840 -0.0107036 0.7324060
vn -0.8436028 -0.0120246 -0.5368330
vn -0.6829964 -0.0130842 -0.7303045
vn -0.8748071 -0.0117687 0.4843286
vn -0.6785526 -0.0130681 0.7344355
vn -0.8455042 -0.0140214 -0.5337847
vn -0.6806582 -0.0152651 -0.7324421
vn -0.8763703 -0.0137279 0.4814422
vn -0.6758703 -0.0152439 0.7368630
vn -0.8476523 -0.0158419 -0.5303156
vn -0.6779447 -0.0172578 -0.7349103
vn -0.8781360 -0.0155163 0.4781593
vn -0.6727609 -0.0172305 0.7396593
vn -0.8500109 -0.0174866 -0.5264747
vn -0.6748762 -0.0190615 -0.7376847
vn -0.8800744 -0.0171342 0.4745266
vn -0.6692483 -0.0190273 0.7427951
vn -0.8525450 -0.0189565 -0.5223100
vn -0.6714727 -0.0206755 -0.7407408
vn -0.8821563 -0.0185826 0.4705900
vn -0.6653572 -0.0206335 0.7462399
vn -0.8552200 -0.0202527 -0.5178692
vn -0.6677550 -0.0220992 -0.7440530
vn -0.8843534 -0.0198626 0.4663952
vn -0.6644239 -0.0209455 0.7470623
vn -0.6684127 -0.0220148 0.7434646
vn -0.6627615 -0.0220598 0.7485055
vn -0.8580032 -0.0213767 -0.5131993
vn -0.6637450 -0.0233313 -0.7475950
vn -0.8866387 -0.0209755 0.4619868
vn -0.6737608 -0.0231917 0.7385855
vn -0.6604458 -0.0233001 0.7505121
vn -0.8608631 -0.0223302 -0.5083465
vn -0.6594653 -0.0243710 -0.7513399
vn -0.8889862 -0.0219229 0.4574089
vn -0.6792763 -0.0241753 0.7334844
vn -0.6579555 -0.0243505 0.7526630
vn -0.8637699 -0.0231153 -0.5033560
vn -0.6549401 -0.0252171 -0.7552599
vn -0.8913718 -0.0227065 0.4527037
vn -0.6849025 -0.0249680 0.7282068
vn -0.6553013 -0.0252101 0.7549468
vn -0.8666959 -0.0237336 -0.4982720
vn -0.6501941 -0.0258687 -0.7593277
vn -0.8937726 -0.0233283 0.4479133
vn -0.6905856 -0.0255717 0.7227986
vn -0.6524951 -0.0258775 0.7573510
vn -0.6455261 -0.0263236 -0.7632844
vn -0.6453744 -0.0263137 -0.7634131
vn -0.6453101 -0.0263251 -0.7634670
vn -0.8696148 -0.0241874 -0.4931380
vn -0.8961672 -0.0237900 0.4430781
vn -0.6962734 -0.0259887 0.7173060
vn -0.6495495 -0.0263516 0.7598625
vn -0.6517922 -0.0265435 -0.7579330
vn -0.6425373 -0.0266054 -0.7657924
vn -0.8725024 -0.0244794 -0.4879961
vn -0.8985361 -0.0240943 0.4382377
vn -0.7019171 -0.0262220 0.7117758
vn -0.6464784 -0.0266316 0.7624673
vn -0.6579635 -0.0266499 -0.7525781
vn -0.6396559 -0.0267631 -0.7681953
vn -0.8753348 -0.0246898 -0.4828866
vn -0.9008593 -0.0243217 0.4334294
vn -0.7074691 -0.0263483 0.7062529
vn -0.6432949 -0.0267890 0.7651497
vn -0.6639998 -0.0272673 -0.7472355
vn -0.6366397 -0.0274120 -0.7706740
vn -0.8780866 -0.0254828 -0.4778227
vn -0.9031136 -0.0251391 0.4286651
vn -0.7128918 -0.0270030 0.7007539
vn -0.6399733 -0.0274383 0.7679070
vn -0.6700026 -0.0297079 -0.7417641
vn -0.6332338 -0.0298391 -0.7733851
vn -0.8807921 -0.0282347 -0.4726607
vn -0.7182751 -0.0295175 0.6951328
vn -0.6362473 -0.0298679 0.7709068
vn -0.6763250 -0.0336138 -0.7358360
vn -0.6289260 -0.0336771 -0.7767354
vn -0.8836282 -0.0325141 -0.4670588
vn -0.7239403 -0.0335163 0.6890480
vn -0.6315753 -0.0337091 0.7745813
vn -0.6830567 -0.0374986 -0.7294021
vn -0.6236975 -0.0374586 -0.7807677
vn -0.8866572 -0.0367071 -0.4609680
vn -0.7299719 -0.0374792 0.6824488
vn -0.6259345 -0.0374916 0.7789739
vn -0.6901747 -0.0409648 -0.7224823
vn -0.6176661 -0.0407988 -0.7853815
vn -0.7363487 -0.0410011 0.6753588
vn -0.6194460 -0.0408301 0.7839767
vn -0.6976396 -0.0439794 -0.7150978
vn -0.6109528 -0.0436753 -0.7904613
vn -0.7430335 -0.0440500 0.6678030
vn -0.6122349 -0.0437022 0.7894672
vn -0.7054082 -0.0465341 -0.7072721
vn -0.6036777 -0.0460924 -0.7958950
vn -0.7499856 -0.0466191 0.6598092
vn -0.6044259 -0.0461124 0.7953257
vn -0.7134333 -0.0486203 -0.6990343
vn -0.5959583 -0.0480554 -0.8015761
vn -0.7571607 -0.0487017 0.6514107
vn -0.5961419 -0.0480661 0.8014390
vn -0.7216635 -0.0502297 -0.6904193
vn -0.5879104 -0.0495707 -0.8074058
vn -0.7645107 -0.0502914 0.6426462
vn -0.5875036 -0.0495700 0.8077019
vn -0.7300436 -0.0513550 -0.6814682
vn -0.5796466 -0.0506452 -0.8132926
vn -0.7719848 -0.0513830 0.6335608
vn -0.5786290 -0.0506316 0.8140178
vn -0.7385152 -0.0519893 -0.6722295
vn -0.5712765 -0.0512859 -0.8191537
vn -0.7795289 -0.0519717 0.6242065
vn -0.5696335 -0.0512582 0.8202989
vn -0.7470171 -0.0521270 -0.6627580
vn -0.5629062 -0.0514997 -0.8249148
vn -0.7870873 -0.0520541 0.6146413
vn -0.5606291 -0.0514574 0.8264667
vn -0.7554871 -0.0517642 -0.6531154
vn -0.5546381 -0.0512934 -0.8305092
vn -0.7946033 -0.0516282 0.6049297
vn -0.5517238 -0.0512365 0.8324516
vn -0.7638621 -0.0508979 -0.6433692
vn -0.5465713 -0.0506734 -0.8358780
vn -0.5430225 -0.0506027 0.8381921
vn -0.7720800 -0.0495272 -0.6335925
vn -0.5388013 -0.0496455 -0.8409688
vn -0.5414335 -0.0504029 0.8392314
vn -0.5514215 -0.0496606 0.8327474
vn -0.5367755 -0.0496021 0.8422658
vn -0.5314208 -0.0482216 -0.8457344
vn -0.5635768 -0.0482795 0.8246515
vn -0.5313802 -0.0482130 0.8457603
vn -0.5245136 -0.0465719 -0.8501274
vn -0.5754608 -0.0466104 0.8165001
vn -0.5264060 -0.0466266 0.8489539
vn -0.5296179 -0.0461954 -0.8469775
vn -0.5220501 -0.0463680 -0.8516534
vn -0.5194463 -0.0462128 -0.8532525
vn -0.5869180 -0.0463844 0.8083166
vn -0.5218499 -0.0465401 0.8517668
vn -0.5412499 -0.0522583 -0.8392363
vn -0.5147138 -0.0519083 -0.8557892
vn -0.5970576 -0.0533513 0.8004223
vn -0.5164620 -0.0525081 0.8546987
vn -0.5511085 -0.0629295 -0.8320573
vn -0.5057142 -0.0606941 -0.8605633
vn -0.6041841 -0.0650319 0.7941867
vn -0.5062883 -0.0604142 0.8602455
vn -0.5642680 -0.0614498 -0.8233016
vn -0.4983280 -0.0591704 -0.8649670
vn -0.6153900 -0.0628146 0.7857158
vn -0.4983374 -0.0587591 0.8649897
vn -0.5773605 -0.0838420 -0.8121733
vn -0.4939137 -0.0833932 -0.8655027
vn -0.6277872 -0.0838123 0.7738596
vn -0.4946406 -0.0833585 0.8650908
vn -0.6013776 -0.1207660 -0.7897851
vn -0.4865734 -0.1210777 -0.8652089
vn -0.6486434 -0.1203057 0.7515240
vn -0.4867498 -0.1210894 0.8651081
vn -0.6318069 -0.1010874 -0.7685059
vn -0.4827023 -0.1041205 -0.8695731
vn -0.4820359 -0.1041738 0.8699363
vn -0.6516390 -0.0570974 -0.7563772
vn -0.4829985 -0.0620920 -0.8734169
vn -0.4818588 -0.0621027 0.8740454
vn -0.4830378 -0.0446269 -0.8744615
vn -0.4816087 -0.0446213 0.8752497
vn -0.4825583 -0.0380641 -0.8750364
vn -0.4808118 -0.0383871 0.8759831
vn -0.4836431 -0.0073940 -0.8752341
vn -0.4824687 -0.0098876 0.8758574
vn -0.4871762 0.1634261 -0.8578761
vn -0.4905515 0.1602301 0.8565544
vn -0.4835899 0.6267335 -0.6110204
vn -0.4466684 0.6179239 -0.6470374
vn -0.5089666 0.6267276 0.5900556
vn -0.4470339 0.6095593 0.6546741
vn -0.4467658 0.6634061 -0.6002437
vn -0.4023844 0.8119848 -0.4228091
vn -0.4003835 0.8116032 -0.4254329
vn -0.4488769 0.8393315 -0.3066466
vn -0.4628547 0.8351776 0.2970588
vn -0.4044197 0.8252094 0.3943020
vn -0.3894117 0.8221121 0.4153197
vn -0.4500383 0.6799181 0.5789447
vn -0.3952961 0.8182158 -0.4174494
vn -0.1951704 0.9696130 -0.1475102
vn -0.1025335 0.9939204 -0.0401139
vn -0.0712923 0.9974521 -0.0025870
vn -0.0927747 0.9951781 0.0318343
vn -0.1729333 0.9777575 0.1186776
vn -0.3487441 0.8678202 0.3539288
vn -0.4959576 -0.4950093 -0.7134367
vn -0.2329306 -0.8263388 -0.5127450
vn -0.3038277 -0.5265481 -0.7939999
vn -0.0590866 -0.9937143 -0.0950818
vn -0.0185484 -0.9997326 -0.0138094
vn -0.0083047 -0.9999652 -0.0007884
vn -0.0152389 -0.9998525 0.0079257
vn -0.0481530 -0.9965584 0.0674717
vn -0.5621716 -0.4844967 0.6702432
vn -0.1780508 -0.8995990 0.3987726
vn -0.2842409 -0.5423704 0.7905956
vn -0.3021271 -0.1206401 -0.9456031
vn -0.2984737 -0.1239727 0.9463320
vn -0.2936027 -0.0288131 -0.9554932
vn -0.2923274 -0.0293625 0.9558674
vn -0.2928229 -0.0010307 -0.9561662
vn -0.2917119 -0.0010669 0.9565057
vn -0.2933437 0.0041029 -0.9559982
vn -0.2922505 0.0040999 0.9563330
vn -0.2942163 0.0059754 -0.9557202
vn -0.2931604 0.0059719 0.9560446
vn -0.2953979 0.0076695 -0.9553435
vn -0.2943926 0.0076653 0.9556538
vn -0.2968657 0.0092074 -0.9548749
vn -0.2959230 0.0092028 0.9551675
vn -0.2985975 0.0105894 -0.9543204
vn -0.2977284 0.0105846 0.9545919
vn -0.3005711 0.0118154 -0.9536862
vn -0.2997859 0.0118107 0.9539334
vn -0.3027644 0.0128853 -0.9529783
vn -0.3020719 0.0128811 0.9531981
vn -0.3051547 0.0137988 -0.9522028
vn -0.3045633 0.0137953 0.9523922
vn -0.3077190 0.0145554 -0.9513659
vn -0.3072355 0.0145528 0.9515222
vn -0.5994439 0.0175793 -0.8002238
vn -0.3104332 0.0151545 -0.9504744
vn -0.3100636 0.0151531 0.9505951
vn -0.5935077 0.0180460 -0.8046260
vn -0.3132725 0.0155954 -0.9495352
vn -0.3130214 0.0155952 0.9496180
vn -0.5874240 0.0183231 -0.8090720
vn -0.3162105 0.0158772 -0.9485562
vn -0.3160816 0.0158784 0.9485991
vn -0.5812557 0.0184112 -0.8135127
vn -0.3192198 0.0159991 -0.9475456
vn -0.3192158 0.0160017 0.9475470
vn -0.5750672 0.0183110 -0.8179013
vn -0.3222714 0.0159599 -0.9465128
vn -0.3223934 0.0159639 0.9464712
vn -0.5689230 0.0180237 -0.8221933
vn -0.3253349 0.0157586 -0.9454675
vn -0.3255829 0.0157639 0.9453821
vn -0.5628883 0.0175503 -0.8263467
vn -0.3283779 0.0153940 -0.9444209
vn -0.3287506 0.0154006 0.9442912
vn -0.5570285 0.0168923 -0.8303216
vn -0.3313667 0.0148651 -0.9433849
vn -0.6460098 0.0175280 0.7631278
vn -0.3318613 0.0148728 0.9432110
vn -0.5514091 0.0160511 -0.8340805
vn -0.3342659 0.0141708 -0.9423723
vn -0.6409738 0.0166751 0.7673816
vn -0.3348783 0.0141793 0.9421547
vn -0.5460951 0.0150281 -0.8375884
vn -0.3370385 0.0133101 -0.9413967
vn -0.6362020 0.0156301 0.7713642
vn -0.3377632 0.0133190 0.9411370
vn -0.5411513 0.0138246 -0.8408116
vn -0.3396462 0.0122820 -0.9404731
vn -0.6317544 0.0143939 0.7750350
vn -0.3404759 0.0122911 0.9401729
vn -0.5366423 0.0124421 -0.8437182
vn -0.3420492 0.0110858 -0.9396167
vn -0.6276909 0.0129672 0.7783546
vn -0.3429754 0.0110948 0.9392788
vn -0.5326315 0.0108814 -0.8462772
vn -0.3442072 0.0097210 -0.9388434
vn -0.6240712 0.0113507 0.7812850
vn -0.3452199 0.0097294 0.9384714
vn -0.5291826 0.0091431 -0.8484587
vn -0.3460791 0.0081871 -0.9381697
vn -0.6209544 0.0095447 0.7837886
vn -0.3471665 0.0081947 0.9377677
vn -0.5263580 0.0072273 -0.8502324
vn -0.3476234 0.0064844 -0.9376118
vn -0.6183989 0.0075496 0.7858281
vn -0.3487724 0.0064906 0.9371850
vn -0.5242203 0.0051338 -0.8515672
vn -0.3487993 0.0046129 -0.9371861
vn -0.6164635 0.0053652 0.7873652
vn -0.3499950 0.0046174 0.9367402
vn -0.5228322 0.0028452 -0.8524309
vn -0.3495667 0.0025484 -0.9369080
vn -0.6152059 0.0029805 0.7883608
vn -0.3507930 0.0025510 0.9364495
vn -0.5222952 0.0002611 -0.8527647
vn -0.3499022 0.0001301 -0.9367862
vn -0.6147174 0.0003321 0.7887474
vn -0.3511407 0.0001306 0.9363227
vn -0.5229392 -0.0026774 -0.8523658
vn -0.3498805 -0.0027890 -0.9367902
vn -0.6152835 -0.0025857 0.7883016
vn -0.3511093 -0.0027907 0.9363303
vn -0.5251672 -0.0057233 -0.8509798
vn -0.3496577 -0.0059237 -0.9368589
vn -0.6172493 -0.0055498 0.7867481
vn -0.3508508 -0.0059274 0.9364126
vn -0.5289531 -0.0086059 -0.8486074
vn -0.3492704 -0.0089121 -0.9369796
vn -0.6205861 -0.0083452 0.7840939
vn -0.3504025 -0.0089174 0.9365568
vn -0.5341679 -0.0112741 -0.8453033
vn -0.3487254 -0.0116868 -0.9371520
vn -0.6251752 -0.0109315 0.7804079
vn -0.3497733 -0.0116935 0.9367614
vn -0.5406739 -0.0137247 -0.8411204
vn -0.3480284 -0.0142461 -0.9373758
vn -0.6308891 -0.0133051 0.7757589
vn -0.3489698 -0.0142537 0.9370256
vn -0.5483302 -0.0159562 -0.8361097
vn -0.3471843 -0.0165899 -0.9376502
vn -0.6375964 -0.0154645 0.7702153
vn -0.3479991 -0.0165980 0.9373479
vn -0.5569932 -0.0179683 -0.8303226
vn -0.3461983 -0.0187181 -0.9379746
vn -0.6451641 -0.0174092 0.7638457
vn -0.3468681 -0.0187262 0.9377269
vn -0.5665183 -0.0197609 -0.8238122
vn -0.3450757 -0.0206305 -0.9383481
vn -0.6534581 -0.0191395 0.7567207
vn -0.3455837 -0.0206382 0.9381609
vn -0.5767615 -0.0213350 -0.8166340
vn -0.3438221 -0.0223269 -0.9387694
vn -0.6623465 -0.0206565 0.7489128
vn -0.3441534 -0.0223339 0.9386478
vn -0.5875806 -0.0226921 -0.8088474
vn -0.3424436 -0.0238074 -0.9392366
vn -0.3425848 -0.0238131 0.9391851
vn -0.5988373 -0.0238345 -0.8005160
vn -0.3409467 -0.0250716 -0.9397482
vn -0.3408861 -0.0250756 0.9397702
vn -0.6103975 -0.0247648 -0.7917081
vn -0.3393385 -0.0261194 -0.9403016
vn -0.3390663 -0.0261214 0.9403998
vn -0.6221333 -0.0254867 -0.7824965
vn -0.3376267 -0.0269507 -0.9408942
vn -0.3371349 -0.0269503 0.9410706
vn -0.6339234 -0.0260041 -0.7729586
vn -0.3358198 -0.0275653 -0.9415228
vn -0.3351021 -0.0275622 0.9417786
vn -0.3339266 -0.0279629 -0.9421842
vn -0.3329789 -0.0279570 0.9425197
vn -0.3319569 -0.0281440 -0.9428746
vn -0.3307768 -0.0281352 0.9432895
vn -0.3299202 -0.0281759 -0.9435882
vn -0.3285069 -0.0281640 0.9440816
vn -0.3278024 -0.0286324 -0.9443123
vn -0.3261563 -0.0286169 0.9448826
vn -0.3254384 -0.0307258 -0.9450639
vn -0.3235523 -0.0307048 0.9457119
vn -0.3224889 -0.0341408 -0.9459574
vn -0.3203377 -0.0341117 0.9466891
vn -0.3189469 -0.0375319 -0.9470292
vn -0.3165031 -0.0374929 0.9478502
vn -0.3148998 -0.0405451 -0.9482586
vn -0.3124805 -0.0402615 0.9490706
vn -0.3141570 -0.0405084 0.9485064
vn -0.3122452 -0.0404968 0.9491380
vn -0.3104375 -0.0431594 -0.9496135
vn -0.3369313 -0.0433126 0.9405324
vn -0.3088918 -0.0431260 0.9501190
vn -0.3056467 -0.0453774 -0.9510631
vn -0.3607852 -0.0457475 0.9315262
vn -0.3052691 -0.0453636 0.9511850
vn -0.3006104 -0.0472023 -0.9525782
vn -0.3854764 -0.0477881 0.9214793
vn -0.3014484 -0.0472119 0.9523129
vn -0.3021013 -0.0486999 -0.9520311
vn -0.2965072 -0.0483348 -0.9538067
vn -0.2957151 -0.0486440 -0.9540369
vn -0.4107515 -0.0494107 0.9104075
vn -0.2974971 -0.0486737 0.9534811
vn -0.3291558 -0.0500302 -0.9429494
vn -0.2919051 -0.0497249 -0.9551538
vn -0.4363520 -0.0505937 0.8983525
vn -0.2934781 -0.0497522 0.9546703
vn -0.3565379 -0.0509310 -0.9328916
vn -0.2880890 -0.0504257 -0.9562751
vn -0.4620180 -0.0513185 0.8853846
vn -0.2894503 -0.0504501 0.9558626
vn -0.3839801 -0.0513810 -0.9219107
vn -0.2843193 -0.0507490 -0.9573855
vn -0.4874949 -0.0515710 0.8716015
vn -0.2854680 -0.0507702 0.9570425
vn -0.4112171 -0.0513632 -0.9100892
vn -0.2806450 -0.0506972 -0.9584718
vn -0.5125390 -0.0513418 0.8571277
vn -0.2815819 -0.0507149 0.9581960
vn -0.4379906 -0.0508655 -0.8975394
vn -0.2771116 -0.0502723 -0.9595217
vn -0.5369226 -0.0506267 0.8421111
vn -0.2778388 -0.0502864 0.9593107
vn -0.4640559 -0.0498819 -0.8844003
vn -0.2737616 -0.0494764 -0.9605241
vn -0.2742825 -0.0494870 0.9603750
vn -0.4891880 -0.0484175 -0.8708334
vn -0.2706349 -0.0483173 -0.9614688
vn -0.2709544 -0.0483244 0.9613784
vn -0.5131872 -0.0466412 -0.8570085
vn -0.2677710 -0.0469907 -0.9623360
vn -0.2678917 -0.0469661 0.9623036
vn -0.2651660 -0.0471197 -0.9630507
vn -0.2650807 -0.0468102 0.9630893
vn -0.2621818 -0.0531934 -0.9635513
vn -0.2619660 -0.0522375 0.9636623
vn -0.2591577 -0.0626869 -0.9637986
vn -0.2593550 -0.0627615 0.9637406
vn -0.2676162 -0.0634589 -0.9614335
vn -0.2694182 -0.0648880 0.9608347
vn -0.2743337 -0.0918249 -0.9572404
vn -0.2740856 -0.0922524 0.9572704
vn -0.2855910 -0.1343149 -0.9488927
vn -0.2823382 -0.1255335 0.9510660
vn -0.2977481 -0.1337935 0.9452224
vn -0.2847117 -0.1345025 0.9491304
vn -0.2980555 -0.1155756 -0.9475259
vn -0.3760526 -0.1110527 0.9199194
vn -0.2989830 -0.1153973 0.9472553
vn -0.3417498 -0.0674455 -0.9373677
vn -0.2981157 -0.1151567 -0.9475579
vn -0.3055557 -0.0686832 -0.9496938
vn -0.4161427 -0.0646865 0.9069955
vn -0.3062953 -0.0686467 0.9494581
vn -0.3661446 -0.0474642 -0.9293467
vn -0.3083212 -0.0487307 -0.9500334
vn -0.4388552 -0.0457184 0.8973940
vn -0.3089377 -0.0487286 0.9498332
vn -0.3858305 -0.0403901 -0.9216852
vn -0.3096626 -0.0410876 -0.9499584
vn -0.4574050 -0.0392145 0.8883935
vn -0.3103089 -0.0408687 0.9497569
vn -0.4052028 -0.0122052 -0.9141453
vn -0.3137048 -0.0094374 -0.9494737
vn -0.4757556 -0.0106473 0.8795131
vn -0.3153592 -0.0085432 0.9489339
vn -0.4124329 0.1471969 -0.8990174
vn -0.3301468 0.1515405 -0.9316859
vn -0.4790676 0.1568590 0.8636490
vn -0.3365528 0.1523887 0.9292523
vn -0.3419806 0.3924836 -0.8538184
vn -0.3500041 0.5427800 -0.7634705
vn -0.3535928 0.5573125 0.7512490
vn -0.3532861 0.5498871 0.7568442
vn -0.3781963 0.7403047 -0.5558026
vn -0.3375872 0.8108708 -0.4780410
vn -0.3464563 0.7978318 0.4933887
vn -0.3464101 0.7978339 0.4934179
vn -0.1574653 0.9667087 -0.2016902
vn -0.0518823 0.9974473 -0.0490627
vn -0.0236818 0.9996696 -0.0099875
vn -0.0161058 0.9998701 -0.0005329
vn -0.0213433 0.9997481 0.0069500
vn -0.0446220 0.9982564 0.0386388
vn -0.1294377 0.9783974 0.1611975
vn -0.3463362 0.7979622 0.4932622
vn 0.0000011 -0.9137502 -0.4062763
vn 0.0000016 -0.5433142 -0.8395295
vn 0.0000002 -0.9981002 -0.0616122
vn 0.0000000 -0.9999828 -0.0058532
vn 0.0000000 -0.9999999 -0.0001910
vn 0.0000000 -0.9999937 0.0035195
vn 0.0000001 -0.9989093 0.0466933
vn 0.0000004 -0.9483688 0.3171698
vn 0.0000011 -0.5601113 0.8284174
vn 0.0000015 -0.1236191 -0.9923298
vn 0.0000014 -0.1232652 0.9923738
vn 0.0000014 -0.0297595 -0.9995571
vn 0.0000014 -0.0288661 0.9995833
vn 0.0000014 -0.0012623 -0.9999992
vn 0.0000014 -0.0011697 0.9999993
vn 0.0000014 0.0038706 -0.9999925
vn 0.0000014 0.0038692 0.9999925
vn 0.0000014 0.0056392 -0.9999841
vn 0.0000014 0.0056360 0.9999841
vn 0.0000014 0.0072353 -0.9999738
vn 0.0000014 0.0072313 0.9999738
vn 0.0000014 0.0086822 -0.9999623
vn 0.0000014 0.0086775 0.9999623
vn 0.0000014 0.0099798 -0.9999502
vn 0.0000014 0.0099746 0.9999502
vn 0.0000014 0.0111283 -0.9999381
vn 0.0000014 0.0111227 0.9999381
vn 0.0000014 0.0121275 -0.9999264
vn 0.0000014 0.0121217 0.9999265
vn 0.0000014 0.0129773 -0.9999158
vn 0.0000014 0.0129715 0.9999158
vn 0.0000015 0.0136777 -0.9999065
vn 0.0000014 0.0136719 0.9999065
vn 0.0000015 0.0142283 -0.9998987
vn 0.0000015 0.0142226 0.9998989
vn 0.0000015 0.0146288 -0.9998931
vn 0.0000015 0.0146235 0.9998931
vn 0.0000015 0.0148791 -0.9998893
vn 0.0000015 0.0148741 0.9998894
vn 0.0000015 0.0149787 -0.9998878
vn 0.0000015 0.0149741 0.9998879
vn 0.0000015 0.0149272 -0.9998886
vn 0.0000015 0.0149232 0.9998887
vn 0.0000016 0.0147243 -0.9998916
vn 0.0000015 0.0147207 0.9998916
vn 0.0000016 0.0143694 -0.9998967
vn 0.0000016 0.0143664 0.9998968
vn 0.0000016 0.0138623 -0.9999039
vn 0.0000016 0.0138598 0.9999039
vn 0.0000016 0.0132023 -0.9999129
vn 0.0000016 0.0132004 0.9999129
vn 0.0000016 0.0123891 -0.9999233
vn 0.0000016 0.0123877 0.9999233
vn 0.0000016 0.0114224 -0.9999348
vn 0.0000016 0.0114214 0.9999348
vn 0.0000016 0.0103018 -0.9999469
vn 0.0000016 0.0103011 0.9999470
vn 0.0000016 0.0090271 -0.9999593
vn 0.0000016 0.0090267 0.9999593
vn 0.0000016 0.0075981 -0.9999711
vn 0.0000016 0.0075979 0.9999711
vn 0.0000017 0.0060148 -0.9999819
vn 0.0000017 0.0060148 0.9999819
vn 0.0000016 0.0042772 -0.9999908
vn 0.0000017 0.0042772 0.9999909
vn 0.0000017 0.0023542 -0.9999973
vn 0.0000017 0.0023542 0.9999973
vn 0.0000017 0.0000407 -1.0000000
vn 0.0000017 0.0000407 1.0000000
vn 0.0000017 -0.0028741 -0.9999958
vn 0.0000017 -0.0028742 0.9999958
vn 0.0000017 -0.0060766 -0.9999815
vn 0.0000017 -0.0060768 0.9999816
vn 0.0000017 -0.0091379 -0.9999582
vn 0.0000017 -0.0091381 0.9999582
vn 0.0000017 -0.0119774 -0.9999283
vn 0.0000017 -0.0119774 0.9999282
vn 0.0000016 -0.0145928 -0.9998935
vn 0.0000017 -0.0145924 0.9998935
vn 0.0000017 -0.0169839 -0.9998558
vn 0.0000017 -0.0169830 0.9998558
vn 0.0000017 -0.0191507 -0.9998167
vn 0.0000016 -0.0191491 0.9998167
vn 0.0000016 -0.0210932 -0.9997776
vn 0.0000016 -0.0210907 0.9997776
vn 0.0000016 -0.0228114 -0.9997398
vn 0.0000016 -0.0228078 0.9997398
vn 0.0000017 -0.0243053 -0.9997045
vn 0.0000016 -0.0243005 0.9997047
vn 0.0000016 -0.0255750 -0.9996729
vn 0.0000016 -0.0255688 0.9996731
vn 0.0000016 -0.0266205 -0.9996456
vn 0.0000016 -0.0266128 0.9996458
vn 0.0000016 -0.0274420 -0.9996234
vn 0.0000016 -0.0274328 0.9996236
vn 0.0000016 -0.0280396 -0.9996068
vn 0.0000016 -0.0280287 0.9996071
vn 0.0000016 -0.0284132 -0.9995963
vn 0.0000016 -0.0284007 0.9995966
vn 0.0000016 -0.0285635 -0.9995920
vn 0.0000016 -0.0285495 0.9995924
vn 0.0000016 -0.0285562 -0.9995922
vn 0.0000016 -0.0285423 0.9995926
vn -0.0081300 -0.0285671 0.9995588
vn 0.0000015 -0.0285413 0.9995926
vn 0.0000016 -0.0289486 -0.9995809
vn -0.0625076 -0.0291023 0.9976201
vn 0.0000015 -0.0289371 0.9995812
vn 0.0000015 -0.0309233 -0.9995218
vn -0.1187141 -0.0311971 0.9924383
vn 0.0000015 -0.0309151 0.9995220
vn 0.0000015 -0.0341866 -0.9994155
vn -0.1805060 -0.0345581 0.9829666
vn 0.0000015 -0.0341826 0.9994156
vn 0.0000015 -0.0374416 -0.9992988
vn -0.2475460 -0.0377932 0.9681388
vn 0.0000015 -0.0374437 0.9992988
vn 0.0000015 -0.0403462 -0.9991857
vn 0.0000015 -0.0403564 0.9991854
vn -0.0560377 -0.0432278 -0.9974924
vn 0.0000015 -0.0411021 -0.9991549
vn 0.0000015 -0.0428866 -0.9990800
vn 0.0000015 -0.0428993 0.9990794
vn -0.1406377 -0.0457108 -0.9890054
vn 0.0000014 -0.0450616 -0.9989842
vn 0.0000015 -0.0450737 0.9989837
vn -0.2277544 -0.0475013 -0.9725593
vn 0.0000014 -0.0468697 -0.9989010
vn 0.0000014 -0.0468809 0.9989005
vn 0.0000014 -0.0483123 -0.9988323
vn 0.0000014 -0.0483223 0.9988318
vn 0.0000014 -0.0493911 -0.9987795
vn 0.0000014 -0.0493997 0.9987791
vn 0.0000014 -0.0501073 -0.9987438
vn 0.0000014 -0.0501143 0.9987435
vn 0.0000014 -0.0504621 -0.9987260
vn 0.0000014 -0.0504675 0.9987257
vn 0.0000013 -0.0504567 -0.9987262
vn 0.0000013 -0.0504604 0.9987261
vn 0.0000013 -0.0500919 -0.9987447
vn 0.0000013 -0.0500940 0.9987444
vn 0.0000013 -0.0493690 -0.9987806
vn 0.0000013 -0.0493695 0.9987806
vn 0.0000013 -0.0482945 -0.9988332
vn 0.0000013 -0.0482933 0.9988332
vn 0.0000012 -0.0470395 -0.9988930
vn 0.0000012 -0.0470136 0.9988943
vn -0.0000086 -0.0472489 -0.9988831
vn -0.0000072 -0.0470067 0.9988945
vn -0.0008939 -0.0556200 -0.9984517
vn -0.0008339 -0.0554103 0.9984633
vn -0.0114723 -0.0760793 -0.9970358
vn -0.0119438 -0.0791264 0.9967930
vn -0.0482538 -0.0833240 -0.9953536
vn -0.0530901 -0.0851434 0.9949533
vn -0.0729093 -0.1138766 -0.9908160
vn -0.0537752 -0.0859436 0.9948477
vn -0.1564998 -0.1046710 0.9821160
vn -0.0737041 -0.1122827 0.9909391
vn -0.1482233 -0.1570151 -0.9764098
vn -0.0999891 -0.1487304 -0.9838097
vn -0.1095804 -0.1627808 -0.9805583
vn -0.1096257 -0.1625418 0.9805928
vn -0.2974972 -0.1156562 -0.9476914
vn -0.1436744 -0.1360728 -0.9802254
vn -0.1437535 -0.1359948 0.9802247
vn -0.1583245 -0.0779198 -0.9843078
vn -0.1583572 -0.0779083 0.9843034
vn -0.1635002 -0.0530990 -0.9851133
vn -0.1635019 -0.0531001 0.9851129
vn -0.1660592 -0.0436732 -0.9851483
vn -0.1660484 -0.0438251 0.9851433
vn -0.1698168 -0.0158967 -0.9853474
vn -0.1696509 -0.0186258 0.9853282
vn -0.1906056 0.1115759 -0.9753053
vn -0.1894485 0.1001170 0.9767732
vn -0.3111732 0.4994562 -0.8085263
vn -0.2682641 0.4381625 -0.8579324
vn -0.3513903 0.5551793 0.7538573
vn -0.2701598 0.4403587 0.8562114
vn -0.2917038 0.5262455 -0.7987331
vn -0.3310624 0.7967418 -0.5055690
vn -0.2603122 0.8031411 -0.5359123
vn -0.2568726 0.8159436 0.5179308
vn -0.3110614 0.6115531 0.7274914
vn -0.1847869 0.9197487 -0.3462890
vn -0.0491554 0.9959518 -0.0752588
vn -0.0115913 0.9998382 -0.0137589
vn -0.0032190 0.9999928 -0.0020196
vn -0.0019285 0.9999982 -0.0000752
vn -0.0027010 0.9999957 0.0011367
vn -0.0086711 0.9999178 0.0094423
vn -0.0389988 0.9974232 0.0602158
vn -0.1505298 0.9466054 0.2850944
vn 0.2329335 -0.8263364 -0.5127475
vn 0.3038304 -0.5265480 -0.7939988
vn 0.0590873 -0.9937142 -0.0950827
vn 0.0185488 -0.9997326 -0.0138096
vn 0.0083051 -0.9999652 -0.0007884
vn 0.0152394 -0.9998525 0.0079258
vn 0.0481537 -0.9965584 0.0674720
vn 0.1780531 -0.8995978 0.3987741
vn 0.2842436 -0.5423712 0.7905942
vn 0.3021299 -0.1206402 -0.9456022
vn 0.2984764 -0.1239726 0.9463311
vn 0.2936055 -0.0288131 -0.9554923
vn 0.2923303 -0.0293624 0.9558665
vn 0.2928257 -0.0010307 -0.9561653
vn 0.2917147 -0.0010669 0.9565048
vn 0.2933465 0.0041029 -0.9559974
vn 0.2922533 0.0041000 0.9563321
vn 0.2942190 0.0059754 -0.9557194
vn 0.2931634 0.0059719 0.9560437
vn 0.2954007 0.0076695 -0.9553427
vn 0.2943954 0.0076653 0.9556530
vn 0.2968685 0.0092074 -0.9548739
vn 0.2959258 0.0092028 0.9551666
vn 0.2986003 0.0105894 -0.9543195
vn 0.2977314 0.0105846 0.9545910
vn 0.3005739 0.0118154 -0.9536853
vn 0.2997887 0.0118107 0.9539325
vn 0.3027672 0.0128853 -0.9529774
vn 0.3020750 0.0128811 0.9531971
vn 0.3051576 0.0137988 -0.9522019
vn 0.3045662 0.0137953 0.9523913
vn 0.3077219 0.0145554 -0.9513650
vn 0.3072384 0.0145528 0.9515213
vn 0.3104362 0.0151546 -0.9504734
vn 0.3100664 0.0151531 0.9505941
vn 0.3132754 0.0155954 -0.9495343
vn 0.3130243 0.0155953 0.9496170
vn 0.3162135 0.0158772 -0.9485552
vn 0.3160847 0.0158785 0.9485981
vn 0.3192228 0.0159991 -0.9475446
vn 0.3192189 0.0160017 0.9475459
vn 0.3222745 0.0159599 -0.9465117
vn 0.3223965 0.0159639 0.9464701
vn 0.3253379 0.0157586 -0.9454665
vn 0.3255858 0.0157639 0.9453810
vn 0.3283810 0.0153940 -0.9444199
vn 0.3287537 0.0154006 0.9442902
vn 0.3313699 0.0148652 -0.9433838
vn 0.3318645 0.0148728 0.9432099
vn 0.3342691 0.0141709 -0.9423711
vn 0.3348816 0.0141793 0.9421536
vn 0.3370417 0.0133101 -0.9413956
vn 0.3377663 0.0133191 0.9411358
vn 0.3396493 0.0122820 -0.9404719
vn 0.3404790 0.0122911 0.9401718
vn 0.3420523 0.0110858 -0.9396155
vn 0.3429787 0.0110948 0.9392776
vn 0.3442104 0.0097210 -0.9388422
vn 0.3452233 0.0097294 0.9384702
vn 0.3460822 0.0081872 -0.9381685
vn 0.3471698 0.0081947 0.9377665
vn 0.3476267 0.0064844 -0.9376106
vn 0.3487756 0.0064906 0.9371837
vn 0.3488026 0.0046129 -0.9371849
vn 0.3499984 0.0046175 0.9367389
vn 0.3495700 0.0025484 -0.9369068
vn 0.3507961 0.0025510 0.9364483
vn 0.3499055 0.0001301 -0.9367850
vn 0.3511440 0.0001305 0.9363215
vn 0.3498838 -0.0027890 -0.9367889
vn 0.3511126 -0.0027907 0.9363291
vn 0.3496608 -0.0059237 -0.9368576
vn 0.3508540 -0.0059274 0.9364114
vn 0.3492735 -0.0089121 -0.9369784
vn 0.3504058 -0.0089174 0.9365556
vn 0.3487287 -0.0116868 -0.9371508
vn 0.3497766 -0.0116935 0.9367602
vn 0.3480317 -0.0142461 -0.9373745
vn 0.3489731 -0.0142537 0.9370243
vn 0.3471875 -0.0165899 -0.9376490
vn 0.3480024 -0.0165980 0.9373466
vn 0.3462015 -0.0187181 -0.9379734
vn 0.3468715 -0.0187263 0.9377257
vn 0.3450789 -0.0206305 -0.9383469
vn 0.3455869 -0.0206382 0.9381598
vn 0.3438254 -0.0223269 -0.9387681
vn 0.3441566 -0.0223338 0.9386466
vn 0.3424468 -0.0238073 -0.9392356
vn 0.3425879 -0.0238131 0.9391840
vn 0.3409499 -0.0250716 -0.9397471
vn 0.3408891 -0.0250756 0.9397690
vn 0.3393417 -0.0261194 -0.9403005
vn 0.3390694 -0.0261213 0.9403986
vn 0.3376299 -0.0269507 -0.9408931
vn 0.3371382 -0.0269503 0.9410693
vn 0.3358229 -0.0275653 -0.9415218
vn 0.3351054 -0.0275622 0.9417775
vn 0.3339297 -0.0279629 -0.9421831
vn 0.3329820 -0.0279570 0.9425187
vn 0.3319600 -0.0281440 -0.9428735
vn 0.3307799 -0.0281352 0.9432884
vn 0.3299233 -0.0281759 -0.9435872
vn 0.0081331 -0.0285671 0.9995587
vn 0.3285100 -0.0281640 0.9440805
vn 0.3278056 -0.0286324 -0.9443112
vn 0.0625096 -0.0291023 0.9976200
vn 0.3261594 -0.0286169 0.9448815
vn 0.3254414 -0.0307258 -0.9450629
vn 0.1187150 -0.0311971 0.9924382
vn 0.3235553 -0.0307048 0.9457110
vn 0.3224919 -0.0341408 -0.9459563
vn 0.1805056 -0.0345581 0.9829667
vn 0.3203408 -0.0341117 0.9466881
vn 0.3189499 -0.0375319 -0.9470282
vn 0.2475443 -0.0377933 0.9681392
vn 0.3165061 -0.0374929 0.9478492
vn 0.3149028 -0.0405451 -0.9482576
vn 0.3124832 -0.0402617 0.9490697
vn 0.3122481 -0.0404968 0.9491370
vn 0.0560396 -0.0432278 -0.9974923
vn 0.3104405 -0.0431594 -0.9496126
vn 0.3088946 -0.0431260 0.9501181
vn 0.1406381 -0.0457107 -0.9890053
vn 0.3056496 -0.0453774 -0.9510621
vn 0.3052719 -0.0453636 0.9511841
vn 0.2277529 -0.0475013 -0.9725597
vn 0.3006133 -0.0472023 -0.9525774
vn 0.3014513 -0.0472119 0.9523120
vn 0.2965097 -0.0483349 -0.9538059
vn 0.2957178 -0.0486440 -0.9540360
vn 0.2974999 -0.0486737 0.9534803
vn 0.2919078 -0.0497249 -0.9551529
vn 0.2934810 -0.0497522 0.9546694
vn 0.2880917 -0.0504257 -0.9562743
vn 0.2894529 -0.0504501 0.9558618
vn 0.2843219 -0.0507490 -0.9573847
vn 0.2854707 -0.0507702 0.9570417
vn 0.2806477 -0.0506972 -0.9584711
vn 0.2815846 -0.0507149 0.9581953
vn 0.2771142 -0.0502723 -0.9595209
vn 0.2778413 -0.0502865 0.9593099
vn 0.2737642 -0.0494764 -0.9605234
vn 0.2742851 -0.0494870 0.9603743
vn 0.2706374 -0.0483174 -0.9614680
vn 0.2709569 -0.0483244 0.9613777
vn 0.2677746 -0.0469978 -0.9623347
vn 0.2678952 -0.0469727 0.9623023
vn 0.2652486 -0.0477853 -0.9629952
vn 0.2651631 -0.0474743 0.9630342
vn 0.2616811 -0.0622484 -0.9631449
vn 0.2616765 -0.0620183 0.9631611
vn 0.2401387 -0.1059674 -0.9649375
vn 0.2419705 -0.1107024 0.9639478
vn 0.1614716 -0.1320346 -0.9780049
vn 0.1646262 -0.1349129 0.9770858
vn 0.0895604 -0.1594629 -0.9831331
vn 0.1216358 -0.1473477 0.9815770
vn 0.0900863 -0.1565331 0.9835557
vn 0.0412792 -0.1894766 -0.9810172
vn 0.0182602 -0.2097732 -0.9775795
vn 0.0189652 -0.2105980 0.9773887
vn -0.0356762 -0.1678730 -0.9851629
vn -0.0356292 -0.1679490 0.9851516
vn -0.0573085 -0.0909453 -0.9942055
vn -0.0572786 -0.0909500 0.9942068
vn -0.0649055 -0.0585108 -0.9961745
vn -0.0648723 -0.0585118 0.9961767
vn -0.0685687 -0.0469873 -0.9965392
vn -0.0685328 -0.0470989 0.9965365
vn -0.0712564 -0.0263152 -0.9971108
vn -0.0708411 -0.0284260 0.9970825
vn -0.0881662 0.0594578 -0.9943297
vn -0.0837140 0.0503188 0.9952186
vn -0.1775678 0.3189574 -0.9309865
vn -0.1654539 0.3141224 0.9348541
vn -0.2505796 0.6470078 -0.7201325
vn -0.2104854 0.7994928 -0.5625896
vn -0.2569918 0.7682886 0.5862489
vn -0.2567204 0.7682748 0.5863860
vn -0.0664017 0.9750394 -0.2118704
vn -0.0129687 0.9992265 -0.0371255
vn -0.0020452 0.9999908 -0.0037847
vn -0.0002154 0.9999999 -0.0002184
vn -0.0000544 1.0000000 -0.0000050
vn -0.0001409 1.0000000 0.0001040
vn -0.0011755 0.9999962 0.0024842
vn -0.0092938 0.9995936 0.0269477
vn -0.0589413 0.9857919 0.1572907
vn -0.2565092 0.7690627 0.5854448
vn 0.4959331 -0.4950173 -0.7134482
vn 0.5569011 -0.5109044 -0.6548571
vn 0.3000741 -0.9174289 -0.2613039
vn 0.1342120 -0.9892572 -0.0579434
vn 0.0863923 -0.9962547 -0.0035813
vn 0.1190593 -0.9918574 0.0452074
vn 0.2595794 -0.9439713 0.2038053
vn 0.5621411 -0.4845094 0.6702597
vn 0.5681411 -0.4862402 0.6639173
vn 0.5943976 -0.1838255 -0.7828791
vn 0.5894999 -0.1099776 -0.8002467
vn 0.5758469 -0.4525377 0.6808892
vn 0.5915439 -0.1169167 0.7977508
vn 0.5807261 -0.0273288 -0.8136402
vn 0.5839384 -0.0282328 0.8113069
vn 0.5801390 -0.0006389 -0.8145173
vn 0.5834324 -0.0006550 0.8121614
vn 0.5810068 0.0047390 -0.8138849
vn 0.5843415 0.0047491 0.8114939
vn 0.5824215 0.0068988 -0.8128576
vn 0.5858219 0.0069139 0.8104104
vn 0.5843334 0.0088598 -0.8114654
vn 0.5878220 0.0088797 0.8089415
vn 0.5867020 0.0106441 -0.8097329
vn 0.5902996 0.0106686 0.8071138
vn 0.5894876 0.0122522 -0.8076845
vn 0.5932122 0.0122812 0.8049524
vn 0.5926501 0.0136840 -0.8053438
vn 0.5965186 0.0137174 0.8024820
vn 0.5961493 0.0149392 -0.8027346
vn 0.6001756 0.0149769 0.7997280
vn 0.5999447 0.0160169 -0.7998812
vn 0.6041406 0.0160588 0.7967159
vn 0.6039948 0.0169163 -0.7968087
vn 0.6083702 0.0169620 0.7934721
vn 0.6044862 0.0169989 -0.7964342
vn 0.5994185 0.0175797 -0.8002427
vn 0.6095957 0.0176513 -0.7925160
vn 0.6128197 0.0176850 0.7900248
vn 0.5934830 0.0180464 -0.8046442
vn 0.6155889 0.0182082 -0.7878571
vn 0.6174440 0.0182261 0.7864036
vn 0.5873998 0.0183235 -0.8090894
vn 0.6217384 0.0185823 -0.7830046
vn 0.6221963 0.0185833 0.7826408
vn 0.5812324 0.0184115 -0.8135294
vn 0.6279809 0.0187706 -0.7780023
vn 0.6270292 0.0187543 0.7787700
vn 0.5750444 0.0183114 -0.8179172
vn 0.6342531 0.0187701 -0.7728975
vn 0.6318943 0.0187369 0.7748281
vn 0.5689011 0.0180240 -0.8222085
vn 0.6404902 0.0185778 -0.7677417
vn 0.6367413 0.0185286 0.7708548
vn 0.5628670 0.0175506 -0.8263611
vn 0.6466259 0.0181904 -0.7625903
vn 0.6415197 0.0181270 0.7668924
vn 0.5570080 0.0168926 -0.8303353
vn 0.6525941 0.0176049 -0.7575032
vn 0.6459869 0.0175285 0.7631473
vn 0.6462114 0.0175301 0.7629571
vn 0.6460878 0.0175412 0.7630615
vn 0.5513892 0.0160513 -0.8340937
vn 0.6583278 0.0168186 -0.7525435
vn 0.6409512 0.0166754 0.7674004
vn 0.6523895 0.0167529 0.7576987
vn 0.5460761 0.0150283 -0.8376008
vn 0.6637594 0.0158288 -0.7477786
vn 0.6361799 0.0156305 0.7713824
vn 0.6582415 0.0157721 0.7526416
vn 0.5411330 0.0138248 -0.8408234
vn 0.6688220 0.0146332 -0.7432786
vn 0.6317328 0.0143942 0.7750525
vn 0.6636940 0.0145852 0.7478620
vn 0.5366244 0.0124423 -0.8437295
vn 0.6734475 0.0132302 -0.7391167
vn 0.6276696 0.0129675 0.7783718
vn 0.6686749 0.0131903 0.7434379
vn 0.5326144 0.0108815 -0.8462881
vn 0.6775689 0.0116185 -0.7353676
vn 0.6240503 0.0113509 0.7813017
vn 0.6731120 0.0115862 0.7394498
vn 0.5291659 0.0091432 -0.8484692
vn 0.6811187 0.0097977 -0.7321075
vn 0.6209337 0.0095449 0.7838050
vn 0.6769328 0.0097724 0.7359800
vn 0.5263417 0.0072274 -0.8502424
vn 0.6840302 0.0077680 -0.7294124
vn 0.6183786 0.0075498 0.7858440
vn 0.6800658 0.0077492 0.7331101
vn 0.5242043 0.0051338 -0.8515770
vn 0.6862365 0.0055304 -0.7273575
vn 0.6164433 0.0053654 0.7873810
vn 0.6824396 0.0055177 0.7309211
vn 0.5228163 0.0028453 -0.8524406
vn 0.6876715 0.0030802 -0.7260154
vn 0.6151857 0.0029805 0.7883766
vn 0.6839831 0.0030733 0.7294914
vn 0.5222794 0.0002611 -0.8527743
vn 0.6882893 0.0003868 -0.7254362
vn 0.6146973 0.0003321 0.7887630
vn 0.6846462 0.0003850 0.7288755
vn 0.5229234 -0.0026775 -0.8523755
vn 0.6881769 -0.0025117 -0.7255386
vn 0.6152635 -0.0025858 0.7883173
vn 0.6845095 -0.0025096 0.7289997
vn 0.5251512 -0.0057234 -0.8509897
vn 0.6875436 -0.0054151 -0.7261228
vn 0.6172291 -0.0055499 0.7867640
vn 0.6837801 -0.0054101 0.7296680
vn 0.5289369 -0.0086060 -0.8486175
vn 0.6864512 -0.0081590 -0.7271301
vn 0.6205658 -0.0083454 0.7841100
vn 0.6825238 -0.0081508 0.7308179
vn 0.5341510 -0.0112743 -0.8453139
vn 0.6849229 -0.0107157 -0.7285367
vn 0.6251547 -0.0109317 0.7804244
vn 0.6807673 -0.0107038 0.7324215
vn 0.5406565 -0.0137248 -0.8411315
vn 0.6829795 -0.0130845 -0.7303203
vn 0.6308684 -0.0133054 0.7757757
vn 0.6785358 -0.0130684 0.7344511
vn 0.5483125 -0.0159564 -0.8361213
vn 0.6806410 -0.0152655 -0.7324580
vn 0.6375754 -0.0154649 0.7702327
vn 0.6758532 -0.0152442 0.7368786
vn 0.5569747 -0.0179685 -0.8303351
vn 0.6779276 -0.0172582 -0.7349261
vn 0.6451426 -0.0174096 0.7638639
vn 0.6727436 -0.0172310 0.7396751
vn 0.5664990 -0.0197612 -0.8238254
vn 0.6748587 -0.0190619 -0.7377006
vn 0.6534364 -0.0191400 0.7567393
vn 0.6692308 -0.0190278 0.7428109
vn 0.5767414 -0.0213353 -0.8166481
vn 0.6714548 -0.0206761 -0.7407570
vn 0.6623247 -0.0206571 0.7489321
vn 0.6653394 -0.0206340 0.7462558
vn 0.5875599 -0.0226925 -0.8088624
vn 0.6677369 -0.0220998 -0.7440692
vn 0.6644047 -0.0209464 0.7470794
vn 0.6627428 -0.0220603 0.7485220
vn 0.5988158 -0.0238349 -0.8005320
vn 0.6637266 -0.0233319 -0.7476113
vn 0.6604269 -0.0233006 0.7505288
vn 0.6103755 -0.0247653 -0.7917250
vn 0.6594467 -0.0243716 -0.7513562
vn 0.6579363 -0.0243511 0.7526798
vn 0.6221104 -0.0254873 -0.7825145
vn 0.6549208 -0.0252178 -0.7552766
vn 0.6552818 -0.0252107 0.7549637
vn 0.6339000 -0.0260047 -0.7729777
vn 0.6501747 -0.0258693 -0.7593442
vn 0.6524752 -0.0258782 0.7573681
vn 0.6453534 -0.0263145 -0.7634308
vn 0.6452898 -0.0263258 -0.7634842
vn 0.6495294 -0.0263522 0.7598797
vn 0.6425166 -0.0266060 -0.7658098
vn 0.6464581 -0.0266323 0.7624845
vn 0.6396349 -0.0267638 -0.7682127
vn 0.6432742 -0.0267897 0.7651671
vn 0.6366184 -0.0274127 -0.7706916
vn 0.6399522 -0.0274390 0.7679247
vn 0.6332121 -0.0298398 -0.7734029
vn 0.6362259 -0.0298687 0.7709244
vn 0.6289039 -0.0336780 -0.7767533
vn 0.6315535 -0.0337100 0.7745991
vn 0.6236749 -0.0374596 -0.7807858
vn 0.6259121 -0.0374926 0.7789919
vn 0.6176428 -0.0407998 -0.7853997
vn 0.3141576 -0.0405084 0.9485062
vn 0.6194227 -0.0408312 0.7839951
vn 0.6109291 -0.0436764 -0.7904796
vn 0.3369277 -0.0433127 0.9405338
vn 0.6122113 -0.0437034 0.7894855
vn 0.6036530 -0.0460936 -0.7959136
vn 0.3607778 -0.0457476 0.9315292
vn 0.6044015 -0.0461136 0.7953442
vn 0.5959330 -0.0480567 -0.8015949
vn 0.3854647 -0.0477884 0.9214842
vn 0.5961165 -0.0480674 0.8014578
vn 0.3021010 -0.0486999 -0.9520311
vn 0.5878843 -0.0495720 -0.8074247
vn 0.4107357 -0.0494111 0.9104146
vn 0.5874774 -0.0495713 0.8077208
vn 0.3291505 -0.0500303 -0.9429512
vn 0.5796197 -0.0506466 -0.8133117
vn 0.4363321 -0.0505942 0.8983621
vn 0.5786021 -0.0506329 0.8140368
vn 0.3565274 -0.0509313 -0.9328956
vn 0.5712488 -0.0512872 -0.8191730
vn 0.4619943 -0.0513192 0.8853968
vn 0.5696058 -0.0512595 0.8203180
vn 0.3839649 -0.0513814 -0.9219170
vn 0.5628777 -0.0515010 -0.8249341
vn 0.4874676 -0.0515719 0.8716167
vn 0.5606005 -0.0514587 0.8264860
vn 0.4111971 -0.0513637 -0.9100982
vn 0.5546088 -0.0512948 -0.8305287
vn 0.5125086 -0.0513429 0.8571458
vn 0.5516945 -0.0512379 0.8324710
vn 0.4379660 -0.0508662 -0.8975513
vn 0.5465411 -0.0506747 -0.8358977
vn 0.5368895 -0.0506279 0.8421321
vn 0.5429925 -0.0506040 0.8382115
vn 0.4640276 -0.0498827 -0.8844151
vn 0.5387704 -0.0496468 -0.8409885
vn 0.5414023 -0.0504041 0.8392515
vn 0.5367444 -0.0496034 0.8422855
vn 0.4891562 -0.0484185 -0.8708513
vn 0.5313892 -0.0482228 -0.8457541
vn 0.5313485 -0.0482142 0.8457802
vn 0.5131525 -0.0466443 -0.8570291
vn 0.5244814 -0.0465750 -0.8501470
vn 0.5263745 -0.0466344 0.8489730
vn 0.5220268 -0.0464767 -0.8516618
vn 0.5194532 -0.0466107 -0.8532267
vn 0.5219122 -0.0471987 0.8516924
vn 0.5150820 -0.0627167 -0.8548434
vn 0.5170205 -0.0646301 0.8535295
vn 0.4956744 -0.1393027 -0.8572640
vn 0.4960900 -0.1382727 0.8571904
vn 0.3858717 -0.2467155 -0.8889514
vn 0.3908603 -0.2402990 0.8885294
vn 0.2111217 -0.2652535 -0.9407807
vn 0.1221307 -0.1874371 0.9746546
vn 0.2090092 -0.2685665 0.9403123
vn 0.0796351 -0.2784336 -0.9571484
vn 0.0775273 -0.2794105 -0.9570367
vn 0.1481884 -0.2679992 0.9519542
vn 0.0785358 -0.2847888 0.9553677
vn 0.0084353 -0.2097677 -0.9777149
vn 0.0083575 -0.2101985 0.9776230
vn -0.0173393 -0.1073161 -0.9940737
vn -0.0173431 -0.1073299 0.9940721
vn -0.0261692 -0.0649127 -0.9975477
vn -0.0260692 -0.0649096 0.9975506
vn -0.0302467 -0.0503444 -0.9982738
vn -0.0300605 -0.0502994 0.9982817
vn -0.0318135 -0.0348616 -0.9988857
vn -0.0313903 -0.0350030 0.9988941
vn -0.0402684 0.0165842 -0.9990513
vn -0.0374097 0.0143557 0.9991969
vn -0.0971784 0.2084375 -0.9731959
vn -0.0860365 0.2013143 0.9757409
vn -0.2136285 0.7547048 -0.6203092
vn -0.1844945 0.7450619 -0.6409715
vn -0.1545295 0.7452098 0.6486779
vn -0.1732258 0.8139238 -0.5545456
vn -0.0336345 0.9921535 -0.1204168
vn -0.0036656 0.9998425 -0.0173638
vn -0.0002511 0.9999992 -0.0012065
vn -0.0000459 1.0000000 -0.0000234
vn -0.0000361 1.0000000 -0.0000005
vn -0.0000410 1.0000000 0.0000110
vn -0.0001382 0.9999999 0.0004105
vn -0.0024693 0.9999648 0.0080166
vn -0.0240095 0.9968871 0.0750983
vn -0.1227296 0.8953009 0.4282216
vn 0.6998464 -0.5263454 -0.4828825
vn 0.7758871 -0.4988834 -0.3861535
vn 0.6681185 -0.7001545 -0.2517963
vn 0.5401588 -0.8413604 -0.0184695
vn 0.6306743 -0.7490336 0.2029749
vn 0.7234912 -0.5233563 0.4501762
vn 0.7765101 -0.4979515 0.3861041
vn 0.6058304 -0.1097983 -0.7879809
vn 0.8449697 -0.1128895 -0.5227640
vn 0.8568849 -0.1108679 -0.5034447
vn 0.8498859 -0.2093466 0.4835988
vn 0.6589578 -0.1158908 0.7431985
vn 0.8574541 -0.1128531 0.5020326
vn 0.6147839 -0.0273500 -0.7882214
vn 0.8531528 -0.0272375 -0.5209495
vn 0.8541154 -0.0577704 -0.5168651
vn 0.6690588 -0.0282077 0.7426739
vn 0.8572535 -0.0277555 0.5141460
vn 0.6159205 -0.0005743 -0.7878081
vn 0.8529781 -0.0001259 -0.5219468
vn 0.6702268 -0.0004949 0.7421562
vn 0.8570410 -0.0001275 0.5152482
vn 0.6154850 0.0048725 -0.7881336
vn 0.8539391 0.0057067 -0.5203418
vn 0.6698135 0.0050739 0.7425120
vn 0.8580616 0.0057218 0.5135149
vn 0.6147790 0.0070808 -0.7886677
vn 0.8554969 0.0083028 -0.5177414
vn 0.6691434 0.0073737 0.7430967
vn 0.8597150 0.0083251 0.5107062
vn 0.6138341 0.0090735 -0.7893829
vn 0.8575879 0.0106659 -0.5142268
vn 0.6682469 0.0094511 0.7438796
vn 0.8619326 0.0106952 0.5069100
vn 0.6126781 0.0108709 -0.7902579
vn 0.8582386 0.0112085 -0.5131286
vn 0.8576959 0.0128007 -0.5139978
vn 0.8613356 0.0128289 -0.5078744
vn 0.6671495 0.0113267 0.7448377
vn 0.8646536 0.0128542 0.5022040
vn 0.6113381 0.0124725 -0.7912712
vn 0.8568545 0.0147086 -0.5153484
vn 0.8661374 0.0147913 -0.4995869
vn 0.6658777 0.0130001 0.7459477
vn 0.8678156 0.0148027 0.4966660
vn 0.6098430 0.0138784 -0.7924008
vn 0.8559144 0.0163942 -0.5168577
vn 0.8714854 0.0165491 -0.4901423
vn 0.6644577 0.0144713 0.7471857
vn 0.8713557 0.0165405 0.4903732
vn 0.6082197 0.0150889 -0.7936252
vn 0.8548927 0.0178576 -0.5184975
vn 0.8772730 0.0181003 -0.4796505
vn 0.6629161 0.0157405 0.7485282
vn 0.8752108 0.0180666 0.4834043
vn 0.6064963 0.0161045 -0.7949232
vn 0.8538059 0.0190986 -0.5202410
vn 0.8833947 0.0194423 -0.4682263
vn 0.6612785 0.0168081 0.7499521
vn 0.8793188 0.0193796 0.4758392
vn 0.6046995 0.0169263 -0.7962738
vn 0.8526708 0.0201171 -0.5220612
vn 0.8897473 0.0205716 -0.4559896
vn 0.8828449 0.0204688 0.4692184
vn 0.8840516 0.0204840 0.4669402
vn 0.8829899 0.0203155 0.4689521
vn 0.6595703 0.0176750 0.7514350
vn 0.8515032 0.0209131 -0.5239322
vn 0.8962314 0.0214842 -0.4430664
vn 0.8818299 0.0212840 0.4710870
vn 0.8914877 0.0214106 0.4525389
vn 0.6578164 0.0183420 0.7529550
vn 0.8503186 0.0214864 -0.5258294
vn 0.9027519 0.0221758 -0.4295896
vn 0.8807999 0.0218732 0.4729832
vn 0.8989530 0.0221177 0.4374865
vn 0.6560400 0.0188103 0.7544918
vn 0.8491318 0.0218372 -0.5277294
vn 0.9092206 0.0226420 -0.4156984
vn 0.8797681 0.0222362 0.4748829
vn 0.9063430 0.0226000 0.4219379
vn 0.6542634 0.0190811 0.7560260
vn 0.8479567 0.0219653 -0.5296103
vn 0.9155564 0.0228786 -0.4015384
vn 0.8787462 0.0223729 0.4767647
vn 0.9135622 0.0228524 0.4060566
vn 0.6525081 0.0191559 0.7575396
vn 0.8468062 0.0218711 -0.5314516
vn 0.9216865 0.0228814 -0.3872603
vn 0.8777458 0.0222831 0.4786081
vn 0.9205248 0.0228701 0.3900141
vn 0.6507929 0.0190364 0.7590166
vn 0.8456926 0.0215545 -0.5332348
vn 0.9275470 0.0226464 -0.3730197
vn 0.8767774 0.0219666 0.4803945
vn 0.9271570 0.0226483 0.3739880
vn 0.6491361 0.0187241 0.7604418
vn 0.8446268 0.0210158 -0.5349429
vn 0.9330837 0.0221702 -0.3589753
vn 0.8758505 0.0214236 0.4821067
vn 0.9333962 0.0221834 0.3581612
vn 0.6475534 0.0182207 0.7618022
vn 0.8436185 0.0202553 -0.5365608
vn 0.9382515 0.0214498 -0.3452885
vn 0.8749738 0.0206538 0.4837295
vn 0.9391924 0.0214719 0.3427196
vn 0.8426769 0.0192731 -0.5380745
vn 0.9430142 0.0204827 -0.3321214
vn 0.8741549 0.0196575 0.4852491
vn 0.9445069 0.0205112 0.3278506
vn 0.8418094 0.0180696 -0.5394724
vn 0.9473443 0.0192669 -0.3196365
vn 0.8734007 0.0184346 0.4866532
vn 0.9493122 0.0192993 0.3137416
vn 0.8410228 0.0166451 -0.5407435
vn 0.9512213 0.0178009 -0.3079953
vn 0.8727170 0.0169852 0.4879308
vn 0.9535900 0.0178350 0.3005793
vn 0.8403230 0.0149997 -0.5418785
vn 0.9546306 0.0160840 -0.2973577
vn 0.8721089 0.0153095 0.4890723
vn 0.9573300 0.0161176 0.2885471
vn 0.8397150 0.0131337 -0.5428686
vn 0.9575619 0.0141158 -0.2878818
vn 0.8715807 0.0134075 0.4900687
vn 0.9605271 0.0141471 0.2778263
vn 0.8392034 0.0110472 -0.5437054
vn 0.9600070 0.0118966 -0.2797231
vn 0.8711365 0.0112794 0.4909113
vn 0.9631795 0.0119239 0.2685947
vn 0.8387925 0.0087402 -0.5443810
vn 0.9619578 0.0094271 -0.2730354
vn 0.8707800 0.0089251 0.4915919
vn 0.9652852 0.0094493 0.2610273
vn 0.8384866 0.0062128 -0.5448868
vn 0.9634038 0.0067090 -0.2679705
vn 0.8705149 0.0063449 0.4921013
vn 0.9668396 0.0067251 0.2552960
vn 0.8382906 0.0034717 -0.5452126
vn 0.9643294 0.0037645 -0.2646785
vn 0.8703451 0.0035488 0.4924297
vn 0.9678315 0.0037737 0.2515710
vn 0.8382244 0.0005812 -0.5453251
vn 0.9643896 0.0033079 -0.2644653
vn 0.9643732 0.0007526 -0.2645447
vn 0.9652466 0.0007536 -0.2613395
vn 0.8702868 0.0006229 0.4925449
vn 0.9682506 0.0007555 0.2499805
vn 0.8383943 -0.0022843 -0.5450594
vn 0.9644129 -0.0020188 -0.2643931
vn 0.9649495 -0.0020184 -0.2624279
vn 0.8704263 -0.0022269 0.4922939
vn 0.9681436 -0.0020212 0.2503871
vn 0.8389474 -0.0049900 -0.5441897
vn 0.9641511 -0.0044845 -0.2653157
vn 0.9644600 -0.0028880 -0.2642134
vn 0.8708819 -0.0048814 0.4914681
vn 0.9676184 -0.0044921 0.2523775
vn 0.8398858 -0.0075200 -0.5427111
vn 0.9633268 -0.0067811 -0.2682454
vn 0.8716553 -0.0073586 0.4900642
vn 0.9667063 -0.0067927 0.2557984
vn 0.8411767 -0.0098748 -0.5406702
vn 0.9621620 -0.0089410 -0.2723315
vn 0.8727189 -0.0096657 0.4881272
vn 0.9654142 -0.0089564 0.2605670
vn 0.8427851 -0.0120536 -0.5381153
vn 0.9606611 -0.0109666 -0.2775070
vn 0.8740441 -0.0118024 0.4857032
vn 0.9637437 -0.0109854 0.2666031
vn 0.8446749 -0.0140561 -0.5350950
vn 0.9588254 -0.0128585 -0.2837049
vn 0.8756011 -0.0137681 0.4828388
vn 0.9616929 -0.0128801 0.2738261
vn 0.8468103 -0.0158823 -0.5316577
vn 0.9566546 -0.0146160 -0.2908578
vn 0.8773597 -0.0155628 0.4795808
vn 0.9592572 -0.0146399 0.2821547
vn 0.8491557 -0.0175328 -0.5278516
vn 0.9541470 -0.0162378 -0.2988976
vn 0.8792907 -0.0171870 0.4759752
vn 0.9564308 -0.0162631 0.2915058
vn 0.8516757 -0.0190082 -0.5237243
vn 0.9513010 -0.0177220 -0.3077539
vn 0.8813651 -0.0186415 0.4720678
vn 0.9532078 -0.0177475 0.3017947
vn 0.8543365 -0.0203101 -0.5193233
vn 0.9481149 -0.0190660 -0.3173558
vn 0.8835546 -0.0199275 0.4679039
vn 0.9495831 -0.0190903 0.3129340
vn 0.6683235 -0.0220172 0.7435449
vn 0.8571053 -0.0214396 -0.5146949
vn 0.9445888 -0.0202668 -0.3276295
vn 0.8858324 -0.0210461 0.4635277
vn 0.9455532 -0.0202881 0.3248344
vn 0.6735805 -0.0231969 0.7387499
vn 0.8599512 -0.0223984 -0.5098847
vn 0.9407250 -0.0213208 -0.3384993
vn 0.8881728 -0.0219990 0.4589826
vn 0.9411183 -0.0213373 0.3374035
vn 0.6790034 -0.0241837 0.7337367
vn 0.8628443 -0.0231885 -0.5049376
vn 0.9365278 -0.0222245 -0.3498882
vn 0.8905517 -0.0227879 0.4543110
vn 0.9362814 -0.0222340 0.3505463
vn 0.6845365 -0.0249798 0.7285506
vn 0.8657572 -0.0238118 -0.4998975
vn 0.9320052 -0.0229742 -0.3617161
vn 0.8929460 -0.0234146 0.4495544
vn 0.9310506 -0.0229745 0.3641661
vn 0.6901265 -0.0255873 0.7232363
vn 0.6455007 -0.0263243 -0.7633059
vn 0.8686637 -0.0242701 -0.4948074
vn 0.9271690 -0.0235660 -0.3739013
vn 0.8953350 -0.0238808 0.4447528
vn 0.9254390 -0.0235549 0.3781636
vn 0.6957228 -0.0260082 0.7178394
vn 0.6516466 -0.0265479 -0.7580580
vn 0.8715397 -0.0245662 -0.4897092
vn 0.9220353 -0.0239972 -0.3863614
vn 0.8976985 -0.0241891 0.4399456
vn 0.9194656 -0.0239724 0.3924389
vn 0.7012770 -0.0262454 0.7124056
vn 0.6577011 -0.0266581 -0.7528072
vn 0.8743612 -0.0247805 -0.4846427
vn 0.9166225 -0.0243436 -0.3990120
vn 0.9000170 -0.0244204 0.4351701
vn 0.9131534 -0.0243029 0.4068909
vn 0.7067418 -0.0263757 0.7069797
vn 0.6636233 -0.0272796 -0.7475694
vn 0.8771027 -0.0255797 -0.4796212
vn 0.9108983 -0.0252729 -0.4118563
vn 0.9022669 -0.0252441 0.4304383
vn 0.9064695 -0.0252122 0.4215181
vn 0.7120802 -0.0270350 0.7015774
vn 0.6695106 -0.0297258 -0.7422075
vn 0.8797975 -0.0283458 -0.4745029
vn 0.9044790 -0.0281697 -0.4255869
vn 0.9032341 -0.0264682 0.4283313
vn 0.7173779 -0.0295572 0.6960570
vn 0.9009959 -0.0281073 0.4329161
vn 0.6757057 -0.0336399 -0.7364035
vn 0.8826205 -0.0326472 -0.4689512
vn 0.8965118 -0.0325817 -0.4418201
vn 0.7229484 -0.0335673 0.6900861
vn 0.8960583 -0.0325559 0.4427410
vn 0.6822985 -0.0375354 -0.7301095
vn 0.8856347 -0.0368639 -0.4629173
vn 0.8868101 -0.0368612 -0.4606615
vn 0.7288764 -0.0375438 0.6836152
vn 0.8900570 -0.0369061 0.4543528
vn 0.6892682 -0.0410142 -0.7233444
vn 0.8799149 -0.0406745 -0.4733871
vn 0.8858981 -0.0371668 -0.4623887
vn 0.7351431 -0.0410813 0.6766661
vn 0.8830408 -0.0407299 0.4675254
vn 0.6965792 -0.0440433 -0.7161268
vn 0.8725322 -0.0439462 -0.4865760
vn 0.7417140 -0.0441472 0.6692618
vn 0.8750647 -0.0440000 0.4820017
vn 0.7041909 -0.0466143 -0.7084789
vn 0.8643385 -0.0466721 -0.5007402
vn 0.7485510 -0.0467347 0.6614283
vn 0.8661916 -0.0467194 0.4975232
vn 0.7120591 -0.0487181 -0.7004272
vn 0.8554085 -0.0488573 -0.5156446
vn 0.7556122 -0.0488365 0.6531962
vn 0.8564967 -0.0488926 0.5138316
vn 0.7201355 -0.0503462 -0.6920044
vn 0.8458290 -0.0505084 -0.5310577
vn 0.7628521 -0.0504460 0.6446022
vn 0.8460698 -0.0505262 0.5306723
vn 0.7283673 -0.0514906 -0.6832495
vn 0.8356990 -0.0516337 -0.5467550
vn 0.7702215 -0.0515574 0.6356892
vn 0.8350162 -0.0516290 0.5477977
vn 0.7366982 -0.0521439 -0.6742082
vn 0.8251311 -0.0522422 -0.5625206
vn 0.7776682 -0.0521652 0.6265070
vn 0.8234576 -0.0522106 0.5649704
vn 0.7450694 -0.0522999 -0.6649333
vn 0.8142502 -0.0523441 -0.5781493
vn 0.7851384 -0.0522655 0.6171110
vn 0.8115310 -0.0522820 0.5819656
vn 0.7534202 -0.0519538 -0.6554836
vn 0.8031932 -0.0519500 -0.5934493
vn 0.7925762 -0.0518554 0.6075639
vn 0.7993878 -0.0518555 0.5985734
vn 0.7616887 -0.0511022 -0.6459249
vn 0.7921068 -0.0510709 -0.6082421
vn 0.7951609 -0.0515347 0.6042047
vn 0.7900345 -0.0510112 0.6109365
vn 0.7698137 -0.0497432 -0.6363273
vn 0.7811471 -0.0497182 -0.6223643
vn 0.5510836 -0.0496740 0.8329702
vn 0.7823587 -0.0497306 0.6208395
vn 0.7746640 -0.0486106 -0.6305019
vn 0.7719563 -0.0479405 -0.6338652
vn 0.5628834 -0.0483075 0.8251234
vn 0.7749733 -0.0479921 0.6301691
vn 0.7654387 -0.0459633 -0.6418653
vn 0.5744395 -0.0466536 0.8172164
vn 0.7679827 -0.0460107 0.6388157
vn 0.5293922 -0.0465392 -0.8470997
vn 0.7592692 -0.0459286 -0.6491540
vn 0.5856645 -0.0468109 0.8092008
vn 0.7613593 -0.0460383 0.6466935
vn 0.5414466 -0.0624511 -0.8384125
vn 0.7523336 -0.0627901 -0.6557831
vn 0.5965474 -0.0637484 0.8000422
vn 0.7539858 -0.0631630 0.6538470
vn 0.5519300 -0.1496455 -0.8203533
vn 0.7338594 -0.1545385 -0.6614895
vn 0.6060712 -0.1534358 0.7804711
vn 0.7345918 -0.1545790 0.6606665
vn 0.5298843 -0.3949591 -0.7504864
vn 0.6106108 -0.4166152 -0.6734883
vn 0.5835505 -0.4145237 0.6983115
vn 0.6086358 -0.4191753 0.6736873
vn 0.4902928 -0.4992473 -0.7143984
vn 0.2804563 -0.4872227 -0.8270177
vn 0.5715342 -0.4523457 0.6846401
vn 0.2803695 -0.4910618 0.8247735
vn 0.0766467 -0.2857460 -0.9552352
vn 0.0670579 -0.3805536 -0.9223243
vn 0.0954876 -0.3868311 0.9171935
vn 0.0664982 -0.3781208 0.9233648
vn 0.0467622 -0.3420791 -0.9385070
vn -0.0066724 -0.2555615 -0.9667698
vn -0.0066421 -0.2568564 0.9664267
vn -0.0309457 -0.1242198 -0.9917720
vn -0.0309422 -0.1243014 0.9917619
vn -0.0387906 -0.0711123 -0.9967138
vn -0.0385560 -0.0711039 0.9967234
vn -0.0421001 -0.0526541 -0.9977250
vn -0.0416897 -0.0526330 0.9977433
vn -0.0424486 -0.0368380 -0.9984193
vn -0.0419390 -0.0368220 0.9984414
vn -0.0426895 -0.0010564 -0.9990878
vn -0.0420710 -0.0010010 0.9991141
vn -0.0580481 0.1470726 -0.9874209
vn -0.0570078 0.1504578 0.9869714
vn -0.0872477 0.7099559 -0.6988208
vn -0.0622487 0.7352020 0.6749838
vn -0.0726747 0.8883576 -0.4533643
vn -0.0132790 0.9972896 -0.0723679
vn -0.0013877 0.9999771 -0.0066174
vn -0.0003689 0.9999999 -0.0002213
vn -0.0003874 0.9999999 -0.0000036
vn -0.0003949 0.9999999 -0.0000001
vn -0.0003880 0.9999999 0.0000019
vn -0.0003605 0.9999999 0.0000767
vn -0.0006307 0.9999911 0.0041702
vn -0.0047261 0.9985149 0.0542734
vn -0.0344381 0.9339293 0.3557950
vn 0.7993659 -0.5283688 -0.2860782
vn 0.8369551 -0.5467019 -0.0249601
vn 0.8087261 -0.5361061 0.2419761
vn 0.9507762 -0.1281338 -0.2821462
vn 0.9914100 -0.1285928 -0.0238775
vn 0.9632762 -0.1286566 0.2356829
vn 0.8702146 -0.1143439 0.4792203
vn 0.8571989 -0.0272777 -0.5142626
vn 0.9615328 -0.0297647 -0.2730727
vn 0.9992791 -0.0303648 -0.0227854
vn 0.9733038 -0.0298211 0.2275751
vn 0.8810498 -0.0280449 0.4721915
vn 0.8579844 -0.0001108 -0.5136757
vn 0.9622813 0.0001002 -0.2720565
vn 0.9997439 0.0000963 -0.0226320
vn 0.9739639 0.0001344 0.2267030
vn 0.8818273 -0.0000540 0.4715725
vn 0.8580275 0.0057363 -0.5135717
vn 0.9622788 0.0063921 -0.2719898
vn 0.9997222 0.0066151 -0.0226216
vn 0.9739551 0.0064631 0.2266490
vn 0.8818578 0.0058901 0.4714787
vn 0.8581007 0.0083302 -0.5134141
vn 0.9622744 0.0092820 -0.2719225
vn 0.9996980 0.0096079 -0.0226165
vn 0.9739439 0.0093849 0.2265949
vn 0.8819110 0.0085532 0.4713383
vn 0.8582043 0.0106742 -0.5131972
vn 0.9622720 0.0118960 -0.2718289
vn 0.9996685 0.0123137 -0.0226094
vn 0.9739324 0.0120279 0.2265195
vn 0.8819876 0.0109605 0.4711450
vn 0.9622741 0.0142553 -0.2717082
vn 0.9996356 0.0147562 -0.0226002
vn 0.9739227 0.0144136 0.2264219
vn 0.8820893 0.0131323 0.4708991
vn 0.9622827 0.0163599 -0.2715592
vn 0.9996014 0.0169351 -0.0225886
vn 0.9739169 0.0165417 0.2263012
vn 0.8822178 0.0150682 0.4706004
vn 0.9622998 0.0182098 -0.2713809
vn 0.9995674 0.0188505 -0.0225747
vn 0.9739170 0.0184125 0.2261561
vn 0.8823746 0.0167684 0.4702486
vn 0.9623271 0.0198055 -0.2711721
vn 0.9995353 0.0205031 -0.0225583
vn 0.9739248 0.0200264 0.2259857
vn 0.8825613 0.0182335 0.4698438
vn 0.9623662 0.0211480 -0.2709320
vn 0.9995062 0.0218938 -0.0225393
vn 0.9739414 0.0213844 0.2257893
vn 0.8827785 0.0194643 0.4693860
vn 0.9624181 0.0222385 -0.2706602
vn 0.9994813 0.0230238 -0.0225175
vn 0.9739683 0.0224876 0.2255662
vn 0.9624836 0.0230784 -0.2703568
vn 0.9994615 0.0238945 -0.0224930
vn 0.9740061 0.0233375 0.2253165
vn 0.9625630 0.0236693 -0.2700227
vn 0.9994472 0.0245077 -0.0224659
vn 0.9740552 0.0239357 0.2250410
vn 0.9626563 0.0240128 -0.2696596
vn 0.9994390 0.0248649 -0.0224362
vn 0.9741159 0.0242838 0.2247408
vn 0.9627630 0.0241109 -0.2692699
vn 0.9994372 0.0249681 -0.0224042
vn 0.9741879 0.0243837 0.2244180
vn 0.9628819 0.0239653 -0.2688570
vn 0.9994416 0.0248192 -0.0223701
vn 0.9742703 0.0242373 0.2240754
vn 0.9630120 0.0235780 -0.2684252
vn 0.9994523 0.0244199 -0.0223343
vn 0.9743625 0.0238464 0.2237166
vn 0.9631512 0.0229507 -0.2679797
vn 0.9994687 0.0237720 -0.0222972
vn 0.9744628 0.0232127 0.2233459
vn 0.9632973 0.0220851 -0.2675268
vn 0.9994904 0.0228773 -0.0222594
vn 0.9745697 0.0223380 0.2229687
vn 0.9634477 0.0209827 -0.2670735
vn 0.9995168 0.0217372 -0.0222215
vn 0.9746809 0.0212237 0.2225907
vn 0.9635994 0.0196450 -0.2666275
vn 0.9995467 0.0203530 -0.0221841
vn 0.9747944 0.0198713 0.2222186
vn 0.9637491 0.0180730 -0.2661974
vn 0.9995793 0.0187258 -0.0221480
vn 0.9749073 0.0182817 0.2218595
vn 0.9638930 0.0162676 -0.2657924
vn 0.9996133 0.0168564 -0.0221139
vn 0.9750168 0.0164560 0.2215210
vn 0.9640274 0.0142294 -0.2654219
vn 0.9996474 0.0147454 -0.0220827
vn 0.9751197 0.0143945 0.2212113
vn 0.9641480 0.0119584 -0.2650955
vn 0.9996799 0.0123928 -0.0220551
vn 0.9752127 0.0120974 0.2209384
vn 0.9642507 0.0094544 -0.2648229
vn 0.9997093 0.0097983 -0.0220321
vn 0.9752924 0.0095645 0.2207104
vn 0.9643312 0.0067169 -0.2646134
vn 0.9997334 0.0069616 -0.0220145
vn 0.9753554 0.0067953 0.2205352
vn 0.9643849 0.0037648 -0.2644759
vn 0.9997503 0.0039061 -0.0220028
vn 0.9753976 0.0038100 0.2204201
vn 0.9997576 0.0008195 -0.0219968
vn 0.9754183 0.0007734 0.2203600
vn 0.9997563 -0.0019488 -0.0219884
vn 0.9754351 -0.0019981 0.2202780
vn 0.9645010 -0.0044825 -0.2640412
vn 0.9997492 -0.0043557 -0.0219655
vn 0.9754777 -0.0044456 0.2200536
vn 0.9646105 -0.0067704 -0.2635921
vn 0.9997379 -0.0065831 -0.0219267
vn 0.9755501 -0.0067160 0.2196744
vn 0.9647613 -0.0089133 -0.2629757
vn 0.9997232 -0.0086725 -0.0218736
vn 0.9756503 -0.0088435 0.2191539
vn 0.9649495 -0.0109127 -0.2622088
vn 0.9997057 -0.0106259 -0.0218074
vn 0.9757754 -0.0108296 0.2185065
vn 0.9651709 -0.0127689 -0.2613083
vn 0.9996865 -0.0124437 -0.0217298
vn 0.9759231 -0.0126748 0.2177464
vn 0.9654215 -0.0144824 -0.2602913
vn 0.9996660 -0.0141260 -0.0216422
vn 0.9760906 -0.0143793 0.2168879
vn 0.9656971 -0.0160533 -0.2591744
vn 0.9996451 -0.0156731 -0.0215459
vn 0.9762753 -0.0159434 0.2159451
vn 0.9659937 -0.0174818 -0.2579738
vn 0.9996241 -0.0170849 -0.0214425
vn 0.9764746 -0.0173672 0.2149318
vn 0.9663074 -0.0187681 -0.2567055
vn 0.9996038 -0.0183614 -0.0213332
vn 0.9766860 -0.0186509 0.2138615
vn 0.9666343 -0.0199121 -0.2553850
vn 0.9995846 -0.0195024 -0.0212195
vn 0.9769068 -0.0197942 0.2127471
vn 0.9669709 -0.0209139 -0.2540274
vn 0.9995670 -0.0205074 -0.0211026
vn 0.9771348 -0.0207971 0.2116015
vn 0.9673135 -0.0217733 -0.2526471
vn 0.9995512 -0.0213763 -0.0209837
vn 0.9773675 -0.0216595 0.2104369
vn 0.9676588 -0.0224900 -0.2512583
vn 0.9995378 -0.0221083 -0.0208641
vn 0.9776028 -0.0223809 0.2092650
vn 0.9680035 -0.0230638 -0.2498746
vn 0.9995270 -0.0227029 -0.0207450
vn 0.9778386 -0.0229610 0.2080974
vn 0.9683445 -0.0234949 -0.2485090
vn 0.9995189 -0.0231602 -0.0206274
vn 0.9780726 -0.0234000 0.2069451
vn 0.9686772 -0.0238650 -0.2471740
vn 0.9995119 -0.0235629 -0.0205124
vn 0.9783012 -0.0237799 0.2058185
vn 0.9689819 -0.0248714 -0.2458768
vn 0.9994887 -0.0246201 -0.0204006
vn 0.9785055 -0.0248020 0.2047238
vn 0.9692179 -0.0279671 -0.2446109
vn 0.9994074 -0.0278070 -0.0202914
vn 0.9786444 -0.0279263 0.2036550
vn 0.9037108 -0.0280996 0.4272203
vn 0.9693852 -0.0327073 -0.2433567
vn 0.9992626 -0.0326645 -0.0201830
vn 0.9787164 -0.0327036 0.2025950
vn 0.9044738 -0.0325741 0.4252834
vn 0.9695300 -0.0373878 -0.2421030
vn 0.9990967 -0.0374542 -0.0200742
vn 0.9787665 -0.0374185 0.2015342
vn 0.9052032 -0.0370098 0.4233645
vn 0.8867016 -0.0407535 -0.4605425
vn 0.9696761 -0.0415595 -0.2408341
vn 0.9989299 -0.0417188 -0.0199637
vn 0.9788176 -0.0416191 0.2004593
vn 0.9059307 -0.0409774 0.4214385
vn 0.8875954 -0.0441708 -0.4585013
vn 0.9698360 -0.0451904 -0.2395329
vn 0.9987705 -0.0454265 -0.0198500
vn 0.9788808 -0.0452736 0.1993559
vn 0.9066771 -0.0444449 0.4194776
vn 0.8885275 -0.0470947 -0.4563999
vn 0.9700195 -0.0482762 -0.2381838
vn 0.9986247 -0.0485737 -0.0197319
vn 0.9789648 -0.0483778 0.1982110
vn 0.9074599 -0.0474064 0.4174554
vn 0.8895156 -0.0495170 -0.4542137
vn 0.9702354 -0.0508110 -0.2367733
vn 0.9984982 -0.0511550 -0.0196082
vn 0.9790773 -0.0509262 0.1970132
vn 0.9082947 -0.0498544 0.4153496
vn 0.8905733 -0.0514287 -0.4519228
vn 0.9704905 -0.0527878 -0.2352907
vn 0.9983957 -0.0531640 -0.0194779
vn 0.9792246 -0.0529119 0.1957536
vn 0.9091935 -0.0517802 0.4131416
vn 0.8917114 -0.0528200 -0.4495117
vn 0.9707900 -0.0541991 -0.2337287
vn 0.9983214 -0.0545935 -0.0193406
vn 0.9794115 -0.0543275 0.1944263
vn 0.9101657 -0.0531747 0.4108174
vn 0.8929368 -0.0536801 -0.4469702
vn 0.9711378 -0.0550359 -0.2320830
vn 0.9982778 -0.0554351 -0.0191957
vn 0.9796414 -0.0551642 0.1930277
vn 0.9112171 -0.0540274 0.4083680
vn 0.8942528 -0.0539979 -0.4442929
vn 0.9715352 -0.0552891 -0.2303530
vn 0.9982671 -0.0556798 -0.0190435
vn 0.9799159 -0.0554131 0.1915576
vn 0.9123505 -0.0543279 0.4057893
vn 0.8956591 -0.0537623 -0.4414796
vn 0.9719822 -0.0549494 -0.2285413
vn 0.9982902 -0.0553182 -0.0188841
vn 0.9802351 -0.0550649 0.1900184
vn 0.9135654 -0.0540656 0.4030822
vn 0.8971522 -0.0529621 -0.4385351
vn 0.9724768 -0.0540071 -0.2266538
vn 0.9983470 -0.0543406 -0.0187182
vn 0.9805977 -0.0541100 0.1884153
vn 0.9148579 -0.0532296 0.4002519
vn 0.7966689 -0.0511508 0.6022477
vn 0.8987249 -0.0515868 -0.4354680
vn 0.9730154 -0.0524531 -0.2246992
vn 0.9949067 -0.0528768 -0.0858182
vn 0.9983685 -0.0539580 -0.0186773
vn 0.9810004 -0.0525393 0.1867561
vn 0.9954968 -0.0529138 0.0786523
vn 0.9162215 -0.0518100 0.3973083
vn 0.7991100 -0.0500391 0.5990987
vn 0.7757270 -0.0480010 -0.6292403
vn 0.9003669 -0.0496355 -0.4322913
vn 0.9735916 -0.0502880 -0.2226890
vn 0.9839877 -0.0505339 -0.1709224
vn 0.9813810 -0.0506406 0.1852753
vn 0.9176463 -0.0498061 0.3942647
vn 0.9805288 -0.0503606 0.1898078
vn 0.8016683 -0.0483993 0.5958065
vn 0.7785559 -0.0461360 -0.6258772
vn 0.9020541 -0.0473380 -0.4290193
vn 0.9715566 -0.0477499 -0.2319432
vn 0.9739697 -0.0486705 -0.2213917
vn 0.9191096 -0.0474423 0.3911352
vn 0.9737334 -0.0478356 0.2226097
vn 0.8043187 -0.0464621 0.5923788
vn 0.7813413 -0.0462850 -0.6223854
vn 0.9036646 -0.0470123 -0.4256525
vn 0.9647467 -0.0469299 -0.2589623
vn 0.9204943 -0.0469245 0.3879283
vn 0.9661992 -0.0469880 0.2534785
vn 0.8068995 -0.0467659 0.5888346
vn 0.7834944 -0.0637336 -0.6181218
vn 0.9045768 -0.0635063 -0.4215539
vn 0.9562035 -0.0616482 -0.2861368
vn 0.9211389 -0.0625994 0.3841672
vn 0.9566917 -0.0615422 0.2845232
vn 0.8088235 -0.0650524 0.5844423
vn 0.7816828 -0.1586618 -0.6031570
vn 0.8995075 -0.1554397 -0.4083195
vn 0.9336423 -0.1515697 -0.3245592
vn 0.9155856 -0.1524230 0.3721161
vn 0.9320849 -0.1507091 0.3294002
vn 0.8065154 -0.1607745 0.5689328
vn 0.7174795 -0.4734012 -0.5109936
vn 0.7992736 -0.4641102 -0.3817899
vn 0.8772602 -0.2972388 -0.3769133
vn 0.9077353 -0.2158697 0.3597458
vn 0.7405891 -0.4725696 0.4777088
vn 0.7996940 -0.4647100 0.3801764
vn 0.2582645 -0.7875957 -0.5594573
vn 0.2369260 -0.7753090 -0.5854588
vn 0.5995114 -0.6931398 -0.4001792
vn 0.6589035 -0.6367869 0.4004356
vn 0.3171244 -0.8038346 0.5032713
vn 0.2547238 -0.7801213 0.5714250
vn 0.0158658 -0.4782385 -0.8780867
vn 0.0272170 -0.4791094 0.8773332
vn 0.0180317 -0.4680623 0.8835115
vn -0.0021382 -0.4029289 -0.9152287
vn -0.0361422 -0.2941081 -0.9550886
vn -0.0356181 -0.2972022 0.9541500
vn -0.0519787 -0.1376413 -0.9891173
vn -0.0519416 -0.1378921 0.9890844
vn -0.0567517 -0.0756285 -0.9955198
vn -0.0566389 -0.0756005 0.9955283
vn -0.0586736 -0.0539108 -0.9968204
vn -0.0585006 -0.0538865 0.9968320
vn -0.0587803 -0.0355983 -0.9976360
vn -0.0585579 -0.0359260 0.9976374
vn -0.0576060 0.0013224 -0.9983385
vn -0.0575911 -0.0017531 0.9983387
vn -0.0549513 0.1480728 -0.9874486
vn -0.0584527 0.1408066 0.9883100
vn -0.0278494 0.7109952 -0.7026452
vn -0.0334805 0.7357512 0.6764239
vn -0.0178215 0.9075298 -0.4196092
vn -0.0018776 0.9980428 -0.0625072
vn -0.0009982 0.9999861 -0.0051785
vn -0.0012322 0.9999992 -0.0002150
vn -0.0016232 0.9999987 -0.0000496
vn -0.0016969 0.9999986 -0.0000011
vn -0.0016324 0.9999986 0.0000455
vn -0.0012787 0.9999992 0.0001710
vn -0.0009861 0.9999921 0.0038549
vn -0.0011233 0.9988444 0.0480475
vn -0.0134632 0.9465131 0.3223845
vn 0.9983825 -0.0536162 -0.0189109
vn 0.9984381 -0.0524631 -0.0192093
vn 0.9813202 -0.0504908 0.1856375
vn 0.9737465 -0.0480851 -0.2224984
vn 0.9985171 -0.0508278 -0.0194942
vn 0.9809092 -0.0488917 0.1882204
vn 0.9730874 -0.0483801 -0.2253004
vn 0.9984714 -0.0516156 -0.0197647
vn 0.9804147 -0.0493531 0.1906598
vn 0.9713647 -0.0663838 -0.2281312
vn 0.9971996 -0.0720534 -0.0200287
vn 0.9788043 -0.0681605 0.1931224
vn 0.9593688 -0.1664363 -0.2278388
vn 0.9839785 -0.1771722 -0.0199097
vn 0.9664702 -0.1697356 0.1926790
vn 0.8063555 -0.4785381 -0.3475517
vn 0.8311179 -0.5197958 -0.1976244
vn 0.8430388 -0.5375810 -0.0170946
vn 0.8345827 -0.5250996 0.1665593
vn 0.8112295 -0.4874062 0.3230200
vn 0.2017719 -0.8283924 -0.5225458
vn 0.1565864 -0.9541832 -0.2549805
vn 0.2013219 -0.9645460 -0.1706472
vn 0.3453839 -0.9249303 -0.1587889
vn 0.4857129 -0.8655288 -0.1222409
vn 0.5537892 -0.8325731 -0.0118118
vn 0.5055649 -0.8561785 0.1065958
vn 0.3728544 -0.9143018 0.1582142
vn 0.2260918 -0.9598009 0.1663273
vn 0.1802032 -0.8922595 0.4140045
vn 0.1592364 -0.9526149 0.2591690
vn 0.0839381 -0.8941078 -0.4399155
vn -0.0078746 -0.5265099 -0.8501325
vn 0.1071575 -0.9248724 0.3648673
vn -0.0023132 -0.5402052 0.8415301
vn -0.0064835 -0.5231010 0.8522460
vn -0.0138396 -0.4514084 -0.8922102
vn -0.0285248 -0.3156722 -0.9484395
vn -0.0281962 -0.3202948 0.9468982
vn -0.0347479 -0.1443613 -0.9889148
vn -0.0347992 -0.1447536 0.9888557
vn -0.0365244 -0.0776470 -0.9963117
vn -0.0366443 -0.0776396 0.9963078
vn -0.0372813 -0.0545683 -0.9978138
vn -0.0374379 -0.0545665 0.9978080
vn -0.0374447 -0.0351886 -0.9986789
vn -0.0376008 -0.0358132 0.9986508
vn -0.0372889 0.0029789 -0.9993001
vn -0.0374455 -0.0030562 0.9992939
vn -0.0359698 0.1533201 -0.9875218
vn -0.0378090 0.1348269 0.9901475
vn -0.0142473 0.7228220 -0.6908875
vn -0.0199197 0.7388282 0.6735994
vn -0.0060617 0.9198408 -0.3922452
vn -0.0001866 0.9982318 -0.0594414
vn -0.0006371 0.9999813 -0.0060761
vn -0.0012013 0.9999989 -0.0008520
vn -0.0023345 0.9999971 -0.0004682
vn -0.0025421 0.9999968 -0.0000093
vn -0.0023665 0.9999971 0.0004201
vn -0.0013786 0.9999987 0.0007275
vn -0.0007039 0.9999902 0.0043758
vn -0.0001965 0.9990095 0.0444960
vn -0.0063797 0.9553345 0.2954575
vn -0.0709952 -0.9892350 -0.1279601
vn -0.0699025 -0.9885365 -0.1338254
vn -0.1248343 -0.9855456 -0.1145260
vn -0.1832793 -0.9785112 -0.0944693
vn -0.2145586 -0.9766657 -0.0094188
vn -0.1921735 -0.9778338 0.0831278
vn -0.1357415 -0.9839416 0.1159016
vn -0.0799849 -0.9892389 0.1225111
vn -0.0732104 -0.9860811 0.1492791
vn -0.0299470 -0.9087680 -0.4162258
vn 0.0050147 -0.5345342 -0.8451321
vn -0.0392637 -0.9400153 0.3388651
vn 0.0023536 -0.5522845 0.8336524
vn 0.0041045 -0.5323999 0.8464831
vn 0.0067787 -0.4622198 -0.8867395
vn 0.0118446 -0.3193204 -0.9475728
vn 0.0117533 -0.3237478 0.9460704
vn 0.0141153 -0.1453266 -0.9892830
vn 0.0141354 -0.1456796 0.9892308
vn 0.0147201 -0.0779673 -0.9968472
vn 0.0147030 -0.0779689 0.9968474
vn 0.0149739 -0.0547213 -0.9983894
vn 0.0149447 -0.0547248 0.9983896
vn 0.0150587 -0.0352147 -0.9992663
vn 0.0150132 -0.0359011 0.9992425
vn 0.0150924 0.0029941 -0.9998816
vn 0.0150282 -0.0036422 0.9998804
vn 0.0148579 0.1535929 -0.9880225
vn 0.0153587 0.1328642 0.9910153
vn 0.0069116 0.7253246 -0.6883722
vn 0.0085898 0.7396979 0.6728842
vn 0.0031429 0.9227507 -0.3853846
vn -0.0001598 0.9982875 -0.0584986
vn 0.0007233 0.9999806 -0.0061790
vn 0.0005693 0.9999980 -0.0019147
vn 0.0000830 0.9999990 -0.0013894
vn 0.0000009 1.0000000 -0.0000331
vn 0.0000634 0.9999993 0.0012085
vn 0.0004508 0.9999982 0.0018355
vn 0.0007241 0.9999871 0.0050279
vn 0.0003294 0.9990492 0.0435937
vn 0.0027440 0.9573948 0.2887692
vn -0.8525926 -0.4863935 -0.1910690
vn -0.8664880 -0.4606433 -0.1923704
vn -0.8535612 -0.4816000 -0.1987330
vn -0.8513342 -0.5243402 -0.0172514
vn -0.9436758 -0.3303946 -0.0177619
vn -0.8521466 -0.4972612 0.1630257
vn -0.8914571 -0.4216583 0.1658569
vn -0.8548722 -0.4827133 0.1902140
vn -0.4065862 -0.8694835 -0.2805106
vn -0.2052961 -0.8716301 -0.4451005
vn -0.6732358 -0.6848727 -0.2787524
vn -0.7165982 -0.6421284 0.2723199
vn -0.4550256 -0.8452393 0.2802183
vn -0.1950900 -0.8875294 0.4174103
vn -0.2075139 -0.8816503 0.4238286
vn -0.2043352 -0.8796829 0.4294241
vn -0.1669886 -0.8523888 -0.4955281
vn 0.0004674 -0.5074879 -0.8616587
vn -0.0086014 -0.5117906 0.8590671
vn -0.0022473 -0.4991079 0.8665369
vn 0.0128331 -0.4284759 -0.9034621
vn 0.0381745 -0.3067874 -0.9510122
vn 0.0376488 -0.3106090 0.9497918
vn 0.0495557 -0.1417460 -0.9886619
vn 0.0495277 -0.1421744 0.9886017
vn 0.0528929 -0.0769293 -0.9956326
vn 0.0528504 -0.0769511 0.9956331
vn 0.0542387 -0.0543018 -0.9970503
vn 0.0541760 -0.0542905 0.9970544
vn 0.0543582 -0.0352416 -0.9978994
vn 0.0542607 -0.0357183 0.9978878
vn 0.0536049 0.0027062 -0.9985585
vn 0.0536614 -0.0019997 0.9985572
vn 0.0509070 0.1521771 -0.9870414
vn 0.0539147 0.1385917 0.9888809
vn 0.0225788 0.7179428 -0.6957359
vn 0.0286206 0.7379230 0.6742778
vn 0.0120880 0.9132821 -0.4071483
vn 0.0006889 0.9981340 -0.0610575
vn 0.0008930 0.9999852 -0.0053621
vn 0.0013991 0.9999979 -0.0014870
vn 0.0023630 0.9999967 -0.0010356
vn 0.0025423 0.9999968 -0.0000289
vn 0.0023884 0.9999968 0.0008688
vn 0.0015362 0.9999979 0.0013840
vn 0.0009375 0.9999905 0.0042442
vn 0.0005090 0.9989402 0.0460232
vn 0.0106877 0.9510770 0.3087690
vn -0.9916829 -0.1265836 -0.0232709
vn -0.9632945 -0.2674250 -0.0234021
vn -0.9773712 -0.1186958 -0.1750910
vn -0.9733656 -0.1175839 0.1968079
vn -0.9992980 -0.0299076 -0.0225644
vn -0.9663020 -0.0281961 -0.2558623
vn -0.9696892 -0.0944720 0.2253398
vn -0.9746560 -0.0286236 0.2218699
vn -0.9683766 -0.0282846 0.2478843
vn -0.9997476 0.0002339 -0.0224633
vn -0.9649998 0.0001461 -0.2622508
vn -0.9752371 0.0001724 0.2211620
vn -0.9682313 0.0001452 0.2500566
vn -0.9997263 0.0066192 -0.0224393
vn -0.9670672 0.0062889 -0.2544434
vn -0.9752666 0.0063760 0.2209397
vn -0.9690682 0.0062975 0.2467127
vn -0.9997029 0.0096001 -0.0224031
vn -0.9703015 0.0091607 -0.2417252
vn -0.9753215 0.0092483 0.2205955
vn -0.9704075 0.0091573 0.2412993
vn -0.9996746 0.0122868 -0.0223543
vn -0.9744054 0.0117888 -0.2244885
vn -0.9753985 0.0118371 0.2201309
vn -0.9721647 0.0117594 0.2340033
vn -0.9996434 0.0146989 -0.0222938
vn -0.9790609 0.0141929 -0.2030725
vn -0.9754971 0.0141618 0.2195560
vn -0.9742576 0.0141256 0.2249948
vn -0.9996113 0.0168359 -0.0222228
vn -0.9839237 0.0163678 -0.1778378
vn -0.9790274 0.0162923 0.2030760
vn -0.9755636 0.0152980 0.2191842
vn -0.9995799 0.0186984 -0.0221423
vn -0.9886403 0.0183054 -0.1491816
vn -0.9865959 0.0182730 0.1621563
vn -0.9995509 0.0202881 -0.0220533
vn -0.9928659 0.0199956 -0.1175480
vn -0.9929718 0.0200022 0.1166484
vn -0.9995254 0.0216076 -0.0219568
vn -0.9962831 0.0214276 -0.0834312
vn -0.9974995 0.0214568 0.0673379
vn -0.9995043 0.0226602 -0.0218539
vn -0.9986218 0.0225912 -0.0473723
vn -0.9996293 0.0226153 0.0151645
vn -0.9994936 0.0232000 -0.0217801
vn -0.9992917 -0.0321402 -0.0195742
vn -0.9993628 -0.0298443 -0.0195779
vn -0.9985944 -0.0321508 -0.0421382
vn -0.9993957 -0.0321786 0.0131441
vn -0.9991229 -0.0370134 -0.0195829
vn -0.9944384 -0.0369358 -0.0986316
vn -0.9947757 -0.0369562 0.0951608
vn -0.9989490 -0.0414315 -0.0196053
vn -0.9858552 -0.0410360 -0.1624980
vn -0.9814750 -0.0408693 0.1871804
vn -0.9717377 -0.0443283 -0.2318636
vn -0.9717380 -0.0443236 -0.2318632
vn -0.9717305 -0.0443280 -0.2318941
vn -0.9987776 -0.0453606 -0.0196386
vn -0.9801570 -0.0410776 0.1939202
vn -0.9799402 -0.0446481 0.1942257
vn -0.9743893 -0.0444096 0.2204389
vn -0.9714655 -0.0476341 -0.2323484
vn -0.9647830 -0.0473022 -0.2587591
vn -0.9986150 -0.0487918 -0.0196800
vn -0.9797016 -0.0479920 0.1946320
vn -0.9667902 -0.0473771 0.2511417
vn -0.9711923 -0.0504505 -0.2328955
vn -0.9565726 -0.0496758 -0.2872303
vn -0.9984672 -0.0517120 -0.0197267
vn -0.9794666 -0.0508398 0.1950909
vn -0.9576441 -0.0497279 0.2836280
vn -0.9709300 -0.0527612 -0.2334760
vn -0.9470702 -0.0514462 -0.3168774
vn -0.9983394 -0.0541045 -0.0197763
vn -0.9792455 -0.0531751 0.1955777
vn -0.9469020 -0.0514569 0.3173778
vn -0.9706902 -0.0545468 -0.2340624
vn -0.9362940 -0.0526145 -0.3472537
vn -0.9982368 -0.0559497 -0.0198264
vn -0.9790477 -0.0549783 0.1960691
vn -0.9345806 -0.0525642 0.3518468
vn -0.9704829 -0.0557848 -0.2346291
vn -0.9243162 -0.0531859 -0.3779032
vn -0.9981635 -0.0572242 -0.0198746
vn -0.9788816 -0.0562269 0.1965435
vn -0.9207690 -0.0530559 0.3864835
vn -0.9703178 -0.0564508 -0.2351521
vn -0.9112644 -0.0531706 -0.4083750
vn -0.9981235 -0.0579027 -0.0199188
vn -0.9787551 -0.0568960 0.1969805
vn -0.9169006 -0.0530315 0.3955766
vn -0.9165835 -0.0535147 0.3962459
vn -0.9106810 -0.0531283 0.4096797
vn -0.9014001 -0.0527941 -0.4297564
vn -0.9015270 -0.0527588 -0.4294944
vn -0.8990923 -0.0526426 -0.4345823
vn -0.9702031 -0.0565184 -0.2356089
vn -0.9981195 -0.0579575 -0.0199572
vn -0.9786748 -0.0569590 0.1973611
vn -0.9162257 -0.0536219 0.3970580
vn -0.9019465 -0.0527200 0.4286177
vn -0.9010650 -0.0523566 -0.4305121
vn -0.8907861 -0.0517170 -0.4514704
vn -0.9701456 -0.0559599 -0.2359788
vn -0.9981534 -0.0573598 -0.0199878
vn -0.9786460 -0.0563878 0.1976677
vn -0.9159574 -0.0531559 0.3977392
vn -0.8929859 -0.0517807 0.4470961
vn -0.9008437 -0.0513358 -0.4310978
vn -0.8824384 -0.0502728 -0.4677339
vn -0.9701506 -0.0547476 -0.2362423
vn -0.9982258 -0.0560802 -0.0200090
vn -0.9786725 -0.0551543 0.1978839
vn -0.9157930 -0.0520913 0.3982583
vn -0.8839383 -0.0503200 0.4648882
vn -0.9007507 -0.0497198 -0.4314813
vn -0.8741901 -0.0483322 -0.4831724
vn -0.9702213 -0.0528654 -0.2363811
vn -0.9983348 -0.0541012 -0.0200191
vn -0.9787562 -0.0532418 0.1979942
vn -0.9157444 -0.0504154 0.3985855
vn -0.8749591 -0.0483614 0.4817756
vn -0.9007945 -0.0479572 -0.4315893
vn -0.8661847 -0.0462714 -0.4975772
vn -0.9703374 -0.0507649 -0.2363646
vn -0.9984534 -0.0518659 -0.0200160
vn -0.9788744 -0.0510990 0.1979742
vn -0.9158149 -0.0485889 0.3986504
vn -0.8662087 -0.0462764 0.4975349
vn -0.9008868 -0.0501216 -0.4311507
vn -0.8581830 -0.0468462 -0.5112018
vn -0.9703006 -0.0528216 -0.2360651
vn -0.9983624 -0.0535986 -0.0199948
vn -0.9788184 -0.0530674 0.1977332
vn -0.9159053 -0.0508674 0.3981584
vn -0.8574538 -0.0467384 0.5124339
vn -0.8998618 -0.0726629 -0.4300803
vn -0.8476295 -0.0634814 -0.5267773
vn -0.9690068 -0.0767810 -0.2347987
vn -0.9968551 -0.0767077 -0.0198935
vn -0.9774526 -0.0768359 0.1966788
vn -0.9149129 -0.0742202 0.3967691
vn -0.8460376 -0.0627630 0.5294158
vn -0.8902735 -0.1691186 -0.4228616
vn -0.8242200 -0.1530789 -0.5451864
vn -0.9578724 -0.1748660 -0.2278209
vn -0.9845182 -0.1742278 -0.0192038
vn -0.9659880 -0.1748281 0.1905321
vn -0.9051313 -0.1713645 0.3890648
vn -0.8210300 -0.1504648 0.5506996
vn -0.7205911 -0.4671026 -0.5124096
vn -0.7716499 -0.3008521 -0.5603968
vn -0.7014107 -0.4493854 -0.5532413
vn -0.8005075 -0.4833018 -0.3544110
vn -0.8126497 -0.4835236 0.3252773
vn -0.8114491 -0.1803245 0.5559077
vn -0.7360830 -0.4731773 0.4840299
vn -0.7012747 -0.4490611 0.5536767
vn -0.2022423 -0.8284044 -0.5223448
vn -0.3882420 -0.6517450 -0.6515341
vn -0.2766532 -0.6209044 -0.7334443
vn -0.4633539 -0.6432959 0.6094862
vn -0.2828778 -0.6258028 0.7268776
vn -0.0450050 -0.4287717 -0.9022912
vn -0.0625673 -0.4305820 0.9003802
vn -0.0453791 -0.4195351 0.9066042
vn -0.0224382 -0.3700254 -0.9287506
vn 0.0226097 -0.2747164 -0.9612595
vn 0.0222305 -0.2761278 0.9608638
vn 0.0436816 -0.1308992 -0.9904329
vn 0.0436331 -0.1310083 0.9904206
vn 0.0502680 -0.0733933 -0.9960354
vn 0.0501077 -0.0733960 0.9960433
vn 0.0529669 -0.0533191 -0.9971718
vn 0.0527081 -0.0533146 0.9971858
vn 0.0531225 -0.0364200 -0.9979237
vn 0.0527848 -0.0364778 0.9979395
vn 0.0516689 -0.0008233 -0.9986639
vn 0.0518008 -0.0018416 0.9986557
vn 0.0530015 0.1457768 -0.9878967
vn 0.0578521 0.1437926 0.9879154
vn 0.0496101 0.7089956 -0.7034658
vn 0.0475645 0.7344705 0.6769716
vn 0.0377217 0.8981823 -0.4380017
vn 0.0058156 0.9977462 -0.0668490
vn 0.0005928 0.9999849 -0.0054510
vn 0.0006945 0.9999997 -0.0004445
vn 0.0015440 0.9999987 -0.0002516
vn 0.0016960 0.9999986 -0.0000078
vn 0.0015721 0.9999987 0.0002068
vn 0.0008505 0.9999996 0.0003858
vn 0.0004463 0.9999919 0.0039932
vn 0.0027501 0.9986843 0.0512045
vn 0.0234259 0.9403216 0.3394800
vn -0.7067238 -0.5149028 -0.4851976
vn -0.5446872 -0.7321073 -0.4090657
vn -0.6529614 -0.5039249 -0.5654211
vn -0.7918071 -0.5607328 -0.2421163
vn -0.3052618 -0.9464009 -0.1055487
vn -0.8283889 -0.5597460 -0.0213608
vn -0.2392535 -0.9709337 -0.0067499
vn -0.8040377 -0.5606467 0.1979868
vn -0.2823409 -0.9565230 0.0731266
vn -0.7335744 -0.5192750 0.4384315
vn -0.4761671 -0.8164632 0.3265769
vn -0.6548457 -0.4996092 0.5670694
vn -0.8399904 -0.1238621 -0.5282748
vn -0.7190686 -0.1170552 -0.6850098
vn -0.9540201 -0.1233160 -0.2732011
vn -0.9666387 -0.1185294 0.2270692
vn -0.8681765 -0.1226467 0.4808610
vn -0.7162418 -0.1110802 0.6889549
vn -0.8504317 -0.0300239 -0.5252280
vn -0.7137913 -0.0286713 -0.6997713
vn -0.9639326 -0.0283237 -0.2646354
vn -0.8781110 -0.0298299 0.4775263
vn -0.7094850 -0.0272424 0.7041938
vn -0.8512449 -0.0002993 -0.5247685
vn -0.7131569 -0.0005422 -0.7010042
vn -0.9646453 0.0001432 -0.2635516
vn -0.8789881 -0.0002393 0.4768436
vn -0.7087780 -0.0004742 0.7054314
vn -0.8511124 0.0057836 -0.5249516
vn -0.7143422 0.0051601 -0.6997775
vn -0.9645867 0.0062759 -0.2636915
vn -0.8788812 0.0059037 0.4770041
vn -0.7100670 0.0051461 0.7041153
vn -0.8509038 0.0084046 -0.5252542
vn -0.7162694 0.0075131 -0.6977834
vn -0.9644978 0.0091174 -0.2639336
vn -0.8786926 0.0085798 0.4773108
vn -0.7121488 0.0074932 0.7019885
vn -0.8506283 0.0107765 -0.5256572
vn -0.7188658 0.0096537 -0.6950818
vn -0.9643817 0.0116934 -0.2642559
vn -0.8784435 0.0110019 0.4777195
vn -0.7149536 0.0096296 0.6991055
vn -0.8502963 0.0129211 -0.5261458
vn -0.7220705 0.0116052 -0.6917222
vn -0.9642432 0.0140251 -0.2646475
vn -0.8781438 0.0131927 0.4782149
vn -0.7184148 0.0115784 0.6955186
vn -0.8499184 0.0148384 -0.5267053
vn -0.7258217 0.0133680 -0.6877530
vn -0.9640871 0.0161124 -0.2650970
vn -0.9755092 0.0162433 0.2193583
vn -0.8778026 0.0151521 0.4787829
vn -0.7224649 0.0133401 0.6912789
vn -0.8495056 0.0165283 -0.5273206
vn -0.7300572 0.0149422 -0.6832227
vn -0.9639180 0.0179553 -0.2655931
vn -0.9753796 0.0181014 0.2197884
vn -0.8774298 0.0168801 0.4794080
vn -0.7270367 0.0149147 0.6864367
vn -0.8490681 0.0179911 -0.5279769
vn -0.7347146 0.0163268 -0.6781798
vn -0.9637404 0.0195539 -0.2661242
vn -0.9752445 0.0197132 0.2202490
vn -0.8770347 0.0183767 0.4800755
vn -0.7320617 0.0163010 0.6810432
vn -0.8486162 0.0192269 -0.5286594
vn -0.7397313 0.0175205 -0.6726742
vn -0.9635586 0.0209082 -0.2666791
vn -0.9751070 0.0210789 0.2207305
vn -0.8766263 0.0196422 0.4807707
vn -0.7374719 0.0174977 0.6751511
vn -0.8481594 0.0202364 -0.5293545
vn -0.7450439 0.0185216 -0.6667582
vn -0.9633763 0.0220184 -0.2672475
vn -0.9749705 0.0221986 0.2212235
vn -0.8762136 0.0206770 0.4814793
vn -0.7431984 0.0185028 0.6688153
vn -0.8477065 0.0210199 -0.5300488
vn -0.7505893 0.0193276 -0.6604863
vn -0.9631974 0.0228848 -0.2678190
vn -0.9994866 0.0234814 -0.0217963
vn -0.9748374 0.0230725 0.2217197
vn -0.8758038 0.0214815 0.4821890
vn -0.7491722 0.0193136 0.6620936
vn -0.8472657 0.0215780 -0.5307308
vn -0.7563041 0.0199359 -0.6539164
vn -0.9630250 0.0235074 -0.2683846
vn -0.9994704 0.0241185 -0.0218473
vn -0.9747105 0.0237008 0.2222110
vn -0.8754047 0.0220561 0.4828874
vn -0.7553247 0.0199273 0.6550478
vn -0.8468440 0.0219117 -0.5313898
vn -0.7621258 0.0203437 -0.6471093
vn -0.9628618 0.0238866 -0.2689360
vn -0.9994599 0.0245058 -0.0218971
vn -0.9745918 0.0240836 0.2226901
vn -0.8750223 0.0224016 0.4835640
vn -0.7615873 0.0203406 0.6477431
vn -0.8464474 0.0220216 -0.5320168
vn -0.7679915 0.0205477 -0.6401304
vn -0.9627103 0.0240226 -0.2694660
vn -0.9994555 0.0246438 -0.0219450
vn -0.9744830 0.0242214 0.2231510
vn -0.8746624 0.0225185 0.4842092
vn -0.7678926 0.0205503 0.6402489
vn -0.8460811 0.0219087 -0.5326038
vn -0.7738396 0.0205447 -0.6330483
vn -0.9625721 0.0239158 -0.2699686
vn -0.9994572 0.0245328 -0.0219904
vn -0.9743854 0.0241143 0.2235881
vn -0.8743292 0.0224076 0.4848157
vn -0.7741731 0.0205528 0.6326402
vn -0.8457485 0.0215738 -0.5331453
vn -0.7796093 0.0203313 -0.6259360
vn -0.9624488 0.0235664 -0.2704384
vn -0.9994650 0.0241732 -0.0220329
vn -0.9743000 0.0237626 0.2239973
vn -0.8740262 0.0220696 0.4853773
vn -0.7803637 0.0203445 0.6249949
vn -0.8454524 0.0210178 -0.5336369
vn -0.7852408 0.0199044 -0.6188705
vn -0.9623412 0.0229747 -0.2708719
vn -0.9994786 0.0235652 -0.0220721
vn -0.9742275 0.0231667 0.2243751
vn -0.8737556 0.0215052 0.4858895
vn -0.7863999 0.0199220 0.6173964
vn -0.8451940 0.0202416 -0.5340761
vn -0.7906758 0.0192607 -0.6119321
vn -0.9622496 0.0221411 -0.2712662
vn -0.9994977 0.0227094 -0.0221078
vn -0.9741677 0.0223268 0.2247193
vn -0.8735188 0.0207151 0.4863494
vn -0.7922196 0.0192820 0.6099313
vn -0.8449734 0.0192461 -0.5344618
vn -0.7958571 0.0183974 -0.6052051
vn -0.9621741 0.0210658 -0.2716198
vn -0.9995214 0.0216059 -0.0221398
vn -0.9741207 0.0212431 0.2250282
vn -0.8733159 0.0197000 0.4867558
vn -0.7977619 0.0184213 0.6026911
vn -0.8447898 0.0180320 -0.5347944
vn -0.8007290 0.0173117 -0.5987765
vn -0.9621138 0.0197491 -0.2719320
vn -0.9995490 0.0202551 -0.0221681
vn -0.9740856 0.0199159 0.2253014
vn -0.8731462 0.0184606 0.4871087
vn -0.8029677 0.0173373 0.5957704
vn -0.8446410 0.0165999 -0.5350757
vn -0.8052378 0.0160015 -0.5927361
vn -0.9620678 0.0181913 -0.2722032
vn -0.9995796 0.0186571 -0.0221927
vn -0.9740614 0.0183454 0.2255390
vn -0.8730079 0.0169974 0.4874098
vn -0.8077803 0.0160277 0.5892658
vn -0.8445241 0.0149505 -0.5353088
vn -0.8093302 0.0144650 -0.5871758
vn -0.9620347 0.0163925 -0.2724344
vn -0.9996119 0.0168121 -0.0222137
vn -0.9740469 0.0165319 0.2257418
vn -0.8728988 0.0153109 0.4876611
vn -0.8121441 0.0144906 0.5832769
vn -0.8444356 0.0130840 -0.5354971
vn -0.8129547 0.0127010 -0.5821884
vn -0.9620128 0.0143530 -0.2726270
vn -0.9996445 0.0147202 -0.0222312
vn -0.9740404 0.0144753 0.2259112
vn -0.8728154 0.0134013 0.4878664
vn -0.8160052 0.0127250 0.5779044
vn -0.8443717 0.0110006 -0.5356449
vn -0.8160601 0.0107091 -0.5778678
vn -0.9619998 0.0120726 -0.2727830
vn -0.9996759 0.0123815 -0.0222454
vn -0.9740400 0.0121757 0.2260485
vn -0.8727547 0.0112688 0.4880290
vn -0.8193105 0.0107303 0.5732497
vn -0.8443277 0.0087003 -0.5357563
vn -0.8185956 0.0084896 -0.5743075
vn -0.9619939 0.0095514 -0.2729040
vn -0.9997043 0.0097957 -0.0222564
vn -0.9740437 0.0096332 0.2261553
vn -0.8727127 0.0089133 0.4881528
vn -0.8220072 0.0085071 0.5694135
vn -0.8443002 0.0061828 -0.5358348
vn -0.8205103 0.0060437 -0.5715998
vn -0.9619924 0.0067894 -0.2729919
vn -0.9997279 0.0069631 -0.0222645
vn -0.9740491 0.0068476 0.2262329
vn -0.8726858 0.0063346 0.4882409
vn -0.8240423 0.0060565 0.5664959
vn -0.8442850 0.0034546 -0.5358834
vn -0.8217525 0.0033782 -0.5698345
vn -0.9619932 0.0038066 -0.2730471
vn -0.9997444 0.0039082 -0.0222695
vn -0.9740544 0.0038406 0.2262817
vn -0.8726711 0.0035425 0.4882956
vn -0.8253620 0.0033855 0.5645936
vn -0.8442941 0.0005800 -0.5358797
vn -0.8222877 0.0005433 -0.5690717
vn -0.9619976 0.0007599 -0.2730567
vn -0.9997516 0.0008200 -0.0222705
vn -0.9740595 0.0007791 0.2262907
vn -0.8726779 0.0006225 0.4882959
vn -0.8259293 0.0005452 0.5637735
vn -0.8444284 -0.0022664 -0.5356637
vn -0.8222005 -0.0023085 -0.5691932
vn -0.9620317 -0.0020450 -0.2729301
vn -0.9997504 -0.0019506 -0.0222599
vn -0.9740824 -0.0020170 0.2261848
vn -0.8727897 -0.0022200 0.4880913
vn -0.8258249 -0.0023106 0.5639219
vn -0.8448374 -0.0049528 -0.5350003
vn -0.8216831 -0.0050337 -0.5699223
vn -0.9621348 -0.0045396 -0.2725362
vn -0.9997434 -0.0043586 -0.0222271
vn -0.9741507 -0.0044862 0.2258546
vn -0.8731309 -0.0048675 0.4874615
vn -0.8252397 -0.0050387 0.5647601
vn -0.8455305 -0.0074664 -0.5338750
vn -0.8207897 -0.0075944 -0.5711800
vn -0.9623102 -0.0068538 -0.2718680
vn -0.9997325 -0.0065853 -0.0221713
vn -0.9742672 -0.0067745 0.2252944
vn -0.8737093 -0.0073400 0.4863931
vn -0.8242300 -0.0076019 0.5662041
vn -0.8464836 -0.0098087 -0.5323243
vn -0.8195372 -0.0099885 -0.5729388
vn -0.9625518 -0.0090179 -0.2709477
vn -0.9997183 -0.0086714 -0.0220944
vn -0.9744281 -0.0089156 0.2245228
vn -0.8745047 -0.0096456 0.4849210
vn -0.8228153 -0.0099983 0.5682210
vn -0.8476713 -0.0119797 -0.5303866
vn -0.8179410 -0.0122168 -0.5751724
vn -0.9628536 -0.0110328 -0.2697987
vn -0.9997016 -0.0106184 -0.0219985
vn -0.9746292 -0.0109103 0.2235596
vn -0.8754958 -0.0117843 0.4830820
vn -0.8210129 -0.0122286 0.5707788
vn -0.8490671 -0.0139791 -0.5281000
vn -0.8160149 -0.0142794 -0.5778544
vn -0.9632087 -0.0128984 -0.2684444
vn -0.9996833 -0.0124262 -0.0218854
vn -0.9748664 -0.0127587 0.2224243
vn -0.8766605 -0.0137562 0.4809128
vn -0.8188391 -0.0142929 0.5738451
vn -0.8506448 -0.0158073 -0.5255032
vn -0.8137727 -0.0161762 -0.5809581
vn -0.9636111 -0.0146148 -0.2669084
vn -0.9996639 -0.0140949 -0.0217572
vn -0.9751356 -0.0144609 0.2211365
vn -0.8779768 -0.0155613 0.4784502
vn -0.8163095 -0.0161908 0.5773879
vn -0.8523782 -0.0174646 -0.5226340
vn -0.8112276 -0.0179063 -0.5844564
vn -0.9640539 -0.0161821 -0.2652134
vn -0.9996442 -0.0156246 -0.0216157
vn -0.9754324 -0.0160168 0.2197158
vn -0.8794230 -0.0172000 0.4757304
vn -0.8134395 -0.0179216 0.5813733
vn -0.8542420 -0.0189520 -0.5195300
vn -0.8083930 -0.0194686 -0.5883211
vn -0.9645309 -0.0176008 -0.2633825
vn -0.9996248 -0.0170154 -0.0214628
vn -0.9757527 -0.0174269 0.2181811
vn -0.8809776 -0.0186732 0.4727893
vn -0.8102447 -0.0194840 0.5857678
vn -0.8562111 -0.0202703 -0.5162283
vn -0.8052831 -0.0208620 -0.5925233
vn -0.9650359 -0.0188712 -0.2614376
vn -0.9996063 -0.0182674 -0.0213004
vn -0.9760923 -0.0186915 0.2165510
vn -0.8826199 -0.0199815 0.4696625
vn -0.8067410 -0.0208768 0.5905364
vn -0.8582619 -0.0214205 -0.5127646
vn -0.8019124 -0.0220846 -0.5970334
vn -0.9655629 -0.0199937 -0.2594005
vn -0.9995889 -0.0193805 -0.0211303
vn -0.9764476 -0.0198108 0.2148435
vn -0.8843301 -0.0211260 0.4663840
vn -0.8029454 -0.0220982 0.5956427
vn -0.8603712 -0.0224038 -0.5091752
vn -0.7982963 -0.0231348 -0.6018203
vn -0.9661061 -0.0209688 -0.2572923
vn -0.9995732 -0.0203550 -0.0209542
vn -0.9768144 -0.0207852 0.2130766
vn -0.8860888 -0.0221076 0.4629880
vn -0.7988759 -0.0231464 0.6010504
vn -0.8625172 -0.0232215 -0.5054948
vn -0.7944516 -0.0240106 -0.6068527
vn -0.9666602 -0.0217971 -0.2551332
vn -0.9995596 -0.0211909 -0.0207739
vn -0.9771894 -0.0216152 0.2112668
vn -0.8878780 -0.0229275 0.4595073
vn -0.7945515 -0.0240193 0.6067215
vn -0.8646791 -0.0238747 -0.5017571
vn -0.7903960 -0.0247099 -0.6120976
vn -0.9672200 -0.0224790 -0.2529429
vn -0.9995484 -0.0218882 -0.0205909
vn -0.9775690 -0.0223011 0.2094311
vn -0.8896805 -0.0235868 0.4559740
vn -0.7899927 -0.0247151 0.6126180
vn -0.8668372 -0.0243647 -0.4979957
vn -0.7861491 -0.0252307 -0.6175217
vn -0.9677808 -0.0230150 -0.2507405
vn -0.9995397 -0.0224469 -0.0204068
vn -0.9779502 -0.0228433 0.2075850
vn -0.8914798 -0.0240865 0.4524197
vn -0.7852221 -0.0252315 0.6186999
vn -0.8689731 -0.0246934 -0.4942428
vn -0.7817315 -0.0255717 -0.6230907
vn -0.9683376 -0.0234063 -0.2485447
vn -0.9995340 -0.0228678 -0.0202232
vn -0.9783298 -0.0232429 0.2057442
vn -0.8932608 -0.0244285 0.4488746
vn -0.7802639 -0.0255674 0.6249276
vn -0.8710675 -0.0249407 -0.4905296
vn -0.7771639 -0.0258064 -0.6287689
vn -0.9688846 -0.0237351 -0.2463721
vn -0.9995291 -0.0232333 -0.0200415
vn -0.9787030 -0.0235820 0.2039228
vn -0.8950071 -0.0246934 0.4453678
vn -0.7751422 -0.0257963 0.6312600
vn -0.8730948 -0.0257776 -0.4868685
vn -0.7724190 -0.0265730 -0.6345571
vn -0.9694028 -0.0246939 -0.2442299
vn -0.9995088 -0.0242416 -0.0198621
vn -0.9790516 -0.0245552 0.2021264
vn -0.8966949 -0.0255579 0.4419107
vn -0.7698303 -0.0265558 0.6376960
vn -0.8750533 -0.0286011 -0.4831809
vn -0.7671659 -0.0292028 -0.6407837
vn -0.9698635 -0.0277173 -0.2420670
vn -0.9994325 -0.0273386 -0.0196807
vn -0.9793434 -0.0276005 0.2003117
vn -0.8983166 -0.0284295 0.4384280
vn -0.7639716 -0.0291739 0.6445901
vn -0.8770418 -0.0329881 -0.4792803
vn -0.7607082 -0.0332910 -0.6482397
vn -0.9702928 -0.0323470 -0.2397613
vn -0.9795953 -0.0322565 0.1983749
vn -0.8999562 -0.0328756 0.4347390
vn -0.7568070 -0.0332438 0.6527925
vn -0.8791225 -0.0373112 -0.4751332
vn -0.7529810 -0.0372914 -0.6569847
vn -0.9707384 -0.0368860 -0.2372896
vn -0.9798530 -0.0368198 0.1962966
vn -0.9016731 -0.0372507 0.4308109
vn -0.7482597 -0.0372197 0.6623611
vn -0.8813118 -0.0411409 -0.4707409
vn -0.7441004 -0.0407990 -0.6668208
vn -0.9712184 -0.0408894 -0.2346547
vn -0.9801353 -0.0408442 0.1940786
vn -0.9034834 -0.0411211 0.4266460
vn -0.7435144 -0.0389158 0.6675867
vn -0.7455977 -0.0407531 0.6651492
vn -0.7403237 -0.0407283 0.6710156
vn -0.8836122 -0.0444465 -0.4661051
vn -0.7341926 -0.0437900 -0.6775277
vn -0.9053903 -0.0444564 0.4222464
vn -0.7498357 -0.0438710 0.6601679
vn -0.7334008 -0.0437632 0.6783863
vn -0.8860235 -0.0472247 -0.4612289
vn -0.7233887 -0.0462693 -0.6888889
vn -0.9073937 -0.0472542 0.4176166
vn -0.7542539 -0.0465292 0.6549321
vn -0.7258510 -0.0463038 0.6862918
vn -0.7221720 -0.0483709 -0.6900203
vn -0.7190351 -0.0470200 -0.6933813
vn -0.7143202 -0.0482951 -0.6981506
vn -0.8885416 -0.0494719 -0.4561208
vn -0.9094909 -0.0495113 0.4127651
vn -0.7588472 -0.0487194 0.6494439
vn -0.7177838 -0.0483561 0.6945848
vn -0.7274007 -0.0500832 -0.6843829
vn -0.7063784 -0.0498708 -0.7060753
vn -0.8911597 -0.0511843 -0.4507933
vn -0.9116757 -0.0512251 0.4077050
vn -0.7636052 -0.0504327 0.6437108
vn -0.7093109 -0.0499272 0.7031254
vn -0.7327945 -0.0513261 -0.6785114
vn -0.6981707 -0.0509757 -0.7141142
vn -0.8938668 -0.0523588 -0.4452647
vn -0.9139394 -0.0523931 0.4024546
vn -0.7685128 -0.0516608 0.6377455
vn -0.7005442 -0.0510251 0.7117823
vn -0.7383325 -0.0520897 -0.6724223
vn -0.6898047 -0.0516175 -0.7221531
vn -0.8966498 -0.0529919 -0.4395578
vn -0.9162702 -0.0530127 0.3970372
vn -0.7735494 -0.0523950 0.6315664
vn -0.6915972 -0.0516579 0.7204338
vn -0.7439873 -0.0523645 -0.6661388
vn -0.6813881 -0.0518039 -0.7300867
vn -0.8994913 -0.0530809 -0.4337025
vn -0.7786894 -0.0526274 0.6251985
vn -0.6825818 -0.0518339 0.7289686
vn -0.7497287 -0.0521417 -0.6596879
vn -0.6730278 -0.0515426 -0.7378190
vn -0.7839034 -0.0523506 0.6186719
vn -0.6736118 -0.0515611 0.7372845
vn -0.7555205 -0.0514136 -0.6531045
vn -0.6648299 -0.0508406 -0.7452627
vn -0.7891580 -0.0515582 0.6120223
vn -0.6647994 -0.0508472 0.7452894
vn -0.7613245 -0.0501735 -0.6464268
vn -0.6568993 -0.0497045 -0.7523382
vn -0.7944172 -0.0502447 0.6052907
vn -0.6562565 -0.0496994 0.7528993
vn -0.7671021 -0.0484337 -0.6396942
vn -0.6493359 -0.0481482 -0.7589761
vn -0.7996442 -0.0484219 0.5985186
vn -0.6480898 -0.0481321 0.7600414
vn -0.7728035 -0.0465785 -0.6329339
vn -0.6421699 -0.0463811 -0.7651579
vn -0.8047966 -0.0464647 0.5917292
vn -0.6403409 -0.0463458 0.7666914
vn -0.7779931 -0.0473526 -0.6264858
vn -0.6350791 -0.0464865 -0.7710471
vn -0.8095249 -0.0470447 0.5851976
vn -0.6326792 -0.0462437 0.7730321
vn -0.7811065 -0.0644122 -0.6210666
vn -0.6270288 -0.0628717 -0.7764548
vn -0.8123806 -0.0632651 0.5796855
vn -0.6238941 -0.0612387 0.7791058
vn -0.7815756 -0.1552794 -0.6041754
vn -0.6073058 -0.1496246 -0.7802513
vn -0.8120463 -0.1509607 0.5637302
vn -0.6140836 -0.1028693 0.7825083
vn -0.6154565 -0.1480968 0.7741322
vn -0.6047893 -0.1458046 0.7829246
vn -0.5312322 -0.3947072 -0.7496656
vn -0.5610014 -0.2421857 -0.7915955
vn -0.4897677 -0.3321510 -0.8061038
vn -0.5736876 -0.4213505 0.7023861
vn -0.4924815 -0.3156979 0.8110467
vn -0.2510142 -0.3511685 -0.9020380
vn -0.2501821 -0.3545325 0.9009526
vn -0.0807811 -0.3224959 -0.9431176
vn -0.1305942 -0.3251564 0.9365994
vn -0.0801698 -0.3258177 0.9420274
vn -0.0706615 -0.3086787 -0.9485380
vn -0.0072185 -0.2305722 -0.9730285
vn -0.0070690 -0.2314183 0.9728287
vn 0.0186762 -0.1151567 -0.9931717
vn 0.0186925 -0.1152042 0.9931660
vn 0.0273522 -0.0678524 -0.9973204
vn 0.0272081 -0.0678502 0.9973245
vn 0.0312198 -0.0515095 -0.9981844
vn 0.0309501 -0.0515018 0.9981932
vn 0.0322265 -0.0367987 -0.9988030
vn 0.0317861 -0.0364524 0.9988298
vn 0.0365796 0.0027106 -0.9993271
vn 0.0348283 0.0049327 0.9993811
vn 0.0721386 0.1693800 -0.9829071
vn 0.0670050 0.1746608 0.9823461
vn 0.1363826 0.7272179 -0.6727213
vn 0.1104392 0.7437444 0.6592780
vn 0.1204336 0.8599230 -0.4960122
vn 0.0234112 0.9956355 -0.0903429
vn 0.0020747 0.9999461 -0.0101726
vn 0.0001897 0.9999998 -0.0005309
vn 0.0003598 0.9999999 -0.0000309
vn 0.0003947 0.9999999 -0.0000007
vn 0.0003670 0.9999999 0.0000207
vn 0.0002217 0.9999999 0.0002544
vn 0.0013638 0.9999809 0.0060177
vn 0.0148551 0.9978173 0.0643438
vn 0.0793890 0.9167922 0.3913942
vn -0.4971401 -0.4987162 -0.7100238
vn -0.4002269 -0.6535122 -0.6424487
vn -0.4355215 -0.5107533 -0.7412503
vn -0.1273536 -0.9802959 -0.1510000
vn -0.0484581 -0.9984411 -0.0276953
vn -0.0337136 -0.9994309 -0.0011637
vn -0.0426261 -0.9989294 0.0179711
vn -0.0966746 -0.9897402 0.1052063
vn -0.5466766 -0.4998840 0.6717594
vn -0.3243178 -0.7982289 0.5075910
vn -0.4133646 -0.5207228 0.7469789
vn -0.5965593 -0.1145119 -0.7943576
vn -0.4381666 -0.1214905 -0.8906459
vn -0.6615124 -0.1106097 0.7417324
vn -0.4344180 -0.1212794 0.8925090
vn -0.6087173 -0.0279695 -0.7928939
vn -0.4269978 -0.0288364 -0.9037927
vn -0.6760017 -0.0271339 0.7364003
vn -0.4270922 -0.0293284 0.9037324
vn -0.6100450 -0.0006082 -0.7923665
vn -0.4260637 -0.0008935 -0.9046927
vn -0.6774697 -0.0005038 0.7355505
vn -0.4262872 -0.0009727 0.9045874
vn -0.6092260 0.0048868 -0.7929816
vn -0.4267886 0.0043510 -0.9043409
vn -0.6767099 0.0050612 0.7362323
vn -0.4270223 0.0043513 0.9042306
vn -0.6078986 0.0071033 -0.7939829
vn -0.4279773 0.0063357 -0.9037673
vn -0.6754885 0.0073578 0.7373338
vn -0.4282655 0.0063378 0.9036307
vn -0.6061134 0.0091047 -0.7953262
vn -0.4295855 0.0081343 -0.9029896
vn -0.6738455 0.0094342 0.7388121
vn -0.4299478 0.0081374 0.9028171
vn -0.6039140 0.0109119 -0.7969748
vn -0.4315816 0.0097689 -0.9020210
vn -0.6718200 0.0113115 0.7406281
vn -0.4320353 0.0097733 0.9018037
vn -0.6013453 0.0125242 -0.7988911
vn -0.4339339 0.0112399 -0.9008746
vn -0.6694533 0.0129895 0.7427405
vn -0.4344953 0.0112457 0.9006039
vn -0.5984516 0.0139416 -0.8010377
vn -0.4366113 0.0125473 -0.8995628
vn -0.6667849 0.0144679 0.7451098
vn -0.4372948 0.0125548 0.8992307
vn -0.5952776 0.0151640 -0.8033770
vn -0.4395821 0.0136909 -0.8980981
vn -0.6638562 0.0157466 0.7476945
vn -0.4404006 0.0137003 0.8976968
vn -0.5918686 0.0161920 -0.8058718
vn -0.4428146 0.0146700 -0.8964933
vn -0.6607070 0.0168257 0.7504553
vn -0.4437792 0.0146815 0.8960159
vn -0.5882687 0.0170259 -0.8084863
vn -0.4462758 0.0154841 -0.8947616
vn -0.6573783 0.0177054 0.7533528
vn -0.4473964 0.0154977 0.8942015
vn -0.5845224 0.0176666 -0.8111852
vn -0.4499321 0.0161322 -0.8929170
vn -0.6539107 0.0183862 0.7563483
vn -0.4512168 0.0161480 0.8922683
vn -0.5806734 0.0181151 -0.8139350
vn -0.4537487 0.0166130 -0.8909748
vn -0.6503440 0.0188686 0.7594055
vn -0.4552036 0.0166310 0.8902320
vn -0.5767655 0.0183728 -0.8167032
vn -0.4576892 0.0169252 -0.8889512
vn -0.6467186 0.0191532 0.7624881
vn -0.4593191 0.0169454 0.8881097
vn -0.5728406 0.0184410 -0.8194594
vn -0.4617160 0.0170675 -0.8868636
vn -0.6430737 0.0192410 0.7655625
vn -0.4635236 0.0170898 0.8859197
vn -0.5689405 0.0183214 -0.8221746
vn -0.4657895 0.0170382 -0.8847315
vn -0.6394477 0.0191331 0.7685964
vn -0.4677757 0.0170623 0.8836825
vn -0.5651062 0.0180159 -0.8248215
vn -0.4698686 0.0168356 -0.8825758
vn -0.6358785 0.0188306 0.7715594
vn -0.4720329 0.0168612 0.8814197
vn -0.5613759 0.0175262 -0.8273754
vn -0.4739104 0.0164581 -0.8804193
vn -0.6324031 0.0183348 0.7744225
vn -0.4762499 0.0164849 0.8791555
vn -0.5577882 0.0168543 -0.8298122
vn -0.4778702 0.0159040 -0.8782864
vn -0.6290566 0.0176471 0.7771592
vn -0.4803802 0.0159314 0.8769156
vn -0.5543795 0.0160020 -0.8321102
vn -0.4817019 0.0151716 -0.8762038
vn -0.6258739 0.0167686 0.7797440
vn -0.4843759 0.0151992 0.8747279
vn -0.5511847 0.0149712 -0.8342489
vn -0.4853571 0.0142593 -0.8741997
vn -0.6228887 0.0157009 0.7821530
vn -0.4881869 0.0142866 0.8726222
vn -0.5482379 0.0137634 -0.8362091
vn -0.4887870 0.0131660 -0.8723038
vn -0.6201323 0.0144449 0.7843642
vn -0.4917620 0.0131922 0.8706297
vn -0.5455717 0.0123799 -0.8379727
vn -0.4919411 0.0118903 -0.8705474
vn -0.6176364 0.0130018 0.7863563
vn -0.4950486 0.0119149 0.8687835
vn -0.5432172 0.0108216 -0.8395225
vn -0.4947678 0.0104317 -0.8689626
vn -0.6154309 0.0113723 0.7881088
vn -0.4979936 0.0104539 0.8671178
vn -0.5412057 0.0090892 -0.8408412
vn -0.4972153 0.0087895 -0.8675826
vn -0.6135458 0.0095568 0.7896013
vn -0.5005432 0.0088088 0.8656668
vn -0.5395670 0.0071824 -0.8419120
vn -0.4992316 0.0069639 -0.8664406
vn -0.6120095 0.0075552 0.7908143
vn -0.5026432 0.0069795 0.8644658
vn -0.5383325 0.0051006 -0.8427171
vn -0.5007650 0.0049554 -0.8655691
vn -0.6108515 0.0053672 0.7917271
vn -0.5042400 0.0049667 0.8635493
vn -0.5375335 0.0028266 -0.8432376
vn -0.5017650 0.0027468 -0.8649996
vn -0.6101023 0.0029807 0.7923170
vn -0.5052812 0.0027532 0.8629503
vn -0.5372379 0.0002606 -0.8434308
vn -0.5022022 0.0002260 -0.8647503
vn -0.6098229 0.0003308 0.7925376
vn -0.5057353 0.0002275 0.8626887
vn -0.5377213 -0.0026555 -0.8431184
vn -0.5021759 -0.0026850 -0.8647614
vn -0.6102602 -0.0025907 0.7921968
vn -0.5056970 -0.0026877 0.8627070
vn -0.5393440 -0.0056782 -0.8420664
vn -0.5018913 -0.0057330 -0.8649117
vn -0.6117336 -0.0055618 0.7910444
vn -0.5053683 -0.0057390 0.8628847
vn -0.5421016 -0.0085416 -0.8402696
vn -0.5013968 -0.0086299 -0.8651745
vn -0.6142359 -0.0083680 0.7890781
vn -0.5047983 -0.0086389 0.8631940
vn -0.5459040 -0.0111963 -0.8377729
vn -0.5007007 -0.0113234 -0.8655464
vn -0.6176833 -0.0109700 0.7863505
vn -0.5039975 -0.0113350 0.8636308
vn -0.5506539 -0.0136401 -0.8346223
vn -0.4998098 -0.0138122 -0.8660251
vn -0.6219850 -0.0133656 0.7829151
vn -0.5029745 -0.0138259 0.8641906
vn -0.5562541 -0.0158724 -0.8308607
vn -0.4987304 -0.0160963 -0.8666077
vn -0.6270494 -0.0155541 0.7788242
vn -0.5017380 -0.0161118 0.8648697
vn -0.5626051 -0.0178933 -0.8265321
vn -0.4974687 -0.0181756 -0.8672915
vn -0.6327836 -0.0175354 0.7741301
vn -0.5002956 -0.0181925 0.8656636
vn -0.5696076 -0.0197033 -0.8216805
vn -0.4960311 -0.0200497 -0.8680733
vn -0.6390946 -0.0193101 0.7688857
vn -0.4986562 -0.0200675 0.8665676
vn -0.5771636 -0.0213034 -0.8163506
vn -0.4944245 -0.0217185 -0.8689492
vn -0.6458900 -0.0208792 0.7631450
vn -0.4968286 -0.0217367 0.8675764
vn -0.5851749 -0.0226951 -0.8105894
vn -0.4926560 -0.0231815 -0.8699153
vn -0.6530802 -0.0222444 0.7569621
vn -0.4948220 -0.0231998 0.8686846
vn -0.5935467 -0.0238800 -0.8044452
vn -0.4907336 -0.0244384 -0.8709669
vn -0.6605772 -0.0234076 0.7503931
vn -0.4926465 -0.0244561 0.8698858
vn -0.6021860 -0.0248603 -0.7979687
vn -0.4886658 -0.0254885 -0.8720987
vn -0.6682958 -0.0243712 0.7434963
vn -0.4903126 -0.0255053 0.8711734
vn -0.6110030 -0.0256385 -0.7912129
vn -0.4864621 -0.0263314 -0.8733048
vn -0.6761547 -0.0251380 0.7363307
vn -0.4878319 -0.0263469 0.8725399
vn -0.6199121 -0.0262172 -0.7842331
vn -0.4841324 -0.0269666 -0.8745791
vn -0.6840771 -0.0257108 0.7289564
vn -0.4852167 -0.0269804 0.8739776
vn -0.6288313 -0.0265993 -0.7770867
vn -0.4816881 -0.0273934 -0.8759145
vn -0.6919897 -0.0260929 0.7214357
vn -0.4824804 -0.0274051 0.8754779
vn -0.6376824 -0.0267885 -0.7698335
vn -0.4791407 -0.0276120 -0.8773037
vn -0.6998245 -0.0262882 0.7138309
vn -0.4796370 -0.0276213 0.8770322
vn -0.6463917 -0.0268613 -0.7625328
vn -0.4765019 -0.0276912 -0.8787372
vn -0.7075168 -0.0263745 0.7062042
vn -0.4767001 -0.0276979 0.8786295
vn -0.6549136 -0.0274462 -0.7552052
vn -0.4737516 -0.0282212 -0.8802062
vn -0.7150256 -0.0269883 0.6985771
vn -0.4736505 -0.0282252 0.8802605
vn -0.6634429 -0.0298589 -0.7476310
vn -0.4706686 -0.0304453 -0.8817846
vn -0.7225230 -0.0294553 0.6907191
vn -0.4702571 -0.0304460 0.8820041
vn -0.6725502 -0.0337289 -0.7392824
vn -0.4668023 -0.0340268 -0.8837069
vn -0.7305160 -0.0333869 0.6820790
vn -0.4660428 -0.0340224 0.8841078
vn -0.6823254 -0.0375577 -0.7300832
vn -0.4621409 -0.0375703 -0.8860103
vn -0.7390856 -0.0372586 0.6725803
vn -0.4609936 -0.0375588 0.8866082
vn -0.6926783 -0.0409445 -0.7200836
vn -0.4567960 -0.0407096 -0.8886395
vn -0.4552246 -0.0406888 0.8894465
vn -0.7034998 -0.0438558 -0.7093411
vn -0.4508827 -0.0434230 -0.8915264
vn -0.4488561 -0.0433910 0.8925499
vn -0.7146797 -0.0462841 -0.6979190
vn -0.4445129 -0.0457142 -0.8946052
vn -0.4420052 -0.0456693 0.8958492
vn -0.4377949 -0.0475873 -0.8978146
vn -0.4347852 -0.0475283 0.8992791
vn -0.4308327 -0.0490475 -0.9010979
vn -0.4287747 -0.0486900 0.9020984
vn -0.4322191 -0.0490203 0.9004353
vn -0.4277382 -0.0489818 0.9025746
vn -0.4237252 -0.0501002 -0.9044042
vn -0.4501520 -0.0502943 0.8915344
vn -0.4223605 -0.0500656 0.9050441
vn -0.4165656 -0.0507507 -0.9076880
vn -0.4683147 -0.0511395 0.8820805
vn -0.4169583 -0.0507502 0.9075077
vn -0.4094424 -0.0510045 -0.9109092
vn -0.4865600 -0.0515395 0.8721256
vn -0.4116051 -0.0510395 0.9099320
vn -0.4261060 -0.0510592 -0.9032312
vn -0.4087528 -0.0509900 -0.9112197
vn -0.4042904 -0.0509027 -0.9132131
vn -0.5047405 -0.0514801 0.8617347
vn -0.4063705 -0.0509374 0.9122874
vn -0.4452375 -0.0506821 -0.8939770
vn -0.3995222 -0.0504169 -0.9153360
vn -0.5227097 -0.0509503 0.8509869
vn -0.4013196 -0.0504469 0.9145478
vn -0.4640927 -0.0498375 -0.8843835
vn -0.3949948 -0.0495461 -0.9173463
vn -0.5403246 -0.0499424 0.8399732
vn -0.3965135 -0.0495713 0.9166896
vn -0.4825176 -0.0485243 -0.8745411
vn -0.3907639 -0.0482991 -0.9192229
vn -0.5574443 -0.0484594 0.8287989
vn -0.3920104 -0.0483195 0.9186910
vn -0.5003084 -0.0469234 -0.8645748
vn -0.3868845 -0.0468917 -0.9209352
vn -0.5738782 -0.0466885 0.8176087
vn -0.3878637 -0.0468926 0.9205231
vn -0.5171031 -0.0469666 -0.8546335
vn -0.3834540 -0.0477627 -0.9223241
vn -0.5892438 -0.0464941 0.8066164
vn -0.3841413 -0.0476198 0.9220455
vn -0.5333827 -0.0626594 -0.8435500
vn -0.3794009 -0.0645520 -0.9229777
vn -0.6039476 -0.0612814 0.7946646
vn -0.3797347 -0.0641806 0.9228664
vn -0.5526383 -0.1473548 -0.8202910
vn -0.3574582 -0.1228331 -0.9258162
vn -0.3582981 -0.1237000 0.9253761
vn -0.2619223 -0.1722349 -0.9495956
vn -0.2657693 -0.1751500 0.9479921
vn -0.1505944 -0.1961575 -0.9689394
vn -0.1467937 -0.1960126 0.9695518
vn -0.0693537 -0.2856182 -0.9558307
vn -0.0716597 -0.2268594 -0.9712877
vn -0.0546748 -0.2386702 -0.9695603
vn -0.1419788 -0.1972856 0.9700105
vn -0.0554147 -0.2407584 0.9690018
vn 0.0072132 -0.1859384 -0.9825349
vn 0.0072118 -0.1861028 0.9825038
vn 0.0312419 -0.0980844 -0.9946876
vn 0.0312275 -0.0980968 0.9946868
vn 0.0396189 -0.0613454 -0.9973300
vn 0.0395713 -0.0613445 0.9973320
vn 0.0436000 -0.0485536 -0.9978686
vn 0.0435247 -0.0485848 0.9978703
vn 0.0457768 -0.0306706 -0.9984808
vn 0.0454082 -0.0317918 0.9984625
vn 0.0595513 0.0377475 -0.9975113
vn 0.0552517 0.0323361 0.9979487
vn 0.1407468 0.2648309 -0.9539680
vn 0.1237090 0.2604262 0.9575355
vn 0.2309280 0.7335953 -0.6391479
vn 0.2207794 0.7535803 -0.6191713
vn 0.2228631 0.7644255 -0.6049675
vn 0.2080546 0.7683074 0.6053238
vn 0.0519316 0.9848490 -0.1654551
vn 0.0065931 0.9996080 -0.0272114
vn 0.0004949 0.9999976 -0.0021373
vn 0.0000687 1.0000000 -0.0000458
vn 0.0000499 1.0000000 -0.0000005
vn 0.0000635 1.0000000 0.0000331
vn 0.0003951 0.9999989 0.0013752
vn 0.0050584 0.9998260 0.0179608
vn 0.0402455 0.9923611 0.1166179
vn 0.1906433 0.8379121 0.5114279
vn -0.0952614 -0.8996245 -0.4261466
vn -0.1435250 -0.5388676 -0.8300737
vn -0.0229436 -0.9975117 -0.0666635
vn -0.0047995 -0.9999656 -0.0067541
vn -0.0022499 -0.9999975 -0.0001057
vn -0.0037664 -0.9999809 0.0049053
vn -0.0149049 -0.9985604 0.0515254
vn -0.0608065 -0.9408842 0.3332258
vn -0.1233714 -0.5585974 0.8202125
vn -0.1385036 -0.1221789 -0.9827965
vn -0.1363112 -0.1249317 0.9827570
vn -0.1331005 -0.0292027 -0.9906722
vn -0.1321693 -0.0294749 0.9907888
vn -0.1326121 -0.0011674 -0.9911673
vn -0.1316576 -0.0012019 0.9912945
vn -0.1328605 0.0039203 -0.9911270
vn -0.1319055 0.0039165 0.9912546
vn -0.1332710 0.0057096 -0.9910632
vn -0.1323318 0.0057055 0.9911891
vn -0.1338272 0.0073263 -0.9909776
vn -0.1329094 0.0073211 0.9911011
vn -0.1345184 0.0087923 -0.9908721
vn -0.1336273 0.0087863 0.9909927
vn -0.1353345 0.0101077 -0.9907484
vn -0.1344746 0.0101011 0.9908655
vn -0.1362653 0.0112725 -0.9906083
vn -0.1354411 0.0112656 0.9907214
vn -0.1373006 0.0122867 -0.9904532
vn -0.1365158 0.0122796 0.9905618
vn -0.1384300 0.0131502 -0.9902849
vn -0.1376882 0.0131430 0.9903885
vn -0.1396430 0.0138625 -0.9901049
vn -0.1389470 0.0138556 0.9902028
vn -0.1409285 0.0144236 -0.9899147
vn -0.1402809 0.0144171 0.9900067
vn -0.1422749 0.0148330 -0.9897160
vn -0.1416779 0.0148269 0.9898018
vn -0.1436700 0.0150902 -0.9895106
vn -0.1431251 0.0150847 0.9895897
vn -0.1451010 0.0151947 -0.9893001
vn -0.1446093 0.0151900 0.9893723
vn -0.1465544 0.0151462 -0.9890866
vn -0.1461164 0.0151422 0.9891515
vn -0.1480155 0.0149438 -0.9888721
vn -0.1476314 0.0149407 0.9889296
vn -0.1494692 0.0145872 -0.9886587
vn -0.1491383 0.0145848 0.9887088
vn -0.1508992 0.0140757 -0.9884489
vn -0.1506205 0.0140741 0.9884915
vn -0.1522884 0.0134087 -0.9882451
vn -0.1520602 0.0134078 0.9882803
vn -0.1536189 0.0125856 -0.9880500
vn -0.1534389 0.0125853 0.9880780
vn -0.1548721 0.0116060 -0.9878663
vn -0.1547373 0.0116062 0.9878874
vn -0.1560286 0.0104694 -0.9876971
vn -0.1559353 0.0104700 0.9877118
vn -0.1570684 0.0091756 -0.9875451
vn -0.1570123 0.0091764 0.9875540
vn -0.1579714 0.0077242 -0.9874135
vn -0.1579475 0.0077252 0.9874173
vn -0.1587171 0.0061154 -0.9873052
vn -0.1587197 0.0061164 0.9873047
vn -0.1592853 0.0043491 -0.9872230
vn -0.1593081 0.0043499 0.9872193
vn -0.1596563 0.0023958 -0.9871697
vn -0.1596923 0.0023962 0.9871639
vn -0.1598185 0.0000594 -0.9871464
vn -0.1598598 0.0000594 0.9871397
vn -0.1598076 -0.0028576 -0.9871440
vn -0.1598441 -0.0028581 0.9871382
vn -0.1596987 -0.0060474 -0.9871473
vn -0.1597179 -0.0060484 0.9871442
vn -0.1595095 -0.0090948 -0.9871545
vn -0.1594993 -0.0090961 0.9871561
vn -0.1592433 -0.0119220 -0.9871674
vn -0.1591923 -0.0119234 0.9871756
vn -0.1589029 -0.0145266 -0.9871873
vn -0.1588005 -0.0145279 0.9872038
vn -0.1584908 -0.0169087 -0.9872157
vn -0.1583273 -0.0169095 0.9872419
vn -0.1580096 -0.0190681 -0.9872535
vn -0.1577761 -0.0190682 0.9872908
vn -0.1574618 -0.0210048 -0.9873016
vn -0.1571504 -0.0210038 0.9873513
vn -0.1568504 -0.0227187 -0.9873610
vn -0.1564540 -0.0227165 0.9874240
vn -0.1561784 -0.0242100 -0.9874321
vn -0.1556906 -0.0242062 0.9875092
vn -0.1554491 -0.0254785 -0.9875153
vn -0.1548644 -0.0254729 0.9876072
vn -0.1546659 -0.0265243 -0.9876107
vn -0.1539799 -0.0265168 0.9877180
vn -0.1538329 -0.0273475 -0.9877184
vn -0.1530419 -0.0273379 0.9878415
vn -0.1529542 -0.0279481 -0.9878380
vn -0.1520553 -0.0279363 0.9879771
vn -0.1520343 -0.0283262 -0.9879692
vn -0.1510258 -0.0283120 0.9881243
vn -0.1510781 -0.0284823 -0.9881114
vn -0.1499590 -0.0284659 0.9882823
vn -0.1500903 -0.0284824 -0.9882620
vn -0.1488606 -0.0284638 0.9884485
vn -0.1490646 -0.0288875 -0.9884054
vn -0.1477246 -0.0288662 0.9886072
vn -0.1479222 -0.0308864 -0.9885166
vn -0.1476263 -0.0290233 0.9886172
vn -0.1737372 -0.0309404 0.9843059
vn -0.1469125 -0.0308679 0.9886677
vn -0.1465012 -0.0341806 -0.9886197
vn -0.2049098 -0.0343707 0.9781772
vn -0.1458989 -0.0341666 0.9887093
vn -0.1447988 -0.0374628 -0.9887516
vn -0.2391224 -0.0378316 0.9702522
vn -0.1446465 -0.0374561 0.9887742
vn -0.1428576 -0.0403886 -0.9889188
vn -0.2759073 -0.0409422 0.9603119
vn -0.1431924 -0.0403921 0.9888703
vn -0.1407213 -0.0429370 -0.9891177
vn -0.3146922 -0.0436421 0.9481900
vn -0.1415747 -0.0429530 0.9889953
vn -0.1790419 -0.0454119 -0.9827929
vn -0.1405142 -0.0431341 -0.9891386
vn -0.1390097 -0.0451238 -0.9892625
vn -0.3548547 -0.0458943 0.9337943
vn -0.1398299 -0.0451405 0.9891461
vn -0.2231764 -0.0475079 -0.9736197
vn -0.1372668 -0.0469403 -0.9894212
vn -0.3957452 -0.0476655 0.9171225
vn -0.1379927 -0.0469560 0.9893195
vn -0.2684606 -0.0491498 -0.9620359
vn -0.1354670 -0.0483871 -0.9895996
vn -0.1360958 -0.0484013 0.9895126
vn -0.3142186 -0.0503000 -0.9480172
vn -0.1336396 -0.0494660 -0.9897947
vn -0.1341696 -0.0494785 0.9897223
vn -0.3597619 -0.0509311 -0.9316530
vn -0.1318120 -0.0501786 -0.9900039
vn -0.1322422 -0.0501892 0.9899460
vn -0.4044254 -0.0510277 -0.9131463
vn -0.1300093 -0.0505265 -0.9902245
vn -0.1303394 -0.0505349 0.9901807
vn -0.1282545 -0.0505110 -0.9904542
vn -0.1284848 -0.0505173 0.9904240
vn -0.1265689 -0.0501333 -0.9906901
vn -0.1267006 -0.0501375 0.9906731
vn -0.1249723 -0.0493948 -0.9909299
vn -0.1250071 -0.0493969 0.9909254
vn -0.1234832 -0.0483023 -0.9911704
vn -0.1234233 -0.0483022 0.9911779
vn -0.1221191 -0.0470354 -0.9914003
vn -0.1219663 -0.0470078 0.9914205
vn -0.1208855 -0.0474784 -0.9915304
vn -0.1206580 -0.0472411 0.9915695
vn -0.1184434 -0.0583669 -0.9912440
vn -0.1185179 -0.0583242 0.9912375
vn -0.1014905 -0.0878660 -0.9909487
vn -0.1031022 -0.0915203 0.9904514
vn -0.0459126 -0.1002384 -0.9939036
vn -0.0463401 -0.1024900 0.9936540
vn -0.0064425 -0.1300953 -0.9914805
vn -0.0447479 -0.1034489 0.9936277
vn -0.1309097 -0.1883802 0.9733322
vn -0.0062815 -0.1286114 0.9916752
vn 0.0241168 -0.1586296 -0.9870436
vn 0.0441238 -0.1816060 -0.9823809
vn 0.0438943 -0.1815800 0.9823961
vn 0.0875100 -0.1491135 -0.9849402
vn 0.0874735 -0.1490720 0.9849497
vn 0.1055053 -0.0833486 -0.9909196
vn 0.1054761 -0.0833461 0.9909230
vn 0.1118496 -0.0554072 -0.9921793
vn 0.1118156 -0.0554094 0.9921830
vn 0.1149480 -0.0451271 -0.9923459
vn 0.1149104 -0.0452994 0.9923425
vn 0.1181661 -0.0206102 -0.9927799
vn 0.1177954 -0.0234444 0.9927611
vn 0.1377150 0.0877149 -0.9865803
vn 0.1343724 0.0759605 0.9880152
vn 0.2282186 0.3848616 -0.8943141
vn 0.2213184 0.3842958 0.8962895
vn 0.2756176 0.5672074 -0.7760868
vn 0.2288035 0.8117093 -0.5373796
vn 0.2403411 0.7737116 0.5861797
vn 0.2394669 0.8116837 0.5327525
vn 0.2868119 0.6722702 0.6824894
vn 0.1256512 0.9513829 -0.2812157
vn 0.0287847 0.9980282 -0.0557785
vn 0.0049481 0.9999637 -0.0069342
vn 0.0010522 0.9999993 -0.0004758
vn 0.0003169 0.9999999 -0.0000060
vn 0.0008290 0.9999996 0.0003660
vn 0.0038194 0.9999793 0.0051879
vn 0.0206049 0.9988752 0.0427052
vn 0.0942277 0.9706433 0.2212976
vn 0.1137125 -0.8934959 -0.4344359
vn 0.1699514 -0.5362804 -0.8267526
vn 0.0278507 -0.9972416 -0.0688004
vn 0.0057267 -0.9999577 -0.0071847
vn 0.0026937 -0.9999964 -0.0001072
vn 0.0047120 -0.9999746 0.0053511
vn 0.0198877 -0.9983619 0.0536459
vn 0.0782892 -0.9367857 0.3410329
vn 0.1512141 -0.5580233 0.8159314
vn 0.1655098 -0.1212637 -0.9787244
vn 0.1637674 -0.1255285 0.9784799
vn 0.1597359 -0.0289275 -0.9867359
vn 0.1587401 -0.0296518 0.9868750
vn 0.1592332 -0.0011254 -0.9872404
vn 0.1581494 -0.0012055 0.9874145
vn 0.1595310 0.0039416 -0.9871851
vn 0.1584480 0.0039375 0.9873595
vn 0.1600221 0.0057404 -0.9870967
vn 0.1589584 0.0057361 0.9872686
vn 0.1606873 0.0073661 -0.9869779
vn 0.1596496 0.0073607 0.9871463
vn 0.1615140 0.0088404 -0.9868308
vn 0.1605086 0.0088342 0.9869949
vn 0.1624899 0.0101636 -0.9866578
vn 0.1615227 0.0101568 0.9868168
vn 0.1636030 0.0113356 -0.9864611
vn 0.1626790 0.0113284 0.9866140
vn 0.1648410 0.0123564 -0.9862427
vn 0.1639649 0.0123491 0.9863889
vn 0.1661914 0.0132256 -0.9860048
vn 0.1653675 0.0132184 0.9861434
vn 0.1676415 0.0139433 -0.9857494
vn 0.1668733 0.0139363 0.9858798
vn 0.1691781 0.0145089 -0.9854787
vn 0.1684687 0.0145023 0.9856004
vn 0.1707872 0.0149220 -0.9851949
vn 0.1701393 0.0149160 0.9853072
vn 0.1724544 0.0151821 -0.9849004
vn 0.1718698 0.0151769 0.9850027
vn 0.1741643 0.0152889 -0.9845979
vn 0.1736443 0.0152844 0.9846898
vn 0.1759005 0.0152415 -0.9842899
vn 0.1754460 0.0152379 0.9843711
vn 0.1776457 0.0150394 -0.9839796
vn 0.1772567 0.0150367 0.9840498
vn 0.1793818 0.0146819 -0.9836699
vn 0.1790576 0.0146802 0.9837291
vn 0.1810894 0.0141685 -0.9833646
vn 0.1808286 0.0141675 0.9834126
vn 0.1827479 0.0134983 -0.9830672
vn 0.1825485 0.0134981 0.9831042
vn 0.1843362 0.0126709 -0.9827815
vn 0.1841954 0.0126714 0.9828079
vn 0.1858319 0.0116856 -0.9825121
vn 0.1857461 0.0116866 0.9825283
vn 0.1872120 0.0105421 -0.9822630
vn 0.1871767 0.0105434 0.9822697
vn 0.1884527 0.0092399 -0.9820388
vn 0.1884627 0.0092415 0.9820368
vn 0.1895300 0.0077789 -0.9818441
vn 0.1895792 0.0077805 0.9818346
vn 0.1904196 0.0061590 -0.9816835
vn 0.1905010 0.0061605 0.9816676
vn 0.1910974 0.0043803 -0.9815613
vn 0.1912034 0.0043814 0.9815406
vn 0.1915399 0.0024138 -0.9814819
vn 0.1916620 0.0024144 0.9814580
vn 0.1917334 0.0000676 -0.9814470
vn 0.1918618 0.0000676 0.9814219
vn 0.1917205 -0.0028501 -0.9814454
vn 0.1918431 -0.0028508 0.9814215
vn 0.1915906 -0.0060340 -0.9814563
vn 0.1916926 -0.0060353 0.9814364
vn 0.1913651 -0.0090751 -0.9814770
vn 0.1914319 -0.0090769 0.9814640
vn 0.1910479 -0.0118966 -0.9815086
vn 0.1910656 -0.0118986 0.9815052
vn 0.1906420 -0.0144963 -0.9815525
vn 0.1905984 -0.0144983 0.9815611
vn 0.1901508 -0.0168742 -0.9816099
vn 0.1900340 -0.0168759 0.9816325
vn 0.1895771 -0.0190303 -0.9816814
vn 0.1893765 -0.0190312 0.9817201
vn 0.1889242 -0.0209643 -0.9817679
vn 0.1886303 -0.0209642 0.9818244
vn 0.1881954 -0.0226763 -0.9818698
vn 0.1877994 -0.0226750 0.9819456
vn 0.1873942 -0.0241664 -0.9819875
vn 0.1868888 -0.0241634 0.9820839
vn 0.1865247 -0.0254344 -0.9821210
vn 0.1859032 -0.0254296 0.9822389
vn 0.1855910 -0.0264804 -0.9822702
vn 0.1848480 -0.0264735 0.9824105
vn 0.1845978 -0.0273044 -0.9824348
vn 0.1837289 -0.0272953 0.9825979
vn 0.1835501 -0.0279066 -0.9826142
vn 0.1825518 -0.0278950 0.9828004
vn 0.1824531 -0.0282867 -0.9828076
vn 0.1813235 -0.0282727 0.9830170
vn 0.1813128 -0.0284455 -0.9830140
vn 0.1800505 -0.0284291 0.9832465
vn 0.1801347 -0.0284491 -0.9832305
vn 0.1787397 -0.0284302 0.9834855
vn 0.1789113 -0.0288599 -0.9834418
vn 0.1773841 -0.0288381 0.9837191
vn 0.1775484 -0.0308696 -0.9836278
vn 0.1764825 -0.0300476 0.9838451
vn 0.1761149 -0.0308463 0.9838862
vn 0.1758527 -0.0341775 -0.9838231
vn 0.1749071 -0.0341586 0.9839922
vn 0.1738207 -0.0374719 -0.9840642
vn 0.1734142 -0.0374605 0.9841363
vn 0.1715033 -0.0404074 -0.9843546
vn 0.1716807 -0.0404066 0.9843236
vn 0.1689526 -0.0429628 -0.9846873
vn 0.1697518 -0.0429754 0.9845494
vn 0.1678042 -0.0438792 -0.9848434
vn 0.1666602 -0.0451500 -0.9849801
vn 0.1676710 -0.0451686 0.9848077
vn 0.1645817 -0.0469703 -0.9852445
vn 0.1654797 -0.0469879 0.9850932
vn 0.1624348 -0.0484189 -0.9855306
vn 0.1632168 -0.0484350 0.9854006
vn 0.1602548 -0.0494980 -0.9858338
vn 0.1609185 -0.0495122 0.9857250
vn 0.1580740 -0.0502091 -0.9861499
vn 0.1586183 -0.0502212 0.9860619
vn 0.1559226 -0.0505540 -0.9864747
vn 0.1563471 -0.0505638 0.9864071
vn 0.1538281 -0.0505341 -0.9868045
vn 0.1541333 -0.0505416 0.9867566
vn 0.1518160 -0.0501508 -0.9871356
vn 0.1520032 -0.0501560 0.9871066
vn 0.1499100 -0.0494055 -0.9874645
vn 0.1499811 -0.0494084 0.9874536
vn 0.1481320 -0.0483052 -0.9877872
vn 0.1480898 -0.0483058 0.9877935
vn 0.1465031 -0.0470281 -0.9880916
vn 0.1463498 -0.0470001 0.9881157
vn 0.1450180 -0.0471324 -0.9883058
vn 0.1447706 -0.0468342 0.9883563
vn 0.1436735 -0.0537073 -0.9881667
vn 0.1436128 -0.0530256 0.9882124
vn 0.1462701 -0.0666895 -0.9869942
vn 0.1474565 -0.0681430 0.9867184
vn 0.1657999 -0.0702787 -0.9836520
vn 0.1683465 -0.0718442 0.9831062
vn 0.1787732 -0.1001555 -0.9787793
vn 0.1786770 -0.0979754 0.9790175
vn 0.1792199 -0.0995127 0.9787632
vn 0.1462796 -0.1585243 -0.9764590
vn 0.2008060 -0.1452930 -0.9687966
vn 0.2011320 -0.1450790 0.9687610
vn 0.2063742 -0.1400203 -0.9684028
vn 0.2236561 -0.1235544 -0.9668052
vn 0.2240662 -0.1234179 0.9667277
vn 0.2342769 -0.0724579 -0.9694660
vn 0.2345619 -0.0724322 0.9693989
vn 0.2380670 -0.0506233 -0.9699286
vn 0.2382733 -0.0506222 0.9698780
vn 0.2399660 -0.0421308 -0.9698666
vn 0.2401595 -0.0421277 0.9698189
vn 0.2442531 -0.0112344 -0.9696465
vn 0.2447708 -0.0125620 0.9694996
vn 0.2643336 0.1377878 -0.9545377
vn 0.2671914 0.1304580 0.9547719
vn 0.3094005 0.5071266 -0.8044214
vn 0.3208030 0.5055711 0.8009265
vn 0.3096800 0.5083452 -0.8035443
vn 0.3100937 0.8016146 -0.5111321
vn 0.2945573 0.8103798 0.5064785
vn 0.3338862 0.5717851 0.7493876
vn 0.2924865 0.8330384 -0.4695728
vn 0.0900984 0.9862735 -0.1383718
vn 0.0279967 0.9991717 -0.0295334
vn 0.0096806 0.9999420 -0.0047204
vn 0.0047409 0.9999887 -0.0002265
vn 0.0080746 0.9999610 0.0035690
vn 0.0218491 0.9995410 0.0209831
vn 0.0676614 0.9925643 0.1011832
vn 0.2391920 0.8911645 0.3855036
vn 0.4383267 -0.6021141 -0.6673291
vn 0.4620556 -0.5027521 -0.7305785
vn 0.1504371 -0.9746014 -0.1658937
vn 0.0559937 -0.9979256 -0.0317644
vn 0.0391935 -0.9992310 -0.0011445
vn 0.0500534 -0.9985023 0.0220858
vn 0.1178980 -0.9858885 0.1188438
vn 0.3639240 -0.7597320 0.5388567
vn 0.4400327 -0.5191451 0.7327071
vn 0.4646487 -0.1203870 -0.8772734
vn 0.4614756 -0.1220549 0.8787166
vn 0.4533025 -0.0286413 -0.8908964
vn 0.4538198 -0.0294203 0.8906077
vn 0.4523990 -0.0008461 -0.8918153
vn 0.4530405 -0.0009421 0.8914894
vn 0.4531555 0.0044098 -0.8914206
vn 0.4538151 0.0044113 0.8910849
vn 0.4543953 0.0064209 -0.8907771
vn 0.4551124 0.0064249 0.8904108
vn 0.4560724 0.0082441 -0.8899044
vn 0.4568672 0.0082496 0.8894966
vn 0.4581534 0.0099015 -0.8888180
vn 0.4590446 0.0099087 0.8883580
vn 0.4606052 0.0113935 -0.8875319
vn 0.4616094 0.0114026 0.8870100
vn 0.4633948 0.0127199 -0.8860607
vn 0.4645272 0.0127311 0.8854673
vn 0.4664889 0.0138806 -0.8844182
vn 0.4677631 0.0138941 0.8837447
vn 0.4698538 0.0148750 -0.8826189
vn 0.4712815 0.0148908 0.8818572
vn 0.4734554 0.0157024 -0.8806778
vn 0.4750463 0.0157206 0.8798203
vn 0.4772578 0.0163616 -0.8786109
vn 0.4790204 0.0163823 0.8776509
vn 0.4812250 0.0168514 -0.8764352
vn 0.4831654 0.0168746 0.8753665
vn 0.4853184 0.0171704 -0.8741688
vn 0.4874417 0.0171960 0.8729862
vn 0.4894989 0.0173171 -0.8718320
vn 0.4918075 0.0173448 0.8705312
vn 0.4937253 0.0172898 -0.8694460
vn 0.4962201 0.0173192 0.8680241
vn 0.4979548 0.0170865 -0.8670347
vn 0.5006347 0.0171175 0.8654894
vn 0.5021428 0.0167057 -0.8646232
vn 0.5050046 0.0167377 0.8629543
vn 0.5062433 0.0161453 -0.8622395
vn 0.5092822 0.0161779 0.8604475
vn 0.5102086 0.0154037 -0.8599128
vn 0.5134172 0.0154362 0.8580002
vn 0.5139891 0.0144793 -0.8576745
vn 0.5173587 0.0145111 0.8556456
vn 0.5175343 0.0133705 -0.8555580
vn 0.5210540 0.0134010 0.8534185
vn 0.5207925 0.0120763 -0.8535979
vn 0.5244489 0.0121047 0.8513559
vn 0.5237111 0.0105957 -0.8518301
vn 0.5274894 0.0106214 0.8494952
vn 0.5262372 0.0089284 -0.8502909
vn 0.5301203 0.0089506 0.8478752
vn 0.5283173 0.0070745 -0.8490175
vn 0.5322865 0.0070923 0.8465345
vn 0.5298989 0.0050343 -0.8480459
vn 0.5339333 0.0050472 0.8455116
vn 0.5309299 0.0027926 -0.8474111
vn 0.5350066 0.0027999 0.8448433
vn 0.5313807 0.0002487 -0.8471330
vn 0.5354747 0.0002505 0.8445512
vn 0.5313540 -0.0026588 -0.8471457
vn 0.5354359 -0.0026615 0.8445717
vn 0.5310620 -0.0056845 -0.8473138
vn 0.5350991 -0.0056907 0.8447701
vn 0.5305547 -0.0085581 -0.8476075
vn 0.5345151 -0.0085674 0.8451155
vn 0.5298405 -0.0112309 -0.8480229
vn 0.5336946 -0.0112429 0.8456026
vn 0.5289262 -0.0137016 -0.8485572
vn 0.5326462 -0.0137160 0.8462269
vn 0.5278181 -0.0159703 -0.8492073
vn 0.5313783 -0.0159868 0.8469837
vn 0.5265229 -0.0180369 -0.8499696
vn 0.5298997 -0.0180551 0.8478681
vn 0.5250466 -0.0199012 -0.8508407
vn 0.5282184 -0.0199204 0.8488749
vn 0.5233965 -0.0215626 -0.8518165
vn 0.5263434 -0.0215826 0.8499981
vn 0.5215796 -0.0230210 -0.8528920
vn 0.5242844 -0.0230413 0.8512315
vn 0.5196041 -0.0242757 -0.8540621
vn 0.5220512 -0.0242958 0.8525680
vn 0.5174786 -0.0253260 -0.8553213
vn 0.5196545 -0.0253456 0.8540004
vn 0.5152125 -0.0261716 -0.8566628
vn 0.5171061 -0.0261902 0.8555205
vn 0.5128161 -0.0268118 -0.8580797
vn 0.5144185 -0.0268288 0.8571194
vn 0.5103008 -0.0272457 -0.8595642
vn 0.5116050 -0.0272610 0.8587882
vn 0.5076783 -0.0274734 -0.8611086
vn 0.5086799 -0.0274867 0.8605168
vn 0.5049605 -0.0275642 -0.8627022
vn 0.5056573 -0.0275751 0.8622937
vn 0.5021260 -0.0281121 -0.8643374
vn 0.5025166 -0.0281206 0.8641102
vn 0.4989452 -0.0303671 -0.8661013
vn 0.1866748 -0.0308746 0.9819365
vn 0.4990171 -0.0303731 0.8660597
vn 0.4949513 -0.0339878 -0.8682557
vn 0.2148132 -0.0343018 0.9760526
vn 0.4946658 -0.0339899 0.8684183
vn 0.4901312 -0.0375676 -0.8708386
vn 0.2456956 -0.0377686 0.9686109
vn 0.4894455 -0.0375636 0.8712244
vn 0.4845996 -0.0407372 -0.8737870
vn 0.2789351 -0.0408992 0.9594386
vn 0.4834758 -0.0407249 0.8744099
vn 0.4784742 -0.0434750 -0.8770247
vn 0.3140604 -0.0436375 0.9483996
vn 0.4768791 -0.0434522 0.8778942
vn 0.1899679 -0.0453265 -0.9807435
vn 0.4718703 -0.0457846 -0.8804784
vn 0.3505592 -0.0459496 0.9354126
vn 0.4697762 -0.0457495 0.8815993
vn 0.2297801 -0.0474345 -0.9720860
vn 0.4648996 -0.0476706 -0.8840791
vn 0.3878956 -0.0478036 0.9204628
vn 0.4622835 -0.0476216 0.8854525
vn 0.2707067 -0.0491102 -0.9614083
vn 0.4576693 -0.0491380 -0.8877636
vn 0.4255211 -0.0491731 0.9036115
vn 0.4545138 -0.0490741 0.8893868
vn 0.3121939 -0.0503181 -0.9486849
vn 0.4502823 -0.0501929 -0.8914744
vn 0.4494617 -0.0497358 0.8919140
vn 0.4474282 -0.0501306 0.8929137
vn 0.3536745 -0.0510305 -0.9339755
vn 0.4428356 -0.0508408 -0.8951602
vn 0.4418080 -0.0508125 0.8956695
vn 0.3945919 -0.0512293 -0.9174272
vn 0.4354217 -0.0510874 -0.8987758
vn 0.4362358 -0.0510950 0.8983805
vn 0.4291147 -0.0509571 -0.9018115
vn 0.4284170 -0.0509436 -0.9021440
vn 0.4307841 -0.0509822 0.9010138
vn 0.4234479 -0.0504437 -0.9045150
vn 0.4255212 -0.0504775 0.9035396
vn 0.4187279 -0.0495555 -0.9067587
vn 0.4205117 -0.0495842 0.9059312
vn 0.4143161 -0.0482879 -0.9088511
vn 0.4158166 -0.0483116 0.9081644
vn 0.4102716 -0.0468470 -0.9107593
vn 0.4114948 -0.0468578 0.9102068
vn 0.4066121 -0.0469288 -0.9123948
vn 0.4075073 -0.0468103 0.9120014
vn 0.4024667 -0.0528265 -0.9139091
vn 0.4026724 -0.0523741 0.9138446
vn 0.3958274 -0.0603609 -0.9163390
vn 0.3948823 -0.0606432 0.9167280
vn 0.3936126 -0.0592435 -0.9173654
vn 0.3936925 -0.0600755 0.9172771
vn 0.3940442 -0.0857122 -0.9150862
vn 0.1819091 -0.0993767 0.9782808
vn 0.3938053 -0.0857607 0.9151844
vn 0.3941571 -0.1253236 -0.9104582
vn 0.2880550 -0.1368767 0.9477811
vn 0.3932124 -0.1254468 0.9108496
vn 0.2881410 -0.1182596 -0.9502575
vn 0.3967841 -0.1082350 -0.9115084
vn 0.3831743 -0.1095443 0.9171574
vn 0.3951290 -0.1083856 0.9122092
vn 0.3408118 -0.0677125 -0.9376899
vn 0.3993788 -0.0648481 -0.9144897
vn 0.3957830 -0.0970752 0.9131989
vn 0.3987125 -0.0648514 0.9147801
vn 0.3693471 -0.0473726 -0.9280833
vn 0.4001157 -0.0465164 -0.9152834
vn 0.4003546 -0.0465312 0.9151781
vn 0.3921149 -0.0402386 -0.9190358
vn 0.3999059 -0.0399503 -0.9156851
vn 0.4010282 -0.0396066 0.9152091
vn 0.4008638 -0.0284085 -0.9156972
vn 0.4026227 -0.0113778 -0.9152953
vn 0.4052855 -0.0070799 0.9141628
vn 0.4137715 0.1506874 -0.8978232
vn 0.4216232 0.1639721 0.8918223
vn 0.4138543 0.1594021 -0.8962787
vn 0.3100226 0.5077962 -0.8037594
vn 0.3986459 0.5813541 -0.7093017
vn 0.3513253 0.5462796 0.7603612
vn 0.3995268 0.5828305 0.7075924
vn 0.4158480 0.3654202 0.8327896
vn 0.4147028 0.6808715 -0.6036850
vn 0.3224694 0.8002993 -0.5055043
vn 0.3534243 0.8204059 -0.4494723
vn 0.3336214 0.8043636 0.4916259
vn 0.3573520 0.8169262 0.4526932
vn 0.4161779 0.7069016 0.5719143
vn 0.2630813 0.9162503 -0.3021153
vn 0.1096777 0.9901791 -0.0866969
vn 0.0511115 0.9983890 -0.0246389
vn 0.0389411 0.9992401 -0.0016625
vn 0.0467628 0.9987426 0.0180673
vn 0.0903366 0.9937835 0.0650662
vn 0.2237600 0.9428196 0.2470276
vn 0.5021278 -0.4948901 -0.7091908
vn 0.6746172 -0.4988978 -0.5440522
vn 0.6085452 -0.6568409 -0.4452333
vn 0.3494914 -0.9285536 -0.1250756
vn 0.2767228 -0.9609244 -0.0069803
vn 0.3249768 -0.9413331 0.0910068
vn 0.5427832 -0.7568052 0.3641870
vn 0.5467417 -0.5032097 0.6692186
vn 0.6745288 -0.5013743 0.5418805
vn 0.5966053 -0.1150331 -0.7942477
vn 0.7443114 -0.1175888 -0.6573990
vn 0.6591923 -0.1138859 0.7433003
vn 0.7426074 -0.1142694 0.6599067
vn 0.6076189 -0.0281124 -0.7937310
vn 0.7400690 -0.0288434 -0.6719121
vn 0.6726291 -0.0278591 0.7394552
vn 0.7373297 -0.0279894 0.6749529
vn 0.6088648 -0.0006032 -0.7932737
vn 0.7394962 -0.0004934 -0.6731606
vn 0.6739570 -0.0005351 0.7387704
vn 0.7367708 -0.0004626 0.6761424
vn 0.6081132 0.0048870 -0.7938353
vn 0.7406582 0.0052502 -0.6718615
vn 0.6732517 0.0050679 0.7393960
vn 0.7380360 0.0052419 0.6747410
vn 0.6068959 0.0071032 -0.7947496
vn 0.7425467 0.0076435 -0.6697508
vn 0.6721245 0.0073673 0.7404016
vn 0.7400742 0.0076323 0.6724819
vn 0.6052598 0.0091040 -0.7959759
vn 0.7450898 0.0098211 -0.6668919
vn 0.6706094 0.0094456 0.7417506
vn 0.7428183 0.0098080 0.6694213
vn 0.6032459 0.0109102 -0.7974806
vn 0.7482262 0.0118060 -0.6633387
vn 0.6687438 0.0113241 0.7434067
vn 0.7462016 0.0117923 0.6656156
vn 0.6008964 0.0125212 -0.7992289
vn 0.7518941 0.0135988 -0.6591436
vn 0.6665659 0.0130024 0.7453327
vn 0.7501568 0.0135858 0.6611204
vn 0.5982533 0.0139369 -0.8011858
vn 0.7560315 0.0151995 -0.6543587
vn 0.6641141 0.0144804 0.7474911
vn 0.7546163 0.0151883 0.6559905
vn 0.5953577 0.0151574 -0.8033178
vn 0.7605758 0.0166072 -0.6490368
vn 0.6614267 0.0157579 0.7498443
vn 0.7595115 0.0165989 0.6502820
vn 0.5922521 0.0161832 -0.8055903
vn 0.7654638 0.0178204 -0.6432321
vn 0.6585419 0.0168353 0.7523557
vn 0.7647741 0.0178160 0.6440521
vn 0.5889780 0.0170149 -0.8079699
vn 0.7706329 0.0188375 -0.6370009
vn 0.6554978 0.0177129 0.7549894
vn 0.7703353 0.0188376 0.6373608
vn 0.5855766 0.0176533 -0.8104249
vn 0.7760201 0.0196560 -0.6304018
vn 0.6523326 0.0183911 0.7577097
vn 0.7761267 0.0196611 0.6302704
vn 0.5820888 0.0180996 -0.8129237
vn 0.7815630 0.0202733 -0.6234968
vn 0.6490838 0.0188706 0.7604828
vn 0.7820805 0.0202837 0.6228473
vn 0.5785539 0.0183551 -0.8154377
vn 0.7871998 0.0206864 -0.6163510
vn 0.6457881 0.0191523 0.7632765
vn 0.7881292 0.0207022 0.6151616
vn 0.5750110 0.0184214 -0.8179383
vn 0.7928693 0.0208923 -0.6090334
vn 0.6424815 0.0192372 0.7660597
vn 0.7942067 0.0209132 0.6072877
vn 0.5714974 0.0183003 -0.8203998
vn 0.7985116 0.0208876 -0.6016169
vn 0.6391994 0.0191265 0.7688031
vn 0.8002483 0.0209132 0.5993040
vn 0.5680501 0.0179935 -0.8227973
vn 0.8040680 0.0206691 -0.5941780
vn 0.6359762 0.0188215 0.7714791
vn 0.8061913 0.0206988 0.5912928
vn 0.5647041 0.0175030 -0.8251078
vn 0.8094814 0.0202335 -0.5867969
vn 0.6328446 0.0183235 0.7740620
vn 0.8119740 0.0202666 0.5833417
vn 0.5614925 0.0168308 -0.8273106
vn 0.8146962 0.0195776 -0.5795575
vn 0.6298362 0.0176340 0.7765278
vn 0.8175376 0.0196131 0.5755413
vn 0.5584477 0.0159787 -0.8293858
vn 0.8196588 0.0186987 -0.5725467
vn 0.6269814 0.0167543 0.7788541
vn 0.8228252 0.0187356 0.5679856
vn 0.5555996 0.0149485 -0.8313156
vn 0.8243172 0.0175940 -0.5658547
vn 0.6243095 0.0156858 0.7810196
vn 0.8277823 0.0176311 0.5607724
vn 0.5529781 0.0137419 -0.8330824
vn 0.8286211 0.0162612 -0.5595737
vn 0.6218477 0.0144297 0.7830053
vn 0.8323565 0.0162976 0.5540010
vn 0.5506104 0.0123600 -0.8346708
vn 0.8325218 0.0146989 -0.5537972
vn 0.6196231 0.0129871 0.7847921
vn 0.8364969 0.0147333 0.5477735
vn 0.5485232 0.0108039 -0.8360655
vn 0.8359717 0.0129056 -0.5486209
vn 0.6176608 0.0113586 0.7863626
vn 0.8401546 0.0129370 0.5421926
vn 0.5467426 0.0090740 -0.8372515
vn 0.8389238 0.0108811 -0.5441401
vn 0.6159860 0.0095447 0.7876992
vn 0.8432814 0.0109083 0.5373616
vn 0.5452945 0.0071703 -0.8382139
vn 0.8413318 0.0086256 -0.5404502
vn 0.6146238 0.0075453 0.7887843
vn 0.8458296 0.0086476 0.5333831
vn 0.5442048 0.0050919 -0.8389369
vn 0.8431488 0.0061404 -0.5376452
vn 0.6135980 0.0053599 0.7896004
vn 0.8477510 0.0061563 0.5303587
vn 0.5434999 0.0028218 -0.8394045
vn 0.8443269 0.0034345 -0.5358174
vn 0.6129346 0.0029766 0.7901280
vn 0.8489960 0.0034436 0.5283880
vn 0.5432429 0.0002610 -0.8395755
vn 0.8448346 0.0005751 -0.5350273
vn 0.6126909 0.0003307 0.7903225
vn 0.8495312 0.0005777 0.5275381
vn 0.5437009 -0.0026479 -0.8392749
vn 0.8447534 -0.0022616 -0.5351509
vn 0.6131066 -0.0025859 0.7899959
vn 0.8494346 -0.0022636 0.5276891
vn 0.5452290 -0.0056625 -0.8382680
vn 0.8442675 -0.0049444 -0.5358992
vn 0.6144968 -0.0055518 0.7888998
vn 0.8488883 -0.0049494 0.5285489
vn 0.5478255 -0.0085183 -0.8365493
vn 0.8434282 -0.0074619 -0.5371902
vn 0.6168582 -0.0083535 0.7870299
vn 0.8479453 -0.0074694 0.5300311
vn 0.5514049 -0.0111665 -0.8341630
vn 0.8422511 -0.0098174 -0.5389960
vn 0.6201117 -0.0109520 0.7844371
vn 0.8466236 -0.0098274 0.5321014
vn 0.5558770 -0.0136048 -0.8311532
vn 0.8407502 -0.0120119 -0.5412899
vn 0.6241719 -0.0133452 0.7811731
vn 0.8449387 -0.0120242 0.5347280
vn 0.5611496 -0.0158329 -0.8275629
vn 0.8389382 -0.0140457 -0.5440454
vn 0.6289527 -0.0155325 0.7772884
vn 0.8429050 -0.0140601 0.5378786
vn 0.5671301 -0.0178509 -0.8234347
vn 0.8368271 -0.0159186 -0.5472358
vn 0.6343677 -0.0175139 0.7728330
vn 0.8405366 -0.0159347 0.5415205
vn 0.5737258 -0.0196593 -0.8188115
vn 0.8344290 -0.0176297 -0.5508333
vn 0.6403290 -0.0192900 0.7678585
vn 0.8378467 -0.0176473 0.5456203
vn 0.5808434 -0.0212592 -0.8137377
vn 0.8317561 -0.0191780 -0.5548100
vn 0.6467512 -0.0208619 0.7624157
vn 0.8348493 -0.0191966 0.5501439
vn 0.5883924 -0.0226520 -0.8082581
vn 0.8288204 -0.0205620 -0.5591369
vn 0.6535491 -0.0222312 0.7565576
vn 0.8315584 -0.0205812 0.5550559
vn 0.5962832 -0.0238393 -0.8024201
vn 0.8256350 -0.0217800 -0.5637840
vn 0.6606408 -0.0233997 0.7503374
vn 0.8279886 -0.0217992 0.5603210
vn 0.6044291 -0.0248233 -0.7962720
vn 0.8222142 -0.0228300 -0.5687200
vn 0.6679467 -0.0243697 0.7438101
vn 0.8241559 -0.0228485 0.5659019
vn 0.6127467 -0.0256064 -0.7898644
vn 0.8185725 -0.0237101 -0.5739136
vn 0.6753905 -0.0251438 0.7370315
vn 0.8200774 -0.0237272 0.5717605
vn 0.6211544 -0.0261910 -0.7832504
vn 0.8147265 -0.0244179 -0.5793311
vn 0.6828997 -0.0257248 0.7300591
vn 0.8157716 -0.0244329 0.5778578
vn 0.6295760 -0.0265798 -0.7764841
vn 0.8106934 -0.0249511 -0.5849389
vn 0.6904047 -0.0261156 0.7229518
vn 0.8112586 -0.0249633 0.5841542
vn 0.6379378 -0.0267764 -0.7696223
vn 0.8064924 -0.0253084 -0.5907025
vn 0.6978421 -0.0263200 0.7157679
vn 0.8065603 -0.0253171 0.5906094
vn 0.6461700 -0.0268571 -0.7627208
vn 0.8021424 -0.0255635 -0.5965853
vn 0.7051494 -0.0264155 0.7085665
vn 0.8016989 -0.0255680 0.5971811
vn 0.6542278 -0.0274501 -0.7557993
vn 0.7976155 -0.0263594 -0.6025900
vn 0.7122864 -0.0270394 0.7013679
vn 0.7966464 -0.0263587 0.6038706
vn 0.6622893 -0.0298722 -0.7486525
vn 0.7925902 -0.0290362 -0.6090629
vn 0.7194107 -0.0295208 0.6939574
vn 0.7910576 -0.0290280 0.6110525
vn 0.6708851 -0.0337556 -0.7407927
vn 0.7863936 -0.0331844 -0.6168338
vn 0.7269975 -0.0334736 0.6858237
vn 0.7842004 -0.0331637 0.6196208
vn 0.6801065 -0.0376026 -0.7321484
vn 0.7789596 -0.0372431 -0.6259671
vn 0.7351293 -0.0373721 0.6768960
vn 0.7759955 -0.0372043 0.6296403
vn 0.6898781 -0.0410127 -0.7227628
vn 0.7703946 -0.0408037 -0.6362603
vn 0.7437357 -0.0408103 0.6672269
vn 0.7665539 -0.0407409 0.6408864
vn 0.7001050 -0.0439522 -0.7126860
vn 0.7608142 -0.0438418 -0.6474872
vn 0.7527285 -0.0437562 0.6568754
vn 0.7559982 -0.0437489 0.6531101
vn 0.7106900 -0.0464133 -0.7019727
vn 0.7503394 -0.0463619 -0.6594251
vn 0.7542011 -0.0441418 0.6551582
vn 0.7479649 -0.0463040 0.6621212
vn 0.7215350 -0.0483886 -0.6906850
vn 0.7390985 -0.0483707 -0.6718583
vn 0.7400571 -0.0483764 0.6708019
vn 0.7300057 -0.0495288 -0.6816440
vn 0.7281807 -0.0498972 -0.6835665
vn 0.7317382 -0.0499614 0.6797522
vn 0.7200948 -0.0510085 -0.6919982
vn 0.4555415 -0.0501998 0.8887981
vn 0.7231172 -0.0510673 0.6888350
vn 0.7118415 -0.0516509 -0.7004383
vn 0.4725284 -0.0510554 0.8798354
vn 0.7143045 -0.0517021 0.6979225
vn 0.7035269 -0.0518323 -0.7087759
vn 0.4896216 -0.0514695 0.8704146
vn 0.7054118 -0.0518741 0.7068969
vn 0.4315490 -0.0509669 -0.9006485
vn 0.6952572 -0.0515602 -0.7169092
vn 0.5066876 -0.0514279 0.8605945
vn 0.6965512 -0.0515916 0.7156499
vn 0.4494937 -0.0506014 -0.8918492
vn 0.6871388 -0.0508419 -0.7247450
vn 0.5235919 -0.0509187 0.8504463
vn 0.6878349 -0.0508620 0.7240831
vn 0.4672124 -0.0497715 -0.8827431
vn 0.6792769 -0.0496839 -0.7321982
vn 0.5402020 -0.0499335 0.8400527
vn 0.6793753 -0.0496928 0.7321064
vn 0.4845658 -0.0484747 -0.8734106
vn 0.6717767 -0.0480993 -0.7391905
vn 0.5563908 -0.0484734 0.8295056
vn 0.6712843 -0.0480975 0.7396378
vn 0.5014177 -0.0468841 -0.8639342
vn 0.6647337 -0.0462911 -0.7456449
vn 0.5720341 -0.0467189 0.8188983
vn 0.6636641 -0.0462726 0.7465982
vn 0.5176377 -0.0465668 -0.8543318
vn 0.6580881 -0.0459582 -0.7515370
vn 0.5870122 -0.0462447 0.8082561
vn 0.6564654 -0.0458429 0.7529619
vn 0.5327064 -0.0525598 -0.8446664
vn 0.6500289 -0.0523124 -0.7581068
vn 0.6009054 -0.0521880 0.7976146
vn 0.6480713 -0.0519552 0.7598053
vn 0.5460777 -0.0632773 -0.8353413
vn 0.6346160 -0.0634461 -0.7702188
vn 0.6133276 -0.0638475 0.7872438
vn 0.6329808 -0.0637637 0.7715371
vn 0.5656540 -0.0620559 -0.8223044
vn 0.6202866 -0.0621058 -0.7819127
vn 0.6234191 -0.0633627 0.7793162
vn 0.6187494 -0.0624242 0.7831043
vn 0.5831941 -0.0834411 -0.8080360
vn 0.6104955 -0.0830222 -0.7876564
vn 0.6105990 -0.0829531 0.7875834
vn 0.6003215 -0.1027495 -0.7931308
vn 0.5941964 -0.1193100 -0.7954218
vn 0.5964096 -0.1192214 0.7937770
vn 0.5850309 -0.1012390 -0.8046674
vn 0.5863236 -0.1012133 0.8037291
vn 0.5836898 -0.0591092 -0.8098224
vn 0.4195376 -0.0642584 0.9054606
vn 0.5844665 -0.0591186 0.8092614
vn 0.5834072 -0.0421931 -0.8110831
vn 0.4383859 -0.0456708 0.8976258
vn 0.5838700 -0.0421807 0.8107506
vn 0.5826980 -0.0359326 -0.8118940
vn 0.4538614 -0.0389389 0.8902211
vn 0.5828380 -0.0357670 0.8118008
vn 0.4104128 -0.0115989 -0.9118261
vn 0.5838685 -0.0026010 -0.8118441
vn 0.4705243 -0.0090597 0.8823406
vn 0.5829069 -0.0028657 0.8125339
vn 0.4162218 0.1503357 -0.8967489
vn 0.5871538 0.1726608 -0.7908468
vn 0.4789717 0.1567115 0.8637289
vn 0.5833955 0.1708638 0.7940120
vn 0.5261003 0.5546407 -0.6446645
vn 0.4762515 0.6324753 -0.6108677
vn 0.5003561 0.6390617 -0.5841607
vn 0.4971783 0.6471930 0.5778883
vn 0.5017544 0.7250011 -0.4718218
vn 0.3940071 0.8230081 -0.4091651
vn 0.4310765 0.8289011 -0.3565052
vn 0.4100175 0.8219650 0.3952962
vn 0.4366768 0.8244247 0.3600517
vn 0.4927681 0.7474943 0.4454569
vn 0.4968301 0.6488696 0.5763055
vn 0.3450249 0.9044244 -0.2509471
vn 0.2183077 0.9726619 -0.0791863
vn 0.1816628 0.9833488 -0.0048535
vn 0.2065272 0.9767245 0.0579293
vn 0.3115152 0.9274733 0.2067642
vn 0.7095790 -0.5067295 -0.4896151
vn 0.7984579 -0.5517300 -0.2409542
vn 0.8290668 -0.5588045 -0.0196460
vn 0.8084903 -0.5547527 0.1964510
vn 0.7341671 -0.5154355 0.4419557
vn 0.8431246 -0.1229057 -0.5234837
vn 0.9549435 -0.1272953 -0.2681023
vn 0.9929428 -0.1165071 -0.0221501
vn 0.9667639 -0.1253280 0.2228465
vn 0.8707787 -0.1230555 0.4760270
vn 0.8540038 -0.0295884 -0.5194246
vn 0.9648299 -0.0298720 -0.2611722
vn 0.9944085 -0.0278698 -0.1018567
vn 0.9935715 -0.1110264 -0.0221075
vn 0.9759151 -0.0291040 0.2162009
vn 0.9950861 -0.0278738 0.0950094
vn 0.8811938 -0.0296830 0.4718226
vn 0.8548027 -0.0002748 -0.5189531
vn 0.9655703 -0.0000623 -0.2601421
vn 0.9940829 0.0001995 -0.1086234
vn 0.9765652 0.0000364 0.2152218
vn 0.9944706 0.0001997 0.1050151
vn 0.8820542 -0.0002381 0.4711480
vn 0.8546646 0.0057207 -0.5191491
vn 0.9655173 0.0061528 -0.2602662
vn 0.9948927 0.0062853 -0.1007423
vn 0.9765221 0.0061971 0.2153279
vn 0.9955871 0.0062907 0.0936307
vn 0.8819419 0.0058278 0.4713223
vn 0.8544465 0.0083142 -0.5194728
vn 0.9654313 0.0089423 -0.2605040
vn 0.9960819 0.0091373 -0.0879617
vn 0.9764552 0.0090058 0.2155323
vn 0.9971305 0.0091482 0.0751471
vn 0.8817486 0.0084704 0.4716437
vn 0.8541580 0.0106624 -0.5199041
vn 0.9653189 0.0114710 -0.2608213
vn 0.9974242 0.0117286 -0.0707631
vn 0.9763681 0.0115525 0.2158051
vn 0.9986674 0.0117444 0.0502554
vn 0.8814930 0.0108637 0.4720720
vn 0.8538098 0.0127872 -0.5204280
vn 0.9651847 0.0137614 -0.2612071
vn 0.9986706 0.0140761 -0.0495860
vn 0.9762647 0.0138594 0.2161368
vn 0.9997084 0.0140915 0.0196101
vn 0.8811846 0.0130299 0.4725926
vn 0.8534124 0.0146885 -0.5210291
vn 0.9650332 0.0158137 -0.2616503
vn 0.9995592 0.0161744 -0.0248987
vn 0.9761488 0.0159264 0.2165179
vn 0.9997402 0.0161774 -0.0160526
vn 0.8808331 0.0149690 0.4731902
vn 0.8529769 0.0163662 -0.5216920
vn 0.9648688 0.0176277 -0.2621399
vn 0.9996389 0.0164152 -0.0212762
vn 0.9996102 0.0180281 -0.0213140
vn 0.9760237 0.0177536 0.2169388
vn 0.8804479 0.0166810 0.4738494
vn 0.8525136 0.0178203 -0.5224012
vn 0.9646960 0.0192035 -0.2626647
vn 0.9995789 0.0196389 -0.0213608
vn 0.9758931 0.0193410 0.2173901
vn 0.8800384 0.0181658 0.4745549
vn 0.8520329 0.0190511 -0.5231415
vn 0.9645187 0.0205409 -0.2632141
vn 0.9995501 0.0210057 -0.0214096
vn 0.9757602 0.0206884 0.2178626
vn 0.8796137 0.0194236 0.4752920
vn 0.8515447 0.0200587 -0.5238982
vn 0.9643408 0.0216398 -0.2637775
vn 0.9995248 0.0221288 -0.0214598
vn 0.9756277 0.0217957 0.2183472
vn 0.8791823 0.0204545 0.4760462
vn 0.8510579 0.0208434 -0.5246580
vn 0.9641656 0.0225002 -0.2643454
vn 0.9995039 0.0230078 -0.0215102
vn 0.9754985 0.0226628 0.2188356
vn 0.8787524 0.0212585 0.4768043
vn 0.8505808 0.0214054 -0.5254084
vn 0.9639964 0.0231219 -0.2649084
vn 0.9994880 0.0236428 -0.0215603
vn 0.9753749 0.0232896 0.2193202
vn 0.8783311 0.0218360 0.4775538
vn 0.8501213 0.0217453 -0.5261378
vn 0.9638357 0.0235047 -0.2654588
vn 0.9994776 0.0240337 -0.0216092
vn 0.9752590 0.0236759 0.2197939
vn 0.8779252 0.0221871 0.4782835
vn 0.8496851 0.0218634 -0.5268370
vn 0.9636859 0.0236486 -0.2659890
vn 0.9994730 0.0241805 -0.0216564
vn 0.9751524 0.0238215 0.2202504
vn 0.8775401 0.0223121 0.4789838
vn 0.8492782 0.0217603 -0.5274971
vn 0.9635489 0.0235535 -0.2664934
vn 0.9994744 0.0240829 -0.0217012
vn 0.9750565 0.0237264 0.2206848
vn 0.8771806 0.0222115 0.4796465
vn 0.8489043 0.0214364 -0.5281118
vn 0.9634260 0.0232191 -0.2669665
vn 0.9994817 0.0237410 -0.0217432
vn 0.9749723 0.0233904 0.2210924
vn 0.8768506 0.0218854 0.4802646
vn 0.8485667 0.0208923 -0.5286757
vn 0.9633182 0.0226455 -0.2674044
vn 0.9994946 0.0231545 -0.0217821
vn 0.9749004 0.0228133 0.2214699
vn 0.8765525 0.0213343 0.4808332
vn 0.8482673 0.0201286 -0.5291858
vn 0.9632259 0.0218327 -0.2678044
vn 0.9995127 0.0223236 -0.0218176
vn 0.9748408 0.0219952 0.2218148
vn 0.8762880 0.0205585 0.4813488
vn 0.8480064 0.0191458 -0.5296400
vn 0.9631490 0.0207804 -0.2681645
vn 0.9995354 0.0212479 -0.0218496
vn 0.9747932 0.0209357 0.2221257
vn 0.8760579 0.0195585 0.4818091
vn 0.8477842 0.0179443 -0.5300377
vn 0.9630870 0.0194887 -0.2684840
vn 0.9995620 0.0199274 -0.0218779
vn 0.9747574 0.0196350 0.2224016
vn 0.8758617 0.0183345 0.4822138
vn 0.8475989 0.0165246 -0.5303802
vn 0.9630390 0.0179575 -0.2687627
vn 0.9995915 0.0183622 -0.0219027
vn 0.9747322 0.0180929 0.2226426
vn 0.8756981 0.0168868 0.4825636
vn 0.8474482 0.0148871 -0.5306693
vn 0.9630038 0.0161869 -0.2690016
vn 0.9996226 0.0165520 -0.0219239
vn 0.9747164 0.0163094 0.2228492
vn 0.8755654 0.0152158 0.4828601
vn 0.8473294 0.0130320 -0.5309076
vn 0.9629795 0.0141768 -0.2692015
vn 0.9996541 0.0144969 -0.0219417
vn 0.9747086 0.0142845 0.2230224
vn 0.8754608 0.0133217 0.4831055
vn 0.8472391 0.0109595 -0.5310987
vn 0.9629645 0.0119272 -0.2693642
vn 0.9996846 0.0121968 -0.0219562
vn 0.9747069 0.0120181 0.2231634
vn 0.8753814 0.0112044 0.4833031
vn 0.8471736 0.0086694 -0.5312456
vn 0.9629566 0.0094382 -0.2694912
vn 0.9997121 0.0096517 -0.0219675
vn 0.9747095 0.0095103 0.2232736
vn 0.8753240 0.0088641 0.4834557
vn 0.8471292 0.0061617 -0.5313513
vn 0.9629536 0.0067100 -0.2695838
vn 0.9997349 0.0068619 -0.0219758
vn 0.9747140 0.0067613 0.2233538
vn 0.8752853 0.0063005 0.4835659
vn 0.8471032 0.0034431 -0.5314173
vn 0.9629533 0.0037625 -0.2696420
vn 0.9997509 0.0038517 -0.0219809
vn 0.9747185 0.0037926 0.2234044
vn 0.8752627 0.0035238 0.4836349
vn 0.8471076 0.0005788 -0.5314210
vn 0.9629573 0.0007512 -0.2696530
vn 0.9997581 0.0008081 -0.0219820
vn 0.9747233 0.0007693 0.2234145
vn 0.8752660 0.0006198 0.4836414
vn 0.8472423 -0.0022562 -0.5312019
vn 0.9629906 -0.0020212 -0.2695272
vn 0.9997568 -0.0019225 -0.0219716
vn 0.9747456 -0.0019917 0.2233093
vn 0.8753775 -0.0022063 0.4834349
vn 0.8476543 -0.0049307 -0.5305260
vn 0.9630919 -0.0044864 -0.2691352
vn 0.9997500 -0.0042956 -0.0219390
vn 0.9748126 -0.0044298 0.2229815
vn 0.8757191 -0.0048376 0.4827968
vn 0.8483528 -0.0074323 -0.5293791
vn 0.9632641 -0.0067728 -0.2684703
vn 0.9997395 -0.0064895 -0.0218837
vn 0.9749268 -0.0066888 0.2224253
vn 0.8762981 -0.0072942 0.4817142
vn 0.8493133 -0.0097626 -0.5277990
vn 0.9635015 -0.0089102 -0.2675550
vn 0.9997256 -0.0085441 -0.0218076
vn 0.9750844 -0.0088016 0.2216596
vn 0.8770943 -0.0095841 0.4802227
vn 0.8505095 -0.0119212 -0.5258246
vn 0.9637976 -0.0108992 -0.2664122
vn 0.9997095 -0.0104605 -0.0217127
vn 0.9752814 -0.0107690 0.2207037
vn 0.8780859 -0.0117071 0.4783597
vn 0.8519149 -0.0139078 -0.5234956
vn 0.9641462 -0.0127396 -0.2650656
vn 0.9996918 -0.0122388 -0.0216007
vn 0.9755138 -0.0125909 0.2195775
vn 0.8792509 -0.0136631 0.4761630
vn 0.8535029 -0.0157228 -0.5208509
vn 0.9645410 -0.0144315 -0.2635385
vn 0.9996731 -0.0138788 -0.0214738
vn 0.9757773 -0.0142672 0.2183004
vn 0.8805671 -0.0154522 0.4736696
vn 0.8552468 -0.0173665 -0.5179299
vn 0.9649752 -0.0159750 -0.2618543
vn 0.9996541 -0.0153807 -0.0213338
vn 0.9760678 -0.0157982 0.2168919
vn 0.8820124 -0.0170749 0.4709166
vn 0.8571209 -0.0188397 -0.5147706
vn 0.9654428 -0.0173704 -0.2600355
vn 0.9996354 -0.0167446 -0.0211827
vn 0.9763811 -0.0171841 0.2153709
vn 0.8835655 -0.0185317 0.4679408
vn 0.8591000 -0.0201436 -0.5114112
vn 0.9659376 -0.0186184 -0.2581045
vn 0.9996175 -0.0179706 -0.0210222
vn 0.9767132 -0.0184252 0.2137563
vn 0.8852054 -0.0198237 0.4647778
vn 0.8611597 -0.0212791 -0.5078889
vn 0.9664537 -0.0197193 -0.2560830
vn 0.9996008 -0.0190589 -0.0208542
vn 0.9770603 -0.0195221 0.2120660
vn 0.8869119 -0.0209518 0.4614633
vn 0.8632770 -0.0222476 -0.5042400
vn 0.9669853 -0.0206737 -0.2539921
vn 0.9995859 -0.0200096 -0.0206804
vn 0.9774187 -0.0204751 0.2103177
vn 0.8886659 -0.0219173 0.4580312
vn 0.8654296 -0.0230507 -0.5005001
vn 0.9675274 -0.0214824 -0.2518517
vn 0.9995729 -0.0208231 -0.0205025
vn 0.9777848 -0.0212848 0.2085281
vn 0.8904490 -0.0227214 0.4545155
vn 0.8675968 -0.0236896 -0.4967038
vn 0.9680747 -0.0221461 -0.2496819
vn 0.9995623 -0.0214995 -0.0203221
vn 0.9781551 -0.0219519 0.2067139
vn 0.8922442 -0.0233655 0.4509483
vn 0.8697588 -0.0241659 -0.4928849
vn 0.9686223 -0.0226652 -0.2475016
vn 0.9995542 -0.0220390 -0.0201408
vn 0.9785268 -0.0224767 0.2048909
vn 0.8940351 -0.0238509 0.4473615
vn 0.8718971 -0.0244815 -0.4890767
vn 0.9691660 -0.0230413 -0.2453289
vn 0.9995489 -0.0224425 -0.0199601
vn 0.9788965 -0.0228607 0.2030740
vn 0.8958066 -0.0241795 0.4437859
vn 0.8739928 -0.0247163 -0.4853099
vn 0.9696996 -0.0233554 -0.2431813
vn 0.9995446 -0.0227912 -0.0197813
vn 0.9792597 -0.0231848 0.2012779
vn 0.8975425 -0.0244315 0.4402505
vn 0.8760202 -0.0255348 -0.4815980
vn 0.9702050 -0.0242886 -0.2410650
vn 0.9995252 -0.0237697 -0.0196051
vn 0.9795991 -0.0241314 0.1995078
vn 0.8992194 -0.0252761 0.4367671
vn 0.8779797 -0.0283191 -0.4778595
vn 0.9706542 -0.0272500 -0.2389305
vn 0.9994522 -0.0267935 -0.0194271
vn 0.9798832 -0.0271117 0.1977218
vn 0.9008312 -0.0281033 0.4332588
vn 0.8799720 -0.0326457 -0.4739025
vn 0.9710731 -0.0317847 -0.2366576
vn 0.9993218 -0.0314007 -0.0192372
vn 0.9801288 -0.0316683 0.1958182
vn 0.9024626 -0.0324814 0.4295419
vn 0.8820579 -0.0369012 -0.4696936
vn 0.9715075 -0.0362227 -0.2342245
vn 0.9991739 -0.0359073 -0.0190332
vn 0.9803799 -0.0361263 0.1937785
vn 0.9041712 -0.0367814 0.4255838
vn 0.8842520 -0.0406606 -0.4652368
vn 0.9719750 -0.0401268 -0.2316345
vn 0.9990276 -0.0398732 -0.0188156
vn 0.9806546 -0.0400475 0.1916056
vn 0.9059718 -0.0405751 0.4213893
vn 0.8865551 -0.0438943 -0.4605359
vn 0.9724808 -0.0434690 -0.2288918
vn 0.9960465 -0.0434976 -0.0774550
vn 0.9990091 -0.0403472 -0.0187834
vn 0.9809590 -0.0434041 0.1893028
vn 0.9968488 -0.0435386 0.0663091
vn 0.9078663 -0.0438332 0.4169621
vn 0.8889652 -0.0466000 -0.4555975
vn 0.9730284 -0.0462496 -0.2260015
vn 0.9874030 -0.0464009 -0.1512686
vn 0.9812970 -0.0461965 0.1868748
vn 0.9838576 -0.0462488 0.1728741
vn 0.9098535 -0.0465542 0.4123096
vn 0.7580936 -0.0463435 0.6504971
vn 0.8914775 -0.0487755 -0.4504318
vn 0.9731113 -0.0484802 -0.2251754
vn 0.9735774 -0.0483110 -0.2231887
vn 0.9813434 -0.0464706 0.1865628
vn 0.9119296 -0.0487366 0.4074422
vn 0.9755334 -0.0485640 0.2144203
vn 0.7628871 -0.0484819 0.6447113
vn 0.7312838 -0.0499151 -0.6802444
vn 0.8940833 -0.0504187 -0.4450539
vn 0.9658288 -0.0502833 -0.2542562
vn 0.9140878 -0.0503793 0.4023747
vn 0.9675456 -0.0503542 0.2476285
vn 0.7678408 -0.0501401 0.6386755
vn 0.7369496 -0.0511047 -0.6740131
vn 0.8967713 -0.0515284 -0.4394839
vn 0.9573744 -0.0515010 -0.2842217
vn 0.9163186 -0.0514816 0.3971270
vn 0.9580894 -0.0515419 0.2817948
vn 0.7729355 -0.0513114 0.6324064
vn 0.7427480 -0.0518137 -0.6675633
vn 0.8995273 -0.0521031 -0.4337465
vn 0.9477780 -0.0521351 -0.3146407
vn 0.9186100 -0.0520431 0.3917234
vn 0.9471936 -0.0521285 0.3163968
vn 0.7781474 -0.0519890 0.6259263
vn 0.7486482 -0.0520345 -0.6609222
vn 0.9023339 -0.0521421 -0.4278724
vn 0.9371226 -0.0521923 -0.3450757
vn 0.9209472 -0.0520636 0.3861937
vn 0.9349593 -0.0521217 0.3509052
vn 0.7834487 -0.0521670 0.6192631
vn 0.7546163 -0.0517606 -0.6541216
vn 0.9051716 -0.0516451 -0.4218972
vn 0.9255444 -0.0516831 -0.3750953
vn 0.9230603 -0.0515998 0.3811786
vn 0.7888067 -0.0518403 0.6124511
vn 0.9222268 -0.0515580 0.3831965
vn 0.7606137 -0.0509862 -0.6471995
vn 0.9080191 -0.0506123 -0.4158602
vn 0.9132312 -0.0506222 -0.4042847
vn 0.7941867 -0.0510044 0.6055295
vn 0.9144344 -0.0506402 0.4015536
vn 0.7665999 -0.0497069 -0.6401982
vn 0.9040914 -0.0491425 -0.4245043
vn 0.9089847 -0.0500813 -0.4138101
vn 0.7995510 -0.0496562 0.5985419
vn 0.9065244 -0.0492049 0.4192762
vn 0.7725319 -0.0479270 -0.6331645
vn 0.8968028 -0.0472192 -0.4399034
vn 0.8048599 -0.0478013 0.5915367
vn 0.8986347 -0.0472683 0.4361438
vn 0.7783534 -0.0458668 -0.6261488
vn 0.8896948 -0.0450189 -0.4543308
vn 0.8100607 -0.0456571 0.5845658
vn 0.8909031 -0.0450541 0.4519534
vn 0.7838300 -0.0457250 -0.6192897
vn 0.8826774 -0.0446093 -0.4678576
vn 0.8149303 -0.0453252 0.5777840
vn 0.8832494 -0.0445811 0.4667794
vn 0.7878994 -0.0555043 -0.6132975
vn 0.8741434 -0.0545806 -0.4825912
vn 0.8184570 -0.0548276 0.5719458
vn 0.8740204 -0.0541561 0.4828618
vn 0.7890642 -0.0751318 -0.6096990
vn 0.8581017 -0.0782535 -0.5074818
vn 0.8191603 -0.0767440 0.5684072
vn 0.8568940 -0.0780519 0.5095495
vn 0.7896483 -0.0729652 -0.6092057
vn 0.8328307 -0.0765290 -0.5482119
vn 0.8194565 -0.0765511 0.5680062
vn 0.8297184 -0.0773846 0.5527921
vn 0.6260440 -0.0627696 0.7772573
vn 0.7927068 -0.0873181 -0.6033171
vn 0.8163478 -0.0883749 -0.5707591
vn 0.8205669 -0.0829637 0.5654970
vn 0.6328711 -0.0834200 0.7697502
vn 0.8145036 -0.0883838 0.5733867
vn 0.6072940 -0.1196449 -0.7854165
vn 0.7900568 -0.1230353 -0.6005603
vn 0.7973608 -0.1108584 -0.5932336
vn 0.6469466 -0.1204280 0.7529655
vn 0.7924918 -0.1231330 0.5973232
vn 0.6306767 -0.1010785 -0.7694349
vn 0.7733855 -0.1000623 -0.6259891
vn 0.6684323 -0.1008333 0.7369063
vn 0.7745352 -0.1000967 0.6245605
vn 0.6473478 -0.0572345 -0.7600427
vn 0.7692052 -0.0536277 -0.6367477
vn 0.6841642 -0.0561394 0.7271642
vn 0.7696480 -0.0536449 0.6362107
vn 0.6579715 -0.0398157 -0.7519895
vn 0.7677560 -0.0363899 -0.6397081
vn 0.6941794 -0.0386456 0.7187639
vn 0.7677926 -0.0363964 0.6396639
vn 0.6668432 -0.0338990 -0.7444266
vn 0.7659393 -0.0314515 -0.6421432
vn 0.7024690 -0.0329466 0.7109514
vn 0.7655787 -0.0315331 0.6425690
vn 0.6762093 -0.0028666 -0.7367041
vn 0.7625816 -0.0022343 -0.6468881
vn 0.7104115 -0.0028031 0.7037810
vn 0.7622028 -0.0027607 0.6473325
vn 0.6730696 0.1658082 -0.7207531
vn 0.7481923 0.1619423 -0.6434151
vn 0.7031151 0.1657752 0.6914823
vn 0.7498702 0.1625487 0.6413054
vn 0.6808996 0.5270264 -0.5085459
vn 0.6167042 0.6273075 -0.4755639
vn 0.6388161 0.6340345 -0.4357915
vn 0.6267971 0.6344829 0.4522797
vn 0.6324500 0.6363040 0.4417287
vn 0.6418214 0.6141705 0.4591947
vn 0.4984439 0.6471487 0.5768468
vn 0.6146052 0.7151378 -0.3329241
vn 0.4478588 0.8421287 -0.3004028
vn 0.5822505 0.7935304 -0.1769007
vn 0.4832943 0.8613437 -0.1565681
vn 0.5434850 0.8392904 -0.0146787
vn 0.5046961 0.8631865 -0.0138180
vn 0.5725785 0.8065925 0.1468412
vn 0.4891843 0.8623775 0.1303990
vn 0.6151976 0.7266816 0.3057218
vn 0.4580449 0.8463081 0.2719510
vn 0.9993782 -0.0280173 -0.0214057
vn 0.9997730 0.0002273 -0.0213041
vn 0.9997533 0.0062983 -0.0213006
vn 0.9997313 0.0091493 -0.0212971
vn 0.9997044 0.0117353 -0.0212921
vn 0.9996744 0.0140768 -0.0212856
vn 0.9996428 0.0161738 -0.0212774
vn 0.9988881 -0.0432813 -0.0186870
vn 0.9987630 -0.0461260 -0.0185715
vn 0.9735926 -0.0484724 -0.2230873
vn 0.9986573 -0.0484059 -0.0184516
vn 0.9814445 -0.0484598 0.1855219
vn 0.9738421 -0.0501809 -0.2216153
vn 0.9985750 -0.0501212 -0.0183267
vn 0.9815912 -0.0501702 0.1842871
vn 0.9741300 -0.0513350 -0.2200807
vn 0.9985189 -0.0512727 -0.0181963
vn 0.9817724 -0.0513233 0.1829995
vn 0.9744582 -0.0519341 -0.2184812
vn 0.9984910 -0.0518603 -0.0180604
vn 0.9819904 -0.0519184 0.1816573
vn 0.9748273 -0.0519777 -0.2168177
vn 0.9984924 -0.0518843 -0.0179190
vn 0.9822456 -0.0519554 0.1802613
vn 0.9752365 -0.0514652 -0.2150932
vn 0.9985228 -0.0513447 -0.0177724
vn 0.9825376 -0.0514339 0.1788141
vn 0.9231895 -0.0515522 0.3808720
vn 0.9756832 -0.0503961 -0.2133134
vn 0.9985816 -0.0502415 -0.0176211
vn 0.9828641 -0.0503536 0.1773205
vn 0.9244475 -0.0505708 0.3779410
vn 0.9100086 -0.0490963 -0.4116720
vn 0.9761635 -0.0487701 -0.2114858
vn 0.9986668 -0.0485747 -0.0174658
vn 0.9832222 -0.0487143 0.1757872
vn 0.9257554 -0.0490477 0.3749281
vn 0.9116030 -0.0470772 -0.4083671
vn 0.9766719 -0.0465968 -0.2096204
vn 0.9987751 -0.0463542 -0.0173074
vn 0.9836066 -0.0465257 0.1742221
vn 0.9271036 -0.0469906 0.3718477
vn 0.9132079 -0.0448046 -0.4050234
vn 0.9771835 -0.0441943 -0.2077483
vn 0.9988897 -0.0438782 -0.0171482
vn 0.9839952 -0.0441012 0.1726515
vn 0.9284569 -0.0447013 0.3687405
vn 0.9145449 -0.0450558 -0.4019671
vn 0.9775174 -0.0445973 -0.2060848
vn 0.9988878 -0.0439770 -0.0170039
vn 0.9842257 -0.0444235 0.1712492
vn 0.9295424 -0.0451306 0.3659429
vn 0.9145834 -0.0585813 -0.4001319
vn 0.9769662 -0.0599255 -0.2048070
vn 0.9980968 -0.0593108 -0.0168813
vn 0.9836023 -0.0597647 0.1701610
vn 0.9294074 -0.0592524 0.3642677
vn 0.9122582 -0.0889332 -0.3998447
vn 0.9739256 -0.1000585 -0.2036104
vn 0.9943139 -0.1051568 -0.0167905
vn 0.9803154 -0.1015378 0.1693274
vn 0.9269796 -0.0908351 0.3639476
vn 0.9086654 -0.0876784 -0.4082152
vn 0.9712533 -0.1053151 -0.2134845
vn 0.9933528 -0.1137141 -0.0178645
vn 0.9780438 -0.1078177 0.1783415
vn 0.9233003 -0.0910943 0.3731199
vn 0.9067739 -0.0944080 -0.4109116
vn 0.9713962 -0.1005435 -0.2151287
vn 0.9946065 -0.1021568 -0.0179407
vn 0.9785779 -0.1010923 0.1793477
vn 0.9217516 -0.0962489 0.3756463
vn 0.8200866 -0.0886749 0.5653272
vn 0.7974756 -0.1234730 -0.5905820
vn 0.9049706 -0.1294333 -0.4053089
vn 0.9682258 -0.1333883 -0.2115329
vn 0.9793032 -0.1343756 -0.1513551
vn 0.9933233 -0.1139796 -0.0178219
vn 0.9752107 -0.1338496 0.1762055
vn 0.9753870 -0.1338677 0.1752132
vn 0.9197072 -0.1303812 0.3703234
vn 0.8202826 -0.1247306 0.5581923
vn 0.8060099 -0.1003777 -0.5833286
vn 0.9111263 -0.1014085 -0.3994562
vn 0.9568254 -0.1023154 -0.2720599
vn 0.9694505 -0.1256481 -0.2106614
vn 0.9752244 -0.1337606 0.1761972
vn 0.9255121 -0.1015864 0.3648392
vn 0.9573196 -0.1023790 0.2702919
vn 0.8283375 -0.1005856 0.5511258
vn 0.8151606 -0.0516697 -0.5769258
vn 0.9180328 -0.0473800 -0.3936635
vn 0.9506906 -0.0462701 -0.3066698
vn 0.9320362 -0.0467513 0.3593369
vn 0.9496721 -0.0462414 0.3098141
vn 0.8370823 -0.0508033 0.5447131
vn 0.8209413 -0.0336963 -0.5700176
vn 0.9214331 -0.0285822 -0.3874842
vn 0.9471664 -0.0275181 -0.3195595
vn 0.9350287 -0.0278612 0.3534756
vn 0.9453628 -0.0274829 0.3248597
vn 0.8424384 -0.0326685 0.5378014
vn 0.8254822 -0.0286831 -0.5636989
vn 0.9237952 -0.0246708 -0.3820911
vn 0.9432920 -0.0245099 -0.3310580
vn 0.9370414 -0.0244495 0.3483613
vn 0.9407962 -0.0244646 0.3380888
vn 0.8465717 -0.0276067 0.5315582
vn 0.8279613 0.0022850 -0.5607805
vn 0.9251934 -0.0013309 -0.3794936
vn 0.9387582 -0.0027127 -0.3445660
vn 0.9377038 -0.0106325 0.3472729
vn 0.8489825 0.0033311 0.5284104
vn 0.9366472 -0.0025797 0.3502647
vn 0.8080841 0.1695446 -0.5641406
vn 0.9132916 0.1418140 -0.3818209
vn 0.9311296 0.1377667 -0.3376653
vn 0.9261356 0.1374751 0.3512455
vn 0.9290057 0.1368165 0.3438455
vn 0.9351977 0.0567115 0.3495557
vn 0.8307202 0.1670962 0.5310205
vn 0.7289152 0.5933259 -0.3415364
vn 0.8895848 0.4155706 -0.1895781
vn 0.8051881 0.5665554 -0.1751776
vn 0.8481347 0.5295725 -0.0148516
vn 0.8248824 0.5651183 -0.0144971
vn 0.8778572 0.4528923 0.1557411
vn 0.8116757 0.5655544 0.1460505
vn 0.7498263 0.5837873 0.3113728
vn 0.9907079 -0.1348469 -0.0177290
vn 0.9723535 -0.1021720 -0.2099751
vn 0.9945905 -0.1023646 -0.0176464
vn 0.9791684 -0.1022321 0.1754361
vn 0.9772396 -0.0442702 -0.2074675
vn 0.9989256 -0.0429439 -0.0174179
vn 0.9838938 -0.0438672 0.1732881
vn 0.9786252 -0.0249387 -0.2041339
vn 0.9995791 -0.0234203 -0.0171192
vn 0.9850627 -0.0244766 0.1704474
vn 0.9792421 -0.0213082 -0.2015713
vn 0.9996616 -0.0197714 -0.0169009
vn 0.9855174 -0.0208183 0.1682917
vn 0.9792683 0.0067695 -0.2024542
vn 0.9998072 0.0097512 -0.0170404
vn 0.9855391 0.0078668 0.1692659
vn 0.9379314 -0.0023701 0.3468128
vn 0.9657857 0.1576359 -0.2059341
vn 0.9864091 0.1633740 -0.0174894
vn 0.9718427 0.1599584 0.1730176
f 3//3 2//2 1//1
f 4//4 1//1 2//2
f 3//3 1//1 5//5
f 3//3 5//5 6//6
f 1//1 4//4 7//7
f 1//1 7//7 5//5
f 10//10 9//9 8//8
f 8//8 9//9 6//6
f 5//5 8//8 6//6
f 11//11 8//8 5//5
f 5//5 7//7 12//12
f 13//13 5//5 12//12
f 11//11 5//5 13//13
f 14//14 13//13 12//12
f 10//10 8//8 15//15
f 10//10 15//15 16//16
f 17//17 8//8 11//11
f 15//15 8//8 17//17
f 18//18 11//11 13//13
f 17//17 11//11 18//18
f 13//13 14//14 19//19
f 13//13 19//19 18//18
f 16//16 15//15 20//20
f 16//16 20//20 21//21
f 22//22 15//15 17//17
f 20//20 15//15 22//22
f 23//23 17//17 18//18
f 22//22 17//17 23//23
f 18//18 19//19 24//24
f 18//18 24//24 23//23
f 21//21 20//20 25//25
f 21//21 25//25 26//26
f 27//27 20//20 22//22
f 25//25 20//20 27//27
f 28//28 22//22 23//23
f 27//27 22//22 28//28
f 23//23 24//24 29//29
f 23//23 29//29 28//28
f 26//26 25//25 30//30
f 26//26 30//30 31//31
f 32//32 25//25 27//27
f 30//30 25//25 32//32
f 33//33 27//27 28//28
f 32//32 27//27 33//33
f 28//28 29//29 34//34
f 35//35 28//28 34//34
f 33//33 28//28 35//35
f 36//36 35//35 34//34
f 39//39 38//38 37//37
f 37//37 38//38 31//31
f 30//30 37//37 31//31
f 40//40 37//37 30//30
f 41//41 30//30 32//32
f 40//40 30//30 41//41
f 42//42 32//32 33//33
f 41//41 32//32 42//42
f 43//43 33//33 35//35
f 42//42 33//33 43//43
f 35//35 36//36 44//44
f 35//35 44//44 43//43
f 39//39 37//37 45//45
f 39//39 45//45 46//46
f 47//47 37//37 40//40
f 45//45 37//37 47//47
f 48//48 40//40 41//41
f 47//47 40//40 48//48
f 49//49 41//41 42//42
f 48//48 41//41 49//49
f 50//50 42//42 43//43
f 49//49 42//42 50//50
f 43//43 44//44 51//51
f 43//43 51//51 50//50
f 46//46 45//45 52//52
f 46//46 52//52 53//53
f 54//54 45//45 47//47
f 52//52 45//45 54//54
f 55//55 47//47 48//48
f 54//54 47//47 55//55
f 56//56 48//48 49//49
f 55//55 48//48 56//56
f 57//57 49//49 50//50
f 56//56 49//49 57//57
f 50//50 51//51 58//58
f 50//50 58//58 57//57
f 53//53 52//52 59//59
f 53//53 59//59 60//60
f 61//61 52//52 54//54
f 59//59 52//52 61//61
f 62//62 54//54 55//55
f 61//61 54//54 62//62
f 63//63 55//55 56//56
f 62//62 55//55 63//63
f 64//64 56//56 57//57
f 63//63 56//56 64//64
f 57//57 58//58 65//65
f 57//57 65//65 64//64
f 60//60 59//59 66//66
f 60//60 66//66 67//67
f 68//68 59//59 61//61
f 66//66 59//59 68//68
f 69//69 61//61 62//62
f 68//68 61//61 69//69
f 70//70 62//62 63//63
f 69//69 62//62 70//70
f 71//71 63//63 64//64
f 70//70 63//63 71//71
f 64//64 65//65 72//72
f 73//73 64//64 72//72
f 71//71 64//64 73//73
f 74//74 73//73 72//72
f 67//67 66//66 75//75
f 67//67 75//75 76//76
f 77//77 66//66 68//68
f 75//75 66//66 77//77
f 78//78 68//68 69//69
f 77//77 68//68 78//78
f 79//79 69//69 70//70
f 78//78 69//69 79//79
f 80//80 70//70 71//71
f 79//79 70//70 80//80
f 81//81 71//71 73//73
f 80//80 71//71 81//81
f 73//73 74//74 82//82
f 73//73 82//82 81//81
f 76//76 75//75 83//83
f 76//76 83//83 84//84
f 85//85 75//75 77//77
f 83//83 75//75 85//85
f 86//86 77//77 78//78
f 85//85 77//77 86//86
f 87//87 78//78 79//79
f 86//86 78//78 87//87
f 88//88 79//79 80//80
f 87//87 79//79 88//88
f 89//89 80//80 81//81
f 88//88 80//80 89//89
f 81//81 82//82 90//90
f 81//81 90//90 89//89
f 84//84 83//83 91//91
f 84//84 91//91 92//92
f 93//93 83//83 85//85
f 91//91 83//83 93//93
f 94//94 85//85 86//86
f 93//93 85//85 94//94
f 95//95 86//86 87//87
f 94//94 86//86 95//95
f 96//96 87//87 88//88
f 95//95 87//87 96//96
f 97//97 88//88 89//89
f 96//96 88//88 97//97
f 89//89 90//90 98//98
f 89//89 98//98 97//97
f 92//92 91//91 99//99
f 92//92 99//99 100//100
f 101//101 91//91 93//93
f 99//99 91//91 101//101
f 102//102 93//93 94//94
f 101//101 93//93 102//102
f 103//103 94//94 95//95
f 102//102 94//94 103//103
f 104//104 95//95 96//96
f 103//103 95//95 104//104
f 97//97 106//106 105//105
f 104//104 97//97 105//105
f 96//96 97//97 104//104
f 106//106 97//97 98//98
f 107//107 100//100 99//99
f 107//107 99//99 101//101
f 107//107 101//101 108//108
f 108//108 101//101 102//102
f 108//108 102//102 109//109
f 109//109 102//102 103//103
f 109//109 103//103 110//110
f 110//110 103//103 104//104
f 110//110 104//104 111//111
f 111//111 104//104 105//105
f 114//114 113//113 112//112
f 116//116 115//115 112//112
f 116//116 112//112 113//113
f 118//118 117//117 115//115
f 118//118 115//115 116//116
f 119//119 117//117 118//118
f 114//114 112//112 120//120
f 114//114 120//120 121//121
f 122//122 112//112 115//115
f 120//120 112//112 122//122
f 123//123 115//115 117//117
f 122//122 115//115 123//123
f 117//117 119//119 124//124
f 125//125 117//117 124//124
f 123//123 117//117 125//125
f 126//126 125//125 124//124
f 129//129 128//128 127//127
f 127//127 128//128 121//121
f 120//120 127//127 121//121
f 130//130 127//127 120//120
f 131//131 120//120 122//122
f 130//130 120//120 131//131
f 132//132 122//122 123//123
f 131//131 122//122 132//132
f 133//133 123//123 125//125
f 132//132 123//123 133//133
f 125//125 126//126 134//134
f 125//125 134//134 133//133
f 129//129 127//127 135//135
f 129//129 135//135 136//136
f 137//137 127//127 130//130
f 135//135 127//127 137//137
f 138//138 130//130 131//131
f 137//137 130//130 138//138
f 139//139 131//131 132//132
f 138//138 131//131 139//139
f 140//140 132//132 133//133
f 139//139 132//132 140//140
f 133//133 134//134 141//141
f 133//133 141//141 140//140
f 136//136 135//135 142//142
f 136//136 142//142 143//143
f 144//144 135//135 137//137
f 142//142 135//135 144//144
f 145//145 137//137 138//138
f 144//144 137//137 145//145
f 146//146 138//138 139//139
f 145//145 138//138 146//146
f 147//147 139//139 140//140
f 146//146 139//139 147//147
f 140//140 141//141 148//148
f 140//140 148//148 147//147
f 143//143 142//142 149//149
f 143//143 149//149 150//150
f 151//151 142//142 144//144
f 149//149 142//142 151//151
f 152//152 144//144 145//145
f 151//151 144//144 152//152
f 153//153 145//145 146//146
f 152//152 145//145 153//153
f 154//154 146//146 147//147
f 153//153 146//146 154//154
f 147//147 148//148 155//155
f 147//147 155//155 154//154
f 150//150 149//149 156//156
f 150//150 156//156 157//157
f 158//158 149//149 151//151
f 156//156 149//149 158//158
f 159//159 151//151 152//152
f 158//158 151//151 159//159
f 160//160 152//152 153//153
f 159//159 152//152 160//160
f 161//161 153//153 154//154
f 160//160 153//153 161//161
f 154//154 155//155 162//162
f 154//154 162//162 161//161
f 163//163 157//157 156//156
f 165//165 164//164 163//163
f 156//156 165//165 163//163
f 158//158 165//165 156//156
f 166//166 158//158 159//159
f 165//165 158//158 166//166
f 167//167 159//159 160//160
f 166//166 159//159 167//167
f 168//168 160//160 161//161
f 167//167 160//160 168//168
f 161//161 162//162 169//169
f 161//161 169//169 168//168
f 164//164 165//165 170//170
f 164//164 170//170 171//171
f 172//172 165//165 166//166
f 170//170 165//165 172//172
f 173//173 166//166 167//167
f 172//172 166//166 173//173
f 174//174 167//167 168//168
f 173//173 167//167 174//174
f 168//168 169//169 175//175
f 168//168 175//175 174//174
f 171//171 170//170 176//176
f 171//171 176//176 177//177
f 178//178 170//170 172//172
f 176//176 170//170 178//178
f 179//179 172//172 173//173
f 178//178 172//172 179//179
f 180//180 173//173 174//174
f 179//179 173//173 180//180
f 174//174 175//175 181//181
f 174//174 181//181 180//180
f 177//177 176//176 182//182
f 177//177 182//182 183//183
f 184//184 176//176 178//178
f 182//182 176//176 184//184
f 185//185 178//178 179//179
f 184//184 178//178 185//185
f 186//186 179//179 180//180
f 185//185 179//179 186//186
f 180//180 181//181 187//187
f 180//180 187//187 186//186
f 183//183 182//182 188//188
f 183//183 188//188 189//189
f 190//190 182//182 184//184
f 188//188 182//182 190//190
f 191//191 184//184 185//185
f 190//190 184//184 191//191
f 192//192 185//185 186//186
f 191//191 185//185 192//192
f 186//186 187//187 193//193
f 186//186 193//193 192//192
f 189//189 188//188 194//194
f 189//189 194//194 195//195
f 196//196 188//188 190//190
f 194//194 188//188 196//196
f 197//197 190//190 191//191
f 196//196 190//190 197//197
f 192//192 199//199 198//198
f 197//197 192//192 198//198
f 191//191 192//192 197//197
f 199//199 192//192 193//193
f 195//195 194//194 200//200
f 195//195 200//200 201//201
f 202//202 194//194 196//196
f 200//200 194//194 202//202
f 203//203 196//196 197//197
f 202//202 196//196 203//203
f 197//197 198//198 204//204
f 197//197 204//204 203//203
f 201//201 200//200 205//205
f 201//201 205//205 206//206
f 207//207 200//200 202//202
f 205//205 200//200 207//207
f 208//208 202//202 203//203
f 207//207 202//202 208//208
f 203//203 204//204 209//209
f 203//203 209//209 208//208
f 206//206 205//205 210//210
f 206//206 210//210 211//211
f 212//212 205//205 207//207
f 210//210 205//205 212//212
f 213//213 207//207 208//208
f 212//212 207//207 213//213
f 208//208 209//209 214//214
f 208//208 214//214 213//213
f 211//211 210//210 215//215
f 211//211 215//215 216//216
f 217//217 210//210 212//212
f 215//215 210//210 217//217
f 218//218 212//212 213//213
f 217//217 212//212 218//218
f 213//213 214//214 219//219
f 213//213 219//219 218//218
f 216//216 215//215 220//220
f 216//216 220//220 221//221
f 222//222 215//215 217//217
f 220//220 215//215 222//222
f 223//223 217//217 218//218
f 222//222 217//217 223//223
f 218//218 219//219 224//224
f 218//218 224//224 223//223
f 221//221 220//220 225//225
f 221//221 225//225 226//226
f 227//227 220//220 222//222
f 225//225 220//220 227//227
f 228//228 222//222 223//223
f 227//227 222//222 228//228
f 223//223 224//224 229//229
f 223//223 229//229 228//228
f 226//226 225//225 230//230
f 226//226 230//230 231//231
f 232//232 225//225 227//227
f 230//230 225//225 232//232
f 233//233 227//227 228//228
f 232//232 227//227 233//233
f 228//228 229//229 234//234
f 228//228 234//234 233//233
f 231//231 230//230 235//235
f 231//231 235//235 236//236
f 237//237 230//230 232//232
f 235//235 230//230 237//237
f 238//238 232//232 233//233
f 237//237 232//232 238//238
f 233//233 234//234 239//239
f 233//233 239//239 238//238
f 236//236 235//235 240//240
f 236//236 240//240 241//241
f 242//242 235//235 237//237
f 240//240 235//235 242//242
f 243//243 237//237 238//238
f 242//242 237//237 243//243
f 238//238 239//239 244//244
f 238//238 244//244 243//243
f 241//241 240//240 245//245
f 241//241 245//245 246//246
f 247//247 240//240 242//242
f 245//245 240//240 247//247
f 248//248 242//242 243//243
f 247//247 242//242 248//248
f 243//243 244//244 249//249
f 243//243 249//249 248//248
f 246//246 245//245 250//250
f 246//246 250//250 251//251
f 252//252 245//245 247//247
f 250//250 245//245 252//252
f 253//253 247//247 248//248
f 252//252 247//247 253//253
f 248//248 249//249 254//254
f 248//248 254//254 253//253
f 251//251 250//250 255//255
f 251//251 255//255 256//256
f 257//257 250//250 252//252
f 255//255 250//250 257//257
f 258//258 252//252 253//253
f 257//257 252//252 258//258
f 253//253 254//254 259//259
f 253//253 259//259 258//258
f 256//256 255//255 260//260
f 256//256 260//260 261//261
f 262//262 255//255 257//257
f 260//260 255//255 262//262
f 263//263 257//257 258//258
f 262//262 257//257 263//263
f 258//258 259//259 264//264
f 258//258 264//264 263//263
f 261//261 260//260 265//265
f 261//261 265//265 266//266
f 267//267 260//260 262//262
f 265//265 260//260 267//267
f 268//268 262//262 263//263
f 267//267 262//262 268//268
f 263//263 264//264 269//269
f 263//263 269//269 268//268
f 266//266 265//265 270//270
f 266//266 270//270 271//271
f 272//272 265//265 267//267
f 270//270 265//265 272//272
f 273//273 267//267 268//268
f 272//272 267//267 273//273
f 268//268 269//269 274//274
f 268//268 274//274 273//273
f 271//271 270//270 275//275
f 271//271 275//275 276//276
f 277//277 270//270 272//272
f 275//275 270//270 277//277
f 278//278 272//272 273//273
f 277//277 272//272 278//278
f 273//273 274//274 279//279
f 273//273 279//279 278//278
f 276//276 275//275 280//280
f 276//276 280//280 281//281
f 282//282 275//275 277//277
f 280//280 275//275 282//282
f 283//283 277//277 278//278
f 282//282 277//277 283//283
f 278//278 279//279 284//284
f 278//278 284//284 283//283
f 285//285 281//281 280//280
f 287//287 286//286 285//285
f 280//280 287//287 285//285
f 282//282 287//287 280//280
f 288//288 282//282 283//283
f 287//287 282//282 288//288
f 283//283 284//284 289//289
f 283//283 289//289 288//288
f 286//286 287//287 290//290
f 286//286 290//290 291//291
f 292//292 287//287 288//288
f 290//290 287//287 292//292
f 288//288 289//289 293//293
f 288//288 293//293 292//292
f 296//296 295//295 294//294
f 294//294 295//295 291//291
f 290//290 294//294 291//291
f 297//297 294//294 290//290
f 298//298 290//290 292//292
f 297//297 290//290 298//298
f 292//292 293//293 299//299
f 292//292 299//299 298//298
f 296//296 294//294 300//300
f 296//296 300//300 301//301
f 302//302 294//294 297//297
f 300//300 294//294 302//302
f 303//303 297//297 298//298
f 302//302 297//297 303//303
f 298//298 299//299 304//304
f 298//298 304//304 303//303
f 301//301 300//300 305//305
f 301//301 305//305 306//306
f 307//307 300//300 302//302
f 305//305 300//300 307//307
f 308//308 302//302 303//303
f 307//307 302//302 308//308
f 303//303 304//304 309//309
f 303//303 309//309 308//308
f 306//306 305//305 310//310
f 306//306 310//310 311//311
f 312//312 305//305 307//307
f 310//310 305//305 312//312
f 313//313 307//307 308//308
f 312//312 307//307 313//313
f 308//308 309//309 314//314
f 308//308 314//314 313//313
f 311//311 310//310 315//315
f 311//311 315//315 316//316
f 317//317 310//310 312//312
f 315//315 310//310 317//317
f 318//318 312//312 313//313
f 317//317 312//312 318//318
f 313//313 314//314 319//319
f 313//313 319//319 318//318
f 316//316 315//315 320//320
f 316//316 320//320 321//321
f 322//322 315//315 317//317
f 320//320 315//315 322//322
f 323//323 317//317 318//318
f 322//322 317//317 323//323
f 318//318 319//319 324//324
f 318//318 324//324 323//323
f 321//321 320//320 325//325
f 321//321 325//325 326//326
f 327//327 320//320 322//322
f 325//325 320//320 327//327
f 328//328 322//322 323//323
f 327//327 322//322 328//328
f 323//323 324//324 329//329
f 323//323 329//329 328//328
f 326//326 325//325 330//330
f 326//326 330//330 331//331
f 332//332 325//325 327//327
f 330//330 325//325 332//332
f 333//333 327//327 328//328
f 332//332 327//327 333//333
f 328//328 329//329 334//334
f 328//328 334//334 333//333
f 331//331 330//330 335//335
f 331//331 335//335 336//336
f 337//337 330//330 332//332
f 335//335 330//330 337//337
f 338//338 332//332 333//333
f 337//337 332//332 338//338
f 333//333 334//334 339//339
f 333//333 339//339 338//338
f 336//336 335//335 340//340
f 336//336 340//340 341//341
f 342//342 335//335 337//337
f 340//340 335//335 342//342
f 343//343 337//337 338//338
f 342//342 337//337 343//343
f 338//338 339//339 344//344
f 338//338 344//344 343//343
f 341//341 340//340 345//345
f 341//341 345//345 346//346
f 347//347 340//340 342//342
f 345//345 340//340 347//347
f 348//348 342//342 343//343
f 347//347 342//342 348//348
f 343//343 344//344 349//349
f 343//343 349//349 348//348
f 346//346 345//345 350//350
f 346//346 350//350 351//351
f 352//352 345//345 347//347
f 350//350 345//345 352//352
f 353//353 347//347 348//348
f 352//352 347//347 353//353
f 348//348 349//349 354//354
f 348//348 354//354 353//353
f 351//351 350//350 355//355
f 351//351 355//355 356//356
f 357//357 350//350 352//352
f 355//355 350//350 357//357
f 358//358 352//352 353//353
f 357//357 352//352 358//358
f 353//353 354//354 359//359
f 353//353 359//359 358//358
f 356//356 355//355 360//360
f 356//356 360//360 361//361
f 362//362 355//355 357//357
f 360//360 355//355 362//362
f 363//363 357//357 358//358
f 362//362 357//357 363//363
f 358//358 359//359 364//364
f 358//358 364//364 363//363
f 361//361 360//360 365//365
f 361//361 365//365 366//366
f 367//367 360//360 362//362
f 365//365 360//360 367//367
f 368//368 362//362 363//363
f 367//367 362//362 368//368
f 363//363 364//364 369//369
f 363//363 369//369 368//368
f 366//366 365//365 370//370
f 366//366 370//370 371//371
f 372//372 365//365 367//367
f 370//370 365//365 372//372
f 373//373 367//367 368//368
f 372//372 367//367 373//373
f 368//368 369//369 374//374
f 368//368 374//374 373//373
f 371//371 370//370 375//375
f 371//371 375//375 376//376
f 377//377 370//370 372//372
f 375//375 370//370 377//377
f 378//378 372//372 373//373
f 377//377 372//372 378//378
f 373//373 374//374 379//379
f 373//373 379//379 378//378
f 376//376 375//375 380//380
f 376//376 380//380 381//381
f 382//382 375//375 377//377
f 380//380 375//375 382//382
f 383//383 377//377 378//378
f 382//382 377//377 383//383
f 378//378 379//379 384//384
f 385//385 378//378 384//384
f 383//383 378//378 385//385
f 386//386 385//385 384//384
f 381//381 380//380 387//387
f 381//381 387//387 388//388
f 389//389 380//380 382//382
f 387//387 380//380 389//389
f 390//390 382//382 383//383
f 389//389 382//382 390//390
f 391//391 383//383 385//385
f 390//390 383//383 391//391
f 385//385 386//386 392//392
f 385//385 392//392 391//391
f 388//388 387//387 393//393
f 388//388 393//393 394//394
f 395//395 387//387 389//389
f 393//393 387//387 395//395
f 396//396 389//389 390//390
f 395//395 389//389 396//396
f 397//397 390//390 391//391
f 396//396 390//390 397//397
f 391//391 392//392 398//398
f 391//391 398//398 397//397
f 401//401 400//400 399//399
f 399//399 400//400 394//394
f 393//393 399//399 394//394
f 402//402 399//399 393//393
f 403//403 393//393 395//395
f 402//402 393//393 403//403
f 404//404 395//395 396//396
f 403//403 395//395 404//404
f 405//405 396//396 397//397
f 404//404 396//396 405//405
f 397//397 398//398 406//406
f 397//397 406//406 405//405
f 401//401 399//399 407//407
f 401//401 407//407 408//408
f 409//409 399//399 402//402
f 407//407 399//399 409//409
f 410//410 402//402 403//403
f 409//409 402//402 410//410
f 411//411 403//403 404//404
f 410//410 403//403 411//411
f 412//412 404//404 405//405
f 411//411 404//404 412//412
f 405//405 406//406 413//413
f 405//405 413//413 412//412
f 408//408 407//407 414//414
f 408//408 414//414 415//415
f 416//416 407//407 409//409
f 414//414 407//407 416//416
f 417//417 409//409 410//410
f 416//416 409//409 417//417
f 418//418 410//410 411//411
f 417//417 410//410 418//418
f 419//419 411//411 412//412
f 418//418 411//411 419//419
f 412//412 413//413 420//420
f 412//412 420//420 419//419
f 415//415 414//414 421//421
f 415//415 421//421 422//422
f 423//423 414//414 416//416
f 421//421 414//414 423//423
f 424//424 416//416 417//417
f 423//423 416//416 424//424
f 425//425 417//417 418//418
f 424//424 417//417 425//425
f 426//426 418//418 419//419
f 425//425 418//418 426//426
f 419//419 420//420 427//427
f 419//419 427//427 426//426
f 422//422 421//421 428//428
f 422//422 428//428 429//429
f 430//430 421//421 423//423
f 428//428 421//421 430//430
f 431//431 423//423 424//424
f 430//430 423//423 431//431
f 432//432 424//424 425//425
f 431//431 424//424 432//432
f 433//433 425//425 426//426
f 432//432 425//425 433//433
f 426//426 427//427 434//434
f 426//426 434//434 433//433
f 429//429 428//428 435//435
f 429//429 435//435 436//436
f 437//437 428//428 430//430
f 435//435 428//428 437//437
f 438//438 430//430 431//431
f 437//437 430//430 438//438
f 439//439 431//431 432//432
f 438//438 431//431 439//439
f 440//440 432//432 433//433
f 439//439 432//432 440//440
f 433//433 434//434 441//441
f 433//433 441//441 440//440
f 436//436 435//435 442//442
f 436//436 442//442 443//443
f 444//444 435//435 437//437
f 442//442 435//435 444//444
f 445//445 437//437 438//438
f 444//444 437//437 445//445
f 446//446 438//438 439//439
f 445//445 438//438 446//446
f 447//447 439//439 440//440
f 446//446 439//439 447//447
f 440//440 441//441 448//448
f 440//440 448//448 447//447
f 443//443 442//442 449//449
f 443//443 449//449 450//450
f 451//451 442//442 444//444
f 449//449 442//442 451//451
f 452//452 444//444 445//445
f 451//451 444//444 452//452
f 453//453 445//445 446//446
f 452//452 445//445 453//453
f 454//454 446//446 447//447
f 453//453 446//446 454//454
f 447//447 448//448 455//455
f 447//447 455//455 454//454
f 450//450 449//449 456//456
f 450//450 456//456 457//457
f 458//458 449//449 451//451
f 456//456 449//449 458//458
f 459//459 451//451 452//452
f 458//458 451//451 459//459
f 460//460 452//452 453//453
f 459//459 452//452 460//460
f 461//461 453//453 454//454
f 460//460 453//453 461//461
f 454//454 455//455 462//462
f 454//454 462//462 461//461
f 457//457 456//456 463//463
f 457//457 463//463 464//464
f 465//465 456//456 458//458
f 463//463 456//456 465//465
f 466//466 458//458 459//459
f 465//465 458//458 466//466
f 467//467 459//459 460//460
f 466//466 459//459 467//467
f 468//468 460//460 461//461
f 467//467 460//460 468//468
f 461//461 462//462 469//469
f 470//470 461//461 469//469
f 468//468 461//461 470//470
f 471//471 470//470 469//469
f 464//464 463//463 472//472
f 464//464 472//472 473//473
f 474//474 463//463 465//465
f 472//472 463//463 474//474
f 3//3 474//474 2//2
f 474//474 466//466 2//2
f 474//474 465//465 466//466
f 2//2 466//466 4//4
f 466//466 475//475 4//4
f 466//466 467//467 475//475
f 476//476 467//467 468//468
f 475//475 467//467 476//476
f 477//477 468//468 470//470
f 476//476 468//468 477//477
f 470//470 471//471 478//478
f 470//470 478//478 477//477
f 481//481 480//480 479//479
f 479//479 480//480 473//473
f 472//472 479//479 473//473
f 482//482 479//479 472//472
f 483//483 472//472 474//474
f 482//482 472//472 483//483
f 6//6 483//483 3//3
f 3//3 483//483 474//474
f 484//484 7//7 475//475
f 475//475 7//7 4//4
f 485//485 475//475 476//476
f 484//484 475//475 485//485
f 486//486 476//476 477//477
f 485//485 476//476 486//486
f 477//477 478//478 487//487
f 477//477 487//487 486//486
f 481//481 479//479 488//488
f 481//481 488//488 489//489
f 490//490 479//479 482//482
f 488//488 479//479 490//490
f 10//10 490//490 9//9
f 490//490 483//483 9//9
f 490//490 482//482 483//483
f 9//9 483//483 6//6
f 484//484 12//12 7//7
f 12//12 484//484 14//14
f 484//484 491//491 14//14
f 484//484 485//485 491//491
f 492//492 485//485 486//486
f 491//491 485//485 492//492
f 486//486 487//487 493//493
f 486//486 493//493 492//492
f 489//489 488//488 494//494
f 489//489 494//494 495//495
f 496//496 488//488 490//490
f 494//494 488//488 496//496
f 16//16 496//496 10//10
f 10//10 496//496 490//490
f 497//497 19//19 491//491
f 491//491 19//19 14//14
f 498//498 491//491 492//492
f 497//497 491//491 498//498
f 492//492 493//493 499//499
f 492//492 499//499 498//498
f 495//495 494//494 500//500
f 495//495 500//500 501//501
f 502//502 494//494 496//496
f 500//500 494//494 502//502
f 21//21 502//502 16//16
f 16//16 502//502 496//496
f 503//503 24//24 497//497
f 497//497 24//24 19//19
f 504//504 497//497 498//498
f 503//503 497//497 504//504
f 498//498 499//499 505//505
f 498//498 505//505 504//504
f 501//501 500//500 506//506
f 501//501 506//506 507//507
f 508//508 500//500 502//502
f 506//506 500//500 508//508
f 26//26 508//508 21//21
f 21//21 508//508 502//502
f 509//509 29//29 503//503
f 503//503 29//29 24//24
f 510//510 503//503 504//504
f 509//509 503//503 510//510
f 504//504 505//505 511//511
f 504//504 511//511 510//510
f 507//507 506//506 512//512
f 507//507 512//512 513//513
f 514//514 506//506 508//508
f 512//512 506//506 514//514
f 31//31 514//514 26//26
f 26//26 514//514 508//508
f 509//509 34//34 29//29
f 34//34 509//509 36//36
f 509//509 515//515 36//36
f 509//509 510//510 515//515
f 510//510 511//511 516//516
f 510//510 516//516 515//515
f 513//513 512//512 517//517
f 513//513 517//517 518//518
f 39//39 517//517 38//38
f 517//517 514//514 38//38
f 517//517 512//512 514//514
f 38//38 514//514 31//31
f 519//519 44//44 515//515
f 515//515 44//44 36//36
f 515//515 516//516 520//520
f 515//515 520//520 519//519
f 518//518 517//517 521//521
f 518//518 521//521 522//522
f 46//46 521//521 39//39
f 39//39 521//521 517//517
f 523//523 51//51 519//519
f 519//519 51//51 44//44
f 519//519 520//520 524//524
f 519//519 524//524 523//523
f 522//522 521//521 525//525
f 522//522 525//525 526//526
f 53//53 525//525 46//46
f 46//46 525//525 521//521
f 527//527 58//58 523//523
f 523//523 58//58 51//51
f 523//523 524//524 528//528
f 529//529 523//523 528//528
f 527//527 523//523 529//529
f 530//530 529//529 528//528
f 526//526 525//525 531//531
f 526//526 531//531 532//532
f 60//60 531//531 53//53
f 53//53 531//531 525//525
f 533//533 65//65 527//527
f 527//527 65//65 58//58
f 534//534 527//527 529//529
f 533//533 527//527 534//534
f 529//529 530//530 535//535
f 529//529 535//535 534//534
f 538//538 537//537 536//536
f 536//536 537//537 532//532
f 531//531 536//536 532//532
f 539//539 536//536 531//531
f 67//67 539//539 60//60
f 60//60 539//539 531//531
f 533//533 72//72 65//65
f 72//72 533//533 74//74
f 533//533 540//540 74//74
f 533//533 534//534 540//540
f 534//534 535//535 541//541
f 534//534 541//541 540//540
f 538//538 536//536 542//542
f 538//538 542//542 543//543
f 544//544 536//536 539//539
f 542//542 536//536 544//544
f 76//76 544//544 67//67
f 67//67 544//544 539//539
f 545//545 82//82 540//540
f 540//540 82//82 74//74
f 540//540 541//541 546//546
f 540//540 546//546 545//545
f 543//543 542//542 547//547
f 543//543 547//547 548//548
f 549//549 542//542 544//544
f 547//547 542//542 549//549
f 84//84 549//549 76//76
f 76//76 549//549 544//544
f 550//550 90//90 545//545
f 545//545 90//90 82//82
f 545//545 546//546 551//551
f 545//545 551//551 550//550
f 548//548 547//547 552//552
f 548//548 552//552 553//553
f 554//554 547//547 549//549
f 552//552 547//547 554//554
f 92//92 554//554 84//84
f 84//84 554//554 549//549
f 555//555 98//98 550//550
f 550//550 98//98 90//90
f 550//550 551//551 556//556
f 550//550 556//556 555//555
f 557//557 553//553 552//552
f 559//559 558//558 557//557
f 552//552 559//559 557//557
f 554//554 559//559 552//552
f 100//100 559//559 92//92
f 92//92 559//559 554//554
f 560//560 105//105 106//106
f 561//561 560//560 106//106
f 561//561 106//106 98//98
f 562//562 561//561 98//98
f 555//555 562//562 98//98
f 562//562 555//555 556//556
f 563//563 558//558 559//559
f 563//563 559//559 100//100
f 107//107 563//563 100//100
f 564//564 563//563 107//107
f 566//566 564//564 565//565
f 564//564 108//108 565//565
f 564//564 107//107 108//108
f 109//109 567//567 108//108
f 108//108 567//567 565//565
f 110//110 568//568 109//109
f 109//109 568//568 567//567
f 568//568 110//110 569//569
f 110//110 570//570 569//569
f 110//110 111//111 570//570
f 111//111 105//105 560//560
f 571//571 111//111 560//560
f 570//570 111//111 571//571
f 571//571 560//560 561//561
f 572//572 566//566 565//565
f 572//572 565//565 567//567
f 572//572 567//567 573//573
f 573//573 567//567 568//568
f 573//573 568//568 574//574
f 574//574 568//568 569//569
f 577//577 576//576 575//575
f 113//113 114//114 575//575
f 576//576 113//113 575//575
f 578//578 113//113 576//576
f 113//113 579//579 116//116
f 578//578 579//579 113//113
f 116//116 580//580 118//118
f 579//579 580//580 116//116
f 582//582 581//581 119//119
f 118//118 582//582 119//119
f 580//580 582//582 118//118
f 583//583 581//581 582//582
f 586//586 585//585 584//584
f 584//584 585//585 577//577
f 575//575 584//584 577//577
f 587//587 584//584 575//575
f 121//121 587//587 114//114
f 114//114 587//587 575//575
f 581//581 124//124 119//119
f 589//589 588//588 126//126
f 589//589 126//126 124//124
f 583//583 589//589 124//124
f 581//581 583//583 124//124
f 590//590 588//588 589//589
f 586//586 584//584 591//591
f 586//586 591//591 592//592
f 129//129 591//591 128//128
f 591//591 587//587 128//128
f 591//591 584//584 587//587
f 128//128 587//587 121//121
f 593//593 134//134 588//588
f 588//588 134//134 126//126
f 588//588 590//590 594//594
f 588//588 594//594 593//593
f 592//592 591//591 595//595
f 592//592 595//595 596//596
f 136//136 595//595 129//129
f 129//129 595//595 591//591
f 597//597 141//141 593//593
f 593//593 141//141 134//134
f 593//593 594//594 598//598
f 593//593 598//598 597//597
f 596//596 595//595 599//599
f 596//596 599//599 600//600
f 143//143 599//599 136//136
f 136//136 599//599 595//595
f 601//601 148//148 597//597
f 597//597 148//148 141//141
f 597//597 598//598 602//602
f 597//597 602//602 601//601
f 600//600 599//599 603//603
f 600//600 603//603 604//604
f 150//150 603//603 143//143
f 143//143 603//603 599//599
f 605//605 155//155 601//601
f 601//601 155//155 148//148
f 601//601 602//602 606//606
f 601//601 606//606 605//605
f 604//604 603//603 607//607
f 604//604 607//607 608//608
f 157//157 607//607 150//150
f 150//150 607//607 603//603
f 609//609 162//162 605//605
f 605//605 162//162 155//155
f 605//605 606//606 610//610
f 605//605 610//610 609//609
f 608//608 607//607 611//611
f 608//608 611//611 612//612
f 163//163 613//613 157//157
f 613//613 607//607 157//157
f 613//613 611//611 607//607
f 164//164 613//613 163//163
f 614//614 169//169 609//609
f 609//609 169//169 162//162
f 609//609 610//610 615//615
f 609//609 615//615 614//614
f 612//612 611//611 616//616
f 612//612 616//616 617//617
f 618//618 611//611 613//613
f 616//616 611//611 618//618
f 171//171 618//618 164//164
f 164//164 618//618 613//613
f 619//619 175//175 614//614
f 614//614 175//175 169//169
f 614//614 615//615 620//620
f 614//614 620//620 619//619
f 617//617 616//616 621//621
f 617//617 621//621 622//622
f 623//623 616//616 618//618
f 621//621 616//616 623//623
f 177//177 623//623 171//171
f 171//171 623//623 618//618
f 624//624 181//181 619//619
f 619//619 181//181 175//175
f 619//619 620//620 625//625
f 619//619 625//625 624//624
f 622//622 621//621 626//626
f 622//622 626//626 627//627
f 628//628 621//621 623//623
f 626//626 621//621 628//628
f 183//183 628//628 177//177
f 177//177 628//628 623//623
f 629//629 187//187 624//624
f 624//624 187//187 181//181
f 624//624 625//625 630//630
f 624//624 630//630 629//629
f 627//627 626//626 631//631
f 627//627 631//631 632//632
f 633//633 626//626 628//628
f 631//631 626//626 633//633
f 189//189 633//633 183//183
f 183//183 633//633 628//628
f 634//634 193//193 629//629
f 629//629 193//193 187//187
f 629//629 630//630 635//635
f 629//629 635//635 634//634
f 632//632 631//631 636//636
f 632//632 636//636 637//637
f 638//638 631//631 633//633
f 636//636 631//631 638//638
f 195//195 638//638 189//189
f 189//189 638//638 633//633
f 639//639 198//198 199//199
f 193//193 634//634 199//199
f 634//634 639//639 199//199
f 634//634 640//640 639//639
f 634//634 635//635 641//641
f 634//634 641//641 640//640
f 642//642 637//637 636//636
f 644//644 643//643 642//642
f 636//636 644//644 642//642
f 638//638 644//644 636//636
f 201//201 644//644 195//195
f 195//195 644//644 638//638
f 645//645 204//204 639//639
f 639//639 204//204 198//198
f 646//646 639//639 640//640
f 645//645 639//639 646//646
f 640//640 641//641 647//647
f 640//640 647//647 646//646
f 643//643 644//644 648//648
f 643//643 648//648 649//649
f 206//206 648//648 201//201
f 201//201 648//648 644//644
f 650//650 209//209 645//645
f 645//645 209//209 204//204
f 651//651 645//645 646//646
f 650//650 645//645 651//651
f 646//646 647//647 652//652
f 646//646 652//652 651//651
f 649//649 648//648 653//653
f 649//649 653//653 654//654
f 211//211 653//653 206//206
f 206//206 653//653 648//648
f 655//655 214//214 650//650
f 650//650 214//214 209//209
f 656//656 650//650 651//651
f 655//655 650//650 656//656
f 651//651 652//652 657//657
f 651//651 657//657 656//656
f 654//654 653//653 658//658
f 654//654 658//658 659//659
f 216//216 658//658 211//211
f 211//211 658//658 653//653
f 660//660 219//219 655//655
f 655//655 219//219 214//214
f 661//661 655//655 656//656
f 660//660 655//655 661//661
f 656//656 657//657 662//662
f 656//656 662//662 661//661
f 659//659 658//658 663//663
f 659//659 663//663 664//664
f 221//221 663//663 216//216
f 216//216 663//663 658//658
f 665//665 224//224 660//660
f 660//660 224//224 219//219
f 666//666 660//660 661//661
f 665//665 660//660 666//666
f 661//661 662//662 667//667
f 661//661 667//667 666//666
f 664//664 663//663 668//668
f 664//664 668//668 669//669
f 226//226 668//668 221//221
f 221//221 668//668 663//663
f 670//670 229//229 665//665
f 665//665 229//229 224//224
f 671//671 665//665 666//666
f 670//670 665//665 671//671
f 666//666 667//667 672//672
f 666//666 672//672 671//671
f 669//669 668//668 673//673
f 669//669 673//673 674//674
f 231//231 673//673 226//226
f 226//226 673//673 668//668
f 675//675 234//234 670//670
f 670//670 234//234 229//229
f 676//676 670//670 671//671
f 675//675 670//670 676//676
f 671//671 672//672 677//677
f 671//671 677//677 676//676
f 674//674 673//673 678//678
f 674//674 678//678 679//679
f 236//236 678//678 231//231
f 231//231 678//678 673//673
f 680//680 239//239 675//675
f 675//675 239//239 234//234
f 676//676 682//682 681//681
f 680//680 676//676 681//681
f 675//675 676//676 680//680
f 682//682 676//676 677//677
f 679//679 678//678 683//683
f 679//679 683//683 684//684
f 241//241 683//683 236//236
f 236//236 683//683 678//678
f 685//685 244//244 680//680
f 680//680 244//244 239//239
f 680//680 681//681 686//686
f 680//680 686//686 685//685
f 684//684 683//683 687//687
f 684//684 687//687 688//688
f 246//246 687//687 241//241
f 241//241 687//687 683//683
f 689//689 249//249 685//685
f 685//685 249//249 244//244
f 685//685 686//686 690//690
f 685//685 690//690 689//689
f 688//688 687//687 691//691
f 688//688 691//691 692//692
f 251//251 691//691 246//246
f 246//246 691//691 687//687
f 693//693 254//254 689//689
f 689//689 254//254 249//249
f 689//689 690//690 694//694
f 689//689 694//694 693//693
f 692//692 691//691 695//695
f 692//692 695//695 696//696
f 256//256 695//695 251//251
f 251//251 695//695 691//691
f 697//697 259//259 693//693
f 693//693 259//259 254//254
f 693//693 694//694 698//698
f 693//693 698//698 697//697
f 696//696 695//695 699//699
f 696//696 699//699 700//700
f 261//261 699//699 256//256
f 256//256 699//699 695//695
f 701//701 264//264 697//697
f 697//697 264//264 259//259
f 697//697 698//698 702//702
f 697//697 702//702 701//701
f 700//700 699//699 703//703
f 700//700 703//703 704//704
f 266//266 703//703 261//261
f 261//261 703//703 699//699
f 705//705 269//269 701//701
f 701//701 269//269 264//264
f 701//701 702//702 706//706
f 701//701 706//706 705//705
f 704//704 703//703 707//707
f 704//704 707//707 708//708
f 271//271 707//707 266//266
f 266//266 707//707 703//703
f 709//709 274//274 705//705
f 705//705 274//274 269//269
f 705//705 706//706 710//710
f 705//705 710//710 709//709
f 708//708 707//707 711//711
f 708//708 711//711 712//712
f 276//276 711//711 271//271
f 271//271 711//711 707//707
f 713//713 279//279 709//709
f 709//709 279//279 274//274
f 709//709 710//710 714//714
f 709//709 714//714 713//713
f 712//712 711//711 715//715
f 712//712 715//715 716//716
f 281//281 715//715 276//276
f 276//276 715//715 711//711
f 717//717 284//284 713//713
f 713//713 284//284 279//279
f 713//713 714//714 718//718
f 713//713 718//718 717//717
f 716//716 715//715 719//719
f 716//716 719//719 720//720
f 285//285 721//721 281//281
f 721//721 715//715 281//281
f 721//721 719//719 715//715
f 286//286 721//721 285//285
f 722//722 289//289 717//717
f 717//717 289//289 284//284
f 717//717 718//718 723//723
f 717//717 723//723 722//722
f 720//720 719//719 724//724
f 720//720 724//724 725//725
f 726//726 719//719 721//721
f 724//724 719//719 726//726
f 291//291 726//726 286//286
f 286//286 726//726 721//721
f 727//727 293//293 722//722
f 722//722 293//293 289//289
f 722//722 723//723 728//728
f 722//722 728//728 727//727
f 725//725 724//724 729//729
f 725//725 729//729 730//730
f 296//296 729//729 295//295
f 729//729 726//726 295//295
f 729//729 724//724 726//726
f 295//295 726//726 291//291
f 731//731 299//299 727//727
f 727//727 299//299 293//293
f 727//727 728//728 732//732
f 727//727 732//732 731//731
f 730//730 729//729 733//733
f 730//730 733//733 734//734
f 301//301 733//733 296//296
f 296//296 733//733 729//729
f 735//735 304//304 731//731
f 731//731 304//304 299//299
f 731//731 732//732 736//736
f 731//731 736//736 735//735
f 734//734 733//733 737//737
f 734//734 737//737 738//738
f 306//306 737//737 301//301
f 301//301 737//737 733//733
f 739//739 309//309 735//735
f 735//735 309//309 304//304
f 735//735 736//736 740//740
f 735//735 740//740 739//739
f 738//738 737//737 741//741
f 738//738 741//741 742//742
f 311//311 741//741 306//306
f 306//306 741//741 737//737
f 743//743 314//314 739//739
f 739//739 314//314 309//309
f 739//739 740//740 744//744
f 739//739 744//744 743//743
f 742//742 741//741 745//745
f 742//742 745//745 746//746
f 316//316 745//745 311//311
f 311//311 745//745 741//741
f 747//747 319//319 743//743
f 743//743 319//319 314//314
f 743//743 744//744 748//748
f 743//743 748//748 747//747
f 746//746 745//745 749//749
f 746//746 749//749 750//750
f 321//321 749//749 316//316
f 316//316 749//749 745//745
f 751//751 324//324 747//747
f 747//747 324//324 319//319
f 747//747 748//748 752//752
f 747//747 752//752 751//751
f 750//750 749//749 753//753
f 750//750 753//753 754//754
f 326//326 753//753 321//321
f 321//321 753//753 749//749
f 755//755 329//329 751//751
f 751//751 329//329 324//324
f 751//751 752//752 756//756
f 751//751 756//756 755//755
f 754//754 753//753 757//757
f 754//754 757//757 758//758
f 331//331 757//757 326//326
f 326//326 757//757 753//753
f 759//759 334//334 755//755
f 755//755 334//334 329//329
f 755//755 756//756 760//760
f 755//755 760//760 759//759
f 758//758 757//757 761//761
f 758//758 761//761 762//762
f 336//336 761//761 331//331
f 331//331 761//761 757//757
f 763//763 339//339 759//759
f 759//759 339//339 334//334
f 759//759 760//760 764//764
f 765//765 759//759 764//764
f 763//763 759//759 765//765
f 766//766 765//765 764//764
f 762//762 761//761 767//767
f 762//762 767//767 768//768
f 341//341 767//767 336//336
f 336//336 767//767 761//761
f 769//769 344//344 763//763
f 763//763 344//344 339//339
f 770//770 763//763 765//765
f 769//769 763//763 770//770
f 765//765 766//766 771//771
f 765//765 771//771 770//770
f 768//768 767//767 772//772
f 768//768 772//772 773//773
f 346//346 772//772 341//341
f 341//341 772//772 767//767
f 774//774 349//349 769//769
f 769//769 349//349 344//344
f 775//775 769//769 770//770
f 774//774 769//769 775//775
f 770//770 771//771 776//776
f 770//770 776//776 775//775
f 773//773 772//772 777//777
f 773//773 777//777 778//778
f 351//351 777//777 346//346
f 346//346 777//777 772//772
f 779//779 354//354 774//774
f 774//774 354//354 349//349
f 780//780 774//774 775//775
f 779//779 774//774 780//780
f 775//775 776//776 781//781
f 775//775 781//781 780//780
f 778//778 777//777 782//782
f 778//778 782//782 783//783
f 356//356 782//782 351//351
f 351//351 782//782 777//777
f 784//784 359//359 779//779
f 779//779 359//359 354//354
f 785//785 779//779 780//780
f 784//784 779//779 785//785
f 780//780 781//781 786//786
f 780//780 786//786 785//785
f 789//789 788//788 787//787
f 787//787 788//788 783//783
f 782//782 787//787 783//783
f 790//790 787//787 782//782
f 361//361 790//790 356//356
f 356//356 790//790 782//782
f 791//791 364//364 784//784
f 784//784 364//364 359//359
f 792//792 784//784 785//785
f 791//791 784//784 792//792
f 785//785 786//786 793//793
f 785//785 793//793 792//792
f 789//789 787//787 794//794
f 789//789 794//794 795//795
f 796//796 787//787 790//790
f 794//794 787//787 796//796
f 366//366 796//796 361//361
f 361//361 796//796 790//790
f 797//797 369//369 791//791
f 791//791 369//369 364//364
f 798//798 791//791 792//792
f 797//797 791//791 798//798
f 792//792 793//793 799//799
f 792//792 799//799 798//798
f 795//795 794//794 800//800
f 795//795 800//800 801//801
f 802//802 794//794 796//796
f 800//800 794//794 802//802
f 371//371 802//802 366//366
f 366//366 802//802 796//796
f 803//803 374//374 797//797
f 797//797 374//374 369//369
f 804//804 797//797 798//798
f 803//803 797//797 804//804
f 798//798 799//799 805//805
f 798//798 805//805 804//804
f 801//801 800//800 806//806
f 801//801 806//806 807//807
f 808//808 800//800 802//802
f 806//806 800//800 808//808
f 376//376 808//808 371//371
f 371//371 808//808 802//802
f 809//809 379//379 803//803
f 803//803 379//379 374//374
f 810//810 803//803 804//804
f 809//809 803//803 810//810
f 804//804 805//805 811//811
f 804//804 811//811 810//810
f 807//807 806//806 812//812
f 807//807 812//812 813//813
f 814//814 806//806 808//808
f 812//812 806//806 814//814
f 381//381 814//814 376//376
f 376//376 814//814 808//808
f 809//809 384//384 379//379
f 384//384 809//809 386//386
f 809//809 815//815 386//386
f 809//809 810//810 815//815
f 810//810 811//811 816//816
f 810//810 816//816 815//815
f 813//813 812//812 817//817
f 813//813 817//817 818//818
f 819//819 812//812 814//814
f 817//817 812//812 819//819
f 388//388 819//819 381//381
f 381//381 819//819 814//814
f 820//820 392//392 815//815
f 815//815 392//392 386//386
f 815//815 816//816 821//821
f 815//815 821//821 820//820
f 818//818 817//817 822//822
f 818//818 822//822 823//823
f 824//824 817//817 819//819
f 822//822 817//817 824//824
f 394//394 824//824 388//388
f 388//388 824//824 819//819
f 825//825 398//398 820//820
f 820//820 398//398 392//392
f 820//820 821//821 826//826
f 820//820 826//826 825//825
f 823//823 822//822 827//827
f 823//823 827//827 828//828
f 401//401 827//827 400//400
f 827//827 824//824 400//400
f 827//827 822//822 824//824
f 400//400 824//824 394//394
f 829//829 406//406 825//825
f 825//825 406//406 398//398
f 825//825 826//826 830//830
f 825//825 830//830 829//829
f 828//828 827//827 831//831
f 828//828 831//831 832//832
f 408//408 831//831 401//401
f 401//401 831//831 827//827
f 833//833 413//413 829//829
f 829//829 413//413 406//406
f 829//829 830//830 834//834
f 829//829 834//834 833//833
f 832//832 831//831 835//835
f 832//832 835//835 836//836
f 415//415 835//835 408//408
f 408//408 835//835 831//831
f 837//837 420//420 833//833
f 833//833 420//420 413//413
f 833//833 834//834 838//838
f 833//833 838//838 837//837
f 836//836 835//835 839//839
f 836//836 839//839 840//840
f 422//422 839//839 415//415
f 415//415 839//839 835//835
f 841//841 427//427 837//837
f 837//837 427//427 420//420
f 837//837 838//838 842//842
f 837//837 842//842 841//841
f 840//840 839//839 843//843
f 840//840 843//843 844//844
f 429//429 843//843 422//422
f 422//422 843//843 839//839
f 845//845 434//434 841//841
f 841//841 434//434 427//427
f 841//841 842//842 846//846
f 841//841 846//846 845//845
f 844//844 843//843 847//847
f 844//844 847//847 848//848
f 436//436 847//847 429//429
f 429//429 847//847 843//843
f 849//849 441//441 845//845
f 845//845 441//441 434//434
f 845//845 846//846 850//850
f 845//845 850//850 849//849
f 848//848 847//847 851//851
f 848//848 851//851 852//852
f 443//443 851//851 436//436
f 436//436 851//851 847//847
f 853//853 448//448 849//849
f 849//849 448//448 441//441
f 849//849 850//850 854//854
f 849//849 854//854 853//853
f 852//852 851//851 855//855
f 852//852 855//855 856//856
f 450//450 855//855 443//443
f 443//443 855//855 851//851
f 857//857 455//455 853//853
f 853//853 455//455 448//448
f 853//853 854//854 858//858
f 853//853 858//858 857//857
f 856//856 855//855 859//859
f 856//856 859//859 860//860
f 457//457 859//859 450//450
f 450//450 859//859 855//855
f 861//861 462//462 857//857
f 857//857 462//462 455//455
f 857//857 858//858 862//862
f 857//857 862//862 861//861
f 860//860 859//859 863//863
f 860//860 863//863 864//864
f 464//464 863//863 457//457
f 457//457 863//863 859//859
f 861//861 469//469 462//462
f 471//471 469//469 861//861
f 862//862 471//471 861//861
f 865//865 471//471 862//862
f 864//864 863//863 866//866
f 864//864 866//866 867//867
f 473//473 866//866 464//464
f 464//464 866//866 863//863
f 869//869 478//478 868//868
f 478//478 865//865 868//868
f 478//478 471//471 865//865
f 870//870 869//869 868//868
f 867//867 866//866 480//480
f 481//481 867//867 480//480
f 871//871 867//867 481//481
f 480//480 866//866 473//473
f 872//872 487//487 869//869
f 869//869 487//487 478//478
f 869//869 870//870 873//873
f 869//869 873//873 872//872
f 489//489 871//871 481//481
f 489//489 874//874 871//871
f 875//875 493//493 872//872
f 872//872 493//493 487//487
f 872//872 873//873 876//876
f 872//872 876//876 875//875
f 879//879 878//878 877//877
f 878//878 874//874 877//877
f 874//874 495//495 877//877
f 874//874 489//489 495//495
f 880//880 499//499 875//875
f 875//875 499//499 493//493
f 875//875 876//876 881//881
f 875//875 881//881 880//880
f 879//879 877//877 882//882
f 879//879 882//882 883//883
f 501//501 882//882 495//495
f 495//495 882//882 877//877
f 884//884 505//505 880//880
f 880//880 505//505 499//499
f 880//880 881//881 885//885
f 880//880 885//885 884//884
f 883//883 882//882 886//886
f 883//883 886//886 887//887
f 507//507 886//886 501//501
f 501//501 886//886 882//882
f 888//888 511//511 884//884
f 884//884 511//511 505//505
f 884//884 885//885 889//889
f 884//884 889//889 888//888
f 887//887 886//886 890//890
f 887//887 890//890 891//891
f 513//513 890//890 507//507
f 507//507 890//890 886//886
f 892//892 516//516 888//888
f 888//888 516//516 511//511
f 888//888 889//889 893//893
f 888//888 893//893 892//892
f 891//891 890//890 894//894
f 891//891 894//894 895//895
f 518//518 894//894 513//513
f 513//513 894//894 890//890
f 896//896 520//520 892//892
f 892//892 520//520 516//516
f 892//892 893//893 897//897
f 892//892 897//897 896//896
f 895//895 894//894 898//898
f 895//895 898//898 899//899
f 522//522 898//898 518//518
f 518//518 898//898 894//894
f 900//900 524//524 896//896
f 896//896 524//524 520//520
f 896//896 897//897 901//901
f 896//896 901//901 900//900
f 899//899 898//898 902//902
f 899//899 902//902 903//903
f 526//526 902//902 522//522
f 522//522 902//902 898//898
f 900//900 528//528 524//524
f 530//530 528//528 900//900
f 901//901 530//530 900//900
f 904//904 530//530 901//901
f 903//903 902//902 905//905
f 903//903 905//905 906//906
f 532//532 905//905 526//526
f 526//526 905//905 902//902
f 904//904 535//535 530//530
f 907//907 535//535 904//904
f 906//906 905//905 537//537
f 538//538 906//906 537//537
f 908//908 906//906 538//538
f 537//537 905//905 532//532
f 907//907 541//541 535//535
f 909//909 541//541 907//907
f 543//543 908//908 538//538
f 543//543 910//910 908//908
f 909//909 546//546 541//541
f 911//911 546//546 909//909
f 548//548 910//910 543//543
f 548//548 912//912 910//910
f 911//911 551//551 546//546
f 913//913 551//551 911//911
f 553//553 912//912 548//548
f 553//553 914//914 912//912
f 913//913 556//556 551//551
f 915//915 556//556 913//913
f 553//553 557//557 916//916
f 917//917 553//553 916//916
f 914//914 553//553 917//917
f 558//558 916//916 557//557
f 918//918 561//561 562//562
f 919//919 918//918 562//562
f 556//556 919//919 562//562
f 915//915 919//919 556//556
f 920//920 917//917 916//916
f 922//922 920//920 921//921
f 921//921 920//920 563//563
f 920//920 916//916 563//563
f 916//916 558//558 563//563
f 564//564 923//923 563//563
f 563//563 923//923 921//921
f 566//566 923//923 564//564
f 924//924 569//569 570//570
f 571//571 925//925 570//570
f 570//570 925//925 924//924
f 926//926 925//925 571//571
f 926//926 571//571 561//561
f 927//927 926//926 561//561
f 918//918 927//927 561//561
f 927//927 918//918 919//919
f 928//928 922//922 921//921
f 928//928 921//921 923//923
f 928//928 923//923 929//929
f 929//929 923//923 566//566
f 572//572 929//929 566//566
f 930//930 929//929 572//572
f 931//931 572//572 573//573
f 931//931 930//930 572//572
f 932//932 573//573 574//574
f 932//932 931//931 573//573
f 574//574 569//569 924//924
f 933//933 574//574 924//924
f 932//932 574//574 933//933
f 933//933 924//924 925//925
f 933//933 925//925 934//934
f 934//934 925//925 926//926
f 937//937 936//936 935//935
f 576//576 577//577 935//935
f 936//936 576//576 935//935
f 938//938 576//576 936//936
f 576//576 939//939 578//578
f 938//938 939//939 576//576
f 578//578 940//940 579//579
f 939//939 940//940 578//578
f 579//579 941//941 580//580
f 940//940 941//941 579//579
f 580//580 942//942 582//582
f 941//941 942//942 580//580
f 944//944 943//943 583//583
f 582//582 944//944 583//583
f 942//942 944//944 582//582
f 945//945 943//943 944//944
f 937//937 935//935 585//585
f 586//586 937//937 585//585
f 946//946 937//937 586//586
f 585//585 935//935 577//577
f 943//943 589//589 583//583
f 590//590 589//589 943//943
f 945//945 590//590 943//943
f 947//947 590//590 945//945
f 592//592 946//946 586//586
f 592//592 948//948 946//946
f 947//947 594//594 590//590
f 949//949 594//594 947//947
f 596//596 948//948 592//592
f 596//596 950//950 948//948
f 949//949 598//598 594//594
f 951//951 598//598 949//949
f 600//600 950//950 596//596
f 600//600 952//952 950//950
f 951//951 602//602 598//598
f 953//953 602//602 951//951
f 604//604 952//952 600//600
f 604//604 954//954 952//952
f 953//953 606//606 602//602
f 955//955 606//606 953//953
f 608//608 954//954 604//604
f 608//608 956//956 954//954
f 955//955 610//610 606//606
f 957//957 610//610 955//955
f 612//612 956//956 608//608
f 612//612 958//958 956//956
f 957//957 615//615 610//610
f 959//959 615//615 957//957
f 617//617 958//958 612//612
f 617//617 960//960 958//958
f 959//959 620//620 615//615
f 961//961 620//620 959//959
f 622//622 960//960 617//617
f 622//622 962//962 960//960
f 961//961 625//625 620//620
f 963//963 625//625 961//961
f 627//627 962//962 622//622
f 627//627 964//964 962//962
f 963//963 630//630 625//625
f 965//965 630//630 963//963
f 632//632 964//964 627//627
f 632//632 966//966 964//964
f 965//965 635//635 630//630
f 967//967 635//635 965//965
f 637//637 966//966 632//632
f 637//637 968//968 966//966
f 967//967 641//641 635//635
f 969//969 641//641 967//967
f 637//637 642//642 970//970
f 971//971 637//637 970//970
f 968//968 637//637 971//971
f 643//643 970//970 642//642
f 969//969 647//647 641//641
f 972//972 647//647 969//969
f 971//971 970//970 973//973
f 971//971 973//973 974//974
f 649//649 973//973 643//643
f 643//643 973//973 970//970
f 972//972 652//652 647//647
f 975//975 652//652 972//972
f 974//974 973//973 976//976
f 974//974 976//976 977//977
f 654//654 976//976 649//649
f 649//649 976//976 973//973
f 975//975 657//657 652//652
f 978//978 657//657 975//975
f 977//977 976//976 979//979
f 977//977 979//979 980//980
f 659//659 979//979 654//654
f 654//654 979//979 976//976
f 978//978 662//662 657//657
f 981//981 662//662 978//978
f 980//980 979//979 982//982
f 980//980 982//982 983//983
f 664//664 982//982 659//659
f 659//659 982//982 979//979
f 981//981 667//667 662//662
f 984//984 667//667 981//981
f 983//983 982//982 985//985
f 983//983 985//985 986//986
f 669//669 985//985 664//664
f 664//664 985//985 982//982
f 984//984 672//672 667//667
f 987//987 672//672 984//984
f 986//986 985//985 988//988
f 986//986 988//988 989//989
f 674//674 988//988 669//669
f 669//669 988//988 985//985
f 987//987 677//677 672//672
f 990//990 677//677 987//987
f 989//989 988//988 991//991
f 989//989 991//991 992//992
f 679//679 991//991 674//674
f 674//674 991//991 988//988
f 993//993 681//681 682//682
f 994//994 993//993 682//682
f 677//677 994//994 682//682
f 990//990 994//994 677//677
f 992//992 991//991 995//995
f 992//992 995//995 996//996
f 684//684 995//995 679//679
f 679//679 995//995 991//991
f 997//997 686//686 993//993
f 993//993 686//686 681//681
f 993//993 994//994 998//998
f 993//993 998//998 997//997
f 996//996 995//995 999//999
f 996//996 999//999 1000//1000
f 688//688 999//999 684//684
f 684//684 999//999 995//995
f 1001//1001 690//690 997//997
f 997//997 690//690 686//686
f 997//997 998//998 1002//1002
f 997//997 1002//1002 1001//1001
f 1000//1000 999//999 1003//1003
f 1000//1000 1003//1003 1004//1004
f 692//692 1003//1003 688//688
f 688//688 1003//1003 999//999
f 1005//1005 694//694 1001//1001
f 1001//1001 694//694 690//690
f 1001//1001 1002//1002 1006//1006
f 1001//1001 1006//1006 1005//1005
f 1004//1004 1003//1003 1007//1007
f 1004//1004 1007//1007 1008//1008
f 696//696 1007//1007 692//692
f 692//692 1007//1007 1003//1003
f 1009//1009 698//698 1005//1005
f 1005//1005 698//698 694//694
f 1005//1005 1006//1006 1010//1010
f 1005//1005 1010//1010 1009//1009
f 1008//1008 1007//1007 1011//1011
f 1008//1008 1011//1011 1012//1012
f 700//700 1011//1011 696//696
f 696//696 1011//1011 1007//1007
f 1013//1013 702//702 1009//1009
f 1009//1009 702//702 698//698
f 1009//1009 1010//1010 1014//1014
f 1009//1009 1014//1014 1013//1013
f 1012//1012 1011//1011 1015//1015
f 1012//1012 1015//1015 1016//1016
f 704//704 1015//1015 700//700
f 700//700 1015//1015 1011//1011
f 1017//1017 706//706 1013//1013
f 1013//1013 706//706 702//702
f 1013//1013 1014//1014 1018//1018
f 1013//1013 1018//1018 1017//1017
f 1016//1016 1015//1015 1019//1019
f 1016//1016 1019//1019 1020//1020
f 708//708 1019//1019 704//704
f 704//704 1019//1019 1015//1015
f 1021//1021 710//710 1017//1017
f 1017//1017 710//710 706//706
f 1017//1017 1018//1018 1022//1022
f 1017//1017 1022//1022 1021//1021
f 1020//1020 1019//1019 1023//1023
f 1020//1020 1023//1023 1024//1024
f 712//712 1023//1023 708//708
f 708//708 1023//1023 1019//1019
f 1025//1025 714//714 1021//1021
f 1021//1021 714//714 710//710
f 1021//1021 1022//1022 1026//1026
f 1021//1021 1026//1026 1025//1025
f 1024//1024 1023//1023 1027//1027
f 1024//1024 1027//1027 1028//1028
f 716//716 1027//1027 712//712
f 712//712 1027//1027 1023//1023
f 1029//1029 718//718 1025//1025
f 1025//1025 718//718 714//714
f 1025//1025 1026//1026 1030//1030
f 1025//1025 1030//1030 1029//1029
f 1028//1028 1027//1027 1031//1031
f 1028//1028 1031//1031 1032//1032
f 720//720 1031//1031 716//716
f 716//716 1031//1031 1027//1027
f 1033//1033 723//723 1029//1029
f 1029//1029 723//723 718//718
f 1029//1029 1030//1030 1034//1034
f 1029//1029 1034//1034 1033//1033
f 1032//1032 1031//1031 1035//1035
f 1032//1032 1035//1035 1036//1036
f 725//725 1035//1035 720//720
f 720//720 1035//1035 1031//1031
f 1037//1037 728//728 1033//1033
f 1033//1033 728//728 723//723
f 1033//1033 1034//1034 1038//1038
f 1033//1033 1038//1038 1037//1037
f 1036//1036 1035//1035 1039//1039
f 1036//1036 1039//1039 1040//1040
f 730//730 1039//1039 725//725
f 725//725 1039//1039 1035//1035
f 1041//1041 732//732 1037//1037
f 1037//1037 732//732 728//728
f 1037//1037 1038//1038 1042//1042
f 1037//1037 1042//1042 1041//1041
f 1040//1040 1039//1039 1043//1043
f 1040//1040 1043//1043 1044//1044
f 734//734 1043//1043 730//730
f 730//730 1043//1043 1039//1039
f 1045//1045 736//736 1041//1041
f 1041//1041 736//736 732//732
f 1041//1041 1042//1042 1046//1046
f 1041//1041 1046//1046 1045//1045
f 1044//1044 1043//1043 1047//1047
f 1044//1044 1047//1047 1048//1048
f 738//738 1047//1047 734//734
f 734//734 1047//1047 1043//1043
f 1049//1049 740//740 1045//1045
f 1045//1045 740//740 736//736
f 1045//1045 1046//1046 1050//1050
f 1045//1045 1050//1050 1049//1049
f 1048//1048 1047//1047 1051//1051
f 1048//1048 1051//1051 1052//1052
f 742//742 1051//1051 738//738
f 738//738 1051//1051 1047//1047
f 1053//1053 744//744 1049//1049
f 1049//1049 744//744 740//740
f 1049//1049 1050//1050 1054//1054
f 1049//1049 1054//1054 1053//1053
f 1052//1052 1051//1051 1055//1055
f 1052//1052 1055//1055 1056//1056
f 746//746 1055//1055 742//742
f 742//742 1055//1055 1051//1051
f 1057//1057 748//748 1053//1053
f 1053//1053 748//748 744//744
f 1053//1053 1054//1054 1058//1058
f 1053//1053 1058//1058 1057//1057
f 1056//1056 1055//1055 1059//1059
f 1056//1056 1059//1059 1060//1060
f 750//750 1059//1059 746//746
f 746//746 1059//1059 1055//1055
f 1061//1061 752//752 1057//1057
f 1057//1057 752//752 748//748
f 1057//1057 1058//1058 1062//1062
f 1057//1057 1062//1062 1061//1061
f 1060//1060 1059//1059 1063//1063
f 1060//1060 1063//1063 1064//1064
f 754//754 1063//1063 750//750
f 750//750 1063//1063 1059//1059
f 1065//1065 756//756 1061//1061
f 1061//1061 756//756 752//752
f 1061//1061 1062//1062 1066//1066
f 1061//1061 1066//1066 1065//1065
f 1064//1064 1063//1063 1067//1067
f 1064//1064 1067//1067 1068//1068
f 758//758 1067//1067 754//754
f 754//754 1067//1067 1063//1063
f 1069//1069 760//760 1065//1065
f 1065//1065 760//760 756//756
f 1065//1065 1066//1066 1070//1070
f 1065//1065 1070//1070 1069//1069
f 1068//1068 1067//1067 1071//1071
f 1068//1068 1071//1071 1072//1072
f 762//762 1071//1071 758//758
f 758//758 1071//1071 1067//1067
f 1069//1069 764//764 760//760
f 766//766 764//764 1069//1069
f 1070//1070 766//766 1069//1069
f 1073//1073 766//766 1070//1070
f 1072//1072 1071//1071 1074//1074
f 1072//1072 1074//1074 1075//1075
f 768//768 1074//1074 762//762
f 762//762 1074//1074 1071//1071
f 1073//1073 771//771 766//766
f 1076//1076 771//771 1073//1073
f 1075//1075 1074//1074 1077//1077
f 1075//1075 1077//1077 1078//1078
f 773//773 1077//1077 768//768
f 768//768 1077//1077 1074//1074
f 1076//1076 776//776 771//771
f 1079//1079 776//776 1076//1076
f 1078//1078 1077//1077 1080//1080
f 1078//1078 1080//1080 1081//1081
f 778//778 1080//1080 773//773
f 773//773 1080//1080 1077//1077
f 1079//1079 781//781 776//776
f 1082//1082 781//781 1079//1079
f 1081//1081 1080//1080 1083//1083
f 1081//1081 1083//1083 1084//1084
f 783//783 1083//1083 778//778
f 778//778 1083//1083 1080//1080
f 1082//1082 786//786 781//781
f 1085//1085 786//786 1082//1082
f 1084//1084 1083//1083 788//788
f 789//789 1084//1084 788//788
f 1086//1086 1084//1084 789//789
f 788//788 1083//1083 783//783
f 1085//1085 793//793 786//786
f 1087//1087 793//793 1085//1085
f 795//795 1086//1086 789//789
f 795//795 1088//1088 1086//1086
f 1087//1087 799//799 793//793
f 1089//1089 799//799 1087//1087
f 801//801 1088//1088 795//795
f 801//801 1090//1090 1088//1088
f 1089//1089 805//805 799//799
f 1091//1091 805//805 1089//1089
f 807//807 1090//1090 801//801
f 807//807 1092//1092 1090//1090
f 1091//1091 811//811 805//805
f 1093//1093 811//811 1091//1091
f 813//813 1092//1092 807//807
f 813//813 1094//1094 1092//1092
f 1093//1093 816//816 811//811
f 1095//1095 816//816 1093//1093
f 818//818 1094//1094 813//813
f 818//818 1096//1096 1094//1094
f 1095//1095 821//821 816//816
f 1097//1097 821//821 1095//1095
f 823//823 1096//1096 818//818
f 823//823 1098//1098 1096//1096
f 1097//1097 826//826 821//821
f 1099//1099 826//826 1097//1097
f 828//828 1098//1098 823//823
f 828//828 1100//1100 1098//1098
f 1102//1102 830//830 1101//1101
f 830//830 1099//1099 1101//1101
f 830//830 826//826 1099//1099
f 1103//1103 1102//1102 1101//1101
f 832//832 1100//1100 828//828
f 832//832 1104//1104 1100//1100
f 1105//1105 834//834 1102//1102
f 1102//1102 834//834 830//830
f 1102//1102 1103//1103 1106//1106
f 1102//1102 1106//1106 1105//1105
f 836//836 1104//1104 832//832
f 836//836 1107//1107 1104//1104
f 1108//1108 838//838 1105//1105
f 1105//1105 838//838 834//834
f 1105//1105 1106//1106 1109//1109
f 1105//1105 1109//1109 1108//1108
f 840//840 1107//1107 836//836
f 840//840 1110//1110 1107//1107
f 1111//1111 842//842 1108//1108
f 1108//1108 842//842 838//838
f 1108//1108 1109//1109 1112//1112
f 1108//1108 1112//1112 1111//1111
f 1115//1115 1114//1114 1113//1113
f 1114//1114 1110//1110 1113//1113
f 1110//1110 844//844 1113//1113
f 1110//1110 840//840 844//844
f 1116//1116 846//846 1111//1111
f 1111//1111 846//846 842//842
f 1111//1111 1112//1112 1117//1117
f 1111//1111 1117//1117 1116//1116
f 1115//1115 1113//1113 1118//1118
f 1115//1115 1118//1118 1119//1119
f 848//848 1118//1118 844//844
f 844//844 1118//1118 1113//1113
f 1120//1120 850//850 1116//1116
f 1116//1116 850//850 846//846
f 1116//1116 1117//1117 1121//1121
f 1116//1116 1121//1121 1120//1120
f 1119//1119 1118//1118 1122//1122
f 1119//1119 1122//1122 1123//1123
f 852//852 1122//1122 848//848
f 848//848 1122//1122 1118//1118
f 1124//1124 854//854 1120//1120
f 1120//1120 854//854 850//850
f 1120//1120 1121//1121 1125//1125
f 1120//1120 1125//1125 1124//1124
f 1123//1123 1122//1122 1126//1126
f 1123//1123 1126//1126 1127//1127
f 856//856 1126//1126 852//852
f 852//852 1126//1126 1122//1122
f 1128//1128 858//858 1124//1124
f 1124//1124 858//858 854//854
f 1124//1124 1125//1125 1129//1129
f 1124//1124 1129//1129 1128//1128
f 1127//1127 1126//1126 1130//1130
f 1127//1127 1130//1130 1131//1131
f 860//860 1130//1130 856//856
f 856//856 1130//1130 1126//1126
f 1132//1132 862//862 1128//1128
f 1128//1128 862//862 858//858
f 1128//1128 1129//1129 1133//1133
f 1128//1128 1133//1133 1132//1132
f 1131//1131 1130//1130 1134//1134
f 1131//1131 1134//1134 1135//1135
f 864//864 1134//1134 860//860
f 860//860 1134//1134 1130//1130
f 1136//1136 865//865 1132//1132
f 1132//1132 865//865 862//862
f 1132//1132 1133//1133 1137//1137
f 1132//1132 1137//1137 1136//1136
f 1135//1135 1134//1134 1138//1138
f 1135//1135 1138//1138 1139//1139
f 867//867 1138//1138 864//864
f 864//864 1138//1138 1134//1134
f 1136//1136 868//868 865//865
f 870//870 868//868 1136//1136
f 1137//1137 870//870 1136//1136
f 1140//1140 870//870 1137//1137
f 1139//1139 1138//1138 1141//1141
f 1139//1139 1141//1141 1142//1142
f 871//871 1141//1141 867//867
f 867//867 1141//1141 1138//1138
f 1140//1140 873//873 870//870
f 1143//1143 873//873 1140//1140
f 1142//1142 1141//1141 1144//1144
f 1142//1142 1144//1144 1145//1145
f 874//874 1144//1144 871//871
f 871//871 1144//1144 1141//1141
f 1143//1143 876//876 873//873
f 1146//1146 876//876 1143//1143
f 1145//1145 1144//1144 878//878
f 879//879 1145//1145 878//878
f 1147//1147 1145//1145 879//879
f 878//878 1144//1144 874//874
f 1146//1146 881//881 876//876
f 1148//1148 881//881 1146//1146
f 883//883 1147//1147 879//879
f 883//883 1149//1149 1147//1147
f 1148//1148 885//885 881//881
f 1150//1150 885//885 1148//1148
f 887//887 1149//1149 883//883
f 887//887 1151//1151 1149//1149
f 1150//1150 889//889 885//885
f 1152//1152 889//889 1150//1150
f 891//891 1151//1151 887//887
f 891//891 1153//1153 1151//1151
f 1152//1152 893//893 889//889
f 1154//1154 893//893 1152//1152
f 895//895 1153//1153 891//891
f 895//895 1155//1155 1153//1153
f 1154//1154 897//897 893//893
f 1156//1156 897//897 1154//1154
f 899//899 1155//1155 895//895
f 899//899 1157//1157 1155//1155
f 1159//1159 901//901 1158//1158
f 901//901 1156//1156 1158//1158
f 901//901 897//897 1156//1156
f 1160//1160 1159//1159 1158//1158
f 903//903 1157//1157 899//899
f 903//903 1161//1161 1157//1157
f 1162//1162 904//904 1159//1159
f 1159//1159 904//904 901//901
f 1159//1159 1160//1160 1163//1163
f 1159//1159 1163//1163 1162//1162
f 1166//1166 1165//1165 1164//1164
f 1165//1165 1161//1161 1164//1164
f 1161//1161 906//906 1164//1164
f 1161//1161 903//903 906//906
f 1167//1167 907//907 1162//1162
f 1162//1162 907//907 904//904
f 1162//1162 1163//1163 1168//1168
f 1162//1162 1168//1168 1167//1167
f 1166//1166 1164//1164 1169//1169
f 1166//1166 1169//1169 1170//1170
f 908//908 1169//1169 906//906
f 906//906 1169//1169 1164//1164
f 1171//1171 909//909 1167//1167
f 1167//1167 909//909 907//907
f 1167//1167 1168//1168 1172//1172
f 1167//1167 1172//1172 1171//1171
f 1170//1170 1169//1169 1173//1173
f 1170//1170 1173//1173 1174//1174
f 910//910 1173//1173 908//908
f 908//908 1173//1173 1169//1169
f 1175//1175 911//911 1171//1171
f 1171//1171 911//911 909//909
f 1171//1171 1172//1172 1176//1176
f 1171//1171 1176//1176 1175//1175
f 1174//1174 1173//1173 1177//1177
f 1174//1174 1177//1177 1178//1178
f 912//912 1177//1177 910//910
f 910//910 1177//1177 1173//1173
f 1179//1179 913//913 1175//1175
f 1175//1175 913//913 911//911
f 1175//1175 1176//1176 1180//1180
f 1175//1175 1180//1180 1179//1179
f 1178//1178 1177//1177 1181//1181
f 1178//1178 1181//1181 1182//1182
f 914//914 1181//1181 912//912
f 912//912 1181//1181 1177//1177
f 1183//1183 915//915 1179//1179
f 1179//1179 915//915 913//913
f 1179//1179 1180//1180 1184//1184
f 1179//1179 1184//1184 1183//1183
f 1185//1185 1182//1182 1181//1181
f 1181//1181 914//914 1185//1185
f 914//914 1186//1186 1185//1185
f 914//914 917//917 1186//1186
f 1188//1188 1187//1187 1183//1183
f 1187//1187 915//915 1183//1183
f 1187//1187 919//919 915//915
f 1188//1188 1183//1183 1184//1184
f 1189//1189 1186//1186 917//917
f 1189//1189 917//917 920//920
f 920//920 922//922 1189//1189
f 1189//1189 922//922 1190//1190
f 1191//1191 926//926 927//927
f 1192//1192 1191//1191 927//927
f 919//919 1192//1192 927//927
f 1187//1187 1192//1192 919//919
f 1193//1193 1190//1190 922//922
f 1193//1193 922//922 928//928
f 1194//1194 928//928 929//929
f 1194//1194 1193//1193 928//928
f 1195//1195 929//929 930//930
f 1195//1195 1194//1194 929//929
f 1196//1196 930//930 931//931
f 1196//1196 1195//1195 930//930
f 1197//1197 931//931 932//932
f 1197//1197 1196//1196 931//931
f 1198//1198 932//932 933//933
f 1198//1198 1197//1197 932//932
f 1199//1199 933//933 934//934
f 1199//1199 1198//1198 933//933
f 934//934 926//926 1191//1191
f 1200//1200 934//934 1191//1191
f 1199//1199 934//934 1200//1200
f 1200//1200 1191//1191 1192//1192
f 1202//1202 1201//1201 936//936
f 1202//1202 936//936 937//937
f 936//936 1203//1203 938//938
f 1201//1201 1203//1203 936//936
f 938//938 1204//1204 939//939
f 1203//1203 1204//1204 938//938
f 939//939 1205//1205 940//940
f 1204//1204 1205//1205 939//939
f 940//940 1206//1206 941//941
f 1205//1205 1206//1206 940//940
f 941//941 1207//1207 942//942
f 1206//1206 1207//1207 941//941
f 942//942 1208//1208 944//944
f 1207//1207 1208//1208 942//942
f 945//945 944//944 1208//1208
f 945//945 1208//1208 1209//1209
f 946//946 1202//1202 937//937
f 946//946 1210//1210 1202//1202
f 1209//1209 947//947 945//945
f 1211//1211 947//947 1209//1209
f 948//948 1210//1210 946//946
f 948//948 1212//1212 1210//1210
f 1211//1211 949//949 947//947
f 1213//1213 949//949 1211//1211
f 950//950 1212//1212 948//948
f 950//950 1214//1214 1212//1212
f 1213//1213 951//951 949//949
f 1215//1215 951//951 1213//1213
f 952//952 1214//1214 950//950
f 952//952 1216//1216 1214//1214
f 1215//1215 953//953 951//951
f 1217//1217 953//953 1215//1215
f 954//954 1216//1216 952//952
f 954//954 1218//1218 1216//1216
f 1217//1217 955//955 953//953
f 1219//1219 955//955 1217//1217
f 956//956 1218//1218 954//954
f 956//956 1220//1220 1218//1218
f 1219//1219 957//957 955//955
f 1221//1221 957//957 1219//1219
f 958//958 1220//1220 956//956
f 958//958 1222//1222 1220//1220
f 1221//1221 959//959 957//957
f 1223//1223 959//959 1221//1221
f 960//960 1222//1222 958//958
f 960//960 1224//1224 1222//1222
f 1223//1223 961//961 959//959
f 1225//1225 961//961 1223//1223
f 962//962 1224//1224 960//960
f 962//962 1226//1226 1224//1224
f 1225//1225 963//963 961//961
f 1227//1227 963//963 1225//1225
f 964//964 1226//1226 962//962
f 964//964 1228//1228 1226//1226
f 1227//1227 965//965 963//963
f 1229//1229 965//965 1227//1227
f 966//966 1228//1228 964//964
f 966//966 1230//1230 1228//1228
f 1229//1229 967//967 965//965
f 1231//1231 967//967 1229//1229
f 968//968 1230//1230 966//966
f 968//968 1232//1232 1230//1230
f 1231//1231 969//969 967//967
f 1233//1233 969//969 1231//1231
f 971//971 1232//1232 968//968
f 971//971 1234//1234 1232//1232
f 1233//1233 972//972 969//969
f 1235//1235 972//972 1233//1233
f 974//974 1234//1234 971//971
f 974//974 1236//1236 1234//1234
f 1235//1235 975//975 972//972
f 1237//1237 975//975 1235//1235
f 977//977 1236//1236 974//974
f 977//977 1238//1238 1236//1236
f 1237//1237 978//978 975//975
f 1239//1239 978//978 1237//1237
f 980//980 1238//1238 977//977
f 980//980 1240//1240 1238//1238
f 1239//1239 981//981 978//978
f 1241//1241 981//981 1239//1239
f 983//983 1240//1240 980//980
f 983//983 1242//1242 1240//1240
f 1241//1241 984//984 981//981
f 1243//1243 984//984 1241//1241
f 986//986 1242//1242 983//983
f 986//986 1244//1244 1242//1242
f 1243//1243 987//987 984//984
f 1245//1245 987//987 1243//1243
f 989//989 1244//1244 986//986
f 989//989 1246//1246 1244//1244
f 1245//1245 990//990 987//987
f 1247//1247 990//990 1245//1245
f 992//992 1246//1246 989//989
f 992//992 1248//1248 1246//1246
f 1247//1247 994//994 990//990
f 1249//1249 994//994 1247//1247
f 996//996 1248//1248 992//992
f 996//996 1250//1250 1248//1248
f 1249//1249 998//998 994//994
f 1251//1251 998//998 1249//1249
f 1000//1000 1250//1250 996//996
f 1000//1000 1252//1252 1250//1250
f 1251//1251 1002//1002 998//998
f 1253//1253 1002//1002 1251//1251
f 1004//1004 1252//1252 1000//1000
f 1004//1004 1254//1254 1252//1252
f 1253//1253 1006//1006 1002//1002
f 1255//1255 1006//1006 1253//1253
f 1008//1008 1254//1254 1004//1004
f 1008//1008 1256//1256 1254//1254
f 1255//1255 1010//1010 1006//1006
f 1257//1257 1010//1010 1255//1255
f 1012//1012 1256//1256 1008//1008
f 1012//1012 1258//1258 1256//1256
f 1257//1257 1014//1014 1010//1010
f 1259//1259 1014//1014 1257//1257
f 1016//1016 1258//1258 1012//1012
f 1016//1016 1260//1260 1258//1258
f 1259//1259 1018//1018 1014//1014
f 1261//1261 1018//1018 1259//1259
f 1020//1020 1260//1260 1016//1016
f 1020//1020 1262//1262 1260//1260
f 1261//1261 1022//1022 1018//1018
f 1263//1263 1022//1022 1261//1261
f 1024//1024 1262//1262 1020//1020
f 1024//1024 1264//1264 1262//1262
f 1263//1263 1026//1026 1022//1022
f 1265//1265 1026//1026 1263//1263
f 1028//1028 1264//1264 1024//1024
f 1028//1028 1266//1266 1264//1264
f 1265//1265 1030//1030 1026//1026
f 1267//1267 1030//1030 1265//1265
f 1032//1032 1266//1266 1028//1028
f 1032//1032 1268//1268 1266//1266
f 1267//1267 1034//1034 1030//1030
f 1269//1269 1034//1034 1267//1267
f 1036//1036 1268//1268 1032//1032
f 1036//1036 1270//1270 1268//1268
f 1269//1269 1038//1038 1034//1034
f 1271//1271 1038//1038 1269//1269
f 1040//1040 1270//1270 1036//1036
f 1040//1040 1272//1272 1270//1270
f 1271//1271 1042//1042 1038//1038
f 1273//1273 1042//1042 1271//1271
f 1044//1044 1272//1272 1040//1040
f 1044//1044 1274//1274 1272//1272
f 1273//1273 1046//1046 1042//1042
f 1275//1275 1046//1046 1273//1273
f 1048//1048 1274//1274 1044//1044
f 1048//1048 1276//1276 1274//1274
f 1275//1275 1050//1050 1046//1046
f 1277//1277 1050//1050 1275//1275
f 1052//1052 1276//1276 1048//1048
f 1052//1052 1278//1278 1276//1276
f 1277//1277 1054//1054 1050//1050
f 1279//1279 1054//1054 1277//1277
f 1056//1056 1278//1278 1052//1052
f 1056//1056 1280//1280 1278//1278
f 1279//1279 1058//1058 1054//1054
f 1281//1281 1058//1058 1279//1279
f 1060//1060 1280//1280 1056//1056
f 1060//1060 1282//1282 1280//1280
f 1281//1281 1062//1062 1058//1058
f 1283//1283 1062//1062 1281//1281
f 1064//1064 1282//1282 1060//1060
f 1064//1064 1284//1284 1282//1282
f 1283//1283 1066//1066 1062//1062
f 1285//1285 1066//1066 1283//1283
f 1068//1068 1284//1284 1064//1064
f 1068//1068 1286//1286 1284//1284
f 1285//1285 1070//1070 1066//1066
f 1287//1287 1070//1070 1285//1285
f 1072//1072 1286//1286 1068//1068
f 1072//1072 1288//1288 1286//1286
f 1287//1287 1073//1073 1070//1070
f 1289//1289 1073//1073 1287//1287
f 1075//1075 1288//1288 1072//1072
f 1075//1075 1290//1290 1288//1288
f 1289//1289 1076//1076 1073//1073
f 1291//1291 1076//1076 1289//1289
f 1078//1078 1290//1290 1075//1075
f 1078//1078 1292//1292 1290//1290
f 1291//1291 1079//1079 1076//1076
f 1293//1293 1079//1079 1291//1291
f 1081//1081 1292//1292 1078//1078
f 1081//1081 1294//1294 1292//1292
f 1293//1293 1082//1082 1079//1079
f 1295//1295 1082//1082 1293//1293
f 1084//1084 1294//1294 1081//1081
f 1084//1084 1296//1296 1294//1294
f 1295//1295 1085//1085 1082//1082
f 1297//1297 1085//1085 1295//1295
f 1086//1086 1296//1296 1084//1084
f 1086//1086 1298//1298 1296//1296
f 1297//1297 1087//1087 1085//1085
f 1299//1299 1087//1087 1297//1297
f 1088//1088 1298//1298 1086//1086
f 1088//1088 1300//1300 1298//1298
f 1299//1299 1089//1089 1087//1087
f 1301//1301 1089//1089 1299//1299
f 1090//1090 1300//1300 1088//1088
f 1090//1090 1302//1302 1300//1300
f 1304//1304 1091//1091 1303//1303
f 1091//1091 1301//1301 1303//1303
f 1091//1091 1089//1089 1301//1301
f 1305//1305 1304//1304 1303//1303
f 1092//1092 1302//1302 1090//1090
f 1092//1092 1306//1306 1302//1302
f 1307//1307 1093//1093 1304//1304
f 1304//1304 1093//1093 1091//1091
f 1304//1304 1305//1305 1308//1308
f 1304//1304 1308//1308 1307//1307
f 1094//1094 1306//1306 1092//1092
f 1094//1094 1309//1309 1306//1306
f 1310//1310 1095//1095 1307//1307
f 1307//1307 1095//1095 1093//1093
f 1307//1307 1308//1308 1311//1311
f 1307//1307 1311//1311 1310//1310
f 1096//1096 1309//1309 1094//1094
f 1096//1096 1312//1312 1309//1309
f 1313//1313 1097//1097 1310//1310
f 1310//1310 1097//1097 1095//1095
f 1310//1310 1311//1311 1314//1314
f 1310//1310 1314//1314 1313//1313
f 1098//1098 1312//1312 1096//1096
f 1098//1098 1315//1315 1312//1312
f 1316//1316 1099//1099 1313//1313
f 1313//1313 1099//1099 1097//1097
f 1313//1313 1314//1314 1317//1317
f 1313//1313 1317//1317 1316//1316
f 1100//1100 1315//1315 1098//1098
f 1100//1100 1318//1318 1315//1315
f 1316//1316 1101//1101 1099//1099
f 1103//1103 1101//1101 1316//1316
f 1317//1317 1103//1103 1316//1316
f 1319//1319 1103//1103 1317//1317
f 1322//1322 1321//1321 1320//1320
f 1321//1321 1318//1318 1320//1320
f 1318//1318 1104//1104 1320//1320
f 1318//1318 1100//1100 1104//1104
f 1319//1319 1106//1106 1103//1103
f 1323//1323 1106//1106 1319//1319
f 1322//1322 1320//1320 1324//1324
f 1322//1322 1324//1324 1325//1325
f 1107//1107 1324//1324 1104//1104
f 1104//1104 1324//1324 1320//1320
f 1323//1323 1109//1109 1106//1106
f 1326//1326 1109//1109 1323//1323
f 1325//1325 1324//1324 1327//1327
f 1325//1325 1327//1327 1328//1328
f 1110//1110 1327//1327 1107//1107
f 1107//1107 1327//1327 1324//1324
f 1326//1326 1112//1112 1109//1109
f 1329//1329 1112//1112 1326//1326
f 1328//1328 1327//1327 1114//1114
f 1115//1115 1328//1328 1114//1114
f 1330//1330 1328//1328 1115//1115
f 1114//1114 1327//1327 1110//1110
f 1329//1329 1117//1117 1112//1112
f 1331//1331 1117//1117 1329//1329
f 1119//1119 1330//1330 1115//1115
f 1119//1119 1332//1332 1330//1330
f 1331//1331 1121//1121 1117//1117
f 1333//1333 1121//1121 1331//1331
f 1123//1123 1332//1332 1119//1119
f 1123//1123 1334//1334 1332//1332
f 1333//1333 1125//1125 1121//1121
f 1335//1335 1125//1125 1333//1333
f 1127//1127 1334//1334 1123//1123
f 1127//1127 1336//1336 1334//1334
f 1335//1335 1129//1129 1125//1125
f 1337//1337 1129//1129 1335//1335
f 1131//1131 1336//1336 1127//1127
f 1131//1131 1338//1338 1336//1336
f 1337//1337 1133//1133 1129//1129
f 1339//1339 1133//1133 1337//1337
f 1135//1135 1338//1338 1131//1131
f 1135//1135 1340//1340 1338//1338
f 1339//1339 1137//1137 1133//1133
f 1341//1341 1137//1137 1339//1339
f 1139//1139 1340//1340 1135//1135
f 1139//1139 1342//1342 1340//1340
f 1341//1341 1140//1140 1137//1137
f 1343//1343 1140//1140 1341//1341
f 1142//1142 1342//1342 1139//1139
f 1142//1142 1344//1344 1342//1342
f 1343//1343 1143//1143 1140//1140
f 1345//1345 1143//1143 1343//1343
f 1145//1145 1344//1344 1142//1142
f 1145//1145 1346//1346 1344//1344
f 1345//1345 1146//1146 1143//1143
f 1347//1347 1146//1146 1345//1345
f 1147//1147 1346//1346 1145//1145
f 1147//1147 1348//1348 1346//1346
f 1347//1347 1148//1148 1146//1146
f 1349//1349 1148//1148 1347//1347
f 1149//1149 1348//1348 1147//1147
f 1149//1149 1350//1350 1348//1348
f 1349//1349 1150//1150 1148//1148
f 1351//1351 1150//1150 1349//1349
f 1151//1151 1350//1350 1149//1149
f 1151//1151 1352//1352 1350//1350
f 1351//1351 1152//1152 1150//1150
f 1353//1353 1152//1152 1351//1351
f 1153//1153 1352//1352 1151//1151
f 1153//1153 1354//1354 1352//1352
f 1353//1353 1154//1154 1152//1152
f 1355//1355 1154//1154 1353//1353
f 1155//1155 1354//1354 1153//1153
f 1155//1155 1356//1356 1354//1354
f 1358//1358 1156//1156 1357//1357
f 1156//1156 1355//1355 1357//1357
f 1156//1156 1154//1154 1355//1355
f 1359//1359 1358//1358 1357//1357
f 1362//1362 1361//1361 1360//1360
f 1361//1361 1356//1356 1360//1360
f 1356//1356 1157//1157 1360//1360
f 1356//1356 1155//1155 1157//1157
f 1358//1358 1158//1158 1156//1156
f 1160//1160 1158//1158 1358//1358
f 1359//1359 1160//1160 1358//1358
f 1363//1363 1160//1160 1359//1359
f 1362//1362 1360//1360 1364//1364
f 1362//1362 1364//1364 1365//1365
f 1161//1161 1364//1364 1157//1157
f 1157//1157 1364//1364 1360//1360
f 1363//1363 1163//1163 1160//1160
f 1366//1366 1163//1163 1363//1363
f 1365//1365 1364//1364 1165//1165
f 1166//1166 1365//1365 1165//1165
f 1367//1367 1365//1365 1166//1166
f 1165//1165 1364//1364 1161//1161
f 1366//1366 1168//1168 1163//1163
f 1368//1368 1168//1168 1366//1366
f 1170//1170 1367//1367 1166//1166
f 1170//1170 1369//1369 1367//1367
f 1368//1368 1172//1172 1168//1168
f 1370//1370 1172//1172 1368//1368
f 1174//1174 1369//1369 1170//1170
f 1174//1174 1371//1371 1369//1369
f 1370//1370 1176//1176 1172//1172
f 1372//1372 1176//1176 1370//1370
f 1178//1178 1371//1371 1174//1174
f 1178//1178 1373//1373 1371//1371
f 1372//1372 1180//1180 1176//1176
f 1374//1374 1180//1180 1372//1372
f 1182//1182 1373//1373 1178//1178
f 1182//1182 1375//1375 1373//1373
f 1374//1374 1184//1184 1180//1180
f 1376//1376 1184//1184 1374//1374
f 1182//1182 1185//1185 1377//1377
f 1378//1378 1182//1182 1377//1377
f 1375//1375 1182//1182 1378//1378
f 1186//1186 1377//1377 1185//1185
f 1379//1379 1187//1187 1188//1188
f 1380//1380 1379//1379 1188//1188
f 1184//1184 1380//1380 1188//1188
f 1376//1376 1380//1380 1184//1184
f 1381//1381 1378//1378 1377//1377
f 1383//1383 1381//1381 1382//1382
f 1382//1382 1381//1381 1189//1189
f 1381//1381 1377//1377 1189//1189
f 1377//1377 1186//1186 1189//1189
f 1190//1190 1382//1382 1189//1189
f 1385//1385 1384//1384 1379//1379
f 1384//1384 1187//1187 1379//1379
f 1384//1384 1192//1192 1187//1187
f 1385//1385 1379//1379 1380//1380
f 1386//1386 1383//1383 1382//1382
f 1386//1386 1382//1382 1190//1190
f 1193//1193 1386//1386 1190//1190
f 1387//1387 1386//1386 1193//1193
f 1388//1388 1193//1193 1194//1194
f 1388//1388 1387//1387 1193//1193
f 1389//1389 1194//1194 1195//1195
f 1389//1389 1388//1388 1194//1194
f 1390//1390 1195//1195 1196//1196
f 1390//1390 1389//1389 1195//1195
f 1391//1391 1196//1196 1197//1197
f 1391//1391 1390//1390 1196//1196
f 1392//1392 1197//1197 1198//1198
f 1392//1392 1391//1391 1197//1197
f 1393//1393 1198//1198 1199//1199
f 1393//1393 1392//1392 1198//1198
f 1394//1394 1199//1199 1200//1200
f 1394//1394 1393//1393 1199//1199
f 1200//1200 1192//1192 1384//1384
f 1200//1200 1384//1384 1394//1394
f 1396//1396 1395//1395 1201//1201
f 1396//1396 1201//1201 1202//1202
f 1201//1201 1397//1397 1203//1203
f 1395//1395 1397//1397 1201//1201
f 1203//1203 1398//1398 1204//1204
f 1397//1397 1398//1398 1203//1203
f 1204//1204 1399//1399 1205//1205
f 1398//1398 1399//1399 1204//1204
f 1205//1205 1400//1400 1206//1206
f 1399//1399 1400//1400 1205//1205
f 1206//1206 1401//1401 1207//1207
f 1400//1400 1401//1401 1206//1206
f 1207//1207 1402//1402 1208//1208
f 1401//1401 1402//1402 1207//1207
f 1209//1209 1208//1208 1402//1402
f 1209//1209 1402//1402 1403//1403
f 1210//1210 1396//1396 1202//1202
f 1210//1210 1404//1404 1396//1396
f 1403//1403 1211//1211 1209//1209
f 1405//1405 1211//1211 1403//1403
f 1212//1212 1404//1404 1210//1210
f 1212//1212 1406//1406 1404//1404
f 1405//1405 1213//1213 1211//1211
f 1407//1407 1213//1213 1405//1405
f 1214//1214 1406//1406 1212//1212
f 1214//1214 1408//1408 1406//1406
f 1407//1407 1215//1215 1213//1213
f 1409//1409 1215//1215 1407//1407
f 1216//1216 1408//1408 1214//1214
f 1216//1216 1410//1410 1408//1408
f 1409//1409 1217//1217 1215//1215
f 1411//1411 1217//1217 1409//1409
f 1218//1218 1410//1410 1216//1216
f 1218//1218 1412//1412 1410//1410
f 1411//1411 1219//1219 1217//1217
f 1413//1413 1219//1219 1411//1411
f 1220//1220 1412//1412 1218//1218
f 1220//1220 1414//1414 1412//1412
f 1413//1413 1221//1221 1219//1219
f 1415//1415 1221//1221 1413//1413
f 1222//1222 1414//1414 1220//1220
f 1222//1222 1416//1416 1414//1414
f 1415//1415 1223//1223 1221//1221
f 1417//1417 1223//1223 1415//1415
f 1224//1224 1416//1416 1222//1222
f 1224//1224 1418//1418 1416//1416
f 1417//1417 1225//1225 1223//1223
f 1419//1419 1225//1225 1417//1417
f 1226//1226 1418//1418 1224//1224
f 1226//1226 1420//1420 1418//1418
f 1419//1419 1227//1227 1225//1225
f 1421//1421 1227//1227 1419//1419
f 1228//1228 1420//1420 1226//1226
f 1228//1228 1422//1422 1420//1420
f 1421//1421 1229//1229 1227//1227
f 1423//1423 1229//1229 1421//1421
f 1230//1230 1422//1422 1228//1228
f 1230//1230 1424//1424 1422//1422
f 1423//1423 1231//1231 1229//1229
f 1425//1425 1231//1231 1423//1423
f 1232//1232 1424//1424 1230//1230
f 1232//1232 1426//1426 1424//1424
f 1425//1425 1233//1233 1231//1231
f 1427//1427 1233//1233 1425//1425
f 1234//1234 1426//1426 1232//1232
f 1234//1234 1428//1428 1426//1426
f 1427//1427 1235//1235 1233//1233
f 1429//1429 1235//1235 1427//1427
f 1236//1236 1428//1428 1234//1234
f 1236//1236 1430//1430 1428//1428
f 1429//1429 1237//1237 1235//1235
f 1431//1431 1237//1237 1429//1429
f 1238//1238 1430//1430 1236//1236
f 1238//1238 1432//1432 1430//1430
f 1431//1431 1239//1239 1237//1237
f 1433//1433 1239//1239 1431//1431
f 1240//1240 1432//1432 1238//1238
f 1240//1240 1434//1434 1432//1432
f 1433//1433 1241//1241 1239//1239
f 1435//1435 1241//1241 1433//1433
f 1242//1242 1434//1434 1240//1240
f 1242//1242 1436//1436 1434//1434
f 1435//1435 1243//1243 1241//1241
f 1437//1437 1243//1243 1435//1435
f 1244//1244 1436//1436 1242//1242
f 1244//1244 1438//1438 1436//1436
f 1437//1437 1245//1245 1243//1243
f 1439//1439 1245//1245 1437//1437
f 1246//1246 1438//1438 1244//1244
f 1246//1246 1440//1440 1438//1438
f 1439//1439 1247//1247 1245//1245
f 1441//1441 1247//1247 1439//1439
f 1248//1248 1440//1440 1246//1246
f 1248//1248 1442//1442 1440//1440
f 1441//1441 1249//1249 1247//1247
f 1443//1443 1249//1249 1441//1441
f 1250//1250 1442//1442 1248//1248
f 1250//1250 1444//1444 1442//1442
f 1443//1443 1251//1251 1249//1249
f 1445//1445 1251//1251 1443//1443
f 1252//1252 1444//1444 1250//1250
f 1252//1252 1446//1446 1444//1444
f 1445//1445 1253//1253 1251//1251
f 1447//1447 1253//1253 1445//1445
f 1254//1254 1446//1446 1252//1252
f 1254//1254 1448//1448 1446//1446
f 1447//1447 1255//1255 1253//1253
f 1449//1449 1255//1255 1447//1447
f 1256//1256 1448//1448 1254//1254
f 1256//1256 1450//1450 1448//1448
f 1449//1449 1257//1257 1255//1255
f 1451//1451 1257//1257 1449//1449
f 1258//1258 1450//1450 1256//1256
f 1258//1258 1452//1452 1450//1450
f 1451//1451 1259//1259 1257//1257
f 1453//1453 1259//1259 1451//1451
f 1260//1260 1452//1452 1258//1258
f 1260//1260 1454//1454 1452//1452
f 1453//1453 1261//1261 1259//1259
f 1455//1455 1261//1261 1453//1453
f 1262//1262 1454//1454 1260//1260
f 1262//1262 1456//1456 1454//1454
f 1455//1455 1263//1263 1261//1261
f 1457//1457 1263//1263 1455//1455
f 1264//1264 1456//1456 1262//1262
f 1264//1264 1458//1458 1456//1456
f 1457//1457 1265//1265 1263//1263
f 1459//1459 1265//1265 1457//1457
f 1266//1266 1458//1458 1264//1264
f 1266//1266 1460//1460 1458//1458
f 1459//1459 1267//1267 1265//1265
f 1461//1461 1267//1267 1459//1459
f 1268//1268 1460//1460 1266//1266
f 1268//1268 1462//1462 1460//1460
f 1461//1461 1269//1269 1267//1267
f 1463//1463 1269//1269 1461//1461
f 1270//1270 1462//1462 1268//1268
f 1270//1270 1464//1464 1462//1462
f 1463//1463 1271//1271 1269//1269
f 1465//1465 1271//1271 1463//1463
f 1272//1272 1464//1464 1270//1270
f 1272//1272 1466//1466 1464//1464
f 1465//1465 1273//1273 1271//1271
f 1467//1467 1273//1273 1465//1465
f 1274//1274 1466//1466 1272//1272
f 1274//1274 1468//1468 1466//1466
f 1467//1467 1275//1275 1273//1273
f 1469//1469 1275//1275 1467//1467
f 1276//1276 1468//1468 1274//1274
f 1276//1276 1470//1470 1468//1468
f 1469//1469 1277//1277 1275//1275
f 1471//1471 1277//1277 1469//1469
f 1278//1278 1470//1470 1276//1276
f 1278//1278 1472//1472 1470//1470
f 1471//1471 1279//1279 1277//1277
f 1473//1473 1279//1279 1471//1471
f 1280//1280 1472//1472 1278//1278
f 1280//1280 1474//1474 1472//1472
f 1473//1473 1281//1281 1279//1279
f 1475//1475 1281//1281 1473//1473
f 1282//1282 1474//1474 1280//1280
f 1282//1282 1476//1476 1474//1474
f 1475//1475 1283//1283 1281//1281
f 1477//1477 1283//1283 1475//1475
f 1284//1284 1476//1476 1282//1282
f 1284//1284 1478//1478 1476//1476
f 1477//1477 1285//1285 1283//1283
f 1479//1479 1285//1285 1477//1477
f 1286//1286 1478//1478 1284//1284
f 1286//1286 1480//1480 1478//1478
f 1479//1479 1287//1287 1285//1285
f 1481//1481 1287//1287 1479//1479
f 1288//1288 1480//1480 1286//1286
f 1288//1288 1482//1482 1480//1480
f 1481//1481 1289//1289 1287//1287
f 1483//1483 1289//1289 1481//1481
f 1290//1290 1482//1482 1288//1288
f 1290//1290 1484//1484 1482//1482
f 1483//1483 1291//1291 1289//1289
f 1485//1485 1291//1291 1483//1483
f 1292//1292 1484//1484 1290//1290
f 1292//1292 1486//1486 1484//1484
f 1485//1485 1293//1293 1291//1291
f 1487//1487 1293//1293 1485//1485
f 1294//1294 1486//1486 1292//1292
f 1294//1294 1488//1488 1486//1486
f 1487//1487 1295//1295 1293//1293
f 1489//1489 1295//1295 1487//1487
f 1296//1296 1488//1488 1294//1294
f 1296//1296 1490//1490 1488//1488
f 1489//1489 1297//1297 1295//1295
f 1491//1491 1297//1297 1489//1489
f 1298//1298 1490//1490 1296//1296
f 1298//1298 1492//1492 1490//1490
f 1491//1491 1299//1299 1297//1297
f 1493//1493 1299//1299 1491//1491
f 1300//1300 1492//1492 1298//1298
f 1300//1300 1494//1494 1492//1492
f 1493//1493 1301//1301 1299//1299
f 1495//1495 1301//1301 1493//1493
f 1302//1302 1494//1494 1300//1300
f 1302//1302 1496//1496 1494//1494
f 1303//1303 1301//1301 1497//1497
f 1301//1301 1498//1498 1497//1497
f 1301//1301 1495//1495 1498//1498
f 1497//1497 1305//1305 1303//1303
f 1306//1306 1496//1496 1302//1302
f 1306//1306 1499//1499 1496//1496
f 1497//1497 1498//1498 1500//1500
f 1500//1500 1498//1498 1501//1501
f 1500//1500 1308//1308 1305//1305
f 1500//1500 1305//1305 1497//1497
f 1309//1309 1499//1499 1306//1306
f 1309//1309 1502//1502 1499//1499
f 1500//1500 1501//1501 1503//1503
f 1503//1503 1501//1501 1504//1504
f 1503//1503 1311//1311 1308//1308
f 1503//1503 1308//1308 1500//1500
f 1312//1312 1502//1502 1309//1309
f 1312//1312 1505//1505 1502//1502
f 1503//1503 1504//1504 1506//1506
f 1506//1506 1504//1504 1507//1507
f 1506//1506 1314//1314 1311//1311
f 1506//1506 1311//1311 1503//1503
f 1315//1315 1505//1505 1312//1312
f 1315//1315 1508//1508 1505//1505
f 1506//1506 1507//1507 1509//1509
f 1509//1509 1507//1507 1510//1510
f 1509//1509 1317//1317 1314//1314
f 1509//1509 1314//1314 1506//1506
f 1318//1318 1508//1508 1315//1315
f 1318//1318 1511//1511 1508//1508
f 1510//1510 1512//1512 1509//1509
f 1317//1317 1509//1509 1512//1512
f 1513//1513 1317//1317 1512//1512
f 1319//1319 1317//1317 1513//1513
f 1322//1322 1514//1514 1321//1321
f 1514//1514 1515//1515 1321//1321
f 1515//1515 1318//1318 1321//1321
f 1515//1515 1511//1511 1318//1318
f 1513//1513 1323//1323 1319//1319
f 1516//1516 1323//1323 1513//1513
f 1325//1325 1517//1517 1514//1514
f 1325//1325 1514//1514 1322//1322
f 1515//1515 1514//1514 1518//1518
f 1518//1518 1514//1514 1517//1517
f 1516//1516 1326//1326 1323//1323
f 1519//1519 1326//1326 1516//1516
f 1328//1328 1520//1520 1517//1517
f 1328//1328 1517//1517 1325//1325
f 1518//1518 1517//1517 1521//1521
f 1521//1521 1517//1517 1520//1520
f 1519//1519 1329//1329 1326//1326
f 1522//1522 1329//1329 1519//1519
f 1524//1524 1523//1523 1520//1520
f 1328//1328 1524//1524 1520//1520
f 1330//1330 1524//1524 1328//1328
f 1520//1520 1523//1523 1521//1521
f 1522//1522 1331//1331 1329//1329
f 1525//1525 1331//1331 1522//1522
f 1332//1332 1524//1524 1330//1330
f 1332//1332 1526//1526 1524//1524
f 1525//1525 1333//1333 1331//1331
f 1527//1527 1333//1333 1525//1525
f 1334//1334 1526//1526 1332//1332
f 1334//1334 1528//1528 1526//1526
f 1527//1527 1335//1335 1333//1333
f 1529//1529 1335//1335 1527//1527
f 1336//1336 1528//1528 1334//1334
f 1336//1336 1530//1530 1528//1528
f 1529//1529 1337//1337 1335//1335
f 1531//1531 1337//1337 1529//1529
f 1338//1338 1530//1530 1336//1336
f 1338//1338 1532//1532 1530//1530
f 1531//1531 1339//1339 1337//1337
f 1533//1533 1339//1339 1531//1531
f 1340//1340 1532//1532 1338//1338
f 1340//1340 1534//1534 1532//1532
f 1533//1533 1341//1341 1339//1339
f 1535//1535 1341//1341 1533//1533
f 1342//1342 1534//1534 1340//1340
f 1342//1342 1536//1536 1534//1534
f 1535//1535 1343//1343 1341//1341
f 1537//1537 1343//1343 1535//1535
f 1344//1344 1536//1536 1342//1342
f 1344//1344 1538//1538 1536//1536
f 1537//1537 1345//1345 1343//1343
f 1539//1539 1345//1345 1537//1537
f 1346//1346 1538//1538 1344//1344
f 1346//1346 1540//1540 1538//1538
f 1539//1539 1347//1347 1345//1345
f 1541//1541 1347//1347 1539//1539
f 1348//1348 1540//1540 1346//1346
f 1348//1348 1542//1542 1540//1540
f 1541//1541 1349//1349 1347//1347
f 1543//1543 1349//1349 1541//1541
f 1350//1350 1542//1542 1348//1348
f 1350//1350 1544//1544 1542//1542
f 1543//1543 1351//1351 1349//1349
f 1545//1545 1351//1351 1543//1543
f 1352//1352 1544//1544 1350//1350
f 1352//1352 1546//1546 1544//1544
f 1545//1545 1353//1353 1351//1351
f 1547//1547 1353//1353 1545//1545
f 1354//1354 1546//1546 1352//1352
f 1354//1354 1548//1548 1546//1546
f 1547//1547 1355//1355 1353//1353
f 1549//1549 1355//1355 1547//1547
f 1356//1356 1548//1548 1354//1354
f 1356//1356 1550//1550 1548//1548
f 1549//1549 1551//1551 1355//1355
f 1355//1355 1551//1551 1357//1357
f 1359//1359 1357//1357 1551//1551
f 1359//1359 1551//1551 1552//1552
f 1554//1554 1553//1553 1361//1361
f 1554//1554 1361//1361 1362//1362
f 1356//1356 1361//1361 1550//1550
f 1550//1550 1361//1361 1553//1553
f 1552//1552 1363//1363 1359//1359
f 1555//1555 1363//1363 1552//1552
f 1365//1365 1554//1554 1362//1362
f 1365//1365 1556//1556 1554//1554
f 1555//1555 1366//1366 1363//1363
f 1557//1557 1366//1366 1555//1555
f 1367//1367 1556//1556 1365//1365
f 1367//1367 1558//1558 1556//1556
f 1557//1557 1368//1368 1366//1366
f 1559//1559 1368//1368 1557//1557
f 1369//1369 1558//1558 1367//1367
f 1369//1369 1560//1560 1558//1558
f 1559//1559 1370//1370 1368//1368
f 1561//1561 1370//1370 1559//1559
f 1371//1371 1560//1560 1369//1369
f 1371//1371 1562//1562 1560//1560
f 1561//1561 1372//1372 1370//1370
f 1563//1563 1372//1372 1561//1561
f 1373//1373 1562//1562 1371//1371
f 1373//1373 1564//1564 1562//1562
f 1563//1563 1374//1374 1372//1372
f 1565//1565 1374//1374 1563//1563
f 1375//1375 1564//1564 1373//1373
f 1375//1375 1566//1566 1564//1564
f 1565//1565 1376//1376 1374//1374
f 1567//1567 1376//1376 1565//1565
f 1378//1378 1566//1566 1375//1375
f 1378//1378 1568//1568 1566//1566
f 1567//1567 1380//1380 1376//1376
f 1569//1569 1380//1380 1567//1567
f 1570//1570 1568//1568 1378//1378
f 1570//1570 1378//1378 1381//1381
f 1381//1381 1383//1383 1570//1570
f 1570//1570 1383//1383 1571//1571
f 1572//1572 1384//1384 1385//1385
f 1573//1573 1572//1572 1385//1385
f 1380//1380 1573//1573 1385//1385
f 1569//1569 1573//1573 1380//1380
f 1574//1574 1571//1571 1383//1383
f 1574//1574 1383//1383 1386//1386
f 1575//1575 1386//1386 1387//1387
f 1575//1575 1574//1574 1386//1386
f 1576//1576 1387//1387 1388//1388
f 1576//1576 1575//1575 1387//1387
f 1577//1577 1388//1388 1389//1389
f 1577//1577 1576//1576 1388//1388
f 1578//1578 1389//1389 1390//1390
f 1578//1578 1577//1577 1389//1389
f 1579//1579 1390//1390 1391//1391
f 1579//1579 1578//1578 1390//1390
f 1580//1580 1391//1391 1392//1392
f 1580//1580 1579//1579 1391//1391
f 1581//1581 1392//1392 1393//1393
f 1581//1581 1580//1580 1392//1392
f 1582//1582 1393//1393 1394//1394
f 1582//1582 1581//1581 1393//1393
f 1394//1394 1384//1384 1572//1572
f 1583//1583 1394//1394 1572//1572
f 1582//1582 1394//1394 1583//1583
f 1583//1583 1572//1572 1573//1573
f 1396//1396 1584//1584 1395//1395
f 1395//1395 1584//1584 1585//1585
f 1586//1586 1395//1395 1585//1585
f 1397//1397 1395//1395 1586//1586
f 1397//1397 1587//1587 1398//1398
f 1586//1586 1587//1587 1397//1397
f 1398//1398 1588//1588 1399//1399
f 1587//1587 1588//1588 1398//1398
f 1399//1399 1589//1589 1400//1400
f 1588//1588 1589//1589 1399//1399
f 1400//1400 1590//1590 1401//1401
f 1589//1589 1590//1590 1400//1400
f 1590//1590 1592//1592 1591//1591
f 1402//1402 1590//1590 1591//1591
f 1401//1401 1590//1590 1402//1402
f 1591//1591 1403//1403 1402//1402
f 1594//1594 1593//1593 1584//1584
f 1396//1396 1594//1594 1584//1584
f 1404//1404 1594//1594 1396//1396
f 1584//1584 1593//1593 1585//1585
f 1592//1592 1595//1595 1591//1591
f 1403//1403 1591//1591 1595//1595
f 1596//1596 1403//1403 1595//1595
f 1405//1405 1403//1403 1596//1596
f 1406//1406 1594//1594 1404//1404
f 1406//1406 1597//1597 1594//1594
f 1596//1596 1407//1407 1405//1405
f 1598//1598 1407//1407 1596//1596
f 1408//1408 1597//1597 1406//1406
f 1408//1408 1599//1599 1597//1597
f 1598//1598 1409//1409 1407//1407
f 1600//1600 1409//1409 1598//1598
f 1410//1410 1599//1599 1408//1408
f 1410//1410 1601//1601 1599//1599
f 1600//1600 1411//1411 1409//1409
f 1602//1602 1411//1411 1600//1600
f 1412//1412 1601//1601 1410//1410
f 1412//1412 1603//1603 1601//1601
f 1602//1602 1413//1413 1411//1411
f 1604//1604 1413//1413 1602//1602
f 1414//1414 1603//1603 1412//1412
f 1414//1414 1605//1605 1603//1603
f 1604//1604 1415//1415 1413//1413
f 1606//1606 1415//1415 1604//1604
f 1416//1416 1605//1605 1414//1414
f 1416//1416 1607//1607 1605//1605
f 1606//1606 1417//1417 1415//1415
f 1608//1608 1417//1417 1606//1606
f 1418//1418 1607//1607 1416//1416
f 1418//1418 1609//1609 1607//1607
f 1608//1608 1419//1419 1417//1417
f 1610//1610 1419//1419 1608//1608
f 1420//1420 1609//1609 1418//1418
f 1420//1420 1611//1611 1609//1609
f 1610//1610 1421//1421 1419//1419
f 1612//1612 1421//1421 1610//1610
f 1422//1422 1611//1611 1420//1420
f 1422//1422 1613//1613 1611//1611
f 1612//1612 1423//1423 1421//1421
f 1614//1614 1423//1423 1612//1612
f 1424//1424 1613//1613 1422//1422
f 1424//1424 1615//1615 1613//1613
f 1614//1614 1425//1425 1423//1423
f 1616//1616 1425//1425 1614//1614
f 1426//1426 1615//1615 1424//1424
f 1426//1426 1617//1617 1615//1615
f 1616//1616 1427//1427 1425//1425
f 1618//1618 1427//1427 1616//1616
f 1428//1428 1620//1620 1619//1619
f 1617//1617 1428//1428 1619//1619
f 1426//1426 1428//1428 1617//1617
f 1620//1620 1621//1621 1619//1619
f 1618//1618 1429//1429 1427//1427
f 1622//1622 1429//1429 1618//1618
f 1430//1430 1623//1623 1620//1620
f 1430//1430 1620//1620 1428//1428
f 1621//1621 1620//1620 1624//1624
f 1624//1624 1620//1620 1623//1623
f 1622//1622 1431//1431 1429//1429
f 1625//1625 1431//1431 1622//1622
f 1432//1432 1626//1626 1623//1623
f 1432//1432 1623//1623 1430//1430
f 1624//1624 1623//1623 1627//1627
f 1627//1627 1623//1623 1626//1626
f 1625//1625 1433//1433 1431//1431
f 1628//1628 1433//1433 1625//1625
f 1434//1434 1629//1629 1626//1626
f 1434//1434 1626//1626 1432//1432
f 1627//1627 1626//1626 1630//1630
f 1630//1630 1626//1626 1629//1629
f 1628//1628 1435//1435 1433//1433
f 1631//1631 1435//1435 1628//1628
f 1436//1436 1632//1632 1629//1629
f 1436//1436 1629//1629 1434//1434
f 1630//1630 1629//1629 1633//1633
f 1633//1633 1629//1629 1632//1632
f 1631//1631 1437//1437 1435//1435
f 1634//1634 1437//1437 1631//1631
f 1438//1438 1635//1635 1632//1632
f 1438//1438 1632//1632 1436//1436
f 1633//1633 1632//1632 1636//1636
f 1636//1636 1632//1632 1635//1635
f 1634//1634 1439//1439 1437//1437
f 1637//1637 1439//1439 1634//1634
f 1440//1440 1638//1638 1635//1635
f 1440//1440 1635//1635 1438//1438
f 1636//1636 1635//1635 1639//1639
f 1639//1639 1635//1635 1638//1638
f 1637//1637 1441//1441 1439//1439
f 1640//1640 1441//1441 1637//1637
f 1442//1442 1641//1641 1638//1638
f 1442//1442 1638//1638 1440//1440
f 1639//1639 1638//1638 1642//1642
f 1642//1642 1638//1638 1641//1641
f 1645//1645 1644//1644 1643//1643
f 1640//1640 1645//1645 1643//1643
f 1443//1443 1640//1640 1643//1643
f 1441//1441 1640//1640 1443//1443
f 1444//1444 1646//1646 1641//1641
f 1444//1444 1641//1641 1442//1442
f 1642//1642 1641//1641 1647//1647
f 1647//1647 1641//1641 1646//1646
f 1643//1643 1644//1644 1648//1648
f 1648//1648 1644//1644 1649//1649
f 1648//1648 1445//1445 1443//1443
f 1648//1648 1443//1443 1643//1643
f 1446//1446 1650//1650 1646//1646
f 1446//1446 1646//1646 1444//1444
f 1647//1647 1646//1646 1651//1651
f 1651//1651 1646//1646 1650//1650
f 1648//1648 1649//1649 1652//1652
f 1652//1652 1649//1649 1653//1653
f 1652//1652 1447//1447 1445//1445
f 1652//1652 1445//1445 1648//1648
f 1448//1448 1654//1654 1650//1650
f 1448//1448 1650//1650 1446//1446
f 1651//1651 1650//1650 1655//1655
f 1655//1655 1650//1650 1654//1654
f 1652//1652 1653//1653 1656//1656
f 1656//1656 1653//1653 1657//1657
f 1656//1656 1449//1449 1447//1447
f 1656//1656 1447//1447 1652//1652
f 1450//1450 1658//1658 1654//1654
f 1450//1450 1654//1654 1448//1448
f 1655//1655 1654//1654 1659//1659
f 1659//1659 1654//1654 1658//1658
f 1656//1656 1657//1657 1660//1660
f 1660//1660 1657//1657 1661//1661
f 1660//1660 1451//1451 1449//1449
f 1660//1660 1449//1449 1656//1656
f 1452//1452 1662//1662 1658//1658
f 1452//1452 1658//1658 1450//1450
f 1659//1659 1658//1658 1663//1663
f 1663//1663 1658//1658 1662//1662
f 1660//1660 1661//1661 1664//1664
f 1664//1664 1661//1661 1665//1665
f 1664//1664 1453//1453 1451//1451
f 1664//1664 1451//1451 1660//1660
f 1454//1454 1666//1666 1662//1662
f 1454//1454 1662//1662 1452//1452
f 1663//1663 1662//1662 1667//1667
f 1667//1667 1662//1662 1666//1666
f 1664//1664 1665//1665 1668//1668
f 1668//1668 1665//1665 1669//1669
f 1668//1668 1455//1455 1453//1453
f 1668//1668 1453//1453 1664//1664
f 1456//1456 1670//1670 1666//1666
f 1456//1456 1666//1666 1454//1454
f 1667//1667 1666//1666 1671//1671
f 1671//1671 1666//1666 1670//1670
f 1668//1668 1669//1669 1672//1672
f 1672//1672 1669//1669 1673//1673
f 1672//1672 1457//1457 1455//1455
f 1672//1672 1455//1455 1668//1668
f 1458//1458 1674//1674 1670//1670
f 1458//1458 1670//1670 1456//1456
f 1671//1671 1670//1670 1675//1675
f 1675//1675 1670//1670 1674//1674
f 1672//1672 1673//1673 1676//1676
f 1676//1676 1673//1673 1677//1677
f 1676//1676 1459//1459 1457//1457
f 1676//1676 1457//1457 1672//1672
f 1460//1460 1678//1678 1674//1674
f 1460//1460 1674//1674 1458//1458
f 1675//1675 1674//1674 1679//1679
f 1679//1679 1674//1674 1678//1678
f 1676//1676 1677//1677 1680//1680
f 1680//1680 1677//1677 1681//1681
f 1680//1680 1461//1461 1459//1459
f 1680//1680 1459//1459 1676//1676
f 1462//1462 1682//1682 1678//1678
f 1462//1462 1678//1678 1460//1460
f 1679//1679 1678//1678 1683//1683
f 1683//1683 1678//1678 1682//1682
f 1680//1680 1681//1681 1684//1684
f 1684//1684 1681//1681 1685//1685
f 1684//1684 1463//1463 1461//1461
f 1684//1684 1461//1461 1680//1680
f 1464//1464 1686//1686 1682//1682
f 1464//1464 1682//1682 1462//1462
f 1683//1683 1682//1682 1687//1687
f 1687//1687 1682//1682 1686//1686
f 1684//1684 1685//1685 1688//1688
f 1688//1688 1685//1685 1689//1689
f 1688//1688 1465//1465 1463//1463
f 1688//1688 1463//1463 1684//1684
f 1466//1466 1690//1690 1686//1686
f 1466//1466 1686//1686 1464//1464
f 1687//1687 1686//1686 1691//1691
f 1691//1691 1686//1686 1690//1690
f 1688//1688 1689//1689 1692//1692
f 1692//1692 1689//1689 1693//1693
f 1692//1692 1467//1467 1465//1465
f 1692//1692 1465//1465 1688//1688
f 1468//1468 1694//1694 1690//1690
f 1468//1468 1690//1690 1466//1466
f 1691//1691 1690//1690 1695//1695
f 1695//1695 1690//1690 1694//1694
f 1692//1692 1693//1693 1696//1696
f 1696//1696 1693//1693 1697//1697
f 1696//1696 1469//1469 1467//1467
f 1696//1696 1467//1467 1692//1692
f 1470//1470 1698//1698 1694//1694
f 1470//1470 1694//1694 1468//1468
f 1695//1695 1694//1694 1699//1699
f 1699//1699 1694//1694 1698//1698
f 1696//1696 1697//1697 1700//1700
f 1700//1700 1697//1697 1701//1701
f 1700//1700 1471//1471 1469//1469
f 1700//1700 1469//1469 1696//1696
f 1472//1472 1702//1702 1698//1698
f 1472//1472 1698//1698 1470//1470
f 1699//1699 1698//1698 1703//1703
f 1703//1703 1698//1698 1702//1702
f 1700//1700 1701//1701 1704//1704
f 1704//1704 1701//1701 1705//1705
f 1704//1704 1473//1473 1471//1471
f 1704//1704 1471//1471 1700//1700
f 1474//1474 1706//1706 1702//1702
f 1474//1474 1702//1702 1472//1472
f 1703//1703 1702//1702 1707//1707
f 1707//1707 1702//1702 1706//1706
f 1704//1704 1705//1705 1708//1708
f 1708//1708 1705//1705 1709//1709
f 1708//1708 1475//1475 1473//1473
f 1708//1708 1473//1473 1704//1704
f 1476//1476 1710//1710 1706//1706
f 1476//1476 1706//1706 1474//1474
f 1707//1707 1706//1706 1711//1711
f 1711//1711 1706//1706 1710//1710
f 1708//1708 1709//1709 1712//1712
f 1712//1712 1709//1709 1713//1713
f 1712//1712 1477//1477 1475//1475
f 1712//1712 1475//1475 1708//1708
f 1478//1478 1714//1714 1710//1710
f 1478//1478 1710//1710 1476//1476
f 1711//1711 1710//1710 1715//1715
f 1715//1715 1710//1710 1714//1714
f 1712//1712 1713//1713 1716//1716
f 1716//1716 1713//1713 1717//1717
f 1716//1716 1479//1479 1477//1477
f 1716//1716 1477//1477 1712//1712
f 1480//1480 1718//1718 1714//1714
f 1480//1480 1714//1714 1478//1478
f 1715//1715 1714//1714 1719//1719
f 1719//1719 1714//1714 1718//1718
f 1716//1716 1717//1717 1720//1720
f 1720//1720 1717//1717 1721//1721
f 1720//1720 1481//1481 1479//1479
f 1720//1720 1479//1479 1716//1716
f 1482//1482 1722//1722 1718//1718
f 1482//1482 1718//1718 1480//1480
f 1719//1719 1718//1718 1723//1723
f 1723//1723 1718//1718 1722//1722
f 1721//1721 1724//1724 1720//1720
f 1481//1481 1720//1720 1724//1724
f 1725//1725 1481//1481 1724//1724
f 1483//1483 1481//1481 1725//1725
f 1484//1484 1726//1726 1722//1722
f 1484//1484 1722//1722 1482//1482
f 1723//1723 1722//1722 1727//1727
f 1727//1727 1722//1722 1726//1726
f 1725//1725 1485//1485 1483//1483
f 1728//1728 1485//1485 1725//1725
f 1486//1486 1729//1729 1726//1726
f 1486//1486 1726//1726 1484//1484
f 1727//1727 1726//1726 1730//1730
f 1730//1730 1726//1726 1729//1729
f 1728//1728 1487//1487 1485//1485
f 1731//1731 1487//1487 1728//1728
f 1488//1488 1732//1732 1729//1729
f 1488//1488 1729//1729 1486//1486
f 1730//1730 1729//1729 1733//1733
f 1733//1733 1729//1729 1732//1732
f 1731//1731 1489//1489 1487//1487
f 1734//1734 1489//1489 1731//1731
f 1490//1490 1735//1735 1732//1732
f 1490//1490 1732//1732 1488//1488
f 1733//1733 1732//1732 1736//1736
f 1736//1736 1732//1732 1735//1735
f 1734//1734 1491//1491 1489//1489
f 1737//1737 1491//1491 1734//1734
f 1739//1739 1738//1738 1735//1735
f 1490//1490 1739//1739 1735//1735
f 1492//1492 1739//1739 1490//1490
f 1735//1735 1738//1738 1736//1736
f 1737//1737 1493//1493 1491//1491
f 1740//1740 1493//1493 1737//1737
f 1494//1494 1739//1739 1492//1492
f 1494//1494 1741//1741 1739//1739
f 1740//1740 1495//1495 1493//1493
f 1742//1742 1495//1495 1740//1740
f 1496//1496 1741//1741 1494//1494
f 1496//1496 1743//1743 1741//1741
f 1742//1742 1498//1498 1495//1495
f 1744//1744 1498//1498 1742//1742
f 1499//1499 1743//1743 1496//1496
f 1499//1499 1745//1745 1743//1743
f 1744//1744 1501//1501 1498//1498
f 1746//1746 1501//1501 1744//1744
f 1502//1502 1745//1745 1499//1499
f 1502//1502 1747//1747 1745//1745
f 1746//1746 1504//1504 1501//1501
f 1748//1748 1504//1504 1746//1746
f 1505//1505 1747//1747 1502//1502
f 1505//1505 1749//1749 1747//1747
f 1748//1748 1507//1507 1504//1504
f 1750//1750 1507//1507 1748//1748
f 1508//1508 1749//1749 1505//1505
f 1508//1508 1751//1751 1749//1749
f 1750//1750 1510//1510 1507//1507
f 1752//1752 1510//1510 1750//1750
f 1511//1511 1751//1751 1508//1508
f 1511//1511 1753//1753 1751//1751
f 1512//1512 1510//1510 1754//1754
f 1510//1510 1755//1755 1754//1754
f 1510//1510 1752//1752 1755//1755
f 1754//1754 1513//1513 1512//1512
f 1515//1515 1753//1753 1511//1511
f 1515//1515 1756//1756 1753//1753
f 1754//1754 1755//1755 1757//1757
f 1757//1757 1755//1755 1758//1758
f 1757//1757 1516//1516 1513//1513
f 1757//1757 1513//1513 1754//1754
f 1518//1518 1756//1756 1515//1515
f 1518//1518 1759//1759 1756//1756
f 1757//1757 1758//1758 1760//1760
f 1760//1760 1758//1758 1761//1761
f 1760//1760 1519//1519 1516//1516
f 1760//1760 1516//1516 1757//1757
f 1521//1521 1759//1759 1518//1518
f 1521//1521 1762//1762 1759//1759
f 1760//1760 1761//1761 1763//1763
f 1763//1763 1761//1761 1764//1764
f 1763//1763 1522//1522 1519//1519
f 1763//1763 1519//1519 1760//1760
f 1524//1524 1765//1765 1523//1523
f 1765//1765 1766//1766 1523//1523
f 1766//1766 1521//1521 1523//1523
f 1766//1766 1762//1762 1521//1521
f 1763//1763 1764//1764 1767//1767
f 1767//1767 1764//1764 1768//1768
f 1767//1767 1525//1525 1522//1522
f 1767//1767 1522//1522 1763//1763
f 1526//1526 1769//1769 1765//1765
f 1526//1526 1765//1765 1524//1524
f 1766//1766 1765//1765 1770//1770
f 1770//1770 1765//1765 1769//1769
f 1767//1767 1768//1768 1771//1771
f 1771//1771 1768//1768 1772//1772
f 1771//1771 1527//1527 1525//1525
f 1771//1771 1525//1525 1767//1767
f 1528//1528 1773//1773 1769//1769
f 1528//1528 1769//1769 1526//1526
f 1770//1770 1769//1769 1774//1774
f 1774//1774 1769//1769 1773//1773
f 1771//1771 1772//1772 1775//1775
f 1775//1775 1772//1772 1776//1776
f 1775//1775 1529//1529 1527//1527
f 1775//1775 1527//1527 1771//1771
f 1530//1530 1777//1777 1773//1773
f 1530//1530 1773//1773 1528//1528
f 1774//1774 1773//1773 1778//1778
f 1778//1778 1773//1773 1777//1777
f 1775//1775 1776//1776 1779//1779
f 1779//1779 1776//1776 1780//1780
f 1779//1779 1531//1531 1529//1529
f 1779//1779 1529//1529 1775//1775
f 1532//1532 1781//1781 1777//1777
f 1532//1532 1777//1777 1530//1530
f 1778//1778 1777//1777 1782//1782
f 1782//1782 1777//1777 1781//1781
f 1779//1779 1780//1780 1783//1783
f 1783//1783 1780//1780 1784//1784
f 1783//1783 1533//1533 1531//1531
f 1783//1783 1531//1531 1779//1779
f 1534//1534 1785//1785 1781//1781
f 1534//1534 1781//1781 1532//1532
f 1782//1782 1781//1781 1786//1786
f 1786//1786 1781//1781 1785//1785
f 1783//1783 1784//1784 1787//1787
f 1787//1787 1784//1784 1788//1788
f 1787//1787 1535//1535 1533//1533
f 1787//1787 1533//1533 1783//1783
f 1536//1536 1789//1789 1785//1785
f 1536//1536 1785//1785 1534//1534
f 1786//1786 1785//1785 1790//1790
f 1790//1790 1785//1785 1789//1789
f 1788//1788 1791//1791 1787//1787
f 1535//1535 1787//1787 1791//1791
f 1792//1792 1535//1535 1791//1791
f 1537//1537 1535//1535 1792//1792
f 1538//1538 1793//1793 1789//1789
f 1538//1538 1789//1789 1536//1536
f 1790//1790 1789//1789 1794//1794
f 1794//1794 1789//1789 1793//1793
f 1792//1792 1539//1539 1537//1537
f 1795//1795 1539//1539 1792//1792
f 1540//1540 1796//1796 1793//1793
f 1540//1540 1793//1793 1538//1538
f 1794//1794 1793//1793 1797//1797
f 1797//1797 1793//1793 1796//1796
f 1795//1795 1541//1541 1539//1539
f 1798//1798 1541//1541 1795//1795
f 1800//1800 1799//1799 1796//1796
f 1540//1540 1800//1800 1796//1796
f 1542//1542 1800//1800 1540//1540
f 1796//1796 1799//1799 1797//1797
f 1798//1798 1543//1543 1541//1541
f 1801//1801 1543//1543 1798//1798
f 1544//1544 1800//1800 1542//1542
f 1544//1544 1802//1802 1800//1800
f 1801//1801 1545//1545 1543//1543
f 1803//1803 1545//1545 1801//1801
f 1546//1546 1802//1802 1544//1544
f 1546//1546 1804//1804 1802//1802
f 1803//1803 1547//1547 1545//1545
f 1805//1805 1547//1547 1803//1803
f 1548//1548 1804//1804 1546//1546
f 1548//1548 1806//1806 1804//1804
f 1805//1805 1549//1549 1547//1547
f 1807//1807 1549//1549 1805//1805
f 1550//1550 1806//1806 1548//1548
f 1550//1550 1808//1808 1806//1806
f 1551//1551 1549//1549 1809//1809
f 1549//1549 1810//1810 1809//1809
f 1549//1549 1807//1807 1810//1810
f 1809//1809 1552//1552 1551//1551
f 1812//1812 1811//1811 1553//1553
f 1812//1812 1553//1553 1554//1554
f 1550//1550 1553//1553 1808//1808
f 1808//1808 1553//1553 1811//1811
f 1810//1810 1813//1813 1809//1809
f 1552//1552 1809//1809 1813//1813
f 1814//1814 1552//1552 1813//1813
f 1555//1555 1552//1552 1814//1814
f 1556//1556 1812//1812 1554//1554
f 1556//1556 1815//1815 1812//1812
f 1814//1814 1557//1557 1555//1555
f 1816//1816 1557//1557 1814//1814
f 1558//1558 1815//1815 1556//1556
f 1558//1558 1817//1817 1815//1815
f 1816//1816 1559//1559 1557//1557
f 1818//1818 1559//1559 1816//1816
f 1560//1560 1817//1817 1558//1558
f 1560//1560 1819//1819 1817//1817
f 1818//1818 1561//1561 1559//1559
f 1820//1820 1561//1561 1818//1818
f 1562//1562 1819//1819 1560//1560
f 1562//1562 1821//1821 1819//1819
f 1820//1820 1563//1563 1561//1561
f 1822//1822 1563//1563 1820//1820
f 1564//1564 1821//1821 1562//1562
f 1564//1564 1823//1823 1821//1821
f 1822//1822 1565//1565 1563//1563
f 1824//1824 1565//1565 1822//1822
f 1566//1566 1823//1823 1564//1564
f 1566//1566 1825//1825 1823//1823
f 1824//1824 1567//1567 1565//1565
f 1826//1826 1567//1567 1824//1824
f 1568//1568 1825//1825 1566//1566
f 1568//1568 1827//1827 1825//1825
f 1826//1826 1569//1569 1567//1567
f 1828//1828 1569//1569 1826//1826
f 1568//1568 1570//1570 1829//1829
f 1830//1830 1568//1568 1829//1829
f 1827//1827 1568//1568 1830//1830
f 1571//1571 1829//1829 1570//1570
f 1828//1828 1573//1573 1569//1569
f 1831//1831 1573//1573 1828//1828
f 1832//1832 1830//1830 1829//1829
f 1832//1832 1829//1829 1571//1571
f 1574//1574 1832//1832 1571//1571
f 1833//1833 1832//1832 1574//1574
f 1834//1834 1574//1574 1575//1575
f 1834//1834 1833//1833 1574//1574
f 1835//1835 1575//1575 1576//1576
f 1835//1835 1834//1834 1575//1575
f 1836//1836 1576//1576 1577//1577
f 1836//1836 1835//1835 1576//1576
f 1837//1837 1577//1577 1578//1578
f 1837//1837 1836//1836 1577//1577
f 1838//1838 1578//1578 1579//1579
f 1838//1838 1837//1837 1578//1578
f 1839//1839 1579//1579 1580//1580
f 1839//1839 1838//1838 1579//1579
f 1840//1840 1580//1580 1581//1581
f 1840//1840 1839//1839 1580//1580
f 1841//1841 1581//1581 1582//1582
f 1841//1841 1840//1840 1581//1581
f 1842//1842 1582//1582 1583//1583
f 1842//1842 1841//1841 1582//1582
f 1583//1583 1573//1573 1831//1831
f 1583//1583 1831//1831 1842//1842
f 1585//1585 1843//1843 1586//1586
f 1586//1586 1843//1843 1844//1844
f 1845//1845 1586//1586 1844//1844
f 1587//1587 1586//1586 1845//1845
f 1587//1587 1846//1846 1588//1588
f 1845//1845 1846//1846 1587//1587
f 1588//1588 1847//1847 1589//1589
f 1846//1846 1847//1847 1588//1588
f 1847//1847 1849//1849 1848//1848
f 1590//1590 1847//1847 1848//1848
f 1589//1589 1847//1847 1590//1590
f 1848//1848 1592//1592 1590//1590
f 1594//1594 1850//1850 1593//1593
f 1843//1843 1585//1585 1593//1593
f 1850//1850 1843//1843 1593//1593
f 1851//1851 1843//1843 1850//1850
f 1844//1844 1843//1843 1852//1852
f 1852//1852 1843//1843 1851//1851
f 1849//1849 1853//1853 1848//1848
f 1853//1853 1855//1855 1854//1854
f 1853//1853 1854//1854 1595//1595
f 1848//1848 1853//1853 1595//1595
f 1592//1592 1848//1848 1595//1595
f 1854//1854 1596//1596 1595//1595
f 1597//1597 1856//1856 1850//1850
f 1597//1597 1850//1850 1594//1594
f 1858//1858 1851//1851 1857//1857
f 1851//1851 1856//1856 1857//1857
f 1851//1851 1850//1850 1856//1856
f 1851//1851 1858//1858 1852//1852
f 1854//1854 1855//1855 1859//1859
f 1859//1859 1855//1855 1860//1860
f 1859//1859 1598//1598 1596//1596
f 1859//1859 1596//1596 1854//1854
f 1599//1599 1861//1861 1856//1856
f 1599//1599 1856//1856 1597//1597
f 1857//1857 1856//1856 1862//1862
f 1862//1862 1856//1856 1861//1861
f 1859//1859 1860//1860 1863//1863
f 1863//1863 1860//1860 1864//1864
f 1863//1863 1600//1600 1598//1598
f 1863//1863 1598//1598 1859//1859
f 1601//1601 1865//1865 1861//1861
f 1601//1601 1861//1861 1599//1599
f 1862//1862 1861//1861 1866//1866
f 1866//1866 1861//1861 1865//1865
f 1863//1863 1864//1864 1867//1867
f 1867//1867 1864//1864 1868//1868
f 1867//1867 1602//1602 1600//1600
f 1867//1867 1600//1600 1863//1863
f 1603//1603 1869//1869 1865//1865
f 1603//1603 1865//1865 1601//1601
f 1866//1866 1865//1865 1870//1870
f 1870//1870 1865//1865 1869//1869
f 1867//1867 1868//1868 1871//1871
f 1871//1871 1868//1868 1872//1872
f 1871//1871 1604//1604 1602//1602
f 1871//1871 1602//1602 1867//1867
f 1605//1605 1873//1873 1869//1869
f 1605//1605 1869//1869 1603//1603
f 1870//1870 1869//1869 1874//1874
f 1874//1874 1869//1869 1873//1873
f 1871//1871 1872//1872 1875//1875
f 1875//1875 1872//1872 1876//1876
f 1875//1875 1606//1606 1604//1604
f 1875//1875 1604//1604 1871//1871
f 1607//1607 1877//1877 1873//1873
f 1607//1607 1873//1873 1605//1605
f 1874//1874 1873//1873 1878//1878
f 1873//1873 1879//1879 1878//1878
f 1873//1873 1877//1877 1879//1879
f 1879//1879 1880//1880 1878//1878
f 1875//1875 1876//1876 1881//1881
f 1881//1881 1876//1876 1882//1882
f 1881//1881 1608//1608 1606//1606
f 1881//1881 1606//1606 1875//1875
f 1609//1609 1883//1883 1877//1877
f 1609//1609 1877//1877 1607//1607
f 1877//1877 1884//1884 1879//1879
f 1877//1877 1883//1883 1884//1884
f 1880//1880 1879//1879 1885//1885
f 1885//1885 1879//1879 1884//1884
f 1881//1881 1882//1882 1886//1886
f 1886//1886 1882//1882 1887//1887
f 1886//1886 1610//1610 1608//1608
f 1886//1886 1608//1608 1881//1881
f 1611//1611 1888//1888 1883//1883
f 1611//1611 1883//1883 1609//1609
f 1883//1883 1889//1889 1884//1884
f 1883//1883 1888//1888 1889//1889
f 1885//1885 1884//1884 1890//1890
f 1890//1890 1884//1884 1889//1889
f 1886//1886 1887//1887 1891//1891
f 1891//1891 1887//1887 1892//1892
f 1891//1891 1612//1612 1610//1610
f 1891//1891 1610//1610 1886//1886
f 1613//1613 1893//1893 1888//1888
f 1613//1613 1888//1888 1611//1611
f 1888//1888 1894//1894 1889//1889
f 1888//1888 1893//1893 1894//1894
f 1890//1890 1889//1889 1895//1895
f 1895//1895 1889//1889 1894//1894
f 1891//1891 1892//1892 1896//1896
f 1896//1896 1892//1892 1897//1897
f 1896//1896 1614//1614 1612//1612
f 1896//1896 1612//1612 1891//1891
f 1615//1615 1898//1898 1893//1893
f 1615//1615 1893//1893 1613//1613
f 1893//1893 1899//1899 1894//1894
f 1893//1893 1898//1898 1899//1899
f 1895//1895 1894//1894 1900//1900
f 1900//1900 1894//1894 1899//1899
f 1896//1896 1897//1897 1901//1901
f 1901//1901 1897//1897 1902//1902
f 1901//1901 1616//1616 1614//1614
f 1901//1901 1614//1614 1896//1896
f 1617//1617 1903//1903 1898//1898
f 1617//1617 1898//1898 1615//1615
f 1898//1898 1904//1904 1899//1899
f 1898//1898 1903//1903 1904//1904
f 1900//1900 1899//1899 1905//1905
f 1905//1905 1899//1899 1904//1904
f 1908//1908 1907//1907 1906//1906
f 1908//1908 1906//1906 1902//1902
f 1906//1906 1901//1901 1902//1902
f 1906//1906 1909//1909 1901//1901
f 1909//1909 1618//1618 1616//1616
f 1909//1909 1616//1616 1901//1901
f 1619//1619 1903//1903 1617//1617
f 1903//1903 1619//1619 1621//1621
f 1910//1910 1903//1903 1621//1621
f 1904//1904 1903//1903 1910//1910
f 1905//1905 1904//1904 1911//1911
f 1911//1911 1904//1904 1910//1910
f 1906//1906 1907//1907 1912//1912
f 1912//1912 1907//1907 1913//1913
f 1906//1906 1914//1914 1909//1909
f 1906//1906 1912//1912 1914//1914
f 1914//1914 1622//1622 1618//1618
f 1914//1914 1618//1618 1909//1909
f 1624//1624 1915//1915 1910//1910
f 1624//1624 1910//1910 1621//1621
f 1911//1911 1910//1910 1916//1916
f 1916//1916 1910//1910 1915//1915
f 1912//1912 1913//1913 1917//1917
f 1917//1917 1913//1913 1918//1918
f 1912//1912 1919//1919 1914//1914
f 1912//1912 1917//1917 1919//1919
f 1919//1919 1625//1625 1622//1622
f 1919//1919 1622//1622 1914//1914
f 1627//1627 1920//1920 1915//1915
f 1627//1627 1915//1915 1624//1624
f 1916//1916 1915//1915 1921//1921
f 1921//1921 1915//1915 1920//1920
f 1917//1917 1918//1918 1922//1922
f 1922//1922 1918//1918 1923//1923
f 1917//1917 1924//1924 1919//1919
f 1917//1917 1922//1922 1924//1924
f 1924//1924 1628//1628 1625//1625
f 1924//1924 1625//1625 1919//1919
f 1630//1630 1925//1925 1920//1920
f 1630//1630 1920//1920 1627//1627
f 1921//1921 1920//1920 1926//1926
f 1926//1926 1920//1920 1925//1925
f 1922//1922 1923//1923 1927//1927
f 1927//1927 1923//1923 1928//1928
f 1922//1922 1929//1929 1924//1924
f 1922//1922 1927//1927 1929//1929
f 1929//1929 1631//1631 1628//1628
f 1929//1929 1628//1628 1924//1924
f 1633//1633 1930//1930 1925//1925
f 1633//1633 1925//1925 1630//1630
f 1926//1926 1925//1925 1931//1931
f 1931//1931 1925//1925 1930//1930
f 1927//1927 1928//1928 1932//1932
f 1932//1932 1928//1928 1933//1933
f 1927//1927 1934//1934 1929//1929
f 1927//1927 1932//1932 1934//1934
f 1934//1934 1634//1634 1631//1631
f 1934//1934 1631//1631 1929//1929
f 1636//1636 1935//1935 1930//1930
f 1636//1636 1930//1930 1633//1633
f 1931//1931 1930//1930 1936//1936
f 1936//1936 1930//1930 1935//1935
f 1932//1932 1933//1933 1937//1937
f 1937//1937 1933//1933 1938//1938
f 1932//1932 1939//1939 1934//1934
f 1932//1932 1937//1937 1939//1939
f 1939//1939 1637//1637 1634//1634
f 1939//1939 1634//1634 1934//1934
f 1639//1639 1940//1940 1935//1935
f 1639//1639 1935//1935 1636//1636
f 1936//1936 1935//1935 1941//1941
f 1941//1941 1935//1935 1940//1940
f 1937//1937 1938//1938 1942//1942
f 1942//1942 1938//1938 1943//1943
f 1937//1937 1944//1944 1939//1939
f 1937//1937 1942//1942 1944//1944
f 1944//1944 1640//1640 1637//1637
f 1944//1944 1637//1637 1939//1939
f 1642//1642 1945//1945 1940//1940
f 1642//1642 1940//1940 1639//1639
f 1941//1941 1940//1940 1946//1946
f 1946//1946 1940//1940 1945//1945
f 1942//1942 1943//1943 1947//1947
f 1947//1947 1943//1943 1948//1948
f 1947//1947 1644//1644 1645//1645
f 1944//1944 1947//1947 1645//1645
f 1942//1942 1947//1947 1944//1944
f 1944//1944 1645//1645 1640//1640
f 1647//1647 1949//1949 1945//1945
f 1647//1647 1945//1945 1642//1642
f 1946//1946 1945//1945 1950//1950
f 1950//1950 1945//1945 1949//1949
f 1947//1947 1948//1948 1951//1951
f 1951//1951 1948//1948 1952//1952
f 1951//1951 1649//1649 1644//1644
f 1951//1951 1644//1644 1947//1947
f 1651//1651 1953//1953 1949//1949
f 1651//1651 1949//1949 1647//1647
f 1950//1950 1949//1949 1954//1954
f 1954//1954 1949//1949 1953//1953
f 1951//1951 1952//1952 1955//1955
f 1955//1955 1952//1952 1956//1956
f 1955//1955 1653//1653 1649//1649
f 1955//1955 1649//1649 1951//1951
f 1655//1655 1957//1957 1953//1953
f 1655//1655 1953//1953 1651//1651
f 1954//1954 1953//1953 1958//1958
f 1958//1958 1953//1953 1957//1957
f 1955//1955 1956//1956 1959//1959
f 1959//1959 1956//1956 1960//1960
f 1959//1959 1657//1657 1653//1653
f 1959//1959 1653//1653 1955//1955
f 1659//1659 1961//1961 1957//1957
f 1659//1659 1957//1957 1655//1655
f 1958//1958 1957//1957 1962//1962
f 1962//1962 1957//1957 1961//1961
f 1959//1959 1960//1960 1963//1963
f 1963//1963 1960//1960 1964//1964
f 1963//1963 1661//1661 1657//1657
f 1963//1963 1657//1657 1959//1959
f 1663//1663 1965//1965 1961//1961
f 1663//1663 1961//1961 1659//1659
f 1962//1962 1961//1961 1966//1966
f 1966//1966 1961//1961 1965//1965
f 1963//1963 1964//1964 1967//1967
f 1967//1967 1964//1964 1968//1968
f 1967//1967 1665//1665 1661//1661
f 1967//1967 1661//1661 1963//1963
f 1667//1667 1969//1969 1965//1965
f 1667//1667 1965//1965 1663//1663
f 1966//1966 1965//1965 1970//1970
f 1970//1970 1965//1965 1969//1969
f 1967//1967 1968//1968 1971//1971
f 1971//1971 1968//1968 1972//1972
f 1971//1971 1669//1669 1665//1665
f 1971//1971 1665//1665 1967//1967
f 1671//1671 1973//1973 1969//1969
f 1671//1671 1969//1969 1667//1667
f 1970//1970 1969//1969 1974//1974
f 1974//1974 1969//1969 1973//1973
f 1971//1971 1972//1972 1975//1975
f 1975//1975 1972//1972 1976//1976
f 1975//1975 1673//1673 1669//1669
f 1975//1975 1669//1669 1971//1971
f 1675//1675 1977//1977 1973//1973
f 1675//1675 1973//1973 1671//1671
f 1974//1974 1973//1973 1978//1978
f 1978//1978 1973//1973 1977//1977
f 1975//1975 1976//1976 1979//1979
f 1979//1979 1976//1976 1980//1980
f 1979//1979 1677//1677 1673//1673
f 1979//1979 1673//1673 1975//1975
f 1679//1679 1981//1981 1977//1977
f 1679//1679 1977//1977 1675//1675
f 1978//1978 1977//1977 1982//1982
f 1982//1982 1977//1977 1981//1981
f 1979//1979 1980//1980 1983//1983
f 1983//1983 1980//1980 1984//1984
f 1983//1983 1681//1681 1677//1677
f 1983//1983 1677//1677 1979//1979
f 1683//1683 1985//1985 1981//1981
f 1683//1683 1981//1981 1679//1679
f 1982//1982 1981//1981 1986//1986
f 1981//1981 1987//1987 1986//1986
f 1981//1981 1985//1985 1987//1987
f 1987//1987 1988//1988 1986//1986
f 1983//1983 1984//1984 1989//1989
f 1989//1989 1984//1984 1990//1990
f 1989//1989 1685//1685 1681//1681
f 1989//1989 1681//1681 1983//1983
f 1687//1687 1991//1991 1985//1985
f 1687//1687 1985//1985 1683//1683
f 1985//1985 1992//1992 1987//1987
f 1985//1985 1991//1991 1992//1992
f 1988//1988 1987//1987 1993//1993
f 1993//1993 1987//1987 1992//1992
f 1989//1989 1990//1990 1994//1994
f 1994//1994 1990//1990 1995//1995
f 1994//1994 1689//1689 1685//1685
f 1994//1994 1685//1685 1989//1989
f 1691//1691 1996//1996 1991//1991
f 1691//1691 1991//1991 1687//1687
f 1998//1998 1992//1992 1997//1997
f 1992//1992 1996//1996 1997//1997
f 1992//1992 1991//1991 1996//1996
f 1992//1992 1998//1998 1993//1993
f 1994//1994 1995//1995 1999//1999
f 1999//1999 1995//1995 2000//2000
f 1999//1999 1693//1693 1689//1689
f 1999//1999 1689//1689 1994//1994
f 1695//1695 2001//2001 1996//1996
f 1695//1695 1996//1996 1691//1691
f 1997//1997 1996//1996 2002//2002
f 2002//2002 1996//1996 2001//2001
f 1999//1999 2000//2000 2003//2003
f 2003//2003 2000//2000 2004//2004
f 2003//2003 1697//1697 1693//1693
f 2003//2003 1693//1693 1999//1999
f 1699//1699 2005//2005 2001//2001
f 1699//1699 2001//2001 1695//1695
f 2002//2002 2001//2001 2006//2006
f 2006//2006 2001//2001 2005//2005
f 2003//2003 2004//2004 2007//2007
f 2007//2007 2004//2004 2008//2008
f 2007//2007 1701//1701 1697//1697
f 2007//2007 1697//1697 2003//2003
f 1703//1703 2009//2009 2005//2005
f 1703//1703 2005//2005 1699//1699
f 2006//2006 2005//2005 2010//2010
f 2010//2010 2005//2005 2009//2009
f 2007//2007 2008//2008 2011//2011
f 2011//2011 2008//2008 2012//2012
f 2011//2011 1705//1705 1701//1701
f 2011//2011 1701//1701 2007//2007
f 1707//1707 2013//2013 2009//2009
f 1707//1707 2009//2009 1703//1703
f 2010//2010 2009//2009 2014//2014
f 2014//2014 2009//2009 2013//2013
f 2011//2011 2012//2012 2015//2015
f 2015//2015 2012//2012 2016//2016
f 2015//2015 1709//1709 1705//1705
f 2015//2015 1705//1705 2011//2011
f 1711//1711 2017//2017 2013//2013
f 1711//1711 2013//2013 1707//1707
f 2014//2014 2013//2013 2018//2018
f 2018//2018 2013//2013 2017//2017
f 2015//2015 2016//2016 2019//2019
f 2019//2019 2016//2016 2020//2020
f 2019//2019 1713//1713 1709//1709
f 2019//2019 1709//1709 2015//2015
f 1715//1715 2021//2021 2017//2017
f 1715//1715 2017//2017 1711//1711
f 2018//2018 2017//2017 2022//2022
f 2022//2022 2017//2017 2021//2021
f 2019//2019 2020//2020 2023//2023
f 2023//2023 2020//2020 2024//2024
f 2023//2023 1717//1717 1713//1713
f 2023//2023 1713//1713 2019//2019
f 1719//1719 2025//2025 2021//2021
f 1719//1719 2021//2021 1715//1715
f 2022//2022 2021//2021 2026//2026
f 2026//2026 2021//2021 2025//2025
f 2023//2023 2024//2024 2027//2027
f 2027//2027 2024//2024 2028//2028
f 2027//2027 1721//1721 1717//1717
f 2027//2027 1717//1717 2023//2023
f 1723//1723 2029//2029 2025//2025
f 1723//1723 2025//2025 1719//1719
f 2026//2026 2025//2025 2030//2030
f 2030//2030 2025//2025 2029//2029
f 2027//2027 2028//2028 2031//2031
f 2031//2031 2028//2028 2032//2032
f 2033//2033 1724//1724 1721//1721
f 2027//2027 2033//2033 1721//1721
f 2031//2031 2033//2033 2027//2027
f 2033//2033 1725//1725 1724//1724
f 1727//1727 2034//2034 2029//2029
f 1727//1727 2029//2029 1723//1723
f 2030//2030 2029//2029 2035//2035
f 2035//2035 2029//2029 2034//2034
f 2031//2031 2032//2032 2036//2036
f 2036//2036 2032//2032 2037//2037
f 2031//2031 2038//2038 2033//2033
f 2031//2031 2036//2036 2038//2038
f 2038//2038 1728//1728 1725//1725
f 2038//2038 1725//1725 2033//2033
f 1730//1730 2039//2039 2034//2034
f 1730//1730 2034//2034 1727//1727
f 2035//2035 2034//2034 2040//2040
f 2040//2040 2034//2034 2039//2039
f 2036//2036 2037//2037 2041//2041
f 2041//2041 2037//2037 2042//2042
f 2036//2036 2043//2043 2038//2038
f 2036//2036 2041//2041 2043//2043
f 2043//2043 1731//1731 1728//1728
f 2043//2043 1728//1728 2038//2038
f 1733//1733 2044//2044 2039//2039
f 1733//1733 2039//2039 1730//1730
f 2040//2040 2039//2039 2045//2045
f 2045//2045 2039//2039 2044//2044
f 2041//2041 2042//2042 2046//2046
f 2046//2046 2042//2042 2047//2047
f 2041//2041 2048//2048 2043//2043
f 2041//2041 2046//2046 2048//2048
f 2048//2048 1734//1734 1731//1731
f 2048//2048 1731//1731 2043//2043
f 1736//1736 2049//2049 2044//2044
f 1736//1736 2044//2044 1733//1733
f 2045//2045 2044//2044 2050//2050
f 2050//2050 2044//2044 2049//2049
f 2046//2046 2047//2047 2051//2051
f 2051//2051 2047//2047 2052//2052
f 2046//2046 2053//2053 2048//2048
f 2046//2046 2051//2051 2053//2053
f 2053//2053 1737//1737 1734//1734
f 2053//2053 1734//1734 2048//2048
f 1739//1739 2054//2054 1738//1738
f 2049//2049 1736//1736 1738//1738
f 2054//2054 2049//2049 1738//1738
f 2055//2055 2049//2049 2054//2054
f 2050//2050 2049//2049 2056//2056
f 2056//2056 2049//2049 2055//2055
f 2051//2051 2052//2052 2057//2057
f 2057//2057 2052//2052 2058//2058
f 2051//2051 2059//2059 2053//2053
f 2051//2051 2057//2057 2059//2059
f 2059//2059 1740//1740 1737//1737
f 2059//2059 1737//1737 2053//2053
f 1741//1741 2060//2060 2054//2054
f 1741//1741 2054//2054 1739//1739
f 2054//2054 2061//2061 2055//2055
f 2054//2054 2060//2060 2061//2061
f 2056//2056 2055//2055 2062//2062
f 2062//2062 2055//2055 2061//2061
f 2057//2057 2058//2058 2063//2063
f 2063//2063 2058//2058 2064//2064
f 2057//2057 2065//2065 2059//2059
f 2057//2057 2063//2063 2065//2065
f 2065//2065 1742//1742 1740//1740
f 2065//2065 1740//1740 2059//2059
f 1743//1743 2066//2066 2060//2060
f 1743//1743 2060//2060 1741//1741
f 2060//2060 2067//2067 2061//2061
f 2060//2060 2066//2066 2067//2067
f 2062//2062 2061//2061 2068//2068
f 2068//2068 2061//2061 2067//2067
f 2063//2063 2064//2064 2069//2069
f 2069//2069 2064//2064 2070//2070
f 2063//2063 2071//2071 2065//2065
f 2063//2063 2069//2069 2071//2071
f 2071//2071 1744//1744 1742//1742
f 2071//2071 1742//1742 2065//2065
f 1745//1745 2072//2072 2066//2066
f 1745//1745 2066//2066 1743//1743
f 2066//2066 2073//2073 2067//2067
f 2066//2066 2072//2072 2073//2073
f 2068//2068 2067//2067 2074//2074
f 2074//2074 2067//2067 2073//2073
f 2069//2069 2070//2070 2075//2075
f 2075//2075 2070//2070 2076//2076
f 2069//2069 2077//2077 2071//2071
f 2069//2069 2075//2075 2077//2077
f 2077//2077 1746//1746 1744//1744
f 2077//2077 1744//1744 2071//2071
f 1747//1747 2078//2078 2072//2072
f 1747//1747 2072//2072 1745//1745
f 2072//2072 2079//2079 2073//2073
f 2072//2072 2078//2078 2079//2079
f 2074//2074 2073//2073 2080//2080
f 2080//2080 2073//2073 2079//2079
f 2076//2076 2081//2081 2075//2075
f 2083//2083 2082//2082 2081//2081
f 2082//2082 2075//2075 2081//2081
f 2082//2082 2077//2077 2075//2075
f 2082//2082 1748//1748 1746//1746
f 2082//2082 1746//1746 2077//2077
f 1749//1749 2084//2084 2078//2078
f 1749//1749 2078//2078 1747//1747
f 2078//2078 2085//2085 2079//2079
f 2078//2078 2084//2084 2085//2085
f 2080//2080 2079//2079 2086//2086
f 2086//2086 2079//2079 2085//2085
f 2082//2082 2083//2083 2087//2087
f 2087//2087 2083//2083 2088//2088
f 2087//2087 1750//1750 1748//1748
f 2087//2087 1748//1748 2082//2082
f 1751//1751 2089//2089 2084//2084
f 1751//1751 2084//2084 1749//1749
f 2084//2084 2090//2090 2085//2085
f 2084//2084 2089//2089 2090//2090
f 2086//2086 2085//2085 2091//2091
f 2091//2091 2085//2085 2090//2090
f 2087//2087 2088//2088 2092//2092
f 2092//2092 2088//2088 2093//2093
f 2092//2092 1752//1752 1750//1750
f 2092//2092 1750//1750 2087//2087
f 1753//1753 2094//2094 2089//2089
f 1753//1753 2089//2089 1751//1751
f 2096//2096 2090//2090 2095//2095
f 2090//2090 2094//2094 2095//2095
f 2090//2090 2089//2089 2094//2094
f 2090//2090 2096//2096 2091//2091
f 2092//2092 2093//2093 2097//2097
f 2097//2097 2093//2093 2098//2098
f 2097//2097 1755//1755 1752//1752
f 2097//2097 1752//1752 2092//2092
f 1756//1756 2099//2099 2094//2094
f 1756//1756 2094//2094 1753//1753
f 2095//2095 2094//2094 2100//2100
f 2100//2100 2094//2094 2099//2099
f 2097//2097 2098//2098 2101//2101
f 2101//2101 2098//2098 2102//2102
f 2101//2101 1758//1758 1755//1755
f 2101//2101 1755//1755 2097//2097
f 1759//1759 2103//2103 2099//2099
f 1759//1759 2099//2099 1756//1756
f 2100//2100 2099//2099 2104//2104
f 2104//2104 2099//2099 2103//2103
f 2101//2101 2102//2102 2105//2105
f 2105//2105 2102//2102 2106//2106
f 2105//2105 1761//1761 1758//1758
f 2105//2105 1758//1758 2101//2101
f 1762//1762 2107//2107 2103//2103
f 1762//1762 2103//2103 1759//1759
f 2104//2104 2103//2103 2108//2108
f 2108//2108 2103//2103 2107//2107
f 2105//2105 2106//2106 2109//2109
f 2109//2109 2106//2106 2110//2110
f 2109//2109 1764//1764 1761//1761
f 2109//2109 1761//1761 2105//2105
f 1766//1766 2111//2111 2107//2107
f 1766//1766 2107//2107 1762//1762
f 2108//2108 2107//2107 2112//2112
f 2112//2112 2107//2107 2111//2111
f 2109//2109 2110//2110 2113//2113
f 2113//2113 2110//2110 2114//2114
f 2113//2113 1768//1768 1764//1764
f 2113//2113 1764//1764 2109//2109
f 1770//1770 2115//2115 2111//2111
f 1770//1770 2111//2111 1766//1766
f 2112//2112 2111//2111 2116//2116
f 2116//2116 2111//2111 2115//2115
f 2113//2113 2114//2114 2117//2117
f 2117//2117 2114//2114 2118//2118
f 2117//2117 1772//1772 1768//1768
f 2117//2117 1768//1768 2113//2113
f 1774//1774 2119//2119 2115//2115
f 1774//1774 2115//2115 1770//1770
f 2116//2116 2115//2115 2120//2120
f 2120//2120 2115//2115 2119//2119
f 2117//2117 2118//2118 2121//2121
f 2121//2121 2118//2118 2122//2122
f 2121//2121 1776//1776 1772//1772
f 2121//2121 1772//1772 2117//2117
f 1778//1778 2123//2123 2119//2119
f 1778//1778 2119//2119 1774//1774
f 2120//2120 2119//2119 2124//2124
f 2124//2124 2119//2119 2123//2123
f 2121//2121 2122//2122 2125//2125
f 2125//2125 2122//2122 2126//2126
f 2125//2125 1780//1780 1776//1776
f 2125//2125 1776//1776 2121//2121
f 1782//1782 2127//2127 2123//2123
f 1782//1782 2123//2123 1778//1778
f 2124//2124 2123//2123 2128//2128
f 2128//2128 2123//2123 2127//2127
f 2125//2125 2126//2126 2129//2129
f 2129//2129 2126//2126 2130//2130
f 2129//2129 1784//1784 1780//1780
f 2129//2129 1780//1780 2125//2125
f 1786//1786 2131//2131 2127//2127
f 1786//1786 2127//2127 1782//1782
f 2128//2128 2127//2127 2132//2132
f 2132//2132 2127//2127 2131//2131
f 2130//2130 2133//2133 2129//2129
f 1784//1784 2129//2129 2133//2133
f 2134//2134 1784//1784 2133//2133
f 1788//1788 1784//1784 2134//2134
f 1790//1790 2135//2135 2131//2131
f 1790//1790 2131//2131 1786//1786
f 2132//2132 2131//2131 2136//2136
f 2136//2136 2131//2131 2135//2135
f 1791//1791 1788//1788 2137//2137
f 1788//1788 2138//2138 2137//2137
f 1788//1788 2134//2134 2138//2138
f 2137//2137 1792//1792 1791//1791
f 2140//2140 2139//2139 2135//2135
f 1790//1790 2140//2140 2135//2135
f 1794//1794 2140//2140 1790//1790
f 2135//2135 2139//2139 2136//2136
f 2137//2137 2138//2138 2141//2141
f 2141//2141 2138//2138 2142//2142
f 2141//2141 1795//1795 1792//1792
f 2141//2141 1792//1792 2137//2137
f 1797//1797 2140//2140 1794//1794
f 1797//1797 2143//2143 2140//2140
f 2141//2141 2142//2142 2144//2144
f 2144//2144 2142//2142 2145//2145
f 2144//2144 1798//1798 1795//1795
f 2144//2144 1795//1795 2141//2141
f 1800//1800 2146//2146 1799//1799
f 2146//2146 2147//2147 1799//1799
f 2147//2147 1797//1797 1799//1799
f 2147//2147 2143//2143 1797//1797
f 2144//2144 2145//2145 2148//2148
f 2148//2148 2145//2145 2149//2149
f 2148//2148 1801//1801 1798//1798
f 2148//2148 1798//1798 2144//2144
f 1802//1802 2150//2150 2146//2146
f 1802//1802 2146//2146 1800//1800
f 2147//2147 2146//2146 2151//2151
f 2151//2151 2146//2146 2150//2150
f 2148//2148 2149//2149 2152//2152
f 2152//2152 2149//2149 2153//2153
f 2152//2152 1803//1803 1801//1801
f 2152//2152 1801//1801 2148//2148
f 1804//1804 2154//2154 2150//2150
f 1804//1804 2150//2150 1802//1802
f 2151//2151 2150//2150 2155//2155
f 2155//2155 2150//2150 2154//2154
f 2152//2152 2153//2153 2156//2156
f 2156//2156 2153//2153 2157//2157
f 2156//2156 1805//1805 1803//1803
f 2156//2156 1803//1803 2152//2152
f 1806//1806 2158//2158 2154//2154
f 1806//1806 2154//2154 1804//1804
f 2155//2155 2154//2154 2159//2159
f 2159//2159 2154//2154 2158//2158
f 2156//2156 2157//2157 2160//2160
f 2160//2160 2157//2157 2161//2161
f 2160//2160 1807//1807 1805//1805
f 2160//2160 1805//1805 2156//2156
f 2163//2163 2162//2162 2158//2158
f 1806//1806 2163//2163 2158//2158
f 1808//1808 2163//2163 1806//1806
f 2158//2158 2162//2162 2159//2159
f 2161//2161 2164//2164 2160//2160
f 1807//1807 2160//2160 2164//2164
f 2165//2165 1807//1807 2164//2164
f 1810//1810 1807//1807 2165//2165
f 1812//1812 2166//2166 1811//1811
f 2166//2166 2167//2167 1811//1811
f 2167//2167 1808//1808 1811//1811
f 2167//2167 2163//2163 1808//1808
f 2165//2165 2168//2168 1810//1810
f 1810//1810 2168//2168 1813//1813
f 1814//1814 1813//1813 2168//2168
f 1814//1814 2168//2168 2169//2169
f 2171//2171 2170//2170 2166//2166
f 1812//1812 2171//2171 2166//2166
f 1815//1815 2171//2171 1812//1812
f 2166//2166 2170//2170 2167//2167
f 2169//2169 1816//1816 1814//1814
f 2172//2172 1816//1816 2169//2169
f 1817//1817 2171//2171 1815//1815
f 1817//1817 2173//2173 2171//2171
f 2172//2172 1818//1818 1816//1816
f 2174//2174 1818//1818 2172//2172
f 1819//1819 2173//2173 1817//1817
f 1819//1819 2175//2175 2173//2173
f 2174//2174 1820//1820 1818//1818
f 2176//2176 1820//1820 2174//2174
f 1821//1821 2175//2175 1819//1819
f 1821//1821 2177//2177 2175//2175
f 2176//2176 1822//1822 1820//1820
f 2178//2178 1822//1822 2176//2176
f 1823//1823 2177//2177 1821//1821
f 1823//1823 2179//2179 2177//2177
f 2178//2178 1824//1824 1822//1822
f 2180//2180 1824//1824 2178//2178
f 1825//1825 2179//2179 1823//1823
f 1825//1825 2181//2181 2179//2179
f 2180//2180 1826//1826 1824//1824
f 2182//2182 1826//1826 2180//2180
f 1827//1827 2181//2181 1825//1825
f 1827//1827 2183//2183 2181//2181
f 2182//2182 1828//1828 1826//1826
f 2184//2184 1828//1828 2182//2182
f 1830//1830 2183//2183 1827//1827
f 1830//1830 2185//2185 2183//2183
f 2184//2184 1831//1831 1828//1828
f 2186//2186 1831//1831 2184//2184
f 2187//2187 2185//2185 1830//1830
f 2187//2187 1830//1830 1832//1832
f 2188//2188 1832//1832 1833//1833
f 2188//2188 2187//2187 1832//1832
f 2189//2189 1833//1833 1834//1834
f 2189//2189 2188//2188 1833//1833
f 2190//2190 1834//1834 1835//1835
f 2190//2190 2189//2189 1834//1834
f 2191//2191 1835//1835 1836//1836
f 2191//2191 2190//2190 1835//1835
f 2192//2192 1836//1836 1837//1837
f 2192//2192 2191//2191 1836//1836
f 2193//2193 1837//1837 1838//1838
f 2193//2193 2192//2192 1837//1837
f 2194//2194 1838//1838 1839//1839
f 2194//2194 2193//2193 1838//1838
f 2195//2195 1839//1839 1840//1840
f 2195//2195 2194//2194 1839//1839
f 2196//2196 1840//1840 1841//1841
f 2196//2196 2195//2195 1840//1840
f 2197//2197 1841//1841 1842//1842
f 2197//2197 2196//2196 1841//1841
f 1842//1842 1831//1831 2186//2186
f 1842//1842 2186//2186 2197//2197
f 1844//1844 2198//2198 1845//1845
f 2199//2199 1846//1846 1845//1845
f 2199//2199 1845//1845 2198//2198
f 2200//2200 1847//1847 1846//1846
f 2200//2200 1846//1846 2199//2199
f 2200//2200 1849//1849 1847//1847
f 1852//1852 2201//2201 2198//2198
f 1852//1852 2198//2198 1844//1844
f 2198//2198 2202//2202 2199//2199
f 2198//2198 2201//2201 2202//2202
f 2199//2199 2203//2203 2200//2200
f 2199//2199 2202//2202 2203//2203
f 2204//2204 1853//1853 1849//1849
f 2200//2200 2204//2204 1849//1849
f 2203//2203 2204//2204 2200//2200
f 2204//2204 1855//1855 1853//1853
f 1857//1857 2205//2205 1858//1858
f 2201//2201 1852//1852 1858//1858
f 2205//2205 2201//2201 1858//1858
f 2206//2206 2201//2201 2205//2205
f 2201//2201 2207//2207 2202//2202
f 2201//2201 2206//2206 2207//2207
f 2202//2202 2208//2208 2203//2203
f 2202//2202 2207//2207 2208//2208
f 2203//2203 2209//2209 2204//2204
f 2203//2203 2208//2208 2209//2209
f 2209//2209 1860//1860 1855//1855
f 2209//2209 1855//1855 2204//2204
f 1862//1862 2210//2210 2205//2205
f 1862//1862 2205//2205 1857//1857
f 2205//2205 2211//2211 2206//2206
f 2205//2205 2210//2210 2211//2211
f 2206//2206 2212//2212 2207//2207
f 2206//2206 2211//2211 2212//2212
f 2207//2207 2213//2213 2208//2208
f 2207//2207 2212//2212 2213//2213
f 2208//2208 2214//2214 2209//2209
f 2208//2208 2213//2213 2214//2214
f 2214//2214 1864//1864 1860//1860
f 2214//2214 1860//1860 2209//2209
f 1866//1866 2215//2215 2210//2210
f 1866//1866 2210//2210 1862//1862
f 2210//2210 2216//2216 2211//2211
f 2210//2210 2215//2215 2216//2216
f 2211//2211 2217//2217 2212//2212
f 2211//2211 2216//2216 2217//2217
f 2212//2212 2218//2218 2213//2213
f 2212//2212 2217//2217 2218//2218
f 2213//2213 2219//2219 2214//2214
f 2213//2213 2218//2218 2219//2219
f 2219//2219 1868//1868 1864//1864
f 2219//2219 1864//1864 2214//2214
f 1870//1870 2220//2220 2215//2215
f 1870//1870 2215//2215 1866//1866
f 2215//2215 2221//2221 2216//2216
f 2215//2215 2220//2220 2221//2221
f 2216//2216 2222//2222 2217//2217
f 2216//2216 2221//2221 2222//2222
f 2217//2217 2223//2223 2218//2218
f 2217//2217 2222//2222 2223//2223
f 2218//2218 2224//2224 2219//2219
f 2218//2218 2223//2223 2224//2224
f 2224//2224 1872//1872 1868//1868
f 2224//2224 1868//1868 2219//2219
f 1874//1874 2225//2225 2220//2220
f 1874//1874 2220//2220 1870//1870
f 2220//2220 2226//2226 2221//2221
f 2220//2220 2225//2225 2226//2226
f 2221//2221 2227//2227 2222//2222
f 2221//2221 2226//2226 2227//2227
f 2222//2222 2228//2228 2223//2223
f 2222//2222 2227//2227 2228//2228
f 2223//2223 2229//2229 2224//2224
f 2223//2223 2228//2228 2229//2229
f 2229//2229 1876//1876 1872//1872
f 2229//2229 1872//1872 2224//2224
f 1878//1878 2225//2225 1874//1874
f 2225//2225 1878//1878 1880//1880
f 2230//2230 2225//2225 1880//1880
f 2226//2226 2225//2225 2230//2230
f 2226//2226 2231//2231 2227//2227
f 2226//2226 2230//2230 2231//2231
f 2227//2227 2232//2232 2228//2228
f 2227//2227 2231//2231 2232//2232
f 2228//2228 2233//2233 2229//2229
f 2228//2228 2232//2232 2233//2233
f 2233//2233 1882//1882 1876//1876
f 2233//2233 1876//1876 2229//2229
f 1885//1885 2234//2234 2230//2230
f 1885//1885 2230//2230 1880//1880
f 2230//2230 2235//2235 2231//2231
f 2230//2230 2234//2234 2235//2235
f 2231//2231 2236//2236 2232//2232
f 2231//2231 2235//2235 2236//2236
f 2232//2232 2237//2237 2233//2233
f 2232//2232 2236//2236 2237//2237
f 2237//2237 1887//1887 1882//1882
f 2237//2237 1882//1882 2233//2233
f 1890//1890 2238//2238 2234//2234
f 1890//1890 2234//2234 1885//1885
f 2234//2234 2239//2239 2235//2235
f 2234//2234 2238//2238 2239//2239
f 2235//2235 2240//2240 2236//2236
f 2235//2235 2239//2239 2240//2240
f 2236//2236 2241//2241 2237//2237
f 2236//2236 2240//2240 2241//2241
f 2241//2241 1892//1892 1887//1887
f 2241//2241 1887//1887 2237//2237
f 1895//1895 2242//2242 2238//2238
f 1895//1895 2238//2238 1890//1890
f 2238//2238 2243//2243 2239//2239
f 2238//2238 2242//2242 2243//2243
f 2239//2239 2244//2244 2240//2240
f 2239//2239 2243//2243 2244//2244
f 2240//2240 2245//2245 2241//2241
f 2240//2240 2244//2244 2245//2245
f 2245//2245 1897//1897 1892//1892
f 2245//2245 1892//1892 2241//2241
f 1900//1900 2246//2246 2242//2242
f 1900//1900 2242//2242 1895//1895
f 2242//2242 2247//2247 2243//2243
f 2242//2242 2246//2246 2247//2247
f 2243//2243 2248//2248 2244//2244
f 2243//2243 2247//2247 2248//2248
f 2244//2244 2249//2249 2245//2245
f 2244//2244 2248//2248 2249//2249
f 2249//2249 1902//1902 1897//1897
f 2249//2249 1897//1897 2245//2245
f 1905//1905 2250//2250 2246//2246
f 1905//1905 2246//2246 1900//1900
f 2246//2246 2251//2251 2247//2247
f 2246//2246 2250//2250 2251//2251
f 2247//2247 2252//2252 2248//2248
f 2247//2247 2251//2251 2252//2252
f 2252//2252 1907//1907 1908//1908
f 2249//2249 2252//2252 1908//1908
f 2248//2248 2252//2252 2249//2249
f 2249//2249 1908//1908 1902//1902
f 1911//1911 2253//2253 2250//2250
f 1911//1911 2250//2250 1905//1905
f 2250//2250 2254//2254 2251//2251
f 2250//2250 2253//2253 2254//2254
f 2251//2251 2255//2255 2252//2252
f 2251//2251 2254//2254 2255//2255
f 2255//2255 1913//1913 1907//1907
f 2255//2255 1907//1907 2252//2252
f 1916//1916 2256//2256 2253//2253
f 1916//1916 2253//2253 1911//1911
f 2253//2253 2257//2257 2254//2254
f 2253//2253 2256//2256 2257//2257
f 2254//2254 2258//2258 2255//2255
f 2254//2254 2257//2257 2258//2258
f 2258//2258 1918//1918 1913//1913
f 2258//2258 1913//1913 2255//2255
f 1921//1921 2259//2259 2256//2256
f 1921//1921 2256//2256 1916//1916
f 2256//2256 2260//2260 2257//2257
f 2256//2256 2259//2259 2260//2260
f 2257//2257 2261//2261 2258//2258
f 2257//2257 2260//2260 2261//2261
f 2261//2261 1923//1923 1918//1918
f 2261//2261 1918//1918 2258//2258
f 1926//1926 2262//2262 2259//2259
f 1926//1926 2259//2259 1921//1921
f 2259//2259 2263//2263 2260//2260
f 2259//2259 2262//2262 2263//2263
f 2260//2260 2264//2264 2261//2261
f 2260//2260 2263//2263 2264//2264
f 2264//2264 1928//1928 1923//1923
f 2264//2264 1923//1923 2261//2261
f 1931//1931 2265//2265 2262//2262
f 1931//1931 2262//2262 1926//1926
f 2262//2262 2266//2266 2263//2263
f 2262//2262 2265//2265 2266//2266
f 2263//2263 2267//2267 2264//2264
f 2263//2263 2266//2266 2267//2267
f 2267//2267 1933//1933 1928//1928
f 2267//2267 1928//1928 2264//2264
f 1936//1936 2268//2268 2265//2265
f 1936//1936 2265//2265 1931//1931
f 2265//2265 2269//2269 2266//2266
f 2265//2265 2268//2268 2269//2269
f 2266//2266 2270//2270 2267//2267
f 2266//2266 2269//2269 2270//2270
f 2270//2270 1938//1938 1933//1933
f 2270//2270 1933//1933 2267//2267
f 1941//1941 2271//2271 2268//2268
f 1941//1941 2268//2268 1936//1936
f 2268//2268 2272//2272 2269//2269
f 2268//2268 2271//2271 2272//2272
f 2269//2269 2273//2273 2270//2270
f 2269//2269 2272//2272 2273//2273
f 2273//2273 1943//1943 1938//1938
f 2273//2273 1938//1938 2270//2270
f 1946//1946 2274//2274 2271//2271
f 1946//1946 2271//2271 1941//1941
f 2271//2271 2275//2275 2272//2272
f 2271//2271 2274//2274 2275//2275
f 2272//2272 2276//2276 2273//2273
f 2272//2272 2275//2275 2276//2276
f 2276//2276 1948//1948 1943//1943
f 2276//2276 1943//1943 2273//2273
f 1950//1950 2277//2277 2274//2274
f 1950//1950 2274//2274 1946//1946
f 2274//2274 2278//2278 2275//2275
f 2274//2274 2277//2277 2278//2278
f 2275//2275 2279//2279 2276//2276
f 2275//2275 2278//2278 2279//2279
f 2279//2279 1952//1952 1948//1948
f 2279//2279 1948//1948 2276//2276
f 1954//1954 2280//2280 2277//2277
f 1954//1954 2277//2277 1950//1950
f 2277//2277 2281//2281 2278//2278
f 2277//2277 2280//2280 2281//2281
f 2278//2278 2282//2282 2279//2279
f 2278//2278 2281//2281 2282//2282
f 2282//2282 1956//1956 1952//1952
f 2282//2282 1952//1952 2279//2279
f 1958//1958 2283//2283 2280//2280
f 1958//1958 2280//2280 1954//1954
f 2280//2280 2284//2284 2281//2281
f 2280//2280 2283//2283 2284//2284
f 2281//2281 2285//2285 2282//2282
f 2281//2281 2284//2284 2285//2285
f 2285//2285 1960//1960 1956//1956
f 2285//2285 1956//1956 2282//2282
f 1962//1962 2286//2286 2283//2283
f 1962//1962 2283//2283 1958//1958
f 2283//2283 2287//2287 2284//2284
f 2283//2283 2286//2286 2287//2287
f 2284//2284 2288//2288 2285//2285
f 2284//2284 2287//2287 2288//2288
f 2288//2288 1964//1964 1960//1960
f 2288//2288 1960//1960 2285//2285
f 1966//1966 2289//2289 2286//2286
f 1966//1966 2286//2286 1962//1962
f 2286//2286 2290//2290 2287//2287
f 2286//2286 2289//2289 2290//2290
f 2287//2287 2291//2291 2288//2288
f 2287//2287 2290//2290 2291//2291
f 2291//2291 1968//1968 1964//1964
f 2291//2291 1964//1964 2288//2288
f 1970//1970 2292//2292 2289//2289
f 1970//1970 2289//2289 1966//1966
f 2289//2289 2293//2293 2290//2290
f 2289//2289 2292//2292 2293//2293
f 2290//2290 2294//2294 2291//2291
f 2290//2290 2293//2293 2294//2294
f 2294//2294 1972//1972 1968//1968
f 2294//2294 1968//1968 2291//2291
f 1974//1974 2295//2295 2292//2292
f 1974//1974 2292//2292 1970//1970
f 2292//2292 2296//2296 2293//2293
f 2292//2292 2295//2295 2296//2296
f 2293//2293 2297//2297 2294//2294
f 2293//2293 2296//2296 2297//2297
f 2297//2297 1976//1976 1972//1972
f 2297//2297 1972//1972 2294//2294
f 1978//1978 2298//2298 2295//2295
f 1978//1978 2295//2295 1974//1974
f 2295//2295 2299//2299 2296//2296
f 2295//2295 2298//2298 2299//2299
f 2296//2296 2300//2300 2297//2297
f 2296//2296 2299//2299 2300//2300
f 2300//2300 1980//1980 1976//1976
f 2300//2300 1976//1976 2297//2297
f 1982//1982 2301//2301 2298//2298
f 1982//1982 2298//2298 1978//1978
f 2298//2298 2302//2302 2299//2299
f 2298//2298 2301//2301 2302//2302
f 2299//2299 2303//2303 2300//2300
f 2299//2299 2302//2302 2303//2303
f 2303//2303 1984//1984 1980//1980
f 2303//2303 1980//1980 2300//2300
f 1986//1986 2301//2301 1982//1982
f 2301//2301 1986//1986 1988//1988
f 2304//2304 2301//2301 1988//1988
f 2302//2302 2301//2301 2304//2304
f 2302//2302 2305//2305 2303//2303
f 2302//2302 2304//2304 2305//2305
f 2305//2305 1990//1990 1984//1984
f 2305//2305 1984//1984 2303//2303
f 1993//1993 2306//2306 2304//2304
f 1993//1993 2304//2304 1988//1988
f 2304//2304 2307//2307 2305//2305
f 2304//2304 2306//2306 2307//2307
f 2307//2307 1995//1995 1990//1990
f 2307//2307 1990//1990 2305//2305
f 1997//1997 2308//2308 1998//1998
f 2306//2306 1993//1993 1998//1998
f 2308//2308 2306//2306 1998//1998
f 2309//2309 2306//2306 2308//2308
f 2306//2306 2310//2310 2307//2307
f 2306//2306 2309//2309 2310//2310
f 2310//2310 2000//2000 1995//1995
f 2310//2310 1995//1995 2307//2307
f 2002//2002 2311//2311 2308//2308
f 2002//2002 2308//2308 1997//1997
f 2308//2308 2312//2312 2309//2309
f 2308//2308 2311//2311 2312//2312
f 2309//2309 2313//2313 2310//2310
f 2309//2309 2312//2312 2313//2313
f 2313//2313 2004//2004 2000//2000
f 2313//2313 2000//2000 2310//2310
f 2006//2006 2314//2314 2311//2311
f 2006//2006 2311//2311 2002//2002
f 2311//2311 2315//2315 2312//2312
f 2311//2311 2314//2314 2315//2315
f 2312//2312 2316//2316 2313//2313
f 2312//2312 2315//2315 2316//2316
f 2316//2316 2008//2008 2004//2004
f 2316//2316 2004//2004 2313//2313
f 2010//2010 2317//2317 2314//2314
f 2010//2010 2314//2314 2006//2006
f 2314//2314 2318//2318 2315//2315
f 2314//2314 2317//2317 2318//2318
f 2315//2315 2319//2319 2316//2316
f 2315//2315 2318//2318 2319//2319
f 2319//2319 2012//2012 2008//2008
f 2319//2319 2008//2008 2316//2316
f 2014//2014 2320//2320 2317//2317
f 2014//2014 2317//2317 2010//2010
f 2317//2317 2321//2321 2318//2318
f 2317//2317 2320//2320 2321//2321
f 2318//2318 2322//2322 2319//2319
f 2318//2318 2321//2321 2322//2322
f 2322//2322 2016//2016 2012//2012
f 2322//2322 2012//2012 2319//2319
f 2018//2018 2323//2323 2320//2320
f 2018//2018 2320//2320 2014//2014
f 2320//2320 2324//2324 2321//2321
f 2320//2320 2323//2323 2324//2324
f 2321//2321 2325//2325 2322//2322
f 2321//2321 2324//2324 2325//2325
f 2325//2325 2020//2020 2016//2016
f 2325//2325 2016//2016 2322//2322
f 2022//2022 2326//2326 2323//2323
f 2022//2022 2323//2323 2018//2018
f 2323//2323 2327//2327 2324//2324
f 2323//2323 2326//2326 2327//2327
f 2324//2324 2328//2328 2325//2325
f 2324//2324 2327//2327 2328//2328
f 2328//2328 2024//2024 2020//2020
f 2328//2328 2020//2020 2325//2325
f 2026//2026 2329//2329 2326//2326
f 2026//2026 2326//2326 2022//2022
f 2326//2326 2330//2330 2327//2327
f 2326//2326 2329//2329 2330//2330
f 2327//2327 2331//2331 2328//2328
f 2327//2327 2330//2330 2331//2331
f 2331//2331 2028//2028 2024//2024
f 2331//2331 2024//2024 2328//2328
f 2030//2030 2332//2332 2329//2329
f 2030//2030 2329//2329 2026//2026
f 2329//2329 2333//2333 2330//2330
f 2329//2329 2332//2332 2333//2333
f 2330//2330 2334//2334 2331//2331
f 2330//2330 2333//2333 2334//2334
f 2334//2334 2032//2032 2028//2028
f 2334//2334 2028//2028 2331//2331
f 2035//2035 2335//2335 2332//2332
f 2035//2035 2332//2332 2030//2030
f 2332//2332 2336//2336 2333//2333
f 2332//2332 2335//2335 2336//2336
f 2333//2333 2337//2337 2334//2334
f 2333//2333 2336//2336 2337//2337
f 2337//2337 2037//2037 2032//2032
f 2337//2337 2032//2032 2334//2334
f 2040//2040 2338//2338 2335//2335
f 2040//2040 2335//2335 2035//2035
f 2335//2335 2339//2339 2336//2336
f 2335//2335 2338//2338 2339//2339
f 2336//2336 2340//2340 2337//2337
f 2336//2336 2339//2339 2340//2340
f 2340//2340 2042//2042 2037//2037
f 2340//2340 2037//2037 2337//2337
f 2045//2045 2341//2341 2338//2338
f 2045//2045 2338//2338 2040//2040
f 2338//2338 2342//2342 2339//2339
f 2338//2338 2341//2341 2342//2342
f 2339//2339 2343//2343 2340//2340
f 2339//2339 2342//2342 2343//2343
f 2343//2343 2047//2047 2042//2042
f 2343//2343 2042//2042 2340//2340
f 2050//2050 2344//2344 2341//2341
f 2050//2050 2341//2341 2045//2045
f 2341//2341 2345//2345 2342//2342
f 2341//2341 2344//2344 2345//2345
f 2342//2342 2346//2346 2343//2343
f 2342//2342 2345//2345 2346//2346
f 2346//2346 2052//2052 2047//2047
f 2346//2346 2047//2047 2343//2343
f 2056//2056 2347//2347 2344//2344
f 2056//2056 2344//2344 2050//2050
f 2344//2344 2348//2348 2345//2345
f 2344//2344 2347//2347 2348//2348
f 2345//2345 2349//2349 2346//2346
f 2345//2345 2348//2348 2349//2349
f 2349//2349 2058//2058 2052//2052
f 2349//2349 2052//2052 2346//2346
f 2062//2062 2350//2350 2347//2347
f 2062//2062 2347//2347 2056//2056
f 2347//2347 2351//2351 2348//2348
f 2347//2347 2350//2350 2351//2351
f 2348//2348 2352//2352 2349//2349
f 2348//2348 2351//2351 2352//2352
f 2352//2352 2064//2064 2058//2058
f 2352//2352 2058//2058 2349//2349
f 2068//2068 2353//2353 2350//2350
f 2068//2068 2350//2350 2062//2062
f 2350//2350 2354//2354 2351//2351
f 2350//2350 2353//2353 2354//2354
f 2351//2351 2355//2355 2352//2352
f 2351//2351 2354//2354 2355//2355
f 2355//2355 2070//2070 2064//2064
f 2355//2355 2064//2064 2352//2352
f 2074//2074 2356//2356 2353//2353
f 2074//2074 2353//2353 2068//2068
f 2353//2353 2357//2357 2354//2354
f 2353//2353 2356//2356 2357//2357
f 2354//2354 2358//2358 2355//2355
f 2354//2354 2357//2357 2358//2358
f 2358//2358 2076//2076 2070//2070
f 2358//2358 2070//2070 2355//2355
f 2080//2080 2359//2359 2356//2356
f 2080//2080 2356//2356 2074//2074
f 2356//2356 2360//2360 2357//2357
f 2356//2356 2359//2359 2360//2360
f 2357//2357 2361//2361 2358//2358
f 2357//2357 2360//2360 2361//2361
f 2362//2362 2081//2081 2076//2076
f 2358//2358 2362//2362 2076//2076
f 2361//2361 2362//2362 2358//2358
f 2362//2362 2083//2083 2081//2081
f 2086//2086 2363//2363 2359//2359
f 2086//2086 2359//2359 2080//2080
f 2359//2359 2364//2364 2360//2360
f 2359//2359 2363//2363 2364//2364
f 2360//2360 2365//2365 2361//2361
f 2360//2360 2364//2364 2365//2365
f 2361//2361 2366//2366 2362//2362
f 2361//2361 2365//2365 2366//2366
f 2366//2366 2088//2088 2083//2083
f 2366//2366 2083//2083 2362//2362
f 2091//2091 2367//2367 2363//2363
f 2091//2091 2363//2363 2086//2086
f 2363//2363 2368//2368 2364//2364
f 2363//2363 2367//2367 2368//2368
f 2364//2364 2369//2369 2365//2365
f 2364//2364 2368//2368 2369//2369
f 2365//2365 2370//2370 2366//2366
f 2365//2365 2369//2369 2370//2370
f 2370//2370 2093//2093 2088//2088
f 2370//2370 2088//2088 2366//2366
f 2095//2095 2371//2371 2096//2096
f 2367//2367 2091//2091 2096//2096
f 2371//2371 2367//2367 2096//2096
f 2372//2372 2367//2367 2371//2371
f 2367//2367 2373//2373 2368//2368
f 2367//2367 2372//2372 2373//2373
f 2368//2368 2374//2374 2369//2369
f 2368//2368 2373//2373 2374//2374
f 2369//2369 2375//2375 2370//2370
f 2369//2369 2374//2374 2375//2375
f 2375//2375 2098//2098 2093//2093
f 2375//2375 2093//2093 2370//2370
f 2100//2100 2376//2376 2371//2371
f 2100//2100 2371//2371 2095//2095
f 2371//2371 2377//2377 2372//2372
f 2371//2371 2376//2376 2377//2377
f 2372//2372 2378//2378 2373//2373
f 2372//2372 2377//2377 2378//2378
f 2373//2373 2379//2379 2374//2374
f 2373//2373 2378//2378 2379//2379
f 2374//2374 2380//2380 2375//2375
f 2374//2374 2379//2379 2380//2380
f 2380//2380 2102//2102 2098//2098
f 2380//2380 2098//2098 2375//2375
f 2104//2104 2381//2381 2376//2376
f 2104//2104 2376//2376 2100//2100
f 2376//2376 2382//2382 2377//2377
f 2376//2376 2381//2381 2382//2382
f 2377//2377 2383//2383 2378//2378
f 2377//2377 2382//2382 2383//2383
f 2378//2378 2384//2384 2379//2379
f 2378//2378 2383//2383 2384//2384
f 2379//2379 2385//2385 2380//2380
f 2379//2379 2384//2384 2385//2385
f 2385//2385 2106//2106 2102//2102
f 2385//2385 2102//2102 2380//2380
f 2108//2108 2386//2386 2381//2381
f 2108//2108 2381//2381 2104//2104
f 2381//2381 2387//2387 2382//2382
f 2381//2381 2386//2386 2387//2387
f 2382//2382 2388//2388 2383//2383
f 2382//2382 2387//2387 2388//2388
f 2383//2383 2389//2389 2384//2384
f 2383//2383 2388//2388 2389//2389
f 2384//2384 2390//2390 2385//2385
f 2384//2384 2389//2389 2390//2390
f 2390//2390 2110//2110 2106//2106
f 2390//2390 2106//2106 2385//2385
f 2112//2112 2391//2391 2386//2386
f 2112//2112 2386//2386 2108//2108
f 2386//2386 2392//2392 2387//2387
f 2386//2386 2391//2391 2392//2392
f 2387//2387 2393//2393 2388//2388
f 2387//2387 2392//2392 2393//2393
f 2388//2388 2394//2394 2389//2389
f 2388//2388 2393//2393 2394//2394
f 2389//2389 2395//2395 2390//2390
f 2389//2389 2394//2394 2395//2395
f 2395//2395 2114//2114 2110//2110
f 2395//2395 2110//2110 2390//2390
f 2116//2116 2396//2396 2391//2391
f 2116//2116 2391//2391 2112//2112
f 2391//2391 2397//2397 2392//2392
f 2391//2391 2396//2396 2397//2397
f 2392//2392 2398//2398 2393//2393
f 2392//2392 2397//2397 2398//2398
f 2393//2393 2399//2399 2394//2394
f 2393//2393 2398//2398 2399//2399
f 2394//2394 2400//2400 2395//2395
f 2394//2394 2399//2399 2400//2400
f 2400//2400 2118//2118 2114//2114
f 2400//2400 2114//2114 2395//2395
f 2120//2120 2401//2401 2396//2396
f 2120//2120 2396//2396 2116//2116
f 2396//2396 2402//2402 2397//2397
f 2396//2396 2401//2401 2402//2402
f 2397//2397 2403//2403 2398//2398
f 2397//2397 2402//2402 2403//2403
f 2398//2398 2404//2404 2399//2399
f 2398//2398 2403//2403 2404//2404
f 2399//2399 2405//2405 2400//2400
f 2399//2399 2404//2404 2405//2405
f 2405//2405 2122//2122 2118//2118
f 2405//2405 2118//2118 2400//2400
f 2124//2124 2406//2406 2401//2401
f 2124//2124 2401//2401 2120//2120
f 2401//2401 2407//2407 2402//2402
f 2401//2401 2406//2406 2407//2407
f 2402//2402 2408//2408 2403//2403
f 2402//2402 2407//2407 2408//2408
f 2403//2403 2409//2409 2404//2404
f 2403//2403 2408//2408 2409//2409
f 2404//2404 2410//2410 2405//2405
f 2404//2404 2409//2409 2410//2410
f 2410//2410 2126//2126 2122//2122
f 2410//2410 2122//2122 2405//2405
f 2128//2128 2411//2411 2406//2406
f 2128//2128 2406//2406 2124//2124
f 2406//2406 2412//2412 2407//2407
f 2406//2406 2411//2411 2412//2412
f 2407//2407 2413//2413 2408//2408
f 2407//2407 2412//2412 2413//2413
f 2408//2408 2414//2414 2409//2409
f 2408//2408 2413//2413 2414//2414
f 2409//2409 2415//2415 2410//2410
f 2409//2409 2414//2414 2415//2415
f 2415//2415 2130//2130 2126//2126
f 2415//2415 2126//2126 2410//2410
f 2132//2132 2416//2416 2411//2411
f 2132//2132 2411//2411 2128//2128
f 2411//2411 2417//2417 2412//2412
f 2411//2411 2416//2416 2417//2417
f 2412//2412 2418//2418 2413//2413
f 2412//2412 2417//2417 2418//2418
f 2413//2413 2419//2419 2414//2414
f 2413//2413 2418//2418 2419//2419
f 2414//2414 2420//2420 2415//2415
f 2414//2414 2419//2419 2420//2420
f 2421//2421 2133//2133 2130//2130
f 2415//2415 2421//2421 2130//2130
f 2420//2420 2421//2421 2415//2415
f 2421//2421 2134//2134 2133//2133
f 2136//2136 2422//2422 2416//2416
f 2136//2136 2416//2416 2132//2132
f 2416//2416 2423//2423 2417//2417
f 2416//2416 2422//2422 2423//2423
f 2425//2425 2418//2418 2424//2424
f 2418//2418 2423//2423 2424//2424
f 2418//2418 2417//2417 2423//2423
f 2427//2427 2426//2426 2425//2425
f 2426//2426 2418//2418 2425//2425
f 2426//2426 2419//2419 2418//2418
f 2419//2419 2428//2428 2420//2420
f 2419//2419 2426//2426 2428//2428
f 2420//2420 2429//2429 2421//2421
f 2420//2420 2428//2428 2429//2429
f 2429//2429 2138//2138 2134//2134
f 2429//2429 2134//2134 2421//2421
f 2140//2140 2430//2430 2139//2139
f 2422//2422 2136//2136 2139//2139
f 2430//2430 2422//2422 2139//2139
f 2431//2431 2422//2422 2430//2430
f 2422//2422 2432//2432 2423//2423
f 2422//2422 2431//2431 2432//2432
f 2424//2424 2423//2423 2433//2433
f 2433//2433 2423//2423 2432//2432
f 2427//2427 2434//2434 2426//2426
f 2436//2436 2435//2435 2434//2434
f 2435//2435 2426//2426 2434//2434
f 2435//2435 2428//2428 2426//2426
f 2428//2428 2437//2437 2429//2429
f 2428//2428 2435//2435 2437//2437
f 2437//2437 2142//2142 2138//2138
f 2437//2437 2138//2138 2429//2429
f 2143//2143 2438//2438 2430//2430
f 2143//2143 2430//2430 2140//2140
f 2430//2430 2439//2439 2431//2431
f 2430//2430 2438//2438 2439//2439
f 2441//2441 2432//2432 2440//2440
f 2432//2432 2439//2439 2440//2440
f 2432//2432 2431//2431 2439//2439
f 2432//2432 2441//2441 2433//2433
f 2435//2435 2436//2436 2442//2442
f 2442//2442 2436//2436 2443//2443
f 2435//2435 2444//2444 2437//2437
f 2435//2435 2442//2442 2444//2444
f 2444//2444 2145//2145 2142//2142
f 2444//2444 2142//2142 2437//2437
f 2147//2147 2445//2445 2438//2438
f 2147//2147 2438//2438 2143//2143
f 2438//2438 2446//2446 2439//2439
f 2438//2438 2445//2445 2446//2446
f 2440//2440 2439//2439 2447//2447
f 2447//2447 2439//2439 2446//2446
f 2442//2442 2443//2443 2448//2448
f 2448//2448 2443//2443 2449//2449
f 2442//2442 2450//2450 2444//2444
f 2442//2442 2448//2448 2450//2450
f 2450//2450 2149//2149 2145//2145
f 2450//2450 2145//2145 2444//2444
f 2151//2151 2451//2451 2445//2445
f 2151//2151 2445//2445 2147//2147
f 2445//2445 2452//2452 2446//2446
f 2445//2445 2451//2451 2452//2452
f 2447//2447 2446//2446 2453//2453
f 2453//2453 2446//2446 2452//2452
f 2448//2448 2449//2449 2454//2454
f 2454//2454 2449//2449 2455//2455
f 2448//2448 2456//2456 2450//2450
f 2448//2448 2454//2454 2456//2456
f 2456//2456 2153//2153 2149//2149
f 2456//2456 2149//2149 2450//2450
f 2155//2155 2457//2457 2451//2451
f 2155//2155 2451//2451 2151//2151
f 2451//2451 2458//2458 2452//2452
f 2451//2451 2457//2457 2458//2458
f 2453//2453 2452//2452 2459//2459
f 2459//2459 2452//2452 2458//2458
f 2454//2454 2455//2455 2460//2460
f 2460//2460 2455//2455 2461//2461
f 2454//2454 2462//2462 2456//2456
f 2454//2454 2460//2460 2462//2462
f 2462//2462 2157//2157 2153//2153
f 2462//2462 2153//2153 2456//2456
f 2159//2159 2463//2463 2457//2457
f 2159//2159 2457//2457 2155//2155
f 2465//2465 2458//2458 2464//2464
f 2458//2458 2463//2463 2464//2464
f 2458//2458 2457//2457 2463//2463
f 2458//2458 2465//2465 2459//2459
f 2461//2461 2466//2466 2460//2460
f 2468//2468 2467//2467 2466//2466
f 2467//2467 2460//2460 2466//2466
f 2467//2467 2462//2462 2460//2460
f 2467//2467 2161//2161 2157//2157
f 2467//2467 2157//2157 2462//2462
f 2470//2470 2469//2469 2162//2162
f 2470//2470 2162//2162 2163//2163
f 2159//2159 2162//2162 2463//2463
f 2162//2162 2471//2471 2463//2463
f 2162//2162 2469//2469 2471//2471
f 2463//2463 2471//2471 2464//2464
f 2468//2468 2472//2472 2467//2467
f 2467//2467 2472//2472 2161//2161
f 2472//2472 2164//2164 2161//2161
f 2472//2472 2473//2473 2164//2164
f 2165//2165 2164//2164 2473//2473
f 2165//2165 2473//2473 2474//2474
f 2167//2167 2470//2470 2163//2163
f 2167//2167 2475//2475 2470//2470
f 2474//2474 2476//2476 2165//2165
f 2165//2165 2476//2476 2168//2168
f 2169//2169 2168//2168 2476//2476
f 2169//2169 2476//2476 2477//2477
f 2479//2479 2478//2478 2170//2170
f 2479//2479 2170//2170 2171//2171
f 2167//2167 2170//2170 2475//2475
f 2475//2475 2170//2170 2478//2478
f 2477//2477 2172//2172 2169//2169
f 2480//2480 2172//2172 2477//2477
f 2173//2173 2479//2479 2171//2171
f 2173//2173 2481//2481 2479//2479
f 2480//2480 2174//2174 2172//2172
f 2482//2482 2174//2174 2480//2480
f 2175//2175 2481//2481 2173//2173
f 2175//2175 2483//2483 2481//2481
f 2482//2482 2176//2176 2174//2174
f 2484//2484 2176//2176 2482//2482
f 2177//2177 2483//2483 2175//2175
f 2177//2177 2485//2485 2483//2483
f 2484//2484 2178//2178 2176//2176
f 2486//2486 2178//2178 2484//2484
f 2179//2179 2485//2485 2177//2177
f 2179//2179 2487//2487 2485//2485
f 2486//2486 2180//2180 2178//2178
f 2488//2488 2180//2180 2486//2486
f 2181//2181 2487//2487 2179//2179
f 2181//2181 2489//2489 2487//2487
f 2488//2488 2182//2182 2180//2180
f 2490//2490 2182//2182 2488//2488
f 2183//2183 2489//2489 2181//2181
f 2183//2183 2491//2491 2489//2489
f 2490//2490 2184//2184 2182//2182
f 2492//2492 2184//2184 2490//2490
f 2185//2185 2491//2491 2183//2183
f 2185//2185 2493//2493 2491//2491
f 2492//2492 2186//2186 2184//2184
f 2494//2494 2186//2186 2492//2492
f 2495//2495 2493//2493 2185//2185
f 2495//2495 2185//2185 2187//2187
f 2496//2496 2187//2187 2188//2188
f 2496//2496 2495//2495 2187//2187
f 2497//2497 2188//2188 2189//2189
f 2497//2497 2496//2496 2188//2188
f 2498//2498 2189//2189 2190//2190
f 2498//2498 2497//2497 2189//2189
f 2499//2499 2190//2190 2191//2191
f 2499//2499 2498//2498 2190//2190
f 2500//2500 2191//2191 2192//2192
f 2500//2500 2499//2499 2191//2191
f 2501//2501 2192//2192 2193//2193
f 2501//2501 2500//2500 2192//2192
f 2502//2502 2193//2193 2194//2194
f 2502//2502 2501//2501 2193//2193
f 2503//2503 2194//2194 2195//2195
f 2503//2503 2502//2502 2194//2194
f 2504//2504 2195//2195 2196//2196
f 2504//2504 2503//2503 2195//2195
f 2505//2505 2196//2196 2197//2197
f 2505//2505 2504//2504 2196//2196
f 2197//2197 2186//2186 2494//2494
f 2197//2197 2494//2494 2505//2505
f 2424//2424 2506//2506 2425//2425
f 2506//2506 2427//2427 2425//2425
f 2433//2433 2507//2507 2506//2506
f 2433//2433 2506//2506 2424//2424
f 2508//2508 2434//2434 2427//2427
f 2506//2506 2508//2508 2427//2427
f 2507//2507 2508//2508 2506//2506
f 2508//2508 2436//2436 2434//2434
f 2440//2440 2509//2509 2441//2441
f 2507//2507 2433//2433 2441//2441
f 2509//2509 2507//2507 2441//2441
f 2510//2510 2507//2507 2509//2509
f 2507//2507 2511//2511 2508//2508
f 2507//2507 2510//2510 2511//2511
f 2511//2511 2443//2443 2436//2436
f 2511//2511 2436//2436 2508//2508
f 2447//2447 2512//2512 2509//2509
f 2447//2447 2509//2509 2440//2440
f 2509//2509 2513//2513 2510//2510
f 2509//2509 2512//2512 2513//2513
f 2510//2510 2514//2514 2511//2511
f 2510//2510 2513//2513 2514//2514
f 2514//2514 2449//2449 2443//2443
f 2514//2514 2443//2443 2511//2511
f 2453//2453 2515//2515 2512//2512
f 2453//2453 2512//2512 2447//2447
f 2512//2512 2516//2516 2513//2513
f 2512//2512 2515//2515 2516//2516
f 2513//2513 2517//2517 2514//2514
f 2513//2513 2516//2516 2517//2517
f 2517//2517 2455//2455 2449//2449
f 2517//2517 2449//2449 2514//2514
f 2459//2459 2518//2518 2515//2515
f 2459//2459 2515//2515 2453//2453
f 2515//2515 2519//2519 2516//2516
f 2515//2515 2518//2518 2519//2519
f 2516//2516 2520//2520 2517//2517
f 2516//2516 2519//2519 2520//2520
f 2520//2520 2461//2461 2455//2455
f 2520//2520 2455//2455 2517//2517
f 2464//2464 2521//2521 2465//2465
f 2518//2518 2459//2459 2465//2465
f 2521//2521 2518//2518 2465//2465
f 2522//2522 2518//2518 2521//2521
f 2518//2518 2523//2523 2519//2519
f 2518//2518 2522//2522 2523//2523
f 2519//2519 2524//2524 2520//2520
f 2519//2519 2523//2523 2524//2524
f 2525//2525 2466//2466 2461//2461
f 2520//2520 2525//2525 2461//2461
f 2524//2524 2525//2525 2520//2520
f 2525//2525 2468//2468 2466//2466
f 2470//2470 2526//2526 2469//2469
f 2469//2469 2526//2526 2527//2527
f 2528//2528 2469//2469 2527//2527
f 2471//2471 2469//2469 2528//2528
f 2464//2464 2471//2471 2521//2521
f 2471//2471 2529//2529 2521//2521
f 2471//2471 2528//2528 2529//2529
f 2521//2521 2529//2529 2522//2522
f 2522//2522 2529//2529 2530//2530
f 2522//2522 2530//2530 2523//2523
f 2523//2523 2530//2530 2531//2531
f 2523//2523 2531//2531 2524//2524
f 2524//2524 2531//2531 2532//2532
f 2524//2524 2532//2532 2525//2525
f 2525//2525 2532//2532 2533//2533
f 2525//2525 2533//2533 2468//2468
f 2533//2533 2472//2472 2468//2468
f 2533//2533 2534//2534 2472//2472
f 2534//2534 2536//2536 2535//2535
f 2473//2473 2534//2534 2535//2535
f 2472//2472 2534//2534 2473//2473
f 2535//2535 2474//2474 2473//2473
f 2538//2538 2537//2537 2526//2526
f 2470//2470 2538//2538 2526//2526
f 2475//2475 2538//2538 2470//2470
f 2526//2526 2537//2537 2527//2527
f 2536//2536 2539//2539 2535//2535
f 2535//2535 2539//2539 2474//2474
f 2539//2539 2476//2476 2474//2474
f 2539//2539 2540//2540 2476//2476
f 2477//2477 2476//2476 2540//2540
f 2477//2477 2540//2540 2541//2541
f 2543//2543 2542//2542 2478//2478
f 2543//2543 2478//2478 2479//2479
f 2475//2475 2478//2478 2538//2538
f 2538//2538 2478//2478 2542//2542
f 2541//2541 2480//2480 2477//2477
f 2544//2544 2480//2480 2541//2541
f 2481//2481 2543//2543 2479//2479
f 2481//2481 2545//2545 2543//2543
f 2544//2544 2482//2482 2480//2480
f 2546//2546 2482//2482 2544//2544
f 2483//2483 2545//2545 2481//2481
f 2483//2483 2547//2547 2545//2545
f 2546//2546 2484//2484 2482//2482
f 2548//2548 2484//2484 2546//2546
f 2485//2485 2547//2547 2483//2483
f 2485//2485 2549//2549 2547//2547
f 2548//2548 2486//2486 2484//2484
f 2550//2550 2486//2486 2548//2548
f 2487//2487 2549//2549 2485//2485
f 2487//2487 2551//2551 2549//2549
f 2550//2550 2488//2488 2486//2486
f 2552//2552 2488//2488 2550//2550
f 2489//2489 2551//2551 2487//2487
f 2489//2489 2553//2553 2551//2551
f 2552//2552 2490//2490 2488//2488
f 2554//2554 2490//2490 2552//2552
f 2491//2491 2553//2553 2489//2489
f 2491//2491 2555//2555 2553//2553
f 2554//2554 2492//2492 2490//2490
f 2556//2556 2492//2492 2554//2554
f 2493//2493 2555//2555 2491//2491
f 2493//2493 2557//2557 2555//2555
f 2556//2556 2494//2494 2492//2492
f 2558//2558 2494//2494 2556//2556
f 2559//2559 2557//2557 2493//2493
f 2559//2559 2493//2493 2495//2495
f 2560//2560 2495//2495 2496//2496
f 2560//2560 2559//2559 2495//2495
f 2561//2561 2496//2496 2497//2497
f 2561//2561 2560//2560 2496//2496
f 2562//2562 2497//2497 2498//2498
f 2562//2562 2561//2561 2497//2497
f 2563//2563 2498//2498 2499//2499
f 2563//2563 2562//2562 2498//2498
f 2564//2564 2499//2499 2500//2500
f 2564//2564 2563//2563 2499//2499
f 2565//2565 2500//2500 2501//2501
f 2565//2565 2564//2564 2500//2500
f 2566//2566 2501//2501 2502//2502
f 2566//2566 2565//2565 2501//2501
f 2567//2567 2502//2502 2503//2503
f 2567//2567 2566//2566 2502//2502
f 2568//2568 2503//2503 2504//2504
f 2568//2568 2567//2567 2503//2503
f 2569//2569 2504//2504 2505//2505
f 2569//2569 2568//2568 2504//2504
f 2505//2505 2494//2494 2558//2558
f 2505//2505 2558//2558 2569//2569
f 2571//2571 2570//2570 2528//2528
f 2571//2571 2528//2528 2527//2527
f 2528//2528 2572//2572 2529//2529
f 2570//2570 2572//2572 2528//2528
f 2529//2529 2573//2573 2530//2530
f 2572//2572 2573//2573 2529//2529
f 2530//2530 2574//2574 2531//2531
f 2573//2573 2574//2574 2530//2530
f 2531//2531 2575//2575 2532//2532
f 2574//2574 2575//2575 2531//2531
f 2532//2532 2576//2576 2533//2533
f 2575//2575 2576//2576 2532//2532
f 2533//2533 2577//2577 2534//2534
f 2576//2576 2577//2577 2533//2533
f 2536//2536 2534//2534 2577//2577
f 2536//2536 2577//2577 2578//2578
f 2580//2580 2579//2579 2537//2537
f 2580//2580 2537//2537 2538//2538
f 2527//2527 2537//2537 2571//2571
f 2571//2571 2537//2537 2579//2579
f 2578//2578 2581//2581 2536//2536
f 2536//2536 2581//2581 2539//2539
f 2539//2539 2582//2582 2540//2540
f 2581//2581 2582//2582 2539//2539
f 2541//2541 2540//2540 2582//2582
f 2541//2541 2582//2582 2583//2583
f 2585//2585 2584//2584 2542//2542
f 2585//2585 2542//2542 2543//2543
f 2538//2538 2542//2542 2580//2580
f 2580//2580 2542//2542 2584//2584
f 2583//2583 2544//2544 2541//2541
f 2586//2586 2544//2544 2583//2583
f 2545//2545 2585//2585 2543//2543
f 2545//2545 2587//2587 2585//2585
f 2586//2586 2546//2546 2544//2544
f 2588//2588 2546//2546 2586//2586
f 2547//2547 2587//2587 2545//2545
f 2547//2547 2589//2589 2587//2587
f 2588//2588 2548//2548 2546//2546
f 2590//2590 2548//2548 2588//2588
f 2549//2549 2589//2589 2547//2547
f 2549//2549 2591//2591 2589//2589
f 2590//2590 2550//2550 2548//2548
f 2592//2592 2550//2550 2590//2590
f 2551//2551 2591//2591 2549//2549
f 2551//2551 2593//2593 2591//2591
f 2592//2592 2552//2552 2550//2550
f 2594//2594 2552//2552 2592//2592
f 2553//2553 2593//2593 2551//2551
f 2553//2553 2595//2595 2593//2593
f 2594//2594 2554//2554 2552//2552
f 2596//2596 2554//2554 2594//2594
f 2555//2555 2595//2595 2553//2553
f 2555//2555 2597//2597 2595//2595
f 2596//2596 2556//2556 2554//2554
f 2598//2598 2556//2556 2596//2596
f 2557//2557 2597//2597 2555//2555
f 2557//2557 2599//2599 2597//2597
f 2598//2598 2558//2558 2556//2556
f 2600//2600 2558//2558 2598//2598
f 2601//2601 2599//2599 2557//2557
f 2601//2601 2557//2557 2559//2559
f 2602//2602 2559//2559 2560//2560
f 2602//2602 2601//2601 2559//2559
f 2603//2603 2560//2560 2561//2561
f 2603//2603 2602//2602 2560//2560
f 2604//2604 2561//2561 2562//2562
f 2604//2604 2603//2603 2561//2561
f 2605//2605 2562//2562 2563//2563
f 2605//2605 2604//2604 2562//2562
f 2606//2606 2563//2563 2564//2564
f 2606//2606 2605//2605 2563//2563
f 2607//2607 2564//2564 2565//2565
f 2607//2607 2606//2606 2564//2564
f 2608//2608 2565//2565 2566//2566
f 2608//2608 2607//2607 2565//2565
f 2609//2609 2566//2566 2567//2567
f 2609//2609 2608//2608 2566//2566
f 2610//2610 2567//2567 2568//2568
f 2610//2610 2609//2609 2567//2567
f 2611//2611 2568//2568 2569//2569
f 2611//2611 2610//2610 2568//2568
f 2569//2569 2558//2558 2600//2600
f 2569//2569 2600//2600 2611//2611
f 2614//2614 2613//2613 2612//2612
f 2616//2616 2615//2615 2612//2612
f 2616//2616 2612//2612 2613//2613
f 2618//2618 2617//2617 2615//2615
f 2618//2618 2615//2615 2616//2616
f 2619//2619 2617//2617 2618//2618
f 2621//2621 2620//2620 2570//2570
f 2621//2621 2570//2570 2571//2571
f 2570//2570 2622//2622 2572//2572
f 2620//2620 2622//2622 2570//2570
f 2612//2612 2573//2573 2614//2614
f 2573//2573 2622//2622 2614//2614
f 2573//2573 2572//2572 2622//2622
f 2573//2573 2612//2612 2574//2574
f 2574//2574 2612//2612 2615//2615
f 2574//2574 2615//2615 2575//2575
f 2575//2575 2615//2615 2617//2617
f 2619//2619 2623//2623 2617//2617
f 2623//2623 2575//2575 2617//2617
f 2623//2623 2576//2576 2575//2575
f 2576//2576 2624//2624 2577//2577
f 2623//2623 2624//2624 2576//2576
f 2626//2626 2625//2625 2578//2578
f 2577//2577 2626//2626 2578//2578
f 2624//2624 2626//2626 2577//2577
f 2627//2627 2625//2625 2626//2626
f 2629//2629 2628//2628 2579//2579
f 2629//2629 2579//2579 2580//2580
f 2571//2571 2579//2579 2621//2621
f 2621//2621 2579//2579 2628//2628
f 2625//2625 2581//2581 2578//2578
f 2627//2627 2630//2630 2625//2625
f 2630//2630 2581//2581 2625//2625
f 2630//2630 2582//2582 2581//2581
f 2583//2583 2582//2582 2630//2630
f 2583//2583 2630//2630 2631//2631
f 2633//2633 2632//2632 2584//2584
f 2633//2633 2584//2584 2585//2585
f 2580//2580 2584//2584 2629//2629
f 2629//2629 2584//2584 2632//2632
f 2631//2631 2586//2586 2583//2583
f 2634//2634 2586//2586 2631//2631
f 2587//2587 2633//2633 2585//2585
f 2587//2587 2635//2635 2633//2633
f 2634//2634 2588//2588 2586//2586
f 2636//2636 2588//2588 2634//2634
f 2589//2589 2635//2635 2587//2587
f 2589//2589 2637//2637 2635//2635
f 2636//2636 2590//2590 2588//2588
f 2638//2638 2590//2590 2636//2636
f 2591//2591 2637//2637 2589//2589
f 2591//2591 2639//2639 2637//2637
f 2638//2638 2592//2592 2590//2590
f 2640//2640 2592//2592 2638//2638
f 2593//2593 2639//2639 2591//2591
f 2593//2593 2641//2641 2639//2639
f 2640//2640 2594//2594 2592//2592
f 2642//2642 2594//2594 2640//2640
f 2595//2595 2641//2641 2593//2593
f 2595//2595 2643//2643 2641//2641
f 2642//2642 2596//2596 2594//2594
f 2644//2644 2596//2596 2642//2642
f 2597//2597 2643//2643 2595//2595
f 2597//2597 2645//2645 2643//2643
f 2644//2644 2598//2598 2596//2596
f 2646//2646 2598//2598 2644//2644
f 2599//2599 2645//2645 2597//2597
f 2599//2599 2647//2647 2645//2645
f 2646//2646 2600//2600 2598//2598
f 2648//2648 2600//2600 2646//2646
f 2649//2649 2647//2647 2599//2599
f 2649//2649 2599//2599 2601//2601
f 2650//2650 2601//2601 2602//2602
f 2650//2650 2649//2649 2601//2601
f 2651//2651 2602//2602 2603//2603
f 2651//2651 2650//2650 2602//2602
f 2652//2652 2603//2603 2604//2604
f 2652//2652 2651//2651 2603//2603
f 2653//2653 2604//2604 2605//2605
f 2653//2653 2652//2652 2604//2604
f 2654//2654 2605//2605 2606//2606
f 2654//2654 2653//2653 2605//2605
f 2655//2655 2606//2606 2607//2607
f 2655//2655 2654//2654 2606//2606
f 2656//2656 2607//2607 2608//2608
f 2656//2656 2655//2655 2607//2607
f 2657//2657 2608//2608 2609//2609
f 2657//2657 2656//2656 2608//2608
f 2658//2658 2609//2609 2610//2610
f 2658//2658 2657//2657 2609//2609
f 2659//2659 2610//2610 2611//2611
f 2659//2659 2658//2658 2610//2610
f 2611//2611 2600//2600 2648//2648
f 2611//2611 2648//2648 2659//2659
f 2662//2662 2661//2661 2660//2660
f 2663//2663 2660//2660 2661//2661
f 2662//2662 2660//2660 2664//2664
f 2662//2662 2664//2664 2665//2665
f 2660//2660 2663//2663 2666//2666
f 2667//2667 2660//2660 2666//2666
f 2664//2664 2660//2660 2667//2667
f 2668//2668 2667//2667 2666//2666
f 2665//2665 2664//2664 2669//2669
f 2665//2665 2669//2669 2670//2670
f 2671//2671 2664//2664 2667//2667
f 2669//2669 2664//2664 2671//2671
f 2667//2667 2668//2668 2672//2672
f 2667//2667 2672//2672 2671//2671
f 2670//2670 2669//2669 2673//2673
f 2670//2670 2673//2673 2674//2674
f 2675//2675 2669//2669 2671//2671
f 2673//2673 2669//2669 2675//2675
f 2671//2671 2672//2672 2676//2676
f 2671//2671 2676//2676 2675//2675
f 2674//2674 2673//2673 2677//2677
f 2674//2674 2677//2677 2678//2678
f 2679//2679 2673//2673 2675//2675
f 2677//2677 2673//2673 2679//2679
f 2675//2675 2676//2676 2680//2680
f 2675//2675 2680//2680 2679//2679
f 2678//2678 2677//2677 2681//2681
f 2678//2678 2681//2681 2682//2682
f 2683//2683 2677//2677 2679//2679
f 2681//2681 2677//2677 2683//2683
f 2679//2679 2680//2680 2684//2684
f 2679//2679 2684//2684 2683//2683
f 2682//2682 2681//2681 2685//2685
f 2682//2682 2685//2685 2686//2686
f 2687//2687 2681//2681 2683//2683
f 2685//2685 2681//2681 2687//2687
f 2683//2683 2684//2684 2688//2688
f 2683//2683 2688//2688 2687//2687
f 2686//2686 2685//2685 2689//2689
f 2686//2686 2689//2689 2690//2690
f 2687//2687 2692//2692 2691//2691
f 2689//2689 2687//2687 2691//2691
f 2685//2685 2687//2687 2689//2689
f 2692//2692 2687//2687 2688//2688
f 2690//2690 2689//2689 2693//2693
f 2690//2690 2693//2693 2694//2694
f 2689//2689 2691//2691 2695//2695
f 2689//2689 2695//2695 2693//2693
f 2694//2694 2693//2693 2696//2696
f 2694//2694 2696//2696 2697//2697
f 2693//2693 2695//2695 2698//2698
f 2693//2693 2698//2698 2696//2696
f 2697//2697 2696//2696 2699//2699
f 2697//2697 2699//2699 2700//2700
f 2696//2696 2698//2698 2701//2701
f 2696//2696 2701//2701 2699//2699
f 2700//2700 2699//2699 2702//2702
f 2700//2700 2702//2702 2703//2703
f 2699//2699 2701//2701 2704//2704
f 2699//2699 2704//2704 2702//2702
f 2705//2705 2703//2703 2702//2702
f 2705//2705 2702//2702 2704//2704
f 2708//2708 2707//2707 2706//2706
f 2709//2709 2706//2706 2707//2707
f 2708//2708 2706//2706 2710//2710
f 2708//2708 2710//2710 2711//2711
f 2706//2706 2709//2709 2712//2712
f 2706//2706 2712//2712 2710//2710
f 2711//2711 2710//2710 2713//2713
f 2711//2711 2713//2713 2714//2714
f 2710//2710 2712//2712 2715//2715
f 2710//2710 2715//2715 2713//2713
f 2718//2718 2717//2717 2716//2716
f 2716//2716 2717//2717 2714//2714
f 2713//2713 2716//2716 2714//2714
f 2719//2719 2716//2716 2713//2713
f 2713//2713 2715//2715 2720//2720
f 2721//2721 2713//2713 2720//2720
f 2719//2719 2713//2713 2721//2721
f 2722//2722 2721//2721 2720//2720
f 2718//2718 2716//2716 2723//2723
f 2718//2718 2723//2723 2724//2724
f 2725//2725 2716//2716 2719//2719
f 2723//2723 2716//2716 2725//2725
f 2726//2726 2719//2719 2721//2721
f 2725//2725 2719//2719 2726//2726
f 2721//2721 2722//2722 2727//2727
f 2721//2721 2727//2727 2726//2726
f 2724//2724 2723//2723 2728//2728
f 2724//2724 2728//2728 2729//2729
f 2730//2730 2723//2723 2725//2725
f 2728//2728 2723//2723 2730//2730
f 2731//2731 2725//2725 2726//2726
f 2730//2730 2725//2725 2731//2731
f 2726//2726 2727//2727 2732//2732
f 2726//2726 2732//2732 2731//2731
f 2729//2729 2728//2728 2733//2733
f 2729//2729 2733//2733 2734//2734
f 2735//2735 2728//2728 2730//2730
f 2733//2733 2728//2728 2735//2735
f 2736//2736 2730//2730 2731//2731
f 2735//2735 2730//2730 2736//2736
f 2731//2731 2732//2732 2737//2737
f 2731//2731 2737//2737 2736//2736
f 2734//2734 2733//2733 2738//2738
f 2734//2734 2738//2738 2739//2739
f 2740//2740 2733//2733 2735//2735
f 2738//2738 2733//2733 2740//2740
f 2741//2741 2735//2735 2736//2736
f 2740//2740 2735//2735 2741//2741
f 2736//2736 2737//2737 2742//2742
f 2736//2736 2742//2742 2741//2741
f 2739//2739 2738//2738 2743//2743
f 2739//2739 2743//2743 2744//2744
f 2745//2745 2738//2738 2740//2740
f 2743//2743 2738//2738 2745//2745
f 2746//2746 2740//2740 2741//2741
f 2745//2745 2740//2740 2746//2746
f 2741//2741 2742//2742 2747//2747
f 2741//2741 2747//2747 2746//2746
f 2744//2744 2743//2743 2748//2748
f 2744//2744 2748//2748 2749//2749
f 2750//2750 2743//2743 2745//2745
f 2748//2748 2743//2743 2750//2750
f 2751//2751 2745//2745 2746//2746
f 2750//2750 2745//2745 2751//2751
f 2746//2746 2747//2747 2752//2752
f 2753//2753 2746//2746 2752//2752
f 2751//2751 2746//2746 2753//2753
f 2754//2754 2753//2753 2752//2752
f 2757//2757 2756//2756 2755//2755
f 2755//2755 2756//2756 2749//2749
f 2748//2748 2755//2755 2749//2749
f 2758//2758 2755//2755 2748//2748
f 2759//2759 2748//2748 2750//2750
f 2758//2758 2748//2748 2759//2759
f 2760//2760 2750//2750 2751//2751
f 2759//2759 2750//2750 2760//2760
f 2761//2761 2751//2751 2753//2753
f 2760//2760 2751//2751 2761//2761
f 2753//2753 2754//2754 2762//2762
f 2753//2753 2762//2762 2761//2761
f 2757//2757 2755//2755 2763//2763
f 2757//2757 2763//2763 2764//2764
f 2765//2765 2755//2755 2758//2758
f 2763//2763 2755//2755 2765//2765
f 2766//2766 2758//2758 2759//2759
f 2765//2765 2758//2758 2766//2766
f 2767//2767 2759//2759 2760//2760
f 2766//2766 2759//2759 2767//2767
f 2768//2768 2760//2760 2761//2761
f 2767//2767 2760//2760 2768//2768
f 2761//2761 2762//2762 2769//2769
f 2761//2761 2769//2769 2768//2768
f 2764//2764 2763//2763 2770//2770
f 2764//2764 2770//2770 2771//2771
f 2772//2772 2763//2763 2765//2765
f 2770//2770 2763//2763 2772//2772
f 2773//2773 2765//2765 2766//2766
f 2772//2772 2765//2765 2773//2773
f 2774//2774 2766//2766 2767//2767
f 2773//2773 2766//2766 2774//2774
f 2775//2775 2767//2767 2768//2768
f 2774//2774 2767//2767 2775//2775
f 2768//2768 2769//2769 2776//2776
f 2768//2768 2776//2776 2775//2775
f 2771//2771 2770//2770 2777//2777
f 2771//2771 2777//2777 2778//2778
f 2779//2779 2770//2770 2772//2772
f 2777//2777 2770//2770 2779//2779
f 2780//2780 2772//2772 2773//2773
f 2779//2779 2772//2772 2780//2780
f 2781//2781 2773//2773 2774//2774
f 2780//2780 2773//2773 2781//2781
f 2782//2782 2774//2774 2775//2775
f 2781//2781 2774//2774 2782//2782
f 2775//2775 2776//2776 2783//2783
f 2775//2775 2783//2783 2782//2782
f 2778//2778 2777//2777 2784//2784
f 2778//2778 2784//2784 2785//2785
f 2786//2786 2777//2777 2779//2779
f 2784//2784 2777//2777 2786//2786
f 2787//2787 2779//2779 2780//2780
f 2786//2786 2779//2779 2787//2787
f 2788//2788 2780//2780 2781//2781
f 2787//2787 2780//2780 2788//2788
f 2789//2789 2781//2781 2782//2782
f 2788//2788 2781//2781 2789//2789
f 2782//2782 2783//2783 2790//2790
f 2782//2782 2790//2790 2789//2789
f 2785//2785 2784//2784 2791//2791
f 2785//2785 2791//2791 2792//2792
f 2793//2793 2784//2784 2786//2786
f 2791//2791 2784//2784 2793//2793
f 2794//2794 2786//2786 2787//2787
f 2793//2793 2786//2786 2794//2794
f 2795//2795 2787//2787 2788//2788
f 2794//2794 2787//2787 2795//2795
f 2796//2796 2788//2788 2789//2789
f 2795//2795 2788//2788 2796//2796
f 2789//2789 2790//2790 2797//2797
f 2789//2789 2797//2797 2796//2796
f 2792//2792 2791//2791 2798//2798
f 2792//2792 2798//2798 2799//2799
f 2800//2800 2791//2791 2793//2793
f 2798//2798 2791//2791 2800//2800
f 2801//2801 2793//2793 2794//2794
f 2800//2800 2793//2793 2801//2801
f 2802//2802 2794//2794 2795//2795
f 2801//2801 2794//2794 2802//2802
f 2803//2803 2795//2795 2796//2796
f 2802//2802 2795//2795 2803//2803
f 2796//2796 2797//2797 2804//2804
f 2796//2796 2804//2804 2803//2803
f 2799//2799 2798//2798 2805//2805
f 2799//2799 2805//2805 2806//2806
f 2807//2807 2798//2798 2800//2800
f 2805//2805 2798//2798 2807//2807
f 2808//2808 2800//2800 2801//2801
f 2807//2807 2800//2800 2808//2808
f 2809//2809 2801//2801 2802//2802
f 2808//2808 2801//2801 2809//2809
f 2810//2810 2802//2802 2803//2803
f 2809//2809 2802//2802 2810//2810
f 2803//2803 2804//2804 2811//2811
f 2803//2803 2811//2811 2810//2810
f 2814//2814 2813//2813 2812//2812
f 2812//2812 2813//2813 2806//2806
f 2805//2805 2812//2812 2806//2806
f 2815//2815 2812//2812 2805//2805
f 2614//2614 2815//2815 2613//2613
f 2815//2815 2807//2807 2613//2613
f 2815//2815 2805//2805 2807//2807
f 2613//2613 2807//2807 2616//2616
f 2616//2616 2807//2807 2808//2808
f 2616//2616 2808//2808 2618//2618
f 2618//2618 2808//2808 2809//2809
f 2618//2618 2809//2809 2619//2619
f 2809//2809 2816//2816 2619//2619
f 2809//2809 2810//2810 2816//2816
f 2810//2810 2811//2811 2817//2817
f 2818//2818 2810//2810 2817//2817
f 2816//2816 2810//2810 2818//2818
f 2819//2819 2818//2818 2817//2817
f 2822//2822 2821//2821 2820//2820
f 2820//2820 2821//2821 2814//2814
f 2820//2820 2814//2814 2812//2812
f 2621//2621 2820//2820 2812//2812
f 2620//2620 2621//2621 2812//2812
f 2620//2620 2812//2812 2622//2622
f 2622//2622 2812//2812 2815//2815
f 2622//2622 2815//2815 2614//2614
f 2816//2816 2623//2623 2619//2619
f 2623//2623 2816//2816 2624//2624
f 2624//2624 2816//2816 2818//2818
f 2819//2819 2823//2823 2818//2818
f 2823//2823 2624//2624 2818//2818
f 2823//2823 2626//2626 2624//2624
f 2627//2627 2626//2626 2823//2823
f 2627//2627 2823//2823 2824//2824
f 2822//2822 2820//2820 2628//2628
f 2629//2629 2822//2822 2628//2628
f 2825//2825 2822//2822 2629//2629
f 2628//2628 2820//2820 2621//2621
f 2824//2824 2826//2826 2627//2627
f 2627//2627 2826//2826 2630//2630
f 2631//2631 2630//2630 2826//2826
f 2631//2631 2826//2826 2827//2827
f 2829//2829 2828//2828 2632//2632
f 2829//2829 2632//2632 2633//2633
f 2629//2629 2632//2632 2825//2825
f 2825//2825 2632//2632 2828//2828
f 2827//2827 2634//2634 2631//2631
f 2830//2830 2634//2634 2827//2827
f 2635//2635 2829//2829 2633//2633
f 2635//2635 2831//2831 2829//2829
f 2830//2830 2636//2636 2634//2634
f 2832//2832 2636//2636 2830//2830
f 2637//2637 2831//2831 2635//2635
f 2637//2637 2833//2833 2831//2831
f 2832//2832 2638//2638 2636//2636
f 2834//2834 2638//2638 2832//2832
f 2639//2639 2833//2833 2637//2637
f 2639//2639 2835//2835 2833//2833
f 2834//2834 2640//2640 2638//2638
f 2836//2836 2640//2640 2834//2834
f 2641//2641 2835//2835 2639//2639
f 2641//2641 2837//2837 2835//2835
f 2836//2836 2642//2642 2640//2640
f 2838//2838 2642//2642 2836//2836
f 2643//2643 2837//2837 2641//2641
f 2643//2643 2839//2839 2837//2837
f 2838//2838 2644//2644 2642//2642
f 2840//2840 2644//2644 2838//2838
f 2645//2645 2839//2839 2643//2643
f 2645//2645 2841//2841 2839//2839
f 2840//2840 2646//2646 2644//2644
f 2842//2842 2646//2646 2840//2840
f 2647//2647 2841//2841 2645//2645
f 2647//2647 2843//2843 2841//2841
f 2842//2842 2648//2648 2646//2646
f 2844//2844 2648//2648 2842//2842
f 2845//2845 2843//2843 2647//2647
f 2845//2845 2647//2647 2649//2649
f 2846//2846 2649//2649 2650//2650
f 2846//2846 2845//2845 2649//2649
f 2847//2847 2650//2650 2651//2651
f 2847//2847 2846//2846 2650//2650
f 2848//2848 2651//2651 2652//2652
f 2848//2848 2847//2847 2651//2651
f 2849//2849 2652//2652 2653//2653
f 2849//2849 2848//2848 2652//2652
f 2850//2850 2653//2653 2654//2654
f 2850//2850 2849//2849 2653//2653
f 2851//2851 2654//2654 2655//2655
f 2851//2851 2850//2850 2654//2654
f 2852//2852 2655//2655 2656//2656
f 2852//2852 2851//2851 2655//2655
f 2853//2853 2656//2656 2657//2657
f 2853//2853 2852//2852 2656//2656
f 2854//2854 2657//2657 2658//2658
f 2854//2854 2853//2853 2657//2657
f 2855//2855 2658//2658 2659//2659
f 2855//2855 2854//2854 2658//2658
f 2659//2659 2648//2648 2844//2844
f 2659//2659 2844//2844 2855//2855
f 2858//2858 2857//2857 2856//2856
f 2860//2860 2859//2859 2856//2856
f 2860//2860 2856//2856 2857//2857
f 2862//2862 2861//2861 2859//2859
f 2862//2862 2859//2859 2860//2860
f 2864//2864 2863//2863 2861//2861
f 2864//2864 2861//2861 2862//2862
f 2866//2866 2865//2865 2863//2863
f 2866//2866 2863//2863 2864//2864
f 2867//2867 2865//2865 2866//2866
f 2858//2858 2856//2856 2868//2868
f 2858//2858 2868//2868 2869//2869
f 2870//2870 2856//2856 2859//2859
f 2868//2868 2856//2856 2870//2870
f 2662//2662 2870//2870 2661//2661
f 2870//2870 2861//2861 2661//2661
f 2870//2870 2859//2859 2861//2861
f 2661//2661 2861//2861 2663//2663
f 2861//2861 2871//2871 2663//2663
f 2861//2861 2863//2863 2871//2871
f 2872//2872 2863//2863 2865//2865
f 2871//2871 2863//2863 2872//2872
f 2865//2865 2867//2867 2873//2873
f 2865//2865 2873//2873 2872//2872
f 2869//2869 2868//2868 2874//2874
f 2869//2869 2874//2874 2875//2875
f 2876//2876 2868//2868 2870//2870
f 2874//2874 2868//2868 2876//2876
f 2665//2665 2876//2876 2662//2662
f 2662//2662 2876//2876 2870//2870
f 2871//2871 2666//2666 2663//2663
f 2666//2666 2871//2871 2668//2668
f 2871//2871 2877//2877 2668//2668
f 2871//2871 2872//2872 2877//2877
f 2872//2872 2873//2873 2878//2878
f 2872//2872 2878//2878 2877//2877
f 2875//2875 2874//2874 2879//2879
f 2875//2875 2879//2879 2880//2880
f 2881//2881 2874//2874 2876//2876
f 2879//2879 2874//2874 2881//2881
f 2670//2670 2881//2881 2665//2665
f 2665//2665 2881//2881 2876//2876
f 2882//2882 2672//2672 2877//2877
f 2877//2877 2672//2672 2668//2668
f 2877//2877 2878//2878 2883//2883
f 2877//2877 2883//2883 2882//2882
f 2880//2880 2879//2879 2884//2884
f 2880//2880 2884//2884 2885//2885
f 2886//2886 2879//2879 2881//2881
f 2884//2884 2879//2879 2886//2886
f 2674//2674 2886//2886 2670//2670
f 2670//2670 2886//2886 2881//2881
f 2887//2887 2676//2676 2882//2882
f 2882//2882 2676//2676 2672//2672
f 2882//2882 2883//2883 2888//2888
f 2882//2882 2888//2888 2887//2887
f 2885//2885 2884//2884 2889//2889
f 2885//2885 2889//2889 2890//2890
f 2891//2891 2884//2884 2886//2886
f 2889//2889 2884//2884 2891//2891
f 2678//2678 2891//2891 2674//2674
f 2674//2674 2891//2891 2886//2886
f 2892//2892 2680//2680 2887//2887
f 2887//2887 2680//2680 2676//2676
f 2887//2887 2888//2888 2893//2893
f 2887//2887 2893//2893 2892//2892
f 2890//2890 2889//2889 2894//2894
f 2890//2890 2894//2894 2895//2895
f 2896//2896 2889//2889 2891//2891
f 2894//2894 2889//2889 2896//2896
f 2682//2682 2896//2896 2678//2678
f 2678//2678 2896//2896 2891//2891
f 2897//2897 2684//2684 2892//2892
f 2892//2892 2684//2684 2680//2680
f 2892//2892 2893//2893 2898//2898
f 2892//2892 2898//2898 2897//2897
f 2895//2895 2894//2894 2899//2899
f 2895//2895 2899//2899 2900//2900
f 2901//2901 2894//2894 2896//2896
f 2899//2899 2894//2894 2901//2901
f 2686//2686 2901//2901 2682//2682
f 2682//2682 2901//2901 2896//2896
f 2902//2902 2688//2688 2897//2897
f 2897//2897 2688//2688 2684//2684
f 2897//2897 2898//2898 2903//2903
f 2897//2897 2903//2903 2902//2902
f 2900//2900 2899//2899 2904//2904
f 2900//2900 2904//2904 2905//2905
f 2906//2906 2899//2899 2901//2901
f 2904//2904 2899//2899 2906//2906
f 2690//2690 2906//2906 2686//2686
f 2686//2686 2906//2906 2901//2901
f 2907//2907 2691//2691 2692//2692
f 2688//2688 2902//2902 2692//2692
f 2902//2902 2907//2907 2692//2692
f 2902//2902 2908//2908 2907//2907
f 2902//2902 2903//2903 2909//2909
f 2902//2902 2909//2909 2908//2908
f 2905//2905 2904//2904 2910//2910
f 2905//2905 2910//2910 2911//2911
f 2912//2912 2904//2904 2906//2906
f 2910//2910 2904//2904 2912//2912
f 2694//2694 2912//2912 2690//2690
f 2690//2690 2912//2912 2906//2906
f 2913//2913 2695//2695 2907//2907
f 2907//2907 2695//2695 2691//2691
f 2914//2914 2907//2907 2908//2908
f 2913//2913 2907//2907 2914//2914
f 2908//2908 2909//2909 2915//2915
f 2908//2908 2915//2915 2914//2914
f 2911//2911 2910//2910 2916//2916
f 2911//2911 2916//2916 2917//2917
f 2918//2918 2910//2910 2912//2912
f 2916//2916 2910//2910 2918//2918
f 2697//2697 2918//2918 2694//2694
f 2694//2694 2918//2918 2912//2912
f 2919//2919 2698//2698 2913//2913
f 2913//2913 2698//2698 2695//2695
f 2920//2920 2913//2913 2914//2914
f 2919//2919 2913//2913 2920//2920
f 2914//2914 2915//2915 2921//2921
f 2914//2914 2921//2921 2920//2920
f 2917//2917 2916//2916 2922//2922
f 2917//2917 2922//2922 2923//2923
f 2924//2924 2916//2916 2918//2918
f 2922//2922 2916//2916 2924//2924
f 2700//2700 2924//2924 2697//2697
f 2697//2697 2924//2924 2918//2918
f 2925//2925 2701//2701 2919//2919
f 2919//2919 2701//2701 2698//2698
f 2926//2926 2919//2919 2920//2920
f 2925//2925 2919//2919 2926//2926
f 2920//2920 2921//2921 2927//2927
f 2920//2920 2927//2927 2926//2926
f 2923//2923 2922//2922 2928//2928
f 2923//2923 2928//2928 2929//2929
f 2930//2930 2922//2922 2924//2924
f 2928//2928 2922//2922 2930//2930
f 2703//2703 2930//2930 2700//2700
f 2700//2700 2930//2930 2924//2924
f 2931//2931 2704//2704 2925//2925
f 2925//2925 2704//2704 2701//2701
f 2932//2932 2925//2925 2926//2926
f 2931//2931 2925//2925 2932//2932
f 2926//2926 2927//2927 2933//2933
f 2926//2926 2933//2933 2932//2932
f 2929//2929 2928//2928 2934//2934
f 2929//2929 2934//2934 2935//2935
f 2936//2936 2928//2928 2930//2930
f 2934//2934 2928//2928 2936//2936
f 2705//2705 2937//2937 2703//2703
f 2937//2937 2930//2930 2703//2703
f 2937//2937 2936//2936 2930//2930
f 2704//2704 2931//2931 2705//2705
f 2931//2931 2937//2937 2705//2705
f 2931//2931 2938//2938 2937//2937
f 2939//2939 2931//2931 2932//2932
f 2938//2938 2931//2931 2939//2939
f 2932//2932 2933//2933 2940//2940
f 2932//2932 2940//2940 2939//2939
f 2935//2935 2934//2934 2941//2941
f 2935//2935 2941//2941 2942//2942
f 2943//2943 2934//2934 2936//2936
f 2941//2941 2934//2934 2943//2943
f 2944//2944 2936//2936 2937//2937
f 2943//2943 2936//2936 2944//2944
f 2945//2945 2937//2937 2938//2938
f 2944//2944 2937//2937 2945//2945
f 2946//2946 2938//2938 2939//2939
f 2945//2945 2938//2938 2946//2946
f 2939//2939 2940//2940 2947//2947
f 2939//2939 2947//2947 2946//2946
f 2942//2942 2941//2941 2948//2948
f 2942//2942 2948//2948 2949//2949
f 2950//2950 2941//2941 2943//2943
f 2948//2948 2941//2941 2950//2950
f 2951//2951 2943//2943 2944//2944
f 2950//2950 2943//2943 2951//2951
f 2952//2952 2944//2944 2945//2945
f 2951//2951 2944//2944 2952//2952
f 2953//2953 2945//2945 2946//2946
f 2952//2952 2945//2945 2953//2953
f 2946//2946 2947//2947 2954//2954
f 2946//2946 2954//2954 2953//2953
f 2949//2949 2948//2948 2955//2955
f 2949//2949 2955//2955 2956//2956
f 2957//2957 2948//2948 2950//2950
f 2955//2955 2948//2948 2957//2957
f 2958//2958 2950//2950 2951//2951
f 2957//2957 2950//2950 2958//2958
f 2959//2959 2951//2951 2952//2952
f 2958//2958 2951//2951 2959//2959
f 2960//2960 2952//2952 2953//2953
f 2959//2959 2952//2952 2960//2960
f 2953//2953 2954//2954 2961//2961
f 2953//2953 2961//2961 2960//2960
f 2956//2956 2955//2955 2962//2962
f 2956//2956 2962//2962 2963//2963
f 2964//2964 2955//2955 2957//2957
f 2962//2962 2955//2955 2964//2964
f 2965//2965 2957//2957 2958//2958
f 2964//2964 2957//2957 2965//2965
f 2966//2966 2958//2958 2959//2959
f 2965//2965 2958//2958 2966//2966
f 2967//2967 2959//2959 2960//2960
f 2966//2966 2959//2959 2967//2967
f 2960//2960 2961//2961 2968//2968
f 2960//2960 2968//2968 2967//2967
f 2963//2963 2962//2962 2969//2969
f 2963//2963 2969//2969 2970//2970
f 2971//2971 2962//2962 2964//2964
f 2969//2969 2962//2962 2971//2971
f 2972//2972 2964//2964 2965//2965
f 2971//2971 2964//2964 2972//2972
f 2973//2973 2965//2965 2966//2966
f 2972//2972 2965//2965 2973//2973
f 2974//2974 2966//2966 2967//2967
f 2973//2973 2966//2966 2974//2974
f 2967//2967 2968//2968 2975//2975
f 2967//2967 2975//2975 2974//2974
f 2970//2970 2969//2969 2976//2976
f 2970//2970 2976//2976 2977//2977
f 2978//2978 2969//2969 2971//2971
f 2976//2976 2969//2969 2978//2978
f 2979//2979 2971//2971 2972//2972
f 2978//2978 2971//2971 2979//2979
f 2980//2980 2972//2972 2973//2973
f 2979//2979 2972//2972 2980//2980
f 2981//2981 2973//2973 2974//2974
f 2980//2980 2973//2973 2981//2981
f 2974//2974 2975//2975 2982//2982
f 2974//2974 2982//2982 2981//2981
f 2977//2977 2976//2976 2983//2983
f 2977//2977 2983//2983 2984//2984
f 2985//2985 2976//2976 2978//2978
f 2983//2983 2976//2976 2985//2985
f 2986//2986 2978//2978 2979//2979
f 2985//2985 2978//2978 2986//2986
f 2987//2987 2979//2979 2980//2980
f 2986//2986 2979//2979 2987//2987
f 2988//2988 2980//2980 2981//2981
f 2987//2987 2980//2980 2988//2988
f 2981//2981 2982//2982 2989//2989
f 2981//2981 2989//2989 2988//2988
f 2984//2984 2983//2983 2990//2990
f 2984//2984 2990//2990 2991//2991
f 2992//2992 2983//2983 2985//2985
f 2990//2990 2983//2983 2992//2992
f 2993//2993 2985//2985 2986//2986
f 2992//2992 2985//2985 2993//2993
f 2994//2994 2986//2986 2987//2987
f 2993//2993 2986//2986 2994//2994
f 2995//2995 2987//2987 2988//2988
f 2994//2994 2987//2987 2995//2995
f 2988//2988 2989//2989 2996//2996
f 2988//2988 2996//2996 2995//2995
f 2991//2991 2990//2990 2997//2997
f 2991//2991 2997//2997 2998//2998
f 2999//2999 2990//2990 2992//2992
f 2997//2997 2990//2990 2999//2999
f 3000//3000 2992//2992 2993//2993
f 2999//2999 2992//2992 3000//3000
f 3001//3001 2993//2993 2994//2994
f 3000//3000 2993//2993 3001//3001
f 3002//3002 2994//2994 2995//2995
f 3001//3001 2994//2994 3002//3002
f 2995//2995 2996//2996 3003//3003
f 2995//2995 3003//3003 3002//3002
f 2998//2998 2997//2997 3004//3004
f 2998//2998 3004//3004 3005//3005
f 3006//3006 2997//2997 2999//2999
f 3004//3004 2997//2997 3006//3006
f 3007//3007 2999//2999 3000//3000
f 3006//3006 2999//2999 3007//3007
f 3008//3008 3000//3000 3001//3001
f 3007//3007 3000//3000 3008//3008
f 3009//3009 3001//3001 3002//3002
f 3008//3008 3001//3001 3009//3009
f 3002//3002 3003//3003 3010//3010
f 3002//3002 3010//3010 3009//3009
f 3005//3005 3004//3004 3011//3011
f 3005//3005 3011//3011 3012//3012
f 3013//3013 3004//3004 3006//3006
f 3011//3011 3004//3004 3013//3013
f 3014//3014 3006//3006 3007//3007
f 3013//3013 3006//3006 3014//3014
f 3015//3015 3007//3007 3008//3008
f 3014//3014 3007//3007 3015//3015
f 3016//3016 3008//3008 3009//3009
f 3015//3015 3008//3008 3016//3016
f 3009//3009 3010//3010 3017//3017
f 3009//3009 3017//3017 3016//3016
f 3012//3012 3011//3011 3018//3018
f 3012//3012 3018//3018 3019//3019
f 3020//3020 3011//3011 3013//3013
f 3018//3018 3011//3011 3020//3020
f 3021//3021 3013//3013 3014//3014
f 3020//3020 3013//3013 3021//3021
f 3022//3022 3014//3014 3015//3015
f 3021//3021 3014//3014 3022//3022
f 3023//3023 3015//3015 3016//3016
f 3022//3022 3015//3015 3023//3023
f 3016//3016 3017//3017 3024//3024
f 3016//3016 3024//3024 3023//3023
f 3019//3019 3018//3018 3025//3025
f 3019//3019 3025//3025 3026//3026
f 3027//3027 3018//3018 3020//3020
f 3025//3025 3018//3018 3027//3027
f 3028//3028 3020//3020 3021//3021
f 3027//3027 3020//3020 3028//3028
f 3029//3029 3021//3021 3022//3022
f 3028//3028 3021//3021 3029//3029
f 3030//3030 3022//3022 3023//3023
f 3029//3029 3022//3022 3030//3030
f 3023//3023 3024//3024 3031//3031
f 3023//3023 3031//3031 3030//3030
f 3026//3026 3025//3025 3032//3032
f 3026//3026 3032//3032 3033//3033
f 3034//3034 3025//3025 3027//3027
f 3032//3032 3025//3025 3034//3034
f 3035//3035 3027//3027 3028//3028
f 3034//3034 3027//3027 3035//3035
f 3036//3036 3028//3028 3029//3029
f 3035//3035 3028//3028 3036//3036
f 3037//3037 3029//3029 3030//3030
f 3036//3036 3029//3029 3037//3037
f 3030//3030 3031//3031 3038//3038
f 3030//3030 3038//3038 3037//3037
f 3033//3033 3032//3032 3039//3039
f 3033//3033 3039//3039 3040//3040
f 3041//3041 3032//3032 3034//3034
f 3039//3039 3032//3032 3041//3041
f 3042//3042 3034//3034 3035//3035
f 3041//3041 3034//3034 3042//3042
f 3043//3043 3035//3035 3036//3036
f 3042//3042 3035//3035 3043//3043
f 3044//3044 3036//3036 3037//3037
f 3043//3043 3036//3036 3044//3044
f 3037//3037 3038//3038 3045//3045
f 3037//3037 3045//3045 3044//3044
f 3040//3040 3039//3039 3046//3046
f 3040//3040 3046//3046 3047//3047
f 3048//3048 3039//3039 3041//3041
f 3046//3046 3039//3039 3048//3048
f 3049//3049 3041//3041 3042//3042
f 3048//3048 3041//3041 3049//3049
f 3050//3050 3042//3042 3043//3043
f 3049//3049 3042//3042 3050//3050
f 3051//3051 3043//3043 3044//3044
f 3050//3050 3043//3043 3051//3051
f 3044//3044 3045//3045 3052//3052
f 3044//3044 3052//3052 3051//3051
f 3047//3047 3046//3046 3053//3053
f 3047//3047 3053//3053 3054//3054
f 3055//3055 3046//3046 3048//3048
f 3053//3053 3046//3046 3055//3055
f 3056//3056 3048//3048 3049//3049
f 3055//3055 3048//3048 3056//3056
f 3057//3057 3049//3049 3050//3050
f 3056//3056 3049//3049 3057//3057
f 3058//3058 3050//3050 3051//3051
f 3057//3057 3050//3050 3058//3058
f 3051//3051 3052//3052 3059//3059
f 3051//3051 3059//3059 3058//3058
f 3054//3054 3053//3053 3060//3060
f 3054//3054 3060//3060 3061//3061
f 3062//3062 3053//3053 3055//3055
f 3060//3060 3053//3053 3062//3062
f 3063//3063 3055//3055 3056//3056
f 3062//3062 3055//3055 3063//3063
f 3064//3064 3056//3056 3057//3057
f 3063//3063 3056//3056 3064//3064
f 3065//3065 3057//3057 3058//3058
f 3064//3064 3057//3057 3065//3065
f 3058//3058 3059//3059 3066//3066
f 3058//3058 3066//3066 3065//3065
f 3061//3061 3060//3060 3067//3067
f 3061//3061 3067//3067 3068//3068
f 3069//3069 3060//3060 3062//3062
f 3067//3067 3060//3060 3069//3069
f 3070//3070 3062//3062 3063//3063
f 3069//3069 3062//3062 3070//3070
f 3071//3071 3063//3063 3064//3064
f 3070//3070 3063//3063 3071//3071
f 3072//3072 3064//3064 3065//3065
f 3071//3071 3064//3064 3072//3072
f 3065//3065 3066//3066 3073//3073
f 3065//3065 3073//3073 3072//3072
f 3068//3068 3067//3067 3074//3074
f 3068//3068 3074//3074 3075//3075
f 3076//3076 3067//3067 3069//3069
f 3074//3074 3067//3067 3076//3076
f 3077//3077 3069//3069 3070//3070
f 3076//3076 3069//3069 3077//3077
f 3078//3078 3070//3070 3071//3071
f 3077//3077 3070//3070 3078//3078
f 3079//3079 3071//3071 3072//3072
f 3078//3078 3071//3071 3079//3079
f 3072//3072 3073//3073 3080//3080
f 3072//3072 3080//3080 3079//3079
f 3075//3075 3074//3074 3081//3081
f 3075//3075 3081//3081 3082//3082
f 3083//3083 3074//3074 3076//3076
f 3081//3081 3074//3074 3083//3083
f 3084//3084 3076//3076 3077//3077
f 3083//3083 3076//3076 3084//3084
f 3085//3085 3077//3077 3078//3078
f 3084//3084 3077//3077 3085//3085
f 3086//3086 3078//3078 3079//3079
f 3085//3085 3078//3078 3086//3086
f 3079//3079 3080//3080 3087//3087
f 3079//3079 3087//3087 3086//3086
f 3082//3082 3081//3081 3088//3088
f 3082//3082 3088//3088 3089//3089
f 3090//3090 3081//3081 3083//3083
f 3088//3088 3081//3081 3090//3090
f 3091//3091 3083//3083 3084//3084
f 3090//3090 3083//3083 3091//3091
f 3092//3092 3084//3084 3085//3085
f 3091//3091 3084//3084 3092//3092
f 3093//3093 3085//3085 3086//3086
f 3092//3092 3085//3085 3093//3093
f 3086//3086 3087//3087 3094//3094
f 3086//3086 3094//3094 3093//3093
f 3089//3089 3088//3088 3095//3095
f 3089//3089 3095//3095 3096//3096
f 3097//3097 3088//3088 3090//3090
f 3095//3095 3088//3088 3097//3097
f 3098//3098 3090//3090 3091//3091
f 3097//3097 3090//3090 3098//3098
f 3099//3099 3091//3091 3092//3092
f 3098//3098 3091//3091 3099//3099
f 3100//3100 3092//3092 3093//3093
f 3099//3099 3092//3092 3100//3100
f 3093//3093 3094//3094 3101//3101
f 3093//3093 3101//3101 3100//3100
f 3096//3096 3095//3095 3102//3102
f 3096//3096 3102//3102 3103//3103
f 3104//3104 3095//3095 3097//3097
f 3102//3102 3095//3095 3104//3104
f 3105//3105 3097//3097 3098//3098
f 3104//3104 3097//3097 3105//3105
f 3106//3106 3098//3098 3099//3099
f 3105//3105 3098//3098 3106//3106
f 3107//3107 3099//3099 3100//3100
f 3106//3106 3099//3099 3107//3107
f 3100//3100 3101//3101 3108//3108
f 3100//3100 3108//3108 3107//3107
f 3103//3103 3102//3102 3109//3109
f 3103//3103 3109//3109 3110//3110
f 3111//3111 3102//3102 3104//3104
f 3109//3109 3102//3102 3111//3111
f 3112//3112 3104//3104 3105//3105
f 3111//3111 3104//3104 3112//3112
f 3113//3113 3105//3105 3106//3106
f 3112//3112 3105//3105 3113//3113
f 3114//3114 3106//3106 3107//3107
f 3113//3113 3106//3106 3114//3114
f 3107//3107 3108//3108 3115//3115
f 3107//3107 3115//3115 3114//3114
f 3110//3110 3109//3109 3116//3116
f 3110//3110 3116//3116 3117//3117
f 3118//3118 3109//3109 3111//3111
f 3116//3116 3109//3109 3118//3118
f 3119//3119 3111//3111 3112//3112
f 3118//3118 3111//3111 3119//3119
f 3120//3120 3112//3112 3113//3113
f 3119//3119 3112//3112 3120//3120
f 3121//3121 3113//3113 3114//3114
f 3120//3120 3113//3113 3121//3121
f 3114//3114 3115//3115 3122//3122
f 3114//3114 3122//3122 3121//3121
f 3117//3117 3116//3116 3123//3123
f 3117//3117 3123//3123 3124//3124
f 3125//3125 3116//3116 3118//3118
f 3123//3123 3116//3116 3125//3125
f 3126//3126 3118//3118 3119//3119
f 3125//3125 3118//3118 3126//3126
f 3127//3127 3119//3119 3120//3120
f 3126//3126 3119//3119 3127//3127
f 3128//3128 3120//3120 3121//3121
f 3127//3127 3120//3120 3128//3128
f 3121//3121 3122//3122 3129//3129
f 3121//3121 3129//3129 3128//3128
f 3124//3124 3123//3123 3130//3130
f 3124//3124 3130//3130 3131//3131
f 3132//3132 3123//3123 3125//3125
f 3130//3130 3123//3123 3132//3132
f 3133//3133 3125//3125 3126//3126
f 3132//3132 3125//3125 3133//3133
f 3134//3134 3126//3126 3127//3127
f 3133//3133 3126//3126 3134//3134
f 3135//3135 3127//3127 3128//3128
f 3134//3134 3127//3127 3135//3135
f 3128//3128 3129//3129 3136//3136
f 3128//3128 3136//3136 3135//3135
f 3131//3131 3130//3130 3137//3137
f 3131//3131 3137//3137 3138//3138
f 3139//3139 3130//3130 3132//3132
f 3137//3137 3130//3130 3139//3139
f 3140//3140 3132//3132 3133//3133
f 3139//3139 3132//3132 3140//3140
f 3141//3141 3133//3133 3134//3134
f 3140//3140 3133//3133 3141//3141
f 3142//3142 3134//3134 3135//3135
f 3141//3141 3134//3134 3142//3142
f 3135//3135 3136//3136 3143//3143
f 3135//3135 3143//3143 3142//3142
f 3138//3138 3137//3137 3144//3144
f 3138//3138 3144//3144 3145//3145
f 3146//3146 3137//3137 3139//3139
f 3144//3144 3137//3137 3146//3146
f 3147//3147 3139//3139 3140//3140
f 3146//3146 3139//3139 3147//3147
f 3148//3148 3140//3140 3141//3141
f 3147//3147 3140//3140 3148//3148
f 3149//3149 3141//3141 3142//3142
f 3148//3148 3141//3141 3149//3149
f 3142//3142 3143//3143 3150//3150
f 3142//3142 3150//3150 3149//3149
f 3145//3145 3144//3144 3151//3151
f 3145//3145 3151//3151 3152//3152
f 3153//3153 3144//3144 3146//3146
f 3151//3151 3144//3144 3153//3153
f 3154//3154 3146//3146 3147//3147
f 3153//3153 3146//3146 3154//3154
f 3155//3155 3147//3147 3148//3148
f 3154//3154 3147//3147 3155//3155
f 3156//3156 3148//3148 3149//3149
f 3155//3155 3148//3148 3156//3156
f 3149//3149 3150//3150 3157//3157
f 3149//3149 3157//3157 3156//3156
f 3152//3152 3151//3151 3158//3158
f 3152//3152 3158//3158 3159//3159
f 3160//3160 3151//3151 3153//3153
f 3158//3158 3151//3151 3160//3160
f 3161//3161 3153//3153 3154//3154
f 3160//3160 3153//3153 3161//3161
f 3162//3162 3154//3154 3155//3155
f 3161//3161 3154//3154 3162//3162
f 3163//3163 3155//3155 3156//3156
f 3162//3162 3155//3155 3163//3163
f 3156//3156 3157//3157 3164//3164
f 3156//3156 3164//3164 3163//3163
f 3159//3159 3158//3158 3165//3165
f 3159//3159 3165//3165 3166//3166
f 3167//3167 3158//3158 3160//3160
f 3165//3165 3158//3158 3167//3167
f 3168//3168 3160//3160 3161//3161
f 3167//3167 3160//3160 3168//3168
f 3169//3169 3161//3161 3162//3162
f 3168//3168 3161//3161 3169//3169
f 3170//3170 3162//3162 3163//3163
f 3169//3169 3162//3162 3170//3170
f 3163//3163 3164//3164 3171//3171
f 3163//3163 3171//3171 3170//3170
f 3166//3166 3165//3165 3172//3172
f 3166//3166 3172//3172 3173//3173
f 3174//3174 3165//3165 3167//3167
f 3172//3172 3165//3165 3174//3174
f 3175//3175 3167//3167 3168//3168
f 3174//3174 3167//3167 3175//3175
f 3176//3176 3168//3168 3169//3169
f 3175//3175 3168//3168 3176//3176
f 3177//3177 3169//3169 3170//3170
f 3176//3176 3169//3169 3177//3177
f 3170//3170 3171//3171 3178//3178
f 3170//3170 3178//3178 3177//3177
f 3173//3173 3172//3172 3179//3179
f 3173//3173 3179//3179 3180//3180
f 3181//3181 3172//3172 3174//3174
f 3179//3179 3172//3172 3181//3181
f 3182//3182 3174//3174 3175//3175
f 3181//3181 3174//3174 3182//3182
f 3183//3183 3175//3175 3176//3176
f 3182//3182 3175//3175 3183//3183
f 3184//3184 3176//3176 3177//3177
f 3183//3183 3176//3176 3184//3184
f 3177//3177 3178//3178 3185//3185
f 3177//3177 3185//3185 3184//3184
f 3180//3180 3179//3179 3186//3186
f 3180//3180 3186//3186 3187//3187
f 3188//3188 3179//3179 3181//3181
f 3186//3186 3179//3179 3188//3188
f 3189//3189 3181//3181 3182//3182
f 3188//3188 3181//3181 3189//3189
f 3190//3190 3182//3182 3183//3183
f 3189//3189 3182//3182 3190//3190
f 3191//3191 3183//3183 3184//3184
f 3190//3190 3183//3183 3191//3191
f 3184//3184 3185//3185 3192//3192
f 3184//3184 3192//3192 3191//3191
f 3187//3187 3186//3186 3193//3193
f 3187//3187 3193//3193 3194//3194
f 3195//3195 3186//3186 3188//3188
f 3193//3193 3186//3186 3195//3195
f 2708//2708 3195//3195 2707//2707
f 3195//3195 3189//3189 2707//2707
f 3195//3195 3188//3188 3189//3189
f 2707//2707 3189//3189 2709//2709
f 3189//3189 3196//3196 2709//2709
f 3189//3189 3190//3190 3196//3196
f 3197//3197 3190//3190 3191//3191
f 3196//3196 3190//3190 3197//3197
f 3191//3191 3192//3192 3198//3198
f 3191//3191 3198//3198 3197//3197
f 3194//3194 3193//3193 3199//3199
f 3194//3194 3199//3199 3200//3200
f 3201//3201 3193//3193 3195//3195
f 3199//3199 3193//3193 3201//3201
f 2711//2711 3201//3201 2708//2708
f 2708//2708 3201//3201 3195//3195
f 3202//3202 2712//2712 3196//3196
f 3196//3196 2712//2712 2709//2709
f 3203//3203 3196//3196 3197//3197
f 3202//3202 3196//3196 3203//3203
f 3197//3197 3198//3198 3204//3204
f 3197//3197 3204//3204 3203//3203
f 3200//3200 3199//3199 3205//3205
f 3200//3200 3205//3205 3206//3206
f 3207//3207 3199//3199 3201//3201
f 3205//3205 3199//3199 3207//3207
f 2714//2714 3207//3207 2711//2711
f 2711//2711 3207//3207 3201//3201
f 3208//3208 2715//2715 3202//3202
f 3202//3202 2715//2715 2712//2712
f 3209//3209 3202//3202 3203//3203
f 3208//3208 3202//3202 3209//3209
f 3203//3203 3204//3204 3210//3210
f 3211//3211 3203//3203 3210//3210
f 3209//3209 3203//3203 3211//3211
f 3212//3212 3211//3211 3210//3210
f 3206//3206 3205//3205 3213//3213
f 3206//3206 3213//3213 3214//3214
f 2718//2718 3213//3213 2717//2717
f 3213//3213 3207//3207 2717//2717
f 3213//3213 3205//3205 3207//3207
f 2717//2717 3207//3207 2714//2714
f 3208//3208 2720//2720 2715//2715
f 2720//2720 3208//3208 2722//2722
f 3208//3208 3215//3215 2722//2722
f 3208//3208 3209//3209 3215//3215
f 3216//3216 3209//3209 3211//3211
f 3215//3215 3209//3209 3216//3216
f 3211//3211 3212//3212 3217//3217
f 3211//3211 3217//3217 3216//3216
f 3214//3214 3213//3213 3218//3218
f 3214//3214 3218//3218 3219//3219
f 2724//2724 3218//3218 2718//2718
f 2718//2718 3218//3218 3213//3213
f 3220//3220 2727//2727 3215//3215
f 3215//3215 2727//2727 2722//2722
f 3221//3221 3215//3215 3216//3216
f 3220//3220 3215//3215 3221//3221
f 3216//3216 3217//3217 3222//3222
f 3216//3216 3222//3222 3221//3221
f 3225//3225 3224//3224 3223//3223
f 3223//3223 3224//3224 3219//3219
f 3218//3218 3223//3223 3219//3219
f 3226//3226 3223//3223 3218//3218
f 2729//2729 3226//3226 2724//2724
f 2724//2724 3226//3226 3218//3218
f 3227//3227 2732//2732 3220//3220
f 3220//3220 2732//2732 2727//2727
f 3228//3228 3220//3220 3221//3221
f 3227//3227 3220//3220 3228//3228
f 3221//3221 3222//3222 3229//3229
f 3221//3221 3229//3229 3228//3228
f 3225//3225 3223//3223 3230//3230
f 3225//3225 3230//3230 3231//3231
f 3232//3232 3223//3223 3226//3226
f 3230//3230 3223//3223 3232//3232
f 2734//2734 3232//3232 2729//2729
f 2729//2729 3232//3232 3226//3226
f 3233//3233 2737//2737 3227//3227
f 3227//3227 2737//2737 2732//2732
f 3234//3234 3227//3227 3228//3228
f 3233//3233 3227//3227 3234//3234
f 3228//3228 3229//3229 3235//3235
f 3228//3228 3235//3235 3234//3234
f 3231//3231 3230//3230 3236//3236
f 3231//3231 3236//3236 3237//3237
f 3238//3238 3230//3230 3232//3232
f 3236//3236 3230//3230 3238//3238
f 2739//2739 3238//3238 2734//2734
f 2734//2734 3238//3238 3232//3232
f 3239//3239 2742//2742 3233//3233
f 3233//3233 2742//2742 2737//2737
f 3240//3240 3233//3233 3234//3234
f 3239//3239 3233//3233 3240//3240
f 3234//3234 3235//3235 3241//3241
f 3234//3234 3241//3241 3240//3240
f 3237//3237 3236//3236 3242//3242
f 3237//3237 3242//3242 3243//3243
f 3244//3244 3236//3236 3238//3238
f 3242//3242 3236//3236 3244//3244
f 2744//2744 3244//3244 2739//2739
f 2739//2739 3244//3244 3238//3238
f 3245//3245 2747//2747 3239//3239
f 3239//3239 2747//2747 2742//2742
f 3246//3246 3239//3239 3240//3240
f 3245//3245 3239//3239 3246//3246
f 3240//3240 3241//3241 3247//3247
f 3240//3240 3247//3247 3246//3246
f 3243//3243 3242//3242 3248//3248
f 3243//3243 3248//3248 3249//3249
f 3250//3250 3242//3242 3244//3244
f 3248//3248 3242//3242 3250//3250
f 2749//2749 3250//3250 2744//2744
f 2744//2744 3250//3250 3244//3244
f 3245//3245 2752//2752 2747//2747
f 2752//2752 3245//3245 2754//2754
f 3245//3245 3251//3251 2754//2754
f 3245//3245 3246//3246 3251//3251
f 3246//3246 3247//3247 3252//3252
f 3246//3246 3252//3252 3251//3251
f 3249//3249 3248//3248 3253//3253
f 3249//3249 3253//3253 3254//3254
f 2757//2757 3253//3253 2756//2756
f 3253//3253 3250//3250 2756//2756
f 3253//3253 3248//3248 3250//3250
f 2756//2756 3250//3250 2749//2749
f 3255//3255 2762//2762 3251//3251
f 3251//3251 2762//2762 2754//2754
f 3251//3251 3252//3252 3256//3256
f 3251//3251 3256//3256 3255//3255
f 3254//3254 3253//3253 3257//3257
f 3254//3254 3257//3257 3258//3258
f 2764//2764 3257//3257 2757//2757
f 2757//2757 3257//3257 3253//3253
f 3259//3259 2769//2769 3255//3255
f 3255//3255 2769//2769 2762//2762
f 3255//3255 3256//3256 3260//3260
f 3255//3255 3260//3260 3259//3259
f 3258//3258 3257//3257 3261//3261
f 3258//3258 3261//3261 3262//3262
f 2771//2771 3261//3261 2764//2764
f 2764//2764 3261//3261 3257//3257
f 3263//3263 2776//2776 3259//3259
f 3259//3259 2776//2776 2769//2769
f 3259//3259 3260//3260 3264//3264
f 3259//3259 3264//3264 3263//3263
f 3262//3262 3261//3261 3265//3265
f 3262//3262 3265//3265 3266//3266
f 2778//2778 3265//3265 2771//2771
f 2771//2771 3265//3265 3261//3261
f 3267//3267 2783//2783 3263//3263
f 3263//3263 2783//2783 2776//2776
f 3263//3263 3264//3264 3268//3268
f 3263//3263 3268//3268 3267//3267
f 3266//3266 3265//3265 3269//3269
f 3266//3266 3269//3269 3270//3270
f 2785//2785 3269//3269 2778//2778
f 2778//2778 3269//3269 3265//3265
f 3271//3271 2790//2790 3267//3267
f 3267//3267 2790//2790 2783//2783
f 3267//3267 3268//3268 3272//3272
f 3267//3267 3272//3272 3271//3271
f 3270//3270 3269//3269 3273//3273
f 3270//3270 3273//3273 3274//3274
f 2792//2792 3273//3273 2785//2785
f 2785//2785 3273//3273 3269//3269
f 3275//3275 2797//2797 3271//3271
f 3271//3271 2797//2797 2790//2790
f 3271//3271 3272//3272 3276//3276
f 3271//3271 3276//3276 3275//3275
f 3274//3274 3273//3273 3277//3277
f 3274//3274 3277//3277 3278//3278
f 2799//2799 3277//3277 2792//2792
f 2792//2792 3277//3277 3273//3273
f 3279//3279 2804//2804 3275//3275
f 3275//3275 2804//2804 2797//2797
f 3275//3275 3276//3276 3280//3280
f 3275//3275 3280//3280 3279//3279
f 3278//3278 3277//3277 3281//3281
f 3278//3278 3281//3281 3282//3282
f 2806//2806 3281//3281 2799//2799
f 2799//2799 3281//3281 3277//3277
f 3283//3283 2811//2811 3279//3279
f 3279//3279 2811//2811 2804//2804
f 3279//3279 3280//3280 3284//3284
f 3285//3285 3279//3279 3284//3284
f 3283//3283 3279//3279 3285//3285
f 3286//3286 3285//3285 3284//3284
f 3289//3289 3288//3288 3287//3287
f 3287//3287 3288//3288 3282//3282
f 3287//3287 3282//3282 3281//3281
f 2814//2814 3287//3287 3281//3281
f 2813//2813 2814//2814 3281//3281
f 2813//2813 3281//3281 2806//2806
f 3283//3283 2817//2817 2811//2811
f 2817//2817 3283//3283 2819//2819
f 3283//3283 3290//3290 2819//2819
f 3283//3283 3285//3285 3290//3290
f 3285//3285 3286//3286 3291//3291
f 3285//3285 3291//3291 3290//3290
f 3289//3289 3287//3287 2821//2821
f 2822//2822 3289//3289 2821//2821
f 3292//3292 3289//3289 2822//2822
f 2821//2821 3287//3287 2814//2814
f 3290//3290 2823//2823 2819//2819
f 2824//2824 2823//2823 3290//3290
f 3291//3291 2824//2824 3290//3290
f 3293//3293 2824//2824 3291//3291
f 2825//2825 3292//3292 2822//2822
f 2825//2825 3294//3294 3292//3292
f 3293//3293 3295//3295 2824//2824
f 2824//2824 3295//3295 2826//2826
f 2827//2827 2826//2826 3295//3295
f 2827//2827 3295//3295 3296//3296
f 3298//3298 3297//3297 2828//2828
f 3298//3298 2828//2828 2829//2829
f 2825//2825 2828//2828 3294//3294
f 3294//3294 2828//2828 3297//3297
f 3296//3296 2830//2830 2827//2827
f 3299//3299 2830//2830 3296//3296
f 2831//2831 3298//3298 2829//2829
f 2831//2831 3300//3300 3298//3298
f 3299//3299 2832//2832 2830//2830
f 3301//3301 2832//2832 3299//3299
f 2833//2833 3300//3300 2831//2831
f 2833//2833 3302//3302 3300//3300
f 3301//3301 2834//2834 2832//2832
f 3303//3303 2834//2834 3301//3301
f 2835//2835 3302//3302 2833//2833
f 2835//2835 3304//3304 3302//3302
f 3303//3303 2836//2836 2834//2834
f 3305//3305 2836//2836 3303//3303
f 2837//2837 3304//3304 2835//2835
f 2837//2837 3306//3306 3304//3304
f 3305//3305 2838//2838 2836//2836
f 3307//3307 2838//2838 3305//3305
f 2839//2839 3306//3306 2837//2837
f 2839//2839 3308//3308 3306//3306
f 3307//3307 2840//2840 2838//2838
f 3309//3309 2840//2840 3307//3307
f 2841//2841 3308//3308 2839//2839
f 2841//2841 3310//3310 3308//3308
f 3309//3309 2842//2842 2840//2840
f 3311//3311 2842//2842 3309//3309
f 2843//2843 3310//3310 2841//2841
f 2843//2843 3312//3312 3310//3310
f 3311//3311 2844//2844 2842//2842
f 3313//3313 2844//2844 3311//3311
f 3314//3314 3312//3312 2843//2843
f 3314//3314 2843//2843 2845//2845
f 3315//3315 2845//2845 2846//2846
f 3315//3315 3314//3314 2845//2845
f 3316//3316 2846//2846 2847//2847
f 3316//3316 3315//3315 2846//2846
f 3317//3317 2847//2847 2848//2848
f 3317//3317 3316//3316 2847//2847
f 3318//3318 2848//2848 2849//2849
f 3318//3318 3317//3317 2848//2848
f 3319//3319 2849//2849 2850//2850
f 3319//3319 3318//3318 2849//2849
f 3320//3320 2850//2850 2851//2851
f 3320//3320 3319//3319 2850//2850
f 3321//3321 2851//2851 2852//2852
f 3321//3321 3320//3320 2851//2851
f 3322//3322 2852//2852 2853//2853
f 3322//3322 3321//3321 2852//2852
f 3323//3323 2853//2853 2854//2854
f 3323//3323 3322//3322 2853//2853
f 3324//3324 2854//2854 2855//2855
f 3324//3324 3323//3323 2854//2854
f 2855//2855 2844//2844 3313//3313
f 2855//2855 3313//3313 3324//3324
f 3327//3327 3326//3326 3325//3325
f 2857//2857 2858//2858 3325//3325
f 3326//3326 2857//2857 3325//3325
f 3328//3328 2857//2857 3326//3326
f 2857//2857 3329//3329 2860//2860
f 3328//3328 3329//3329 2857//2857
f 2860//2860 3330//3330 2862//2862
f 3329//3329 3330//3330 2860//2860
f 2862//2862 3331//3331 2864//2864
f 3330//3330 3331//3331 2862//2862
f 2864//2864 3332//3332 2866//2866
f 3331//3331 3332//3332 2864//2864
f 3334//3334 3333//3333 2867//2867
f 2866//2866 3334//3334 2867//2867
f 3332//3332 3334//3334 2866//2866
f 3335//3335 3333//3333 3334//3334
f 3327//3327 3325//3325 3336//3336
f 3327//3327 3336//3336 3337//3337
f 2869//2869 3336//3336 2858//2858
f 2858//2858 3336//3336 3325//3325
f 3338//3338 2873//2873 3333//3333
f 3333//3333 2873//2873 2867//2867
f 3333//3333 3335//3335 3339//3339
f 3333//3333 3339//3339 3338//3338
f 3337//3337 3336//3336 3340//3340
f 3337//3337 3340//3340 3341//3341
f 2875//2875 3340//3340 2869//2869
f 2869//2869 3340//3340 3336//3336
f 3342//3342 2878//2878 3338//3338
f 3338//3338 2878//2878 2873//2873
f 3338//3338 3339//3339 3343//3343
f 3338//3338 3343//3343 3342//3342
f 3341//3341 3340//3340 3344//3344
f 3341//3341 3344//3344 3345//3345
f 2880//2880 3344//3344 2875//2875
f 2875//2875 3344//3344 3340//3340
f 3346//3346 2883//2883 3342//3342
f 3342//3342 2883//2883 2878//2878
f 3342//3342 3343//3343 3347//3347
f 3342//3342 3347//3347 3346//3346
f 3345//3345 3344//3344 3348//3348
f 3345//3345 3348//3348 3349//3349
f 2885//2885 3348//3348 2880//2880
f 2880//2880 3348//3348 3344//3344
f 3350//3350 2888//2888 3346//3346
f 3346//3346 2888//2888 2883//2883
f 3346//3346 3347//3347 3351//3351
f 3346//3346 3351//3351 3350//3350
f 3349//3349 3348//3348 3352//3352
f 3349//3349 3352//3352 3353//3353
f 2890//2890 3352//3352 2885//2885
f 2885//2885 3352//3352 3348//3348
f 3354//3354 2893//2893 3350//3350
f 3350//3350 2893//2893 2888//2888
f 3350//3350 3351//3351 3355//3355
f 3350//3350 3355//3355 3354//3354
f 3353//3353 3352//3352 3356//3356
f 3353//3353 3356//3356 3357//3357
f 2895//2895 3356//3356 2890//2890
f 2890//2890 3356//3356 3352//3352
f 3358//3358 2898//2898 3354//3354
f 3354//3354 2898//2898 2893//2893
f 3354//3354 3355//3355 3359//3359
f 3354//3354 3359//3359 3358//3358
f 3357//3357 3356//3356 3360//3360
f 3357//3357 3360//3360 3361//3361
f 2900//2900 3360//3360 2895//2895
f 2895//2895 3360//3360 3356//3356
f 3362//3362 2903//2903 3358//3358
f 3358//3358 2903//2903 2898//2898
f 3358//3358 3359//3359 3363//3363
f 3358//3358 3363//3363 3362//3362
f 3361//3361 3360//3360 3364//3364
f 3361//3361 3364//3364 3365//3365
f 2905//2905 3364//3364 2900//2900
f 2900//2900 3364//3364 3360//3360
f 3366//3366 2909//2909 3362//3362
f 3362//3362 2909//2909 2903//2903
f 3362//3362 3363//3363 3367//3367
f 3362//3362 3367//3367 3366//3366
f 3365//3365 3364//3364 3368//3368
f 3365//3365 3368//3368 3369//3369
f 2911//2911 3368//3368 2905//2905
f 2905//2905 3368//3368 3364//3364
f 3370//3370 2915//2915 3366//3366
f 3366//3366 2915//2915 2909//2909
f 3366//3366 3367//3367 3371//3371
f 3366//3366 3371//3371 3370//3370
f 3369//3369 3368//3368 3372//3372
f 3369//3369 3372//3372 3373//3373
f 2917//2917 3372//3372 2911//2911
f 2911//2911 3372//3372 3368//3368
f 3374//3374 2921//2921 3370//3370
f 3370//3370 2921//2921 2915//2915
f 3370//3370 3371//3371 3375//3375
f 3370//3370 3375//3375 3374//3374
f 3373//3373 3372//3372 3376//3376
f 3373//3373 3376//3376 3377//3377
f 2923//2923 3376//3376 2917//2917
f 2917//2917 3376//3376 3372//3372
f 3378//3378 2927//2927 3374//3374
f 3374//3374 2927//2927 2921//2921
f 3374//3374 3375//3375 3379//3379
f 3374//3374 3379//3379 3378//3378
f 3377//3377 3376//3376 3380//3380
f 3377//3377 3380//3380 3381//3381
f 2929//2929 3380//3380 2923//2923
f 2923//2923 3380//3380 3376//3376
f 3382//3382 2933//2933 3378//3378
f 3378//3378 2933//2933 2927//2927
f 3378//3378 3379//3379 3383//3383
f 3378//3378 3383//3383 3382//3382
f 3381//3381 3380//3380 3384//3384
f 3381//3381 3384//3384 3385//3385
f 2935//2935 3384//3384 2929//2929
f 2929//2929 3384//3384 3380//3380
f 3386//3386 2940//2940 3382//3382
f 3382//3382 2940//2940 2933//2933
f 3382//3382 3383//3383 3387//3387
f 3382//3382 3387//3387 3386//3386
f 3385//3385 3384//3384 3388//3388
f 3385//3385 3388//3388 3389//3389
f 2942//2942 3388//3388 2935//2935
f 2935//2935 3388//3388 3384//3384
f 3390//3390 2947//2947 3386//3386
f 3386//3386 2947//2947 2940//2940
f 3386//3386 3387//3387 3391//3391
f 3386//3386 3391//3391 3390//3390
f 3389//3389 3388//3388 3392//3392
f 3389//3389 3392//3392 3393//3393
f 2949//2949 3392//3392 2942//2942
f 2942//2942 3392//3392 3388//3388
f 3394//3394 2954//2954 3390//3390
f 3390//3390 2954//2954 2947//2947
f 3390//3390 3391//3391 3395//3395
f 3390//3390 3395//3395 3394//3394
f 3393//3393 3392//3392 3396//3396
f 3393//3393 3396//3396 3397//3397
f 2956//2956 3396//3396 2949//2949
f 2949//2949 3396//3396 3392//3392
f 3398//3398 2961//2961 3394//3394
f 3394//3394 2961//2961 2954//2954
f 3394//3394 3395//3395 3399//3399
f 3394//3394 3399//3399 3398//3398
f 3397//3397 3396//3396 3400//3400
f 3397//3397 3400//3400 3401//3401
f 2963//2963 3400//3400 2956//2956
f 2956//2956 3400//3400 3396//3396
f 3402//3402 2968//2968 3398//3398
f 3398//3398 2968//2968 2961//2961
f 3398//3398 3399//3399 3403//3403
f 3398//3398 3403//3403 3402//3402
f 3401//3401 3400//3400 3404//3404
f 3401//3401 3404//3404 3405//3405
f 2970//2970 3404//3404 2963//2963
f 2963//2963 3404//3404 3400//3400
f 3406//3406 2975//2975 3402//3402
f 3402//3402 2975//2975 2968//2968
f 3402//3402 3403//3403 3407//3407
f 3402//3402 3407//3407 3406//3406
f 3405//3405 3404//3404 3408//3408
f 3405//3405 3408//3408 3409//3409
f 2977//2977 3408//3408 2970//2970
f 2970//2970 3408//3408 3404//3404
f 3410//3410 2982//2982 3406//3406
f 3406//3406 2982//2982 2975//2975
f 3406//3406 3407//3407 3411//3411
f 3406//3406 3411//3411 3410//3410
f 3409//3409 3408//3408 3412//3412
f 3409//3409 3412//3412 3413//3413
f 2984//2984 3412//3412 2977//2977
f 2977//2977 3412//3412 3408//3408
f 3414//3414 2989//2989 3410//3410
f 3410//3410 2989//2989 2982//2982
f 3410//3410 3411//3411 3415//3415
f 3410//3410 3415//3415 3414//3414
f 3413//3413 3412//3412 3416//3416
f 3413//3413 3416//3416 3417//3417
f 2991//2991 3416//3416 2984//2984
f 2984//2984 3416//3416 3412//3412
f 3418//3418 2996//2996 3414//3414
f 3414//3414 2996//2996 2989//2989
f 3414//3414 3415//3415 3419//3419
f 3414//3414 3419//3419 3418//3418
f 3417//3417 3416//3416 3420//3420
f 3417//3417 3420//3420 3421//3421
f 2998//2998 3420//3420 2991//2991
f 2991//2991 3420//3420 3416//3416
f 3422//3422 3003//3003 3418//3418
f 3418//3418 3003//3003 2996//2996
f 3418//3418 3419//3419 3423//3423
f 3418//3418 3423//3423 3422//3422
f 3421//3421 3420//3420 3424//3424
f 3421//3421 3424//3424 3425//3425
f 3005//3005 3424//3424 2998//2998
f 2998//2998 3424//3424 3420//3420
f 3426//3426 3010//3010 3422//3422
f 3422//3422 3010//3010 3003//3003
f 3422//3422 3423//3423 3427//3427
f 3422//3422 3427//3427 3426//3426
f 3425//3425 3424//3424 3428//3428
f 3425//3425 3428//3428 3429//3429
f 3012//3012 3428//3428 3005//3005
f 3005//3005 3428//3428 3424//3424
f 3430//3430 3017//3017 3426//3426
f 3426//3426 3017//3017 3010//3010
f 3426//3426 3427//3427 3431//3431
f 3426//3426 3431//3431 3430//3430
f 3429//3429 3428//3428 3432//3432
f 3429//3429 3432//3432 3433//3433
f 3019//3019 3432//3432 3012//3012
f 3012//3012 3432//3432 3428//3428
f 3434//3434 3024//3024 3430//3430
f 3430//3430 3024//3024 3017//3017
f 3430//3430 3431//3431 3435//3435
f 3430//3430 3435//3435 3434//3434
f 3433//3433 3432//3432 3436//3436
f 3433//3433 3436//3436 3437//3437
f 3026//3026 3436//3436 3019//3019
f 3019//3019 3436//3436 3432//3432
f 3438//3438 3031//3031 3434//3434
f 3434//3434 3031//3031 3024//3024
f 3434//3434 3435//3435 3439//3439
f 3434//3434 3439//3439 3438//3438
f 3437//3437 3436//3436 3440//3440
f 3437//3437 3440//3440 3441//3441
f 3033//3033 3440//3440 3026//3026
f 3026//3026 3440//3440 3436//3436
f 3442//3442 3038//3038 3438//3438
f 3438//3438 3038//3038 3031//3031
f 3438//3438 3439//3439 3443//3443
f 3438//3438 3443//3443 3442//3442
f 3441//3441 3440//3440 3444//3444
f 3441//3441 3444//3444 3445//3445
f 3040//3040 3444//3444 3033//3033
f 3033//3033 3444//3444 3440//3440
f 3446//3446 3045//3045 3442//3442
f 3442//3442 3045//3045 3038//3038
f 3442//3442 3443//3443 3447//3447
f 3442//3442 3447//3447 3446//3446
f 3445//3445 3444//3444 3448//3448
f 3445//3445 3448//3448 3449//3449
f 3047//3047 3448//3448 3040//3040
f 3040//3040 3448//3448 3444//3444
f 3450//3450 3052//3052 3446//3446
f 3446//3446 3052//3052 3045//3045
f 3446//3446 3447//3447 3451//3451
f 3446//3446 3451//3451 3450//3450
f 3449//3449 3448//3448 3452//3452
f 3449//3449 3452//3452 3453//3453
f 3054//3054 3452//3452 3047//3047
f 3047//3047 3452//3452 3448//3448
f 3454//3454 3059//3059 3450//3450
f 3450//3450 3059//3059 3052//3052
f 3450//3450 3451//3451 3455//3455
f 3450//3450 3455//3455 3454//3454
f 3453//3453 3452//3452 3456//3456
f 3453//3453 3456//3456 3457//3457
f 3061//3061 3456//3456 3054//3054
f 3054//3054 3456//3456 3452//3452
f 3458//3458 3066//3066 3454//3454
f 3454//3454 3066//3066 3059//3059
f 3454//3454 3455//3455 3459//3459
f 3454//3454 3459//3459 3458//3458
f 3457//3457 3456//3456 3460//3460
f 3457//3457 3460//3460 3461//3461
f 3068//3068 3460//3460 3061//3061
f 3061//3061 3460//3460 3456//3456
f 3462//3462 3073//3073 3458//3458
f 3458//3458 3073//3073 3066//3066
f 3458//3458 3459//3459 3463//3463
f 3458//3458 3463//3463 3462//3462
f 3461//3461 3460//3460 3464//3464
f 3461//3461 3464//3464 3465//3465
f 3075//3075 3464//3464 3068//3068
f 3068//3068 3464//3464 3460//3460
f 3466//3466 3080//3080 3462//3462
f 3462//3462 3080//3080 3073//3073
f 3462//3462 3463//3463 3467//3467
f 3462//3462 3467//3467 3466//3466
f 3465//3465 3464//3464 3468//3468
f 3465//3465 3468//3468 3469//3469
f 3082//3082 3468//3468 3075//3075
f 3075//3075 3468//3468 3464//3464
f 3470//3470 3087//3087 3466//3466
f 3466//3466 3087//3087 3080//3080
f 3466//3466 3467//3467 3471//3471
f 3466//3466 3471//3471 3470//3470
f 3469//3469 3468//3468 3472//3472
f 3469//3469 3472//3472 3473//3473
f 3089//3089 3472//3472 3082//3082
f 3082//3082 3472//3472 3468//3468
f 3474//3474 3094//3094 3470//3470
f 3470//3470 3094//3094 3087//3087
f 3470//3470 3471//3471 3475//3475
f 3470//3470 3475//3475 3474//3474
f 3473//3473 3472//3472 3476//3476
f 3473//3473 3476//3476 3477//3477
f 3096//3096 3476//3476 3089//3089
f 3089//3089 3476//3476 3472//3472
f 3478//3478 3101//3101 3474//3474
f 3474//3474 3101//3101 3094//3094
f 3474//3474 3475//3475 3479//3479
f 3474//3474 3479//3479 3478//3478
f 3477//3477 3476//3476 3480//3480
f 3477//3477 3480//3480 3481//3481
f 3103//3103 3480//3480 3096//3096
f 3096//3096 3480//3480 3476//3476
f 3482//3482 3108//3108 3478//3478
f 3478//3478 3108//3108 3101//3101
f 3478//3478 3479//3479 3483//3483
f 3478//3478 3483//3483 3482//3482
f 3481//3481 3480//3480 3484//3484
f 3481//3481 3484//3484 3485//3485
f 3110//3110 3484//3484 3103//3103
f 3103//3103 3484//3484 3480//3480
f 3486//3486 3115//3115 3482//3482
f 3482//3482 3115//3115 3108//3108
f 3482//3482 3483//3483 3487//3487
f 3482//3482 3487//3487 3486//3486
f 3485//3485 3484//3484 3488//3488
f 3485//3485 3488//3488 3489//3489
f 3117//3117 3488//3488 3110//3110
f 3110//3110 3488//3488 3484//3484
f 3490//3490 3122//3122 3486//3486
f 3486//3486 3122//3122 3115//3115
f 3486//3486 3487//3487 3491//3491
f 3486//3486 3491//3491 3490//3490
f 3489//3489 3488//3488 3492//3492
f 3489//3489 3492//3492 3493//3493
f 3124//3124 3492//3492 3117//3117
f 3117//3117 3492//3492 3488//3488
f 3494//3494 3129//3129 3490//3490
f 3490//3490 3129//3129 3122//3122
f 3490//3490 3491//3491 3495//3495
f 3490//3490 3495//3495 3494//3494
f 3493//3493 3492//3492 3496//3496
f 3493//3493 3496//3496 3497//3497
f 3131//3131 3496//3496 3124//3124
f 3124//3124 3496//3496 3492//3492
f 3498//3498 3136//3136 3494//3494
f 3494//3494 3136//3136 3129//3129
f 3494//3494 3495//3495 3499//3499
f 3494//3494 3499//3499 3498//3498
f 3497//3497 3496//3496 3500//3500
f 3497//3497 3500//3500 3501//3501
f 3138//3138 3500//3500 3131//3131
f 3131//3131 3500//3500 3496//3496
f 3502//3502 3143//3143 3498//3498
f 3498//3498 3143//3143 3136//3136
f 3498//3498 3499//3499 3503//3503
f 3498//3498 3503//3503 3502//3502
f 3501//3501 3500//3500 3504//3504
f 3501//3501 3504//3504 3505//3505
f 3145//3145 3504//3504 3138//3138
f 3138//3138 3504//3504 3500//3500
f 3506//3506 3150//3150 3502//3502
f 3502//3502 3150//3150 3143//3143
f 3502//3502 3503//3503 3507//3507
f 3502//3502 3507//3507 3506//3506
f 3505//3505 3504//3504 3508//3508
f 3505//3505 3508//3508 3509//3509
f 3152//3152 3508//3508 3145//3145
f 3145//3145 3508//3508 3504//3504
f 3510//3510 3157//3157 3506//3506
f 3506//3506 3157//3157 3150//3150
f 3506//3506 3507//3507 3511//3511
f 3506//3506 3511//3511 3510//3510
f 3509//3509 3508//3508 3512//3512
f 3509//3509 3512//3512 3513//3513
f 3159//3159 3512//3512 3152//3152
f 3152//3152 3512//3512 3508//3508
f 3514//3514 3164//3164 3510//3510
f 3510//3510 3164//3164 3157//3157
f 3510//3510 3511//3511 3515//3515
f 3510//3510 3515//3515 3514//3514
f 3513//3513 3512//3512 3516//3516
f 3513//3513 3516//3516 3517//3517
f 3166//3166 3516//3516 3159//3159
f 3159//3159 3516//3516 3512//3512
f 3518//3518 3171//3171 3514//3514
f 3514//3514 3171//3171 3164//3164
f 3514//3514 3515//3515 3519//3519
f 3514//3514 3519//3519 3518//3518
f 3517//3517 3516//3516 3520//3520
f 3517//3517 3520//3520 3521//3521
f 3173//3173 3520//3520 3166//3166
f 3166//3166 3520//3520 3516//3516
f 3522//3522 3178//3178 3518//3518
f 3518//3518 3178//3178 3171//3171
f 3518//3518 3519//3519 3523//3523
f 3518//3518 3523//3523 3522//3522
f 3521//3521 3520//3520 3524//3524
f 3521//3521 3524//3524 3525//3525
f 3180//3180 3524//3524 3173//3173
f 3173//3173 3524//3524 3520//3520
f 3526//3526 3185//3185 3522//3522
f 3522//3522 3185//3185 3178//3178
f 3522//3522 3523//3523 3527//3527
f 3522//3522 3527//3527 3526//3526
f 3525//3525 3524//3524 3528//3528
f 3525//3525 3528//3528 3529//3529
f 3187//3187 3528//3528 3180//3180
f 3180//3180 3528//3528 3524//3524
f 3530//3530 3192//3192 3526//3526
f 3526//3526 3192//3192 3185//3185
f 3526//3526 3527//3527 3531//3531
f 3526//3526 3531//3531 3530//3530
f 3529//3529 3528//3528 3532//3532
f 3529//3529 3532//3532 3533//3533
f 3194//3194 3532//3532 3187//3187
f 3187//3187 3532//3532 3528//3528
f 3534//3534 3198//3198 3530//3530
f 3530//3530 3198//3198 3192//3192
f 3530//3530 3531//3531 3535//3535
f 3530//3530 3535//3535 3534//3534
f 3533//3533 3532//3532 3536//3536
f 3533//3533 3536//3536 3537//3537
f 3200//3200 3536//3536 3194//3194
f 3194//3194 3536//3536 3532//3532
f 3538//3538 3204//3204 3534//3534
f 3534//3534 3204//3204 3198//3198
f 3534//3534 3535//3535 3539//3539
f 3534//3534 3539//3539 3538//3538
f 3537//3537 3536//3536 3540//3540
f 3537//3537 3540//3540 3541//3541
f 3206//3206 3540//3540 3200//3200
f 3200//3200 3540//3540 3536//3536
f 3538//3538 3210//3210 3204//3204
f 3212//3212 3210//3210 3538//3538
f 3539//3539 3212//3212 3538//3538
f 3542//3542 3212//3212 3539//3539
f 3541//3541 3540//3540 3543//3543
f 3541//3541 3543//3543 3544//3544
f 3214//3214 3543//3543 3206//3206
f 3206//3206 3543//3543 3540//3540
f 3542//3542 3217//3217 3212//3212
f 3545//3545 3217//3217 3542//3542
f 3544//3544 3543//3543 3546//3546
f 3544//3544 3546//3546 3547//3547
f 3219//3219 3546//3546 3214//3214
f 3214//3214 3546//3546 3543//3543
f 3545//3545 3222//3222 3217//3217
f 3548//3548 3222//3222 3545//3545
f 3547//3547 3546//3546 3224//3224
f 3225//3225 3547//3547 3224//3224
f 3549//3549 3547//3547 3225//3225
f 3224//3224 3546//3546 3219//3219
f 3548//3548 3229//3229 3222//3222
f 3550//3550 3229//3229 3548//3548
f 3231//3231 3549//3549 3225//3225
f 3231//3231 3551//3551 3549//3549
f 3553//3553 3235//3235 3552//3552
f 3235//3235 3550//3550 3552//3552
f 3235//3235 3229//3229 3550//3550
f 3554//3554 3553//3553 3552//3552
f 3237//3237 3551//3551 3231//3231
f 3237//3237 3555//3555 3551//3551
f 3556//3556 3241//3241 3553//3553
f 3553//3553 3241//3241 3235//3235
f 3553//3553 3554//3554 3557//3557
f 3553//3553 3557//3557 3556//3556
f 3243//3243 3555//3555 3237//3237
f 3243//3243 3558//3558 3555//3555
f 3559//3559 3247//3247 3556//3556
f 3556//3556 3247//3247 3241//3241
f 3556//3556 3557//3557 3560//3560
f 3556//3556 3560//3560 3559//3559
f 3249//3249 3558//3558 3243//3243
f 3249//3249 3561//3561 3558//3558
f 3562//3562 3252//3252 3559//3559
f 3559//3559 3252//3252 3247//3247
f 3559//3559 3560//3560 3563//3563
f 3559//3559 3563//3563 3562//3562
f 3566//3566 3565//3565 3564//3564
f 3565//3565 3561//3561 3564//3564
f 3561//3561 3254//3254 3564//3564
f 3561//3561 3249//3249 3254//3254
f 3567//3567 3256//3256 3562//3562
f 3562//3562 3256//3256 3252//3252
f 3562//3562 3563//3563 3568//3568
f 3562//3562 3568//3568 3567//3567
f 3566//3566 3564//3564 3569//3569
f 3566//3566 3569//3569 3570//3570
f 3258//3258 3569//3569 3254//3254
f 3254//3254 3569//3569 3564//3564
f 3571//3571 3260//3260 3567//3567
f 3567//3567 3260//3260 3256//3256
f 3567//3567 3568//3568 3572//3572
f 3567//3567 3572//3572 3571//3571
f 3570//3570 3569//3569 3573//3573
f 3570//3570 3573//3573 3574//3574
f 3262//3262 3573//3573 3258//3258
f 3258//3258 3573//3573 3569//3569
f 3575//3575 3264//3264 3571//3571
f 3571//3571 3264//3264 3260//3260
f 3571//3571 3572//3572 3576//3576
f 3571//3571 3576//3576 3575//3575
f 3574//3574 3573//3573 3577//3577
f 3574//3574 3577//3577 3578//3578
f 3266//3266 3577//3577 3262//3262
f 3262//3262 3577//3577 3573//3573
f 3579//3579 3268//3268 3575//3575
f 3575//3575 3268//3268 3264//3264
f 3575//3575 3576//3576 3580//3580
f 3575//3575 3580//3580 3579//3579
f 3578//3578 3577//3577 3581//3581
f 3578//3578 3581//3581 3582//3582
f 3270//3270 3581//3581 3266//3266
f 3266//3266 3581//3581 3577//3577
f 3583//3583 3272//3272 3579//3579
f 3579//3579 3272//3272 3268//3268
f 3579//3579 3580//3580 3584//3584
f 3579//3579 3584//3584 3583//3583
f 3582//3582 3581//3581 3585//3585
f 3582//3582 3585//3585 3586//3586
f 3274//3274 3585//3585 3270//3270
f 3270//3270 3585//3585 3581//3581
f 3587//3587 3276//3276 3583//3583
f 3583//3583 3276//3276 3272//3272
f 3583//3583 3584//3584 3588//3588
f 3583//3583 3588//3588 3587//3587
f 3586//3586 3585//3585 3589//3589
f 3586//3586 3589//3589 3590//3590
f 3278//3278 3589//3589 3274//3274
f 3274//3274 3589//3589 3585//3585
f 3591//3591 3280//3280 3587//3587
f 3587//3587 3280//3280 3276//3276
f 3587//3587 3588//3588 3592//3592
f 3587//3587 3592//3592 3591//3591
f 3590//3590 3589//3589 3593//3593
f 3590//3590 3593//3593 3594//3594
f 3282//3282 3593//3593 3278//3278
f 3278//3278 3593//3593 3589//3589
f 3591//3591 3284//3284 3280//3280
f 3286//3286 3284//3284 3591//3591
f 3592//3592 3286//3286 3591//3591
f 3595//3595 3286//3286 3592//3592
f 3594//3594 3593//3593 3288//3288
f 3289//3289 3594//3594 3288//3288
f 3596//3596 3594//3594 3289//3289
f 3288//3288 3593//3593 3282//3282
f 3595//3595 3291//3291 3286//3286
f 3597//3597 3291//3291 3595//3595
f 3292//3292 3596//3596 3289//3289
f 3292//3292 3598//3598 3596//3596
f 3597//3597 3293//3293 3291//3291
f 3599//3599 3293//3293 3597//3597
f 3602//3602 3601//3601 3600//3600
f 3601//3601 3598//3598 3600//3600
f 3598//3598 3294//3294 3600//3600
f 3598//3598 3292//3292 3294//3294
f 3599//3599 3603//3603 3293//3293
f 3293//3293 3603//3603 3295//3295
f 3296//3296 3295//3295 3603//3603
f 3296//3296 3603//3603 3604//3604
f 3602//3602 3600//3600 3297//3297
f 3298//3298 3602//3602 3297//3297
f 3605//3605 3602//3602 3298//3298
f 3297//3297 3600//3600 3294//3294
f 3604//3604 3299//3299 3296//3296
f 3606//3606 3299//3299 3604//3604
f 3300//3300 3605//3605 3298//3298
f 3300//3300 3607//3607 3605//3605
f 3606//3606 3301//3301 3299//3299
f 3608//3608 3301//3301 3606//3606
f 3302//3302 3607//3607 3300//3300
f 3302//3302 3609//3609 3607//3607
f 3608//3608 3303//3303 3301//3301
f 3610//3610 3303//3303 3608//3608
f 3304//3304 3609//3609 3302//3302
f 3304//3304 3611//3611 3609//3609
f 3610//3610 3305//3305 3303//3303
f 3612//3612 3305//3305 3610//3610
f 3306//3306 3611//3611 3304//3304
f 3306//3306 3613//3613 3611//3611
f 3612//3612 3307//3307 3305//3305
f 3614//3614 3307//3307 3612//3612
f 3308//3308 3613//3613 3306//3306
f 3308//3308 3615//3615 3613//3613
f 3614//3614 3309//3309 3307//3307
f 3616//3616 3309//3309 3614//3614
f 3310//3310 3615//3615 3308//3308
f 3310//3310 3617//3617 3615//3615
f 3616//3616 3311//3311 3309//3309
f 3618//3618 3311//3311 3616//3616
f 3312//3312 3620//3620 3619//3619
f 3617//3617 3312//3312 3619//3619
f 3310//3310 3312//3312 3617//3617
f 3620//3620 3621//3621 3619//3619
f 3618//3618 3313//3313 3311//3311
f 3622//3622 3313//3313 3618//3618
f 3314//3314 3620//3620 3312//3312
f 3623//3623 3621//3621 3620//3620
f 3314//3314 3623//3623 3620//3620
f 3315//3315 3623//3623 3314//3314
f 3624//3624 3315//3315 3316//3316
f 3624//3624 3623//3623 3315//3315
f 3625//3625 3316//3316 3317//3317
f 3625//3625 3624//3624 3316//3316
f 3626//3626 3317//3317 3318//3318
f 3626//3626 3625//3625 3317//3317
f 3627//3627 3318//3318 3319//3319
f 3627//3627 3626//3626 3318//3318
f 3628//3628 3319//3319 3320//3320
f 3628//3628 3627//3627 3319//3319
f 3629//3629 3320//3320 3321//3321
f 3629//3629 3628//3628 3320//3320
f 3630//3630 3321//3321 3322//3322
f 3630//3630 3629//3629 3321//3321
f 3631//3631 3322//3322 3323//3323
f 3631//3631 3630//3630 3322//3322
f 3632//3632 3323//3323 3324//3324
f 3632//3632 3631//3631 3323//3323
f 3324//3324 3313//3313 3622//3622
f 3324//3324 3622//3622 3632//3632
f 3634//3634 3633//3633 3326//3326
f 3634//3634 3326//3326 3327//3327
f 3326//3326 3635//3635 3328//3328
f 3633//3633 3635//3635 3326//3326
f 3328//3328 3636//3636 3329//3329
f 3635//3635 3636//3636 3328//3328
f 3329//3329 3637//3637 3330//3330
f 3636//3636 3637//3637 3329//3329
f 3330//3330 3638//3638 3331//3331
f 3637//3637 3638//3638 3330//3330
f 3331//3331 3639//3639 3332//3332
f 3638//3638 3639//3639 3331//3331
f 3332//3332 3640//3640 3334//3334
f 3639//3639 3640//3640 3332//3332
f 3335//3335 3334//3334 3640//3640
f 3335//3335 3640//3640 3641//3641
f 3337//3337 3634//3634 3327//3327
f 3337//3337 3642//3642 3634//3634
f 3641//3641 3339//3339 3335//3335
f 3643//3643 3339//3339 3641//3641
f 3341//3341 3642//3642 3337//3337
f 3341//3341 3644//3644 3642//3642
f 3643//3643 3343//3343 3339//3339
f 3645//3645 3343//3343 3643//3643
f 3345//3345 3644//3644 3341//3341
f 3345//3345 3646//3646 3644//3644
f 3645//3645 3347//3347 3343//3343
f 3647//3647 3347//3347 3645//3645
f 3349//3349 3646//3646 3345//3345
f 3349//3349 3648//3648 3646//3646
f 3647//3647 3351//3351 3347//3347
f 3649//3649 3351//3351 3647//3647
f 3353//3353 3648//3648 3349//3349
f 3353//3353 3650//3650 3648//3648
f 3649//3649 3355//3355 3351//3351
f 3651//3651 3355//3355 3649//3649
f 3357//3357 3650//3650 3353//3353
f 3357//3357 3652//3652 3650//3650
f 3651//3651 3359//3359 3355//3355
f 3653//3653 3359//3359 3651//3651
f 3361//3361 3652//3652 3357//3357
f 3361//3361 3654//3654 3652//3652
f 3653//3653 3363//3363 3359//3359
f 3655//3655 3363//3363 3653//3653
f 3365//3365 3654//3654 3361//3361
f 3365//3365 3656//3656 3654//3654
f 3655//3655 3367//3367 3363//3363
f 3657//3657 3367//3367 3655//3655
f 3369//3369 3656//3656 3365//3365
f 3369//3369 3658//3658 3656//3656
f 3657//3657 3371//3371 3367//3367
f 3659//3659 3371//3371 3657//3657
f 3373//3373 3658//3658 3369//3369
f 3373//3373 3660//3660 3658//3658
f 3659//3659 3375//3375 3371//3371
f 3661//3661 3375//3375 3659//3659
f 3377//3377 3660//3660 3373//3373
f 3377//3377 3662//3662 3660//3660
f 3661//3661 3379//3379 3375//3375
f 3663//3663 3379//3379 3661//3661
f 3381//3381 3662//3662 3377//3377
f 3381//3381 3664//3664 3662//3662
f 3663//3663 3383//3383 3379//3379
f 3665//3665 3383//3383 3663//3663
f 3385//3385 3664//3664 3381//3381
f 3385//3385 3666//3666 3664//3664
f 3665//3665 3387//3387 3383//3383
f 3667//3667 3387//3387 3665//3665
f 3389//3389 3666//3666 3385//3385
f 3389//3389 3668//3668 3666//3666
f 3667//3667 3391//3391 3387//3387
f 3669//3669 3391//3391 3667//3667
f 3393//3393 3668//3668 3389//3389
f 3393//3393 3670//3670 3668//3668
f 3669//3669 3395//3395 3391//3391
f 3671//3671 3395//3395 3669//3669
f 3397//3397 3670//3670 3393//3393
f 3397//3397 3672//3672 3670//3670
f 3671//3671 3399//3399 3395//3395
f 3673//3673 3399//3399 3671//3671
f 3401//3401 3672//3672 3397//3397
f 3401//3401 3674//3674 3672//3672
f 3673//3673 3403//3403 3399//3399
f 3675//3675 3403//3403 3673//3673
f 3405//3405 3674//3674 3401//3401
f 3405//3405 3676//3676 3674//3674
f 3675//3675 3407//3407 3403//3403
f 3677//3677 3407//3407 3675//3675
f 3409//3409 3676//3676 3405//3405
f 3409//3409 3678//3678 3676//3676
f 3677//3677 3411//3411 3407//3407
f 3679//3679 3411//3411 3677//3677
f 3413//3413 3678//3678 3409//3409
f 3413//3413 3680//3680 3678//3678
f 3679//3679 3415//3415 3411//3411
f 3681//3681 3415//3415 3679//3679
f 3417//3417 3680//3680 3413//3413
f 3417//3417 3682//3682 3680//3680
f 3681//3681 3419//3419 3415//3415
f 3683//3683 3419//3419 3681//3681
f 3421//3421 3682//3682 3417//3417
f 3421//3421 3684//3684 3682//3682
f 3683//3683 3423//3423 3419//3419
f 3685//3685 3423//3423 3683//3683
f 3425//3425 3684//3684 3421//3421
f 3425//3425 3686//3686 3684//3684
f 3685//3685 3427//3427 3423//3423
f 3687//3687 3427//3427 3685//3685
f 3429//3429 3686//3686 3425//3425
f 3429//3429 3688//3688 3686//3686
f 3687//3687 3431//3431 3427//3427
f 3689//3689 3431//3431 3687//3687
f 3433//3433 3688//3688 3429//3429
f 3433//3433 3690//3690 3688//3688
f 3689//3689 3435//3435 3431//3431
f 3691//3691 3435//3435 3689//3689
f 3437//3437 3690//3690 3433//3433
f 3437//3437 3692//3692 3690//3690
f 3691//3691 3439//3439 3435//3435
f 3693//3693 3439//3439 3691//3691
f 3441//3441 3692//3692 3437//3437
f 3441//3441 3694//3694 3692//3692
f 3693//3693 3443//3443 3439//3439
f 3695//3695 3443//3443 3693//3693
f 3445//3445 3694//3694 3441//3441
f 3445//3445 3696//3696 3694//3694
f 3695//3695 3447//3447 3443//3443
f 3697//3697 3447//3447 3695//3695
f 3449//3449 3696//3696 3445//3445
f 3449//3449 3698//3698 3696//3696
f 3697//3697 3451//3451 3447//3447
f 3699//3699 3451//3451 3697//3697
f 3453//3453 3698//3698 3449//3449
f 3453//3453 3700//3700 3698//3698
f 3699//3699 3455//3455 3451//3451
f 3701//3701 3455//3455 3699//3699
f 3457//3457 3700//3700 3453//3453
f 3457//3457 3702//3702 3700//3700
f 3701//3701 3459//3459 3455//3455
f 3703//3703 3459//3459 3701//3701
f 3461//3461 3702//3702 3457//3457
f 3461//3461 3704//3704 3702//3702
f 3703//3703 3463//3463 3459//3459
f 3705//3705 3463//3463 3703//3703
f 3465//3465 3704//3704 3461//3461
f 3465//3465 3706//3706 3704//3704
f 3705//3705 3467//3467 3463//3463
f 3707//3707 3467//3467 3705//3705
f 3469//3469 3706//3706 3465//3465
f 3469//3469 3708//3708 3706//3706
f 3707//3707 3471//3471 3467//3467
f 3709//3709 3471//3471 3707//3707
f 3473//3473 3708//3708 3469//3469
f 3473//3473 3710//3710 3708//3708
f 3709//3709 3475//3475 3471//3471
f 3711//3711 3475//3475 3709//3709
f 3477//3477 3710//3710 3473//3473
f 3477//3477 3712//3712 3710//3710
f 3711//3711 3479//3479 3475//3475
f 3713//3713 3479//3479 3711//3711
f 3481//3481 3712//3712 3477//3477
f 3481//3481 3714//3714 3712//3712
f 3713//3713 3483//3483 3479//3479
f 3715//3715 3483//3483 3713//3713
f 3485//3485 3714//3714 3481//3481
f 3485//3485 3716//3716 3714//3714
f 3715//3715 3487//3487 3483//3483
f 3717//3717 3487//3487 3715//3715
f 3489//3489 3716//3716 3485//3485
f 3489//3489 3718//3718 3716//3716
f 3717//3717 3491//3491 3487//3487
f 3719//3719 3491//3491 3717//3717
f 3493//3493 3718//3718 3489//3489
f 3493//3493 3720//3720 3718//3718
f 3719//3719 3495//3495 3491//3491
f 3721//3721 3495//3495 3719//3719
f 3497//3497 3720//3720 3493//3493
f 3497//3497 3722//3722 3720//3720
f 3721//3721 3499//3499 3495//3495
f 3723//3723 3499//3499 3721//3721
f 3501//3501 3722//3722 3497//3497
f 3501//3501 3724//3724 3722//3722
f 3723//3723 3503//3503 3499//3499
f 3725//3725 3503//3503 3723//3723
f 3505//3505 3724//3724 3501//3501
f 3505//3505 3726//3726 3724//3724
f 3725//3725 3507//3507 3503//3503
f 3727//3727 3507//3507 3725//3725
f 3509//3509 3726//3726 3505//3505
f 3509//3509 3728//3728 3726//3726
f 3727//3727 3511//3511 3507//3507
f 3729//3729 3511//3511 3727//3727
f 3513//3513 3728//3728 3509//3509
f 3513//3513 3730//3730 3728//3728
f 3729//3729 3515//3515 3511//3511
f 3731//3731 3515//3515 3729//3729
f 3517//3517 3730//3730 3513//3513
f 3517//3517 3732//3732 3730//3730
f 3731//3731 3519//3519 3515//3515
f 3733//3733 3519//3519 3731//3731
f 3521//3521 3732//3732 3517//3517
f 3521//3521 3734//3734 3732//3732
f 3733//3733 3523//3523 3519//3519
f 3735//3735 3523//3523 3733//3733
f 3525//3525 3734//3734 3521//3521
f 3525//3525 3736//3736 3734//3734
f 3735//3735 3527//3527 3523//3523
f 3737//3737 3527//3527 3735//3735
f 3529//3529 3736//3736 3525//3525
f 3529//3529 3738//3738 3736//3736
f 3740//3740 3531//3531 3739//3739
f 3531//3531 3737//3737 3739//3739
f 3531//3531 3527//3527 3737//3737
f 3741//3741 3740//3740 3739//3739
f 3533//3533 3738//3738 3529//3529
f 3533//3533 3742//3742 3738//3738
f 3743//3743 3535//3535 3740//3740
f 3740//3740 3535//3535 3531//3531
f 3740//3740 3741//3741 3744//3744
f 3740//3740 3744//3744 3743//3743
f 3537//3537 3742//3742 3533//3533
f 3537//3537 3745//3745 3742//3742
f 3746//3746 3539//3539 3743//3743
f 3743//3743 3539//3539 3535//3535
f 3743//3743 3744//3744 3747//3747
f 3743//3743 3747//3747 3746//3746
f 3541//3541 3745//3745 3537//3537
f 3541//3541 3748//3748 3745//3745
f 3749//3749 3542//3542 3746//3746
f 3746//3746 3542//3542 3539//3539
f 3746//3746 3747//3747 3750//3750
f 3746//3746 3750//3750 3749//3749
f 3544//3544 3748//3748 3541//3541
f 3544//3544 3751//3751 3748//3748
f 3752//3752 3545//3545 3749//3749
f 3749//3749 3545//3545 3542//3542
f 3749//3749 3750//3750 3753//3753
f 3749//3749 3753//3753 3752//3752
f 3756//3756 3755//3755 3754//3754
f 3755//3755 3751//3751 3754//3754
f 3751//3751 3547//3547 3754//3754
f 3751//3751 3544//3544 3547//3547
f 3757//3757 3548//3548 3752//3752
f 3752//3752 3548//3548 3545//3545
f 3752//3752 3753//3753 3758//3758
f 3752//3752 3758//3758 3757//3757
f 3756//3756 3754//3754 3759//3759
f 3756//3756 3759//3759 3760//3760
f 3549//3549 3759//3759 3547//3547
f 3547//3547 3759//3759 3754//3754
f 3761//3761 3550//3550 3757//3757
f 3757//3757 3550//3550 3548//3548
f 3757//3757 3758//3758 3762//3762
f 3757//3757 3762//3762 3761//3761
f 3760//3760 3759//3759 3763//3763
f 3760//3760 3763//3763 3764//3764
f 3551//3551 3763//3763 3549//3549
f 3549//3549 3763//3763 3759//3759
f 3761//3761 3552//3552 3550//3550
f 3554//3554 3552//3552 3761//3761
f 3762//3762 3554//3554 3761//3761
f 3765//3765 3554//3554 3762//3762
f 3764//3764 3763//3763 3766//3766
f 3764//3764 3766//3766 3767//3767
f 3555//3555 3766//3766 3551//3551
f 3551//3551 3766//3766 3763//3763
f 3765//3765 3557//3557 3554//3554
f 3768//3768 3557//3557 3765//3765
f 3767//3767 3766//3766 3769//3769
f 3767//3767 3769//3769 3770//3770
f 3558//3558 3769//3769 3555//3555
f 3555//3555 3769//3769 3766//3766
f 3768//3768 3560//3560 3557//3557
f 3771//3771 3560//3560 3768//3768
f 3770//3770 3769//3769 3772//3772
f 3770//3770 3772//3772 3773//3773
f 3561//3561 3772//3772 3558//3558
f 3558//3558 3772//3772 3769//3769
f 3771//3771 3563//3563 3560//3560
f 3774//3774 3563//3563 3771//3771
f 3773//3773 3772//3772 3565//3565
f 3566//3566 3773//3773 3565//3565
f 3775//3775 3773//3773 3566//3566
f 3565//3565 3772//3772 3561//3561
f 3774//3774 3568//3568 3563//3563
f 3776//3776 3568//3568 3774//3774
f 3570//3570 3775//3775 3566//3566
f 3570//3570 3777//3777 3775//3775
f 3776//3776 3572//3572 3568//3568
f 3778//3778 3572//3572 3776//3776
f 3574//3574 3777//3777 3570//3570
f 3574//3574 3779//3779 3777//3777
f 3778//3778 3576//3576 3572//3572
f 3780//3780 3576//3576 3778//3778
f 3578//3578 3779//3779 3574//3574
f 3578//3578 3781//3781 3779//3779
f 3780//3780 3580//3580 3576//3576
f 3782//3782 3580//3580 3780//3780
f 3582//3582 3781//3781 3578//3578
f 3582//3582 3783//3783 3781//3781
f 3782//3782 3584//3584 3580//3580
f 3784//3784 3584//3584 3782//3782
f 3586//3586 3783//3783 3582//3582
f 3586//3586 3785//3785 3783//3783
f 3784//3784 3588//3588 3584//3584
f 3786//3786 3588//3588 3784//3784
f 3590//3590 3785//3785 3586//3586
f 3590//3590 3787//3787 3785//3785
f 3786//3786 3592//3592 3588//3588
f 3788//3788 3592//3592 3786//3786
f 3594//3594 3787//3787 3590//3590
f 3594//3594 3789//3789 3787//3787
f 3788//3788 3595//3595 3592//3592
f 3790//3790 3595//3595 3788//3788
f 3596//3596 3789//3789 3594//3594
f 3596//3596 3791//3791 3789//3789
f 3790//3790 3597//3597 3595//3595
f 3792//3792 3597//3597 3790//3790
f 3598//3598 3791//3791 3596//3596
f 3598//3598 3793//3793 3791//3791
f 3795//3795 3599//3599 3794//3794
f 3599//3599 3792//3792 3794//3794
f 3599//3599 3597//3597 3792//3792
f 3796//3796 3795//3795 3794//3794
f 3798//3798 3797//3797 3601//3601
f 3798//3798 3601//3601 3602//3602
f 3598//3598 3601//3601 3793//3793
f 3793//3793 3601//3601 3797//3797
f 3795//3795 3603//3603 3599//3599
f 3604//3604 3603//3603 3795//3795
f 3796//3796 3604//3604 3795//3795
f 3799//3799 3604//3604 3796//3796
f 3605//3605 3798//3798 3602//3602
f 3605//3605 3800//3800 3798//3798
f 3799//3799 3606//3606 3604//3604
f 3801//3801 3606//3606 3799//3799
f 3607//3607 3800//3800 3605//3605
f 3607//3607 3802//3802 3800//3800
f 3801//3801 3608//3608 3606//3606
f 3803//3803 3608//3608 3801//3801
f 3609//3609 3802//3802 3607//3607
f 3609//3609 3804//3804 3802//3802
f 3803//3803 3610//3610 3608//3608
f 3805//3805 3610//3610 3803//3803
f 3611//3611 3804//3804 3609//3609
f 3611//3611 3806//3806 3804//3804
f 3805//3805 3612//3612 3610//3610
f 3807//3807 3612//3612 3805//3805
f 3613//3613 3806//3806 3611//3611
f 3613//3613 3808//3808 3806//3806
f 3807//3807 3614//3614 3612//3612
f 3809//3809 3614//3614 3807//3807
f 3615//3615 3808//3808 3613//3613
f 3615//3615 3810//3810 3808//3808
f 3809//3809 3616//3616 3614//3614
f 3811//3811 3616//3616 3809//3809
f 3617//3617 3810//3810 3615//3615
f 3617//3617 3812//3812 3810//3810
f 3811//3811 3618//3618 3616//3616
f 3813//3813 3618//3618 3811//3811
f 3814//3814 3812//3812 3617//3617
f 3814//3814 3617//3617 3619//3619
f 3619//3619 3621//3621 3814//3814
f 3814//3814 3621//3621 3815//3815
f 3818//3818 3817//3817 3816//3816
f 3813//3813 3818//3818 3816//3816
f 3622//3622 3813//3813 3816//3816
f 3618//3618 3813//3813 3622//3622
f 3819//3819 3815//3815 3621//3621
f 3819//3819 3621//3621 3623//3623
f 3820//3820 3623//3623 3624//3624
f 3820//3820 3819//3819 3623//3623
f 3821//3821 3624//3624 3625//3625
f 3821//3821 3820//3820 3624//3624
f 3822//3822 3625//3625 3626//3626
f 3822//3822 3821//3821 3625//3625
f 3823//3823 3626//3626 3627//3627
f 3823//3823 3822//3822 3626//3626
f 3824//3824 3627//3627 3628//3628
f 3824//3824 3823//3823 3627//3627
f 3825//3825 3628//3628 3629//3629
f 3825//3825 3824//3824 3628//3628
f 3826//3826 3629//3629 3630//3630
f 3826//3826 3825//3825 3629//3629
f 3827//3827 3630//3630 3631//3631
f 3827//3827 3826//3826 3630//3630
f 3632//3632 3816//3816 3817//3817
f 3827//3827 3632//3632 3817//3817
f 3631//3631 3632//3632 3827//3827
f 3816//3816 3632//3632 3622//3622
f 3829//3829 3828//3828 3633//3633
f 3829//3829 3633//3633 3634//3634
f 3633//3633 3830//3830 3635//3635
f 3828//3828 3830//3830 3633//3633
f 3635//3635 3831//3831 3636//3636
f 3830//3830 3831//3831 3635//3635
f 3636//3636 3832//3832 3637//3637
f 3831//3831 3832//3832 3636//3636
f 3637//3637 3833//3833 3638//3638
f 3832//3832 3833//3833 3637//3637
f 3638//3638 3834//3834 3639//3639
f 3833//3833 3834//3834 3638//3638
f 3639//3639 3835//3835 3640//3640
f 3834//3834 3835//3835 3639//3639
f 3641//3641 3640//3640 3835//3835
f 3641//3641 3835//3835 3836//3836
f 3642//3642 3829//3829 3634//3634
f 3642//3642 3837//3837 3829//3829
f 3836//3836 3643//3643 3641//3641
f 3838//3838 3643//3643 3836//3836
f 3644//3644 3837//3837 3642//3642
f 3644//3644 3839//3839 3837//3837
f 3838//3838 3645//3645 3643//3643
f 3840//3840 3645//3645 3838//3838
f 3646//3646 3839//3839 3644//3644
f 3646//3646 3841//3841 3839//3839
f 3840//3840 3647//3647 3645//3645
f 3842//3842 3647//3647 3840//3840
f 3648//3648 3841//3841 3646//3646
f 3648//3648 3843//3843 3841//3841
f 3842//3842 3649//3649 3647//3647
f 3844//3844 3649//3649 3842//3842
f 3650//3650 3843//3843 3648//3648
f 3650//3650 3845//3845 3843//3843
f 3844//3844 3651//3651 3649//3649
f 3846//3846 3651//3651 3844//3844
f 3652//3652 3845//3845 3650//3650
f 3652//3652 3847//3847 3845//3845
f 3846//3846 3653//3653 3651//3651
f 3848//3848 3653//3653 3846//3846
f 3654//3654 3847//3847 3652//3652
f 3654//3654 3849//3849 3847//3847
f 3848//3848 3655//3655 3653//3653
f 3850//3850 3655//3655 3848//3848
f 3656//3656 3849//3849 3654//3654
f 3656//3656 3851//3851 3849//3849
f 3850//3850 3657//3657 3655//3655
f 3852//3852 3657//3657 3850//3850
f 3658//3658 3851//3851 3656//3656
f 3658//3658 3853//3853 3851//3851
f 3852//3852 3659//3659 3657//3657
f 3854//3854 3659//3659 3852//3852
f 3660//3660 3853//3853 3658//3658
f 3660//3660 3855//3855 3853//3853
f 3854//3854 3661//3661 3659//3659
f 3856//3856 3661//3661 3854//3854
f 3662//3662 3855//3855 3660//3660
f 3662//3662 3857//3857 3855//3855
f 3856//3856 3663//3663 3661//3661
f 3858//3858 3663//3663 3856//3856
f 3664//3664 3857//3857 3662//3662
f 3664//3664 3859//3859 3857//3857
f 3858//3858 3665//3665 3663//3663
f 3860//3860 3665//3665 3858//3858
f 3666//3666 3859//3859 3664//3664
f 3666//3666 3861//3861 3859//3859
f 3860//3860 3667//3667 3665//3665
f 3862//3862 3667//3667 3860//3860
f 3668//3668 3861//3861 3666//3666
f 3668//3668 3863//3863 3861//3861
f 3862//3862 3669//3669 3667//3667
f 3864//3864 3669//3669 3862//3862
f 3670//3670 3863//3863 3668//3668
f 3670//3670 3865//3865 3863//3863
f 3864//3864 3671//3671 3669//3669
f 3866//3866 3671//3671 3864//3864
f 3672//3672 3865//3865 3670//3670
f 3672//3672 3867//3867 3865//3865
f 3866//3866 3673//3673 3671//3671
f 3868//3868 3673//3673 3866//3866
f 3674//3674 3867//3867 3672//3672
f 3674//3674 3869//3869 3867//3867
f 3868//3868 3675//3675 3673//3673
f 3870//3870 3675//3675 3868//3868
f 3676//3676 3869//3869 3674//3674
f 3676//3676 3871//3871 3869//3869
f 3870//3870 3677//3677 3675//3675
f 3872//3872 3677//3677 3870//3870
f 3678//3678 3871//3871 3676//3676
f 3678//3678 3873//3873 3871//3871
f 3872//3872 3679//3679 3677//3677
f 3874//3874 3679//3679 3872//3872
f 3680//3680 3873//3873 3678//3678
f 3680//3680 3875//3875 3873//3873
f 3874//3874 3681//3681 3679//3679
f 3876//3876 3681//3681 3874//3874
f 3682//3682 3875//3875 3680//3680
f 3682//3682 3877//3877 3875//3875
f 3876//3876 3683//3683 3681//3681
f 3878//3878 3683//3683 3876//3876
f 3684//3684 3877//3877 3682//3682
f 3684//3684 3879//3879 3877//3877
f 3878//3878 3685//3685 3683//3683
f 3880//3880 3685//3685 3878//3878
f 3686//3686 3879//3879 3684//3684
f 3686//3686 3881//3881 3879//3879
f 3880//3880 3687//3687 3685//3685
f 3882//3882 3687//3687 3880//3880
f 3688//3688 3881//3881 3686//3686
f 3688//3688 3883//3883 3881//3881
f 3882//3882 3689//3689 3687//3687
f 3884//3884 3689//3689 3882//3882
f 3690//3690 3883//3883 3688//3688
f 3690//3690 3885//3885 3883//3883
f 3884//3884 3691//3691 3689//3689
f 3886//3886 3691//3691 3884//3884
f 3692//3692 3885//3885 3690//3690
f 3692//3692 3887//3887 3885//3885
f 3886//3886 3693//3693 3691//3691
f 3888//3888 3693//3693 3886//3886
f 3694//3694 3887//3887 3692//3692
f 3694//3694 3889//3889 3887//3887
f 3888//3888 3695//3695 3693//3693
f 3890//3890 3695//3695 3888//3888
f 3696//3696 3889//3889 3694//3694
f 3696//3696 3891//3891 3889//3889
f 3890//3890 3697//3697 3695//3695
f 3892//3892 3697//3697 3890//3890
f 3698//3698 3891//3891 3696//3696
f 3698//3698 3893//3893 3891//3891
f 3892//3892 3699//3699 3697//3697
f 3894//3894 3699//3699 3892//3892
f 3700//3700 3893//3893 3698//3698
f 3700//3700 3895//3895 3893//3893
f 3894//3894 3701//3701 3699//3699
f 3896//3896 3701//3701 3894//3894
f 3702//3702 3895//3895 3700//3700
f 3702//3702 3897//3897 3895//3895
f 3896//3896 3703//3703 3701//3701
f 3898//3898 3703//3703 3896//3896
f 3704//3704 3897//3897 3702//3702
f 3704//3704 3899//3899 3897//3897
f 3898//3898 3705//3705 3703//3703
f 3900//3900 3705//3705 3898//3898
f 3706//3706 3899//3899 3704//3704
f 3706//3706 3901//3901 3899//3899
f 3900//3900 3707//3707 3705//3705
f 3902//3902 3707//3707 3900//3900
f 3708//3708 3901//3901 3706//3706
f 3708//3708 3903//3903 3901//3901
f 3902//3902 3709//3709 3707//3707
f 3904//3904 3709//3709 3902//3902
f 3710//3710 3903//3903 3708//3708
f 3710//3710 3905//3905 3903//3903
f 3904//3904 3711//3711 3709//3709
f 3906//3906 3711//3711 3904//3904
f 3712//3712 3905//3905 3710//3710
f 3712//3712 3907//3907 3905//3905
f 3906//3906 3713//3713 3711//3711
f 3908//3908 3713//3713 3906//3906
f 3714//3714 3907//3907 3712//3712
f 3714//3714 3909//3909 3907//3907
f 3908//3908 3715//3715 3713//3713
f 3910//3910 3715//3715 3908//3908
f 3716//3716 3909//3909 3714//3714
f 3716//3716 3911//3911 3909//3909
f 3910//3910 3717//3717 3715//3715
f 3912//3912 3717//3717 3910//3910
f 3718//3718 3911//3911 3716//3716
f 3718//3718 3913//3913 3911//3911
f 3912//3912 3719//3719 3717//3717
f 3914//3914 3719//3719 3912//3912
f 3720//3720 3913//3913 3718//3718
f 3720//3720 3915//3915 3913//3913
f 3914//3914 3721//3721 3719//3719
f 3916//3916 3721//3721 3914//3914
f 3722//3722 3915//3915 3720//3720
f 3722//3722 3917//3917 3915//3915
f 3916//3916 3723//3723 3721//3721
f 3918//3918 3723//3723 3916//3916
f 3724//3724 3917//3917 3722//3722
f 3724//3724 3919//3919 3917//3917
f 3918//3918 3725//3725 3723//3723
f 3920//3920 3725//3725 3918//3918
f 3726//3726 3919//3919 3724//3724
f 3726//3726 3921//3921 3919//3919
f 3920//3920 3727//3727 3725//3725
f 3922//3922 3727//3727 3920//3920
f 3728//3728 3921//3921 3726//3726
f 3728//3728 3923//3923 3921//3921
f 3922//3922 3729//3729 3727//3727
f 3924//3924 3729//3729 3922//3922
f 3730//3730 3923//3923 3728//3728
f 3730//3730 3925//3925 3923//3923
f 3924//3924 3731//3731 3729//3729
f 3926//3926 3731//3731 3924//3924
f 3732//3732 3925//3925 3730//3730
f 3732//3732 3927//3927 3925//3925
f 3926//3926 3733//3733 3731//3731
f 3928//3928 3733//3733 3926//3926
f 3734//3734 3927//3927 3732//3732
f 3734//3734 3929//3929 3927//3927
f 3928//3928 3735//3735 3733//3733
f 3930//3930 3735//3735 3928//3928
f 3736//3736 3929//3929 3734//3734
f 3736//3736 3931//3931 3929//3929
f 3930//3930 3737//3737 3735//3735
f 3932//3932 3737//3737 3930//3930
f 3738//3738 3931//3931 3736//3736
f 3738//3738 3933//3933 3931//3931
f 3932//3932 3934//3934 3737//3737
f 3737//3737 3934//3934 3739//3739
f 3741//3741 3739//3739 3934//3934
f 3741//3741 3934//3934 3935//3935
f 3742//3742 3933//3933 3738//3738
f 3742//3742 3936//3936 3933//3933
f 3935//3935 3744//3744 3741//3741
f 3937//3937 3744//3744 3935//3935
f 3745//3745 3936//3936 3742//3742
f 3745//3745 3938//3938 3936//3936
f 3937//3937 3747//3747 3744//3744
f 3939//3939 3747//3747 3937//3937
f 3748//3748 3938//3938 3745//3745
f 3748//3748 3940//3940 3938//3938
f 3939//3939 3750//3750 3747//3747
f 3941//3941 3750//3750 3939//3939
f 3751//3751 3940//3940 3748//3748
f 3751//3751 3942//3942 3940//3940
f 3941//3941 3753//3753 3750//3750
f 3943//3943 3753//3753 3941//3941
f 3945//3945 3944//3944 3755//3755
f 3945//3945 3755//3755 3756//3756
f 3751//3751 3755//3755 3942//3942
f 3942//3942 3755//3755 3944//3944
f 3943//3943 3758//3758 3753//3753
f 3946//3946 3758//3758 3943//3943
f 3760//3760 3945//3945 3756//3756
f 3760//3760 3947//3947 3945//3945
f 3946//3946 3762//3762 3758//3758
f 3948//3948 3762//3762 3946//3946
f 3764//3764 3947//3947 3760//3760
f 3764//3764 3949//3949 3947//3947
f 3948//3948 3765//3765 3762//3762
f 3950//3950 3765//3765 3948//3948
f 3767//3767 3949//3949 3764//3764
f 3767//3767 3951//3951 3949//3949
f 3950//3950 3768//3768 3765//3765
f 3952//3952 3768//3768 3950//3950
f 3770//3770 3951//3951 3767//3767
f 3770//3770 3953//3953 3951//3951
f 3952//3952 3771//3771 3768//3768
f 3954//3954 3771//3771 3952//3952
f 3773//3773 3953//3953 3770//3770
f 3773//3773 3955//3955 3953//3953
f 3954//3954 3774//3774 3771//3771
f 3956//3956 3774//3774 3954//3954
f 3775//3775 3955//3955 3773//3773
f 3775//3775 3957//3957 3955//3955
f 3956//3956 3776//3776 3774//3774
f 3958//3958 3776//3776 3956//3956
f 3777//3777 3957//3957 3775//3775
f 3777//3777 3959//3959 3957//3957
f 3958//3958 3778//3778 3776//3776
f 3960//3960 3778//3778 3958//3958
f 3779//3779 3959//3959 3777//3777
f 3779//3779 3961//3961 3959//3959
f 3960//3960 3780//3780 3778//3778
f 3962//3962 3780//3780 3960//3960
f 3781//3781 3961//3961 3779//3779
f 3781//3781 3963//3963 3961//3961
f 3962//3962 3782//3782 3780//3780
f 3964//3964 3782//3782 3962//3962
f 3783//3783 3963//3963 3781//3781
f 3783//3783 3965//3965 3963//3963
f 3964//3964 3784//3784 3782//3782
f 3966//3966 3784//3784 3964//3964
f 3785//3785 3965//3965 3783//3783
f 3785//3785 3967//3967 3965//3965
f 3966//3966 3786//3786 3784//3784
f 3968//3968 3786//3786 3966//3966
f 3787//3787 3967//3967 3785//3785
f 3787//3787 3969//3969 3967//3967
f 3968//3968 3788//3788 3786//3786
f 3970//3970 3788//3788 3968//3968
f 3789//3789 3969//3969 3787//3787
f 3789//3789 3971//3971 3969//3969
f 3970//3970 3790//3790 3788//3788
f 3972//3972 3790//3790 3970//3970
f 3791//3791 3971//3971 3789//3789
f 3791//3791 3973//3973 3971//3971
f 3972//3972 3792//3792 3790//3790
f 3974//3974 3792//3792 3972//3972
f 3793//3793 3973//3973 3791//3791
f 3793//3793 3975//3975 3973//3973
f 3974//3974 3976//3976 3792//3792
f 3792//3792 3976//3976 3794//3794
f 3796//3796 3794//3794 3976//3976
f 3796//3796 3976//3976 3977//3977
f 3798//3798 3978//3978 3797//3797
f 3978//3978 3979//3979 3797//3797
f 3979//3979 3793//3793 3797//3797
f 3979//3979 3975//3975 3793//3793
f 3977//3977 3799//3799 3796//3796
f 3980//3980 3799//3799 3977//3977
f 3982//3982 3981//3981 3978//3978
f 3798//3798 3982//3982 3978//3978
f 3800//3800 3982//3982 3798//3798
f 3978//3978 3981//3981 3979//3979
f 3980//3980 3801//3801 3799//3799
f 3983//3983 3801//3801 3980//3980
f 3802//3802 3982//3982 3800//3800
f 3802//3802 3984//3984 3982//3982
f 3983//3983 3803//3803 3801//3801
f 3985//3985 3803//3803 3983//3983
f 3804//3804 3984//3984 3802//3802
f 3804//3804 3986//3986 3984//3984
f 3985//3985 3805//3805 3803//3803
f 3987//3987 3805//3805 3985//3985
f 3806//3806 3986//3986 3804//3804
f 3806//3806 3988//3988 3986//3986
f 3987//3987 3807//3807 3805//3805
f 3989//3989 3807//3807 3987//3987
f 3808//3808 3988//3988 3806//3806
f 3808//3808 3990//3990 3988//3988
f 3989//3989 3809//3809 3807//3807
f 3991//3991 3809//3809 3989//3989
f 3810//3810 3990//3990 3808//3808
f 3810//3810 3992//3992 3990//3990
f 3991//3991 3811//3811 3809//3809
f 3993//3993 3811//3811 3991//3991
f 3812//3812 3992//3992 3810//3810
f 3812//3812 3994//3994 3992//3992
f 3993//3993 3813//3813 3811//3811
f 3995//3995 3813//3813 3993//3993
f 3996//3996 3994//3994 3812//3812
f 3996//3996 3812//3812 3814//3814
f 3814//3814 3815//3815 3996//3996
f 3996//3996 3815//3815 3997//3997
f 3999//3999 3998//3998 3818//3818
f 3818//3818 3998//3998 3817//3817
f 3818//3818 3813//3813 3995//3995
f 3818//3818 3995//3995 3999//3999
f 4000//4000 3997//3997 3815//3815
f 4000//4000 3815//3815 3819//3819
f 4001//4001 3819//3819 3820//3820
f 4001//4001 4000//4000 3819//3819
f 4002//4002 3820//3820 3821//3821
f 4002//4002 4001//4001 3820//3820
f 4003//4003 3821//3821 3822//3822
f 4003//4003 4002//4002 3821//3821
f 4004//4004 3822//3822 3823//3823
f 4004//4004 4003//4003 3822//3822
f 4005//4005 3823//3823 3824//3824
f 4005//4005 4004//4004 3823//3823
f 4006//4006 3824//3824 3825//3825
f 4006//4006 4005//4005 3824//3824
f 4007//4007 3825//3825 3826//3826
f 4007//4007 4006//4006 3825//3825
f 4008//4008 3826//3826 3827//3827
f 4008//4008 4007//4007 3826//3826
f 3827//3827 3817//3817 3998//3998
f 3827//3827 3998//3998 4008//4008
f 4010//4010 4009//4009 3828//3828
f 4010//4010 3828//3828 3829//3829
f 3828//3828 4011//4011 3830//3830
f 4009//4009 4011//4011 3828//3828
f 3830//3830 4012//4012 3831//3831
f 4011//4011 4012//4012 3830//3830
f 3831//3831 4013//4013 3832//3832
f 4012//4012 4013//4013 3831//3831
f 3832//3832 4014//4014 3833//3833
f 4013//4013 4014//4014 3832//3832
f 3833//3833 4015//4015 3834//3834
f 4014//4014 4015//4015 3833//3833
f 3834//3834 4016//4016 3835//3835
f 4015//4015 4016//4016 3834//3834
f 3836//3836 3835//3835 4016//4016
f 3836//3836 4016//4016 4017//4017
f 3837//3837 4010//4010 3829//3829
f 3837//3837 4018//4018 4010//4010
f 4017//4017 3838//3838 3836//3836
f 4019//4019 3838//3838 4017//4017
f 3839//3839 4018//4018 3837//3837
f 3839//3839 4020//4020 4018//4018
f 4019//4019 3840//3840 3838//3838
f 4021//4021 3840//3840 4019//4019
f 3841//3841 4020//4020 3839//3839
f 3841//3841 4022//4022 4020//4020
f 4021//4021 3842//3842 3840//3840
f 4023//4023 3842//3842 4021//4021
f 3843//3843 4022//4022 3841//3841
f 3843//3843 4024//4024 4022//4022
f 4023//4023 3844//3844 3842//3842
f 4025//4025 3844//3844 4023//4023
f 3845//3845 4024//4024 3843//3843
f 3845//3845 4026//4026 4024//4024
f 4025//4025 3846//3846 3844//3844
f 4027//4027 3846//3846 4025//4025
f 3847//3847 4026//4026 3845//3845
f 3847//3847 4028//4028 4026//4026
f 4027//4027 3848//3848 3846//3846
f 4029//4029 3848//3848 4027//4027
f 3849//3849 4028//4028 3847//3847
f 3849//3849 4030//4030 4028//4028
f 4029//4029 3850//3850 3848//3848
f 4031//4031 3850//3850 4029//4029
f 3851//3851 4030//4030 3849//3849
f 3851//3851 4032//4032 4030//4030
f 4031//4031 3852//3852 3850//3850
f 4033//4033 3852//3852 4031//4031
f 3853//3853 4032//4032 3851//3851
f 3853//3853 4034//4034 4032//4032
f 4033//4033 3854//3854 3852//3852
f 4035//4035 3854//3854 4033//4033
f 3855//3855 4034//4034 3853//3853
f 3855//3855 4036//4036 4034//4034
f 4035//4035 3856//3856 3854//3854
f 4037//4037 3856//3856 4035//4035
f 3857//3857 4036//4036 3855//3855
f 3857//3857 4038//4038 4036//4036
f 4037//4037 3858//3858 3856//3856
f 4039//4039 3858//3858 4037//4037
f 3859//3859 4038//4038 3857//3857
f 3859//3859 4040//4040 4038//4038
f 4039//4039 3860//3860 3858//3858
f 4041//4041 3860//3860 4039//4039
f 3861//3861 4040//4040 3859//3859
f 3861//3861 4042//4042 4040//4040
f 4041//4041 3862//3862 3860//3860
f 4043//4043 3862//3862 4041//4041
f 3863//3863 4042//4042 3861//3861
f 3863//3863 4044//4044 4042//4042
f 4043//4043 3864//3864 3862//3862
f 4045//4045 3864//3864 4043//4043
f 3865//3865 4044//4044 3863//3863
f 3865//3865 4046//4046 4044//4044
f 4045//4045 3866//3866 3864//3864
f 4047//4047 3866//3866 4045//4045
f 3867//3867 4046//4046 3865//3865
f 3867//3867 4048//4048 4046//4046
f 4047//4047 3868//3868 3866//3866
f 4049//4049 3868//3868 4047//4047
f 3869//3869 4048//4048 3867//3867
f 3869//3869 4050//4050 4048//4048
f 4049//4049 3870//3870 3868//3868
f 4051//4051 3870//3870 4049//4049
f 3871//3871 4050//4050 3869//3869
f 3871//3871 4052//4052 4050//4050
f 4051//4051 3872//3872 3870//3870
f 4053//4053 3872//3872 4051//4051
f 3873//3873 4052//4052 3871//3871
f 3873//3873 4054//4054 4052//4052
f 4053//4053 3874//3874 3872//3872
f 4055//4055 3874//3874 4053//4053
f 3875//3875 4054//4054 3873//3873
f 3875//3875 4056//4056 4054//4054
f 4055//4055 3876//3876 3874//3874
f 4057//4057 3876//3876 4055//4055
f 3877//3877 4056//4056 3875//3875
f 3877//3877 4058//4058 4056//4056
f 4057//4057 3878//3878 3876//3876
f 4059//4059 3878//3878 4057//4057
f 3879//3879 4058//4058 3877//3877
f 3879//3879 4060//4060 4058//4058
f 4059//4059 3880//3880 3878//3878
f 4061//4061 3880//3880 4059//4059
f 3881//3881 4060//4060 3879//3879
f 3881//3881 4062//4062 4060//4060
f 4061//4061 3882//3882 3880//3880
f 4063//4063 3882//3882 4061//4061
f 3883//3883 4062//4062 3881//3881
f 3883//3883 4064//4064 4062//4062
f 4063//4063 3884//3884 3882//3882
f 4065//4065 3884//3884 4063//4063
f 3885//3885 4064//4064 3883//3883
f 3885//3885 4066//4066 4064//4064
f 4065//4065 3886//3886 3884//3884
f 4067//4067 3886//3886 4065//4065
f 3887//3887 4066//4066 3885//3885
f 3887//3887 4068//4068 4066//4066
f 4067//4067 3888//3888 3886//3886
f 4069//4069 3888//3888 4067//4067
f 3889//3889 4068//4068 3887//3887
f 3889//3889 4070//4070 4068//4068
f 4069//4069 3890//3890 3888//3888
f 4071//4071 3890//3890 4069//4069
f 3891//3891 4070//4070 3889//3889
f 3891//3891 4072//4072 4070//4070
f 4071//4071 3892//3892 3890//3890
f 4073//4073 3892//3892 4071//4071
f 3893//3893 4072//4072 3891//3891
f 3893//3893 4074//4074 4072//4072
f 4073//4073 3894//3894 3892//3892
f 4075//4075 3894//3894 4073//4073
f 3895//3895 4074//4074 3893//3893
f 3895//3895 4076//4076 4074//4074
f 4075//4075 3896//3896 3894//3894
f 4077//4077 3896//3896 4075//4075
f 3897//3897 4076//4076 3895//3895
f 3897//3897 4078//4078 4076//4076
f 4077//4077 3898//3898 3896//3896
f 4079//4079 3898//3898 4077//4077
f 3899//3899 4078//4078 3897//3897
f 3899//3899 4080//4080 4078//4078
f 4079//4079 3900//3900 3898//3898
f 4081//4081 3900//3900 4079//4079
f 3901//3901 4080//4080 3899//3899
f 3901//3901 4082//4082 4080//4080
f 4081//4081 3902//3902 3900//3900
f 4083//4083 3902//3902 4081//4081
f 3903//3903 4082//4082 3901//3901
f 3903//3903 4084//4084 4082//4082
f 4083//4083 3904//3904 3902//3902
f 4085//4085 3904//3904 4083//4083
f 3905//3905 4084//4084 3903//3903
f 3905//3905 4086//4086 4084//4084
f 4085//4085 3906//3906 3904//3904
f 4087//4087 3906//3906 4085//4085
f 3907//3907 4086//4086 3905//3905
f 3907//3907 4088//4088 4086//4086
f 4087//4087 3908//3908 3906//3906
f 4089//4089 3908//3908 4087//4087
f 3909//3909 4088//4088 3907//3907
f 3909//3909 4090//4090 4088//4088
f 4089//4089 3910//3910 3908//3908
f 4091//4091 3910//3910 4089//4089
f 3911//3911 4090//4090 3909//3909
f 3911//3911 4092//4092 4090//4090
f 4091//4091 3912//3912 3910//3910
f 4093//4093 3912//3912 4091//4091
f 3913//3913 4092//4092 3911//3911
f 3913//3913 4094//4094 4092//4092
f 4093//4093 3914//3914 3912//3912
f 4095//4095 3914//3914 4093//4093
f 3915//3915 4094//4094 3913//3913
f 3915//3915 4096//4096 4094//4094
f 4095//4095 3916//3916 3914//3914
f 4097//4097 3916//3916 4095//4095
f 3917//3917 4096//4096 3915//3915
f 3917//3917 4098//4098 4096//4096
f 4097//4097 3918//3918 3916//3916
f 4099//4099 3918//3918 4097//4097
f 3919//3919 4098//4098 3917//3917
f 3919//3919 4100//4100 4098//4098
f 4099//4099 3920//3920 3918//3918
f 4101//4101 3920//3920 4099//4099
f 3921//3921 4100//4100 3919//3919
f 3921//3921 4102//4102 4100//4100
f 4101//4101 3922//3922 3920//3920
f 4103//4103 3922//3922 4101//4101
f 3923//3923 4102//4102 3921//3921
f 3923//3923 4104//4104 4102//4102
f 4103//4103 3924//3924 3922//3922
f 4105//4105 3924//3924 4103//4103
f 3925//3925 4104//4104 3923//3923
f 3925//3925 4106//4106 4104//4104
f 4105//4105 3926//3926 3924//3924
f 4107//4107 3926//3926 4105//4105
f 3927//3927 4106//4106 3925//3925
f 3927//3927 4108//4108 4106//4106
f 4107//4107 3928//3928 3926//3926
f 4109//4109 3928//3928 4107//4107
f 3929//3929 4108//4108 3927//3927
f 3929//3929 4110//4110 4108//4108
f 4109//4109 3930//3930 3928//3928
f 4111//4111 3930//3930 4109//4109
f 3931//3931 4110//4110 3929//3929
f 3931//3931 4112//4112 4110//4110
f 4111//4111 3932//3932 3930//3930
f 4113//4113 3932//3932 4111//4111
f 3933//3933 4112//4112 3931//3931
f 3933//3933 4114//4114 4112//4112
f 3934//3934 3932//3932 4115//4115
f 3932//3932 4116//4116 4115//4115
f 3932//3932 4113//4113 4116//4116
f 4115//4115 3935//3935 3934//3934
f 3936//3936 4114//4114 3933//3933
f 3936//3936 4117//4117 4114//4114
f 4115//4115 4116//4116 4118//4118
f 4118//4118 4116//4116 4119//4119
f 4118//4118 3937//3937 3935//3935
f 4118//4118 3935//3935 4115//4115
f 3938//3938 4117//4117 3936//3936
f 3938//3938 4120//4120 4117//4117
f 4118//4118 4119//4119 4121//4121
f 4121//4121 4119//4119 4122//4122
f 4121//4121 3939//3939 3937//3937
f 4121//4121 3937//3937 4118//4118
f 3940//3940 4120//4120 3938//3938
f 3940//3940 4123//4123 4120//4120
f 4121//4121 4122//4122 4124//4124
f 4124//4124 4122//4122 4125//4125
f 4124//4124 3941//3941 3939//3939
f 4124//4124 3939//3939 4121//4121
f 3942//3942 4123//4123 3940//3940
f 3942//3942 4126//4126 4123//4123
f 4124//4124 4125//4125 4127//4127
f 4127//4127 4125//4125 4128//4128
f 4127//4127 3943//3943 3941//3941
f 4127//4127 3941//3941 4124//4124
f 3945//3945 4129//4129 3944//3944
f 4129//4129 4130//4130 3944//3944
f 4130//4130 3942//3942 3944//3944
f 4130//4130 4126//4126 3942//3942
f 4127//4127 4128//4128 4131//4131
f 4131//4131 4128//4128 4132//4132
f 4131//4131 3946//3946 3943//3943
f 4131//4131 3943//3943 4127//4127
f 3947//3947 4133//4133 4129//4129
f 3947//3947 4129//4129 3945//3945
f 4130//4130 4129//4129 4134//4134
f 4134//4134 4129//4129 4133//4133
f 4131//4131 4132//4132 4135//4135
f 4135//4135 4132//4132 4136//4136
f 4135//4135 3948//3948 3946//3946
f 4135//4135 3946//3946 4131//4131
f 3949//3949 4137//4137 4133//4133
f 3949//3949 4133//4133 3947//3947
f 4134//4134 4133//4133 4138//4138
f 4138//4138 4133//4133 4137//4137
f 4135//4135 4136//4136 4139//4139
f 4139//4139 4136//4136 4140//4140
f 4139//4139 3950//3950 3948//3948
f 4139//4139 3948//3948 4135//4135
f 3951//3951 4141//4141 4137//4137
f 3951//3951 4137//4137 3949//3949
f 4138//4138 4137//4137 4142//4142
f 4142//4142 4137//4137 4141//4141
f 4140//4140 4143//4143 4139//4139
f 3950//3950 4139//4139 4143//4143
f 4144//4144 3950//3950 4143//4143
f 3952//3952 3950//3950 4144//4144
f 3953//3953 4145//4145 4141//4141
f 3953//3953 4141//4141 3951//3951
f 4142//4142 4141//4141 4146//4146
f 4146//4146 4141//4141 4145//4145
f 4144//4144 3954//3954 3952//3952
f 4147//4147 3954//3954 4144//4144
f 3955//3955 4148//4148 4145//4145
f 3955//3955 4145//4145 3953//3953
f 4146//4146 4145//4145 4149//4149
f 4149//4149 4145//4145 4148//4148
f 4147//4147 3956//3956 3954//3954
f 4150//4150 3956//3956 4147//4147
f 4152//4152 4151//4151 4148//4148
f 3955//3955 4152//4152 4148//4148
f 3957//3957 4152//4152 3955//3955
f 4148//4148 4151//4151 4149//4149
f 4150//4150 3958//3958 3956//3956
f 4153//4153 3958//3958 4150//4150
f 3959//3959 4152//4152 3957//3957
f 3959//3959 4154//4154 4152//4152
f 4153//4153 3960//3960 3958//3958
f 4155//4155 3960//3960 4153//4153
f 3961//3961 4154//4154 3959//3959
f 3961//3961 4156//4156 4154//4154
f 4155//4155 3962//3962 3960//3960
f 4157//4157 3962//3962 4155//4155
f 3963//3963 4156//4156 3961//3961
f 3963//3963 4158//4158 4156//4156
f 4157//4157 3964//3964 3962//3962
f 4159//4159 3964//3964 4157//4157
f 3965//3965 4158//4158 3963//3963
f 3965//3965 4160//4160 4158//4158
f 4159//4159 3966//3966 3964//3964
f 4161//4161 3966//3966 4159//4159
f 3967//3967 4160//4160 3965//3965
f 3967//3967 4162//4162 4160//4160
f 4161//4161 3968//3968 3966//3966
f 4163//4163 3968//3968 4161//4161
f 3969//3969 4162//4162 3967//3967
f 3969//3969 4164//4164 4162//4162
f 4163//4163 3970//3970 3968//3968
f 4165//4165 3970//3970 4163//4163
f 3971//3971 4164//4164 3969//3969
f 3971//3971 4166//4166 4164//4164
f 4165//4165 3972//3972 3970//3970
f 4167//4167 3972//3972 4165//4165
f 3973//3973 4166//4166 3971//3971
f 3973//3973 4168//4168 4166//4166
f 4167//4167 3974//3974 3972//3972
f 4169//4169 3974//3974 4167//4167
f 3975//3975 4168//4168 3973//3973
f 3975//3975 4170//4170 4168//4168
f 3976//3976 3974//3974 4171//4171
f 3974//3974 4172//4172 4171//4171
f 3974//3974 4169//4169 4172//4172
f 4171//4171 3977//3977 3976//3976
f 3979//3979 4170//4170 3975//3975
f 3979//3979 4173//4173 4170//4170
f 4171//4171 4172//4172 4174//4174
f 4174//4174 4172//4172 4175//4175
f 4174//4174 3980//3980 3977//3977
f 4174//4174 3977//3977 4171//4171
f 3982//3982 4176//4176 3981//3981
f 4176//4176 4177//4177 3981//3981
f 4177//4177 3979//3979 3981//3981
f 4177//4177 4173//4173 3979//3979
f 4174//4174 4175//4175 4178//4178
f 4178//4178 4175//4175 4179//4179
f 4178//4178 3983//3983 3980//3980
f 4178//4178 3980//3980 4174//4174
f 3984//3984 4180//4180 4176//4176
f 3984//3984 4176//4176 3982//3982
f 4177//4177 4176//4176 4181//4181
f 4181//4181 4176//4176 4180//4180
f 4179//4179 4182//4182 4178//4178
f 3983//3983 4178//4178 4182//4182
f 4183//4183 3983//3983 4182//4182
f 3985//3985 3983//3983 4183//4183
f 3986//3986 4184//4184 4180//4180
f 3986//3986 4180//4180 3984//3984
f 4181//4181 4180//4180 4185//4185
f 4185//4185 4180//4180 4184//4184
f 4183//4183 3987//3987 3985//3985
f 4186//4186 3987//3987 4183//4183
f 3988//3988 4187//4187 4184//4184
f 3988//3988 4184//4184 3986//3986
f 4185//4185 4184//4184 4188//4188
f 4188//4188 4184//4184 4187//4187
f 4186//4186 3989//3989 3987//3987
f 4189//4189 3989//3989 4186//4186
f 4191//4191 4190//4190 4187//4187
f 3988//3988 4191//4191 4187//4187
f 3990//3990 4191//4191 3988//3988
f 4187//4187 4190//4190 4188//4188
f 4189//4189 3991//3991 3989//3989
f 4192//4192 3991//3991 4189//4189
f 3992//3992 4191//4191 3990//3990
f 3992//3992 4193//4193 4191//4191
f 4192//4192 3993//3993 3991//3991
f 4194//4194 3993//3993 4192//4192
f 3994//3994 4196//4196 4195//4195
f 4193//4193 3994//3994 4195//4195
f 3992//3992 3994//3994 4193//4193
f 4196//4196 4197//4197 4195//4195
f 4200//4200 4199//4199 4198//4198
f 4194//4194 4200//4200 4198//4198
f 3995//3995 4194//4194 4198//4198
f 3993//3993 4194//4194 3995//3995
f 3996//3996 4196//4196 3994//3994
f 4202//4202 4201//4201 3997//3997
f 3997//3997 4201//4201 3996//3996
f 4201//4201 4197//4197 3996//3996
f 4197//4197 4196//4196 3996//3996
f 4202//4202 4203//4203 4201//4201
f 4206//4206 4205//4205 4204//4204
f 4206//4206 4204//4204 4199//4199
f 4199//4199 4204//4204 4198//4198
f 4204//4204 3998//3998 4198//4198
f 3998//3998 3999//3999 4198//4198
f 4198//4198 3999//3999 3995//3995
f 4000//4000 4202//4202 3997//3997
f 4207//4207 4203//4203 4202//4202
f 4000//4000 4207//4207 4202//4202
f 4001//4001 4207//4207 4000//4000
f 4208//4208 4001//4001 4002//4002
f 4208//4208 4207//4207 4001//4001
f 4209//4209 4002//4002 4003//4003
f 4209//4209 4208//4208 4002//4002
f 4210//4210 4003//4003 4004//4004
f 4210//4210 4209//4209 4003//4003
f 4211//4211 4004//4004 4005//4005
f 4211//4211 4210//4210 4004//4004
f 4212//4212 4005//4005 4006//4006
f 4212//4212 4211//4211 4005//4005
f 4213//4213 4006//4006 4007//4007
f 4213//4213 4212//4212 4006//4006
f 4008//4008 4204//4204 4205//4205
f 4213//4213 4008//4008 4205//4205
f 4007//4007 4008//4008 4213//4213
f 4204//4204 4008//4008 3998//3998
f 4010//4010 4214//4214 4009//4009
f 4009//4009 4214//4214 4215//4215
f 4216//4216 4009//4009 4215//4215
f 4011//4011 4009//4009 4216//4216
f 4011//4011 4217//4217 4012//4012
f 4216//4216 4217//4217 4011//4011
f 4012//4012 4218//4218 4013//4013
f 4217//4217 4218//4218 4012//4012
f 4013//4013 4219//4219 4014//4014
f 4218//4218 4219//4219 4013//4013
f 4014//4014 4220//4220 4015//4015
f 4219//4219 4220//4220 4014//4014
f 4220//4220 4222//4222 4221//4221
f 4016//4016 4220//4220 4221//4221
f 4015//4015 4220//4220 4016//4016
f 4221//4221 4017//4017 4016//4016
f 4018//4018 4223//4223 4214//4214
f 4018//4018 4214//4214 4010//4010
f 4215//4215 4214//4214 4224//4224
f 4224//4224 4214//4214 4223//4223
f 4221//4221 4222//4222 4225//4225
f 4225//4225 4222//4222 4226//4226
f 4225//4225 4019//4019 4017//4017
f 4225//4225 4017//4017 4221//4221
f 4020//4020 4227//4227 4223//4223
f 4020//4020 4223//4223 4018//4018
f 4224//4224 4223//4223 4228//4228
f 4228//4228 4223//4223 4227//4227
f 4225//4225 4226//4226 4229//4229
f 4229//4229 4226//4226 4230//4230
f 4229//4229 4021//4021 4019//4019
f 4229//4229 4019//4019 4225//4225
f 4022//4022 4231//4231 4227//4227
f 4022//4022 4227//4227 4020//4020
f 4228//4228 4227//4227 4232//4232
f 4232//4232 4227//4227 4231//4231
f 4229//4229 4230//4230 4233//4233
f 4233//4233 4230//4230 4234//4234
f 4233//4233 4023//4023 4021//4021
f 4233//4233 4021//4021 4229//4229
f 4024//4024 4235//4235 4231//4231
f 4024//4024 4231//4231 4022//4022
f 4232//4232 4231//4231 4236//4236
f 4236//4236 4231//4231 4235//4235
f 4233//4233 4234//4234 4237//4237
f 4237//4237 4234//4234 4238//4238
f 4237//4237 4025//4025 4023//4023
f 4237//4237 4023//4023 4233//4233
f 4026//4026 4239//4239 4235//4235
f 4026//4026 4235//4235 4024//4024
f 4236//4236 4235//4235 4240//4240
f 4240//4240 4235//4235 4239//4239
f 4237//4237 4238//4238 4241//4241
f 4241//4241 4238//4238 4242//4242
f 4241//4241 4027//4027 4025//4025
f 4241//4241 4025//4025 4237//4237
f 4028//4028 4243//4243 4239//4239
f 4028//4028 4239//4239 4026//4026
f 4240//4240 4239//4239 4244//4244
f 4244//4244 4239//4239 4243//4243
f 4241//4241 4242//4242 4245//4245
f 4245//4245 4242//4242 4246//4246
f 4245//4245 4029//4029 4027//4027
f 4245//4245 4027//4027 4241//4241
f 4030//4030 4247//4247 4243//4243
f 4030//4030 4243//4243 4028//4028
f 4244//4244 4243//4243 4248//4248
f 4248//4248 4243//4243 4247//4247
f 4245//4245 4246//4246 4249//4249
f 4249//4249 4246//4246 4250//4250
f 4249//4249 4031//4031 4029//4029
f 4249//4249 4029//4029 4245//4245
f 4032//4032 4251//4251 4247//4247
f 4032//4032 4247//4247 4030//4030
f 4248//4248 4247//4247 4252//4252
f 4252//4252 4247//4247 4251//4251
f 4249//4249 4250//4250 4253//4253
f 4253//4253 4250//4250 4254//4254
f 4253//4253 4033//4033 4031//4031
f 4253//4253 4031//4031 4249//4249
f 4034//4034 4255//4255 4251//4251
f 4034//4034 4251//4251 4032//4032
f 4252//4252 4251//4251 4256//4256
f 4256//4256 4251//4251 4255//4255
f 4253//4253 4254//4254 4257//4257
f 4257//4257 4254//4254 4258//4258
f 4257//4257 4035//4035 4033//4033
f 4257//4257 4033//4033 4253//4253
f 4036//4036 4259//4259 4255//4255
f 4036//4036 4255//4255 4034//4034
f 4256//4256 4255//4255 4260//4260
f 4260//4260 4255//4255 4259//4259
f 4257//4257 4258//4258 4261//4261
f 4261//4261 4258//4258 4262//4262
f 4261//4261 4037//4037 4035//4035
f 4261//4261 4035//4035 4257//4257
f 4038//4038 4263//4263 4259//4259
f 4038//4038 4259//4259 4036//4036
f 4260//4260 4259//4259 4264//4264
f 4264//4264 4259//4259 4263//4263
f 4261//4261 4262//4262 4265//4265
f 4265//4265 4262//4262 4266//4266
f 4265//4265 4039//4039 4037//4037
f 4265//4265 4037//4037 4261//4261
f 4040//4040 4267//4267 4263//4263
f 4040//4040 4263//4263 4038//4038
f 4264//4264 4263//4263 4268//4268
f 4268//4268 4263//4263 4267//4267
f 4265//4265 4266//4266 4269//4269
f 4269//4269 4266//4266 4270//4270
f 4269//4269 4041//4041 4039//4039
f 4269//4269 4039//4039 4265//4265
f 4042//4042 4271//4271 4267//4267
f 4042//4042 4267//4267 4040//4040
f 4268//4268 4267//4267 4272//4272
f 4272//4272 4267//4267 4271//4271
f 4269//4269 4270//4270 4273//4273
f 4273//4273 4270//4270 4274//4274
f 4273//4273 4043//4043 4041//4041
f 4273//4273 4041//4041 4269//4269
f 4044//4044 4275//4275 4271//4271
f 4044//4044 4271//4271 4042//4042
f 4272//4272 4271//4271 4276//4276
f 4276//4276 4271//4271 4275//4275
f 4273//4273 4274//4274 4277//4277
f 4277//4277 4274//4274 4278//4278
f 4277//4277 4045//4045 4043//4043
f 4277//4277 4043//4043 4273//4273
f 4046//4046 4279//4279 4275//4275
f 4046//4046 4275//4275 4044//4044
f 4276//4276 4275//4275 4280//4280
f 4280//4280 4275//4275 4279//4279
f 4277//4277 4278//4278 4281//4281
f 4281//4281 4278//4278 4282//4282
f 4281//4281 4047//4047 4045//4045
f 4281//4281 4045//4045 4277//4277
f 4048//4048 4283//4283 4279//4279
f 4048//4048 4279//4279 4046//4046
f 4280//4280 4279//4279 4284//4284
f 4284//4284 4279//4279 4283//4283
f 4281//4281 4282//4282 4285//4285
f 4285//4285 4282//4282 4286//4286
f 4285//4285 4049//4049 4047//4047
f 4285//4285 4047//4047 4281//4281
f 4050//4050 4287//4287 4283//4283
f 4050//4050 4283//4283 4048//4048
f 4284//4284 4283//4283 4288//4288
f 4288//4288 4283//4283 4287//4287
f 4285//4285 4286//4286 4289//4289
f 4289//4289 4286//4286 4290//4290
f 4289//4289 4051//4051 4049//4049
f 4289//4289 4049//4049 4285//4285
f 4052//4052 4291//4291 4287//4287
f 4052//4052 4287//4287 4050//4050
f 4288//4288 4287//4287 4292//4292
f 4292//4292 4287//4287 4291//4291
f 4289//4289 4290//4290 4293//4293
f 4293//4293 4290//4290 4294//4294
f 4293//4293 4053//4053 4051//4051
f 4293//4293 4051//4051 4289//4289
f 4054//4054 4295//4295 4291//4291
f 4054//4054 4291//4291 4052//4052
f 4292//4292 4291//4291 4296//4296
f 4296//4296 4291//4291 4295//4295
f 4293//4293 4294//4294 4297//4297
f 4297//4297 4294//4294 4298//4298
f 4297//4297 4055//4055 4053//4053
f 4297//4297 4053//4053 4293//4293
f 4056//4056 4299//4299 4295//4295
f 4056//4056 4295//4295 4054//4054
f 4296//4296 4295//4295 4300//4300
f 4300//4300 4295//4295 4299//4299
f 4297//4297 4298//4298 4301//4301
f 4301//4301 4298//4298 4302//4302
f 4301//4301 4057//4057 4055//4055
f 4301//4301 4055//4055 4297//4297
f 4058//4058 4303//4303 4299//4299
f 4058//4058 4299//4299 4056//4056
f 4300//4300 4299//4299 4304//4304
f 4304//4304 4299//4299 4303//4303
f 4301//4301 4302//4302 4305//4305
f 4305//4305 4302//4302 4306//4306
f 4305//4305 4059//4059 4057//4057
f 4305//4305 4057//4057 4301//4301
f 4060//4060 4307//4307 4303//4303
f 4060//4060 4303//4303 4058//4058
f 4304//4304 4303//4303 4308//4308
f 4308//4308 4303//4303 4307//4307
f 4305//4305 4306//4306 4309//4309
f 4309//4309 4306//4306 4310//4310
f 4309//4309 4061//4061 4059//4059
f 4309//4309 4059//4059 4305//4305
f 4062//4062 4311//4311 4307//4307
f 4062//4062 4307//4307 4060//4060
f 4308//4308 4307//4307 4312//4312
f 4312//4312 4307//4307 4311//4311
f 4309//4309 4310//4310 4313//4313
f 4313//4313 4310//4310 4314//4314
f 4313//4313 4063//4063 4061//4061
f 4313//4313 4061//4061 4309//4309
f 4064//4064 4315//4315 4311//4311
f 4064//4064 4311//4311 4062//4062
f 4312//4312 4311//4311 4316//4316
f 4316//4316 4311//4311 4315//4315
f 4313//4313 4314//4314 4317//4317
f 4317//4317 4314//4314 4318//4318
f 4317//4317 4065//4065 4063//4063
f 4317//4317 4063//4063 4313//4313
f 4066//4066 4319//4319 4315//4315
f 4066//4066 4315//4315 4064//4064
f 4316//4316 4315//4315 4320//4320
f 4320//4320 4315//4315 4319//4319
f 4317//4317 4318//4318 4321//4321
f 4321//4321 4318//4318 4322//4322
f 4321//4321 4067//4067 4065//4065
f 4321//4321 4065//4065 4317//4317
f 4068//4068 4323//4323 4319//4319
f 4068//4068 4319//4319 4066//4066
f 4320//4320 4319//4319 4324//4324
f 4324//4324 4319//4319 4323//4323
f 4321//4321 4322//4322 4325//4325
f 4325//4325 4322//4322 4326//4326
f 4325//4325 4069//4069 4067//4067
f 4325//4325 4067//4067 4321//4321
f 4070//4070 4327//4327 4323//4323
f 4070//4070 4323//4323 4068//4068
f 4324//4324 4323//4323 4328//4328
f 4328//4328 4323//4323 4327//4327
f 4325//4325 4326//4326 4329//4329
f 4329//4329 4326//4326 4330//4330
f 4329//4329 4071//4071 4069//4069
f 4329//4329 4069//4069 4325//4325
f 4072//4072 4331//4331 4327//4327
f 4072//4072 4327//4327 4070//4070
f 4328//4328 4327//4327 4332//4332
f 4332//4332 4327//4327 4331//4331
f 4329//4329 4330//4330 4333//4333
f 4333//4333 4330//4330 4334//4334
f 4333//4333 4073//4073 4071//4071
f 4333//4333 4071//4071 4329//4329
f 4074//4074 4335//4335 4331//4331
f 4074//4074 4331//4331 4072//4072
f 4332//4332 4331//4331 4336//4336
f 4336//4336 4331//4331 4335//4335
f 4333//4333 4334//4334 4337//4337
f 4337//4337 4334//4334 4338//4338
f 4337//4337 4075//4075 4073//4073
f 4337//4337 4073//4073 4333//4333
f 4076//4076 4339//4339 4335//4335
f 4076//4076 4335//4335 4074//4074
f 4336//4336 4335//4335 4340//4340
f 4340//4340 4335//4335 4339//4339
f 4337//4337 4338//4338 4341//4341
f 4341//4341 4338//4338 4342//4342
f 4341//4341 4077//4077 4075//4075
f 4341//4341 4075//4075 4337//4337
f 4078//4078 4343//4343 4339//4339
f 4078//4078 4339//4339 4076//4076
f 4340//4340 4339//4339 4344//4344
f 4344//4344 4339//4339 4343//4343
f 4341//4341 4342//4342 4345//4345
f 4345//4345 4342//4342 4346//4346
f 4345//4345 4079//4079 4077//4077
f 4345//4345 4077//4077 4341//4341
f 4080//4080 4347//4347 4343//4343
f 4080//4080 4343//4343 4078//4078
f 4344//4344 4343//4343 4348//4348
f 4348//4348 4343//4343 4347//4347
f 4345//4345 4346//4346 4349//4349
f 4349//4349 4346//4346 4350//4350
f 4349//4349 4081//4081 4079//4079
f 4349//4349 4079//4079 4345//4345
f 4082//4082 4351//4351 4347//4347
f 4082//4082 4347//4347 4080//4080
f 4348//4348 4347//4347 4352//4352
f 4352//4352 4347//4347 4351//4351
f 4349//4349 4350//4350 4353//4353
f 4353//4353 4350//4350 4354//4354
f 4353//4353 4083//4083 4081//4081
f 4353//4353 4081//4081 4349//4349
f 4084//4084 4355//4355 4351//4351
f 4084//4084 4351//4351 4082//4082
f 4352//4352 4351//4351 4356//4356
f 4356//4356 4351//4351 4355//4355
f 4353//4353 4354//4354 4357//4357
f 4357//4357 4354//4354 4358//4358
f 4357//4357 4085//4085 4083//4083
f 4357//4357 4083//4083 4353//4353
f 4086//4086 4359//4359 4355//4355
f 4086//4086 4355//4355 4084//4084
f 4356//4356 4355//4355 4360//4360
f 4360//4360 4355//4355 4359//4359
f 4357//4357 4358//4358 4361//4361
f 4361//4361 4358//4358 4362//4362
f 4361//4361 4087//4087 4085//4085
f 4361//4361 4085//4085 4357//4357
f 4088//4088 4363//4363 4359//4359
f 4088//4088 4359//4359 4086//4086
f 4360//4360 4359//4359 4364//4364
f 4364//4364 4359//4359 4363//4363
f 4361//4361 4362//4362 4365//4365
f 4365//4365 4362//4362 4366//4366
f 4365//4365 4089//4089 4087//4087
f 4365//4365 4087//4087 4361//4361
f 4090//4090 4367//4367 4363//4363
f 4090//4090 4363//4363 4088//4088
f 4364//4364 4363//4363 4368//4368
f 4368//4368 4363//4363 4367//4367
f 4365//4365 4366//4366 4369//4369
f 4369//4369 4366//4366 4370//4370
f 4369//4369 4091//4091 4089//4089
f 4369//4369 4089//4089 4365//4365
f 4092//4092 4371//4371 4367//4367
f 4092//4092 4367//4367 4090//4090
f 4368//4368 4367//4367 4372//4372
f 4372//4372 4367//4367 4371//4371
f 4369//4369 4370//4370 4373//4373
f 4373//4373 4370//4370 4374//4374
f 4373//4373 4093//4093 4091//4091
f 4373//4373 4091//4091 4369//4369
f 4094//4094 4375//4375 4371//4371
f 4094//4094 4371//4371 4092//4092
f 4372//4372 4371//4371 4376//4376
f 4376//4376 4371//4371 4375//4375
f 4373//4373 4374//4374 4377//4377
f 4377//4377 4374//4374 4378//4378
f 4377//4377 4095//4095 4093//4093
f 4377//4377 4093//4093 4373//4373
f 4096//4096 4379//4379 4375//4375
f 4096//4096 4375//4375 4094//4094
f 4376//4376 4375//4375 4380//4380
f 4380//4380 4375//4375 4379//4379
f 4377//4377 4378//4378 4381//4381
f 4381//4381 4378//4378 4382//4382
f 4381//4381 4097//4097 4095//4095
f 4381//4381 4095//4095 4377//4377
f 4098//4098 4383//4383 4379//4379
f 4098//4098 4379//4379 4096//4096
f 4380//4380 4379//4379 4384//4384
f 4384//4384 4379//4379 4383//4383
f 4381//4381 4382//4382 4385//4385
f 4385//4385 4382//4382 4386//4386
f 4385//4385 4099//4099 4097//4097
f 4385//4385 4097//4097 4381//4381
f 4100//4100 4387//4387 4383//4383
f 4100//4100 4383//4383 4098//4098
f 4384//4384 4383//4383 4388//4388
f 4388//4388 4383//4383 4387//4387
f 4385//4385 4386//4386 4389//4389
f 4389//4389 4386//4386 4390//4390
f 4389//4389 4101//4101 4099//4099
f 4389//4389 4099//4099 4385//4385
f 4102//4102 4391//4391 4387//4387
f 4102//4102 4387//4387 4100//4100
f 4388//4388 4387//4387 4392//4392
f 4392//4392 4387//4387 4391//4391
f 4389//4389 4390//4390 4393//4393
f 4393//4393 4390//4390 4394//4394
f 4393//4393 4103//4103 4101//4101
f 4393//4393 4101//4101 4389//4389
f 4104//4104 4395//4395 4391//4391
f 4104//4104 4391//4391 4102//4102
f 4392//4392 4391//4391 4396//4396
f 4396//4396 4391//4391 4395//4395
f 4393//4393 4394//4394 4397//4397
f 4397//4397 4394//4394 4398//4398
f 4397//4397 4105//4105 4103//4103
f 4397//4397 4103//4103 4393//4393
f 4106//4106 4399//4399 4395//4395
f 4106//4106 4395//4395 4104//4104
f 4396//4396 4395//4395 4400//4400
f 4400//4400 4395//4395 4399//4399
f 4397//4397 4398//4398 4401//4401
f 4401//4401 4398//4398 4402//4402
f 4401//4401 4107//4107 4105//4105
f 4401//4401 4105//4105 4397//4397
f 4108//4108 4403//4403 4399//4399
f 4108//4108 4399//4399 4106//4106
f 4400//4400 4399//4399 4404//4404
f 4404//4404 4399//4399 4403//4403
f 4401//4401 4402//4402 4405//4405
f 4405//4405 4402//4402 4406//4406
f 4405//4405 4109//4109 4107//4107
f 4405//4405 4107//4107 4401//4401
f 4110//4110 4407//4407 4403//4403
f 4110//4110 4403//4403 4108//4108
f 4404//4404 4403//4403 4408//4408
f 4408//4408 4403//4403 4407//4407
f 4405//4405 4406//4406 4409//4409
f 4409//4409 4406//4406 4410//4410
f 4409//4409 4111//4111 4109//4109
f 4409//4409 4109//4109 4405//4405
f 4112//4112 4411//4411 4407//4407
f 4112//4112 4407//4407 4110//4110
f 4408//4408 4407//4407 4412//4412
f 4412//4412 4407//4407 4411//4411
f 4409//4409 4410//4410 4413//4413
f 4413//4413 4410//4410 4414//4414
f 4413//4413 4113//4113 4111//4111
f 4413//4413 4111//4111 4409//4409
f 4114//4114 4415//4415 4411//4411
f 4114//4114 4411//4411 4112//4112
f 4412//4412 4411//4411 4416//4416
f 4416//4416 4411//4411 4415//4415
f 4413//4413 4414//4414 4417//4417
f 4417//4417 4414//4414 4418//4418
f 4417//4417 4116//4116 4113//4113
f 4417//4417 4113//4113 4413//4413
f 4117//4117 4419//4419 4415//4415
f 4117//4117 4415//4415 4114//4114
f 4416//4416 4415//4415 4420//4420
f 4420//4420 4415//4415 4419//4419
f 4417//4417 4418//4418 4421//4421
f 4421//4421 4418//4418 4422//4422
f 4421//4421 4119//4119 4116//4116
f 4421//4421 4116//4116 4417//4417
f 4120//4120 4423//4423 4419//4419
f 4120//4120 4419//4419 4117//4117
f 4420//4420 4419//4419 4424//4424
f 4424//4424 4419//4419 4423//4423
f 4421//4421 4422//4422 4425//4425
f 4425//4425 4422//4422 4426//4426
f 4425//4425 4122//4122 4119//4119
f 4425//4425 4119//4119 4421//4421
f 4123//4123 4427//4427 4423//4423
f 4123//4123 4423//4423 4120//4120
f 4424//4424 4423//4423 4428//4428
f 4428//4428 4423//4423 4427//4427
f 4425//4425 4426//4426 4429//4429
f 4429//4429 4426//4426 4430//4430
f 4429//4429 4125//4125 4122//4122
f 4429//4429 4122//4122 4425//4425
f 4126//4126 4431//4431 4427//4427
f 4126//4126 4427//4427 4123//4123
f 4428//4428 4427//4427 4432//4432
f 4432//4432 4427//4427 4431//4431
f 4429//4429 4430//4430 4433//4433
f 4433//4433 4430//4430 4434//4434
f 4433//4433 4128//4128 4125//4125
f 4433//4433 4125//4125 4429//4429
f 4130//4130 4435//4435 4431//4431
f 4130//4130 4431//4431 4126//4126
f 4432//4432 4431//4431 4436//4436
f 4436//4436 4431//4431 4435//4435
f 4434//4434 4437//4437 4433//4433
f 4128//4128 4433//4433 4437//4437
f 4438//4438 4128//4128 4437//4437
f 4132//4132 4128//4128 4438//4438
f 4134//4134 4439//4439 4435//4435
f 4134//4134 4435//4435 4130//4130
f 4436//4436 4435//4435 4440//4440
f 4440//4440 4435//4435 4439//4439
f 4438//4438 4136//4136 4132//4132
f 4441//4441 4136//4136 4438//4438
f 4443//4443 4442//4442 4439//4439
f 4134//4134 4443//4443 4439//4439
f 4138//4138 4443//4443 4134//4134
f 4439//4439 4442//4442 4440//4440
f 4441//4441 4140//4140 4136//4136
f 4444//4444 4140//4140 4441//4441
f 4142//4142 4443//4443 4138//4138
f 4142//4142 4445//4445 4443//4443
f 4143//4143 4140//4140 4446//4446
f 4140//4140 4447//4447 4446//4446
f 4140//4140 4444//4444 4447//4447
f 4446//4446 4144//4144 4143//4143
f 4146//4146 4445//4445 4142//4142
f 4146//4146 4448//4448 4445//4445
f 4446//4446 4447//4447 4449//4449
f 4449//4449 4447//4447 4450//4450
f 4449//4449 4147//4147 4144//4144
f 4449//4449 4144//4144 4446//4446
f 4149//4149 4448//4448 4146//4146
f 4149//4149 4451//4451 4448//4448
f 4449//4449 4450//4450 4452//4452
f 4452//4452 4450//4450 4453//4453
f 4452//4452 4150//4150 4147//4147
f 4452//4452 4147//4147 4449//4449
f 4152//4152 4454//4454 4151//4151
f 4454//4454 4455//4455 4151//4151
f 4455//4455 4149//4149 4151//4151
f 4455//4455 4451//4451 4149//4149
f 4452//4452 4453//4453 4456//4456
f 4456//4456 4453//4453 4457//4457
f 4456//4456 4153//4153 4150//4150
f 4456//4456 4150//4150 4452//4452
f 4154//4154 4458//4458 4454//4454
f 4154//4154 4454//4454 4152//4152
f 4455//4455 4454//4454 4459//4459
f 4459//4459 4454//4454 4458//4458
f 4456//4456 4457//4457 4460//4460
f 4460//4460 4457//4457 4461//4461
f 4460//4460 4155//4155 4153//4153
f 4460//4460 4153//4153 4456//4456
f 4156//4156 4462//4462 4458//4458
f 4156//4156 4458//4458 4154//4154
f 4459//4459 4458//4458 4463//4463
f 4463//4463 4458//4458 4462//4462
f 4460//4460 4461//4461 4464//4464
f 4464//4464 4461//4461 4465//4465
f 4464//4464 4157//4157 4155//4155
f 4464//4464 4155//4155 4460//4460
f 4158//4158 4466//4466 4462//4462
f 4158//4158 4462//4462 4156//4156
f 4463//4463 4462//4462 4467//4467
f 4467//4467 4462//4462 4466//4466
f 4464//4464 4465//4465 4468//4468
f 4468//4468 4465//4465 4469//4469
f 4468//4468 4159//4159 4157//4157
f 4468//4468 4157//4157 4464//4464
f 4160//4160 4470//4470 4466//4466
f 4160//4160 4466//4466 4158//4158
f 4467//4467 4466//4466 4471//4471
f 4471//4471 4466//4466 4470//4470
f 4468//4468 4469//4469 4472//4472
f 4472//4472 4469//4469 4473//4473
f 4472//4472 4161//4161 4159//4159
f 4472//4472 4159//4159 4468//4468
f 4162//4162 4474//4474 4470//4470
f 4162//4162 4470//4470 4160//4160
f 4471//4471 4470//4470 4475//4475
f 4475//4475 4470//4470 4474//4474
f 4472//4472 4473//4473 4476//4476
f 4476//4476 4473//4473 4477//4477
f 4476//4476 4163//4163 4161//4161
f 4476//4476 4161//4161 4472//4472
f 4164//4164 4478//4478 4474//4474
f 4164//4164 4474//4474 4162//4162
f 4475//4475 4474//4474 4479//4479
f 4479//4479 4474//4474 4478//4478
f 4476//4476 4477//4477 4480//4480
f 4480//4480 4477//4477 4481//4481
f 4480//4480 4165//4165 4163//4163
f 4480//4480 4163//4163 4476//4476
f 4166//4166 4482//4482 4478//4478
f 4166//4166 4478//4478 4164//4164
f 4479//4479 4478//4478 4483//4483
f 4483//4483 4478//4478 4482//4482
f 4480//4480 4481//4481 4484//4484
f 4484//4484 4481//4481 4485//4485
f 4484//4484 4167//4167 4165//4165
f 4484//4484 4165//4165 4480//4480
f 4168//4168 4486//4486 4482//4482
f 4168//4168 4482//4482 4166//4166
f 4483//4483 4482//4482 4487//4487
f 4487//4487 4482//4482 4486//4486
f 4485//4485 4488//4488 4484//4484
f 4167//4167 4484//4484 4488//4488
f 4489//4489 4167//4167 4488//4488
f 4169//4169 4167//4167 4489//4489
f 4170//4170 4490//4490 4486//4486
f 4170//4170 4486//4486 4168//4168
f 4487//4487 4486//4486 4491//4491
f 4491//4491 4486//4486 4490//4490
f 4489//4489 4172//4172 4169//4169
f 4492//4492 4172//4172 4489//4489
f 4494//4494 4493//4493 4490//4490
f 4170//4170 4494//4494 4490//4490
f 4173//4173 4494//4494 4170//4170
f 4490//4490 4493//4493 4491//4491
f 4492//4492 4175//4175 4172//4172
f 4495//4495 4175//4175 4492//4492
f 4177//4177 4494//4494 4173//4173
f 4177//4177 4496//4496 4494//4494
f 4495//4495 4179//4179 4175//4175
f 4497//4497 4179//4179 4495//4495
f 4181//4181 4496//4496 4177//4177
f 4181//4181 4498//4498 4496//4496
f 4182//4182 4179//4179 4499//4499
f 4179//4179 4500//4500 4499//4499
f 4179//4179 4497//4497 4500//4500
f 4499//4499 4183//4183 4182//4182
f 4185//4185 4498//4498 4181//4181
f 4185//4185 4501//4501 4498//4498
f 4499//4499 4500//4500 4502//4502
f 4502//4502 4500//4500 4503//4503
f 4502//4502 4186//4186 4183//4183
f 4502//4502 4183//4183 4499//4499
f 4188//4188 4501//4501 4185//4185
f 4188//4188 4504//4504 4501//4501
f 4502//4502 4503//4503 4505//4505
f 4505//4505 4503//4503 4506//4506
f 4505//4505 4189//4189 4186//4186
f 4505//4505 4186//4186 4502//4502
f 4191//4191 4507//4507 4190//4190
f 4507//4507 4508//4508 4190//4190
f 4508//4508 4188//4188 4190//4190
f 4508//4508 4504//4504 4188//4188
f 4505//4505 4506//4506 4509//4509
f 4509//4509 4506//4506 4510//4510
f 4509//4509 4192//4192 4189//4189
f 4509//4509 4189//4189 4505//4505
f 4193//4193 4511//4511 4507//4507
f 4193//4193 4507//4507 4191//4191
f 4508//4508 4507//4507 4512//4512
f 4512//4512 4507//4507 4511//4511
f 4509//4509 4510//4510 4513//4513
f 4513//4513 4510//4510 4514//4514
f 4513//4513 4194//4194 4192//4192
f 4513//4513 4192//4192 4509//4509
f 4195//4195 4511//4511 4193//4193
f 4516//4516 4515//4515 4197//4197
f 4197//4197 4515//4515 4195//4195
f 4515//4515 4512//4512 4195//4195
f 4512//4512 4511//4511 4195//4195
f 4516//4516 4517//4517 4515//4515
f 4513//4513 4514//4514 4200//4200
f 4514//4514 4199//4199 4200//4200
f 4514//4514 4518//4518 4199//4199
f 4513//4513 4200//4200 4194//4194
f 4201//4201 4516//4516 4197//4197
f 4520//4520 4519//4519 4203//4203
f 4203//4203 4519//4519 4201//4201
f 4519//4519 4517//4517 4201//4201
f 4517//4517 4516//4516 4201//4201
f 4520//4520 4521//4521 4519//4519
f 4524//4524 4523//4523 4522//4522
f 4205//4205 4206//4206 4522//4522
f 4206//4206 4524//4524 4522//4522
f 4206//4206 4525//4525 4524//4524
f 4206//4206 4199//4199 4518//4518
f 4206//4206 4518//4518 4525//4525
f 4207//4207 4520//4520 4203//4203
f 4526//4526 4521//4521 4520//4520
f 4207//4207 4526//4526 4520//4520
f 4208//4208 4526//4526 4207//4207
f 4527//4527 4208//4208 4209//4209
f 4527//4527 4526//4526 4208//4208
f 4528//4528 4209//4209 4210//4210
f 4528//4528 4527//4527 4209//4209
f 4529//4529 4210//4210 4211//4211
f 4529//4529 4528//4528 4210//4210
f 4530//4530 4211//4211 4212//4212
f 4530//4530 4529//4529 4211//4211
f 4213//4213 4522//4522 4523//4523
f 4530//4530 4213//4213 4523//4523
f 4212//4212 4213//4213 4530//4530
f 4522//4522 4213//4213 4205//4205
f 4215//4215 4531//4531 4216//4216
f 4532//4532 4217//4217 4216//4216
f 4532//4532 4216//4216 4531//4531
f 4533//4533 4218//4218 4217//4217
f 4533//4533 4217//4217 4532//4532
f 4534//4534 4219//4219 4218//4218
f 4534//4534 4218//4218 4533//4533
f 4535//4535 4220//4220 4219//4219
f 4535//4535 4219//4219 4534//4534
f 4535//4535 4222//4222 4220//4220
f 4224//4224 4536//4536 4531//4531
f 4224//4224 4531//4531 4215//4215
f 4531//4531 4537//4537 4532//4532
f 4531//4531 4536//4536 4537//4537
f 4532//4532 4538//4538 4533//4533
f 4532//4532 4537//4537 4538//4538
f 4533//4533 4539//4539 4534//4534
f 4533//4533 4538//4538 4539//4539
f 4534//4534 4540//4540 4535//4535
f 4534//4534 4539//4539 4540//4540
f 4540//4540 4226//4226 4222//4222
f 4540//4540 4222//4222 4535//4535
f 4228//4228 4541//4541 4536//4536
f 4228//4228 4536//4536 4224//4224
f 4536//4536 4542//4542 4537//4537
f 4536//4536 4541//4541 4542//4542
f 4544//4544 4538//4538 4543//4543
f 4538//4538 4542//4542 4543//4543
f 4538//4538 4537//4537 4542//4542
f 4546//4546 4545//4545 4544//4544
f 4545//4545 4538//4538 4544//4544
f 4545//4545 4539//4539 4538//4538
f 4539//4539 4547//4547 4540//4540
f 4539//4539 4545//4545 4547//4547
f 4547//4547 4230//4230 4226//4226
f 4547//4547 4226//4226 4540//4540
f 4232//4232 4548//4548 4541//4541
f 4232//4232 4541//4541 4228//4228
f 4541//4541 4549//4549 4542//4542
f 4541//4541 4548//4548 4549//4549
f 4543//4543 4542//4542 4550//4550
f 4550//4550 4542//4542 4549//4549
f 4545//4545 4546//4546 4551//4551
f 4551//4551 4546//4546 4552//4552
f 4545//4545 4553//4553 4547//4547
f 4545//4545 4551//4551 4553//4553
f 4553//4553 4234//4234 4230//4230
f 4553//4553 4230//4230 4547//4547
f 4236//4236 4554//4554 4548//4548
f 4236//4236 4548//4548 4232//4232
f 4548//4548 4555//4555 4549//4549
f 4548//4548 4554//4554 4555//4555
f 4550//4550 4549//4549 4556//4556
f 4556//4556 4549//4549 4555//4555
f 4551//4551 4552//4552 4557//4557
f 4557//4557 4552//4552 4558//4558
f 4551//4551 4559//4559 4553//4553
f 4551//4551 4557//4557 4559//4559
f 4559//4559 4238//4238 4234//4234
f 4559//4559 4234//4234 4553//4553
f 4240//4240 4560//4560 4554//4554
f 4240//4240 4554//4554 4236//4236
f 4554//4554 4561//4561 4555//4555
f 4554//4554 4560//4560 4561//4561
f 4556//4556 4555//4555 4562//4562
f 4562//4562 4555//4555 4561//4561
f 4557//4557 4558//4558 4563//4563
f 4563//4563 4558//4558 4564//4564
f 4557//4557 4565//4565 4559//4559
f 4557//4557 4563//4563 4565//4565
f 4565//4565 4242//4242 4238//4238
f 4565//4565 4238//4238 4559//4559
f 4244//4244 4566//4566 4560//4560
f 4244//4244 4560//4560 4240//4240
f 4560//4560 4567//4567 4561//4561
f 4560//4560 4566//4566 4567//4567
f 4562//4562 4561//4561 4568//4568
f 4568//4568 4561//4561 4567//4567
f 4563//4563 4564//4564 4569//4569
f 4569//4569 4564//4564 4570//4570
f 4563//4563 4571//4571 4565//4565
f 4563//4563 4569//4569 4571//4571
f 4571//4571 4246//4246 4242//4242
f 4571//4571 4242//4242 4565//4565
f 4248//4248 4572//4572 4566//4566
f 4248//4248 4566//4566 4244//4244
f 4566//4566 4573//4573 4567//4567
f 4566//4566 4572//4572 4573//4573
f 4568//4568 4567//4567 4574//4574
f 4574//4574 4567//4567 4573//4573
f 4569//4569 4570//4570 4575//4575
f 4575//4575 4570//4570 4576//4576
f 4569//4569 4577//4577 4571//4571
f 4569//4569 4575//4575 4577//4577
f 4577//4577 4250//4250 4246//4246
f 4577//4577 4246//4246 4571//4571
f 4252//4252 4578//4578 4572//4572
f 4252//4252 4572//4572 4248//4248
f 4572//4572 4579//4579 4573//4573
f 4572//4572 4578//4578 4579//4579
f 4574//4574 4573//4573 4580//4580
f 4580//4580 4573//4573 4579//4579
f 4575//4575 4576//4576 4581//4581
f 4581//4581 4576//4576 4582//4582
f 4575//4575 4583//4583 4577//4577
f 4575//4575 4581//4581 4583//4583
f 4583//4583 4254//4254 4250//4250
f 4583//4583 4250//4250 4577//4577
f 4256//4256 4584//4584 4578//4578
f 4256//4256 4578//4578 4252//4252
f 4578//4578 4585//4585 4579//4579
f 4578//4578 4584//4584 4585//4585
f 4580//4580 4579//4579 4586//4586
f 4579//4579 4587//4587 4586//4586
f 4579//4579 4585//4585 4587//4587
f 4586//4586 4587//4587 4582//4582
f 4587//4587 4581//4581 4582//4582
f 4587//4587 4588//4588 4581//4581
f 4581//4581 4589//4589 4583//4583
f 4581//4581 4588//4588 4589//4589
f 4589//4589 4258//4258 4254//4254
f 4589//4589 4254//4254 4583//4583
f 4260//4260 4590//4590 4584//4584
f 4260//4260 4584//4584 4256//4256
f 4584//4584 4591//4591 4585//4585
f 4584//4584 4590//4590 4591//4591
f 4585//4585 4592//4592 4587//4587
f 4585//4585 4591//4591 4592//4592
f 4587//4587 4593//4593 4588//4588
f 4587//4587 4592//4592 4593//4593
f 4588//4588 4594//4594 4589//4589
f 4588//4588 4593//4593 4594//4594
f 4594//4594 4262//4262 4258//4258
f 4594//4594 4258//4258 4589//4589
f 4264//4264 4595//4595 4590//4590
f 4264//4264 4590//4590 4260//4260
f 4590//4590 4596//4596 4591//4591
f 4590//4590 4595//4595 4596//4596
f 4591//4591 4597//4597 4592//4592
f 4591//4591 4596//4596 4597//4597
f 4592//4592 4598//4598 4593//4593
f 4592//4592 4597//4597 4598//4598
f 4593//4593 4599//4599 4594//4594
f 4593//4593 4598//4598 4599//4599
f 4599//4599 4266//4266 4262//4262
f 4599//4599 4262//4262 4594//4594
f 4268//4268 4600//4600 4595//4595
f 4268//4268 4595//4595 4264//4264
f 4595//4595 4601//4601 4596//4596
f 4595//4595 4600//4600 4601//4601
f 4596//4596 4602//4602 4597//4597
f 4596//4596 4601//4601 4602//4602
f 4597//4597 4603//4603 4598//4598
f 4597//4597 4602//4602 4603//4603
f 4598//4598 4604//4604 4599//4599
f 4598//4598 4603//4603 4604//4604
f 4604//4604 4270//4270 4266//4266
f 4604//4604 4266//4266 4599//4599
f 4272//4272 4605//4605 4600//4600
f 4272//4272 4600//4600 4268//4268
f 4600//4600 4606//4606 4601//4601
f 4600//4600 4605//4605 4606//4606
f 4601//4601 4607//4607 4602//4602
f 4601//4601 4606//4606 4607//4607
f 4602//4602 4608//4608 4603//4603
f 4602//4602 4607//4607 4608//4608
f 4603//4603 4609//4609 4604//4604
f 4603//4603 4608//4608 4609//4609
f 4609//4609 4274//4274 4270//4270
f 4609//4609 4270//4270 4604//4604
f 4276//4276 4610//4610 4605//4605
f 4276//4276 4605//4605 4272//4272
f 4605//4605 4611//4611 4606//4606
f 4605//4605 4610//4610 4611//4611
f 4606//4606 4612//4612 4607//4607
f 4606//4606 4611//4611 4612//4612
f 4607//4607 4613//4613 4608//4608
f 4607//4607 4612//4612 4613//4613
f 4608//4608 4614//4614 4609//4609
f 4608//4608 4613//4613 4614//4614
f 4614//4614 4278//4278 4274//4274
f 4614//4614 4274//4274 4609//4609
f 4280//4280 4615//4615 4610//4610
f 4280//4280 4610//4610 4276//4276
f 4610//4610 4616//4616 4611//4611
f 4610//4610 4615//4615 4616//4616
f 4611//4611 4617//4617 4612//4612
f 4611//4611 4616//4616 4617//4617
f 4612//4612 4618//4618 4613//4613
f 4612//4612 4617//4617 4618//4618
f 4613//4613 4619//4619 4614//4614
f 4613//4613 4618//4618 4619//4619
f 4619//4619 4282//4282 4278//4278
f 4619//4619 4278//4278 4614//4614
f 4284//4284 4620//4620 4615//4615
f 4284//4284 4615//4615 4280//4280
f 4615//4615 4621//4621 4616//4616
f 4615//4615 4620//4620 4621//4621
f 4616//4616 4622//4622 4617//4617
f 4616//4616 4621//4621 4622//4622
f 4617//4617 4623//4623 4618//4618
f 4617//4617 4622//4622 4623//4623
f 4618//4618 4624//4624 4619//4619
f 4618//4618 4623//4623 4624//4624
f 4624//4624 4286//4286 4282//4282
f 4624//4624 4282//4282 4619//4619
f 4288//4288 4625//4625 4620//4620
f 4288//4288 4620//4620 4284//4284
f 4620//4620 4626//4626 4621//4621
f 4620//4620 4625//4625 4626//4626
f 4621//4621 4627//4627 4622//4622
f 4621//4621 4626//4626 4627//4627
f 4622//4622 4628//4628 4623//4623
f 4622//4622 4627//4627 4628//4628
f 4623//4623 4629//4629 4624//4624
f 4623//4623 4628//4628 4629//4629
f 4629//4629 4290//4290 4286//4286
f 4629//4629 4286//4286 4624//4624
f 4292//4292 4630//4630 4625//4625
f 4292//4292 4625//4625 4288//4288
f 4625//4625 4631//4631 4626//4626
f 4625//4625 4630//4630 4631//4631
f 4626//4626 4632//4632 4627//4627
f 4626//4626 4631//4631 4632//4632
f 4627//4627 4633//4633 4628//4628
f 4627//4627 4632//4632 4633//4633
f 4628//4628 4634//4634 4629//4629
f 4628//4628 4633//4633 4634//4634
f 4634//4634 4294//4294 4290//4290
f 4634//4634 4290//4290 4629//4629
f 4296//4296 4635//4635 4630//4630
f 4296//4296 4630//4630 4292//4292
f 4630//4630 4636//4636 4631//4631
f 4630//4630 4635//4635 4636//4636
f 4631//4631 4637//4637 4632//4632
f 4631//4631 4636//4636 4637//4637
f 4632//4632 4638//4638 4633//4633
f 4632//4632 4637//4637 4638//4638
f 4633//4633 4639//4639 4634//4634
f 4633//4633 4638//4638 4639//4639
f 4639//4639 4298//4298 4294//4294
f 4639//4639 4294//4294 4634//4634
f 4300//4300 4640//4640 4635//4635
f 4300//4300 4635//4635 4296//4296
f 4635//4635 4641//4641 4636//4636
f 4635//4635 4640//4640 4641//4641
f 4636//4636 4642//4642 4637//4637
f 4636//4636 4641//4641 4642//4642
f 4637//4637 4643//4643 4638//4638
f 4637//4637 4642//4642 4643//4643
f 4638//4638 4644//4644 4639//4639
f 4638//4638 4643//4643 4644//4644
f 4644//4644 4302//4302 4298//4298
f 4644//4644 4298//4298 4639//4639
f 4304//4304 4645//4645 4640//4640
f 4304//4304 4640//4640 4300//4300
f 4640//4640 4646//4646 4641//4641
f 4640//4640 4645//4645 4646//4646
f 4641//4641 4647//4647 4642//4642
f 4641//4641 4646//4646 4647//4647
f 4642//4642 4648//4648 4643//4643
f 4642//4642 4647//4647 4648//4648
f 4643//4643 4649//4649 4644//4644
f 4643//4643 4648//4648 4649//4649
f 4649//4649 4306//4306 4302//4302
f 4649//4649 4302//4302 4644//4644
f 4308//4308 4650//4650 4645//4645
f 4308//4308 4645//4645 4304//4304
f 4645//4645 4651//4651 4646//4646
f 4645//4645 4650//4650 4651//4651
f 4646//4646 4652//4652 4647//4647
f 4646//4646 4651//4651 4652//4652
f 4647//4647 4653//4653 4648//4648
f 4647//4647 4652//4652 4653//4653
f 4648//4648 4654//4654 4649//4649
f 4648//4648 4653//4653 4654//4654
f 4654//4654 4310//4310 4306//4306
f 4654//4654 4306//4306 4649//4649
f 4312//4312 4655//4655 4650//4650
f 4312//4312 4650//4650 4308//4308
f 4650//4650 4656//4656 4651//4651
f 4650//4650 4655//4655 4656//4656
f 4651//4651 4657//4657 4652//4652
f 4651//4651 4656//4656 4657//4657
f 4652//4652 4658//4658 4653//4653
f 4652//4652 4657//4657 4658//4658
f 4653//4653 4659//4659 4654//4654
f 4653//4653 4658//4658 4659//4659
f 4659//4659 4314//4314 4310//4310
f 4659//4659 4310//4310 4654//4654
f 4316//4316 4660//4660 4655//4655
f 4316//4316 4655//4655 4312//4312
f 4655//4655 4661//4661 4656//4656
f 4655//4655 4660//4660 4661//4661
f 4656//4656 4662//4662 4657//4657
f 4656//4656 4661//4661 4662//4662
f 4657//4657 4663//4663 4658//4658
f 4657//4657 4662//4662 4663//4663
f 4658//4658 4664//4664 4659//4659
f 4658//4658 4663//4663 4664//4664
f 4664//4664 4318//4318 4314//4314
f 4664//4664 4314//4314 4659//4659
f 4320//4320 4665//4665 4660//4660
f 4320//4320 4660//4660 4316//4316
f 4660//4660 4666//4666 4661//4661
f 4660//4660 4665//4665 4666//4666
f 4661//4661 4667//4667 4662//4662
f 4661//4661 4666//4666 4667//4667
f 4662//4662 4668//4668 4663//4663
f 4662//4662 4667//4667 4668//4668
f 4663//4663 4669//4669 4664//4664
f 4663//4663 4668//4668 4669//4669
f 4669//4669 4322//4322 4318//4318
f 4669//4669 4318//4318 4664//4664
f 4324//4324 4670//4670 4665//4665
f 4324//4324 4665//4665 4320//4320
f 4665//4665 4671//4671 4666//4666
f 4665//4665 4670//4670 4671//4671
f 4666//4666 4672//4672 4667//4667
f 4666//4666 4671//4671 4672//4672
f 4667//4667 4673//4673 4668//4668
f 4667//4667 4672//4672 4673//4673
f 4668//4668 4674//4674 4669//4669
f 4668//4668 4673//4673 4674//4674
f 4674//4674 4326//4326 4322//4322
f 4674//4674 4322//4322 4669//4669
f 4328//4328 4675//4675 4670//4670
f 4328//4328 4670//4670 4324//4324
f 4670//4670 4676//4676 4671//4671
f 4670//4670 4675//4675 4676//4676
f 4671//4671 4677//4677 4672//4672
f 4671//4671 4676//4676 4677//4677
f 4672//4672 4678//4678 4673//4673
f 4672//4672 4677//4677 4678//4678
f 4673//4673 4679//4679 4674//4674
f 4673//4673 4678//4678 4679//4679
f 4679//4679 4330//4330 4326//4326
f 4679//4679 4326//4326 4674//4674
f 4332//4332 4680//4680 4675//4675
f 4332//4332 4675//4675 4328//4328
f 4675//4675 4681//4681 4676//4676
f 4675//4675 4680//4680 4681//4681
f 4676//4676 4682//4682 4677//4677
f 4676//4676 4681//4681 4682//4682
f 4677//4677 4683//4683 4678//4678
f 4677//4677 4682//4682 4683//4683
f 4678//4678 4684//4684 4679//4679
f 4678//4678 4683//4683 4684//4684
f 4684//4684 4334//4334 4330//4330
f 4684//4684 4330//4330 4679//4679
f 4336//4336 4685//4685 4680//4680
f 4336//4336 4680//4680 4332//4332
f 4680//4680 4686//4686 4681//4681
f 4680//4680 4685//4685 4686//4686
f 4681//4681 4687//4687 4682//4682
f 4681//4681 4686//4686 4687//4687
f 4682//4682 4688//4688 4683//4683
f 4682//4682 4687//4687 4688//4688
f 4683//4683 4689//4689 4684//4684
f 4683//4683 4688//4688 4689//4689
f 4689//4689 4338//4338 4334//4334
f 4689//4689 4334//4334 4684//4684
f 4340//4340 4690//4690 4685//4685
f 4340//4340 4685//4685 4336//4336
f 4685//4685 4691//4691 4686//4686
f 4685//4685 4690//4690 4691//4691
f 4686//4686 4692//4692 4687//4687
f 4686//4686 4691//4691 4692//4692
f 4687//4687 4693//4693 4688//4688
f 4687//4687 4692//4692 4693//4693
f 4688//4688 4694//4694 4689//4689
f 4688//4688 4693//4693 4694//4694
f 4694//4694 4342//4342 4338//4338
f 4694//4694 4338//4338 4689//4689
f 4344//4344 4695//4695 4690//4690
f 4344//4344 4690//4690 4340//4340
f 4690//4690 4696//4696 4691//4691
f 4690//4690 4695//4695 4696//4696
f 4691//4691 4697//4697 4692//4692
f 4691//4691 4696//4696 4697//4697
f 4692//4692 4698//4698 4693//4693
f 4692//4692 4697//4697 4698//4698
f 4693//4693 4699//4699 4694//4694
f 4693//4693 4698//4698 4699//4699
f 4699//4699 4346//4346 4342//4342
f 4699//4699 4342//4342 4694//4694
f 4348//4348 4700//4700 4695//4695
f 4348//4348 4695//4695 4344//4344
f 4695//4695 4701//4701 4696//4696
f 4695//4695 4700//4700 4701//4701
f 4696//4696 4702//4702 4697//4697
f 4696//4696 4701//4701 4702//4702
f 4697//4697 4703//4703 4698//4698
f 4697//4697 4702//4702 4703//4703
f 4698//4698 4704//4704 4699//4699
f 4698//4698 4703//4703 4704//4704
f 4704//4704 4350//4350 4346//4346
f 4704//4704 4346//4346 4699//4699
f 4352//4352 4705//4705 4700//4700
f 4352//4352 4700//4700 4348//4348
f 4700//4700 4706//4706 4701//4701
f 4700//4700 4705//4705 4706//4706
f 4701//4701 4707//4707 4702//4702
f 4701//4701 4706//4706 4707//4707
f 4702//4702 4708//4708 4703//4703
f 4702//4702 4707//4707 4708//4708
f 4703//4703 4709//4709 4704//4704
f 4703//4703 4708//4708 4709//4709
f 4709//4709 4354//4354 4350//4350
f 4709//4709 4350//4350 4704//4704
f 4356//4356 4710//4710 4705//4705
f 4356//4356 4705//4705 4352//4352
f 4705//4705 4711//4711 4706//4706
f 4705//4705 4710//4710 4711//4711
f 4706//4706 4712//4712 4707//4707
f 4706//4706 4711//4711 4712//4712
f 4707//4707 4713//4713 4708//4708
f 4707//4707 4712//4712 4713//4713
f 4708//4708 4714//4714 4709//4709
f 4708//4708 4713//4713 4714//4714
f 4714//4714 4358//4358 4354//4354
f 4714//4714 4354//4354 4709//4709
f 4360//4360 4715//4715 4710//4710
f 4360//4360 4710//4710 4356//4356
f 4710//4710 4716//4716 4711//4711
f 4710//4710 4715//4715 4716//4716
f 4711//4711 4717//4717 4712//4712
f 4711//4711 4716//4716 4717//4717
f 4712//4712 4718//4718 4713//4713
f 4712//4712 4717//4717 4718//4718
f 4713//4713 4719//4719 4714//4714
f 4713//4713 4718//4718 4719//4719
f 4719//4719 4362//4362 4358//4358
f 4719//4719 4358//4358 4714//4714
f 4364//4364 4720//4720 4715//4715
f 4364//4364 4715//4715 4360//4360
f 4715//4715 4721//4721 4716//4716
f 4715//4715 4720//4720 4721//4721
f 4716//4716 4722//4722 4717//4717
f 4716//4716 4721//4721 4722//4722
f 4717//4717 4723//4723 4718//4718
f 4717//4717 4722//4722 4723//4723
f 4718//4718 4724//4724 4719//4719
f 4718//4718 4723//4723 4724//4724
f 4724//4724 4366//4366 4362//4362
f 4724//4724 4362//4362 4719//4719
f 4368//4368 4725//4725 4720//4720
f 4368//4368 4720//4720 4364//4364
f 4720//4720 4726//4726 4721//4721
f 4720//4720 4725//4725 4726//4726
f 4721//4721 4727//4727 4722//4722
f 4721//4721 4726//4726 4727//4727
f 4722//4722 4728//4728 4723//4723
f 4722//4722 4727//4727 4728//4728
f 4723//4723 4729//4729 4724//4724
f 4723//4723 4728//4728 4729//4729
f 4729//4729 4370//4370 4366//4366
f 4729//4729 4366//4366 4724//4724
f 4372//4372 4730//4730 4725//4725
f 4372//4372 4725//4725 4368//4368
f 4725//4725 4731//4731 4726//4726
f 4725//4725 4730//4730 4731//4731
f 4726//4726 4732//4732 4727//4727
f 4726//4726 4731//4731 4732//4732
f 4727//4727 4733//4733 4728//4728
f 4727//4727 4732//4732 4733//4733
f 4728//4728 4734//4734 4729//4729
f 4728//4728 4733//4733 4734//4734
f 4734//4734 4374//4374 4370//4370
f 4734//4734 4370//4370 4729//4729
f 4376//4376 4735//4735 4730//4730
f 4376//4376 4730//4730 4372//4372
f 4730//4730 4736//4736 4731//4731
f 4730//4730 4735//4735 4736//4736
f 4731//4731 4737//4737 4732//4732
f 4731//4731 4736//4736 4737//4737
f 4732//4732 4738//4738 4733//4733
f 4732//4732 4737//4737 4738//4738
f 4733//4733 4739//4739 4734//4734
f 4733//4733 4738//4738 4739//4739
f 4739//4739 4378//4378 4374//4374
f 4739//4739 4374//4374 4734//4734
f 4380//4380 4740//4740 4735//4735
f 4380//4380 4735//4735 4376//4376
f 4735//4735 4741//4741 4736//4736
f 4735//4735 4740//4740 4741//4741
f 4736//4736 4742//4742 4737//4737
f 4736//4736 4741//4741 4742//4742
f 4737//4737 4743//4743 4738//4738
f 4737//4737 4742//4742 4743//4743
f 4738//4738 4744//4744 4739//4739
f 4738//4738 4743//4743 4744//4744
f 4744//4744 4382//4382 4378//4378
f 4744//4744 4378//4378 4739//4739
f 4384//4384 4745//4745 4740//4740
f 4384//4384 4740//4740 4380//4380
f 4740//4740 4746//4746 4741//4741
f 4740//4740 4745//4745 4746//4746
f 4741//4741 4747//4747 4742//4742
f 4741//4741 4746//4746 4747//4747
f 4742//4742 4748//4748 4743//4743
f 4742//4742 4747//4747 4748//4748
f 4743//4743 4749//4749 4744//4744
f 4743//4743 4748//4748 4749//4749
f 4749//4749 4386//4386 4382//4382
f 4749//4749 4382//4382 4744//4744
f 4388//4388 4750//4750 4745//4745
f 4388//4388 4745//4745 4384//4384
f 4745//4745 4751//4751 4746//4746
f 4745//4745 4750//4750 4751//4751
f 4746//4746 4752//4752 4747//4747
f 4746//4746 4751//4751 4752//4752
f 4747//4747 4753//4753 4748//4748
f 4747//4747 4752//4752 4753//4753
f 4748//4748 4754//4754 4749//4749
f 4748//4748 4753//4753 4754//4754
f 4754//4754 4390//4390 4386//4386
f 4754//4754 4386//4386 4749//4749
f 4392//4392 4755//4755 4750//4750
f 4392//4392 4750//4750 4388//4388
f 4750//4750 4756//4756 4751//4751
f 4750//4750 4755//4755 4756//4756
f 4751//4751 4757//4757 4752//4752
f 4751//4751 4756//4756 4757//4757
f 4752//4752 4758//4758 4753//4753
f 4752//4752 4757//4757 4758//4758
f 4753//4753 4759//4759 4754//4754
f 4753//4753 4758//4758 4759//4759
f 4759//4759 4394//4394 4390//4390
f 4759//4759 4390//4390 4754//4754
f 4396//4396 4760//4760 4755//4755
f 4396//4396 4755//4755 4392//4392
f 4755//4755 4761//4761 4756//4756
f 4755//4755 4760//4760 4761//4761
f 4756//4756 4762//4762 4757//4757
f 4756//4756 4761//4761 4762//4762
f 4757//4757 4763//4763 4758//4758
f 4757//4757 4762//4762 4763//4763
f 4758//4758 4764//4764 4759//4759
f 4758//4758 4763//4763 4764//4764
f 4764//4764 4398//4398 4394//4394
f 4764//4764 4394//4394 4759//4759
f 4400//4400 4765//4765 4760//4760
f 4400//4400 4760//4760 4396//4396
f 4760//4760 4766//4766 4761//4761
f 4760//4760 4765//4765 4766//4766
f 4761//4761 4767//4767 4762//4762
f 4761//4761 4766//4766 4767//4767
f 4762//4762 4768//4768 4763//4763
f 4762//4762 4767//4767 4768//4768
f 4763//4763 4769//4769 4764//4764
f 4763//4763 4768//4768 4769//4769
f 4769//4769 4402//4402 4398//4398
f 4769//4769 4398//4398 4764//4764
f 4404//4404 4770//4770 4765//4765
f 4404//4404 4765//4765 4400//4400
f 4765//4765 4771//4771 4766//4766
f 4765//4765 4770//4770 4771//4771
f 4766//4766 4772//4772 4767//4767
f 4766//4766 4771//4771 4772//4772
f 4767//4767 4773//4773 4768//4768
f 4767//4767 4772//4772 4773//4773
f 4768//4768 4774//4774 4769//4769
f 4768//4768 4773//4773 4774//4774
f 4774//4774 4406//4406 4402//4402
f 4774//4774 4402//4402 4769//4769
f 4408//4408 4775//4775 4770//4770
f 4408//4408 4770//4770 4404//4404
f 4770//4770 4776//4776 4771//4771
f 4770//4770 4775//4775 4776//4776
f 4771//4771 4777//4777 4772//4772
f 4771//4771 4776//4776 4777//4777
f 4772//4772 4778//4778 4773//4773
f 4772//4772 4777//4777 4778//4778
f 4773//4773 4779//4779 4774//4774
f 4773//4773 4778//4778 4779//4779
f 4779//4779 4410//4410 4406//4406
f 4779//4779 4406//4406 4774//4774
f 4412//4412 4780//4780 4775//4775
f 4412//4412 4775//4775 4408//4408
f 4775//4775 4781//4781 4776//4776
f 4775//4775 4780//4780 4781//4781
f 4776//4776 4782//4782 4777//4777
f 4776//4776 4781//4781 4782//4782
f 4777//4777 4783//4783 4778//4778
f 4777//4777 4782//4782 4783//4783
f 4778//4778 4784//4784 4779//4779
f 4778//4778 4783//4783 4784//4784
f 4784//4784 4414//4414 4410//4410
f 4784//4784 4410//4410 4779//4779
f 4416//4416 4785//4785 4780//4780
f 4416//4416 4780//4780 4412//4412
f 4780//4780 4786//4786 4781//4781
f 4780//4780 4785//4785 4786//4786
f 4781//4781 4787//4787 4782//4782
f 4781//4781 4786//4786 4787//4787
f 4782//4782 4788//4788 4783//4783
f 4782//4782 4787//4787 4788//4788
f 4783//4783 4789//4789 4784//4784
f 4783//4783 4788//4788 4789//4789
f 4789//4789 4418//4418 4414//4414
f 4789//4789 4414//4414 4784//4784
f 4420//4420 4790//4790 4785//4785
f 4420//4420 4785//4785 4416//4416
f 4785//4785 4791//4791 4786//4786
f 4785//4785 4790//4790 4791//4791
f 4786//4786 4792//4792 4787//4787
f 4786//4786 4791//4791 4792//4792
f 4787//4787 4793//4793 4788//4788
f 4787//4787 4792//4792 4793//4793
f 4788//4788 4794//4794 4789//4789
f 4788//4788 4793//4793 4794//4794
f 4794//4794 4422//4422 4418//4418
f 4794//4794 4418//4418 4789//4789
f 4424//4424 4795//4795 4790//4790
f 4424//4424 4790//4790 4420//4420
f 4790//4790 4796//4796 4791//4791
f 4790//4790 4795//4795 4796//4796
f 4791//4791 4797//4797 4792//4792
f 4791//4791 4796//4796 4797//4797
f 4792//4792 4798//4798 4793//4793
f 4792//4792 4797//4797 4798//4798
f 4793//4793 4799//4799 4794//4794
f 4793//4793 4798//4798 4799//4799
f 4799//4799 4426//4426 4422//4422
f 4799//4799 4422//4422 4794//4794
f 4428//4428 4800//4800 4795//4795
f 4428//4428 4795//4795 4424//4424
f 4795//4795 4801//4801 4796//4796
f 4795//4795 4800//4800 4801//4801
f 4796//4796 4802//4802 4797//4797
f 4796//4796 4801//4801 4802//4802
f 4797//4797 4803//4803 4798//4798
f 4797//4797 4802//4802 4803//4803
f 4798//4798 4804//4804 4799//4799
f 4798//4798 4803//4803 4804//4804
f 4804//4804 4430//4430 4426//4426
f 4804//4804 4426//4426 4799//4799
f 4432//4432 4805//4805 4800//4800
f 4432//4432 4800//4800 4428//4428
f 4800//4800 4806//4806 4801//4801
f 4800//4800 4805//4805 4806//4806
f 4808//4808 4802//4802 4807//4807
f 4802//4802 4806//4806 4807//4807
f 4802//4802 4801//4801 4806//4806
f 4810//4810 4809//4809 4808//4808
f 4809//4809 4802//4802 4808//4808
f 4809//4809 4803//4803 4802//4802
f 4803//4803 4811//4811 4804//4804
f 4803//4803 4809//4809 4811//4811
f 4811//4811 4434//4434 4430//4430
f 4811//4811 4430//4430 4804//4804
f 4436//4436 4812//4812 4805//4805
f 4436//4436 4805//4805 4432//4432
f 4805//4805 4813//4813 4806//4806
f 4805//4805 4812//4812 4813//4813
f 4807//4807 4806//4806 4814//4814
f 4814//4814 4806//4806 4813//4813
f 4809//4809 4810//4810 4815//4815
f 4815//4815 4810//4810 4816//4816
f 4809//4809 4817//4817 4811//4811
f 4809//4809 4815//4815 4817//4817
f 4818//4818 4437//4437 4434//4434
f 4811//4811 4818//4818 4434//4434
f 4817//4817 4818//4818 4811//4811
f 4818//4818 4438//4438 4437//4437
f 4440//4440 4819//4819 4812//4812
f 4440//4440 4812//4812 4436//4436
f 4821//4821 4813//4813 4820//4820
f 4813//4813 4819//4819 4820//4820
f 4813//4813 4812//4812 4819//4819
f 4813//4813 4821//4821 4814//4814
f 4816//4816 4822//4822 4815//4815
f 4824//4824 4823//4823 4822//4822
f 4823//4823 4815//4815 4822//4822
f 4823//4823 4817//4817 4815//4815
f 4817//4817 4825//4825 4818//4818
f 4817//4817 4823//4823 4825//4825
f 4825//4825 4441//4441 4438//4438
f 4825//4825 4438//4438 4818//4818
f 4443//4443 4826//4826 4442//4442
f 4819//4819 4440//4440 4442//4442
f 4826//4826 4819//4819 4442//4442
f 4827//4827 4819//4819 4826//4826
f 4820//4820 4819//4819 4828//4828
f 4828//4828 4819//4819 4827//4827
f 4823//4823 4824//4824 4829//4829
f 4829//4829 4824//4824 4830//4830
f 4823//4823 4831//4831 4825//4825
f 4823//4823 4829//4829 4831//4831
f 4831//4831 4444//4444 4441//4441
f 4831//4831 4441//4441 4825//4825
f 4445//4445 4832//4832 4826//4826
f 4445//4445 4826//4826 4443//4443
f 4826//4826 4833//4833 4827//4827
f 4826//4826 4832//4832 4833//4833
f 4828//4828 4827//4827 4834//4834
f 4834//4834 4827//4827 4833//4833
f 4829//4829 4830//4830 4835//4835
f 4835//4835 4830//4830 4836//4836
f 4829//4829 4837//4837 4831//4831
f 4829//4829 4835//4835 4837//4837
f 4837//4837 4447//4447 4444//4444
f 4837//4837 4444//4444 4831//4831
f 4448//4448 4838//4838 4832//4832
f 4448//4448 4832//4832 4445//4445
f 4832//4832 4839//4839 4833//4833
f 4832//4832 4838//4838 4839//4839
f 4834//4834 4833//4833 4840//4840
f 4840//4840 4833//4833 4839//4839
f 4835//4835 4836//4836 4841//4841
f 4841//4841 4836//4836 4842//4842
f 4835//4835 4843//4843 4837//4837
f 4835//4835 4841//4841 4843//4843
f 4843//4843 4450//4450 4447//4447
f 4843//4843 4447//4447 4837//4837
f 4451//4451 4844//4844 4838//4838
f 4451//4451 4838//4838 4448//4448
f 4838//4838 4845//4845 4839//4839
f 4838//4838 4844//4844 4845//4845
f 4840//4840 4839//4839 4846//4846
f 4846//4846 4839//4839 4845//4845
f 4841//4841 4842//4842 4847//4847
f 4847//4847 4842//4842 4848//4848
f 4841//4841 4849//4849 4843//4843
f 4841//4841 4847//4847 4849//4849
f 4849//4849 4453//4453 4450//4450
f 4849//4849 4450//4450 4843//4843
f 4455//4455 4850//4850 4844//4844
f 4455//4455 4844//4844 4451//4451
f 4844//4844 4851//4851 4845//4845
f 4844//4844 4850//4850 4851//4851
f 4846//4846 4845//4845 4852//4852
f 4852//4852 4845//4845 4851//4851
f 4848//4848 4853//4853 4847//4847
f 4855//4855 4854//4854 4853//4853
f 4854//4854 4847//4847 4853//4853
f 4854//4854 4849//4849 4847//4847
f 4854//4854 4457//4457 4453//4453
f 4854//4854 4453//4453 4849//4849
f 4459//4459 4856//4856 4850//4850
f 4459//4459 4850//4850 4455//4455
f 4850//4850 4857//4857 4851//4851
f 4850//4850 4856//4856 4857//4857
f 4852//4852 4851//4851 4858//4858
f 4858//4858 4851//4851 4857//4857
f 4854//4854 4855//4855 4859//4859
f 4859//4859 4855//4855 4860//4860
f 4859//4859 4461//4461 4457//4457
f 4859//4859 4457//4457 4854//4854
f 4463//4463 4861//4861 4856//4856
f 4463//4463 4856//4856 4459//4459
f 4863//4863 4857//4857 4862//4862
f 4857//4857 4861//4861 4862//4862
f 4857//4857 4856//4856 4861//4861
f 4857//4857 4863//4863 4858//4858
f 4859//4859 4860//4860 4864//4864
f 4864//4864 4860//4860 4865//4865
f 4864//4864 4465//4465 4461//4461
f 4864//4864 4461//4461 4859//4859
f 4467//4467 4866//4866 4861//4861
f 4467//4467 4861//4861 4463//4463
f 4862//4862 4861//4861 4867//4867
f 4867//4867 4861//4861 4866//4866
f 4864//4864 4865//4865 4868//4868
f 4868//4868 4865//4865 4869//4869
f 4868//4868 4469//4469 4465//4465
f 4868//4868 4465//4465 4864//4864
f 4471//4471 4870//4870 4866//4866
f 4471//4471 4866//4866 4467//4467
f 4867//4867 4866//4866 4871//4871
f 4871//4871 4866//4866 4870//4870
f 4868//4868 4869//4869 4872//4872
f 4872//4872 4869//4869 4873//4873
f 4872//4872 4473//4473 4469//4469
f 4872//4872 4469//4469 4868//4868
f 4475//4475 4874//4874 4870//4870
f 4475//4475 4870//4870 4471//4471
f 4871//4871 4870//4870 4875//4875
f 4875//4875 4870//4870 4874//4874
f 4872//4872 4873//4873 4876//4876
f 4876//4876 4873//4873 4877//4877
f 4876//4876 4477//4477 4473//4473
f 4876//4876 4473//4473 4872//4872
f 4479//4479 4878//4878 4874//4874
f 4479//4479 4874//4874 4475//4475
f 4875//4875 4874//4874 4879//4879
f 4879//4879 4874//4874 4878//4878
f 4876//4876 4877//4877 4880//4880
f 4880//4880 4877//4877 4881//4881
f 4880//4880 4481//4481 4477//4477
f 4880//4880 4477//4477 4876//4876
f 4483//4483 4882//4882 4878//4878
f 4483//4483 4878//4878 4479//4479
f 4879//4879 4878//4878 4883//4883
f 4883//4883 4878//4878 4882//4882
f 4880//4880 4881//4881 4884//4884
f 4884//4884 4881//4881 4885//4885
f 4884//4884 4485//4485 4481//4481
f 4884//4884 4481//4481 4880//4880
f 4487//4487 4886//4886 4882//4882
f 4487//4487 4882//4882 4483//4483
f 4883//4883 4882//4882 4887//4887
f 4887//4887 4882//4882 4886//4886
f 4884//4884 4885//4885 4888//4888
f 4888//4888 4885//4885 4889//4889
f 4890//4890 4488//4488 4485//4485
f 4884//4884 4890//4890 4485//4485
f 4888//4888 4890//4890 4884//4884
f 4890//4890 4489//4489 4488//4488
f 4491//4491 4891//4891 4886//4886
f 4491//4491 4886//4886 4487//4487
f 4887//4887 4886//4886 4892//4892
f 4892//4892 4886//4886 4891//4891
f 4889//4889 4893//4893 4888//4888
f 4895//4895 4894//4894 4893//4893
f 4894//4894 4888//4888 4893//4893
f 4894//4894 4890//4890 4888//4888
f 4894//4894 4492//4492 4489//4489
f 4894//4894 4489//4489 4890//4890
f 4494//4494 4896//4896 4493//4493
f 4896//4896 4897//4897 4493//4493
f 4493//4493 4897//4897 4491//4491
f 4897//4897 4898//4898 4491//4491
f 4898//4898 4891//4891 4491//4491
f 4891//4891 4898//4898 4892//4892
f 4894//4894 4895//4895 4899//4899
f 4899//4899 4895//4895 4900//4900
f 4899//4899 4495//4495 4492//4492
f 4899//4899 4492//4492 4894//4894
f 4496//4496 4901//4901 4896//4896
f 4496//4496 4896//4896 4494//4494
f 4897//4897 4896//4896 4902//4902
f 4902//4902 4896//4896 4901//4901
f 4899//4899 4900//4900 4903//4903
f 4903//4903 4900//4900 4904//4904
f 4903//4903 4497//4497 4495//4495
f 4903//4903 4495//4495 4899//4899
f 4498//4498 4905//4905 4901//4901
f 4498//4498 4901//4901 4496//4496
f 4902//4902 4901//4901 4906//4906
f 4906//4906 4901//4901 4905//4905
f 4903//4903 4904//4904 4907//4907
f 4907//4907 4904//4904 4908//4908
f 4907//4907 4500//4500 4497//4497
f 4907//4907 4497//4497 4903//4903
f 4501//4501 4909//4909 4905//4905
f 4501//4501 4905//4905 4498//4498
f 4906//4906 4905//4905 4910//4910
f 4910//4910 4905//4905 4909//4909
f 4907//4907 4908//4908 4911//4911
f 4911//4911 4908//4908 4912//4912
f 4911//4911 4503//4503 4500//4500
f 4911//4911 4500//4500 4907//4907
f 4504//4504 4913//4913 4909//4909
f 4504//4504 4909//4909 4501//4501
f 4910//4910 4909//4909 4914//4914
f 4914//4914 4909//4909 4913//4913
f 4911//4911 4912//4912 4915//4915
f 4915//4915 4912//4912 4916//4916
f 4915//4915 4506//4506 4503//4503
f 4915//4915 4503//4503 4911//4911
f 4508//4508 4917//4917 4913//4913
f 4508//4508 4913//4913 4504//4504
f 4914//4914 4913//4913 4918//4918
f 4918//4918 4913//4913 4917//4917
f 4915//4915 4916//4916 4919//4919
f 4919//4919 4916//4916 4920//4920
f 4919//4919 4510//4510 4506//4506
f 4919//4919 4506//4506 4915//4915
f 4512//4512 4921//4921 4917//4917
f 4512//4512 4917//4917 4508//4508
f 4918//4918 4917//4917 4922//4922
f 4922//4922 4917//4917 4921//4921
f 4919//4919 4920//4920 4923//4923
f 4923//4923 4920//4920 4924//4924
f 4923//4923 4514//4514 4510//4510
f 4923//4923 4510//4510 4919//4919
f 4515//4515 4921//4921 4512//4512
f 4926//4926 4925//4925 4517//4517
f 4517//4517 4925//4925 4515//4515
f 4925//4925 4922//4922 4515//4515
f 4922//4922 4921//4921 4515//4515
f 4926//4926 4927//4927 4925//4925
f 4930//4930 4929//4929 4928//4928
f 4930//4930 4928//4928 4924//4924
f 4928//4928 4923//4923 4924//4924
f 4928//4928 4931//4931 4923//4923
f 4931//4931 4518//4518 4514//4514
f 4931//4931 4514//4514 4923//4923
f 4519//4519 4926//4926 4517//4517
f 4933//4933 4932//4932 4521//4521
f 4521//4521 4932//4932 4519//4519
f 4932//4932 4927//4927 4519//4519
f 4927//4927 4926//4926 4519//4519
f 4935//4935 4934//4934 4933//4933
f 4933//4933 4934//4934 4932//4932
f 4937//4937 4936//4936 4935//4935
f 4935//4935 4936//4936 4934//4934
f 4939//4939 4938//4938 4937//4937
f 4937//4937 4938//4938 4936//4936
f 4941//4941 4940//4940 4939//4939
f 4939//4939 4940//4940 4938//4938
f 4940//4940 4941//4941 4929//4929
f 4929//4929 4941//4941 4928//4928
f 4941//4941 4523//4523 4928//4928
f 4523//4523 4524//4524 4928//4928
f 4928//4928 4524//4524 4525//4525
f 4928//4928 4525//4525 4931//4931
f 4931//4931 4525//4525 4518//4518
f 4526//4526 4933//4933 4521//4521
f 4933//4933 4526//4526 4527//4527
f 4933//4933 4527//4527 4935//4935
f 4935//4935 4527//4527 4528//4528
f 4935//4935 4528//4528 4937//4937
f 4937//4937 4528//4528 4529//4529
f 4937//4937 4529//4529 4939//4939
f 4939//4939 4529//4529 4530//4530
f 4939//4939 4530//4530 4941//4941
f 4941//4941 4530//4530 4523//4523
f 4543//4543 4942//4942 4544//4544
f 4942//4942 4546//4546 4544//4544
f 4550//4550 4943//4943 4942//4942
f 4550//4550 4942//4942 4543//4543
f 4943//4943 4552//4552 4546//4546
f 4943//4943 4546//4546 4942//4942
f 4556//4556 4944//4944 4943//4943
f 4556//4556 4943//4943 4550//4550
f 4944//4944 4558//4558 4552//4552
f 4944//4944 4552//4552 4943//4943
f 4562//4562 4945//4945 4944//4944
f 4562//4562 4944//4944 4556//4556
f 4945//4945 4564//4564 4558//4558
f 4945//4945 4558//4558 4944//4944
f 4568//4568 4946//4946 4945//4945
f 4568//4568 4945//4945 4562//4562
f 4946//4946 4570//4570 4564//4564
f 4946//4946 4564//4564 4945//4945
f 4574//4574 4947//4947 4946//4946
f 4574//4574 4946//4946 4568//4568
f 4947//4947 4576//4576 4570//4570
f 4947//4947 4570//4570 4946//4946
f 4580//4580 4948//4948 4947//4947
f 4580//4580 4947//4947 4574//4574
f 4948//4948 4582//4582 4576//4576
f 4948//4948 4576//4576 4947//4947
f 4586//4586 4948//4948 4580//4580
f 4948//4948 4586//4586 4582//4582
f 4807//4807 4949//4949 4808//4808
f 4949//4949 4810//4810 4808//4808
f 4814//4814 4950//4950 4949//4949
f 4814//4814 4949//4949 4807//4807
f 4950//4950 4816//4816 4810//4810
f 4950//4950 4810//4810 4949//4949
f 4820//4820 4951//4951 4821//4821
f 4950//4950 4814//4814 4821//4821
f 4951//4951 4950//4950 4821//4821
f 4952//4952 4950//4950 4951//4951
f 4953//4953 4822//4822 4816//4816
f 4950//4950 4953//4953 4816//4816
f 4952//4952 4953//4953 4950//4950
f 4953//4953 4824//4824 4822//4822
f 4828//4828 4954//4954 4951//4951
f 4828//4828 4951//4951 4820//4820
f 4951//4951 4955//4955 4952//4952
f 4951//4951 4954//4954 4955//4955
f 4952//4952 4956//4956 4953//4953
f 4952//4952 4955//4955 4956//4956
f 4956//4956 4830//4830 4824//4824
f 4956//4956 4824//4824 4953//4953
f 4834//4834 4957//4957 4954//4954
f 4834//4834 4954//4954 4828//4828
f 4954//4954 4958//4958 4955//4955
f 4954//4954 4957//4957 4958//4958
f 4955//4955 4959//4959 4956//4956
f 4955//4955 4958//4958 4959//4959
f 4959//4959 4836//4836 4830//4830
f 4959//4959 4830//4830 4956//4956
f 4840//4840 4960//4960 4957//4957
f 4840//4840 4957//4957 4834//4834
f 4957//4957 4961//4961 4958//4958
f 4957//4957 4960//4960 4961//4961
f 4958//4958 4962//4962 4959//4959
f 4958//4958 4961//4961 4962//4962
f 4962//4962 4842//4842 4836//4836
f 4962//4962 4836//4836 4959//4959
f 4846//4846 4963//4963 4960//4960
f 4846//4846 4960//4960 4840//4840
f 4960//4960 4964//4964 4961//4961
f 4960//4960 4963//4963 4964//4964
f 4961//4961 4965//4965 4962//4962
f 4961//4961 4964//4964 4965//4965
f 4965//4965 4848//4848 4842//4842
f 4965//4965 4842//4842 4962//4962
f 4852//4852 4966//4966 4963//4963
f 4852//4852 4963//4963 4846//4846
f 4963//4963 4967//4967 4964//4964
f 4963//4963 4966//4966 4967//4967
f 4964//4964 4968//4968 4965//4965
f 4964//4964 4967//4967 4968//4968
f 4969//4969 4853//4853 4848//4848
f 4965//4965 4969//4969 4848//4848
f 4968//4968 4969//4969 4965//4965
f 4969//4969 4855//4855 4853//4853
f 4858//4858 4970//4970 4966//4966
f 4858//4858 4966//4966 4852//4852
f 4966//4966 4971//4971 4967//4967
f 4966//4966 4970//4970 4971//4971
f 4967//4967 4972//4972 4968//4968
f 4967//4967 4971//4971 4972//4972
f 4968//4968 4973//4973 4969//4969
f 4968//4968 4972//4972 4973//4973
f 4973//4973 4860//4860 4855//4855
f 4973//4973 4855//4855 4969//4969
f 4862//4862 4974//4974 4863//4863
f 4970//4970 4858//4858 4863//4863
f 4974//4974 4970//4970 4863//4863
f 4975//4975 4970//4970 4974//4974
f 4970//4970 4976//4976 4971//4971
f 4970//4970 4975//4975 4976//4976
f 4971//4971 4977//4977 4972//4972
f 4971//4971 4976//4976 4977//4977
f 4972//4972 4978//4978 4973//4973
f 4972//4972 4977//4977 4978//4978
f 4978//4978 4865//4865 4860//4860
f 4978//4978 4860//4860 4973//4973
f 4867//4867 4979//4979 4974//4974
f 4867//4867 4974//4974 4862//4862
f 4974//4974 4980//4980 4975//4975
f 4974//4974 4979//4979 4980//4980
f 4975//4975 4981//4981 4976//4976
f 4975//4975 4980//4980 4981//4981
f 4976//4976 4982//4982 4977//4977
f 4976//4976 4981//4981 4982//4982
f 4977//4977 4983//4983 4978//4978
f 4977//4977 4982//4982 4983//4983
f 4983//4983 4869//4869 4865//4865
f 4983//4983 4865//4865 4978//4978
f 4871//4871 4984//4984 4979//4979
f 4871//4871 4979//4979 4867//4867
f 4979//4979 4985//4985 4980//4980
f 4979//4979 4984//4984 4985//4985
f 4980//4980 4986//4986 4981//4981
f 4980//4980 4985//4985 4986//4986
f 4981//4981 4987//4987 4982//4982
f 4981//4981 4986//4986 4987//4987
f 4982//4982 4988//4988 4983//4983
f 4982//4982 4987//4987 4988//4988
f 4988//4988 4873//4873 4869//4869
f 4988//4988 4869//4869 4983//4983
f 4875//4875 4989//4989 4984//4984
f 4875//4875 4984//4984 4871//4871
f 4984//4984 4990//4990 4985//4985
f 4984//4984 4989//4989 4990//4990
f 4985//4985 4991//4991 4986//4986
f 4985//4985 4990//4990 4991//4991
f 4986//4986 4992//4992 4987//4987
f 4986//4986 4991//4991 4992//4992
f 4987//4987 4993//4993 4988//4988
f 4987//4987 4992//4992 4993//4993
f 4993//4993 4877//4877 4873//4873
f 4993//4993 4873//4873 4988//4988
f 4879//4879 4994//4994 4989//4989
f 4879//4879 4989//4989 4875//4875
f 4989//4989 4995//4995 4990//4990
f 4989//4989 4994//4994 4995//4995
f 4990//4990 4996//4996 4991//4991
f 4990//4990 4995//4995 4996//4996
f 4991//4991 4997//4997 4992//4992
f 4991//4991 4996//4996 4997//4997
f 4992//4992 4998//4998 4993//4993
f 4992//4992 4997//4997 4998//4998
f 4998//4998 4881//4881 4877//4877
f 4998//4998 4877//4877 4993//4993
f 4883//4883 4999//4999 4994//4994
f 4883//4883 4994//4994 4879//4879
f 4994//4994 5000//5000 4995//4995
f 4994//4994 4999//4999 5000//5000
f 4995//4995 5001//5001 4996//4996
f 4995//4995 5000//5000 5001//5001
f 4996//4996 5002//5002 4997//4997
f 4996//4996 5001//5001 5002//5002
f 4997//4997 5003//5003 4998//4998
f 4997//4997 5002//5002 5003//5003
f 5003//5003 4885//4885 4881//4881
f 5003//5003 4881//4881 4998//4998
f 4887//4887 5004//5004 4999//4999
f 4887//4887 4999//4999 4883//4883
f 4999//4999 5005//5005 5000//5000
f 4999//4999 5004//5004 5005//5005
f 5000//5000 5006//5006 5001//5001
f 5000//5000 5005//5005 5006//5006
f 5001//5001 5007//5007 5002//5002
f 5001//5001 5006//5006 5007//5007
f 5002//5002 5008//5008 5003//5003
f 5002//5002 5007//5007 5008//5008
f 5008//5008 4889//4889 4885//4885
f 5008//5008 4885//4885 5003//5003
f 4892//4892 5009//5009 5004//5004
f 4892//4892 5004//5004 4887//4887
f 5004//5004 5010//5010 5005//5005
f 5004//5004 5009//5009 5010//5010
f 5005//5005 5011//5011 5006//5006
f 5005//5005 5010//5010 5011//5011
f 5006//5006 5012//5012 5007//5007
f 5006//5006 5011//5011 5012//5012
f 5007//5007 5013//5013 5008//5008
f 5007//5007 5012//5012 5013//5013
f 5014//5014 4893//4893 4889//4889
f 5008//5008 5014//5014 4889//4889
f 5013//5013 5014//5014 5008//5008
f 5014//5014 4895//4895 4893//4893
f 4897//4897 5015//5015 4898//4898
f 5009//5009 4892//4892 4898//4898
f 5015//5015 5009//5009 4898//4898
f 5016//5016 5009//5009 5015//5015
f 5009//5009 5017//5017 5010//5010
f 5009//5009 5016//5016 5017//5017
f 5019//5019 5011//5011 5018//5018
f 5011//5011 5017//5017 5018//5018
f 5011//5011 5010//5010 5017//5017
f 5021//5021 5020//5020 5019//5019
f 5020//5020 5011//5011 5019//5019
f 5020//5020 5012//5012 5011//5011
f 5012//5012 5022//5022 5013//5013
f 5012//5012 5020//5020 5022//5022
f 5013//5013 5023//5023 5014//5014
f 5013//5013 5022//5022 5023//5023
f 5023//5023 4900//4900 4895//4895
f 5023//5023 4895//4895 5014//5014
f 4902//4902 5024//5024 5015//5015
f 4902//4902 5015//5015 4897//4897
f 5015//5015 5025//5025 5016//5016
f 5015//5015 5024//5024 5025//5025
f 5027//5027 5017//5017 5026//5026
f 5017//5017 5025//5025 5026//5026
f 5017//5017 5016//5016 5025//5025
f 5017//5017 5027//5027 5018//5018
f 5021//5021 5028//5028 5020//5020
f 5030//5030 5029//5029 5028//5028
f 5029//5029 5020//5020 5028//5028
f 5029//5029 5022//5022 5020//5020
f 5022//5022 5031//5031 5023//5023
f 5022//5022 5029//5029 5031//5031
f 5031//5031 4904//4904 4900//4900
f 5031//5031 4900//4900 5023//5023
f 4906//4906 5032//5032 5024//5024
f 4906//4906 5024//5024 4902//4902
f 5024//5024 5033//5033 5025//5025
f 5024//5024 5032//5032 5033//5033
f 5026//5026 5025//5025 5034//5034
f 5034//5034 5025//5025 5033//5033
f 5029//5029 5030//5030 5035//5035
f 5035//5035 5030//5030 5036//5036
f 5029//5029 5037//5037 5031//5031
f 5029//5029 5035//5035 5037//5037
f 5037//5037 4908//4908 4904//4904
f 5037//5037 4904//4904 5031//5031
f 4910//4910 5038//5038 5032//5032
f 4910//4910 5032//5032 4906//4906
f 5032//5032 5039//5039 5033//5033
f 5032//5032 5038//5038 5039//5039
f 5034//5034 5033//5033 5040//5040
f 5040//5040 5033//5033 5039//5039
f 5035//5035 5036//5036 5041//5041
f 5041//5041 5036//5036 5042//5042
f 5035//5035 5043//5043 5037//5037
f 5035//5035 5041//5041 5043//5043
f 5043//5043 4912//4912 4908//4908
f 5043//5043 4908//4908 5037//5037
f 4914//4914 5044//5044 5038//5038
f 4914//4914 5038//5038 4910//4910
f 5038//5038 5045//5045 5039//5039
f 5038//5038 5044//5044 5045//5045
f 5040//5040 5039//5039 5046//5046
f 5046//5046 5039//5039 5045//5045
f 5041//5041 5042//5042 5047//5047
f 5047//5047 5042//5042 5048//5048
f 5041//5041 5049//5049 5043//5043
f 5041//5041 5047//5047 5049//5049
f 5049//5049 4916//4916 4912//4912
f 5049//5049 4912//4912 5043//5043
f 4918//4918 5050//5050 5044//5044
f 4918//4918 5044//5044 4914//4914
f 5044//5044 5051//5051 5045//5045
f 5044//5044 5050//5050 5051//5051
f 5046//5046 5045//5045 5052//5052
f 5052//5052 5045//5045 5051//5051
f 5048//5048 5053//5053 5047//5047
f 5055//5055 5054//5054 5053//5053
f 5054//5054 5047//5047 5053//5053
f 5054//5054 5049//5049 5047//5047
f 5054//5054 4920//4920 4916//4916
f 5054//5054 4916//4916 5049//5049
f 4922//4922 5056//5056 5050//5050
f 4922//4922 5050//5050 4918//4918
f 5050//5050 5057//5057 5051//5051
f 5050//5050 5056//5056 5057//5057
f 5052//5052 5051//5051 5058//5058
f 5058//5058 5051//5051 5057//5057
f 5061//5061 5060//5060 5059//5059
f 5061//5061 5059//5059 5055//5055
f 5059//5059 5054//5054 5055//5055
f 5059//5059 5062//5062 5054//5054
f 5062//5062 4924//4924 4920//4920
f 5062//5062 4920//4920 5054//5054
f 4925//4925 5056//5056 4922//4922
f 5056//5056 4925//4925 4927//4927
f 5063//5063 5056//5056 4927//4927
f 5057//5057 5056//5056 5063//5063
f 5058//5058 5057//5057 5064//5064
f 5057//5057 5065//5065 5064//5064
f 5057//5057 5063//5063 5065//5065
f 5067//5067 5066//5066 5065//5065
f 5065//5065 5066//5066 5064//5064
f 5069//5069 5068//5068 5067//5067
f 5067//5067 5068//5068 5066//5066
f 5068//5068 5069//5069 5060//5060
f 5069//5069 5059//5059 5060//5060
f 5069//5069 5070//5070 5059//5059
f 5070//5070 4929//4929 4930//4930
f 5062//5062 5070//5070 4930//4930
f 5059//5059 5070//5070 5062//5062
f 5062//5062 4930//4930 4924//4924
f 4932//4932 5063//5063 4927//4927
f 5063//5063 4932//4932 4934//4934
f 5063//5063 4934//4934 5065//5065
f 5065//5065 4934//4934 4936//4936
f 5065//5065 4936//4936 5067//5067
f 5067//5067 4936//4936 4938//4938
f 5067//5067 4938//4938 5069//5069
f 5069//5069 4938//4938 4940//4940
f 5069//5069 4940//4940 5070//5070
f 5070//5070 4940//4940 4929//4929
f 5018//5018 5071//5071 5019//5019
f 5071//5071 5021//5021 5019//5019
f 5026//5026 5072//5072 5027//5027
f 5071//5071 5018//5018 5027//5027
f 5072//5072 5071//5071 5027//5027
f 5073//5073 5071//5071 5072//5072
f 5074//5074 5028//5028 5021//5021
f 5071//5071 5074//5074 5021//5021
f 5073//5073 5074//5074 5071//5071
f 5074//5074 5030//5030 5028//5028
f 5034//5034 5075//5075 5072//5072
f 5034//5034 5072//5072 5026//5026
f 5072//5072 5076//5076 5073//5073
f 5072//5072 5075//5075 5076//5076
f 5073//5073 5077//5077 5074//5074
f 5073//5073 5076//5076 5077//5077
f 5077//5077 5036//5036 5030//5030
f 5077//5077 5030//5030 5074//5074
f 5040//5040 5078//5078 5075//5075
f 5040//5040 5075//5075 5034//5034
f 5075//5075 5079//5079 5076//5076
f 5075//5075 5078//5078 5079//5079
f 5076//5076 5080//5080 5077//5077
f 5076//5076 5079//5079 5080//5080
f 5080//5080 5042//5042 5036//5036
f 5080//5080 5036//5036 5077//5077
f 5046//5046 5081//5081 5078//5078
f 5046//5046 5078//5078 5040//5040
f 5078//5078 5082//5082 5079//5079
f 5078//5078 5081//5081 5082//5082
f 5079//5079 5083//5083 5080//5080
f 5079//5079 5082//5082 5083//5083
f 5083//5083 5048//5048 5042//5042
f 5083//5083 5042//5042 5080//5080
f 5052//5052 5084//5084 5081//5081
f 5052//5052 5081//5081 5046//5046
f 5081//5081 5085//5085 5082//5082
f 5081//5081 5084//5084 5085//5085
f 5082//5082 5086//5086 5083//5083
f 5082//5082 5085//5085 5086//5086
f 5087//5087 5053//5053 5048//5048
f 5083//5083 5087//5087 5048//5048
f 5086//5086 5087//5087 5083//5083
f 5087//5087 5055//5055 5053//5053
f 5058//5058 5088//5088 5084//5084
f 5058//5058 5084//5084 5052//5052
f 5084//5084 5089//5089 5085//5085
f 5084//5084 5088//5088 5089//5089
f 5085//5085 5090//5090 5086//5086
f 5085//5085 5089//5089 5090//5090
f 5090//5090 5060//5060 5061//5061
f 5087//5087 5090//5090 5061//5061
f 5086//5086 5090//5090 5087//5087
f 5087//5087 5061//5061 5055//5055
f 5064//5064 5088//5088 5058//5058
f 5088//5088 5064//5064 5066//5066
f 5088//5088 5066//5066 5089//5089
f 5089//5089 5066//5066 5068//5068
f 5089//5089 5068//5068 5090//5090
f 5090//5090 5068//5068 5060//5060
