# M5 joined static surface: LeftJoinedArmHand; Y up; metres; front -Z
v -0.2006478 0.7840000 -0.0100000
v -0.2000000 0.7811145 -0.0100000
v -0.2000000 0.7840000 -0.0115192
v -0.2013176 0.7840000 -0.0040000
v -0.2000000 0.7780352 -0.0040000
v -0.2000000 0.7840000 0.0018624
v -0.2017532 0.7900000 -0.0100000
v -0.2000000 0.7900000 -0.0140058
v -0.2024236 0.7900000 -0.0040000
v -0.2000000 0.7841848 0.0020000
v -0.2011172 0.7900000 0.0020000
v -0.2000000 0.7900000 0.0041001
v -0.2002566 0.7960000 -0.0160000
v -0.2000000 0.7947335 -0.0160000
v -0.2000000 0.7960000 -0.0163842
v -0.2028158 0.7960000 -0.0100000
v -0.2035769 0.7960000 -0.0040000
v -0.2024821 0.7960000 0.0020000
v -0.2000000 0.7960000 0.0069877
v -0.2007491 0.8020000 -0.0160000
v -0.2000000 0.8020000 -0.0171159
v -0.2032485 0.8020000 -0.0100000
v -0.2040494 0.8020000 -0.0040000
v -0.2032502 0.8020000 0.0020000
v -0.2000000 0.7981277 0.0080000
v -0.2008671 0.8020000 0.0080000
v -0.2000000 0.8020000 0.0094320
v -0.2004996 0.8080000 -0.0160000
v -0.2000000 0.8080000 -0.0167440
v -0.2030234 0.8080000 -0.0100000
v -0.2038370 0.8080000 -0.0040000
v -0.2031073 0.8080000 0.0020000
v -0.2008702 0.8080000 0.0080000
v -0.2000000 0.8080000 0.0094802
v -0.2000000 0.8128620 -0.0160000
v -0.2000000 0.8140000 -0.0157487
v -0.2024541 0.8140000 -0.0100000
v -0.2032973 0.8140000 -0.0040000
v -0.2025861 0.8140000 0.0020000
v -0.2003669 0.8140000 0.0080000
v -0.2000000 0.8140000 0.0086327
v -0.2015975 0.8200000 -0.0100000
v -0.2000000 0.8200000 -0.0137636
v -0.2024881 0.8200000 -0.0040000
v -0.2018063 0.8200000 0.0020000
v -0.2000000 0.8200000 0.0069983
v -0.2000000 0.8169216 0.0080000
v -0.2004544 0.8260000 -0.0100000
v -0.2000000 0.8260000 -0.0110798
v -0.2014113 0.8260000 -0.0040000
v -0.2007817 0.8260000 0.0020000
v -0.2000000 0.8260000 0.0042783
v -0.2000000 0.8279442 -0.0100000
v -0.2000000 0.8320000 -0.0044544
v -0.2000763 0.8320000 -0.0040000
v -0.2000000 0.8320000 -0.0031508
v -0.2000000 0.8297600 0.0020000
v -0.2000000 0.8322991 -0.0040000
v -0.1948231 0.7660000 -0.0100000
v -0.1940000 0.7645321 -0.0100000
v -0.1940000 0.7660000 -0.0115344
v -0.1956852 0.7660000 -0.0040000
v -0.1940000 0.7629640 -0.0040000
v -0.1940000 0.7660000 0.0018284
v -0.1941074 0.7720000 -0.0160000
v -0.1940000 0.7717663 -0.0160000
v -0.1940000 0.7720000 -0.0161224
v -0.1974149 0.7720000 -0.0100000
v -0.1981881 0.7720000 -0.0040000
v -0.1940000 0.7661160 0.0020000
v -0.1966165 0.7720000 0.0020000
v -0.1940000 0.7720000 0.0059247
v -0.1962218 0.7780000 -0.0160000
v -0.1940000 0.7780000 -0.0184861
v -0.1992959 0.7780000 -0.0100000
v -0.1999923 0.7780000 -0.0040000
v -0.1985649 0.7780000 0.0020000
v -0.1940000 0.7764205 0.0080000
v -0.1945710 0.7780000 0.0080000
v -0.1940000 0.7780000 0.0085732
v -0.1977581 0.7840000 -0.0160000
v -0.1940000 0.7840000 -0.0201485
v -0.1999667 0.7840000 0.0020000
v -0.1961809 0.7840000 0.0080000
v -0.1940000 0.7840000 0.0101640
v -0.1989972 0.7900000 -0.0160000
v -0.1940000 0.7900000 -0.0214672
v -0.1975386 0.7900000 0.0080000
v -0.1940000 0.7900000 0.0114918
v -0.1950125 0.7960000 -0.0220000
v -0.1940000 0.7922771 -0.0220000
v -0.1940000 0.7960000 -0.0228522
v -0.1993663 0.7960000 0.0080000
v -0.1940000 0.7960000 0.0134405
v -0.1957719 0.8020000 -0.0220000
v -0.1940000 0.8020000 -0.0235205
v -0.1961482 0.8020000 0.0140000
v -0.1940000 0.7972718 0.0140000
v -0.1940000 0.8020000 0.0161018
v -0.1954983 0.8080000 -0.0220000
v -0.1940000 0.8080000 -0.0232962
v -0.1967162 0.8080000 0.0140000
v -0.1940000 0.8080000 0.0167894
v -0.1947583 0.8140000 -0.0220000
v -0.1940000 0.8140000 -0.0226604
v -0.1998729 0.8140000 -0.0160000
v -0.1962663 0.8140000 0.0140000
v -0.1940000 0.8140000 0.0163613
v -0.1940000 0.8181686 -0.0220000
v -0.1940000 0.8200000 -0.0216691
v -0.1988826 0.8200000 -0.0160000
v -0.1995905 0.8200000 0.0080000
v -0.1954935 0.8200000 0.0140000
v -0.1940000 0.8200000 0.0155862
v -0.1975747 0.8260000 -0.0160000
v -0.1940000 0.8260000 -0.0202183
v -0.1985712 0.8260000 0.0080000
v -0.1945254 0.8260000 0.0140000
v -0.1940000 0.8260000 0.0145738
v -0.1959620 0.8320000 -0.0160000
v -0.1940000 0.8320000 -0.0183652
v -0.1990100 0.8320000 -0.0100000
v -0.1995217 0.8320000 0.0020000
v -0.1973607 0.8320000 0.0080000
v -0.1940000 0.8320000 0.0131767
v -0.1940000 0.8288009 0.0140000
v -0.1940898 0.8380000 -0.0160000
v -0.1940000 0.8380000 -0.0161112
v -0.1972906 0.8380000 -0.0100000
v -0.1985058 0.8380000 -0.0040000
v -0.1980587 0.8380000 0.0020000
v -0.1960112 0.8380000 0.0080000
v -0.1940000 0.8380000 0.0113069
v -0.1940000 0.8382694 -0.0160000
v -0.1940000 0.8440000 -0.0126839
v -0.1954012 0.8440000 -0.0100000
v -0.1967840 0.8440000 -0.0040000
v -0.1964996 0.8440000 0.0020000
v -0.1946179 0.8440000 0.0080000
v -0.1940000 0.8440000 0.0090974
v -0.1940000 0.8485357 -0.0100000
v -0.1940000 0.8500000 -0.0083283
v -0.1951065 0.8500000 -0.0040000
v -0.1950200 0.8500000 0.0020000
v -0.1940000 0.8500000 0.0056954
v -0.1940000 0.8468615 0.0080000
v -0.1940000 0.8547310 -0.0040000
v -0.1940000 0.8550414 0.0020000
v -0.1910781 0.7600000 -0.0100000
v -0.1880000 0.7564800 -0.0100000
v -0.1880000 0.7600000 -0.0141582
v -0.1921625 0.7600000 -0.0040000
v -0.1880000 0.7551560 -0.0040000
v -0.1899428 0.7600000 0.0020000
v -0.1880000 0.7578116 0.0020000
v -0.1880000 0.7600000 0.0041909
v -0.1908285 0.7660000 -0.0160000
v -0.1880000 0.7621415 -0.0160000
v -0.1880000 0.7660000 -0.0183545
v -0.1939421 0.7660000 0.0020000
v -0.1880000 0.7652820 0.0080000
v -0.1885406 0.7660000 0.0080000
v -0.1880000 0.7660000 0.0084033
v -0.1880000 0.7720000 -0.0209796
v -0.1920690 0.7720000 0.0080000
v -0.1880000 0.7720000 0.0109713
v -0.1893292 0.7780000 -0.0220000
v -0.1880000 0.7752723 -0.0220000
v -0.1880000 0.7780000 -0.0227939
v -0.1880000 0.7780000 0.0127888
v -0.1914907 0.7840000 -0.0220000
v -0.1880000 0.7840000 -0.0240716
v -0.1880000 0.7836649 0.0140000
v -0.1881278 0.7840000 0.0140000
v -0.1880000 0.7840000 0.0140704
v -0.1932660 0.7900000 -0.0220000
v -0.1880000 0.7900000 -0.0251449
v -0.1900747 0.7900000 0.0140000
v -0.1880000 0.7900000 0.0151593
v -0.1880000 0.7960000 -0.0263632
v -0.1931171 0.7960000 0.0140000
v -0.1880000 0.7960000 0.0169225
v -0.1880000 0.8020000 -0.0270347
v -0.1880000 0.8020000 0.0198713
v -0.1880000 0.8080000 -0.0268834
v -0.1880000 0.8025414 0.0200000
v -0.1895760 0.8080000 0.0200000
v -0.1880000 0.8080000 0.0209591
v -0.1880000 0.8140000 -0.0263584
v -0.1891711 0.8140000 0.0200000
v -0.1880000 0.8140000 0.0207342
v -0.1935884 0.8200000 -0.0220000
v -0.1880000 0.8200000 -0.0255644
v -0.1883126 0.8200000 0.0200000
v -0.1880000 0.8200000 0.0202002
v -0.1918447 0.8260000 -0.0220000
v -0.1880000 0.8260000 -0.0245031
v -0.1880000 0.8260000 0.0194923
v -0.1880000 0.8217960 0.0200000
v -0.1897569 0.8320000 -0.0220000
v -0.1880000 0.8320000 -0.0231743
v -0.1933247 0.8320000 0.0140000
v -0.1880000 0.8320000 0.0186312
v -0.1880000 0.8365076 -0.0220000
v -0.1880000 0.8380000 -0.0215640
v -0.1919754 0.8380000 0.0140000
v -0.1880000 0.8380000 0.0176530
v -0.1918069 0.8440000 -0.0160000
v -0.1880000 0.8440000 -0.0196177
v -0.1906672 0.8440000 0.0140000
v -0.1880000 0.8440000 0.0166126
v -0.1896090 0.8500000 -0.0160000
v -0.1880000 0.8500000 -0.0175980
v -0.1935160 0.8500000 -0.0100000
v -0.1933134 0.8500000 0.0080000
v -0.1895482 0.8500000 0.0140000
v -0.1880000 0.8500000 0.0156232
v -0.1880000 0.8553799 -0.0160000
v -0.1880000 0.8560000 -0.0157721
v -0.1918837 0.8560000 -0.0100000
v -0.1937091 0.8560000 -0.0040000
v -0.1938134 0.8560000 0.0020000
v -0.1922834 0.8560000 0.0080000
v -0.1887255 0.8560000 0.0140000
v -0.1880000 0.8560000 0.0148127
v -0.1908188 0.8620000 -0.0100000
v -0.1880000 0.8620000 -0.0142807
v -0.1927765 0.8620000 -0.0040000
v -0.1930065 0.8620000 0.0020000
v -0.1915822 0.8620000 0.0080000
v -0.1881704 0.8620000 0.0140000
v -0.1880000 0.8620000 0.0142014
v -0.1901863 0.8680000 -0.0100000
v -0.1880000 0.8680000 -0.0134065
v -0.1921807 0.8680000 -0.0040000
v -0.1924476 0.8680000 0.0020000
v -0.1910514 0.8680000 0.0080000
v -0.1880000 0.8680000 0.0135255
v -0.1880000 0.8641664 0.0140000
v -0.1896791 0.8740000 -0.0100000
v -0.1880000 0.8740000 -0.0126887
v -0.1916658 0.8740000 -0.0040000
v -0.1919364 0.8740000 0.0020000
v -0.1905488 0.8740000 0.0080000
v -0.1880000 0.8740000 0.0127476
v -0.1891826 0.8800000 -0.0100000
v -0.1880000 0.8800000 -0.0119462
v -0.1911536 0.8800000 -0.0040000
v -0.1914233 0.8800000 0.0020000
v -0.1900441 0.8800000 0.0080000
v -0.1880000 0.8800000 0.0119148
v -0.1886841 0.8860000 -0.0100000
v -0.1880000 0.8860000 -0.0111571
v -0.1906375 0.8860000 -0.0040000
v -0.1909058 0.8860000 0.0020000
v -0.1895365 0.8860000 0.0080000
v -0.1880000 0.8860000 0.0110258
v -0.1881843 0.8920000 -0.0100000
v -0.1880000 0.8920000 -0.0103204
v -0.1901186 0.8920000 -0.0040000
v -0.1903852 0.8920000 0.0020000
v -0.1890271 0.8920000 0.0080000
v -0.1880000 0.8920000 0.0100797
v -0.1880000 0.8942046 -0.0100000
v -0.1880000 0.8980000 -0.0090686
v -0.1895983 0.8980000 -0.0040000
v -0.1898630 0.8980000 0.0020000
v -0.1885170 0.8980000 0.0080000
v -0.1880000 0.8980000 0.0090764
v -0.1890780 0.9040000 -0.0040000
v -0.1880000 0.9040000 -0.0075183
v -0.1893405 0.9040000 0.0020000
v -0.1880076 0.9040000 0.0080000
v -0.1880000 0.9040000 0.0080163
v -0.1885592 0.9100000 -0.0040000
v -0.1880000 0.9100000 -0.0058772
v -0.1888193 0.9100000 0.0020000
v -0.1880000 0.9100000 0.0057956
v -0.1880000 0.9040897 0.0080000
v -0.1880431 0.9160000 -0.0040000
v -0.1880000 0.9160000 -0.0041487
v -0.1883008 0.9160000 0.0020000
v -0.1880000 0.9160000 0.0034337
v -0.1880000 0.9165045 -0.0040000
v -0.1880000 0.9195079 0.0020000
v -0.1847822 0.7540000 -0.0100000
v -0.1820000 0.7523024 -0.0100000
v -0.1820000 0.7540000 -0.0124469
v -0.1865590 0.7540000 -0.0040000
v -0.1820000 0.7511423 -0.0040000
v -0.1828928 0.7540000 0.0020000
v -0.1820000 0.7534669 0.0020000
v -0.1820000 0.7540000 0.0026531
v -0.1856667 0.7600000 -0.0160000
v -0.1820000 0.7573578 -0.0160000
v -0.1820000 0.7600000 -0.0179514
v -0.1820000 0.7600000 0.0079683
v -0.1820000 0.7660000 -0.0211201
v -0.1820000 0.7600518 0.0080000
v -0.1820000 0.7660000 0.0111298
v -0.1855587 0.7720000 -0.0220000
v -0.1820000 0.7683660 -0.0220000
v -0.1820000 0.7720000 -0.0233193
v -0.1820000 0.7720000 0.0133212
v -0.1820000 0.7780000 -0.0249200
v -0.1820000 0.7745865 0.0140000
v -0.1846931 0.7780000 0.0140000
v -0.1820000 0.7780000 0.0149008
v -0.1820000 0.7840000 -0.0260722
v -0.1820000 0.7840000 0.0160613
v -0.1820000 0.7900000 -0.0270251
v -0.1820000 0.7900000 0.0170772
v -0.1826088 0.7960000 -0.0280000
v -0.1820000 0.7951701 -0.0280000
v -0.1820000 0.7960000 -0.0281745
v -0.1820000 0.7960000 0.0186782
v -0.1850293 0.8020000 -0.0280000
v -0.1820000 0.8020000 -0.0289118
v -0.1820000 0.7988776 0.0200000
v -0.1875987 0.8020000 0.0200000
v -0.1820000 0.8020000 0.0216848
v -0.1846663 0.8080000 -0.0280000
v -0.1820000 0.8080000 -0.0288412
v -0.1820000 0.8080000 0.0231142
v -0.1831986 0.8140000 -0.0280000
v -0.1820000 0.8140000 -0.0283880
v -0.1820000 0.8140000 0.0230577
v -0.1820000 0.8173294 -0.0280000
v -0.1820000 0.8200000 -0.0276922
v -0.1820000 0.8200000 0.0226607
v -0.1820000 0.8260000 -0.0267765
v -0.1869847 0.8260000 0.0200000
v -0.1820000 0.8260000 0.0221489
v -0.1820000 0.8320000 -0.0256405
v -0.1854436 0.8320000 0.0200000
v -0.1820000 0.8320000 0.0215652
v -0.1871764 0.8380000 -0.0220000
v -0.1820000 0.8380000 -0.0243136
v -0.1839581 0.8380000 0.0200000
v -0.1820000 0.8380000 0.0209474
v -0.1838342 0.8440000 -0.0220000
v -0.1820000 0.8440000 -0.0228680
v -0.1826755 0.8440000 0.0200000
v -0.1820000 0.8440000 0.0203509
v -0.1820000 0.8476743 -0.0220000
v -0.1820000 0.8500000 -0.0214087
v -0.1820000 0.8500000 0.0198449
v -0.1820000 0.8482444 0.0200000
v -0.1877790 0.8560000 -0.0160000
v -0.1820000 0.8560000 -0.0201407
v -0.1820000 0.8560000 0.0194783
v -0.1864118 0.8620000 -0.0160000
v -0.1820000 0.8620000 -0.0193318
v -0.1820000 0.8620000 0.0191953
v -0.1857041 0.8680000 -0.0160000
v -0.1820000 0.8680000 -0.0189081
v -0.1876503 0.8680000 0.0140000
v -0.1820000 0.8680000 0.0189101
v -0.1851903 0.8740000 -0.0160000
v -0.1820000 0.8740000 -0.0185947
v -0.1871154 0.8740000 0.0140000
v -0.1820000 0.8740000 0.0186039
v -0.1847021 0.8800000 -0.0160000
v -0.1820000 0.8800000 -0.0182756
v -0.1865877 0.8800000 0.0140000
v -0.1820000 0.8800000 0.0182747
v -0.1842199 0.8860000 -0.0160000
v -0.1820000 0.8860000 -0.0179352
v -0.1860667 0.8860000 0.0140000
v -0.1820000 0.8860000 0.0179215
v -0.1837433 0.8920000 -0.0160000
v -0.1820000 0.8920000 -0.0175723
v -0.1855526 0.8920000 0.0140000
v -0.1820000 0.8920000 0.0175435
v -0.1832723 0.8980000 -0.0160000
v -0.1820000 0.8980000 -0.0171864
v -0.1876579 0.8980000 -0.0100000
v -0.1850452 0.8980000 0.0140000
v -0.1820000 0.8980000 0.0171403
v -0.1828068 0.9040000 -0.0160000
v -0.1820000 0.9040000 -0.0167774
v -0.1871218 0.9040000 -0.0100000
v -0.1845447 0.9040000 0.0140000
v -0.1820000 0.9040000 0.0167113
v -0.1823470 0.9100000 -0.0160000
v -0.1820000 0.9100000 -0.0163452
v -0.1865929 0.9100000 -0.0100000
v -0.1874738 0.9100000 0.0080000
v -0.1840512 0.9100000 0.0140000
v -0.1820000 0.9100000 0.0162566
v -0.1820000 0.9145704 -0.0160000
v -0.1820000 0.9160000 -0.0158677
v -0.1860716 0.9160000 -0.0100000
v -0.1869464 0.9160000 0.0080000
v -0.1835650 0.9160000 0.0140000
v -0.1820000 0.9160000 0.0157763
v -0.1855586 0.9220000 -0.0100000
v -0.1820000 0.9220000 -0.0152886
v -0.1875228 0.9220000 -0.0040000
v -0.1877843 0.9220000 0.0020000
v -0.1864268 0.9220000 0.0080000
v -0.1830864 0.9220000 0.0140000
v -0.1820000 0.9220000 0.0152710
v -0.1850544 0.9280000 -0.0100000
v -0.1820000 0.9280000 -0.0146766
v -0.1870086 0.9280000 -0.0040000
v -0.1872708 0.9280000 0.0020000
v -0.1859155 0.9280000 0.0080000
v -0.1826156 0.9280000 0.0140000
v -0.1820000 0.9280000 0.0147416
v -0.1845597 0.9340000 -0.0100000
v -0.1820000 0.9340000 -0.0140334
v -0.1865027 0.9340000 -0.0040000
v -0.1867651 0.9340000 0.0020000
v -0.1854137 0.9340000 0.0080000
v -0.1821532 0.9340000 0.0140000
v -0.1820000 0.9340000 0.0141898
v -0.1840753 0.9400000 -0.0100000
v -0.1820000 0.9400000 -0.0133614
v -0.1860062 0.9400000 -0.0040000
v -0.1862684 0.9400000 0.0020000
v -0.1849220 0.9400000 0.0080000
v -0.1820000 0.9400000 0.0134995
v -0.1820000 0.9360132 0.0140000
v -0.1836019 0.9460000 -0.0100000
v -0.1820000 0.9460000 -0.0126636
v -0.1855204 0.9460000 -0.0040000
v -0.1857822 0.9460000 0.0020000
v -0.1844415 0.9460000 0.0080000
v -0.1820000 0.9460000 0.0127198
v -0.1831404 0.9520000 -0.0100000
v -0.1820000 0.9520000 -0.0119439
v -0.1850466 0.9520000 -0.0040000
v -0.1853078 0.9520000 0.0020000
v -0.1839732 0.9520000 0.0080000
v -0.1820000 0.9520000 0.0119122
v -0.1826927 0.9580000 -0.0100000
v -0.1820000 0.9580000 -0.0112084
v -0.1845869 0.9580000 -0.0040000
v -0.1848473 0.9580000 0.0020000
v -0.1835190 0.9580000 0.0080000
v -0.1820000 0.9580000 0.0110839
v -0.1822665 0.9640000 -0.0100000
v -0.1820000 0.9640000 -0.0104752
v -0.1841484 0.9640000 -0.0040000
v -0.1844079 0.9640000 0.0020000
v -0.1830864 0.9640000 0.0080000
v -0.1820000 0.9640000 0.0102553
v -0.1820000 0.9680907 -0.0100000
v -0.1820000 0.9700000 -0.0096283
v -0.1837434 0.9700000 -0.0040000
v -0.1840016 0.9700000 0.0020000
v -0.1826887 0.9700000 0.0080000
v -0.1820000 0.9700000 0.0094608
v -0.1833721 0.9760000 -0.0040000
v -0.1820000 0.9760000 -0.0085280
v -0.1836285 0.9760000 0.0020000
v -0.1823260 0.9760000 0.0080000
v -0.1820000 0.9760000 0.0087059
v -0.1830308 0.9820000 -0.0040000
v -0.1820000 0.9820000 -0.0074749
v -0.1832851 0.9820000 0.0020000
v -0.1820000 0.9820000 0.0079749
v -0.1820000 0.9818972 0.0080000
v -0.1827157 0.9880000 -0.0040000
v -0.1820000 0.9880000 -0.0064631
v -0.1829678 0.9880000 0.0020000
v -0.1820000 0.9880000 0.0065964
v -0.1824232 0.9940000 -0.0040000
v -0.1820000 0.9940000 -0.0054860
v -0.1826728 0.9940000 0.0020000
v -0.1820000 0.9940000 0.0052622
v -0.1821496 1.0000000 -0.0040000
v -0.1820000 1.0000000 -0.0045355
v -0.1823966 1.0000000 0.0020000
v -0.1820000 1.0000000 0.0039619
v -0.1820000 1.0034710 -0.0040000
v -0.1820000 1.0060000 -0.0013394
v -0.1821354 1.0060000 0.0020000
v -0.1820000 1.0060000 0.0026833
v -0.1820000 1.0092547 0.0020000
v -0.1760000 0.7510083 -0.0100000
v -0.1760000 0.7540000 -0.0141422
v -0.1760000 0.7498716 -0.0040000
v -0.1760000 0.7521582 0.0020000
v -0.1760000 0.7540000 0.0041854
v -0.1760000 0.7558668 -0.0160000
v -0.1760000 0.7600000 -0.0189767
v -0.1760000 0.7585480 0.0080000
v -0.1818279 0.7600000 0.0080000
v -0.1760000 0.7600000 0.0089681
v -0.1760000 0.7660000 -0.0219138
v -0.1760000 0.7660000 0.0119551
v -0.1760000 0.7662449 -0.0220000
v -0.1760000 0.7720000 -0.0240775
v -0.1760000 0.7719695 0.0140000
v -0.1760899 0.7720000 0.0140000
v -0.1760000 0.7720000 0.0140104
v -0.1760000 0.7780000 -0.0256738
v -0.1760000 0.7780000 0.0155618
v -0.1760000 0.7840000 -0.0268650
v -0.1760000 0.7840000 0.0166854
v -0.1760000 0.7900000 -0.0278663
v -0.1760000 0.7900000 0.0176642
v -0.1760000 0.7907290 -0.0280000
v -0.1760000 0.7960000 -0.0291338
v -0.1760000 0.7960000 0.0192063
v -0.1760000 0.8020000 -0.0299113
v -0.1760000 0.7978013 0.0200000
v -0.1760000 0.8020000 0.0223005
v -0.1760000 0.8080000 -0.0299103
v -0.1760000 0.8080000 0.0237991
v -0.1760000 0.8140000 -0.0294912
v -0.1760000 0.8140000 0.0238185
v -0.1802063 0.8200000 -0.0280000
v -0.1760000 0.8200000 -0.0287795
v -0.1760000 0.8200000 0.0235218
v -0.1760000 0.8248223 -0.0280000
v -0.1760000 0.8260000 -0.0278205
v -0.1760000 0.8260000 0.0231300
v -0.1760000 0.8320000 -0.0267031
v -0.1760000 0.8320000 0.0226920
v -0.1760000 0.8380000 -0.0254403
v -0.1760000 0.8380000 0.0222521
v -0.1760000 0.8440000 -0.0241392
v -0.1760000 0.8440000 0.0218683
v -0.1798270 0.8500000 -0.0220000
v -0.1760000 0.8500000 -0.0229386
v -0.1815291 0.8500000 0.0200000
v -0.1760000 0.8500000 0.0216059
v -0.1760414 0.8560000 -0.0220000
v -0.1760000 0.8560000 -0.0220116
v -0.1805872 0.8560000 0.0200000
v -0.1760000 0.8560000 0.0214779
v -0.1760000 0.8561313 -0.0220000
v -0.1760000 0.8620000 -0.0214971
v -0.1799981 0.8620000 0.0200000
v -0.1760000 0.8620000 0.0213898
v -0.1760000 0.8680000 -0.0213049
v -0.1794865 0.8680000 0.0200000
v -0.1760000 0.8680000 0.0212955
v -0.1760000 0.8740000 -0.0211883
v -0.1790041 0.8740000 0.0200000
v -0.1760000 0.8740000 0.0211888
v -0.1760000 0.8800000 -0.0210665
v -0.1785446 0.8800000 0.0200000
v -0.1760000 0.8800000 0.0210692
v -0.1760000 0.8860000 -0.0209309
v -0.1781043 0.8860000 0.0200000
v -0.1760000 0.8860000 0.0209363
v -0.1760000 0.8920000 -0.0207806
v -0.1776802 0.8920000 0.0200000
v -0.1760000 0.8920000 0.0207897
v -0.1760000 0.8980000 -0.0206153
v -0.1772700 0.8980000 0.0200000
v -0.1760000 0.8980000 0.0206291
v -0.1760000 0.9040000 -0.0204344
v -0.1768719 0.9040000 0.0200000
v -0.1760000 0.9040000 0.0204541
v -0.1760000 0.9100000 -0.0202374
v -0.1764840 0.9100000 0.0200000
v -0.1760000 0.9100000 0.0202646
v -0.1818618 0.9160000 -0.0160000
v -0.1760000 0.9160000 -0.0200243
v -0.1761053 0.9160000 0.0200000
v -0.1760000 0.9160000 0.0200603
v -0.1812949 0.9220000 -0.0160000
v -0.1760000 0.9220000 -0.0197946
v -0.1760000 0.9220000 0.0198316
v -0.1760000 0.9176636 0.0200000
v -0.1807525 0.9280000 -0.0160000
v -0.1760000 0.9280000 -0.0195486
v -0.1760000 0.9280000 0.0195819
v -0.1802326 0.9340000 -0.0160000
v -0.1760000 0.9340000 -0.0192863
v -0.1760000 0.9340000 0.0193145
v -0.1797334 0.9400000 -0.0160000
v -0.1760000 0.9400000 -0.0190082
v -0.1816422 0.9400000 0.0140000
v -0.1760000 0.9400000 0.0190298
v -0.1792534 0.9460000 -0.0160000
v -0.1760000 0.9460000 -0.0187150
v -0.1811228 0.9460000 0.0140000
v -0.1760000 0.9460000 0.0187285
v -0.1787916 0.9520000 -0.0160000
v -0.1760000 0.9520000 -0.0184078
v -0.1806253 0.9520000 0.0140000
v -0.1760000 0.9520000 0.0184115
v -0.1783485 0.9580000 -0.0160000
v -0.1760000 0.9580000 -0.0180892
v -0.1801497 0.9580000 0.0140000
v -0.1760000 0.9580000 0.0180815
v -0.1779339 0.9640000 -0.0160000
v -0.1760000 0.9640000 -0.0177711
v -0.1797047 0.9640000 0.0140000
v -0.1760000 0.9640000 0.0177508
v -0.1775674 0.9700000 -0.0160000
v -0.1760000 0.9700000 -0.0174758
v -0.1818652 0.9700000 -0.0100000
v -0.1793077 0.9700000 0.0140000
v -0.1760000 0.9700000 0.0174428
v -0.1772479 0.9760000 -0.0160000
v -0.1760000 0.9760000 -0.0172068
v -0.1814820 0.9760000 -0.0100000
v -0.1789571 0.9760000 0.0140000
v -0.1760000 0.9760000 0.0171610
v -0.1769687 0.9820000 -0.0160000
v -0.1760000 0.9820000 -0.0169611
v -0.1811367 0.9820000 -0.0100000
v -0.1819940 0.9820000 0.0080000
v -0.1786466 0.9820000 0.0140000
v -0.1760000 0.9820000 0.0169028
v -0.1767232 0.9880000 -0.0160000
v -0.1760000 0.9880000 -0.0167357
v -0.1808239 0.9880000 -0.0100000
v -0.1816735 0.9880000 0.0080000
v -0.1783700 0.9880000 0.0140000
v -0.1760000 0.9880000 0.0166648
v -0.1765056 0.9940000 -0.0160000
v -0.1760000 0.9940000 -0.0165268
v -0.1805383 0.9940000 -0.0100000
v -0.1813793 0.9940000 0.0080000
v -0.1781216 0.9940000 0.0140000
v -0.1760000 0.9940000 0.0164435
v -0.1763103 1.0000000 -0.0160000
v -0.1760000 1.0000000 -0.0163309
v -0.1802753 1.0000000 -0.0100000
v -0.1811069 1.0000000 0.0080000
v -0.1778960 1.0000000 0.0140000
v -0.1760000 1.0000000 0.0162352
v -0.1761319 1.0060000 -0.0160000
v -0.1760000 1.0060000 -0.0161439
v -0.1800300 1.0060000 -0.0100000
v -0.1818893 1.0060000 -0.0040000
v -0.1808520 1.0060000 0.0080000
v -0.1776881 1.0060000 0.0140000
v -0.1760000 1.0060000 0.0160357
v -0.1760000 1.0107516 -0.0160000
v -0.1760000 1.0120000 -0.0159532
v -0.1797982 1.0120000 -0.0100000
v -0.1816386 1.0120000 -0.0040000
v -0.1818848 1.0120000 0.0020000
v -0.1806101 1.0120000 0.0080000
v -0.1774931 1.0120000 0.0140000
v -0.1760000 1.0120000 0.0158407
v -0.1795754 1.0180000 -0.0100000
v -0.1760000 1.0180000 -0.0157292
v -0.1813963 1.0180000 -0.0040000
v -0.1816411 1.0180000 0.0020000
v -0.1803773 1.0180000 0.0080000
v -0.1773064 1.0180000 0.0140000
v -0.1760000 1.0180000 0.0156456
v -0.1793576 1.0240000 -0.0100000
v -0.1760000 1.0240000 -0.0154976
v -0.1811588 1.0240000 -0.0040000
v -0.1814019 1.0240000 0.0020000
v -0.1801495 1.0240000 0.0080000
v -0.1771235 1.0240000 0.0140000
v -0.1760000 1.0240000 0.0154454
v -0.1791405 1.0300000 -0.0100000
v -0.1760000 1.0300000 -0.0152522
v -0.1809223 1.0300000 -0.0040000
v -0.1811637 1.0300000 0.0020000
v -0.1799227 1.0300000 0.0080000
v -0.1769403 1.0300000 0.0140000
v -0.1760000 1.0300000 0.0152348
v -0.1789203 1.0360000 -0.0100000
v -0.1760000 1.0360000 -0.0149864
v -0.1806830 1.0360000 -0.0040000
v -0.1809226 1.0360000 0.0020000
v -0.1796930 1.0360000 0.0080000
v -0.1767524 1.0360000 0.0140000
v -0.1760000 1.0360000 0.0150082
v -0.1786929 1.0420001 -0.0100000
v -0.1760000 1.0420001 -0.0146930
v -0.1804373 1.0420001 -0.0040000
v -0.1806751 1.0420001 0.0020000
v -0.1794566 1.0420001 0.0080000
v -0.1765559 1.0420001 0.0140000
v -0.1760000 1.0420001 0.0147598
v -0.1784546 1.0480000 -0.0100000
v -0.1760000 1.0480000 -0.0143645
v -0.1801815 1.0480000 -0.0040000
v -0.1804176 1.0480000 0.0020000
v -0.1792097 1.0480000 0.0080000
v -0.1763467 1.0480000 0.0140000
v -0.1760000 1.0480000 0.0144832
v -0.1782015 1.0540000 -0.0100000
v -0.1760000 1.0540000 -0.0139928
v -0.1799119 1.0540000 -0.0040000
v -0.1801464 1.0540000 0.0020000
v -0.1789485 1.0540000 0.0080000
v -0.1761209 1.0540000 0.0140000
v -0.1760000 1.0540000 0.0141718
v -0.1779299 1.0600001 -0.0100000
v -0.1760000 1.0600001 -0.0135693
v -0.1796249 1.0600001 -0.0040000
v -0.1798580 1.0600001 0.0020000
v -0.1786694 1.0600001 0.0080000
v -0.1760000 1.0600001 0.0137551
v -0.1760000 1.0569383 0.0140000
v -0.1776360 1.0660000 -0.0100000
v -0.1760000 1.0660000 -0.0130849
v -0.1793170 1.0660000 -0.0040000
v -0.1795486 1.0660000 0.0020000
v -0.1783687 1.0660000 0.0080000
v -0.1760000 1.0660000 0.0132086
v -0.1773162 1.0720000 -0.0100000
v -0.1760000 1.0720000 -0.0125298
v -0.1789845 1.0720000 -0.0040000
v -0.1792149 1.0720000 0.0020000
v -0.1780426 1.0720000 0.0080000
v -0.1760000 1.0720000 0.0125803
v -0.1769679 1.0779999 -0.0100000
v -0.1760000 1.0779999 -0.0118960
v -0.1786247 1.0779999 -0.0040000
v -0.1788540 1.0779999 0.0020000
v -0.1776886 1.0779999 0.0080000
v -0.1760000 1.0779999 0.0118607
v -0.1765968 1.0840000 -0.0100000
v -0.1760000 1.0840000 -0.0111912
v -0.1782431 1.0840000 -0.0040000
v -0.1784714 1.0840000 0.0020000
v -0.1773123 1.0840000 0.0080000
v -0.1760000 1.0840000 0.0110584
v -0.1762203 1.0900000 -0.0100000
v -0.1760000 1.0900000 -0.0104480
v -0.1778562 1.0900000 -0.0040000
v -0.1780835 1.0900000 0.0020000
v -0.1769307 1.0900000 0.0080000
v -0.1760000 1.0900000 0.0102103
v -0.1760000 1.0934991 -0.0100000
v -0.1760000 1.0960000 -0.0094490
v -0.1774681 1.0960000 -0.0040000
v -0.1776943 1.0960000 0.0020000
v -0.1765481 1.0960000 0.0080000
v -0.1760000 1.0960000 0.0093261
v -0.1770791 1.1020000 -0.0040000
v -0.1760000 1.1020000 -0.0080824
v -0.1773041 1.1020000 0.0020000
v -0.1761647 1.1020000 0.0080000
v -0.1760000 1.1020000 0.0084058
v -0.1766889 1.1080000 -0.0040000
v -0.1760000 1.1080000 -0.0066557
v -0.1769128 1.1080000 0.0020000
v -0.1760000 1.1080000 0.0068718
v -0.1760000 1.1045675 0.0080000
v -0.1762975 1.1140000 -0.0040000
v -0.1760000 1.1140000 -0.0051682
v -0.1765201 1.1140000 0.0020000
v -0.1760000 1.1140000 0.0048289
v -0.1760000 1.1185437 -0.0040000
v -0.1760000 1.1200000 -0.0014278
v -0.1761260 1.1200000 0.0020000
v -0.1760000 1.1200000 0.0026983
v -0.1760000 1.1219112 0.0020000
v -0.1700000 0.7523024 -0.0100000
v -0.1700000 0.7540000 -0.0124470
v -0.1700000 0.7511423 -0.0040000
v -0.1700000 0.7534669 0.0020000
v -0.1700000 0.7540000 0.0026531
v -0.1700000 0.7573575 -0.0160000
v -0.1700000 0.7600000 -0.0179552
v -0.1701720 0.7600000 0.0080000
v -0.1700000 0.7600000 0.0079684
v -0.1700000 0.7660000 -0.0211560
v -0.1700000 0.7600518 0.0080000
v -0.1700000 0.7660000 0.0111298
v -0.1700000 0.7681836 -0.0220000
v -0.1700000 0.7720000 -0.0235374
v -0.1759101 0.7720000 0.0140000
v -0.1700000 0.7720000 0.0133212
v -0.1700000 0.7780000 -0.0255017
v -0.1700000 0.7745864 0.0140000
v -0.1700000 0.7780000 0.0149008
v -0.1700000 0.7840000 -0.0271394
v -0.1700000 0.7840000 0.0160613
v -0.1747957 0.7900000 -0.0280000
v -0.1700000 0.7875582 -0.0280000
v -0.1700000 0.7900000 -0.0286765
v -0.1700000 0.7900000 0.0170771
v -0.1700000 0.7960000 -0.0302121
v -0.1700000 0.7960000 0.0186727
v -0.1700000 0.8020000 -0.0310103
v -0.1700000 0.7989462 0.0200000
v -0.1700000 0.8020000 0.0215644
v -0.1700000 0.8080000 -0.0310813
v -0.1700000 0.8080000 0.0229906
v -0.1700000 0.8140000 -0.0306663
v -0.1700000 0.8140000 0.0230795
v -0.1700000 0.8200000 -0.0298331
v -0.1700000 0.8200000 0.0228588
v -0.1744556 0.8260000 -0.0280000
v -0.1700000 0.8260000 -0.0286126
v -0.1700000 0.8260000 0.0225488
v -0.1700000 0.8283972 -0.0280000
v -0.1700000 0.8320000 -0.0270964
v -0.1700000 0.8320000 0.0222032
v -0.1700000 0.8380000 -0.0254637
v -0.1700000 0.8380000 0.0218725
v -0.1700000 0.8440000 -0.0239432
v -0.1700000 0.8440000 0.0216203
v -0.1700000 0.8500000 -0.0227404
v -0.1700000 0.8500000 0.0215113
v -0.1700000 0.8558085 -0.0220000
v -0.1740306 0.8560000 -0.0220000
v -0.1700000 0.8560000 -0.0219765
v -0.1700000 0.8560000 0.0215374
v -0.1700000 0.8620000 -0.0216681
v -0.1700000 0.8620000 0.0215922
v -0.1700000 0.8680000 -0.0216473
v -0.1700000 0.8680000 0.0216400
v -0.1700000 0.8740000 -0.0216801
v -0.1700000 0.8740000 0.0216773
v -0.1700000 0.8800000 -0.0217069
v -0.1700000 0.8800000 0.0217043
v -0.1700000 0.8860000 -0.0217233
v -0.1700000 0.8860000 0.0217207
v -0.1700000 0.8920000 -0.0217291
v -0.1700000 0.8920000 0.0217265
v -0.1700000 0.8980000 -0.0217241
v -0.1700000 0.8980000 0.0217215
v -0.1700000 0.9040000 -0.0217083
v -0.1700000 0.9040000 0.0217056
v -0.1700000 0.9100000 -0.0216812
v -0.1700000 0.9100000 0.0216785
v -0.1700000 0.9160000 -0.0216427
v -0.1700000 0.9160000 0.0216399
v -0.1700000 0.9220000 -0.0215926
v -0.1754857 0.9220000 0.0200000
v -0.1700000 0.9220000 0.0215898
v -0.1700000 0.9280000 -0.0215306
v -0.1748393 0.9280000 0.0200000
v -0.1700000 0.9280000 0.0215280
v -0.1700000 0.9340000 -0.0214565
v -0.1742581 0.9340000 0.0200000
v -0.1700000 0.9340000 0.0214543
v -0.1700000 0.9400000 -0.0213704
v -0.1737285 0.9400000 0.0200000
v -0.1700000 0.9400000 0.0213688
v -0.1700000 0.9460000 -0.0212720
v -0.1732406 0.9460000 0.0200000
v -0.1700000 0.9460000 0.0212715
v -0.1700000 0.9520000 -0.0211616
v -0.1727870 0.9520000 0.0200000
v -0.1700000 0.9520000 0.0211625
v -0.1700000 0.9580000 -0.0210405
v -0.1723646 0.9580000 0.0200000
v -0.1700000 0.9580000 0.0210436
v -0.1700000 0.9640000 -0.0209190
v -0.1719889 0.9640000 0.0200000
v -0.1700000 0.9640000 0.0209248
v -0.1700000 0.9700000 -0.0208180
v -0.1716926 0.9700000 0.0200000
v -0.1700000 0.9700000 0.0208264
v -0.1700000 0.9760000 -0.0207400
v -0.1714691 0.9760000 0.0200000
v -0.1700000 0.9760000 0.0207510
v -0.1700000 0.9820000 -0.0206823
v -0.1713033 0.9820000 0.0200000
v -0.1700000 0.9820000 0.0206958
v -0.1700000 0.9880000 -0.0206418
v -0.1711822 0.9880000 0.0200000
v -0.1700000 0.9880000 0.0206576
v -0.1700000 0.9940000 -0.0206153
v -0.1710946 0.9940000 0.0200000
v -0.1700000 0.9940000 0.0206331
v -0.1700000 1.0000000 -0.0205993
v -0.1710312 1.0000000 0.0200000
v -0.1700000 1.0000000 0.0206190
v -0.1700000 1.0060000 -0.0205905
v -0.1709839 1.0060000 0.0200000
v -0.1700000 1.0060000 0.0206119
v -0.1759575 1.0120000 -0.0160000
v -0.1700000 1.0120000 -0.0205853
v -0.1709454 1.0120000 0.0200000
v -0.1700000 1.0120000 0.0206082
v -0.1757634 1.0180000 -0.0160000
v -0.1700000 1.0180000 -0.0205798
v -0.1709093 1.0180000 0.0200000
v -0.1700000 1.0180000 0.0206044
v -0.1755772 1.0240000 -0.0160000
v -0.1700000 1.0240000 -0.0205703
v -0.1708700 1.0240000 0.0200000
v -0.1700000 1.0240000 0.0205967
v -0.1753930 1.0300000 -0.0160000
v -0.1700000 1.0300000 -0.0205524
v -0.1708221 1.0300000 0.0200000
v -0.1700000 1.0300000 0.0205811
v -0.1752052 1.0360000 -0.0160000
v -0.1700000 1.0360000 -0.0205220
v -0.1707606 1.0360000 0.0200000
v -0.1700000 1.0360000 0.0205536
v -0.1750090 1.0420001 -0.0160000
v -0.1700000 1.0420001 -0.0204744
v -0.1706812 1.0420001 0.0200000
v -0.1700000 1.0420001 0.0205099
v -0.1747995 1.0480000 -0.0160000
v -0.1700000 1.0480000 -0.0204049
v -0.1705794 1.0480000 0.0200000
v -0.1700000 1.0480000 0.0204458
v -0.1745722 1.0540000 -0.0160000
v -0.1700000 1.0540000 -0.0203085
v -0.1704511 1.0540000 0.0200000
v -0.1700000 1.0540000 0.0203565
v -0.1743229 1.0600001 -0.0160000
v -0.1700000 1.0600001 -0.0201797
v -0.1758592 1.0600001 0.0140000
v -0.1702926 1.0600001 0.0200000
v -0.1700000 1.0600001 0.0202373
v -0.1740475 1.0660000 -0.0160000
v -0.1700000 1.0660000 -0.0200132
v -0.1755581 1.0660000 0.0140000
v -0.1700999 1.0660000 0.0200000
v -0.1700000 1.0660000 0.0200831
v -0.1737420 1.0720000 -0.0160000
v -0.1700000 1.0720000 -0.0198029
v -0.1752296 1.0720000 0.0140000
v -0.1700000 1.0720000 0.0198757
v -0.1700000 1.0685805 0.0200000
v -0.1734039 1.0779999 -0.0160000
v -0.1700000 1.0779999 -0.0195440
v -0.1748711 1.0779999 0.0140000
v -0.1700000 1.0779999 0.0196072
v -0.1730407 1.0840000 -0.0160000
v -0.1700000 1.0840000 -0.0192420
v -0.1744895 1.0840000 0.0140000
v -0.1700000 1.0840000 0.0192924
v -0.1726736 1.0900000 -0.0160000
v -0.1700000 1.0900000 -0.0189176
v -0.1741049 1.0900000 0.0140000
v -0.1700000 1.0900000 0.0189530
v -0.1723077 1.0960000 -0.0160000
v -0.1700000 1.0960000 -0.0185761
v -0.1758344 1.0960000 -0.0100000
v -0.1737220 1.0960000 0.0140000
v -0.1700000 1.0960000 0.0185946
v -0.1719429 1.1020000 -0.0160000
v -0.1700000 1.1020000 -0.0182175
v -0.1754373 1.1020000 -0.0100000
v -0.1733408 1.1020000 0.0140000
v -0.1700000 1.1020000 0.0182170
v -0.1715787 1.1080000 -0.0160000
v -0.1700000 1.1080000 -0.0178414
v -0.1750413 1.1080000 -0.0100000
v -0.1757727 1.1080000 0.0080000
v -0.1729607 1.1080000 0.0140000
v -0.1700000 1.1080000 0.0178197
v -0.1712147 1.1140000 -0.0160000
v -0.1700000 1.1140000 -0.0174473
v -0.1746460 1.1140000 -0.0100000
v -0.1753750 1.1140000 0.0080000
v -0.1725813 1.1140000 0.0140000
v -0.1700000 1.1140000 0.0174023
v -0.1708506 1.1200000 -0.0160000
v -0.1700000 1.1200000 -0.0170349
v -0.1742510 1.1200000 -0.0100000
v -0.1759036 1.1200000 -0.0040000
v -0.1749773 1.1200000 0.0080000
v -0.1722022 1.1200000 0.0140000
v -0.1700000 1.1200000 0.0169642
v -0.1704861 1.1260000 -0.0160000
v -0.1700000 1.1260000 -0.0166036
v -0.1738561 1.1260000 -0.0100000
v -0.1755050 1.1260000 -0.0040000
v -0.1757288 1.1260000 0.0020000
v -0.1745794 1.1260000 0.0080000
v -0.1718231 1.1260000 0.0140000
v -0.1700000 1.1260000 0.0165050
v -0.1701208 1.1320000 -0.0160000
v -0.1700000 1.1320000 -0.0161530
v -0.1734609 1.1320000 -0.0100000
v -0.1751053 1.1320000 -0.0040000
v -0.1753293 1.1320000 0.0020000
v -0.1741810 1.1320000 0.0080000
v -0.1714437 1.1320000 0.0140000
v -0.1700000 1.1320000 0.0160241
v -0.1700000 1.1339687 -0.0160000
v -0.1700000 1.1380000 -0.0155979
v -0.1730651 1.1380000 -0.0100000
v -0.1747042 1.1380000 -0.0040000
v -0.1749284 1.1380000 0.0020000
v -0.1737818 1.1380000 0.0080000
v -0.1710635 1.1380000 0.0140000
v -0.1700000 1.1380000 0.0155210
v -0.1726684 1.1440001 -0.0100000
v -0.1700000 1.1440001 -0.0149722
v -0.1743017 1.1440001 -0.0040000
v -0.1745257 1.1440001 0.0020000
v -0.1733816 1.1440001 0.0080000
v -0.1706825 1.1440001 0.0140000
v -0.1700000 1.1440001 0.0149953
v -0.1722707 1.1500000 -0.0100000
v -0.1700000 1.1500000 -0.0143153
v -0.1738975 1.1500000 -0.0040000
v -0.1741213 1.1500000 0.0020000
v -0.1729801 1.1500000 0.0080000
v -0.1703003 1.1500000 0.0140000
v -0.1700000 1.1500000 0.0144464
v -0.1718716 1.1560000 -0.0100000
v -0.1700000 1.1560000 -0.0136265
v -0.1734914 1.1560000 -0.0040000
v -0.1737149 1.1560000 0.0020000
v -0.1725772 1.1560000 0.0080000
v -0.1700000 1.1560000 0.0138276
v -0.1700000 1.1546903 0.0140000
v -0.1714710 1.1620001 -0.0100000
v -0.1700000 1.1620001 -0.0129051
v -0.1730835 1.1620001 -0.0040000
v -0.1733065 1.1620001 0.0020000
v -0.1721726 1.1620001 0.0080000
v -0.1700000 1.1620001 0.0130093
v -0.1710686 1.1680000 -0.0100000
v -0.1700000 1.1680000 -0.0121504
v -0.1726734 1.1680000 -0.0040000
v -0.1728958 1.1680000 0.0020000
v -0.1717662 1.1680000 0.0080000
v -0.1700000 1.1680000 0.0121510
v -0.1706643 1.1740000 -0.0100000
v -0.1700000 1.1740000 -0.0113616
v -0.1722610 1.1740000 -0.0040000
v -0.1724828 1.1740000 0.0020000
v -0.1713578 1.1740000 0.0080000
v -0.1700000 1.1740000 0.0112518
v -0.1702578 1.1799999 -0.0100000
v -0.1700000 1.1799999 -0.0105381
v -0.1718463 1.1799999 -0.0040000
v -0.1720673 1.1799999 0.0020000
v -0.1709472 1.1799999 0.0080000
v -0.1700000 1.1799999 0.0103108
v -0.1700000 1.1837807 -0.0100000
v -0.1700000 1.1860000 -0.0094539
v -0.1714290 1.1860000 -0.0040000
v -0.1716492 1.1860000 0.0020000
v -0.1705342 1.1860000 0.0080000
v -0.1700000 1.1860000 0.0093273
v -0.1710091 1.1920000 -0.0040000
v -0.1700000 1.1920000 -0.0079242
v -0.1712284 1.1920000 0.0020000
v -0.1701188 1.1920000 0.0080000
v -0.1700000 1.1920000 0.0083004
v -0.1705864 1.1980000 -0.0040000
v -0.1700000 1.1980000 -0.0063228
v -0.1708048 1.1980000 0.0020000
v -0.1700000 1.1980000 0.0064166
v -0.1700000 1.1937023 0.0080000
v -0.1701608 1.2040000 -0.0040000
v -0.1700000 1.2040000 -0.0046486
v -0.1703782 1.2040000 0.0020000
v -0.1700000 1.2040000 0.0041143
v -0.1700000 1.2062500 -0.0040000
v -0.1700000 1.2092808 0.0020000
v -0.1672177 0.7540000 -0.0100000
v -0.1654409 0.7540000 -0.0040000
v -0.1691071 0.7540000 0.0020000
v -0.1663290 0.7600000 -0.0160000
v -0.1640000 0.7600000 -0.0141620
v -0.1640000 0.7564799 -0.0100000
v -0.1640000 0.7551559 -0.0040000
v -0.1640000 0.7578115 0.0020000
v -0.1640000 0.7600000 0.0041910
v -0.1640000 0.7621190 -0.0160000
v -0.1640000 0.7660000 -0.0184829
v -0.1640000 0.7652819 0.0080000
v -0.1640000 0.7660000 0.0084034
v -0.1650503 0.7720000 -0.0220000
v -0.1640000 0.7720000 -0.0216230
v -0.1640000 0.7720000 0.0109713
v -0.1640000 0.7728027 -0.0220000
v -0.1640000 0.7780000 -0.0246938
v -0.1673069 0.7780000 0.0140000
v -0.1640000 0.7780000 0.0127888
v -0.1640000 0.7840000 -0.0276572
v -0.1640000 0.7836648 0.0140000
v -0.1640000 0.7840000 0.0140704
v -0.1640000 0.7847608 -0.0280000
v -0.1640000 0.7900000 -0.0301826
v -0.1640000 0.7900000 0.0151586
v -0.1640000 0.7960000 -0.0319988
v -0.1640000 0.7960000 0.0168990
v -0.1640000 0.8020000 -0.0328508
v -0.1649831 0.8020000 0.0200000
v -0.1640000 0.8020000 0.0196699
v -0.1640000 0.8080000 -0.0330273
v -0.1640000 0.8035294 0.0200000
v -0.1640000 0.8080000 0.0207276
v -0.1640000 0.8140000 -0.0326234
v -0.1640000 0.8140000 0.0207753
v -0.1640000 0.8200000 -0.0316243
v -0.1640000 0.8200000 0.0205937
v -0.1640000 0.8260000 -0.0299814
v -0.1640000 0.8260000 0.0203257
v -0.1640000 0.8312441 -0.0280000
v -0.1640000 0.8320000 -0.0276609
v -0.1640000 0.8320000 0.0200206
v -0.1640000 0.8380000 -0.0247494
v -0.1646962 0.8380000 0.0200000
v -0.1640000 0.8380000 0.0197170
v -0.1640000 0.8324336 0.0200000
v -0.1640000 0.8440000 -0.0222817
v -0.1652414 0.8440000 0.0200000
v -0.1640000 0.8440000 0.0195138
v -0.1640000 0.8450114 -0.0220000
v -0.1676124 0.8500000 -0.0220000
v -0.1640000 0.8500000 -0.0207420
v -0.1653422 0.8500000 0.0200000
v -0.1640000 0.8500000 0.0195019
v -0.1640000 0.8560000 -0.0200369
v -0.1649457 0.8560000 0.0200000
v -0.1640000 0.8560000 0.0196730
v -0.1640000 0.8620000 -0.0199069
v -0.1643675 0.8620000 0.0200000
v -0.1640000 0.8620000 0.0198829
v -0.1640000 0.8680000 -0.0200466
v -0.1640000 0.8655047 0.0200000
v -0.1640000 0.8680000 0.0200784
v -0.1640000 0.8740000 -0.0202282
v -0.1640000 0.8740000 0.0202558
v -0.1640000 0.8800000 -0.0204013
v -0.1640000 0.8800000 0.0204223
v -0.1640000 0.8860000 -0.0205629
v -0.1640000 0.8860000 0.0205784
v -0.1640000 0.8920000 -0.0207135
v -0.1640000 0.8920000 0.0207244
v -0.1640000 0.8980000 -0.0208533
v -0.1640000 0.8980000 0.0208606
v -0.1640000 0.9040000 -0.0209826
v -0.1640000 0.9040000 0.0209869
v -0.1640000 0.9100000 -0.0211015
v -0.1640000 0.9100000 0.0211035
v -0.1640000 0.9160000 -0.0212101
v -0.1640000 0.9160000 0.0212104
v -0.1640000 0.9220000 -0.0213083
v -0.1640000 0.9220000 0.0213074
v -0.1640000 0.9280000 -0.0213962
v -0.1640000 0.9280000 0.0213944
v -0.1640000 0.9340000 -0.0214735
v -0.1640000 0.9340000 0.0214712
v -0.1640000 0.9400000 -0.0215403
v -0.1640000 0.9400000 0.0215377
v -0.1640000 0.9460000 -0.0215964
v -0.1640000 0.9460000 0.0215936
v -0.1640000 0.9520000 -0.0216417
v -0.1640000 0.9520000 0.0216389
v -0.1640000 0.9580000 -0.0216773
v -0.1640000 0.9580000 0.0216745
v -0.1640000 0.9640000 -0.0217129
v -0.1640000 0.9640000 0.0217101
v -0.1640000 0.9700000 -0.0217683
v -0.1640000 0.9700000 0.0217653
v -0.1640000 0.9760000 -0.0218455
v -0.1640000 0.9760000 0.0218421
v -0.1640000 0.9820000 -0.0219414
v -0.1640000 0.9820000 0.0219374
v -0.1642407 0.9880000 -0.0220000
v -0.1640000 0.9851591 -0.0220000
v -0.1640000 0.9880000 -0.0220523
v -0.1640000 0.9880000 0.0220477
v -0.1647270 0.9940000 -0.0220000
v -0.1640000 0.9940000 -0.0221744
v -0.1640000 0.9940000 0.0221696
v -0.1651620 1.0000000 -0.0220000
v -0.1640000 1.0000000 -0.0223049
v -0.1640000 1.0000000 0.0222999
v -0.1655473 1.0060000 -0.0220000
v -0.1640000 1.0060000 -0.0224405
v -0.1640000 1.0060000 0.0224352
v -0.1658838 1.0120000 -0.0220000
v -0.1640000 1.0120000 -0.0225778
v -0.1640000 1.0120000 0.0225722
v -0.1661717 1.0180000 -0.0220000
v -0.1640000 1.0180000 -0.0227135
v -0.1640000 1.0180000 0.0227076
v -0.1664108 1.0240000 -0.0220000
v -0.1640000 1.0240000 -0.0228441
v -0.1640000 1.0240000 0.0228380
v -0.1666007 1.0300000 -0.0220000
v -0.1640000 1.0300000 -0.0229663
v -0.1640000 1.0300000 0.0229599
v -0.1667407 1.0360000 -0.0220000
v -0.1640000 1.0360000 -0.0230765
v -0.1640000 1.0360000 0.0230699
v -0.1668299 1.0420001 -0.0220000
v -0.1640000 1.0420001 -0.0231711
v -0.1640000 1.0420001 0.0231642
v -0.1668671 1.0480000 -0.0220000
v -0.1640000 1.0480000 -0.0232465
v -0.1640000 1.0480000 0.0232393
v -0.1668512 1.0540000 -0.0220000
v -0.1640000 1.0540000 -0.0232988
v -0.1640000 1.0540000 0.0232913
v -0.1667807 1.0600001 -0.0220000
v -0.1640000 1.0600001 -0.0233242
v -0.1640000 1.0600001 0.0233161
v -0.1666541 1.0660000 -0.0220000
v -0.1640000 1.0660000 -0.0233186
v -0.1640000 1.0660000 0.0233097
v -0.1664700 1.0720000 -0.0220000
v -0.1640000 1.0720000 -0.0232779
v -0.1698225 1.0720000 0.0200000
v -0.1640000 1.0720000 0.0232677
v -0.1662287 1.0779999 -0.0220000
v -0.1640000 1.0779999 -0.0231988
v -0.1694639 1.0779999 0.0200000
v -0.1640000 1.0779999 0.0231868
v -0.1659454 1.0840000 -0.0220000
v -0.1640000 1.0840000 -0.0230862
v -0.1690756 1.0840000 0.0200000
v -0.1640000 1.0840000 0.0230720
v -0.1656545 1.0900000 -0.0220000
v -0.1640000 1.0900000 -0.0229575
v -0.1686888 1.0900000 0.0200000
v -0.1640000 1.0900000 0.0229405
v -0.1653639 1.0960000 -0.0220000
v -0.1640000 1.0960000 -0.0228171
v -0.1683099 1.0960000 0.0200000
v -0.1640000 1.0960000 0.0227968
v -0.1650736 1.1020000 -0.0220000
v -0.1640000 1.1020000 -0.0226649
v -0.1679380 1.1020000 0.0200000
v -0.1640000 1.1020000 0.0226409
v -0.1647831 1.1080000 -0.0220000
v -0.1640000 1.1080000 -0.0225007
v -0.1675719 1.1080000 0.0200000
v -0.1640000 1.1080000 0.0224725
v -0.1644918 1.1140000 -0.0220000
v -0.1640000 1.1140000 -0.0223243
v -0.1672103 1.1140000 0.0200000
v -0.1640000 1.1140000 0.0222913
v -0.1641994 1.1200000 -0.0220000
v -0.1640000 1.1200000 -0.0221355
v -0.1668524 1.1200000 0.0200000
v -0.1640000 1.1200000 0.0220971
v -0.1640000 1.1240431 -0.0220000
v -0.1640000 1.1260000 -0.0219290
v -0.1664974 1.1260000 0.0200000
v -0.1640000 1.1260000 0.0218895
v -0.1640000 1.1320000 -0.0216971
v -0.1661444 1.1320000 0.0200000
v -0.1640000 1.1320000 0.0216682
v -0.1697178 1.1380000 -0.0160000
v -0.1640000 1.1380000 -0.0214491
v -0.1657927 1.1380000 0.0200000
v -0.1640000 1.1380000 0.0214328
v -0.1693004 1.1440001 -0.0160000
v -0.1640000 1.1440001 -0.0211844
v -0.1654419 1.1440001 0.0200000
v -0.1640000 1.1440001 0.0211831
v -0.1688869 1.1500000 -0.0160000
v -0.1640000 1.1500000 -0.0209026
v -0.1650914 1.1500000 0.0200000
v -0.1640000 1.1500000 0.0209186
v -0.1684765 1.1560000 -0.0160000
v -0.1640000 1.1560000 -0.0206031
v -0.1699077 1.1560000 0.0140000
v -0.1647405 1.1560000 0.0200000
v -0.1640000 1.1560000 0.0206390
v -0.1680683 1.1620001 -0.0160000
v -0.1640000 1.1620001 -0.0202855
v -0.1694841 1.1620001 0.0140000
v -0.1643890 1.1620001 0.0200000
v -0.1640000 1.1620001 0.0203439
v -0.1676618 1.1680000 -0.0160000
v -0.1640000 1.1680000 -0.0199492
v -0.1690627 1.1680000 0.0140000
v -0.1640365 1.1680000 0.0200000
v -0.1640000 1.1680000 0.0200330
v -0.1672564 1.1740000 -0.0160000
v -0.1640000 1.1740000 -0.0195937
v -0.1686429 1.1740000 0.0140000
v -0.1640000 1.1740000 0.0196661
v -0.1640000 1.1686106 0.0200000
v -0.1668514 1.1799999 -0.0160000
v -0.1640000 1.1799999 -0.0192185
v -0.1682240 1.1799999 0.0140000
v -0.1640000 1.1799999 0.0192728
v -0.1664465 1.1860000 -0.0160000
v -0.1640000 1.1860000 -0.0188230
v -0.1698416 1.1860000 -0.0100000
v -0.1678056 1.1860000 0.0140000
v -0.1640000 1.1860000 0.0188569
v -0.1660412 1.1920000 -0.0160000
v -0.1640000 1.1920000 -0.0184068
v -0.1694116 1.1920000 -0.0100000
v -0.1673871 1.1920000 0.0140000
v -0.1640000 1.1920000 0.0184177
v -0.1656350 1.1980000 -0.0160000
v -0.1640000 1.1980000 -0.0179691
v -0.1689810 1.1980000 -0.0100000
v -0.1696913 1.1980000 0.0080000
v -0.1669681 1.1980000 0.0140000
v -0.1640000 1.1980000 0.0179546
v -0.1652276 1.2040000 -0.0160000
v -0.1640000 1.2040000 -0.0175095
v -0.1685493 1.2040000 -0.0100000
v -0.1692584 1.2040000 0.0080000
v -0.1665483 1.2040000 0.0140000
v -0.1640000 1.2040000 0.0174670
v -0.1648187 1.2100000 -0.0160000
v -0.1640000 1.2100000 -0.0170274
v -0.1681163 1.2100000 -0.0100000
v -0.1697293 1.2100000 -0.0040000
v -0.1699482 1.2100000 0.0020000
v -0.1688239 1.2100000 0.0080000
v -0.1661272 1.2100000 0.0140000
v -0.1640000 1.2100000 0.0169541
v -0.1644079 1.2160000 -0.0160000
v -0.1640000 1.2160000 -0.0165222
v -0.1676815 1.2160000 -0.0100000
v -0.1692933 1.2160000 -0.0040000
v -0.1695129 1.2160000 0.0020000
v -0.1683873 1.2160000 0.0080000
v -0.1657045 1.2160000 0.0140000
v -0.1640000 1.2160000 0.0164153
v -0.1640000 1.2219244 -0.0160000
v -0.1640000 1.2220000 -0.0159914
v -0.1672446 1.2220000 -0.0100000
v -0.1688542 1.2220000 -0.0040000
v -0.1690744 1.2220000 0.0020000
v -0.1679483 1.2220000 0.0080000
v -0.1652799 1.2220000 0.0140000
v -0.1640000 1.2220000 0.0158499
v -0.1667843 1.2280000 -0.0100000
v -0.1640000 1.2280000 -0.0152672
v -0.1683905 1.2280000 -0.0040000
v -0.1686123 1.2280000 0.0020000
v -0.1674837 1.2280000 0.0080000
v -0.1648446 1.2280000 0.0140000
v -0.1640000 1.2280000 0.0152457
v -0.1659762 1.2340000 -0.0100000
v -0.1640000 1.2340000 -0.0140114
v -0.1675443 1.2340000 -0.0040000
v -0.1677731 1.2340000 0.0020000
v -0.1666459 1.2340000 0.0080000
v -0.1642130 1.2340000 0.0140000
v -0.1640000 1.2340000 0.0143238
v -0.1640000 1.2377206 -0.0100000
v -0.1640000 1.2389668 -0.0040000
v -0.1640000 1.2390844 0.0020000
v -0.1640000 1.2383965 0.0080000
v -0.1640000 1.2346109 0.0140000
v -0.1609189 0.7600000 -0.0100000
v -0.1598372 0.7600000 -0.0040000
v -0.1620571 0.7600000 0.0020000
v -0.1610254 0.7660000 -0.0160000
v -0.1580000 0.7660000 -0.0116769
v -0.1580000 0.7644882 -0.0100000
v -0.1580000 0.7629614 -0.0040000
v -0.1580578 0.7660000 0.0020000
v -0.1580000 0.7660000 0.0018290
v -0.1634594 0.7660000 0.0080000
v -0.1580000 0.7705176 -0.0160000
v -0.1580000 0.7720000 -0.0172208
v -0.1580000 0.7661157 0.0020000
v -0.1599309 0.7720000 0.0080000
v -0.1580000 0.7720000 0.0059249
v -0.1580000 0.7769554 -0.0220000
v -0.1580000 0.7780000 -0.0229739
v -0.1580000 0.7764203 0.0080000
v -0.1580000 0.7780000 0.0085733
v -0.1613801 0.7840000 -0.0280000
v -0.1580000 0.7834024 -0.0280000
v -0.1580000 0.7840000 -0.0284070
v -0.1638721 0.7840000 0.0140000
v -0.1580000 0.7840000 0.0101641
v -0.1580000 0.7900000 -0.0316305
v -0.1619277 0.7900000 0.0140000
v -0.1580000 0.7900000 0.0114892
v -0.1580000 0.7960000 -0.0334759
v -0.1589639 0.7960000 0.0140000
v -0.1580000 0.7960000 0.0133841
v -0.1596912 0.8020000 -0.0340000
v -0.1580000 0.7994056 -0.0340000
v -0.1580000 0.8020000 -0.0343684
v -0.1580000 0.7975228 0.0140000
v -0.1580000 0.8020000 0.0157163
v -0.1606195 0.8080000 -0.0340000
v -0.1580000 0.8080000 -0.0346110
v -0.1628345 0.8080000 0.0200000
v -0.1580000 0.8080000 0.0164222
v -0.1592089 0.8140000 -0.0340000
v -0.1580000 0.8140000 -0.0342830
v -0.1627592 0.8140000 0.0200000
v -0.1580000 0.8140000 0.0164265
v -0.1580000 0.8158023 -0.0340000
v -0.1580000 0.8200000 -0.0332892
v -0.1630424 0.8200000 0.0200000
v -0.1580000 0.8200000 0.0162081
v -0.1580000 0.8260000 -0.0314248
v -0.1634713 0.8260000 0.0200000
v -0.1580000 0.8260000 0.0158684
v -0.1614133 0.8320000 -0.0280000
v -0.1580000 0.8320000 -0.0283857
v -0.1639664 0.8320000 0.0200000
v -0.1580000 0.8320000 0.0154672
v -0.1580000 0.8326057 -0.0280000
v -0.1580000 0.8380000 -0.0230695
v -0.1580000 0.8380000 0.0150813
v -0.1580000 0.8393344 -0.0220000
v -0.1634379 0.8440000 -0.0220000
v -0.1580000 0.8440000 -0.0182831
v -0.1580000 0.8440000 0.0148221
v -0.1580000 0.8500000 -0.0162104
v -0.1580000 0.8500000 0.0148328
v -0.1580000 0.8519388 -0.0160000
v -0.1584606 0.8560000 -0.0160000
v -0.1580000 0.8560000 -0.0155304
v -0.1580000 0.8560000 0.0151440
v -0.1583537 0.8620000 -0.0160000
v -0.1580000 0.8620000 -0.0156596
v -0.1580000 0.8620000 0.0155528
v -0.1580000 0.8669304 -0.0160000
v -0.1580000 0.8680000 -0.0160603
v -0.1638586 0.8680000 0.0200000
v -0.1580000 0.8680000 0.0159543
v -0.1580000 0.8740000 -0.0164214
v -0.1635225 0.8740000 0.0200000
v -0.1580000 0.8740000 0.0163366
v -0.1580000 0.8800000 -0.0167681
v -0.1631834 0.8800000 0.0200000
v -0.1580000 0.8800000 0.0167014
v -0.1580000 0.8860000 -0.0171005
v -0.1628399 0.8860000 0.0200000
v -0.1580000 0.8860000 0.0170502
v -0.1580000 0.8920000 -0.0174197
v -0.1624902 0.8920000 0.0200000
v -0.1580000 0.8920000 0.0173842
v -0.1580000 0.8980000 -0.0177267
v -0.1621323 0.8980000 0.0200000
v -0.1580000 0.8980000 0.0177046
v -0.1580000 0.9040000 -0.0180224
v -0.1617636 0.9040000 0.0200000
v -0.1580000 0.9040000 0.0180121
v -0.1580000 0.9100000 -0.0183071
v -0.1613813 0.9100000 0.0200000
v -0.1580000 0.9100000 0.0183073
v -0.1580000 0.9160000 -0.0185813
v -0.1609815 0.9160000 0.0200000
v -0.1580000 0.9160000 0.0185907
v -0.1580000 0.9220000 -0.0188454
v -0.1605595 0.9220000 0.0200000
v -0.1580000 0.9220000 0.0188626
v -0.1580000 0.9280000 -0.0190993
v -0.1601094 0.9280000 0.0200000
v -0.1580000 0.9280000 0.0191232
v -0.1580000 0.9340000 -0.0193430
v -0.1596235 0.9340000 0.0200000
v -0.1580000 0.9340000 0.0193725
v -0.1580000 0.9400000 -0.0195766
v -0.1590914 0.9400000 0.0200000
v -0.1580000 0.9400000 0.0196103
v -0.1580000 0.9460000 -0.0197996
v -0.1584992 0.9460000 0.0200000
v -0.1580000 0.9460000 0.0198366
v -0.1580000 0.9520000 -0.0200120
v -0.1580000 0.9505572 0.0200000
v -0.1580000 0.9520000 0.0200485
v -0.1580000 0.9580000 -0.0202147
v -0.1580000 0.9580000 0.0202426
v -0.1580000 0.9640000 -0.0204172
v -0.1580000 0.9640000 0.0204377
v -0.1580000 0.9700000 -0.0206393
v -0.1580000 0.9700000 0.0206528
v -0.1580000 0.9760000 -0.0208822
v -0.1580000 0.9760000 0.0208893
v -0.1580000 0.9820000 -0.0211418
v -0.1580000 0.9820000 0.0211433
v -0.1634883 0.9880000 -0.0220000
v -0.1580000 0.9880000 -0.0214140
v -0.1580000 0.9880000 0.0214108
v -0.1617664 0.9940000 -0.0220000
v -0.1580000 0.9940000 -0.0216949
v -0.1580000 0.9940000 0.0216878
v -0.1583451 1.0000000 -0.0220000
v -0.1580000 1.0000000 -0.0219808
v -0.1580000 1.0000000 0.0219707
v -0.1580000 1.0003978 -0.0220000
v -0.1580000 1.0060000 -0.0222640
v -0.1580000 1.0060000 0.0222559
v -0.1580000 1.0120000 -0.0225460
v -0.1580000 1.0120000 0.0225399
v -0.1580000 1.0180000 -0.0228238
v -0.1580000 1.0180000 0.0228194
v -0.1580000 1.0240000 -0.0230941
v -0.1580000 1.0240000 0.0230909
v -0.1580000 1.0300000 -0.0233535
v -0.1580000 1.0300000 0.0233513
v -0.1580000 1.0360000 -0.0235988
v -0.1580000 1.0360000 0.0235974
v -0.1580000 1.0420001 -0.0238267
v -0.1580000 1.0420001 0.0238258
v -0.1580000 1.0480000 -0.0240339
v -0.1580000 1.0480000 0.0240335
v -0.1580000 1.0540000 -0.0242171
v -0.1580000 1.0540000 0.0242170
v -0.1580000 1.0600001 -0.0243729
v -0.1580000 1.0600001 0.0243731
v -0.1580000 1.0660000 -0.0244979
v -0.1580000 1.0660000 0.0244983
v -0.1580000 1.0720000 -0.0245886
v -0.1580000 1.0720000 0.0245893
v -0.1580000 1.0779999 -0.0246425
v -0.1580000 1.0779999 0.0246434
v -0.1580000 1.0840000 -0.0246648
v -0.1580000 1.0840000 0.0246658
v -0.1580000 1.0900000 -0.0246719
v -0.1580000 1.0900000 0.0246731
v -0.1580000 1.0960000 -0.0246682
v -0.1580000 1.0960000 0.0246694
v -0.1580000 1.1020000 -0.0246537
v -0.1580000 1.1020000 0.0246551
v -0.1580000 1.1080000 -0.0246283
v -0.1580000 1.1080000 0.0246298
v -0.1580000 1.1140000 -0.0245919
v -0.1580000 1.1140000 0.0245934
v -0.1580000 1.1200000 -0.0245444
v -0.1580000 1.1200000 0.0245458
v -0.1638566 1.1260000 -0.0220000
v -0.1580000 1.1260000 -0.0244856
v -0.1580000 1.1260000 0.0244868
v -0.1634216 1.1320000 -0.0220000
v -0.1580000 1.1320000 -0.0244153
v -0.1580000 1.1320000 0.0244161
v -0.1630021 1.1380000 -0.0220000
v -0.1580000 1.1380000 -0.0243332
v -0.1580000 1.1380000 0.0243335
v -0.1625955 1.1440001 -0.0220000
v -0.1580000 1.1440001 -0.0242393
v -0.1580000 1.1440001 0.0242388
v -0.1621992 1.1500000 -0.0220000
v -0.1580000 1.1500000 -0.0241332
v -0.1580000 1.1500000 0.0241317
v -0.1618114 1.1560000 -0.0220000
v -0.1580000 1.1560000 -0.0240148
v -0.1580000 1.1560000 0.0240119
v -0.1614303 1.1620001 -0.0220000
v -0.1580000 1.1620001 -0.0238837
v -0.1580000 1.1620001 0.0238791
v -0.1610546 1.1680000 -0.0220000
v -0.1580000 1.1680000 -0.0237398
v -0.1580000 1.1680000 0.0237330
v -0.1606830 1.1740000 -0.0220000
v -0.1580000 1.1740000 -0.0235827
v -0.1635911 1.1740000 0.0200000
v -0.1580000 1.1740000 0.0235733
v -0.1603144 1.1799999 -0.0220000
v -0.1580000 1.1799999 -0.0234122
v -0.1631443 1.1799999 0.0200000
v -0.1580000 1.1799999 0.0233997
v -0.1599479 1.1860000 -0.0220000
v -0.1580000 1.1860000 -0.0232279
v -0.1627056 1.1860000 0.0200000
v -0.1580000 1.1860000 0.0232117
v -0.1595827 1.1920000 -0.0220000
v -0.1580000 1.1920000 -0.0230296
v -0.1622733 1.1920000 0.0200000
v -0.1580000 1.1920000 0.0230090
v -0.1592181 1.1980000 -0.0220000
v -0.1580000 1.1980000 -0.0228168
v -0.1618464 1.1980000 0.0200000
v -0.1580000 1.1980000 0.0227913
v -0.1588534 1.2040000 -0.0220000
v -0.1580000 1.2040000 -0.0225893
v -0.1614236 1.2040000 0.0200000
v -0.1580000 1.2040000 0.0225581
v -0.1584880 1.2100000 -0.0220000
v -0.1580000 1.2100000 -0.0223467
v -0.1610040 1.2100000 0.0200000
v -0.1580000 1.2100000 0.0223090
v -0.1581214 1.2160000 -0.0220000
v -0.1580000 1.2160000 -0.0220887
v -0.1605866 1.2160000 0.0200000
v -0.1580000 1.2160000 0.0220435
v -0.1580000 1.2179527 -0.0220000
v -0.1639941 1.2220000 -0.0160000
v -0.1580000 1.2220000 -0.0217987
v -0.1601707 1.2220000 0.0200000
v -0.1580000 1.2220000 0.0217613
v -0.1635080 1.2280000 -0.0160000
v -0.1580000 1.2280000 -0.0214677
v -0.1597444 1.2280000 0.0200000
v -0.1580000 1.2280000 0.0214521
v -0.1626722 1.2340000 -0.0160000
v -0.1580000 1.2340000 -0.0207716
v -0.1590075 1.2340000 0.0200000
v -0.1580000 1.2340000 0.0208542
v -0.1580000 1.2390242 -0.0160000
v -0.1580000 1.2398541 -0.0100000
v -0.1580000 1.2399516 -0.0040000
v -0.1580000 1.2399580 0.0020000
v -0.1580000 1.2399132 0.0080000
v -0.1580000 1.2395780 0.0140000
v -0.1580000 1.2358874 0.0200000
v -0.1571118 0.7660000 -0.0100000
v -0.1562988 0.7660000 -0.0040000
v -0.1569891 0.7720000 -0.0160000
v -0.1541850 0.7720000 -0.0100000
v -0.1537338 0.7720000 -0.0040000
v -0.1553772 0.7720000 0.0020000
v -0.1565203 0.7780000 -0.0220000
v -0.1526425 0.7780000 -0.0160000
v -0.1520000 0.7780000 -0.0126545
v -0.1520000 0.7771932 -0.0100000
v -0.1520000 0.7773712 -0.0040000
v -0.1534119 0.7780000 0.0020000
v -0.1520000 0.7780000 -0.0032093
v -0.1574287 0.7780000 0.0080000
v -0.1562470 0.7840000 -0.0280000
v -0.1520000 0.7840000 -0.0263643
v -0.1520000 0.7807176 -0.0220000
v -0.1520000 0.7788354 -0.0160000
v -0.1520000 0.7839175 0.0020000
v -0.1558175 0.7840000 0.0080000
v -0.1520000 0.7840000 0.0020363
v -0.1520000 0.7855040 -0.0280000
v -0.1520000 0.7900000 -0.0306879
v -0.1544738 0.7900000 0.0080000
v -0.1520000 0.7900000 0.0041610
v -0.1520000 0.7960000 -0.0327481
v -0.1528575 0.7960000 0.0080000
v -0.1520000 0.7960000 0.0066334
v -0.1540376 0.8020000 -0.0340000
v -0.1520000 0.8020000 -0.0337929
v -0.1520000 0.7999811 0.0080000
v -0.1562795 0.8020000 0.0140000
v -0.1520000 0.8020000 0.0085508
v -0.1520000 0.8058349 -0.0340000
v -0.1520000 0.8080000 -0.0341067
v -0.1556542 0.8080000 0.0140000
v -0.1520000 0.8080000 0.0089341
v -0.1520000 0.8099484 -0.0340000
v -0.1546395 0.8140000 -0.0340000
v -0.1520000 0.8140000 -0.0337572
v -0.1556682 0.8140000 0.0140000
v -0.1520000 0.8140000 0.0087374
v -0.1520000 0.8200000 -0.0326636
v -0.1558990 0.8200000 0.0140000
v -0.1520000 0.8200000 0.0082260
v -0.1520000 0.8260000 -0.0305432
v -0.1523062 0.8260000 0.0080000
v -0.1520000 0.8260000 0.0072040
v -0.1520000 0.8218306 0.0080000
v -0.1562458 0.8260000 0.0140000
v -0.1520000 0.8303516 -0.0280000
v -0.1563838 0.8320000 -0.0280000
v -0.1520000 0.8320000 -0.0262296
v -0.1528064 0.8320000 0.0080000
v -0.1520000 0.8320000 0.0056782
v -0.1566442 0.8320000 0.0140000
v -0.1520000 0.8352973 -0.0220000
v -0.1563997 0.8380000 -0.0220000
v -0.1520000 0.8371680 -0.0160000
v -0.1526258 0.8380000 -0.0160000
v -0.1520000 0.8380000 -0.0133339
v -0.1532881 0.8380000 0.0080000
v -0.1520000 0.8380000 0.0038438
v -0.1570180 0.8380000 0.0140000
v -0.1560626 0.8440000 -0.0160000
v -0.1520000 0.8399390 -0.0100000
v -0.1530779 0.8440000 -0.0100000
v -0.1520000 0.8440000 -0.0047930
v -0.1536450 0.8440000 0.0080000
v -0.1520000 0.8440000 0.0020532
v -0.1572660 0.8440000 0.0140000
v -0.1578080 0.8500000 -0.0160000
v -0.1540128 0.8500000 -0.0100000
v -0.1520000 0.8458382 -0.0040000
v -0.1523155 0.8500000 -0.0040000
v -0.1520000 0.8443375 0.0020000
v -0.1522244 0.8500000 0.0020000
v -0.1537414 0.8500000 0.0080000
v -0.1572648 0.8500000 0.0140000
v -0.1542607 0.8560000 -0.0100000
v -0.1523293 0.8560000 -0.0040000
v -0.1521063 0.8560000 0.0020000
v -0.1535285 0.8560000 0.0080000
v -0.1569902 0.8560000 0.0140000
v -0.1540221 0.8620000 -0.0100000
v -0.1520099 0.8620000 -0.0040000
v -0.1520000 0.8620000 -0.0037777
v -0.1520000 0.8577695 0.0020000
v -0.1531435 0.8620000 0.0080000
v -0.1520000 0.8620000 0.0031615
v -0.1566075 0.8620000 0.0140000
v -0.1579391 0.8680000 -0.0160000
v -0.1536302 0.8680000 -0.0100000
v -0.1520000 0.8680000 -0.0052656
v -0.1520000 0.8621489 -0.0040000
v -0.1527327 0.8680000 0.0080000
v -0.1520000 0.8680000 0.0049600
v -0.1562128 0.8680000 0.0140000
v -0.1575653 0.8740000 -0.0160000
v -0.1532235 0.8740000 -0.0100000
v -0.1520000 0.8740000 -0.0065234
v -0.1523255 0.8740000 0.0080000
v -0.1520000 0.8740000 0.0066773
v -0.1558206 0.8740000 0.0140000
v -0.1571919 0.8800000 -0.0160000
v -0.1528190 0.8800000 -0.0100000
v -0.1520000 0.8800000 -0.0077232
v -0.1520000 0.8788409 0.0080000
v -0.1554301 0.8800000 0.0140000
v -0.1520000 0.8800000 0.0081562
v -0.1568188 0.8860000 -0.0160000
v -0.1524153 0.8860000 -0.0100000
v -0.1520000 0.8860000 -0.0088710
v -0.1550397 0.8860000 0.0140000
v -0.1520000 0.8860000 0.0089409
v -0.1564448 0.8920000 -0.0160000
v -0.1520105 0.8920000 -0.0100000
v -0.1520000 0.8920000 -0.0099721
v -0.1546478 0.8920000 0.0140000
v -0.1520000 0.8920000 0.0096974
v -0.1560684 0.8980000 -0.0160000
v -0.1520000 0.8980000 -0.0106288
v -0.1520000 0.8921559 -0.0100000
v -0.1542529 0.8980000 0.0140000
v -0.1520000 0.8980000 0.0104288
v -0.1556880 0.9040000 -0.0160000
v -0.1520000 0.9040000 -0.0112562
v -0.1538530 0.9040000 0.0140000
v -0.1520000 0.9040000 0.0111377
v -0.1553020 0.9100000 -0.0160000
v -0.1520000 0.9100000 -0.0118672
v -0.1534461 0.9100000 0.0140000
v -0.1520000 0.9100000 0.0118259
v -0.1549086 0.9160000 -0.0160000
v -0.1520000 0.9160000 -0.0124630
v -0.1530301 0.9160000 0.0140000
v -0.1520000 0.9160000 0.0124950
v -0.1545057 0.9220000 -0.0160000
v -0.1520000 0.9220000 -0.0130447
v -0.1526026 0.9220000 0.0140000
v -0.1520000 0.9220000 0.0131461
v -0.1540910 0.9280000 -0.0160000
v -0.1520000 0.9280000 -0.0136128
v -0.1521607 0.9280000 0.0140000
v -0.1520000 0.9280000 0.0137796
v -0.1536619 0.9340000 -0.0160000
v -0.1520000 0.9340000 -0.0141677
v -0.1520000 0.9301255 0.0140000
v -0.1520000 0.9340000 0.0143046
v -0.1532153 0.9400000 -0.0160000
v -0.1520000 0.9400000 -0.0147092
v -0.1520000 0.9400000 0.0147697
v -0.1527478 0.9460000 -0.0160000
v -0.1520000 0.9460000 -0.0152370
v -0.1520000 0.9460000 0.0152262
v -0.1522554 0.9520000 -0.0160000
v -0.1520000 0.9520000 -0.0157505
v -0.1579167 0.9520000 0.0200000
v -0.1520000 0.9520000 0.0156737
v -0.1520000 0.9549698 -0.0160000
v -0.1520000 0.9580000 -0.0162088
v -0.1575670 0.9580000 0.0200000
v -0.1520000 0.9580000 0.0161129
v -0.1520000 0.9640000 -0.0166274
v -0.1571856 0.9640000 0.0200000
v -0.1520000 0.9640000 0.0165538
v -0.1520000 0.9700000 -0.0170683
v -0.1567302 0.9700000 0.0200000
v -0.1520000 0.9700000 0.0170164
v -0.1520000 0.9760000 -0.0175314
v -0.1561870 0.9760000 0.0200000
v -0.1520000 0.9760000 0.0175005
v -0.1520000 0.9820000 -0.0180111
v -0.1555504 0.9820000 0.0200000
v -0.1520000 0.9820000 0.0180002
v -0.1520000 0.9880000 -0.0185019
v -0.1548135 0.9880000 0.0200000
v -0.1520000 0.9880000 0.0185097
v -0.1520000 0.9940000 -0.0189986
v -0.1539675 0.9940000 0.0200000
v -0.1520000 0.9940000 0.0190233
v -0.1520000 1.0000000 -0.0194964
v -0.1530010 1.0000000 0.0200000
v -0.1520000 1.0000000 0.0195362
v -0.1572224 1.0060000 -0.0220000
v -0.1520000 1.0060000 -0.0199907
v -0.1520000 1.0054777 0.0200000
v -0.1520000 1.0060000 0.0200405
v -0.1562760 1.0120000 -0.0220000
v -0.1520000 1.0120000 -0.0204774
v -0.1520000 1.0120000 0.0205052
v -0.1551961 1.0180000 -0.0220000
v -0.1520000 1.0180000 -0.0209525
v -0.1520000 1.0180000 0.0209613
v -0.1539606 1.0240000 -0.0220000
v -0.1520000 1.0240000 -0.0214124
v -0.1520000 1.0240000 0.0214052
v -0.1525383 1.0300000 -0.0220000
v -0.1520000 1.0300000 -0.0218536
v -0.1520000 1.0300000 0.0218332
v -0.1520000 1.0320820 -0.0220000
v -0.1520000 1.0360000 -0.0222624
v -0.1520000 1.0360000 0.0222422
v -0.1520000 1.0420001 -0.0226437
v -0.1520000 1.0420001 0.0226288
v -0.1520000 1.0480000 -0.0230004
v -0.1520000 1.0480000 0.0229897
v -0.1520000 1.0540000 -0.0233293
v -0.1520000 1.0540000 0.0233221
v -0.1520000 1.0600001 -0.0236273
v -0.1520000 1.0600001 0.0236228
v -0.1520000 1.0660000 -0.0238913
v -0.1520000 1.0660000 0.0238888
v -0.1520000 1.0720000 -0.0241182
v -0.1520000 1.0720000 0.0241173
v -0.1520000 1.0779999 -0.0243061
v -0.1520000 1.0779999 0.0243061
v -0.1520000 1.0840000 -0.0244608
v -0.1520000 1.0840000 0.0244614
v -0.1520000 1.0900000 -0.0245993
v -0.1520000 1.0900000 0.0246003
v -0.1520000 1.0960000 -0.0247261
v -0.1520000 1.0960000 0.0247274
v -0.1520000 1.1020000 -0.0248416
v -0.1520000 1.1020000 0.0248430
v -0.1520000 1.1080000 -0.0249457
v -0.1520000 1.1080000 0.0249472
v -0.1520000 1.1140000 -0.0250384
v -0.1520000 1.1140000 0.0250400
v -0.1520000 1.1200000 -0.0251199
v -0.1520000 1.1200000 0.0251215
v -0.1520000 1.1260000 -0.0251900
v -0.1520000 1.1260000 0.0251917
v -0.1520000 1.1320000 -0.0252488
v -0.1520000 1.1320000 0.0252505
v -0.1520000 1.1380000 -0.0252962
v -0.1520000 1.1380000 0.0252980
v -0.1520000 1.1440001 -0.0253321
v -0.1520000 1.1440001 0.0253341
v -0.1520000 1.1500000 -0.0253566
v -0.1520000 1.1500000 0.0253588
v -0.1520000 1.1560000 -0.0253694
v -0.1520000 1.1560000 0.0253719
v -0.1520000 1.1620001 -0.0253706
v -0.1520000 1.1620001 0.0253734
v -0.1520000 1.1680000 -0.0253600
v -0.1520000 1.1680000 0.0253631
v -0.1520000 1.1740000 -0.0253375
v -0.1520000 1.1740000 0.0253409
v -0.1520000 1.1799999 -0.0253028
v -0.1520000 1.1799999 0.0253066
v -0.1520000 1.1860000 -0.0252560
v -0.1520000 1.1860000 0.0252601
v -0.1520000 1.1920000 -0.0251966
v -0.1520000 1.1920000 0.0252010
v -0.1520000 1.1980000 -0.0251247
v -0.1520000 1.1980000 0.0251293
v -0.1520000 1.2040000 -0.0250399
v -0.1520000 1.2040000 0.0250445
v -0.1520000 1.2100000 -0.0249419
v -0.1520000 1.2100000 0.0249464
v -0.1520000 1.2160000 -0.0248307
v -0.1520000 1.2160000 0.0248348
v -0.1576467 1.2220000 -0.0220000
v -0.1520000 1.2220000 -0.0247056
v -0.1520000 1.2220000 0.0247091
v -0.1571140 1.2280000 -0.0220000
v -0.1520000 1.2280000 -0.0245460
v -0.1520000 1.2280000 0.0245517
v -0.1560958 1.2340000 -0.0220000
v -0.1520000 1.2340000 -0.0240167
v -0.1520000 1.2340000 0.0240380
v -0.1520000 1.2377586 -0.0220000
v -0.1520000 1.2398535 -0.0160000
v -0.1520000 1.2399936 -0.0100000
v -0.1521132 1.2400000 -0.0040000
v -0.1520000 1.2400000 -0.0047235
v -0.1521448 1.2400000 0.0020000
v -0.1520000 1.2400000 0.0039944
v -0.1520000 1.2399980 0.0080000
v -0.1520000 1.2399365 0.0140000
v -0.1520000 1.2391042 0.0200000
v -0.1520000 1.2400008 -0.0040000
v -0.1520000 1.2400010 0.0020000
v -0.1516342 0.7780000 -0.0100000
v -0.1517840 0.7780000 -0.0040000
v -0.1491658 0.7840000 -0.0220000
v -0.1487914 0.7840000 -0.0160000
v -0.1493049 0.7840000 -0.0100000
v -0.1501401 0.7840000 -0.0040000
v -0.1519801 0.7840000 0.0020000
v -0.1486911 0.7900000 -0.0280000
v -0.1460000 0.7900000 -0.0226753
v -0.1460000 0.7894375 -0.0220000
v -0.1460000 0.7898237 -0.0160000
v -0.1473195 0.7900000 -0.0100000
v -0.1460000 0.7900000 -0.0156669
v -0.1487646 0.7900000 -0.0040000
v -0.1508048 0.7900000 0.0020000
v -0.1462163 0.7960000 -0.0280000
v -0.1460000 0.7960000 -0.0275385
v -0.1460000 0.7953831 -0.0100000
v -0.1476258 0.7960000 -0.0040000
v -0.1460000 0.7960000 -0.0095254
v -0.1496771 0.7960000 0.0020000
v -0.1460000 0.7970248 -0.0280000
v -0.1460000 0.8020000 -0.0291519
v -0.1470346 0.8020000 -0.0040000
v -0.1460000 0.8020000 -0.0073779
v -0.1489789 0.8020000 0.0020000
v -0.1516654 0.8020000 0.0080000
v -0.1517938 0.8080000 -0.0340000
v -0.1460000 0.8080000 -0.0295708
v -0.1469683 0.8080000 -0.0040000
v -0.1460000 0.8080000 -0.0070793
v -0.1488728 0.8080000 0.0020000
v -0.1514401 0.8080000 0.0080000
v -0.1460000 0.8140000 -0.0291186
v -0.1472791 0.8140000 -0.0040000
v -0.1460000 0.8140000 -0.0081406
v -0.1490921 0.8140000 0.0020000
v -0.1515666 0.8140000 0.0080000
v -0.1460000 0.8186405 -0.0280000
v -0.1462985 0.8200000 -0.0280000
v -0.1460000 0.8200000 -0.0273464
v -0.1462658 0.8200000 -0.0100000
v -0.1460000 0.8200000 -0.0108761
v -0.1460000 0.8182450 -0.0100000
v -0.1479245 0.8200000 -0.0040000
v -0.1495324 0.8200000 0.0020000
v -0.1518710 0.8200000 0.0080000
v -0.1488548 0.8260000 -0.0280000
v -0.1460000 0.8260000 -0.0221845
v -0.1462679 0.8260000 -0.0160000
v -0.1460000 0.8260000 -0.0206460
v -0.1460000 0.8251348 -0.0160000
v -0.1476753 0.8260000 -0.0100000
v -0.1488452 0.8260000 -0.0040000
v -0.1501317 0.8260000 0.0020000
v -0.1460000 0.8261530 -0.0220000
v -0.1492916 0.8320000 -0.0220000
v -0.1489994 0.8320000 -0.0160000
v -0.1494941 0.8320000 -0.0100000
v -0.1499306 0.8320000 -0.0040000
v -0.1508109 0.8320000 0.0020000
v -0.1514537 0.8380000 -0.0100000
v -0.1510054 0.8380000 -0.0040000
v -0.1514695 0.8380000 0.0020000
v -0.1518550 0.8440000 -0.0040000
v -0.1519863 0.8440000 0.0020000
v -0.1517493 0.8620000 0.0020000
v -0.1516178 0.8680000 -0.0040000
v -0.1513524 0.8680000 0.0020000
v -0.1512259 0.8740000 -0.0040000
v -0.1509600 0.8740000 0.0020000
v -0.1508400 0.8800000 -0.0040000
v -0.1505739 0.8800000 0.0020000
v -0.1519258 0.8800000 0.0080000
v -0.1504588 0.8860000 -0.0040000
v -0.1501925 0.8860000 0.0020000
v -0.1515463 0.8860000 0.0080000
v -0.1500807 0.8920000 -0.0040000
v -0.1498145 0.8920000 0.0020000
v -0.1511696 0.8920000 0.0080000
v -0.1516365 0.8980000 -0.0100000
v -0.1497043 0.8980000 -0.0040000
v -0.1494382 0.8980000 0.0020000
v -0.1507942 0.8980000 0.0080000
v -0.1512630 0.9040000 -0.0100000
v -0.1493281 0.9040000 -0.0040000
v -0.1490623 0.9040000 0.0020000
v -0.1504186 0.9040000 0.0080000
v -0.1508878 0.9100000 -0.0100000
v -0.1489506 0.9100000 -0.0040000
v -0.1486852 0.9100000 0.0020000
v -0.1500414 0.9100000 0.0080000
v -0.1505096 0.9160000 -0.0100000
v -0.1485702 0.9160000 -0.0040000
v -0.1483054 0.9160000 0.0020000
v -0.1496611 0.9160000 0.0080000
v -0.1501268 0.9220000 -0.0100000
v -0.1481856 0.9220000 -0.0040000
v -0.1479214 0.9220000 0.0020000
v -0.1492762 0.9220000 0.0080000
v -0.1497378 0.9280000 -0.0100000
v -0.1477949 0.9280000 -0.0040000
v -0.1475317 0.9280000 0.0020000
v -0.1488851 0.9280000 0.0080000
v -0.1493412 0.9340000 -0.0100000
v -0.1473969 0.9340000 -0.0040000
v -0.1471346 0.9340000 0.0020000
v -0.1484862 0.9340000 0.0080000
v -0.1517529 0.9340000 0.0140000
v -0.1489353 0.9400000 -0.0100000
v -0.1469897 0.9400000 -0.0040000
v -0.1467287 0.9400000 0.0020000
v -0.1480779 0.9400000 0.0080000
v -0.1513635 0.9400000 0.0140000
v -0.1485182 0.9460000 -0.0100000
v -0.1465718 0.9460000 -0.0040000
v -0.1463124 0.9460000 0.0020000
v -0.1476583 0.9460000 0.0080000
v -0.1509646 0.9460000 0.0140000
v -0.1480883 0.9520000 -0.0100000
v -0.1461415 0.9520000 -0.0040000
v -0.1460000 0.9520000 -0.0007311
v -0.1460000 0.9503757 0.0020000
v -0.1472257 0.9520000 0.0080000
v -0.1460000 0.9520000 0.0025598
v -0.1505548 0.9520000 0.0140000
v -0.1517959 0.9580000 -0.0160000
v -0.1476424 0.9580000 -0.0100000
v -0.1460000 0.9580000 -0.0050297
v -0.1460000 0.9539092 -0.0040000
v -0.1467772 0.9580000 0.0080000
v -0.1460000 0.9580000 0.0046382
v -0.1501311 0.9580000 0.0140000
v -0.1513706 0.9640000 -0.0160000
v -0.1471712 0.9640000 -0.0100000
v -0.1460000 0.9640000 -0.0065560
v -0.1463039 0.9640000 0.0080000
v -0.1460000 0.9640000 0.0067214
v -0.1496824 0.9640000 0.0140000
v -0.1508992 0.9700000 -0.0160000
v -0.1466576 0.9700000 -0.0100000
v -0.1460000 0.9700000 -0.0081238
v -0.1460000 0.9675606 0.0080000
v -0.1491883 0.9700000 0.0140000
v -0.1460000 0.9700000 0.0084295
v -0.1503776 0.9760000 -0.0160000
v -0.1460992 0.9760000 -0.0100000
v -0.1460000 0.9760000 -0.0097257
v -0.1486451 0.9760000 0.0140000
v -0.1460000 0.9760000 0.0095273
v -0.1498070 0.9820000 -0.0160000
v -0.1460000 0.9820000 -0.0108186
v -0.1460000 0.9769987 -0.0100000
v -0.1480544 0.9820000 0.0140000
v -0.1460000 0.9820000 0.0106427
v -0.1491892 0.9880000 -0.0160000
v -0.1460000 0.9880000 -0.0118121
v -0.1474177 0.9880000 0.0140000
v -0.1460000 0.9880000 0.0117641
v -0.1485254 0.9940000 -0.0160000
v -0.1460000 0.9940000 -0.0128050
v -0.1467364 0.9940000 0.0140000
v -0.1460000 0.9940000 0.0128808
v -0.1478169 1.0000000 -0.0160000
v -0.1460000 1.0000000 -0.0137886
v -0.1460116 1.0000000 0.0140000
v -0.1460000 1.0000000 0.0139830
v -0.1470646 1.0060000 -0.0160000
v -0.1460000 1.0060000 -0.0147554
v -0.1460000 1.0000925 0.0140000
v -0.1519401 1.0060000 0.0200000
v -0.1460000 1.0060000 0.0148110
v -0.1462694 1.0120000 -0.0160000
v -0.1460000 1.0120000 -0.0156980
v -0.1512267 1.0120000 0.0200000
v -0.1460000 1.0120000 0.0156201
v -0.1460000 1.0139611 -0.0160000
v -0.1460000 1.0180000 -0.0165000
v -0.1504741 1.0180000 0.0200000
v -0.1460000 1.0180000 0.0164091
v -0.1460000 1.0240000 -0.0172246
v -0.1496838 1.0240000 0.0200000
v -0.1460000 1.0240000 0.0171730
v -0.1460000 1.0300000 -0.0179232
v -0.1488571 1.0300000 0.0200000
v -0.1460000 1.0300000 0.0179071
v -0.1514917 1.0360000 -0.0220000
v -0.1460000 1.0360000 -0.0185917
v -0.1479955 1.0360000 0.0200000
v -0.1460000 1.0360000 0.0186073
v -0.1506980 1.0420001 -0.0220000
v -0.1460000 1.0420001 -0.0192264
v -0.1471005 1.0420001 0.0200000
v -0.1460000 1.0420001 0.0192697
v -0.1498833 1.0480000 -0.0220000
v -0.1460000 1.0480000 -0.0198237
v -0.1461735 1.0480000 0.0200000
v -0.1460000 1.0480000 0.0198908
v -0.1490514 1.0540000 -0.0220000
v -0.1460000 1.0540000 -0.0203803
v -0.1460000 1.0491235 0.0200000
v -0.1460000 1.0540000 0.0204239
v -0.1482070 1.0600001 -0.0220000
v -0.1460000 1.0600001 -0.0208932
v -0.1460000 1.0600001 0.0209079
v -0.1473554 1.0660000 -0.0220000
v -0.1460000 1.0660000 -0.0213596
v -0.1460000 1.0660000 0.0213504
v -0.1465032 1.0720000 -0.0220000
v -0.1460000 1.0720000 -0.0217766
v -0.1460000 1.0720000 0.0217484
v -0.1460000 1.0756404 -0.0220000
v -0.1460000 1.0779999 -0.0221346
v -0.1460000 1.0779999 0.0221002
v -0.1460000 1.0840000 -0.0224405
v -0.1460000 1.0840000 0.0224129
v -0.1460000 1.0900000 -0.0227275
v -0.1460000 1.0900000 0.0227058
v -0.1460000 1.0960000 -0.0230005
v -0.1460000 1.0960000 0.0229839
v -0.1460000 1.1020000 -0.0232599
v -0.1460000 1.1020000 0.0232476
v -0.1460000 1.1080000 -0.0235058
v -0.1460000 1.1080000 0.0234971
v -0.1460000 1.1140000 -0.0237383
v -0.1460000 1.1140000 0.0237327
v -0.1460000 1.1200000 -0.0239576
v -0.1460000 1.1200000 0.0239545
v -0.1460000 1.1260000 -0.0241637
v -0.1460000 1.1260000 0.0241626
v -0.1460000 1.1320000 -0.0243568
v -0.1460000 1.1320000 0.0243573
v -0.1460000 1.1380000 -0.0245371
v -0.1460000 1.1380000 0.0245387
v -0.1460000 1.1440001 -0.0247044
v -0.1460000 1.1440001 0.0247069
v -0.1460000 1.1500000 -0.0248591
v -0.1460000 1.1500000 0.0248621
v -0.1460000 1.1560000 -0.0250010
v -0.1460000 1.1560000 0.0250044
v -0.1460000 1.1620001 -0.0251304
v -0.1460000 1.1620001 0.0251339
v -0.1460000 1.1680000 -0.0252472
v -0.1460000 1.1680000 0.0252507
v -0.1460000 1.1740000 -0.0253515
v -0.1460000 1.1740000 0.0253549
v -0.1460000 1.1799999 -0.0254434
v -0.1460000 1.1799999 0.0254466
v -0.1460000 1.1860000 -0.0255227
v -0.1460000 1.1860000 0.0255258
v -0.1460000 1.1920000 -0.0255896
v -0.1460000 1.1920000 0.0255925
v -0.1460000 1.1980000 -0.0256441
v -0.1460000 1.1980000 0.0256468
v -0.1460000 1.2040000 -0.0256860
v -0.1460000 1.2040000 0.0256886
v -0.1460000 1.2100000 -0.0257153
v -0.1460000 1.2100000 0.0257179
v -0.1460000 1.2160000 -0.0257320
v -0.1460000 1.2160000 0.0257346
v -0.1460000 1.2220000 -0.0257356
v -0.1460000 1.2220000 0.0257385
v -0.1460000 1.2280000 -0.0257012
v -0.1460000 1.2280000 0.0257236
v -0.1460000 1.2340000 -0.0252626
v -0.1460000 1.2340000 0.0254863
v -0.1460000 1.2388055 -0.0220000
v -0.1460000 1.2399380 -0.0160000
v -0.1465390 1.2400000 -0.0100000
v -0.1460000 1.2400000 -0.0100664
v -0.1482151 1.2400000 0.0080000
v -0.1460000 1.2400000 0.0083780
v -0.1460000 1.2399822 0.0140000
v -0.1460000 1.2396616 0.0200000
v -0.1460000 1.2400006 -0.0100000
v -0.1460000 1.2400014 -0.0040000
v -0.1460000 1.2400014 0.0020000
v -0.1460000 1.2400011 0.0080000
v -0.1457562 0.7900000 -0.0220000
v -0.1459320 0.7900000 -0.0160000
v -0.1441017 0.7960000 -0.0220000
v -0.1444422 0.7960000 -0.0160000
v -0.1458671 0.7960000 -0.0100000
v -0.1451675 0.8020000 -0.0280000
v -0.1433011 0.8020000 -0.0220000
v -0.1436944 0.8020000 -0.0160000
v -0.1452177 0.8020000 -0.0100000
v -0.1448725 0.8080000 -0.0280000
v -0.1430993 0.8080000 -0.0220000
v -0.1435066 0.8080000 -0.0160000
v -0.1450923 0.8080000 -0.0100000
v -0.1451935 0.8140000 -0.0280000
v -0.1433544 0.8140000 -0.0220000
v -0.1438135 0.8140000 -0.0160000
v -0.1454295 0.8140000 -0.0100000
v -0.1442168 0.8200000 -0.0220000
v -0.1446820 0.8200000 -0.0160000
v -0.1459353 0.8260000 -0.0220000
v -0.1458852 0.9520000 0.0020000
v -0.1457023 0.9580000 -0.0040000
v -0.1454475 0.9580000 0.0020000
v -0.1452450 0.9640000 -0.0040000
v -0.1449889 0.9640000 0.0020000
v -0.1447543 0.9700000 -0.0040000
v -0.1444973 0.9700000 0.0020000
v -0.1458022 0.9700000 0.0080000
v -0.1442298 0.9760000 -0.0040000
v -0.1439724 0.9760000 0.0020000
v -0.1452812 0.9760000 0.0080000
v -0.1455412 0.9820000 -0.0100000
v -0.1436748 0.9820000 -0.0040000
v -0.1434176 0.9820000 0.0020000
v -0.1447278 0.9820000 0.0080000
v -0.1449609 0.9880000 -0.0100000
v -0.1430927 0.9880000 -0.0040000
v -0.1428362 0.9880000 0.0020000
v -0.1441455 0.9880000 0.0080000
v -0.1443538 0.9940000 -0.0100000
v -0.1424871 0.9940000 -0.0040000
v -0.1422320 0.9940000 0.0020000
v -0.1435375 0.9940000 0.0080000
v -0.1437229 1.0000000 -0.0100000
v -0.1418614 1.0000000 -0.0040000
v -0.1416082 1.0000000 0.0020000
v -0.1429071 1.0000000 0.0080000
v -0.1430715 1.0060000 -0.0100000
v -0.1412189 1.0060000 -0.0040000
v -0.1409685 1.0060000 0.0020000
v -0.1422575 1.0060000 0.0080000
v -0.1453646 1.0060000 0.0140000
v -0.1424027 1.0120000 -0.0100000
v -0.1405631 1.0120000 -0.0040000
v -0.1403163 1.0120000 0.0020000
v -0.1415921 1.0120000 0.0080000
v -0.1446993 1.0120000 0.0140000
v -0.1455450 1.0180000 -0.0160000
v -0.1417197 1.0180000 -0.0100000
v -0.1400000 1.0180000 -0.0043704
v -0.1400000 1.0170770 -0.0040000
v -0.1400000 1.0148716 0.0020000
v -0.1409139 1.0180000 0.0080000
v -0.1400000 1.0180000 0.0037349
v -0.1440173 1.0180000 0.0140000
v -0.1448572 1.0240000 -0.0160000
v -0.1410256 1.0240000 -0.0100000
v -0.1400000 1.0240000 -0.0067342
v -0.1402263 1.0240000 0.0080000
v -0.1400000 1.0240000 0.0069719
v -0.1433217 1.0240000 0.0140000
v -0.1441584 1.0300000 -0.0160000
v -0.1403237 1.0300000 -0.0100000
v -0.1400000 1.0300000 -0.0089982
v -0.1400000 1.0259638 0.0080000
v -0.1426157 1.0300000 0.0140000
v -0.1400000 1.0300000 0.0090247
v -0.1434520 1.0360000 -0.0160000
v -0.1400000 1.0360000 -0.0106891
v -0.1400000 1.0327599 -0.0100000
v -0.1419027 1.0360000 0.0140000
v -0.1400000 1.0360000 0.0104895
v -0.1427416 1.0420001 -0.0160000
v -0.1400000 1.0420001 -0.0119133
v -0.1411858 1.0420001 0.0140000
v -0.1400000 1.0420001 0.0118795
v -0.1420307 1.0480000 -0.0160000
v -0.1400000 1.0480000 -0.0130695
v -0.1404686 1.0480000 0.0140000
v -0.1400000 1.0480000 0.0131886
v -0.1413234 1.0540000 -0.0160000
v -0.1400000 1.0540000 -0.0141530
v -0.1400000 1.0519559 0.0140000
v -0.1454603 1.0540000 0.0200000
v -0.1400000 1.0540000 0.0143061
v -0.1406234 1.0600001 -0.0160000
v -0.1400000 1.0600001 -0.0151592
v -0.1448099 1.0600001 0.0200000
v -0.1400000 1.0600001 0.0151537
v -0.1400000 1.0654444 -0.0160000
v -0.1400000 1.0660000 -0.0160673
v -0.1441763 1.0660000 0.0200000
v -0.1400000 1.0660000 0.0159380
v -0.1400000 1.0720000 -0.0167423
v -0.1435655 1.0720000 0.0200000
v -0.1400000 1.0720000 0.0166556
v -0.1457907 1.0779999 -0.0220000
v -0.1400000 1.0779999 -0.0173547
v -0.1429823 1.0779999 0.0200000
v -0.1400000 1.0779999 0.0173050
v -0.1452921 1.0840000 -0.0220000
v -0.1400000 1.0840000 -0.0179140
v -0.1424189 1.0840000 0.0200000
v -0.1400000 1.0840000 0.0178966
v -0.1447906 1.0900000 -0.0220000
v -0.1400000 1.0900000 -0.0184447
v -0.1418475 1.0900000 0.0200000
v -0.1400000 1.0900000 0.0184562
v -0.1442774 1.0960000 -0.0220000
v -0.1400000 1.0960000 -0.0189532
v -0.1412588 1.0960000 0.0200000
v -0.1400000 1.0960000 0.0189906
v -0.1437503 1.1020000 -0.0220000
v -0.1400000 1.1020000 -0.0194400
v -0.1406500 1.1020000 0.0200000
v -0.1400000 1.1020000 0.0195007
v -0.1432072 1.1080000 -0.0220000
v -0.1400000 1.1080000 -0.0199056
v -0.1400181 1.1080000 0.0200000
v -0.1400000 1.1080000 0.0199867
v -0.1426456 1.1140000 -0.0220000
v -0.1400000 1.1140000 -0.0203501
v -0.1400000 1.1081704 0.0200000
v -0.1400000 1.1140000 0.0204015
v -0.1420627 1.1200000 -0.0220000
v -0.1400000 1.1200000 -0.0207739
v -0.1400000 1.1200000 0.0207976
v -0.1414552 1.1260000 -0.0220000
v -0.1400000 1.1260000 -0.0211774
v -0.1400000 1.1260000 0.0211766
v -0.1408188 1.1320000 -0.0220000
v -0.1400000 1.1320000 -0.0215608
v -0.1400000 1.1320000 0.0215388
v -0.1401487 1.1380000 -0.0220000
v -0.1400000 1.1380000 -0.0219245
v -0.1400000 1.1380000 0.0218843
v -0.1400000 1.1393037 -0.0220000
v -0.1400000 1.1440001 -0.0222506
v -0.1400000 1.1440001 0.0222134
v -0.1400000 1.1500000 -0.0225559
v -0.1400000 1.1500000 0.0225262
v -0.1400000 1.1560000 -0.0228462
v -0.1400000 1.1560000 0.0228229
v -0.1400000 1.1620001 -0.0231214
v -0.1400000 1.1620001 0.0231038
v -0.1400000 1.1680000 -0.0233817
v -0.1400000 1.1680000 0.0233690
v -0.1400000 1.1740000 -0.0236274
v -0.1400000 1.1740000 0.0236187
v -0.1400000 1.1799999 -0.0238584
v -0.1400000 1.1799999 0.0238532
v -0.1400000 1.1860000 -0.0240749
v -0.1400000 1.1860000 0.0240726
v -0.1400000 1.1920000 -0.0242772
v -0.1400000 1.1920000 0.0242771
v -0.1400000 1.1980000 -0.0244652
v -0.1400000 1.1980000 0.0244668
v -0.1400000 1.2040000 -0.0246390
v -0.1400000 1.2040000 0.0246421
v -0.1400000 1.2100000 -0.0247989
v -0.1400000 1.2100000 0.0248029
v -0.1400000 1.2160000 -0.0249449
v -0.1400000 1.2160000 0.0249495
v -0.1400000 1.2220000 -0.0250767
v -0.1400000 1.2220000 0.0250818
v -0.1400000 1.2280000 -0.0251691
v -0.1400000 1.2280000 0.0251864
v -0.1400000 1.2340000 -0.0248497
v -0.1400000 1.2340000 0.0250061
v -0.1400000 1.2385579 -0.0220000
v -0.1400000 1.2399247 -0.0160000
v -0.1400000 1.2399999 -0.0100000
v -0.1410856 1.2400000 -0.0100000
v -0.1400000 1.2400000 -0.0094602
v -0.1400000 1.2400000 0.0081763
v -0.1400000 1.2399713 0.0140000
v -0.1400000 1.2395219 0.0200000
v -0.1400000 1.2400013 -0.0040000
v -0.1400000 1.2400014 0.0020000
v -0.1400000 1.2400007 0.0080000
v -0.1398991 1.0180000 -0.0040000
v -0.1396582 1.0180000 0.0020000
v -0.1392386 1.0240000 -0.0040000
v -0.1389981 1.0240000 0.0020000
v -0.1385769 1.0300000 -0.0040000
v -0.1383370 1.0300000 0.0020000
v -0.1395537 1.0300000 0.0080000
v -0.1396423 1.0360000 -0.0100000
v -0.1379174 1.0360000 -0.0040000
v -0.1376785 1.0360000 0.0020000
v -0.1388922 1.0360000 0.0080000
v -0.1389853 1.0420001 -0.0100000
v -0.1372637 1.0420001 -0.0040000
v -0.1370260 1.0420001 0.0020000
v -0.1382356 1.0420001 0.0080000
v -0.1383365 1.0480000 -0.0100000
v -0.1366194 1.0480000 -0.0040000
v -0.1363831 1.0480000 0.0020000
v -0.1375876 1.0480000 0.0080000
v -0.1376995 1.0540000 -0.0100000
v -0.1359881 1.0540000 -0.0040000
v -0.1357536 1.0540000 0.0020000
v -0.1369518 1.0540000 0.0080000
v -0.1397836 1.0540000 0.0140000
v -0.1370782 1.0600001 -0.0100000
v -0.1353734 1.0600001 -0.0040000
v -0.1351408 1.0600001 0.0020000
v -0.1363319 1.0600001 0.0080000
v -0.1391665 1.0600001 0.0140000
v -0.1399450 1.0660000 -0.0160000
v -0.1364764 1.0660000 -0.0100000
v -0.1347789 1.0660000 -0.0040000
v -0.1345485 1.0660000 0.0020000
v -0.1357317 1.0660000 0.0080000
v -0.1385691 1.0660000 0.0140000
v -0.1393803 1.0720000 -0.0160000
v -0.1358979 1.0720000 -0.0100000
v -0.1342082 1.0720000 -0.0040000
v -0.1340000 1.0720000 0.0014726
v -0.1340000 1.0717911 0.0020000
v -0.1351549 1.0720000 0.0080000
v -0.1340000 1.0720000 0.0021075
v -0.1379957 1.0720000 0.0140000
v -0.1388436 1.0779999 -0.0160000
v -0.1353456 1.0779999 -0.0100000
v -0.1340000 1.0779999 -0.0052838
v -0.1340000 1.0742973 -0.0040000
v -0.1346042 1.0779999 0.0080000
v -0.1340000 1.0779999 0.0049875
v -0.1374493 1.0779999 0.0140000
v -0.1383291 1.0840000 -0.0160000
v -0.1348138 1.0840000 -0.0100000
v -0.1340000 1.0840000 -0.0072158
v -0.1340741 1.0840000 0.0080000
v -0.1340000 1.0840000 0.0076391
v -0.1369242 1.0840000 0.0140000
v -0.1378164 1.0900000 -0.0160000
v -0.1342841 1.0900000 -0.0100000
v -0.1340000 1.0900000 -0.0090516
v -0.1340000 1.0848461 0.0080000
v -0.1364006 1.0900000 0.0140000
v -0.1340000 1.0900000 0.0090582
v -0.1372998 1.0960000 -0.0160000
v -0.1340000 1.0960000 -0.0104784
v -0.1340000 1.0932106 -0.0100000
v -0.1358732 1.0960000 0.0140000
v -0.1340000 1.0960000 0.0102448
v -0.1367786 1.1020000 -0.0160000
v -0.1340000 1.1020000 -0.0114770
v -0.1353411 1.1020000 0.0140000
v -0.1340000 1.1020000 0.0113838
v -0.1362521 1.1080000 -0.0160000
v -0.1340000 1.1080000 -0.0124366
v -0.1348037 1.1080000 0.0140000
v -0.1340000 1.1080000 0.0124755
v -0.1357197 1.1140000 -0.0160000
v -0.1340000 1.1140000 -0.0133572
v -0.1342603 1.1140000 0.0140000
v -0.1340000 1.1140000 0.0135202
v -0.1395292 1.1140000 0.0200000
v -0.1351806 1.1200000 -0.0160000
v -0.1340000 1.1200000 -0.0142394
v -0.1340000 1.1168569 0.0140000
v -0.1390403 1.1200000 0.0200000
v -0.1340000 1.1200000 0.0143822
v -0.1346341 1.1260000 -0.0160000
v -0.1340000 1.1260000 -0.0150833
v -0.1385461 1.1260000 0.0200000
v -0.1340000 1.1260000 0.0150886
v -0.1340791 1.1320000 -0.0160000
v -0.1340000 1.1320000 -0.0158893
v -0.1380460 1.1320000 0.0200000
v -0.1340000 1.1320000 0.0157671
v -0.1340000 1.1328520 -0.0160000
v -0.1340000 1.1380000 -0.0165225
v -0.1375392 1.1380000 0.0200000
v -0.1340000 1.1380000 0.0164180
v -0.1396356 1.1440001 -0.0220000
v -0.1340000 1.1440001 -0.0171084
v -0.1370247 1.1440001 0.0200000
v -0.1340000 1.1440001 0.0170416
v -0.1391668 1.1500000 -0.0220000
v -0.1340000 1.1500000 -0.0176704
v -0.1365015 1.1500000 0.0200000
v -0.1340000 1.1500000 0.0176382
v -0.1386918 1.1560000 -0.0220000
v -0.1340000 1.1560000 -0.0182088
v -0.1359684 1.1560000 0.0200000
v -0.1340000 1.1560000 0.0182082
v -0.1382098 1.1620001 -0.0220000
v -0.1340000 1.1620001 -0.0187238
v -0.1354240 1.1620001 0.0200000
v -0.1340000 1.1620001 0.0187518
v -0.1377196 1.1680000 -0.0220000
v -0.1340000 1.1680000 -0.0192158
v -0.1348666 1.1680000 0.0200000
v -0.1340000 1.1680000 0.0192695
v -0.1372200 1.1740000 -0.0220000
v -0.1340000 1.1740000 -0.0196851
v -0.1342945 1.1740000 0.0200000
v -0.1340000 1.1740000 0.0197617
v -0.1367095 1.1799999 -0.0220000
v -0.1340000 1.1799999 -0.0201319
v -0.1340000 1.1770408 0.0200000
v -0.1340000 1.1799999 0.0202024
v -0.1361865 1.1860000 -0.0220000
v -0.1340000 1.1860000 -0.0205567
v -0.1340000 1.1860000 0.0205965
v -0.1356490 1.1920000 -0.0220000
v -0.1340000 1.1920000 -0.0209596
v -0.1340000 1.1920000 0.0209723
v -0.1350946 1.1980000 -0.0220000
v -0.1340000 1.1980000 -0.0213412
v -0.1340000 1.1980000 0.0213300
v -0.1345205 1.2040000 -0.0220000
v -0.1340000 1.2040000 -0.0217018
v -0.1340000 1.2040000 0.0216698
v -0.1340000 1.2092574 -0.0220000
v -0.1340000 1.2100000 -0.0220385
v -0.1340000 1.2100000 0.0219920
v -0.1340000 1.2160000 -0.0223350
v -0.1340000 1.2160000 0.0222968
v -0.1340000 1.2220000 -0.0226151
v -0.1340000 1.2220000 0.0225841
v -0.1340000 1.2280000 -0.0228696
v -0.1340000 1.2280000 0.0228320
v -0.1340000 1.2340000 -0.0228058
v -0.1340000 1.2340000 0.0226670
v -0.1340000 1.2360247 -0.0220000
v -0.1340000 1.2397287 -0.0160000
v -0.1340000 1.2399698 -0.0100000
v -0.1340000 1.2399974 -0.0040000
v -0.1379213 1.2400000 -0.0040000
v -0.1340000 1.2399998 0.0020000
v -0.1347224 1.2400000 0.0020000
v -0.1340000 1.2399892 0.0080000
v -0.1395636 1.2400000 0.0080000
v -0.1340000 1.2398510 0.0140000
v -0.1340000 1.2382969 0.0200000
v -0.1339803 1.0720000 0.0020000
v -0.1336683 1.0779999 -0.0040000
v -0.1334426 1.0779999 0.0020000
v -0.1331528 1.0840000 -0.0040000
v -0.1329266 1.0840000 0.0020000
v -0.1326424 1.0900000 -0.0040000
v -0.1324159 1.0900000 0.0020000
v -0.1335637 1.0900000 0.0080000
v -0.1337651 1.0960000 -0.0100000
v -0.1321331 1.0960000 -0.0040000
v -0.1319063 1.0960000 0.0020000
v -0.1330565 1.0960000 0.0080000
v -0.1332607 1.1020000 -0.0100000
v -0.1316245 1.1020000 -0.0040000
v -0.1313977 1.1020000 0.0020000
v -0.1325495 1.1020000 0.0080000
v -0.1327564 1.1080000 -0.0100000
v -0.1311168 1.1080000 -0.0040000
v -0.1308900 1.1080000 0.0020000
v -0.1320430 1.1080000 0.0080000
v -0.1322521 1.1140000 -0.0100000
v -0.1306099 1.1140000 -0.0040000
v -0.1303835 1.1140000 0.0020000
v -0.1315367 1.1140000 0.0080000
v -0.1317479 1.1200000 -0.0100000
v -0.1301041 1.1200000 -0.0040000
v -0.1298781 1.1200000 0.0020000
v -0.1310308 1.1200000 0.0080000
v -0.1337405 1.1200000 0.0140000
v -0.1312436 1.1260000 -0.0100000
v -0.1295993 1.1260000 -0.0040000
v -0.1293740 1.1260000 0.0020000
v -0.1305253 1.1260000 0.0080000
v -0.1332460 1.1260000 0.0140000
v -0.1307392 1.1320000 -0.0100000
v -0.1290956 1.1320000 -0.0040000
v -0.1288713 1.1320000 0.0020000
v -0.1300200 1.1320000 0.0080000
v -0.1327510 1.1320000 0.0140000
v -0.1335828 1.1380000 -0.0160000
v -0.1302346 1.1380000 -0.0100000
v -0.1285930 1.1380000 -0.0040000
v -0.1283699 1.1380000 0.0020000
v -0.1295149 1.1380000 0.0080000
v -0.1322552 1.1380000 0.0140000
v -0.1330963 1.1440001 -0.0160000
v -0.1297297 1.1440001 -0.0100000
v -0.1280916 1.1440001 -0.0040000
v -0.1280000 1.1440001 -0.0015374
v -0.1280000 1.1424410 0.0020000
v -0.1290101 1.1440001 0.0080000
v -0.1280000 1.1440001 0.0027205
v -0.1317586 1.1440001 0.0140000
v -0.1326088 1.1500000 -0.0160000
v -0.1292244 1.1500000 -0.0100000
v -0.1280000 1.1500000 -0.0055955
v -0.1280000 1.1450998 -0.0040000
v -0.1285053 1.1500000 0.0080000
v -0.1280000 1.1500000 0.0054164
v -0.1312609 1.1500000 0.0140000
v -0.1321201 1.1560000 -0.0160000
v -0.1287185 1.1560000 -0.0100000
v -0.1280000 1.1560000 -0.0074747
v -0.1280005 1.1560000 0.0080000
v -0.1280000 1.1560000 0.0079976
v -0.1307620 1.1560000 0.0140000
v -0.1316298 1.1620001 -0.0160000
v -0.1282116 1.1620001 -0.0100000
v -0.1280000 1.1620001 -0.0092736
v -0.1280000 1.1560056 0.0080000
v -0.1302615 1.1620001 0.0140000
v -0.1280000 1.1620001 0.0092064
v -0.1311378 1.1680000 -0.0160000
v -0.1280000 1.1680000 -0.0105851
v -0.1280000 1.1645082 -0.0100000
v -0.1297591 1.1680000 0.0140000
v -0.1280000 1.1680000 0.0103648
v -0.1306437 1.1740000 -0.0160000
v -0.1280000 1.1740000 -0.0115567
v -0.1292544 1.1740000 0.0140000
v -0.1280000 1.1740000 0.0114743
v -0.1301471 1.1799999 -0.0160000
v -0.1280000 1.1799999 -0.0124880
v -0.1287472 1.1799999 0.0140000
v -0.1280000 1.1799999 0.0125355
v -0.1337751 1.1799999 0.0200000
v -0.1296474 1.1860000 -0.0160000
v -0.1280000 1.1860000 -0.0133793
v -0.1282368 1.1860000 0.0140000
v -0.1280000 1.1860000 0.0135486
v -0.1333210 1.1860000 0.0200000
v -0.1291443 1.1920000 -0.0160000
v -0.1280000 1.1920000 -0.0142312
v -0.1280000 1.1887790 0.0140000
v -0.1328655 1.1920000 0.0200000
v -0.1280000 1.1920000 0.0143771
v -0.1286370 1.1980000 -0.0160000
v -0.1280000 1.1980000 -0.0150440
v -0.1324082 1.1980000 0.0200000
v -0.1280000 1.1980000 0.0150551
v -0.1281250 1.2040000 -0.0160000
v -0.1280000 1.2040000 -0.0158181
v -0.1319487 1.2040000 0.0200000
v -0.1280000 1.2040000 0.0157043
v -0.1339475 1.2100000 -0.0220000
v -0.1280000 1.2100000 -0.0164376
v -0.1280000 1.2054646 -0.0160000
v -0.1314864 1.2100000 0.0200000
v -0.1280000 1.2100000 0.0163251
v -0.1335300 1.2160000 -0.0220000
v -0.1280000 1.2160000 -0.0169934
v -0.1310209 1.2160000 0.0200000
v -0.1280000 1.2160000 0.0169178
v -0.1331119 1.2220000 -0.0220000
v -0.1280000 1.2220000 -0.0175243
v -0.1305517 1.2220000 0.0200000
v -0.1280000 1.2220000 0.0174825
v -0.1327059 1.2280000 -0.0220000
v -0.1280000 1.2280000 -0.0180167
v -0.1301028 1.2280000 0.0200000
v -0.1280000 1.2280000 0.0179953
v -0.1327425 1.2340000 -0.0220000
v -0.1280000 1.2340000 -0.0180609
v -0.1301169 1.2340000 0.0200000
v -0.1280000 1.2340000 0.0180389
v -0.1280000 1.2373022 -0.0160000
v -0.1280000 1.2395595 -0.0100000
v -0.1280000 1.2398545 -0.0040000
v -0.1280000 1.2398776 0.0020000
v -0.1280000 1.2397478 0.0080000
v -0.1280000 1.2385598 0.0140000
v -0.1278709 1.1440001 0.0020000
v -0.1275963 1.1500000 -0.0040000
v -0.1273760 1.1500000 0.0020000
v -0.1271039 1.1560000 -0.0040000
v -0.1268831 1.1560000 0.0020000
v -0.1266135 1.1620001 -0.0040000
v -0.1263923 1.1620001 0.0020000
v -0.1275129 1.1620001 0.0080000
v -0.1277187 1.1680000 -0.0100000
v -0.1261253 1.1680000 -0.0040000
v -0.1259037 1.1680000 0.0020000
v -0.1270271 1.1680000 0.0080000
v -0.1272375 1.1740000 -0.0100000
v -0.1256393 1.1740000 -0.0040000
v -0.1254174 1.1740000 0.0020000
v -0.1265431 1.1740000 0.0080000
v -0.1267579 1.1799999 -0.0100000
v -0.1251555 1.1799999 -0.0040000
v -0.1249336 1.1799999 0.0020000
v -0.1260611 1.1799999 0.0080000
v -0.1262802 1.1860000 -0.0100000
v -0.1246741 1.1860000 -0.0040000
v -0.1244522 1.1860000 0.0020000
v -0.1255810 1.1860000 0.0080000
v -0.1258041 1.1920000 -0.0100000
v -0.1241951 1.1920000 -0.0040000
v -0.1239734 1.1920000 0.0020000
v -0.1251028 1.1920000 0.0080000
v -0.1277497 1.1920000 0.0140000
v -0.1253297 1.1980000 -0.0100000
v -0.1237186 1.1980000 -0.0040000
v -0.1234973 1.1980000 0.0020000
v -0.1246266 1.1980000 0.0080000
v -0.1272860 1.1980000 0.0140000
v -0.1248571 1.2040000 -0.0100000
v -0.1232447 1.2040000 -0.0040000
v -0.1230240 1.2040000 0.0020000
v -0.1241523 1.2040000 0.0080000
v -0.1268238 1.2040000 0.0140000
v -0.1276590 1.2100000 -0.0160000
v -0.1243861 1.2100000 -0.0100000
v -0.1227734 1.2100000 -0.0040000
v -0.1225535 1.2100000 0.0020000
v -0.1236801 1.2100000 0.0080000
v -0.1263630 1.2100000 0.0140000
v -0.1272101 1.2160000 -0.0160000
v -0.1239168 1.2160000 -0.0100000
v -0.1223048 1.2160000 -0.0040000
v -0.1220859 1.2160000 0.0020000
v -0.1232098 1.2160000 0.0080000
v -0.1259035 1.2160000 0.0140000
v -0.1267629 1.2220000 -0.0160000
v -0.1234496 1.2220000 -0.0100000
v -0.1220000 1.2220000 -0.0046429
v -0.1220000 1.2199286 -0.0040000
v -0.1220000 1.2171109 0.0020000
v -0.1227419 1.2220000 0.0080000
v -0.1220000 1.2220000 0.0041064
v -0.1254456 1.2220000 0.0140000
v -0.1263296 1.2280000 -0.0160000
v -0.1230063 1.2280000 -0.0100000
v -0.1220000 1.2280000 -0.0063847
v -0.1222881 1.2280000 0.0080000
v -0.1220000 1.2280000 0.0065265
v -0.1250114 1.2280000 0.0140000
v -0.1262730 1.2340000 -0.0160000
v -0.1228724 1.2340000 -0.0100000
v -0.1220000 1.2340000 -0.0070541
v -0.1220811 1.2340000 0.0080000
v -0.1220000 1.2340000 0.0076051
v -0.1249868 1.2340000 0.0140000
v -0.1220000 1.2361459 -0.0040000
v -0.1220000 1.2365512 0.0020000
v -0.1218409 1.2220000 -0.0040000
v -0.1216239 1.2220000 0.0020000
v -0.1214040 1.2280000 -0.0040000
v -0.1211886 1.2280000 0.0020000
v -0.1212978 1.2340000 -0.0040000
v -0.1211049 1.2340000 0.0020000
vn -0.9489768 -0.1897667 -0.2518564
vn -0.9429995 -0.2148655 -0.2541354
vn -0.9279493 -0.1886234 -0.3214519
vn -0.9798742 -0.1931529 0.0503839
vn -0.9675240 -0.2475138 0.0513244
vn -0.9200826 -0.1879618 0.3436837
vn -0.9537981 -0.1731664 -0.2455251
vn -0.8877766 -0.1745060 -0.4259113
vn -0.9819908 -0.1835035 0.0449490
vn -0.9176614 -0.1875292 0.3503289
vn -0.9219582 -0.1917222 0.3365050
vn -0.8830113 -0.1970661 0.4259765
vn -0.8553548 -0.1297989 -0.5015181
vn -0.8511559 -0.1424973 -0.5052010
vn -0.8465495 -0.1306249 -0.5160340
vn -0.9611723 -0.1223778 -0.2473286
vn -0.9902412 -0.1379604 0.0197309
vn -0.9400056 -0.1760530 0.2922239
vn -0.8307211 -0.2420412 0.5013168
vn -0.8642177 -0.0155119 -0.5028789
vn -0.8389386 -0.0152813 -0.5440115
vn -0.9669024 -0.0134780 -0.2547899
vn -0.9998513 -0.0171587 -0.0017406
vn -0.9675531 -0.0425736 0.2490555
vn -0.8265678 -0.2007688 0.5258113
vn -0.8665197 -0.0952661 0.4899672
vn -0.8367311 -0.1067346 0.5371115
vn -0.8620252 0.0642560 -0.5027760
vn -0.8456622 0.0642368 -0.5298387
vn -0.9647636 0.0637579 -0.2552766
vn -0.9980450 0.0621236 -0.0068465
vn -0.9711193 0.0539964 0.2324039
vn -0.8892881 0.0390360 0.4556784
vn -0.8635976 0.0363561 0.5028691
vn -0.8561476 0.1040663 -0.5061437
vn -0.8607348 0.1136717 -0.4962000
vn -0.9591928 0.1139349 -0.2587818
vn -0.9937578 0.1110772 -0.0103600
vn -0.9682440 0.1050190 0.2268802
vn -0.8902065 0.0957249 0.4453866
vn -0.8800129 0.0949005 0.4653722
vn -0.9509465 0.1586446 -0.2655800
vn -0.8937612 0.1589416 -0.4194384
vn -0.9878911 0.1543009 -0.0161967
vn -0.9641978 0.1452377 0.2218749
vn -0.9049361 0.1344840 0.4037385
vn -0.8891608 0.1130707 0.4434053
vn -0.9400429 0.2018249 -0.2749294
vn -0.9262751 0.2022722 -0.3179629
vn -0.9802940 0.1959349 -0.0251620
vn -0.9596553 0.1828421 0.2136131
vn -0.9387479 0.1768623 0.2957570
vn -0.9361002 0.2144396 -0.2788048
vn -0.9703659 0.2350218 -0.0561684
vn -0.9715037 0.2339847 -0.0378379
vn -0.9726212 0.2323464 -0.0048102
vn -0.9571241 0.2036852 0.2059754
vn -0.9711257 0.2354221 -0.0386162
vn -0.8530949 -0.4344496 -0.2889338
vn -0.8361300 -0.4639645 -0.2926151
vn -0.8213524 -0.4351750 -0.3687856
vn -0.8982458 -0.4357091 0.0575503
vn -0.8643303 -0.4994351 0.0591419
vn -0.8115941 -0.4323005 0.3929774
vn -0.7367257 -0.3215291 -0.5948566
vn -0.7344189 -0.3250834 -0.5957766
vn -0.7326044 -0.3213129 -0.6000406
vn -0.9029489 -0.3306988 -0.2744477
vn -0.9420683 -0.3309913 0.0543322
vn -0.8083631 -0.4292740 0.4028310
vn -0.8620408 -0.3292783 0.3853069
vn -0.7458559 -0.3241493 0.5819161
vn -0.7814932 -0.2414672 -0.5752929
vn -0.6919757 -0.2371437 -0.6818596
vn -0.9334229 -0.2470653 -0.2601547
vn -0.9674279 -0.2478865 0.0513370
vn -0.8970349 -0.2460530 0.3671325
vn -0.6925658 -0.2568178 0.6740899
vn -0.7047872 -0.2370781 0.6686321
vn -0.6833250 -0.2360177 0.6909143
vn -0.8099956 -0.1859363 -0.5561789
vn -0.6553171 -0.1799051 -0.7336168
vn -0.9173915 -0.1877664 0.3509083
vn -0.7365552 -0.1852623 0.6505108
vn -0.6542970 -0.1825523 0.7338734
vn -0.8297674 -0.1729725 -0.5306284
vn -0.6201285 -0.1723716 -0.7653292
vn -0.7567800 -0.1984030 0.6228325
vn -0.6223513 -0.2024058 0.7561156
vn -0.6353243 -0.1407956 -0.7593020
vn -0.6079218 -0.1653068 -0.7765982
vn -0.5997758 -0.1425834 -0.7873620
vn -0.7961720 -0.2460465 0.5527851
vn -0.5734165 -0.3138394 0.7567683
vn -0.6689298 -0.0239617 -0.7429392
vn -0.6077515 -0.0266895 -0.7936786
vn -0.6904287 -0.1843739 0.6995102
vn -0.5743005 -0.3087306 0.7581981
vn -0.6122430 -0.2131107 0.7614082
vn -0.6654332 0.0594434 -0.7440867
vn -0.6147186 0.0581300 -0.7866015
vn -0.7487598 -0.0006027 0.6628411
vn -0.6615811 -0.0105809 0.7497990
vn -0.6511027 0.1074775 -0.7513413
vn -0.6257067 0.1066775 -0.7727296
vn -0.8539832 0.1134053 -0.5077912
vn -0.7513973 0.0783688 0.6551797
vn -0.6809784 0.0737958 0.7285758
vn -0.6374686 0.1353005 -0.7585035
vn -0.6458049 0.1484082 -0.7489399
vn -0.8383131 0.1568697 -0.5221332
vn -0.8867447 0.1311812 0.4432553
vn -0.7470633 0.1131000 0.6550609
vn -0.7012497 0.1088105 0.7045631
vn -0.8182684 0.1989809 -0.5392990
vn -0.6816168 0.1909567 -0.7063527
vn -0.8825355 0.1624790 0.4412841
vn -0.7438403 0.1372541 0.6541124
vn -0.7279080 0.1351248 0.6722286
vn -0.7951723 0.2374462 -0.5579609
vn -0.7233269 0.2321584 -0.6503081
vn -0.9252934 0.2422221 -0.2918230
vn -0.9551291 0.2162465 0.2024000
vn -0.8805847 0.1887371 0.4346827
vn -0.7673183 0.1612408 0.6206641
vn -0.7436113 0.1459924 0.6524788
vn -0.7718565 0.2667593 -0.5771281
vn -0.7687427 0.2664882 -0.5813938
vn -0.9086806 0.2748684 -0.3142403
vn -0.9627678 0.2643638 -0.0564798
vn -0.9524699 0.2401988 0.1873650
vn -0.8830504 0.2052740 0.4220007
vn -0.8190653 0.1853914 0.5429199
vn -0.7709706 0.2672859 -0.5780680
vn -0.8443410 0.2858673 -0.4531755
vn -0.8956494 0.2873122 -0.3395055
vn -0.9582135 0.2742223 -0.0814186
vn -0.9556807 0.2439983 0.1647402
vn -0.8921697 0.2038502 0.4030860
vn -0.8741755 0.1970456 0.4438357
vn -0.8923781 0.2720190 -0.3600931
vn -0.9189072 0.2628888 -0.2941073
vn -0.9618354 0.2501308 -0.1109382
vn -0.9663213 0.2180613 0.1366469
vn -0.9382832 0.1955571 0.2852752
vn -0.8994377 0.1923227 0.3924587
vn -0.9699143 0.2036973 -0.1333179
vn -0.9782929 0.1734638 0.1133731
vn -0.7484546 -0.5799047 -0.3217553
vn -0.6465268 -0.6838487 -0.3381629
vn -0.5933536 -0.5674300 -0.5709243
vn -0.8109578 -0.5816755 0.0632542
vn -0.6721526 -0.7372689 0.0681580
vn -0.6836383 -0.5734097 0.4514864
vn -0.6198186 -0.6327482 0.4641709
vn -0.5935729 -0.5668028 0.5713193
vn -0.6370922 -0.4207968 -0.6457891
vn -0.5479496 -0.4966454 -0.6731231
vn -0.5136393 -0.4098606 -0.7537831
vn -0.8066739 -0.4315664 0.4037668
vn -0.5086378 -0.4206819 0.7512085
vn -0.5252443 -0.4082077 0.7466491
vn -0.5033391 -0.4060564 0.7627372
vn -0.4615662 -0.3021559 -0.8340614
vn -0.6339757 -0.3149444 0.7063177
vn -0.4644758 -0.3023954 0.8323576
vn -0.4762745 -0.2245132 -0.8501508
vn -0.4376411 -0.2561411 -0.8618944
vn -0.4281140 -0.2220605 -0.8760180
vn -0.4316089 -0.2218751 0.8743485
vn -0.5384956 -0.1745915 -0.8243424
vn -0.4128177 -0.1731174 -0.8942102
vn -0.4083401 -0.1716458 0.8965468
vn -0.4118321 -0.1694156 0.8953729
vn -0.4075709 -0.1694168 0.8973204
vn -0.5855978 -0.1715198 -0.7922475
vn -0.3953921 -0.1722236 -0.9022217
vn -0.4595355 -0.1951476 0.8664551
vn -0.3918261 -0.1974209 0.8986086
vn -0.3811632 -0.1503135 -0.9122064
vn -0.5349427 -0.3173962 0.7830044
vn -0.3566748 -0.3413377 0.8696388
vn -0.3921891 -0.0355617 -0.9191970
vn -0.3829855 -0.3196704 0.8666792
vn -0.4018350 0.0508210 -0.9143007
vn -0.3917891 -0.2936957 0.8719198
vn -0.5048968 -0.0435350 0.8620812
vn -0.4500405 -0.0524445 0.8914669
vn -0.4124330 0.0985399 -0.9056428
vn -0.5064763 0.0594726 0.8602004
vn -0.4671305 0.0566850 0.8823696
vn -0.6274737 0.1474773 -0.7645438
vn -0.4276667 0.1373649 -0.8934383
vn -0.4940707 0.0906711 0.8646808
vn -0.4836481 0.0898999 0.8706334
vn -0.5864875 0.1843902 -0.7886904
vn -0.4487624 0.1748389 -0.8763810
vn -0.5095639 0.1088861 0.8535154
vn -0.4903994 0.0952720 0.8662746
vn -0.5399516 0.2158526 -0.8135477
vn -0.4769637 0.2100640 -0.8534511
vn -0.7390768 0.1551499 0.6555105
vn -0.5449172 0.1245573 0.8291867
vn -0.5042200 0.2314653 -0.8319772
vn -0.5178055 0.2402200 -0.8210797
vn -0.7353559 0.1627433 0.6578498
vn -0.5890312 0.1341910 0.7968909
vn -0.7362071 0.2777230 -0.6171460
vn -0.5799721 0.2588876 -0.7724050
vn -0.7396495 0.1544158 0.6550377
vn -0.6406313 0.1322122 0.7563806
vn -0.7114664 0.2540409 -0.6551937
vn -0.6466995 0.2458578 -0.7220344
vn -0.8897861 0.2656252 -0.3711120
vn -0.9061688 0.1770408 0.3840764
vn -0.7518659 0.1277470 0.6468217
vn -0.6940420 0.1141529 0.7108269
vn -0.7028677 0.1976887 -0.6832980
vn -0.7118682 0.1913304 -0.6757486
vn -0.8894233 0.2013058 -0.4103681
vn -0.9716892 0.1897830 -0.1407216
vn -0.9803566 0.1643492 0.1090422
vn -0.9207911 0.1319804 0.3670489
vn -0.7669762 0.0928715 0.6349192
vn -0.7397539 0.0870396 0.6672243
vn -0.8921005 0.1263710 -0.4338055
vn -0.7718035 0.1187345 -0.6246771
vn -0.9787994 0.1232092 -0.1636189
vn -0.9895251 0.1115781 0.0915989
vn -0.9299167 0.0951827 0.3552396
vn -0.7772384 0.0706170 0.6252308
vn -0.7707912 0.0696161 0.6332729
vn -0.8937476 0.0861116 -0.4402271
vn -0.8045923 0.0786309 -0.5885988
vn -0.9810762 0.0904703 -0.1711858
vn -0.9923556 0.0882627 0.0862559
vn -0.9329395 0.0810406 0.3507940
vn -0.7984920 0.0671731 0.5982460
vn -0.7789595 0.0685569 0.6233154
vn -0.8951218 0.0770017 -0.4391216
vn -0.8292134 0.0709620 -0.5544091
vn -0.9815090 0.0841823 -0.1719111
vn -0.9927190 0.0847992 0.0855457
vn -0.9337034 0.0795494 0.3490985
vn -0.8262898 0.0697604 0.5589084
vn -0.8963593 0.0768749 -0.4366122
vn -0.8518754 0.0726933 -0.5186754
vn -0.9815602 0.0844764 -0.1714738
vn -0.9926833 0.0854244 0.0853376
vn -0.9342551 0.0802717 0.3474535
vn -0.8524951 0.0727181 0.5176526
vn -0.8977269 0.0775108 -0.4336802
vn -0.8731732 0.0751502 -0.4815817
vn -0.9816234 0.0851439 -0.1707807
vn -0.9926500 0.0861104 0.0850356
vn -0.9349375 0.0809307 0.3454593
vn -0.8769497 0.0754420 0.4746237
vn -0.8992573 0.0779828 -0.4304126
vn -0.8929715 0.0773662 -0.4434144
vn -0.9817391 0.0855848 -0.1698931
vn -0.9926457 0.0865543 0.0846327
vn -0.9357497 0.0813802 0.3431468
vn -0.8993914 0.0778652 0.4301536
vn -0.8998322 0.0780845 -0.4291909
vn -0.9191868 0.0799182 -0.3856276
vn -0.9819026 0.0857893 -0.1688414
vn -0.9926698 0.0867555 0.0841439
vn -0.9366701 0.0816198 0.3405691
vn -0.9196070 0.0799407 0.3846198
vn -0.9821087 0.0857556 -0.1676561
vn -0.9455655 0.0822710 -0.3148606
vn -0.9927208 0.0867123 0.0835848
vn -0.9376775 0.0816461 0.3377794
vn -0.9374449 0.0816229 0.3384300
vn -0.9823516 0.0854837 -0.1663670
vn -0.9664224 0.0839370 -0.2428628
vn -0.9927974 0.0864251 0.0829704
vn -0.9670335 0.0840037 0.2403948
vn -0.9376921 0.0816432 0.3377393
vn -0.9826256 0.0849756 -0.1650033
vn -0.9816292 0.0848770 -0.1708802
vn -0.9928977 0.0858960 0.0823159
vn -0.9864721 0.0852718 0.1400051
vn -0.9826492 0.0849128 -0.1648950
vn -0.9929683 0.0854442 0.0819345
vn -0.4873769 -0.7938206 -0.3637481
vn -0.3521464 -0.8584888 -0.3728134
vn -0.3395373 -0.7836857 -0.5201452
vn -0.5980354 -0.7983194 0.0709913
vn -0.3668385 -0.9272715 0.0748137
vn -0.3772286 -0.7746744 0.5075216
vn -0.3359160 -0.7916931 0.5102770
vn -0.3325789 -0.7701968 0.5442318
vn -0.4479043 -0.5491567 -0.7055556
vn -0.2929404 -0.6131369 -0.7336546
vn -0.2769828 -0.5324090 -0.7998883
vn -0.2695531 -0.5239497 0.8079714
vn -0.2402900 -0.3858372 -0.8907247
vn -0.2689327 -0.5221049 0.8093712
vn -0.2420867 -0.3863486 0.8900162
vn -0.3517374 -0.2954603 -0.8882477
vn -0.2276233 -0.3423615 -0.9115790
vn -0.2203128 -0.2866143 -0.9323704
vn -0.2185676 -0.2868575 0.9327062
vn -0.2140593 -0.2133840 -0.9532291
vn -0.2109130 -0.2538905 0.9439573
vn -0.2994584 -0.2171439 0.9290712
vn -0.2055591 -0.2131919 0.9551411
vn -0.2136510 -0.1673004 -0.9624780
vn -0.1993834 -0.1696954 0.9651165
vn -0.2123342 -0.1698295 -0.9623264
vn -0.1910574 -0.1993029 0.9611323
vn -0.2235804 -0.1637636 -0.9608295
vn -0.2078206 -0.1673019 -0.9637535
vn -0.2083963 -0.1636140 -0.9642621
vn -0.1704223 -0.3562855 0.9187039
vn -0.3057027 -0.0428088 -0.9511641
vn -0.2262021 -0.0501728 -0.9727874
vn -0.1675656 -0.4099955 0.8965632
vn -0.3698945 -0.3258592 0.8700539
vn -0.1860441 -0.3694999 0.9104160
vn -0.3023540 0.0469903 -0.9520367
vn -0.2337857 0.0423054 -0.9713673
vn -0.2312606 -0.0859544 0.9690874
vn -0.2680533 0.0936155 -0.9588450
vn -0.2377430 0.0921190 -0.9669500
vn -0.2416945 0.0368729 0.9696515
vn -0.2391066 0.1125149 -0.9644524
vn -0.2421909 0.1288881 -0.9616295
vn -0.2559686 0.0729858 0.9639259
vn -0.2504148 0.1626915 -0.9543709
vn -0.4673999 0.1048435 0.8778070
vn -0.2761642 0.0877435 0.9570969
vn -0.2631765 0.1932003 -0.9452046
vn -0.4357422 0.1110542 0.8931941
vn -0.3017141 0.0958749 0.9485655
vn -0.4811717 0.2363639 -0.8441599
vn -0.2846727 0.2165407 -0.9338477
vn -0.4107660 0.1072699 0.9054084
vn -0.3331881 0.0965620 0.9379027
vn -0.3906813 0.2347373 -0.8900935
vn -0.3184609 0.2252256 -0.9207910
vn -0.3975947 0.0908623 0.9130512
vn -0.3702909 0.0865833 0.9248719
vn -0.3450889 0.2152841 -0.9135461
vn -0.3680889 0.2084579 -0.9061214
vn -0.4112068 0.0659843 0.9091507
vn -0.3982068 0.0719527 0.9144693
vn -0.6991755 0.1902377 -0.6891758
vn -0.4273027 0.1554226 -0.8906494
vn -0.4502364 0.0471077 0.8916659
vn -0.6828184 0.1117641 -0.7219888
vn -0.4753217 0.0899311 -0.8752038
vn -0.4800796 0.0405934 0.8762853
vn -0.6800117 0.0685816 -0.7299866
vn -0.5079797 0.0533077 -0.8597180
vn -0.7781289 0.0654543 0.6246849
vn -0.5063890 0.0416911 0.8612967
vn -0.6805063 0.0582897 -0.7304201
vn -0.5338848 0.0454519 -0.8443347
vn -0.7761114 0.0655133 0.6271834
vn -0.5325245 0.0441915 0.8452602
vn -0.6817265 0.0577976 -0.7293205
vn -0.5590029 0.0468194 -0.8278428
vn -0.7747930 0.0660179 0.6287586
vn -0.5589134 0.0467730 0.8279058
vn -0.6836510 0.0582828 -0.7274781
vn -0.5841535 0.0492341 -0.8101486
vn -0.7742495 0.0664392 0.6293834
vn -0.5854464 0.0493388 0.8092084
vn -0.6862507 0.0587230 -0.7249907
vn -0.6092438 0.0516301 -0.7913005
vn -0.7744198 0.0667585 0.6291401
vn -0.6119736 0.0518575 0.7891762
vn -0.6894457 0.0590868 -0.7219234
vn -0.6341354 0.0539448 -0.7713380
vn -0.8990862 0.0781769 -0.4307346
vn -0.7752342 0.0669710 0.6281139
vn -0.6383321 0.0542962 0.7678437
vn -0.6931515 0.0593647 -0.7183431
vn -0.6586830 0.0561425 -0.7503231
vn -0.8982422 0.0781357 -0.4324996
vn -0.7766176 0.0670683 0.6263921
vn -0.6643494 0.0566167 0.7452748
vn -0.6972818 0.0595488 -0.7143193
vn -0.6827351 0.0581871 -0.7283455
vn -0.8978172 0.0779097 -0.4334218
vn -0.9370507 0.0814071 0.3395716
vn -0.7784912 0.0670438 0.6240645
vn -0.6898469 0.0587799 0.7215651
vn -0.7005999 0.0596055 -0.7110605
vn -0.7077408 0.0601729 -0.7039049
vn -0.8977597 0.0774980 -0.4336146
vn -0.9366784 0.0809532 0.3407052
vn -0.7807744 0.0668920 0.6212221
vn -0.7146494 0.0607468 0.6968400
vn -0.8980164 0.0768960 -0.4331900
vn -0.7369279 0.0623287 -0.6730918
vn -0.9825702 0.0842568 -0.1657004
vn -0.9929799 0.0851377 0.0821134
vn -0.9365510 0.0802827 0.3412136
vn -0.7833851 0.0666045 0.6179576
vn -0.7385892 0.0624757 0.6712546
vn -0.8985325 0.0761010 -0.4322591
vn -0.7648168 0.0641752 -0.6410435
vn -0.9825581 0.0832869 -0.1662614
vn -0.9930360 0.0841458 0.0824564
vn -0.9366304 0.0793955 0.3412035
vn -0.7862427 0.0661748 0.6143642
vn -0.7615118 0.0639271 0.6449907
vn -0.8992541 0.0751105 -0.4309297
vn -0.7911828 0.0656660 -0.6080443
vn -0.9826128 0.0820669 -0.1665442
vn -0.9931241 0.0828995 0.0826578
vn -0.9368784 0.0782909 0.3407776
vn -0.7892677 0.0655962 0.6105355
vn -0.7832823 0.0650633 0.6182520
vn -0.9001287 0.0739218 -0.4293061
vn -0.8158420 0.0667592 -0.5744084
vn -0.9827232 0.0806001 -0.1666097
vn -0.9932405 0.0814020 0.0827475
vn -0.9372581 0.0769681 0.3400340
vn -0.8092734 0.0662638 0.5836830
vn -0.7902422 0.0653428 0.6093009
vn -0.9011065 0.0725317 -0.4274884
vn -0.8386586 0.0674185 -0.5404688
vn -0.9828783 0.0788884 -0.1665143
vn -0.9933816 0.0796548 0.0827533
vn -0.9377341 0.0754258 0.3390659
vn -0.8359162 0.0672133 0.5447261
vn -0.9021444 0.0708691 -0.4255737
vn -0.8595500 0.0675419 -0.5065688
vn -0.9830725 0.0768715 -0.1663107
vn -0.9935486 0.0775987 0.0827013
vn -0.9382774 0.0735973 0.3379630
vn -0.8601650 0.0675816 0.5055184
vn -0.9032449 0.0683877 -0.4236411
vn -0.8784922 0.0665448 -0.4730996
vn -0.9833333 0.0740659 -0.1660417
vn -0.9937738 0.0747588 0.0826129
vn -0.9388990 0.0709627 0.3367979
vn -0.8819602 0.0667803 0.4665690
vn -0.9045194 0.0641244 -0.4215835
vn -0.8954132 0.0634608 -0.4406905
vn -0.9837202 0.0696309 -0.1656688
vn -0.9941102 0.0703126 0.0824689
vn -0.9396865 0.0666100 0.3354882
vn -0.9011843 0.0638383 0.4287091
vn -0.9055617 0.0604217 -0.4198894
vn -0.9134129 0.0592009 -0.4027059
vn -0.9841985 0.0641583 -0.1650367
vn -0.9945046 0.0648474 0.0821917
vn -0.9406859 0.0611472 0.3337229
vn -0.9176146 0.0594649 0.3929979
vn -0.9846735 0.0589555 -0.1641412
vn -0.9343008 0.0553391 -0.3521641
vn -0.9948637 0.0596518 0.0817793
vn -0.9417990 0.0559519 0.3314875
vn -0.9314755 0.0551811 0.3595947
vn -0.9851233 0.0543382 -0.1630318
vn -0.9510462 0.0517989 -0.3046769
vn -0.9951725 0.0550372 0.0812568
vn -0.9433442 0.0513791 0.3278137
vn -0.9429556 0.0514339 0.3289215
vn -0.9855468 0.0503252 -0.1617559
vn -0.9643284 0.0486660 -0.2601969
vn -0.9954358 0.0510229 0.0806480
vn -0.9624083 0.0485618 0.2672303
vn -0.9859439 0.0469164 -0.1603543
vn -0.9747455 0.0459886 -0.2185322
vn -0.9956594 0.0476096 0.0799734
vn -0.9766378 0.0460722 0.2098952
vn -0.9863150 0.0441116 -0.1588616
vn -0.9828029 0.0438006 -0.1793877
vn -0.9958477 0.0447974 0.0792507
vn -0.9868168 0.0439802 0.1557508
vn -0.9865134 0.0428373 -0.1579755
vn -0.9977217 0.0425056 -0.0523910
vn -0.9960045 0.0425860 0.0784949
vn -0.9936194 0.0423342 0.1045389
vn -0.9960740 0.0417129 0.0780800
vn -0.0000018 -0.9229158 -0.3850019
vn -0.0000022 -0.7657776 -0.6431054
vn -0.0000019 -0.9970720 0.0764694
vn -0.0000018 -0.8487186 0.5288447
vn -0.0000017 -0.7641751 0.6450088
vn -0.0000079 -0.6552675 -0.7553969
vn -0.0003790 -0.5213531 -0.8533409
vn -0.0000013 -0.5546344 0.8320942
vn -0.2612587 -0.5237188 0.8108407
vn -0.0000013 -0.5139886 0.8577971
vn -0.0030474 -0.3765360 -0.9263969
vn -0.0000011 -0.3775023 0.9260087
vn -0.0033101 -0.3720419 -0.9282100
vn -0.0194764 -0.2877434 -0.9575094
vn -0.0000010 -0.2823388 0.9593148
vn -0.0031148 -0.2820639 0.9593906
vn -0.0000010 -0.2819022 0.9594432
vn -0.0479207 -0.2222778 -0.9738050
vn -0.0000010 -0.2099194 0.9777187
vn -0.0864469 -0.1810238 -0.9796721
vn -0.0000010 -0.1677658 0.9858269
vn -0.1294071 -0.1847757 -0.9742237
vn 0.0000043 -0.1978862 0.9802250
vn -0.1331986 -0.1851747 -0.9736367
vn -0.1574796 -0.1679408 -0.9731372
vn 0.0004920 -0.3603190 0.9328290
vn -0.1694560 -0.0591183 -0.9837631
vn 0.0018386 -0.4055462 0.9140727
vn 0.0106857 -0.3817976 0.9241842
vn -0.1777053 0.0339989 -0.9834962
vn 0.0105437 -0.0959450 0.9953308
vn -0.1781054 0.0902017 -0.9798684
vn -0.0017077 0.0236778 0.9997182
vn -0.2168150 0.1300850 -0.9675067
vn -0.1667058 0.1330915 -0.9769830
vn -0.0155966 0.0570661 0.9982486
vn -0.1482949 0.1620006 -0.9755841
vn -0.1437446 0.1689287 -0.9750900
vn -0.0313399 0.0688654 0.9971336
vn -0.1150161 0.1954877 -0.9739383
vn -0.0498609 0.0728916 0.9960928
vn -0.0916747 0.2091731 -0.9735720
vn -0.0721006 0.0685154 0.9950413
vn -0.0849332 0.2048632 -0.9750987
vn -0.0985837 0.0538159 0.9936725
vn -0.2669373 0.1969003 -0.9433848
vn -0.1008870 0.1755992 -0.9792787
vn -0.3875471 0.0632051 0.9196806
vn -0.1281417 0.0323524 0.9912280
vn -0.1362853 0.1191642 -0.9834766
vn -0.1344459 0.1188965 -0.9837621
vn -0.3768889 0.0398550 0.9254006
vn -0.1565041 0.0178341 0.9875163
vn -0.1352545 0.1175143 -0.9838173
vn -0.1727811 0.0569499 -0.9833125
vn -0.3746200 0.0315946 0.9266400
vn -0.1806756 0.0150341 0.9834279
vn -0.2027284 0.0249708 -0.9789166
vn -0.3730617 0.0305676 0.9273028
vn -0.2039370 0.0165153 0.9788446
vn -0.2274645 0.0192149 -0.9735968
vn -0.3728730 0.0307295 0.9273734
vn -0.2274456 0.0185164 0.9736147
vn -0.2517965 0.0206310 -0.9675602
vn -0.3741791 0.0310147 0.9268377
vn -0.2512958 0.0205659 0.9676918
vn -0.2765628 0.0227595 -0.9607263
vn -0.3768103 0.0313617 0.9257594
vn -0.2754769 0.0226501 0.9610409
vn -0.3017682 0.0249361 -0.9530551
vn -0.3806070 0.0317570 0.9241914
vn -0.2999617 0.0247599 0.9536299
vn -0.3273750 0.0271392 -0.9445047
vn -0.3854274 0.0321898 0.9221765
vn -0.3247060 0.0268838 0.9454328
vn -0.3533270 0.0293522 -0.9350393
vn -0.3911418 0.0326481 0.9197512
vn -0.3496506 0.0290056 0.9364311
vn -0.3795458 0.0315557 -0.9246346
vn -0.3976279 0.0331214 0.9169487
vn -0.3747178 0.0311064 0.9266169
vn -0.6996524 0.0594754 -0.7120037
vn -0.4059357 0.0337274 -0.9132791
vn -0.4047687 0.0335999 0.9138016
vn -0.3998166 0.0331650 0.9159949
vn -0.6960880 0.0588321 -0.7155420
vn -0.4323812 0.0358398 -0.9009783
vn -0.4263926 0.0352960 0.9038494
vn -0.4067433 0.0337176 0.9129200
vn -0.6935940 0.0581446 -0.7180157
vn -0.4587504 0.0378630 -0.8877581
vn -0.4536080 0.0374018 0.8904161
vn -0.6920558 0.0574032 -0.7195579
vn -0.4848977 0.0397646 -0.8736664
vn -0.4807344 0.0393961 0.8759807
vn -0.6913510 0.0565975 -0.7202989
vn -0.5106674 0.0415102 -0.8587757
vn -0.7882985 0.0645819 0.6118943
vn -0.5075977 0.0412417 0.8606066
vn -0.6913518 0.0557165 -0.7203669
vn -0.5358982 0.0430634 -0.8431836
vn -0.7859024 0.0633108 0.6151010
vn -0.5340157 0.0428999 0.8443854
vn -0.6919316 0.0546670 -0.7198904
vn -0.5604298 0.0442998 -0.8270164
vn -0.7841712 0.0618492 0.6174546
vn -0.5598040 0.0442431 0.8274431
vn -0.6930345 0.0527794 -0.7189698
vn -0.5841115 0.0444760 -0.8104540
vn -0.7830645 0.0595726 0.6190808
vn -0.5847813 0.0445240 0.8099682
vn -0.6949587 0.0488501 -0.7173884
vn -0.6067435 0.0422712 -0.7937729
vn -0.7828166 0.0553616 0.6197849
vn -0.6086805 0.0424137 0.7922809
vn -0.6982843 0.0435536 -0.7144943
vn -0.6280422 0.0383578 -0.7772333
vn -0.9053280 0.0586507 -0.4206440
vn -0.7838480 0.0498673 0.6189471
vn -0.6311141 0.0385764 0.7747302
vn -0.7028329 0.0385418 -0.7103102
vn -0.6479480 0.0344990 -0.7609029
vn -0.9051028 0.0533452 -0.4218330
vn -0.7859839 0.0446630 0.6166316
vn -0.6520036 0.0347776 0.7574179
vn -0.7083018 0.0341994 -0.7050809
vn -0.6665240 0.0311314 -0.7448333
vn -0.9054208 0.0486547 -0.4217177
vn -0.9429564 0.0513538 0.3289316
vn -0.7889718 0.0401212 0.6131182
vn -0.6714227 0.0314572 0.7404068
vn -0.7144324 0.0305299 -0.6990381
vn -0.6838635 0.0282895 -0.7290614
vn -0.9061673 0.0446015 -0.4205610
vn -0.9431688 0.0472953 0.3289313
vn -0.7925962 0.0362504 0.6086683
vn -0.6894792 0.0286523 0.7237386
vn -0.7210063 0.0275156 -0.6923820
vn -0.7000718 0.0259826 -0.7135996
vn -0.9072413 0.0411844 -0.4185893
vn -0.9436047 0.0438553 0.3281569
vn -0.7966741 0.0330375 0.6035056
vn -0.7062948 0.0263749 0.7074263
vn -0.7278408 0.0251409 -0.6852852
vn -0.7152611 0.0242197 -0.6984376
vn -0.9085556 0.0383998 -0.4159953
vn -0.9442082 0.0410349 0.3267829
vn -0.8010502 0.0304698 0.5978212
vn -0.7219997 0.0246359 0.6914546
vn -0.7347849 0.0233927 -0.6778967
vn -0.7295475 0.0230088 -0.6835430
vn -0.9100358 0.0362429 -0.4129423
vn -0.9865863 0.0419029 -0.1577703
vn -0.9449314 0.0388329 0.3249563
vn -0.8055955 0.0285359 0.5917784
vn -0.7367277 0.0234451 0.6757830
vn -0.7402607 0.0224945 -0.6719436
vn -0.7435594 0.0223883 -0.6682950
vn -0.9116188 0.0347104 -0.4095685
vn -0.9867546 0.0402890 -0.1571376
vn -0.9961151 0.0409742 0.0779467
vn -0.9457335 0.0372488 0.3228011
vn -0.8102033 0.0272274 0.5855163
vn -0.7506127 0.0228131 0.6603485
vn -0.9132523 0.0337960 -0.4059901
vn -0.7587226 0.0224372 -0.6510274
vn -0.9869210 0.0392777 -0.1563463
vn -0.9961832 0.0399591 0.0776027
vn -0.9465801 0.0362784 0.3204217
vn -0.8147867 0.0265345 0.5791532
vn -0.7637885 0.0227477 0.6450656
vn -0.9148932 0.0334936 -0.4023043
vn -0.7732172 0.0230516 -0.6337222
vn -0.9870793 0.0388676 -0.1554471
vn -0.9962311 0.0395428 0.0772013
vn -0.9474419 0.0359172 0.3179054
vn -0.8192754 0.0264486 0.5727900
vn -0.7763819 0.0232557 0.6298336
vn -0.9165048 0.0338018 -0.3985930
vn -0.7872041 0.0242454 -0.6162158
vn -0.9872232 0.0390614 -0.1544820
vn -0.9962575 0.0397284 0.0767635
vn -0.9482942 0.0361657 0.3153255
vn -0.8236123 0.0269662 0.5665118
vn -0.7885146 0.0243471 0.6145338
vn -0.9180576 0.0347160 -0.3949241
vn -0.8008325 0.0260284 -0.5983225
vn -0.9873466 0.0398575 -0.1534863
vn -0.9962609 0.0405148 0.0763072
vn -0.9491160 0.0370201 0.3127432
vn -0.8277523 0.0280811 0.5603905
vn -0.8003010 0.0260278 0.5990334
vn -0.9195267 0.0362317 -0.3913540
vn -0.8142347 0.0284088 -0.5798402
vn -0.9874437 0.0412538 -0.1524894
vn -0.9962387 0.0419001 0.0758469
vn -0.9498894 0.0384768 0.3102091
vn -0.8316598 0.0297879 0.5544859
vn -0.8118445 0.0283028 0.5831873
vn -0.9208912 0.0383468 -0.3879291
vn -0.8275251 0.0313953 -0.5605503
vn -0.9875082 0.0432502 -0.1515154
vn -0.9961876 0.0438846 0.0753953
vn -0.9505986 0.0405345 0.3077649
vn -0.8353060 0.0320836 0.5488482
vn -0.8232383 0.0311779 0.5668391
vn -0.9221333 0.0410582 -0.3846874
vn -0.8407966 0.0349936 -0.5402189
vn -0.9875336 0.0458452 -0.1505841
vn -0.9961030 0.0464672 0.0749624
vn -0.9512297 0.0431906 0.3054449
vn -0.8386691 0.0349646 0.5435177
vn -0.8345618 0.0346561 0.5498232
vn -0.9232379 0.0443632 -0.3816590
vn -0.8541167 0.0392073 -0.5186015
vn -0.9875128 0.0490372 -0.1497120
vn -0.9959802 0.0496466 0.0745567
vn -0.9517701 0.0464428 0.3032767
vn -0.8479753 0.0388580 0.5286095
vn -0.8401496 0.0366602 0.5411143
vn -0.9241919 0.0482590 -0.3788674
vn -0.8675231 0.0440367 -0.4954436
vn -0.9874386 0.0528247 -0.1489117
vn -0.9958126 0.0534214 0.0741849
vn -0.9522082 0.0502887 0.3012816
vn -0.8636031 0.0438012 0.5022660
vn -0.9249874 0.0526568 -0.3763317
vn -0.8810235 0.0493916 -0.4704871
vn -0.9873074 0.0571202 -0.1481940
vn -0.9955983 0.0577045 0.0738525
vn -0.9525375 0.0546400 0.2994774
vn -0.8793384 0.0492815 0.4736406
vn -0.9256590 0.0568193 -0.3740682
vn -0.8945871 0.0545219 -0.4435553
vn -0.9871570 0.0611932 -0.1475680
vn -0.9953759 0.0617666 0.0735643
vn -0.9527934 0.0587617 0.2978788
vn -0.8951061 0.0545474 0.4425039
vn -0.9263357 0.0591624 -0.3720241
vn -0.9079813 0.0578082 -0.4150036
vn -0.9870963 0.0634694 -0.1470128
vn -0.9952513 0.0640359 0.0733098
vn -0.9530956 0.0610728 0.2964436
vn -0.9105687 0.0579675 0.4092731
vn -0.9271058 0.0597811 -0.3700014
vn -0.9206281 0.0593024 -0.3859107
vn -0.9871439 0.0640355 -0.1464453
vn -0.9952342 0.0645977 0.0730476
vn -0.9535025 0.0616648 0.2950092
vn -0.9249979 0.0595772 0.3752724
vn -0.9275618 0.0599290 -0.3688328
vn -0.9359091 0.0605904 -0.3469914
vn -0.9872206 0.0642400 -0.1458380
vn -0.9952421 0.0647981 0.0727638
vn -0.9539472 0.0618941 0.2935199
vn -0.9381402 0.0607317 0.3408880
vn -0.9873027 0.0644413 -0.1451921
vn -0.9538811 0.0620409 -0.2937036
vn -0.9952514 0.0649950 0.0724590
vn -0.9544060 0.0621208 0.2919762
vn -0.9499519 0.0617918 0.3062240
vn -0.9873878 0.0646629 -0.1445125
vn -0.9688281 0.0633142 -0.2395067
vn -0.9952607 0.0652121 0.0721361
vn -0.9665377 0.0631706 0.2486249
vn -0.9545976 0.0622262 0.2913269
vn -0.9874756 0.0649029 -0.1438041
vn -0.9806643 0.0644007 -0.1847977
vn -0.9952697 0.0654472 0.0717973
vn -0.9828818 0.0645460 0.1725607
vn -0.9875417 0.0650987 -0.1432604
vn -0.9965369 0.0657666 -0.0508824
vn -0.9952783 0.0657008 0.0714450
vn -0.9932422 0.0655466 0.0957787
vn -0.9952804 0.0657874 0.0713356
vn 0.3521429 -0.8584904 -0.3728132
vn 0.3395342 -0.7837071 -0.5201152
vn 0.3668350 -0.9272729 0.0748136
vn 0.3359128 -0.7916942 0.5102773
vn 0.3325756 -0.7701968 0.5442337
vn 0.2928865 -0.6134464 -0.7334173
vn 0.2760063 -0.5347579 -0.7986580
vn 0.2612611 -0.5237184 0.8108401
vn 0.2695504 -0.5239492 0.8079727
vn 0.2288162 -0.3990031 -0.8879413
vn 0.2689302 -0.5221055 0.8093716
vn 0.2420842 -0.3863484 0.8900170
vn 0.2056950 -0.3652166 -0.9079132
vn 0.1622725 -0.3256447 -0.9314629
vn 0.0031128 -0.2820638 0.9593906
vn 0.2185654 -0.2868575 0.9327068
vn 0.0654723 -0.2813339 -0.9573739
vn 0.2109110 -0.2538911 0.9439576
vn 0.2055571 -0.2131919 0.9551417
vn -0.0590087 -0.2528154 -0.9657134
vn 0.1993816 -0.1696922 0.9651173
vn -0.1393761 -0.1974551 -0.9703534
vn -0.1373297 -0.2522618 -0.9578646
vn -0.1808072 -0.2480541 -0.9517236
vn 0.1911252 -0.1989898 0.9611838
vn -0.2324223 -0.1856782 -0.9547269
vn 0.1723501 -0.3509591 0.9203929
vn -0.2429201 -0.0665583 -0.9677601
vn 0.1747534 -0.3988370 0.9002168
vn 0.2024652 -0.3575979 0.9116642
vn -0.2544635 0.0274246 -0.9666935
vn 0.2489757 -0.1009732 0.9632318
vn -0.2544678 0.0988178 -0.9620193
vn 0.2385134 0.0114205 0.9710720
vn -0.2304118 0.1627098 -0.9593935
vn 0.2267936 0.0430530 0.9729908
vn -0.1512641 0.1810815 -0.9717658
vn -0.1743469 0.2191319 -0.9599918
vn 0.2169279 0.0533931 0.9747264
vn -0.1398756 0.2351607 -0.9618390
vn -0.0719924 0.2539747 -0.9645278
vn 0.2066961 0.0553070 0.9768408
vn 0.0437506 0.2538578 -0.9662516
vn 0.1947741 0.0479131 0.9796772
vn 0.1280726 0.2186680 -0.9673581
vn 0.1797004 0.0297782 0.9832706
vn 0.1605163 0.1584680 -0.9742291
vn 0.1602553 0.0067633 0.9870524
vn 0.1482758 0.0891352 -0.9849209
vn -0.0420761 0.1093714 -0.9931100
vn 0.1477757 0.0868975 -0.9851960
vn 0.1382780 -0.0067037 0.9903708
vn 0.1199898 0.0264416 -0.9924230
vn 0.1163713 -0.0085213 0.9931692
vn 0.0944215 -0.0010075 -0.9955319
vn 0.0944949 -0.0070839 0.9955001
vn 0.0719552 -0.0049346 -0.9973957
vn 0.0724836 -0.0053598 0.9973552
vn 0.0498738 -0.0035842 -0.9987491
vn 0.0502730 -0.0036209 0.9987289
vn 0.0275877 -0.0018431 -0.9996177
vn 0.0278156 -0.0018610 0.9996113
vn 0.0050328 -0.0000733 -0.9999873
vn 0.0050749 -0.0000741 0.9999871
vn -0.0178268 0.0017270 -0.9998396
vn -0.0179737 0.0017435 0.9998369
vn -0.0410160 0.0035601 -0.9991522
vn -0.0413432 0.0035931 0.9991385
vn -0.0645439 0.0054258 -0.9979001
vn -0.0650301 0.0054731 0.9978683
vn -0.0884081 0.0073212 -0.9960575
vn -0.0890185 0.0073791 0.9960027
vn -0.1125892 0.0092399 -0.9935986
vn -0.3984655 0.0329628 0.9165908
vn -0.1132754 0.0093037 0.9935201
vn -0.1370525 0.0111728 -0.9905007
vn -0.3898275 0.0320895 0.9203286
vn -0.1377517 0.0112361 0.9904031
vn -0.1617457 0.0131071 -0.9867454
vn -0.3841521 0.0314016 0.9227357
vn -0.1623816 0.0131627 0.9866402
vn -0.1865994 0.0150271 -0.9823211
vn -0.3808793 0.0308559 0.9241098
vn -0.1870831 0.0150665 0.9822285
vn -0.2115271 0.0169128 -0.9772258
vn -0.3795550 0.0304166 0.9246690
vn -0.2117582 0.0169271 0.9771755
vn -0.2364251 0.0186443 -0.9714708
vn -0.3798050 0.0299591 0.9245813
vn -0.2362950 0.0186243 0.9715028
vn -0.2611716 0.0194078 -0.9650972
vn -0.3814515 0.0287014 0.9239432
vn -0.2605707 0.0193456 0.9652609
vn -0.2855824 0.0176913 -0.9581909
vn -0.3852291 0.0252509 0.9224755
vn -0.2844404 0.0175849 0.9585325
vn -0.3093952 0.0141332 -0.9508285
vn -0.3926591 0.0203669 0.9194586
vn -0.3077409 0.0139902 0.9513673
vn -0.3324806 0.0106209 -0.9430503
vn -0.4032663 0.0158634 0.9149452
vn -0.3303793 0.0104498 0.9437904
vn -0.3547852 0.0076194 -0.9349168
vn -0.4161907 0.0121270 0.9091965
vn -0.3523117 0.0074281 0.9358533
vn -0.3762868 0.0051577 -0.9264889
vn -0.4307063 0.0091253 0.9024460
vn -0.3735178 0.0049528 0.9276099
vn -0.3969883 0.0032390 -0.9178180
vn -0.4462224 0.0068113 0.8948961
vn -0.3939968 0.0030260 0.9191068
vn -0.4169146 0.0018675 -0.9089437
vn -0.4622602 0.0051481 0.8867294
vn -0.4137648 0.0016506 0.9103823
vn -0.4361107 0.0010482 -0.8998924
vn -0.4784339 0.0041062 0.8781140
vn -0.4328532 0.0008304 0.9014640
vn -0.7411717 0.0222089 -0.6709481
vn -0.4546390 0.0007879 -0.8906755
vn -0.4944359 0.0036636 0.8692064
vn -0.4513070 0.0005703 0.8923686
vn -0.7456560 0.0214590 -0.6659855
vn -0.4725778 0.0010926 -0.8812883
vn -0.5100228 0.0038018 0.8601525
vn -0.4691840 0.0008751 0.8831000
vn -0.7502713 0.0213398 -0.6607857
vn -0.4900159 0.0019691 -0.8717114
vn -0.5250044 0.0045064 0.8510876
vn -0.4865493 0.0017498 0.8736514
vn -0.7548605 0.0218406 -0.6555217
vn -0.5070527 0.0034267 -0.8619083
vn -0.5392347 0.0057684 0.8421358
vn -0.5034767 0.0032020 0.8640028
vn -0.7592975 0.0229498 -0.6503388
vn -0.5237960 0.0054729 -0.8518262
vn -0.5526050 0.0075787 0.8334089
vn -0.5200478 0.0052373 0.8541211
vn -0.7634825 0.0246577 -0.6453577
vn -0.5403574 0.0081159 -0.8413965
vn -0.5650359 0.0099308 0.8250065
vn -0.5363468 0.0078621 0.8439611
vn -0.7673364 0.0269586 -0.6406779
vn -0.5568514 0.0113651 -0.8305344
vn -0.5764723 0.0128207 0.8170161
vn -0.5524614 0.0110838 0.8334648
vn -0.7707980 0.0298467 -0.6363801
vn -0.5733935 0.0152291 -0.8191385
vn -0.5868786 0.0162445 0.8095120
vn -0.5684807 0.0149088 0.8225614
vn -0.7738200 0.0333174 -0.6325288
vn -0.5900962 0.0197162 -0.8070921
vn -0.8407214 0.0383389 0.5401091
vn -0.5962342 0.0201988 0.8025565
vn -0.5844929 0.0193431 0.8111683
vn -0.7763664 0.0373672 -0.6291732
vn -0.6070681 0.0248347 -0.7942617
vn -0.8414674 0.0422173 0.5386560
vn -0.6045312 0.0246814 0.7961990
vn -0.6005841 0.0243925 0.7991893
vn -0.7784134 0.0419056 -0.6263517
vn -0.6244115 0.0305047 -0.7804997
vn -0.8419124 0.0466042 0.5375979
vn -0.6179913 0.0300554 0.7856103
vn -0.6075981 0.0267960 0.7937925
vn -0.7799926 0.0461862 -0.6240820
vn -0.6422051 0.0359855 -0.7656877
vn -0.8420808 0.0507563 0.5369580
vn -0.6368989 0.0356050 0.7701247
vn -0.7813451 0.0486119 -0.6222032
vn -0.6603236 0.0396543 -0.7499335
vn -0.8421763 0.0530779 0.5365836
vn -0.6562675 0.0393588 0.7535011
vn -0.7828524 0.0492977 -0.6202514
vn -0.6782751 0.0415600 -0.7336318
vn -0.8424902 0.0536725 0.5360312
vn -0.6755051 0.0413557 0.7361947
vn -0.7845364 0.0496265 -0.6180937
vn -0.6958831 0.0430692 -0.7168624
vn -0.9273967 0.0600036 -0.3692356
vn -0.8430144 0.0539137 0.5351822
vn -0.6944014 0.0429561 0.7183046
vn -0.7863659 0.0499621 -0.6157373
vn -0.7131099 0.0445450 -0.6996356
vn -0.9270705 0.0601834 -0.3700246
vn -0.8437142 0.0541642 0.5340530
vn -0.7129068 0.0445219 0.6998441
vn -0.7883191 0.0503263 -0.6132049
vn -0.7299373 0.0460098 -0.6819637
vn -0.9268773 0.0603917 -0.3704746
vn -0.9544496 0.0623446 0.2917861
vn -0.8445672 0.0544458 0.5326742
vn -0.7309925 0.0460749 0.6808282
vn -0.7903773 0.0507163 -0.6105176
vn -0.7463475 0.0474611 -0.6638620
vn -0.9268029 0.0606259 -0.3706222
vn -0.9542445 0.0625723 0.2924073
vn -0.8455546 0.0547554 0.5310736
vn -0.7486306 0.0476120 0.6612755
vn -0.7925230 0.0511309 -0.6076947
vn -0.7623237 0.0488982 -0.6453461
vn -0.9268345 0.0608852 -0.3705008
vn -0.9875231 0.0651605 -0.1433603
vn -0.9541187 0.0628225 0.2927641
vn -0.8466585 0.0550918 0.5292770
vn -0.7657945 0.0491320 0.6412058
vn -0.7947411 0.0515684 -0.6047540
vn -0.7778502 0.0503197 -0.6264320
vn -0.9269598 0.0611687 -0.3701407
vn -0.9874522 0.0654328 -0.1437239
vn -0.9952585 0.0659736 0.0714713
vn -0.9540634 0.0630945 0.2928858
vn -0.8478628 0.0554534 0.5273079
vn -0.7824599 0.0506328 0.6206391
vn -0.7970172 0.0520296 -0.6017112
vn -0.7929118 0.0517261 -0.6071369
vn -0.9271674 0.0614775 -0.3695689
vn -0.9873990 0.0657248 -0.1439565
vn -0.9952281 0.0662663 0.0716223
vn -0.9540705 0.0633899 0.2927990
vn -0.8491527 0.0558408 0.5251871
vn -0.7986028 0.0521145 0.5995979
vn -0.7977411 0.0521852 -0.6007377
vn -0.8108453 0.0533410 -0.5828246
vn -0.9274474 0.0618092 -0.3688101
vn -0.9873613 0.0660351 -0.1440729
vn -0.9952009 0.0665767 0.0717129
vn -0.9541326 0.0637067 0.2925276
vn -0.8505151 0.0562516 0.5229340
vn -0.8142027 0.0535743 0.5781037
vn -0.9277908 0.0621616 -0.3678861
vn -0.8296747 0.0550302 -0.5555283
vn -0.9873375 0.0663619 -0.1440860
vn -0.9951763 0.0669030 0.0717498
vn -0.9542433 0.0640428 0.2920928
vn -0.8519379 0.0566831 0.5205659
vn -0.8292388 0.0550093 0.5561806
vn -0.9281889 0.0625373 -0.3668167
vn -0.8476533 0.0566790 -0.5275143
vn -0.9873255 0.0667089 -0.1440075
vn -0.9951538 0.0672492 0.0717387
vn -0.9543963 0.0644012 0.2915137
vn -0.8534105 0.0571376 0.5180982
vn -0.8436925 0.0564209 0.5338536
vn -0.9286342 0.0629355 -0.3656196
vn -0.8647381 0.0582839 -0.4988296
vn -0.9873241 0.0670758 -0.1438478
vn -0.9951329 0.0676147 0.0716851
vn -0.9545860 0.0647813 0.2908074
vn -0.8588894 0.0578967 0.5088782
vn -0.8545712 0.0575085 0.5161403
vn -0.9291201 0.0633541 -0.3643106
vn -0.8808879 0.0598404 -0.4695270
vn -0.9873315 0.0674608 -0.1436161
vn -0.9951134 0.0679981 0.0715935
vn -0.9548077 0.0651811 0.2899890
vn -0.8779500 0.0596440 0.4750224
vn -0.9296404 0.0637934 -0.3629039
vn -0.8960659 0.0613461 -0.4396619
vn -0.9873468 0.0678647 -0.1433205
vn -0.9950949 0.0683998 0.0714682
vn -0.9550569 0.0656011 0.2890722
vn -0.8957459 0.0613227 0.4403166
vn -0.9301896 0.0642530 -0.3614123
vn -0.9102396 0.0627982 -0.4092923
vn -0.9873686 0.0682875 -0.1429685
vn -0.9950770 0.0688202 0.0713131
vn -0.9553297 0.0660410 0.2880689
vn -0.9122141 0.0629277 0.4048525
vn -0.9307630 0.0647326 -0.3598470
vn -0.9233809 0.0641942 -0.3784797
vn -0.9873961 0.0687291 -0.1425665
vn -0.9950595 0.0692591 0.0711314
vn -0.9556225 0.0665007 0.2869901
vn -0.9272999 0.0644540 0.3687283
vn -0.9311228 0.0650465 -0.3588585
vn -0.9388256 0.0657574 -0.3380568
vn -0.9874282 0.0691895 -0.1421204
vn -0.9950422 0.0697165 0.0709262
vn -0.9559321 0.0669799 0.2858454
vn -0.9409575 0.0658974 0.3320490
vn -0.9874642 0.0696687 -0.1416355
vn -0.9574345 0.0675465 -0.2806361
vn -0.9950249 0.0701923 0.0707002
vn -0.9562556 0.0674784 0.2846435
vn -0.9531503 0.0672540 0.2949263
vn -0.9875033 0.0701659 -0.1411165
vn -0.9725900 0.0691131 -0.2220186
vn -0.9950073 0.0706860 0.0704558
vn -0.9716086 0.0690505 0.2262937
vn -0.9563431 0.0676248 0.2843144
vn -0.9875448 0.0706827 -0.1405675
vn -0.9841546 0.0704444 -0.1627186
vn -0.9949891 0.0711992 0.0701954
vn -0.9871301 0.0706546 0.1434647
vn -0.9875589 0.0708841 -0.1403666
vn -0.9949722 0.0716685 0.0699570
vn 0.4873643 -0.7938300 -0.3637445
vn 0.5980346 -0.7983199 0.0709915
vn 0.3772279 -0.7746747 0.5075218
vn 0.4472383 -0.5517053 -0.7039881
vn 0.5924594 -0.5701398 -0.5691506
vn 0.6464261 -0.6839797 -0.3380903
vn 0.6721456 -0.7372750 0.0681599
vn 0.6198159 -0.6327503 0.4641717
vn 0.5935695 -0.5668029 0.5713229
vn 0.5452331 -0.5052488 -0.6689129
vn 0.4980354 -0.4464594 -0.7433941
vn 0.5086356 -0.4206832 0.7512094
vn 0.5033363 -0.4060562 0.7627391
vn 0.3258840 -0.4050287 -0.8542549
vn 0.3716761 -0.4207307 -0.8275521
vn 0.4644730 -0.3023952 0.8323593
vn 0.3452400 -0.4229885 -0.8377888
vn 0.1681693 -0.4349258 -0.8846235
vn 0.2994582 -0.2171440 0.9290712
vn 0.4316062 -0.2218751 0.8743498
vn -0.1001311 -0.4167727 -0.9034790
vn 0.4083403 -0.1716426 0.8965473
vn 0.4075710 -0.1694099 0.8973216
vn -0.1308972 -0.4106757 -0.9023366
vn -0.2443947 -0.3399226 -0.9081430
vn 0.3923005 -0.1965547 0.8985915
vn -0.2703026 -0.2021296 -0.9413183
vn 0.3658631 -0.3284431 0.8707866
vn -0.2811506 -0.0778128 -0.9565038
vn 0.3759091 -0.3086142 0.8737561
vn 0.4088823 -0.2922233 0.8645350
vn -0.2955345 0.0174024 -0.9551736
vn 0.4280336 -0.2325368 0.8733350
vn 0.4637836 -0.0726467 0.8829650
vn -0.3027151 0.1074321 -0.9470068
vn 0.4652821 0.0102745 0.8851028
vn -0.2927358 0.2036076 -0.9342642
vn 0.4616876 0.0340046 0.8863906
vn -0.2402342 0.3093565 -0.9201011
vn 0.4601617 0.0435342 0.8867671
vn -0.1308912 0.3939755 -0.9097531
vn -0.1025126 0.4041405 -0.9089344
vn 0.4598127 0.0450398 0.8868729
vn 0.1623839 0.4020133 -0.9011198
vn 0.4283921 0.0379279 0.9027966
vn 0.4617104 0.0365229 0.8862785
vn 0.4597715 0.0444260 0.8869253
vn 0.3602388 0.2920772 -0.8859565
vn 0.3986055 0.0187070 0.9169317
vn 0.4607298 0.0154575 0.8874058
vn 0.3761915 0.2680748 -0.8869137
vn 0.2649863 0.1633072 -0.9503226
vn 0.4402260 0.1616507 -0.8832158
vn 0.3824799 -0.0072866 0.9239351
vn 0.4517930 -0.0117304 0.8920457
vn 0.4427565 0.0602727 -0.8946138
vn 0.3846717 -0.0243281 0.9227328
vn 0.4338883 -0.0278439 0.9005363
vn 0.4211512 -0.0013629 -0.9069895
vn 0.3932174 -0.0288087 0.9189941
vn 0.4122732 -0.0302129 0.9105592
vn 0.3976221 -0.0245337 -0.9172212
vn 0.3994850 -0.0293529 0.9162697
vn 0.3911326 -0.0288106 0.9198833
vn 0.3759514 -0.0273355 -0.9262361
vn 0.3710453 -0.0272193 0.9282158
vn 0.3547411 -0.0260007 -0.9346030
vn 0.3508749 -0.0256801 0.9360701
vn 0.3335108 -0.0244282 -0.9424297
vn 0.3305553 -0.0241775 0.9434769
vn 0.3121759 -0.0228813 -0.9497487
vn 0.3100258 -0.0226951 0.9504573
vn 0.2906825 -0.0213479 -0.9565814
vn 0.2892330 -0.0212185 0.9570236
vn 0.2689824 -0.0198141 -0.9629412
vn 0.2681296 -0.0197340 0.9631807
vn 0.2470387 -0.0182684 -0.9688334
vn 0.2466801 -0.0182300 0.9689255
vn 0.2248208 -0.0167017 -0.9742569
vn 0.2248560 -0.0166975 0.9742489
vn 0.2023095 -0.0151058 -0.9792051
vn 0.2026417 -0.0151284 0.9791361
vn 0.1794965 -0.0134756 -0.9836663
vn 0.1800338 -0.0135174 0.9835675
vn 0.1563853 -0.0118078 -0.9876256
vn 0.1570420 -0.0118618 0.9875207
vn 0.1329924 -0.0101020 -0.9910656
vn 0.1336904 -0.0101614 0.9909710
vn 0.1093474 -0.0083610 -0.9939684
vn 0.1100183 -0.0084195 0.9938939
vn 0.0854942 -0.0066895 -0.9963162
vn 0.0860801 -0.0067416 0.9962654
vn 0.0614890 -0.0059036 -0.9980903
vn 0.0619451 -0.0059453 0.9980619
vn 0.0373974 -0.0075537 -0.9992720
vn 0.0376959 -0.0075831 0.9992605
vn 0.0133200 -0.0110119 -0.9998507
vn 0.0134379 -0.0110277 0.9998489
vn -0.0105986 -0.0143759 -0.9998405
vn -0.0107054 -0.0143745 0.9998394
vn -0.0342284 -0.0171848 -0.9992663
vn -0.0346260 -0.0171609 0.9992530
vn -0.0696492 -0.0185264 -0.9973994
vn -0.0465047 -0.0183616 -0.9987493
vn -0.0575267 -0.0194167 -0.9981551
vn -0.0582341 -0.0193678 0.9981151
vn -0.1170029 -0.0184036 -0.9929610
vn -0.0805197 -0.0210704 -0.9965302
vn -0.0814596 -0.0210024 0.9964553
vn -0.1611078 -0.0179265 -0.9867740
vn -0.1031162 -0.0221533 -0.9944226
vn -0.1042503 -0.0220695 0.9943062
vn -0.2019453 -0.0170892 -0.9792477
vn -0.1252837 -0.0226686 -0.9918620
vn -0.1265723 -0.0225727 0.9917005
vn -0.2395292 -0.0158863 -0.9707592
vn -0.1470050 -0.0226180 -0.9888771
vn -0.1484093 -0.0225133 0.9886698
vn -0.2739047 -0.0143127 -0.9616504
vn -0.1682796 -0.0220018 -0.9854938
vn -0.1697633 -0.0218912 0.9852417
vn -0.3051394 -0.0123632 -0.9522275
vn -0.1891188 -0.0208186 -0.9817335
vn -0.1906498 -0.0207047 0.9814398
vn -0.3333195 -0.0100309 -0.9427606
vn -0.2095481 -0.0190657 -0.9776124
vn -0.2111006 -0.0189505 0.9772806
vn -0.3585465 -0.0073098 -0.9334833
vn -0.2296062 -0.0167400 -0.9731396
vn -0.2311625 -0.0166246 0.9727731
vn -0.3809281 -0.0041922 -0.9245952
vn -0.2493422 -0.0138368 -0.9683166
vn -0.2508941 -0.0137214 0.9679173
vn -0.4005756 -0.0006696 -0.9162634
vn -0.2688154 -0.0103497 -0.9631361
vn -0.2703659 -0.0102339 0.9627032
vn -0.4176019 0.0032663 -0.9086242
vn -0.2880946 -0.0062729 -0.9575814
vn -0.2896595 -0.0061552 0.9571099
vn -0.4321165 0.0076237 -0.9017856
vn -0.3072564 -0.0015998 -0.9516254
vn -0.3088650 -0.0014773 0.9511048
vn -0.4442263 0.0124108 -0.8958287
vn -0.3263846 0.0036772 -0.9452299
vn -0.3280812 0.0038083 0.9446419
vn -0.4540351 0.0175475 -0.8908110
vn -0.3455691 0.0094789 -0.9383454
vn -0.6090985 0.0293734 0.7925504
vn -0.3474131 0.0096239 0.9376628
vn -0.4617204 0.0223000 -0.8867452
vn -0.3648936 0.0150726 -0.9309272
vn -0.6102154 0.0335729 0.7915238
vn -0.3669583 0.0152376 0.9301126
vn -0.4679750 0.0251070 -0.8833849
vn -0.3843383 0.0188560 -0.9229998
vn -0.6105796 0.0358969 0.7911410
vn -0.3866940 0.0190451 0.9220114
vn -0.4740636 0.0261520 -0.8801021
vn -0.4036855 0.0208955 -0.9146592
vn -0.6112201 0.0365020 0.7906186
vn -0.4063712 0.0211101 0.9134642
vn -0.4802503 0.0268361 -0.8767209
vn -0.4228612 0.0225543 -0.9059138
vn -0.6123139 0.0367776 0.7897589
vn -0.4259065 0.0227960 0.9044800
vn -0.4865238 0.0275234 -0.8732337
vn -0.4418523 0.0241937 -0.8967615
vn -0.6138183 0.0370853 0.7885758
vn -0.4452857 0.0244645 0.8950542
vn -0.4928637 0.0282350 -0.8696483
vn -0.4606536 0.0258361 -0.8872039
vn -0.6156876 0.0374440 0.7871002
vn -0.4645023 0.0261381 0.8851861
vn -0.4992517 0.0289686 -0.8659726
vn -0.4792591 0.0274806 -0.8772432
vn -0.6178812 0.0378487 0.7853600
vn -0.4835486 0.0278155 0.8748754
vn -0.5056711 0.0297228 -0.8622141
vn -0.4976618 0.0291270 -0.8668820
vn -0.6203620 0.0382961 0.7833800
vn -0.5024161 0.0294964 0.8641227
vn -0.5099309 0.0302377 -0.8596838
vn -0.5164292 0.0308185 -0.8557752
vn -0.6230963 0.0387827 0.7811830
vn -0.5210955 0.0311799 0.8529287
vn -0.5362768 0.0326102 -0.8434120
vn -0.6260535 0.0393070 0.7787887
vn -0.5395768 0.0328664 0.8412946
vn -0.7970541 0.0523401 -0.6016356
vn -0.5560123 0.0344095 -0.8304616
vn -0.6292051 0.0398652 0.7762163
vn -0.5578511 0.0345545 0.8292214
vn -0.7962562 0.0526079 -0.6026678
vn -0.5756117 0.0362137 -0.8169209
vn -0.6325259 0.0404536 0.7734820
vn -0.5759061 0.0362420 0.8167121
vn -0.7957745 0.0529224 -0.6032761
vn -0.5950503 0.0380230 -0.8027885
vn -0.6359920 0.0410725 0.7706019
vn -0.5937305 0.0379304 0.8037695
vn -0.7955822 0.0532800 -0.6034983
vn -0.6143040 0.0398355 -0.7880633
vn -0.8543692 0.0575749 0.5164673
vn -0.6395823 0.0417194 0.7675897
vn -0.6113138 0.0396185 0.7903960
vn -0.7956536 0.0536769 -0.6033690
vn -0.6333464 0.0416483 -0.7727468
vn -0.8535050 0.0579030 0.5178576
vn -0.6432770 0.0423918 0.7644590
vn -0.6286434 0.0413045 0.7765961
vn -0.7959641 0.0541111 -0.6029206
vn -0.6521507 0.0434601 -0.7568425
vn -0.8528914 0.0582695 0.5188266
vn -0.6470584 0.0430883 0.7612219
vn -0.6457075 0.0429879 0.7623739
vn -0.7964902 0.0545803 -0.6021830
vn -0.6706903 0.0452688 -0.7403548
vn -0.8525071 0.0586722 0.5194125
vn -0.6653858 0.0448794 0.7451494
vn -0.6474237 0.0431595 0.7609072
vn -0.7972096 0.0550824 -0.6011845
vn -0.6889378 0.0470725 -0.7232903
vn -0.8523313 0.0591089 0.5196513
vn -0.6851155 0.0467905 0.7269301
vn -0.7981019 0.0556157 -0.5999501
vn -0.7068664 0.0488693 -0.7056568
vn -0.9309170 0.0652069 -0.3593628
vn -0.8523445 0.0595780 0.5195761
vn -0.7045241 0.0486943 0.7080076
vn -0.7991477 0.0561782 -0.5985039
vn -0.7244492 0.0506573 -0.6874643
vn -0.9304146 0.0656623 -0.3605790
vn -0.8525278 0.0600776 0.5192177
vn -0.7235727 0.0505879 0.6883919
vn -0.8003290 0.0567680 -0.5968675
vn -0.7416597 0.0524338 -0.6687238
vn -0.9300345 0.0661427 -0.3614704
vn -0.9560755 0.0679709 0.2851306
vn -0.8528640 0.0606057 0.5186039
vn -0.7422217 0.0524680 0.6680973
vn -0.8016295 0.0573850 -0.5950606
vn -0.7584715 0.0541982 -0.6494486
vn -0.9297653 0.0666490 -0.3620695
vn -0.9557607 0.0684759 0.2860639
vn -0.8533362 0.0611624 0.5177612
vn -0.7604327 0.0543332 0.6471399
vn -0.8030337 0.0580282 -0.5931016
vn -0.7748601 0.0559490 -0.6296520
vn -0.9295959 0.0671808 -0.3624061
vn -0.9874824 0.0712186 -0.1407350
vn -0.9949650 0.0717328 0.0699927
vn -0.9555188 0.0690041 0.2867441
vn -0.8539293 0.0617467 0.5167128
vn -0.7781689 0.0561810 0.6255373
vn -0.8045276 0.0586968 -0.5910077
vn -0.7908000 0.0576843 -0.6093503
vn -0.9295149 0.0677456 -0.3625089
vn -0.9873704 0.0717799 -0.1412349
vn -0.9949045 0.0722934 0.0702763
vn -0.9553413 0.0695654 0.2871995
vn -0.8546288 0.0623597 0.5154812
vn -0.7953936 0.0580104 0.6033107
vn -0.8060247 0.0598349 -0.5888497
vn -0.8062860 0.0598711 -0.5884882
vn -0.9293367 0.0697997 -0.3625761
vn -0.9871510 0.0737352 -0.1417607
vn -0.9947501 0.0741103 0.0705684
vn -0.9550230 0.0717434 0.2877219
vn -0.8553085 0.0635874 0.5142022
vn -0.8119533 0.0603449 0.5805948
vn -0.9260813 0.0955288 -0.3650312
vn -0.8250041 0.0773206 -0.5598123
vn -0.9844659 0.1001624 -0.1442024
vn -0.9924254 0.0996362 0.0718631
vn -0.9515567 0.0989653 0.2911109
vn -0.8544604 0.0785177 0.5135487
vn -0.8264567 0.0758198 0.5578716
vn -0.8874632 0.2780818 -0.3675317
vn -0.8235446 0.2365151 -0.5155919
vn -0.9427105 0.2981884 -0.1496015
vn -0.9518948 0.2971323 0.0748913
vn -0.9105830 0.2905427 0.2939788
vn -0.8338507 0.2144015 0.5086501
vn -0.8266574 0.2130857 0.5207995
vn -0.6529304 0.7041430 -0.2790419
vn -0.4298573 0.9003251 -0.0680985
vn -0.3998246 0.9161128 0.0296244
vn -0.5554903 0.8132916 0.1731686
vn -0.8205721 0.2671934 0.5052415
vn 0.7467790 -0.5825104 -0.3209404
vn 0.8105627 -0.5821940 0.0635477
vn 0.6836103 -0.5734265 0.4515076
vn 0.6262169 -0.4613215 -0.6285180
vn 0.8094714 -0.4641115 -0.3596620
vn 0.8311018 -0.4774203 -0.2852010
vn 0.8634173 -0.5008447 0.0605408
vn 0.8064677 -0.4316889 0.4040477
vn 0.8113164 -0.4324615 0.3933736
vn 0.5252424 -0.4082080 0.7466503
vn 0.7002785 -0.4683691 -0.5387397
vn 0.6631795 -0.4938499 -0.5624102
vn 0.8081448 -0.4294061 0.4031283
vn 0.6339406 -0.3149522 0.7063458
vn 0.7455550 -0.3242280 0.5822574
vn 0.4030869 -0.6570817 -0.6369965
vn 0.3519349 -0.6670621 -0.6566353
vn 0.6924538 -0.2568355 0.6741983
vn 0.6831994 -0.2360305 0.6910341
vn -0.0397444 -0.4985979 -0.8659217
vn 0.0645890 -0.5966922 -0.7998666
vn 0.0493689 -0.5828683 -0.8110656
vn 0.4118372 -0.1694054 0.8953726
vn 0.6541644 -0.1824351 0.7340207
vn -0.0289166 -0.3876317 -0.9213607
vn 0.4604085 -0.1935339 0.8663537
vn 0.6236259 -0.1993035 0.7558894
vn -0.0447067 -0.2104587 -0.9765800
vn 0.5434472 -0.2954179 0.7857438
vn 0.5858136 -0.2895118 0.7569711
vn -0.1179458 -0.0890536 -0.9890189
vn -0.0534289 -0.1418065 -0.9884514
vn -0.0617312 -0.0930076 -0.9937499
vn 0.5903534 -0.2783882 0.7576165
vn 0.6300863 -0.1914191 0.7525623
vn -0.1650620 0.0114408 -0.9862168
vn -0.0732972 0.0073630 -0.9972830
vn 0.5031899 -0.0694992 0.8613766
vn 0.6703818 -0.0420134 0.7408261
vn -0.1164765 0.1082922 -0.9872720
vn -0.0748888 0.1080567 -0.9913200
vn 0.5072757 0.0098726 0.8617273
vn 0.6810987 0.0133067 0.7320707
vn -0.0719770 0.1408212 -0.9874151
vn -0.0675150 0.2221191 -0.9726792
vn 0.4951278 0.0334161 0.8681773
vn 0.6890311 0.0345783 0.7239065
vn -0.0373221 0.3787742 -0.9247363
vn 0.4793188 0.0433104 0.8765715
vn 0.6999279 0.0458255 0.7127419
vn -0.0372052 0.4826511 -0.8750221
vn 0.0579103 0.5653122 -0.8228417
vn 0.4610785 0.0450311 0.8862160
vn 0.7136666 0.0485787 0.6987990
vn 0.0733192 0.5789829 -0.8120363
vn 0.3625624 0.6419123 -0.6756457
vn 0.7284917 0.0397579 0.6839001
vn 0.4311110 0.6075217 -0.6671287
vn 0.3828759 0.3046926 -0.8721058
vn 0.6631834 0.3548655 -0.6589828
vn 0.7407472 0.0152496 0.6716107
vn 0.7279090 0.1428103 -0.6706368
vn 0.7438743 -0.0198886 0.6680235
vn 0.7290515 0.1026078 -0.6767241
vn 0.7060326 0.0307526 -0.7075114
vn 0.7326171 0.0274003 -0.6800893
vn 0.7338294 -0.0441330 0.6778988
vn 0.6929620 -0.0275550 -0.7204473
vn 0.7133268 -0.0293119 -0.7002183
vn 0.7166038 -0.0502086 0.6956710
vn 0.6937265 -0.0428955 -0.7189600
vn 0.6903397 -0.0459831 -0.7220226
vn 0.3975370 -0.0292375 0.9171202
vn 0.6981844 -0.0492284 0.7142236
vn 0.6726637 -0.0469317 -0.7384585
vn 0.3929628 -0.0286643 0.9191075
vn 0.6795889 -0.0475343 0.7320515
vn 0.6550657 -0.0455754 -0.7541962
vn 0.3888695 -0.0281687 0.9208621
vn 0.6608024 -0.0459749 0.7491505
vn 0.6372451 -0.0442229 -0.7693913
vn 0.3852822 -0.0277554 0.9223812
vn 0.6417760 -0.0445378 0.7655978
vn 0.6191350 -0.0429686 -0.7841081
vn 0.3822438 -0.0274279 0.9236544
vn 0.6224595 -0.0432001 0.7814589
vn 0.6006765 -0.0417929 -0.7983992
vn 0.3798147 -0.0271924 0.9246628
vn 0.6028014 -0.0419408 0.7967882
vn 0.5818107 -0.0406732 -0.8123066
vn 0.3780800 -0.0270558 0.9253775
vn 0.5827520 -0.0407372 0.8116283
vn 0.5624837 -0.0395888 -0.8258601
vn 0.3771526 -0.0270279 0.9257566
vn 0.5622665 -0.0395688 0.8260089
vn 0.5426435 -0.0385211 -0.8390794
vn 0.3771823 -0.0271230 0.9257419
vn 0.5413030 -0.0384169 0.8399495
vn 0.5222453 -0.0374496 -0.8519726
vn 0.3783655 -0.0273570 0.9252520
vn 0.5198277 -0.0372618 0.8534581
vn 0.5012525 -0.0363566 -0.8645370
vn 0.3809556 -0.0277516 0.9241768
vn 0.4978163 -0.0360862 0.8665315
vn 0.4796372 -0.0352254 -0.8767596
vn 0.3852827 -0.0283342 0.9223635
vn 0.4752540 -0.0348743 0.8791572
vn 0.4573836 -0.0340404 -0.8886178
vn 0.3917786 -0.0291397 0.9195979
vn 0.4521389 -0.0336118 0.8913140
vn 0.4344889 -0.0327892 -0.9000802
vn 0.4010063 -0.0302135 0.9155769
vn 0.4284816 -0.0322873 0.9029734
vn 0.4109635 -0.0315556 -0.9111055
vn 0.4101128 -0.0313027 0.9114975
vn 0.4047658 -0.0310251 0.9138939
vn 0.3868159 -0.0311033 -0.9216323
vn 0.3818478 -0.0306652 0.9237164
vn 0.3620049 -0.0329009 -0.9315954
vn 0.3582173 -0.0325523 0.9330706
vn 0.3365043 -0.0363309 -0.9409808
vn 0.3339226 -0.0360789 0.9419098
vn 0.3105085 -0.0395676 -0.9497467
vn 0.3091324 -0.0394212 0.9502017
vn 0.2842391 -0.0421756 -0.9578253
vn 0.2840174 -0.0421393 0.9578927
vn -0.0314218 -0.0215458 -0.9992740
vn 0.2578995 -0.0441488 -0.9651625
vn 0.2587341 -0.0442215 0.9649358
vn 0.0346014 -0.0303758 -0.9989395
vn 0.2316726 -0.0455073 -0.9717289
vn 0.2334250 -0.0456821 0.9713011
vn 0.1882210 -0.0449795 -0.9810961
vn 0.2057191 -0.0462698 -0.9775167
vn 0.2082170 -0.0465345 0.9769750
vn 0.2040063 -0.0462811 -0.9778750
vn 0.1811996 -0.0465707 -0.9823431
vn 0.1832193 -0.0467909 0.9819579
vn 0.1569990 -0.0462920 -0.9865132
vn 0.1585223 -0.0464629 0.9862615
vn 0.1330992 -0.0454319 -0.9900609
vn 0.1341960 -0.0455589 0.9899070
vn 0.1095499 -0.0439955 -0.9930072
vn 0.1102928 -0.0440850 0.9929209
vn 0.0863833 -0.0419884 -0.9953768
vn 0.0868454 -0.0420471 0.9953340
vn 0.0636140 -0.0394133 -0.9971960
vn 0.0638665 -0.0394482 0.9971785
vn 0.0412423 -0.0362705 -0.9984906
vn 0.0413521 -0.0362883 0.9984854
vn 0.0192531 -0.0325586 -0.9992844
vn 0.0192812 -0.0325657 0.9992836
vn -0.0023830 -0.0282757 -0.9995973
vn -0.0023839 -0.0282776 0.9995973
vn -0.0237087 -0.0234182 -0.9994446
vn -0.0236958 -0.0234194 0.9994449
vn -0.0447801 -0.0179809 -0.9988350
vn -0.0447222 -0.0179850 0.9988375
vn -0.0656650 -0.0120439 -0.9977691
vn -0.0655441 -0.0120530 0.9977769
vn -0.0864386 -0.0063351 -0.9962370
vn -0.0862515 -0.0063497 0.9962532
vn -0.1071486 -0.0024411 -0.9942400
vn -0.1069025 -0.0024606 0.9942665
vn -0.1277637 -0.0002809 -0.9918046
vn -0.1274655 -0.0003048 0.9918429
vn -0.1482721 0.0015064 -0.9889455
vn -0.1479301 0.0014788 0.9889967
vn -0.1686740 0.0032803 -0.9856664
vn -0.1683007 0.0032502 0.9857304
vn -0.1889730 0.0050634 -0.9819692
vn -0.1885847 0.0050320 0.9820440
vn -0.2091715 0.0068557 -0.9778550
vn -0.2087881 0.0068248 0.9779371
vn -0.2292712 0.0086576 -0.9733240
vn -0.2289163 0.0086293 0.9734079
vn -0.5095794 0.0302892 -0.8598904
vn -0.2492740 0.0104691 -0.9683765
vn -0.2489747 0.0104454 0.9684537
vn -0.5086572 0.0304833 -0.8604293
vn -0.2691809 0.0122907 -0.9630112
vn -0.2689672 0.0122742 0.9630711
vn -0.5084391 0.0307585 -0.8605485
vn -0.2889940 0.0141222 -0.9572268
vn -0.2888988 0.0141156 0.9572556
vn -0.5088345 0.0311056 -0.8603022
vn -0.3087122 0.0159631 -0.9510216
vn -0.3087710 0.0159691 0.9510024
vn -0.5097671 0.0315194 -0.8597348
vn -0.3283352 0.0178144 -0.9443933
vn -0.3285852 0.0178360 0.9443059
vn -0.5111713 0.0319934 -0.8588831
vn -0.3478628 0.0196760 -0.9373389
vn -0.3483430 0.0197162 0.9371597
vn -0.5129914 0.0325217 -0.8577775
vn -0.3672928 0.0215471 -0.9298558
vn -0.3680433 0.0216090 0.9295575
vn -0.5151788 0.0330999 -0.8564434
vn -0.3866226 0.0234279 -0.9219404
vn -0.3876842 0.0235147 0.9214923
vn -0.5176916 0.0337242 -0.8549024
vn -0.4058485 0.0253181 -0.9135896
vn -0.6457328 0.0433999 0.7623290
vn -0.4072617 0.0254328 0.9129573
vn -0.5204923 0.0343909 -0.8531736
vn -0.4249664 0.0272173 -0.9047999
vn -0.6443129 0.0437281 0.7635108
vn -0.4267714 0.0273630 0.9039454
vn -0.5235485 0.0350968 -0.8512727
vn -0.4439707 0.0291252 -0.8955678
vn -0.6433765 0.0441177 0.7642776
vn -0.4462072 0.0293048 0.8944497
vn -0.5268304 0.0358393 -0.8492145
vn -0.4628555 0.0310413 -0.8858901
vn -0.6428846 0.0445642 0.7646656
vn -0.4655614 0.0312577 0.8844634
vn -0.5303122 0.0366152 -0.8470114
vn -0.4816136 0.0329647 -0.8757635
vn -0.6427993 0.0450633 0.7647080
vn -0.4848248 0.0332205 0.8739802
vn -0.5339698 0.0374234 -0.8446749
vn -0.5002367 0.0348956 -0.8651853
vn -0.6430864 0.0456124 0.7644341
vn -0.5039868 0.0351933 0.8629940
vn -0.5377822 0.0382620 -0.8422151
vn -0.5187166 0.0368337 -0.8541524
vn -0.6437131 0.0462085 0.7638705
vn -0.5230363 0.0371754 0.8514993
vn -0.5417298 0.0391302 -0.8396414
vn -0.5370438 0.0387792 -0.8426625
vn -0.6446499 0.0468508 0.7630410
vn -0.5419611 0.0391695 0.8394903
vn -0.5429744 0.0395544 -0.8388172
vn -0.8060009 0.0598519 -0.5888805
vn -0.5568461 0.0414767 -0.8295795
vn -0.6459785 0.0481231 0.7618372
vn -0.5608643 0.0418195 0.8268509
vn -0.8029497 0.0765597 -0.5911094
vn -0.5776718 0.0604875 -0.8140249
vn -0.6481346 0.0659228 0.7586671
vn -0.5804274 0.0618006 0.8119636
vn -0.7765090 0.2408971 -0.5822391
vn -0.5916719 0.2284361 -0.7731374
vn -0.6327425 0.2230815 0.7415332
vn -0.5931044 0.2232708 0.7735485
vn -0.2970867 0.9116501 -0.2839603
vn -0.1002598 0.9935842 -0.0523299
vn -0.0558486 0.9984105 -0.0075699
vn -0.0509882 0.9986951 0.0028654
vn -0.0764810 0.9967715 0.0244397
vn -0.1788404 0.9717102 0.1542575
vn -0.5691907 0.4177377 0.7081788
vn 0.8464440 -0.4563336 -0.2743944
vn 0.8950732 -0.4412003 0.0647017
vn 0.7149141 -0.4834856 -0.5051134
vn 0.8936031 -0.4049047 -0.1937156
vn 0.9332941 -0.3482167 0.0877907
vn 0.8592197 -0.3308973 0.3901902
vn 0.4380619 -0.6910239 -0.5749676
vn 0.7866154 -0.5704802 -0.2361961
vn 0.8781148 -0.4642281 -0.1157879
vn 0.9213703 -0.3833168 -0.0643814
vn 0.9494160 -0.2864847 0.1285910
vn 0.8898027 -0.2498028 0.3819028
vn 0.9471031 -0.2760427 0.1636950
vn 0.7044457 -0.2371180 0.6689779
vn 0.1678804 -0.6083940 -0.7756758
vn 0.4797236 -0.6519507 -0.5872186
vn 0.5908884 -0.7246487 -0.3545915
vn 0.7975004 -0.5762234 -0.1787720
vn 0.9044062 -0.1922256 0.3809183
vn 0.7355636 -0.1846264 0.6518123
vn 0.9039423 -0.1915102 0.3823768
vn 0.4324569 -0.5771750 -0.6927122
vn 0.3889374 -0.4077361 -0.8261228
vn 0.7598479 -0.1870320 0.6226156
vn 0.8717435 -0.1837435 0.4542044
vn 0.3397236 -0.2260773 -0.9129496
vn 0.8105360 -0.1968543 0.5516154
vn 0.8487007 -0.1880463 0.4943133
vn 0.1840583 -0.1015394 -0.9776565
vn 0.3090173 -0.1032644 -0.9454337
vn 0.8487028 -0.1300615 0.5126281
vn 0.6916159 -0.1710289 0.7017241
vn 0.8515920 -0.0955401 0.5154251
vn 0.3031887 -0.0356910 -0.9522619
vn 0.3012461 0.0027670 -0.9535425
vn 0.7439855 -0.0357678 0.6672378
vn 0.8667490 -0.0083676 0.4986744
vn 0.3013215 0.0377374 -0.9527755
vn 0.1382294 0.1111930 -0.9841385
vn 0.3044530 0.1099367 -0.9461619
vn 0.7540992 0.0159047 0.6565679
vn 0.8780969 0.0311400 0.4774685
vn 0.3320164 0.2356184 -0.9133725
vn 0.7568753 0.0376568 0.6524735
vn 0.8916843 0.0548082 0.4493275
vn 0.3869947 0.4119735 -0.8249321
vn 0.9007284 0.0694054 0.4288021
vn 0.9124819 0.0737057 0.4024230
vn 0.8970897 0.0596954 0.4377974
vn 0.7586888 0.0490855 0.6496013
vn 0.4417016 0.5597314 -0.7011423
vn 0.1695751 0.5906370 -0.7889183
vn 0.4965075 0.6403909 -0.5859863
vn 0.9072566 0.0734155 0.4141203
vn 0.9395818 0.0867788 0.3311427
vn 0.7608431 0.0515021 0.6468890
vn 0.6093721 0.7077416 -0.3574459
vn 0.4613029 0.6687441 -0.5830789
vn 0.8231957 0.5332019 -0.1950502
vn 0.8138313 0.5214190 -0.2565164
vn 0.8903790 0.4183078 -0.1795656
vn 0.9150368 0.0636148 0.3983225
vn 0.9674340 0.0862560 0.2379735
vn 0.7639870 0.0419901 0.6438639
vn 0.7676399 0.3240768 -0.5529044
vn 0.9502371 0.2609729 -0.1701249
vn 0.9363146 0.1986807 -0.2895530
vn 0.9878358 0.1183303 -0.1008881
vn 0.9234050 0.0345879 0.3822656
vn 0.9882942 0.0618428 0.1394634
vn 0.7682809 0.0166546 0.6398962
vn 0.7356459 0.1414020 -0.6624429
vn 0.9170513 0.0893099 -0.3886394
vn 0.9918726 0.0849776 -0.0946971
vn 0.9904501 0.0382820 -0.1324507
vn 0.9889654 0.0590729 0.1358598
vn 0.9939288 0.0092451 0.1096366
vn 0.9303689 -0.0095442 0.3665005
vn 0.7724684 -0.0192816 0.6347603
vn 0.9029848 -0.0001005 -0.4296724
vn 0.9867306 -0.0253626 -0.1603728
vn 0.9950555 -0.0395156 0.0911212
vn 0.9338886 -0.0462268 0.3545634
vn 0.7745725 -0.0450972 0.6308753
vn 0.8960638 -0.0469565 -0.4414349
vn 0.9839723 -0.0582485 -0.1685399
vn 0.9855211 -0.0584745 -0.1591507
vn 0.9949322 -0.0462171 0.0892967
vn 0.9348454 -0.0613819 0.3497089
vn 0.9890975 -0.0627422 0.1332272
vn 0.7743132 -0.0533388 0.6305507
vn 0.6928232 -0.0461640 -0.7196283
vn 0.8952130 -0.0592462 -0.4416825
vn 0.9729231 -0.0640668 -0.2220723
vn 0.9839644 -0.0584030 -0.1685318
vn 0.9356366 -0.0628687 0.3473207
vn 0.9757044 -0.0649687 0.2092369
vn 0.7737904 -0.0537008 0.6311615
vn 0.6907697 -0.0480172 -0.7214788
vn 0.8961334 -0.0598489 -0.4397306
vn 0.9591332 -0.0631852 -0.2758100
vn 0.9366350 -0.0619853 0.3447792
vn 0.9567070 -0.0630615 0.2841389
vn 0.7735713 -0.0529928 0.6314896
vn 0.6893493 -0.0475450 -0.7228673
vn 0.8974369 -0.0591861 -0.4371545
vn 0.9425855 -0.0615424 -0.3282454
vn 0.9375671 -0.0613601 0.3423492
vn 0.7737010 -0.0524166 0.6313788
vn 0.9352217 -0.0610941 0.3487521
vn 0.6882578 -0.0471228 -0.7239342
vn 0.8990041 -0.0587111 -0.4339869
vn 0.9233356 -0.0599756 -0.3792812
vn 0.7741821 -0.0520152 0.6308221
vn 0.9224618 -0.0599170 0.3814108
vn 0.6874913 -0.0468426 -0.7246802
vn 0.9008426 -0.0584522 -0.4301929
vn 0.9014924 -0.0584861 -0.4288250
vn 0.7750225 -0.0517898 0.6298079
vn 0.9085585 -0.0589038 0.4135841
vn 0.6870564 -0.0467076 -0.7251014
vn 0.8879645 -0.0577072 -0.4562773
vn 0.9008919 -0.0584509 -0.4300898
vn 0.7762359 -0.0517441 0.6283154
vn 0.8934775 -0.0580337 0.4453426
vn 0.6869668 -0.0467179 -0.7251855
vn 0.8737831 -0.0570797 -0.4829544
vn 0.7778417 -0.0518789 0.6263154
vn 0.8771688 -0.0572802 0.4767535
vn 0.6872447 -0.0468763 -0.7249120
vn 0.8586178 -0.0565622 -0.5094862
vn 0.7798653 -0.0521976 0.6237672
vn 0.8595723 -0.0566166 0.5078682
vn 0.6879199 -0.0471879 -0.7242510
vn 0.8423941 -0.0561300 -0.5359306
vn 0.7823386 -0.0527059 0.6206194
vn 0.8406159 -0.0560165 0.5387273
vn 0.6890322 -0.0476556 -0.7231622
vn 0.8250317 -0.0557531 -0.5623292
vn 0.7852994 -0.0534065 0.6168084
vn 0.8202223 -0.0554479 0.5693512
vn 0.6906322 -0.0482850 -0.7215924
vn 0.8064468 -0.0554019 -0.5887055
vn 0.7887923 -0.0543047 0.6122562
vn 0.7983135 -0.0548793 0.5997364
vn 0.6927795 -0.0490824 -0.7194772
vn 0.7865558 -0.0550454 -0.6150609
vn 0.7901120 -0.0546833 0.6105185
vn 0.7795538 -0.0545896 0.6239518
vn 0.6955457 -0.0500546 -0.7167362
vn 0.7652802 -0.0546517 -0.6413732
vn 0.7622287 -0.0544550 0.6450132
vn 0.6990119 -0.0512093 -0.7132741
vn 0.7425519 -0.0541886 -0.6675929
vn 0.7437634 -0.0542854 0.6662350
vn 0.7032675 -0.0526371 -0.7089740
vn 0.7183173 -0.0537058 -0.6936396
vn 0.4087630 -0.0313154 0.9121032
vn 0.7240822 -0.0541326 0.6875861
vn 0.7056181 -0.0537908 -0.7065477
vn 0.6955961 -0.0540705 -0.7163954
vn 0.4028865 -0.0322409 0.9146819
vn 0.7030832 -0.0546363 0.7090057
vn 0.6744266 -0.0565626 -0.7361722
vn 0.3982112 -0.0356118 0.9166022
vn 0.6805509 -0.0570417 0.7304771
vn 0.6516966 -0.0603854 -0.7560722
vn 0.3968601 -0.0409543 0.9169650
vn 0.6562676 -0.0607579 0.7520779
vn 0.6275480 -0.0639027 -0.7759510
vn 0.3997057 -0.0464977 0.9154634
vn 0.6303800 -0.0641439 0.7736321
vn 0.6021640 -0.0667163 -0.7955800
vn 0.4071793 -0.0518160 0.9118773
vn 0.6031049 -0.0668019 0.7948597
vn 0.5757372 -0.0688132 -0.8147339
vn 0.4196729 -0.0568965 0.9058903
vn 0.5746784 -0.0687216 0.8154889
vn 0.5484757 -0.0702070 -0.8332139
vn 0.4375520 -0.0617409 0.8970709
vn 0.5453576 -0.0699203 0.8352821
vn 0.5205977 -0.0709138 -0.8508521
vn 0.4611149 -0.0663355 0.8848574
vn 0.5154145 -0.0704200 0.8540426
vn 0.2190407 -0.0496572 -0.9744512
vn 0.4923253 -0.0709526 -0.8675146
vn 0.4877521 -0.0702616 0.8701501
vn 0.4855472 -0.0702868 0.8713803
vn 0.2412550 -0.0531318 -0.9690062
vn 0.4638777 -0.0703451 -0.8831019
vn 0.4599352 -0.0699442 0.8851934
vn 0.2704529 -0.0564901 -0.9610744
vn 0.4354626 -0.0691118 -0.8975499
vn 0.4342286 -0.0689746 0.8981581
vn 0.3073380 -0.0597330 -0.9497238
vn 0.4072753 -0.0672725 -0.9108245
vn 0.4085633 -0.0673894 0.9102389
vn 0.3525558 -0.0628513 -0.9336778
vn 0.3794889 -0.0648500 -0.9229208
vn 0.3830608 -0.0652034 0.9214191
vn 0.3699782 -0.0638104 -0.9268464
vn 0.3541277 -0.0620559 -0.9331359
vn 0.3578259 -0.0624283 0.9316992
vn 0.3300818 -0.0587816 -0.9421203
vn 0.3329475 -0.0590730 0.9410931
vn 0.3063675 -0.0549272 -0.9503272
vn 0.3084957 -0.0551457 0.9496258
vn 0.2830291 -0.0504985 -0.9577810
vn 0.2845211 -0.0506534 0.9573306
vn 0.2600947 -0.0454995 -0.9645105
vn 0.2610548 -0.0456010 0.9642463
vn 0.2375757 -0.0399325 -0.9705479
vn 0.2381082 -0.0399909 0.9704149
vn 0.2154667 -0.0338841 -0.9759232
vn 0.2156729 -0.0339096 0.9758767
vn 0.1937349 -0.0280873 -0.9806517
vn 0.1937091 -0.0280897 0.9806568
vn 0.1722796 -0.0241259 -0.9847525
vn 0.1720986 -0.0241130 0.9847846
vn 0.1509509 -0.0219025 -0.9882986
vn 0.1506661 -0.0218793 0.9883426
vn 0.1297250 -0.0200498 -0.9913473
vn 0.1293794 -0.0200201 0.9913930
vn 0.1086052 -0.0182088 -0.9939182
vn 0.1082381 -0.0181763 0.9939589
vn 0.0875915 -0.0163579 -0.9960222
vn 0.0872383 -0.0163259 0.9960537
vn 0.0666832 -0.0144967 -0.9976689
vn 0.0663752 -0.0144681 0.9976898
vn 0.0458789 -0.0126252 -0.9988672
vn 0.0456434 -0.0126026 0.9988783
vn 0.0251758 -0.0107433 -0.9996253
vn 0.0250352 -0.0107290 0.9996290
vn 0.0045699 -0.0088511 -0.9999504
vn 0.0045427 -0.0088467 0.9999505
vn -0.0159445 -0.0069481 -0.9998487
vn -0.0158447 -0.0069550 0.9998503
vn -0.0363719 -0.0050338 -0.9993257
vn -0.0361359 -0.0050528 0.9993341
vn -0.0567182 -0.0031079 -0.9983854
vn -0.0563415 -0.0031394 0.9984066
vn -0.0769906 -0.0011700 -0.9970312
vn -0.0764734 -0.0012139 0.9970709
vn -0.0971957 0.0007805 -0.9952650
vn -0.0965427 0.0007247 0.9953286
vn -0.1173399 0.0027441 -0.9930880
vn -0.1165609 0.0026773 0.9931800
vn -0.1374304 0.0047215 -0.9905002
vn -0.1365395 0.0046450 0.9906238
vn -0.1574735 0.0067129 -0.9875004
vn -0.1564899 0.0066285 0.9876573
vn -0.1774759 0.0087190 -0.9840865
vn -0.1764231 0.0086288 0.9842767
vn -0.1974435 0.0107403 -0.9802554
vn -0.1963497 0.0106469 0.9804761
vn -0.2173818 0.0127769 -0.9760030
vn -0.2162792 0.0126831 0.9762492
vn -0.2372955 0.0148298 -0.9713243
vn -0.2362206 0.0147387 0.9715877
vn -0.2571895 0.0168993 -0.9662132
vn -0.2561825 0.0168144 0.9664822
vn -0.2770686 0.0189986 -0.9606622
vn -0.2761729 0.0189215 0.9609216
vn -0.5403084 0.0401642 -0.8405080
vn -0.2970999 0.0226907 -0.9545767
vn -0.2964014 0.0223008 0.9548030
vn -0.5377162 0.0567551 -0.8412135
vn -0.3196226 0.0518791 -0.9461236
vn -0.3198490 0.0476045 0.9462719
vn -0.5196418 0.2196167 -0.8256761
vn -0.3434090 0.2508116 -0.9050767
vn -0.3534441 0.2393489 0.9043171
vn -0.2589299 0.7222216 -0.6413668
vn -0.0513007 0.9941013 -0.0955561
vn -0.0103557 0.9998934 -0.0103004
vn -0.0047276 0.9999886 -0.0007172
vn -0.0045874 0.9999879 -0.0017444
vn -0.0044348 0.9999901 0.0002891
vn -0.0043746 0.9999889 0.0017456
vn -0.0064481 0.9999675 0.0048266
vn -0.0257522 0.9984953 0.0484144
vn -0.1624822 0.9252596 0.3427741
vn -0.0038178 0.9999925 -0.0005987
vn -0.0033599 0.9999943 0.0002319
vn 0.9246774 -0.3780879 -0.0449582
vn 0.9504301 -0.2800937 0.1350191
vn 0.7403657 -0.6200282 -0.2596605
vn 0.8694820 -0.4937171 0.0156421
vn 0.9371076 -0.3317795 0.1084056
vn 0.9517545 -0.2313896 0.2015498
vn 0.9044564 -0.1915628 0.3811328
vn 0.6618190 -0.4074225 -0.6292874
vn 0.9133961 -0.3547965 -0.1995671
vn 0.9161161 -0.3662937 -0.1629732
vn 0.9366237 -0.3303680 0.1165896
vn 0.9376145 -0.2652937 0.2247184
vn 0.9378341 -0.3237562 0.1250967
vn 0.9458691 -0.1964567 0.2583343
vn 0.9054613 -0.1744882 0.3869026
vn 0.8232255 -0.2203726 -0.5231976
vn 0.8477098 -0.2179248 -0.4836288
vn 0.9481905 -0.1745152 0.2654791
vn 0.9484621 -0.1365458 0.2859631
vn 0.9488192 -0.1618521 0.2711938
vn 0.9176787 -0.1431019 0.3706584
vn 0.8360932 -0.1981976 -0.5115328
vn 0.8181150 -0.1028289 -0.5657862
vn 0.9535948 -0.0499594 0.2969191
vn 0.9529219 -0.0564534 0.2979141
vn 0.9332589 -0.0603693 0.3540952
vn 0.8607120 -0.0934926 0.5004339
vn 0.3153238 0.0027188 -0.9489803
vn 0.8104776 0.0019023 -0.5857666
vn 0.9536126 0.0192654 0.3004196
vn 0.9513980 0.0191170 0.3073699
vn 0.9401882 0.0092324 0.3405302
vn 0.8806655 -0.0069564 0.4736873
vn 0.8198870 0.1078925 -0.5622674
vn 0.9546820 0.0751982 0.2879713
vn 0.9490634 0.0891828 0.3022005
vn 0.9444132 0.0520126 0.3246202
vn 0.8887143 0.0326830 0.4572950
vn 0.8385136 0.1992019 -0.5071624
vn 0.8207787 0.2294848 -0.5231243
vn 0.8554465 0.2262096 -0.4658761
vn 0.9454218 0.1728782 0.2762080
vn 0.9484460 0.1774751 0.2625886
vn 0.9470959 0.1495875 0.2839592
vn 0.9594752 0.1238706 0.2531075
vn 0.9504865 0.0824122 0.2996392
vn 0.8948720 0.0554212 0.4428686
vn 0.6529343 0.4138345 -0.6343641
vn 0.9225757 0.3525022 -0.1568317
vn 0.9374325 0.3220080 0.1324055
vn 0.9338431 0.3465282 -0.0886301
vn 0.9438779 0.3004721 0.1371537
vn 0.9458643 0.2484629 0.2088228
vn 0.9682680 0.1600821 0.1919133
vn 0.9591556 0.1022126 0.2637672
vn 0.9233130 0.3548000 -0.1470039
vn 0.7483749 0.6107876 -0.2585995
vn 0.8785471 0.4772682 0.0192382
vn 0.9509034 0.3002338 0.0751158
vn 0.9789685 0.1742618 0.1060826
vn 0.9694868 0.1081069 0.2200186
vn 0.9508927 0.2884964 -0.1121290
vn 0.9876490 0.1564434 0.0086548
vn 0.9798319 0.0960137 0.1752452
vn 0.9913282 0.1064661 -0.0770285
vn 0.9885558 0.0620715 0.1374939
vn 0.9943947 -0.0623601 0.0853837
vn 0.9833334 -0.0646827 -0.1699164
vn 0.9942325 -0.0656198 0.0848272
vn 0.9833268 -0.0642711 -0.1701107
vn 0.9942833 -0.0647934 0.0848678
vn 0.9833745 -0.0633730 -0.1701721
vn 0.9943435 -0.0638651 0.0848656
vn 0.9375471 -0.0611992 0.3424326
vn 0.9834244 -0.0627022 -0.1701319
vn 0.9943922 -0.0631763 0.0848106
vn 0.9374446 -0.0605863 0.3428221
vn 0.9834749 -0.0622708 -0.1699985
vn 0.9944292 -0.0627318 0.0847066
vn 0.9373827 -0.0601932 0.3430604
vn 0.9006517 -0.0582858 -0.4306151
vn 0.9835250 -0.0620812 -0.1697776
vn 0.9944545 -0.0625335 0.0845565
vn 0.9373569 -0.0600219 0.3431608
vn 0.9004481 -0.0583198 -0.4310359
vn 0.9835743 -0.0621310 -0.1694735
vn 0.9944682 -0.0625794 0.0843624
vn 0.9373636 -0.0600702 0.3431341
vn 0.9002852 -0.0585571 -0.4313438
vn 0.9836224 -0.0624202 -0.1690874
vn 0.9944699 -0.0628692 0.0841246
vn 0.9374006 -0.0603380 0.3429859
vn 0.9001603 -0.0589999 -0.4315443
vn 0.9836693 -0.0629507 -0.1686177
vn 0.9944598 -0.0634048 0.0838423
vn 0.9374670 -0.0608276 0.3427178
vn 0.9000731 -0.0596465 -0.4316373
vn 0.9837154 -0.0637203 -0.1680588
vn 0.9944376 -0.0641839 0.0835127
vn 0.9375644 -0.0615371 0.3423245
vn 0.9000269 -0.0604975 -0.4316151
vn 0.9837618 -0.0647286 -0.1674005
vn 0.9944031 -0.0652061 0.0831308
vn 0.9376965 -0.0624668 0.3417938
vn 0.9000291 -0.0615533 -0.4314614
vn 0.9838103 -0.0659745 -0.1666272
vn 0.9943562 -0.0664707 0.0826889
vn 0.9378700 -0.0636169 0.3411054
vn 0.7892936 -0.0551554 0.6115337
vn 0.9000917 -0.0628144 -0.4311489
vn 0.9838637 -0.0674561 -0.1657163
vn 0.9942969 -0.0679759 0.0821759
vn 0.9380946 -0.0649870 0.3402283
vn 0.7879346 -0.0560313 0.6132043
vn 0.9002321 -0.0642816 -0.4306392
vn 0.9839258 -0.0691710 -0.1646369
vn 0.9942256 -0.0697194 0.0815768
vn 0.9383842 -0.0665771 0.3391202
vn 0.7865816 -0.0570614 0.6148442
vn 0.9004701 -0.0660243 -0.4298773
vn 0.9839978 -0.0711761 -0.1633473
vn 0.9969737 -0.0720280 -0.0292482
vn 0.9941605 -0.0712065 0.0810831
vn 0.9387532 -0.0684521 0.3377229
vn 0.9920824 -0.0716649 0.1031344
vn 0.7852526 -0.0583245 0.6164224
vn 0.7041969 -0.0546922 -0.7078950
vn 0.9008186 -0.0685930 -0.4287433
vn 0.9761884 -0.0734983 -0.2040937
vn 0.9840075 -0.0720596 -0.1629006
vn 0.9391999 -0.0711313 0.3359225
vn 0.9794325 -0.0737367 0.1878158
vn 0.7839814 -0.0604465 0.6178345
vn 0.7014819 -0.0585688 -0.7102766
vn 0.9013844 -0.0729697 -0.4268274
vn 0.9604809 -0.0769237 -0.2675053
vn 0.9397680 -0.0755285 0.3333641
vn 0.9580522 -0.0767631 0.2761222
vn 0.7830274 -0.0645822 0.6186253
vn 0.6999118 -0.0639909 -0.7113569
vn 0.9025335 -0.0785436 -0.4233959
vn 0.9387966 -0.0809968 -0.3348142
vn 0.9402770 -0.0787953 0.3311652
vn 0.7830781 -0.0701459 0.6179547
vn 0.9338071 -0.0806060 0.3485784
vn 0.6998571 -0.0693340 -0.7109098
vn 0.9044785 -0.0838724 -0.4181913
vn 0.9104152 -0.0842798 -0.4050199
vn 0.7844527 -0.0755762 0.6155666
vn 0.9152678 -0.0846380 0.3938543
vn 0.7014585 -0.0742007 -0.7088373
vn 0.8886282 -0.0874695 -0.4502100
vn 0.9048991 -0.0846613 -0.4171212
vn 0.7872667 -0.0804893 0.6113367
vn 0.8932514 -0.0878396 0.4408926
vn 0.7048115 -0.0785660 -0.7050306
vn 0.8665120 -0.0900439 -0.4909674
vn 0.7915865 -0.0848565 0.6051366
vn 0.8676111 -0.0901471 0.4890035
vn 0.7099867 -0.0824244 -0.6993748
vn 0.8416278 -0.0917878 -0.5322008
vn 0.7974471 -0.0886678 0.5968385
vn 0.8383235 -0.0915261 0.5374353
vn 0.7170218 -0.0857671 -0.6917542
vn 0.8140442 -0.0926840 -0.5733601
vn 0.8048449 -0.0919107 0.5863251
vn 0.8055090 -0.0919573 0.5854052
vn 0.7259135 -0.0885818 -0.6820578
vn 0.7839231 -0.0927261 -0.6138945
vn 0.8049710 -0.0919516 0.5861456
vn 0.4882267 -0.0704989 0.8698647
vn 0.7815752 -0.0925123 0.6169131
vn 0.7366096 -0.0908561 -0.6701876
vn 0.7515210 -0.0919232 -0.6532735
vn 0.4948429 -0.0727073 0.8659354
vn 0.7563663 -0.0923416 0.6475979
vn 0.7404541 -0.0914116 -0.6658616
vn 0.7240248 -0.0909118 -0.6837566
vn 0.5036546 -0.0744597 0.8606902
vn 0.7298884 -0.0914352 0.6774234
vn 0.6988595 -0.0894828 -0.7096394
vn 0.5146397 -0.0757402 0.8540547
vn 0.7023651 -0.0898041 0.7061292
vn 0.6730241 -0.0873702 -0.7344420
vn 0.5277293 -0.0765351 0.8459576
vn 0.6740448 -0.0874700 0.7334933
vn 0.3768392 -0.0638804 -0.9240733
vn 0.6467254 -0.0845904 -0.7580177
vn 0.5428053 -0.0768279 0.8363371
vn 0.6451938 -0.0844564 0.7593366
vn 0.3886006 -0.0634529 -0.9192188
vn 0.6201770 -0.0811605 -0.7802522
vn 0.5596901 -0.0766006 0.8251541
vn 0.6160875 -0.0807883 0.7835237
vn 0.4019819 -0.0625050 -0.9135118
vn 0.5935912 -0.0771011 -0.8010648
vn 0.5781489 -0.0758395 0.8123990
vn 0.5869999 -0.0764946 0.8059651
vn 0.4167587 -0.0610167 -0.9069669
vn 0.5671723 -0.0724338 -0.8204077
vn 0.5816120 -0.0755810 0.8099476
vn 0.5626959 -0.0720194 0.8235208
vn 0.4326456 -0.0589695 -0.8996334
vn 0.5411109 -0.0671796 -0.8382636
vn 0.5396100 -0.0670373 0.8392420
vn 0.4492911 -0.0563473 -0.8916066
vn 0.5155792 -0.0613580 -0.8546422
vn 0.5168147 -0.0614639 0.8538880
vn 0.4662778 -0.0532235 -0.8830358
vn 0.4907243 -0.0550727 -0.8695727
vn 0.4944024 -0.0553957 0.8674662
vn 0.4760899 -0.0514311 -0.8778914
vn 0.4677650 -0.0491721 -0.8824840
vn 0.4724154 -0.0495782 0.8799805
vn 0.4468050 -0.0452652 -0.8934855
vn 0.4507244 -0.0456070 0.8914973
vn 0.4257979 -0.0430901 -0.9037917
vn 0.4290356 -0.0433744 0.9022456
vn 0.4047264 -0.0412715 -0.9135060
vn 0.4073266 -0.0415020 0.9123391
vn 0.3836174 -0.0394506 -0.9226491
vn 0.3856282 -0.0396309 0.9218028
vn 0.3624912 -0.0376080 -0.9312281
vn 0.3639637 -0.0377420 0.9306481
vn 0.3413667 -0.0357442 -0.9392503
vn 0.3423550 -0.0358360 0.9388871
vn 0.3202613 -0.0338607 -0.9467239
vn 0.3208209 -0.0339147 0.9465325
vn 0.2991899 -0.0319590 -0.9536583
vn 0.2993774 -0.0319799 0.9535987
vn 0.2781652 -0.0300411 -0.9600633
vn 0.2780374 -0.0300336 0.9601006
vn 0.2571966 -0.0281075 -0.9659503
vn 0.2568098 -0.0280763 0.9660540
vn 0.2362938 -0.0261583 -0.9713295
vn 0.2357031 -0.0261082 0.9714744
vn 0.2154633 -0.0241954 -0.9762121
vn 0.2147214 -0.0241310 0.9763772
vn 0.1947083 -0.0222193 -0.9806095
vn 0.1938659 -0.0221451 0.9807781
vn 0.1740315 -0.0202298 -0.9845322
vn 0.1731361 -0.0201500 0.9846917
vn 0.1534338 -0.0182271 -0.9879908
vn 0.1525292 -0.0181458 0.9881324
vn 0.1329139 -0.0162116 -0.9909950
vn 0.1320401 -0.0161324 0.9911131
vn 0.1124691 -0.0141830 -0.9935540
vn 0.1116619 -0.0141095 0.9936461
vn 0.0920953 -0.0121413 -0.9956762
vn 0.0913860 -0.0120762 0.9957423
vn 0.0717870 -0.0100858 -0.9973689
vn 0.0712022 -0.0100318 0.9974115
vn 0.0515378 -0.0080164 -0.9986389
vn 0.0510993 -0.0079755 0.9986617
vn 0.0313404 -0.0059324 -0.9994912
vn 0.0310650 -0.0059063 0.9994999
vn 0.0111854 -0.0038331 -0.9999301
vn 0.0110849 -0.0038230 0.9999313
vn -0.0089364 -0.0016943 -0.9999586
vn -0.0088550 -0.0017194 0.9999593
vn -0.0290738 0.0025321 -0.9995741
vn -0.0287796 0.0008926 0.9995854
vn -0.0498402 0.0354169 -0.9981290
vn -0.0491867 0.0172253 0.9986410
vn -0.0717583 0.2532523 -0.9647352
vn -0.0743111 0.1778942 0.9812398
vn -0.0375337 0.8932472 -0.4479962
vn -0.0051170 0.9982077 -0.0596251
vn -0.0013769 0.9999855 -0.0051939
vn -0.0005538 0.9999861 -0.0052509
vn -0.0025050 0.9999931 0.0027281
vn -0.0003705 0.9999963 0.0026926
vn -0.0026112 0.9997746 0.0210694
vn -0.0233725 0.9822037 0.1863585
vn -0.0005083 0.9999889 -0.0047039
vn -0.0000431 1.0000000 -0.0000685
vn -0.0000374 1.0000000 0.0000255
vn -0.0002276 0.9999988 0.0015198
vn 0.9234265 -0.3494594 -0.1586242
vn 0.9379461 -0.3260511 0.1181009
vn 0.9729793 -0.1931016 -0.1265817
vn 0.9722999 -0.1837461 0.1444655
vn 0.9495013 -0.1634208 0.2678450
vn 0.8653966 -0.1004372 -0.4909187
vn 0.9903495 -0.0829067 -0.1110603
vn 0.9844356 -0.0783064 0.1573365
vn 0.9564633 -0.0638291 0.2847871
vn 0.8763281 0.0020922 -0.4817101
vn 0.9943819 0.0045886 -0.1057527
vn 0.9864479 0.0100527 0.1637663
vn 0.9552959 0.0173626 0.2951410
vn 0.8659198 0.1057589 -0.4888742
vn 0.9902677 0.0924604 -0.1040234
vn 0.9805641 0.0981906 0.1698612
vn 0.9505144 0.0943328 0.2960129
vn 0.9725724 0.2030119 -0.1135298
vn 0.9660177 0.1987962 0.1651965
vn 0.9250576 0.3508431 -0.1455251
vn 0.9941154 -0.0717640 0.0811450
vn 0.9837988 -0.0739695 -0.1633050
vn 0.9938832 -0.0746022 0.0814294
vn 0.9833606 -0.0783958 -0.1638782
vn 0.9935189 -0.0790421 0.0816853
vn 0.9828557 -0.0838560 -0.1642037
vn 0.9930596 -0.0844922 0.0818146
vn 0.9399527 -0.0810185 0.3315495
vn 0.9823949 -0.0890446 -0.1642298
vn 0.9926080 -0.0896641 0.0817914
vn 0.9392946 -0.0862402 0.3320966
vn 0.9043974 -0.0885444 -0.4174031
vn 0.9820158 -0.0936495 -0.1639349
vn 0.9921983 -0.0942508 0.0816046
vn 0.9388686 -0.0908886 0.3320619
vn 0.9041337 -0.0926171 -0.4170904
vn 0.9817325 -0.0976521 -0.1632954
vn 0.9918416 -0.0982345 0.0812426
vn 0.9386999 -0.0949431 0.3314035
vn 0.9042633 -0.0961027 -0.4160196
vn 0.9815561 -0.1010503 -0.1622853
vn 0.9915459 -0.1016143 0.0806926
vn 0.9388113 -0.0984010 0.3300765
vn 0.9048125 -0.0989977 -0.4141420
vn 0.9814964 -0.1038414 -0.1608780
vn 0.9913185 -0.1043886 0.0799413
vn 0.9392227 -0.1012585 0.3280358
vn 0.9058034 -0.1012978 -0.4114110
vn 0.9815620 -0.1060216 -0.1590452
vn 0.9911654 -0.1065552 0.0789754
vn 0.9399507 -0.1035113 0.3252355
vn 0.8057807 -0.0942636 0.5846639
vn 0.9072517 -0.1030010 -0.4077807
vn 0.9817594 -0.1075889 -0.1567584
vn 0.9910911 -0.1081138 0.0777811
vn 0.9410077 -0.1051577 0.3216306
vn 0.8073061 -0.0960438 0.5822648
vn 0.7417863 -0.0922336 -0.6642635
vn 0.9091673 -0.1041013 -0.4032093
vn 0.9797695 -0.1084617 -0.1681895
vn 0.9820363 -0.1083927 -0.1544530
vn 0.9910921 -0.1085693 0.0771301
vn 0.9424016 -0.1061916 0.3171791
vn 0.9837602 -0.1088761 0.1426947
vn 0.8095533 -0.0972499 0.5789351
vn 0.7444025 -0.0928796 -0.6612400
vn 0.9115515 -0.1045923 -0.3976609
vn 0.9600049 -0.1078147 -0.2583921
vn 0.9441339 -0.1066068 0.3118429
vn 0.9570460 -0.1075502 0.2692506
vn 0.8125229 -0.0978745 0.5746539
vn 0.7478152 -0.0929569 -0.6573671
vn 0.9143957 -0.1044751 -0.3911078
vn 0.9316126 -0.1056836 -0.3477485
vn 0.9447700 -0.1065435 0.3099325
vn 0.8162009 -0.0979166 0.5694106
vn 0.9315951 -0.1056416 0.3478079
vn 0.7519916 -0.0924597 -0.6526559
vn 0.9049033 -0.1030277 -0.4129592
vn 0.9158375 -0.1041423 -0.3878093
vn 0.8205587 -0.0973725 0.5632069
vn 0.9091336 -0.1034134 0.4034624
vn 0.7568811 -0.0913806 -0.6471326
vn 0.8829454 -0.1001838 -0.4586617
vn 0.8255513 -0.0962379 0.5560604
vn 0.8834644 -0.1002500 0.4576468
vn 0.7624120 -0.0897152 -0.6408426
vn 0.8589633 -0.0965185 -0.5028582
vn 0.8311163 -0.0945123 0.5480084
vn 0.8549849 -0.0961869 0.5096556
vn 0.7684936 -0.0874616 -0.6338519
vn 0.8332939 -0.0920626 -0.5451108
vn 0.8349963 -0.0929820 0.5423427
vn 0.5846598 -0.0737151 0.8079227
vn 0.8279623 -0.0916033 0.5532516
vn 0.7750146 -0.0846197 -0.6262522
vn 0.8063339 -0.0868578 -0.5850481
vn 0.5886027 -0.0708053 0.8053157
vn 0.8069871 -0.0869030 0.5841401
vn 0.7811604 -0.0815058 -0.6189873
vn 0.7793034 -0.0810174 -0.6213874
vn 0.5927080 -0.0672767 0.8026027
vn 0.7855418 -0.0815260 0.6134147
vn 0.7594247 -0.0752250 -0.6462316
vn 0.5967630 -0.0632030 0.7999246
vn 0.7638755 -0.0755829 0.6409223
vn 0.4763891 -0.0498347 -0.8778211
vn 0.7395281 -0.0696279 -0.6695148
vn 0.6005470 -0.0593176 0.7973862
vn 0.7421771 -0.0698371 0.6665552
vn 0.4762695 -0.0475223 -0.8780142
vn 0.7195010 -0.0658351 -0.6913639
vn 0.6041695 -0.0572517 0.7947965
vn 0.7203488 -0.0659004 0.6904742
vn 0.4766086 -0.0469807 -0.8778594
vn 0.6989816 -0.0637438 -0.7122930
vn 0.6084228 -0.0569844 0.7915646
vn 0.6979807 -0.0636626 0.7132811
vn 0.4777374 -0.0468621 -0.8772519
vn 0.6779793 -0.0619746 -0.7324638
vn 0.6136198 -0.0571520 0.7875306
vn 0.6750849 -0.0617421 0.7351519
vn 0.4797543 -0.0468118 -0.8761532
vn 0.6565619 -0.0601706 -0.7518684
vn 0.6198460 -0.0573971 0.7826215
vn 0.6517490 -0.0597829 0.7560750
vn 0.4827411 -0.0468149 -0.8745109
vn 0.6347879 -0.0583150 -0.7704828
vn 0.6271623 -0.0577033 0.7767481
vn 0.6280542 -0.0577701 0.7760223
vn 0.4867863 -0.0468767 -0.8722624
vn 0.6127173 -0.0564109 -0.7882863
vn 0.6273764 -0.0577119 0.7765747
vn 0.6082590 -0.0560481 0.7917573
vn 0.4919855 -0.0470046 -0.8693335
vn 0.5904109 -0.0544630 -0.8052632
vn 0.5883259 -0.0542926 0.8067992
vn 0.4984432 -0.0472065 -0.8656362
vn 0.5679286 -0.0524763 -0.8214033
vn 0.5681680 -0.0524965 0.8212364
vn 0.5062724 -0.0474925 -0.8610649
vn 0.5453293 -0.0504569 -0.8367019
vn 0.5478196 -0.0506638 0.8350610
vn 0.5155962 -0.0478712 -0.8554934
vn 0.5226692 -0.0484084 -0.8511602
vn 0.5273125 -0.0487961 0.8482691
vn 0.5177413 -0.0479581 -0.8541920
vn 0.5021753 -0.0465166 -0.8635139
vn 0.5066797 -0.0468949 0.8608581
vn 0.4821663 -0.0446450 -0.8749414
vn 0.4859520 -0.0449649 0.8728281
vn 0.4620548 -0.0427444 -0.8858207
vn 0.4651572 -0.0430083 0.8841828
vn 0.4418627 -0.0408157 -0.8961537
vn 0.4443224 -0.0410265 0.8949271
vn 0.4216103 -0.0388608 -0.9059440
vn 0.4234720 -0.0390218 0.9050683
vn 0.4013160 -0.0368817 -0.9151968
vn 0.4026286 -0.0369965 0.9146155
vn 0.3809965 -0.0348797 -0.9239184
vn 0.3818111 -0.0349523 0.9235793
vn 0.3606660 -0.0328561 -0.9321161
vn 0.3610367 -0.0328908 0.9319714
vn 0.3403374 -0.0308121 -0.9397984
vn 0.3403193 -0.0308132 0.9398049
vn 0.3200212 -0.0287485 -0.9469741
vn 0.3196703 -0.0287206 0.9470935
vn 0.2997263 -0.0266667 -0.9536525
vn 0.2990982 -0.0266145 0.9538511
vn 0.2794580 -0.0245674 -0.9598436
vn 0.2786077 -0.0244954 0.9600926
vn 0.2592237 -0.0224265 -0.9655569
vn 0.2582038 -0.0223479 0.9658319
vn 0.2393400 -0.0181296 -0.9707665
vn 0.2380891 -0.0189652 0.9710582
vn 0.2224240 0.0158957 -0.9748204
vn 0.2207727 0.0035768 0.9753188
vn 0.2090775 0.2359435 -0.9490085
vn 0.2164439 0.1812307 0.9593266
vn 0.1109611 0.8558265 -0.5052214
vn 0.0140386 0.9976186 -0.0675281
vn 0.0023656 0.9999816 -0.0055842
vn 0.0018431 0.9999836 -0.0054232
vn 0.0021806 0.9999847 -0.0050880
vn 0.0011752 0.9999946 0.0030440
vn 0.0093016 0.9995555 0.0283261
vn 0.0685058 0.9720989 0.2243449
vn 0.0003346 0.9999999 -0.0001286
vn 0.0001356 1.0000000 0.0000474
vn 0.0009484 0.9999968 0.0023307
vn 0.9820269 -0.1085493 -0.1544027
vn 0.9910409 -0.1090956 0.0770455
vn 0.9820378 -0.1089732 -0.1540343
vn 0.9910114 -0.1095111 0.0768360
vn 0.9821384 -0.1088056 -0.1535105
vn 0.9910532 -0.1093356 0.0765470
vn 0.9449443 -0.1064470 0.3094338
vn 0.9160970 -0.1037514 -0.3873007
vn 0.9823280 -0.1080458 -0.1528326
vn 0.9911658 -0.1085688 0.0761788
vn 0.9453276 -0.1057102 0.3085142
vn 0.9166977 -0.1024293 -0.3862299
vn 0.9826047 -0.1066903 -0.1520039
vn 0.9913481 -0.1072078 0.0757331
vn 0.9458606 -0.1043758 0.3073328
vn 0.9174737 -0.1005072 -0.3848900
vn 0.9829649 -0.1047380 -0.1510299
vn 0.9915973 -0.1052516 0.0752128
vn 0.9465352 -0.1024418 0.3059033
vn 0.9184085 -0.0979832 -0.3833082
vn 0.9834033 -0.1021883 -0.1499187
vn 0.9919094 -0.1026999 0.0746217
vn 0.9473403 -0.0999072 0.3042448
vn 0.8353094 -0.0921265 0.5420063
vn 0.9194815 -0.0948555 -0.3815185
vn 0.9839130 -0.0990404 -0.1486814
vn 0.9922795 -0.0995518 0.0739655
vn 0.9482616 -0.0967708 0.3023829
vn 0.8361968 -0.0890015 0.5411595
vn 0.7812325 -0.0811588 -0.6189419
vn 0.9206666 -0.0911229 -0.3795651
vn 0.9844858 -0.0952934 -0.1473322
vn 0.9927010 -0.0958064 0.0732513
vn 0.9492812 -0.0930320 0.3003500
vn 0.8371846 -0.0852638 0.5402333
vn 0.7816899 -0.0768630 -0.6189127
vn 0.9219260 -0.0868702 -0.3774996
vn 0.9851040 -0.0910316 -0.1458884
vn 0.9943423 -0.0916755 0.0536568
vn 0.9931430 -0.0916958 0.0725176
vn 0.9503708 -0.0887758 0.2981850
vn 0.9928744 -0.0915387 0.0762971
vn 0.8382075 -0.0809951 0.5393032
vn 0.7820138 -0.0727615 -0.6189994
vn 0.9231757 -0.0828284 -0.3753479
vn 0.9777530 -0.0865256 -0.1910820
vn 0.9853260 -0.0894802 -0.1453476
vn 0.9514518 -0.0847307 0.2959059
vn 0.9797686 -0.0867070 0.1803757
vn 0.8391635 -0.0769296 0.5384112
vn 0.7821810 -0.0704660 -0.6190537
vn 0.9243312 -0.0805881 -0.3729844
vn 0.9614046 -0.0831587 -0.2622709
vn 0.9524238 -0.0824781 0.2934047
vn 0.9565890 -0.0827775 0.2794374
vn 0.8400073 -0.0746746 0.5374117
vn 0.7824985 -0.0699223 -0.6187140
vn 0.9255328 -0.0800732 -0.3701046
vn 0.9398341 -0.0810795 -0.3318703
vn 0.9525457 -0.0824017 0.2930300
vn 0.8409873 -0.0741679 0.5359472
vn 0.9400790 -0.0810836 0.3311751
vn 0.7831483 -0.0697637 -0.6179091
vn 0.9192389 -0.0794169 -0.3856070
vn 0.9262369 -0.0799916 -0.3683567
vn 0.8422760 -0.0740421 0.5339373
vn 0.9235054 -0.0797421 0.3752052
vn 0.7841854 -0.0696320 -0.6166074
vn 0.9030284 -0.0780911 -0.4224231
vn 0.8439252 -0.0739392 0.5313409
vn 0.9047811 -0.0782296 0.4186303
vn 0.7856415 -0.0695085 -0.6147650
vn 0.8852786 -0.0766232 -0.4587054
vn 0.8459617 -0.0738401 0.5281065
vn 0.8839782 -0.0765312 0.4612217
vn 0.7875471 -0.0693932 -0.6123350
vn 0.8660417 -0.0750146 -0.4943122
vn 0.8484094 -0.0737440 0.5241787
vn 0.8611974 -0.0746524 0.5027584
vn 0.6264042 -0.0574154 0.7773810
vn 0.7899319 -0.0692884 -0.6092673
vn 0.8453850 -0.0732702 -0.5291085
vn 0.8496929 -0.0736956 0.5221024
vn 0.6258167 -0.0571188 0.7778759
vn 0.8409465 -0.0729352 0.5361805
vn 0.7928246 -0.0691962 -0.6055090
vn 0.8233904 -0.0713964 -0.5629661
vn 0.6256917 -0.0568343 0.7779973
vn 0.8235914 -0.0714106 0.5626702
vn 0.7962507 -0.0691207 -0.6010051
vn 0.8001529 -0.0694022 -0.5957673
vn 0.6260675 -0.0565663 0.7777144
vn 0.8054292 -0.0698012 0.5885674
vn 0.7967591 -0.0691087 -0.6003323
vn 0.7817442 -0.0677476 -0.6199082
vn 0.6269835 -0.0563167 0.7769942
vn 0.7865066 -0.0681087 0.6138147
vn 0.5166768 -0.0476187 -0.8548553
vn 0.7636840 -0.0660931 -0.6421981
vn 0.6284806 -0.0560872 0.7758005
vn 0.7668780 -0.0663353 0.6383556
vn 0.5156741 -0.0471917 -0.8554842
vn 0.7450669 -0.0643732 -0.6638761
vn 0.6305998 -0.0558838 0.7740936
vn 0.7466009 -0.0644886 0.6621392
vn 0.5151942 -0.0467837 -0.8557956
vn 0.7259371 -0.0625909 -0.6849071
vn 0.6333827 -0.0557100 0.7718307
vn 0.7257363 -0.0625729 0.6851215
vn 0.5152798 -0.0463969 -0.8557652
vn 0.7063421 -0.0607485 -0.7052591
vn 0.6368722 -0.0555683 0.7689642
vn 0.7043505 -0.0605918 0.7072616
vn 0.5159767 -0.0460354 -0.8553647
vn 0.6863316 -0.0588501 -0.7249038
vn 0.6411090 -0.0554628 0.7654431
vn 0.6825118 -0.0585509 0.7285255
vn 0.5173337 -0.0457034 -0.8545625
vn 0.6659565 -0.0569000 -0.7438174
vn 0.6461344 -0.0553980 0.7612105
vn 0.6602906 -0.0564559 0.7488852
vn 0.5194026 -0.0454055 -0.8533225
vn 0.6452687 -0.0549022 -0.7619804
vn 0.6489062 -0.0553732 0.7588508
vn 0.6398015 -0.0544730 0.7666073
vn 0.5222394 -0.0451465 -0.8516031
vn 0.6243204 -0.0528609 -0.7793778
vn 0.6211208 -0.0526097 0.7819471
vn 0.5259042 -0.0449317 -0.8493562
vn 0.6031641 -0.0507801 -0.7959989
vn 0.6022040 -0.0507061 0.7967304
vn 0.5304618 -0.0447667 -0.8465260
vn 0.5818512 -0.0486636 -0.8118381
vn 0.5830798 -0.0487640 0.8109500
vn 0.5359825 -0.0446592 -0.8430470
vn 0.5604325 -0.0465168 -0.8268927
vn 0.5637763 -0.0467870 0.8246014
vn 0.5416154 -0.0446129 -0.8394418
vn 0.5392911 -0.0443706 -0.8409496
vn 0.5443199 -0.0447773 0.8376819
vn 0.5203915 -0.0423755 -0.8528758
vn 0.5247381 -0.0427196 0.8501911
vn 0.5015224 -0.0396183 -0.8642371
vn 0.5052931 -0.0388850 0.8620712
vn 0.4844492 -0.0145252 -0.8746988
vn 0.4899866 -0.0073143 0.8716993
vn 0.4682741 0.1756429 -0.8659497
vn 0.4840109 0.2010572 0.8516510
vn 0.4429030 0.4115623 -0.7965259
vn 0.1073561 0.9848540 -0.1361511
vn 0.0262086 0.9994978 -0.0178107
vn 0.0099158 0.9999481 -0.0023205
vn 0.0036105 0.9999931 -0.0008766
vn 0.0084834 0.9999638 0.0006418
vn 0.0074667 0.9999720 0.0005692
vn 0.0162687 0.9998134 0.0104137
vn 0.0020217 0.9999937 0.0028943
vn 0.0684549 0.9945781 0.0782850
vn 0.3110773 0.8050865 0.5050412
vn 0.9931566 -0.0915481 0.0725192
vn 0.9855304 -0.0869895 -0.1454739
vn 0.9935123 -0.0875176 0.0726222
vn 0.9856933 -0.0847337 -0.1457020
vn 0.9937012 -0.0852644 0.0727180
vn 0.9857186 -0.0841803 -0.1458513
vn 0.9937446 -0.0847109 0.0727730
vn 0.9524404 -0.0819207 0.2935068
vn 0.9261211 -0.0798948 -0.3686687
vn 0.9857262 -0.0839827 -0.1459135
vn 0.9937607 -0.0845123 0.0727829
vn 0.9523245 -0.0817197 0.2939388
vn 0.9258924 -0.0796911 -0.3692864
vn 0.9857472 -0.0837884 -0.1458835
vn 0.9937801 -0.0843166 0.0727449
vn 0.9522562 -0.0815240 0.2942142
vn 0.9257395 -0.0794740 -0.3697166
vn 0.9857846 -0.0835773 -0.1457518
vn 0.9938048 -0.0841036 0.0726542
vn 0.9522423 -0.0813134 0.2943172
vn 0.9256703 -0.0792414 -0.3699397
vn 0.9858401 -0.0833468 -0.1455080
vn 0.9938353 -0.0838709 0.0725056
vn 0.9522889 -0.0810857 0.2942296
vn 0.9256937 -0.0789936 -0.3699340
vn 0.9859154 -0.0830967 -0.1451405
vn 0.9938720 -0.0836183 0.0722931
vn 0.9524018 -0.0808409 0.2939312
vn 0.8494047 -0.0735476 0.5225920
vn 0.9258192 -0.0787306 -0.3696758
vn 0.9860123 -0.0828266 -0.1446364
vn 0.9939156 -0.0833454 0.0720102
vn 0.9525876 -0.0805787 0.2934005
vn 0.8489099 -0.0732489 0.5234374
vn 0.9260567 -0.0784549 -0.3691393
vn 0.9861323 -0.0825383 -0.1439813
vn 0.9939660 -0.0830541 0.0716496
vn 0.9528533 -0.0803015 0.2926129
vn 0.8485714 -0.0729413 0.5240288
vn 0.7960855 -0.0688017 -0.6012606
vn 0.9264170 -0.0781648 -0.3682959
vn 0.9862778 -0.0822294 -0.1431593
vn 0.9940241 -0.0827420 0.0712034
vn 0.9532064 -0.0800071 0.2915414
vn 0.8484052 -0.0726241 0.5243419
vn 0.7954589 -0.0684321 -0.6021314
vn 0.9269115 -0.0778585 -0.3671148
vn 0.9864510 -0.0818968 -0.1421530
vn 0.9951014 -0.0825619 -0.0543763
vn 0.9940722 -0.0824938 0.0708181
vn 0.9536549 -0.0796933 0.2901573
vn 0.9919959 -0.0822975 0.0957659
vn 0.8484284 -0.0722963 0.5243495
vn 0.7950446 -0.0680572 -0.6027208
vn 0.9275516 -0.0775398 -0.3655621
vn 0.9768910 -0.0809382 -0.1978202
vn 0.9864847 -0.0818324 -0.1419555
vn 0.9542068 -0.0793635 0.2884281
vn 0.9780807 -0.0810427 0.1918082
vn 0.8486587 -0.0719621 0.5240228
vn 0.7948627 -0.0676781 -0.6030033
vn 0.9283496 -0.0772088 -0.3636011
vn 0.9607297 -0.0794710 -0.2658625
vn 0.9548705 -0.0790172 0.2863191
vn 0.9548973 -0.0790192 0.2862291
vn 0.8491142 -0.0716224 0.5233309
vn 0.7949344 -0.0672946 -0.6029517
vn 0.9293181 -0.0768640 -0.3611922
vn 0.9398280 -0.0776058 -0.3327170
vn 0.9548712 -0.0790169 0.2863169
vn 0.8498148 -0.0712768 0.5222399
vn 0.9411014 -0.0776911 0.3290778
vn 0.7952812 -0.0669087 -0.6025371
vn 0.9215038 -0.0759020 -0.3808800
vn 0.9297624 -0.0767130 -0.3600793
vn 0.8507796 -0.0709269 0.5207143
vn 0.9253376 -0.0761872 0.3714107
vn 0.7959257 -0.0665221 -0.6017284
vn 0.9062032 -0.0744014 -0.4162454
vn 0.8520288 -0.0705745 0.5187157
vn 0.9076462 -0.0745119 0.4130694
vn 0.7968907 -0.0661369 -0.6004924
vn 0.8895336 -0.0727727 -0.4510367
vn 0.8535822 -0.0702210 0.5162039
vn 0.8881062 -0.0726720 0.4538570
vn 0.6481482 -0.0550984 0.7595183
vn 0.7981989 -0.0657547 -0.5987944
vn 0.8715499 -0.0710206 -0.4851359
vn 0.8554584 -0.0698682 0.5131367
vn 0.8668187 -0.0706766 0.4935891
vn 0.6466816 -0.0545259 0.7608086
vn 0.7998730 -0.0653776 -0.5965979
vn 0.8523185 -0.0691505 -0.5184317
vn 0.8564097 -0.0697011 0.5115703
vn 0.6455049 -0.0539531 0.7618482
vn 0.8480518 -0.0688395 0.5254229
vn 0.8019353 -0.0650074 -0.5938635
vn 0.8319167 -0.0671683 -0.5508203
vn 0.6446410 -0.0533819 0.7626193
vn 0.8319100 -0.0671689 0.5508304
vn 0.8044060 -0.0646478 -0.5905520
vn 0.8104312 -0.0650829 -0.5822076
vn 0.6441150 -0.0528154 0.7631032
vn 0.8150628 -0.0654227 0.5756670
vn 0.5413140 -0.0445231 -0.8396409
vn 0.7927518 -0.0632529 -0.6062538
vn 0.8050388 -0.0645581 -0.5896989
vn 0.6439506 -0.0522561 0.7632804
vn 0.7975526 -0.0636044 0.5998870
vn 0.5387193 -0.0437572 -0.8413482
vn 0.7760335 -0.0614589 -0.6276900
vn 0.6441761 -0.0516904 0.7631286
vn 0.7794261 -0.0616997 0.6234487
vn 0.5365477 -0.0422915 -0.8428096
vn 0.7588016 -0.0587077 -0.6486706
vn 0.6450303 -0.0496286 0.7625437
vn 0.7607181 -0.0581645 0.6464710
vn 0.5363827 -0.0194250 -0.8437513
vn 0.7417052 -0.0311282 -0.6700033
vn 0.6490804 -0.0240190 0.7603406
vn 0.7409518 -0.0303661 0.6708713
vn 0.5226394 0.1657048 -0.8362954
vn 0.7207183 0.1669070 -0.6728352
vn 0.6431319 0.1611218 0.7486129
vn 0.7146446 0.1565595 0.6817421
vn 0.6099657 0.6103594 -0.5053744
vn 0.2048752 0.9721371 -0.1139108
vn 0.1183457 0.9927695 -0.0200713
vn 0.1112237 0.9937693 0.0072064
vn 0.1588509 0.9850831 0.0661643
vn 0.4388394 0.8401511 0.3186946
vn 0.9940766 -0.0824091 0.0708553
vn 0.9864720 -0.0815511 -0.1422054
vn 0.9940946 -0.0820658 0.0710004
vn 0.9864634 -0.0811894 -0.1424716
vn 0.9941161 -0.0817049 0.0711172
vn 0.9864648 -0.0808086 -0.1426782
vn 0.9941410 -0.0813246 0.0712029
vn 0.9547033 -0.0786281 0.2869830
vn 0.9295931 -0.0764706 -0.3605675
vn 0.9864771 -0.0804091 -0.1428194
vn 0.9941700 -0.0809253 0.0712543
vn 0.9545687 -0.0782215 0.2875413
vn 0.9293206 -0.0760363 -0.3613609
vn 0.9865010 -0.0799910 -0.1428886
vn 0.9942029 -0.0805071 0.0712683
vn 0.9544711 -0.0777975 0.2879802
vn 0.9291032 -0.0755857 -0.3620138
vn 0.9865378 -0.0795544 -0.1428786
vn 0.9942402 -0.0800701 0.0712411
vn 0.9544140 -0.0773565 0.2882877
vn 0.9289468 -0.0751190 -0.3625121
vn 0.9865884 -0.0790992 -0.1427816
vn 0.9942819 -0.0796141 0.0711686
vn 0.9544019 -0.0768984 0.2884502
vn 0.9288577 -0.0746363 -0.3628398
vn 0.9866542 -0.0786249 -0.1425888
vn 0.9943287 -0.0791387 0.0710464
vn 0.9544393 -0.0764230 0.2884532
vn 0.8560187 -0.0694188 0.5122626
vn 0.9288428 -0.0741373 -0.3629804
vn 0.9867365 -0.0781310 -0.1422907
vn 0.9943805 -0.0786434 0.0708696
vn 0.9545307 -0.0759300 0.2882805
vn 0.8553129 -0.0688744 0.5135135
vn 0.9289092 -0.0736240 -0.3629149
vn 0.9868366 -0.0776189 -0.1418765
vn 0.9944379 -0.0781298 0.0706329
vn 0.9546816 -0.0754212 0.2879142
vn 0.8547116 -0.0683175 0.5145881
vn 0.8041908 -0.0640946 -0.5909052
vn 0.9290649 -0.0730967 -0.3626229
vn 0.9869559 -0.0770881 -0.1413345
vn 0.9945011 -0.0775968 0.0703301
vn 0.9548975 -0.0748964 0.2873350
vn 0.8542252 -0.0677490 0.5154701
vn 0.8031374 -0.0634550 -0.5924052
vn 0.9293218 -0.0724926 -0.3620853
vn 0.9871010 -0.0764728 -0.1406539
vn 0.9945736 -0.0770028 0.0699561
vn 0.9551875 -0.0742884 0.2865276
vn 0.8538665 -0.0671491 0.5161426
vn 0.8022087 -0.0618625 -0.5938301
vn 0.9297659 -0.0696321 -0.3615060
vn 0.9839527 -0.0740625 -0.1623327
vn 0.9872783 -0.0749582 -0.1402237
vn 0.9946141 -0.0765293 0.0698998
vn 0.9556302 -0.0719977 0.2856350
vn 0.9869148 -0.0744148 0.1430441
vn 0.8536882 -0.0647163 0.5167477
vn 0.8022287 -0.0345434 -0.5960168
vn 0.9309348 -0.0432285 -0.3626179
vn 0.9728300 -0.0490498 -0.2262651
vn 0.9569964 -0.0492189 0.2858941
vn 0.9714656 -0.0507310 0.2316914
vn 0.8532853 -0.0337472 0.5203511
vn 0.7865368 0.1672150 -0.5944738
vn 0.9195684 0.1344528 -0.3692107
vn 0.9574693 0.1245363 -0.2602752
vn 0.9491537 0.1212081 0.2905444
vn 0.9533604 0.1205120 0.2767322
vn 0.8307014 0.1729497 0.5291727
vn 0.9039774 0.4073572 -0.1299421
vn 0.8769208 0.4765882 0.0622388
vn 0.9873108 -0.0741820 -0.1404087
vn 0.9947518 -0.0744917 0.0701430
vn 0.9887488 -0.0454461 -0.1425150
vn 0.9965124 -0.0438368 0.0710019
vn 0.9780489 0.1502400 -0.1443897
vn 0.9846860 0.1593116 0.0708034
f 3//3 2//2 1//1
f 5//5 4//4 1//1
f 5//5 1//1 2//2
f 6//6 4//4 5//5
f 3//3 1//1 7//7
f 3//3 7//7 8//8
f 9//9 1//1 4//4
f 7//7 1//1 9//9
f 4//4 6//6 10//10
f 11//11 4//4 10//10
f 9//9 4//4 11//11
f 12//12 11//11 10//10
f 15//15 14//14 13//13
f 13//13 14//14 8//8
f 7//7 13//13 8//8
f 16//16 13//13 7//7
f 17//17 7//7 9//9
f 16//16 7//7 17//17
f 18//18 9//9 11//11
f 17//17 9//9 18//18
f 11//11 12//12 19//19
f 11//11 19//19 18//18
f 15//15 13//13 20//20
f 15//15 20//20 21//21
f 22//22 13//13 16//16
f 20//20 13//13 22//22
f 23//23 16//16 17//17
f 22//22 16//16 23//23
f 24//24 17//17 18//18
f 23//23 17//17 24//24
f 18//18 19//19 25//25
f 26//26 18//18 25//25
f 24//24 18//18 26//26
f 27//27 26//26 25//25
f 21//21 20//20 28//28
f 21//21 28//28 29//29
f 30//30 20//20 22//22
f 28//28 20//20 30//30
f 31//31 22//22 23//23
f 30//30 22//22 31//31
f 32//32 23//23 24//24
f 31//31 23//23 32//32
f 33//33 24//24 26//26
f 32//32 24//24 33//33
f 26//26 27//27 34//34
f 26//26 34//34 33//33
f 35//35 29//29 28//28
f 37//37 36//36 35//35
f 28//28 37//37 35//35
f 30//30 37//37 28//28
f 38//38 30//30 31//31
f 37//37 30//30 38//38
f 39//39 31//31 32//32
f 38//38 31//31 39//39
f 40//40 32//32 33//33
f 39//39 32//32 40//40
f 33//33 34//34 41//41
f 33//33 41//41 40//40
f 36//36 37//37 42//42
f 36//36 42//42 43//43
f 44//44 37//37 38//38
f 42//42 37//37 44//44
f 45//45 38//38 39//39
f 44//44 38//38 45//45
f 40//40 47//47 46//46
f 45//45 40//40 46//46
f 39//39 40//40 45//45
f 47//47 40//40 41//41
f 43//43 42//42 48//48
f 43//43 48//48 49//49
f 50//50 42//42 44//44
f 48//48 42//42 50//50
f 51//51 44//44 45//45
f 50//50 44//44 51//51
f 45//45 46//46 52//52
f 45//45 52//52 51//51
f 53//53 49//49 48//48
f 55//55 54//54 53//53
f 48//48 55//55 53//53
f 50//50 55//55 48//48
f 51//51 57//57 56//56
f 55//55 51//51 56//56
f 50//50 51//51 55//55
f 57//57 51//51 52//52
f 58//58 54//54 55//55
f 58//58 55//55 56//56
f 61//61 60//60 59//59
f 63//63 62//62 59//59
f 63//63 59//59 60//60
f 64//64 62//62 63//63
f 67//67 66//66 65//65
f 65//65 66//66 61//61
f 59//59 65//65 61//61
f 68//68 65//65 59//59
f 69//69 59//59 62//62
f 68//68 59//59 69//69
f 62//62 64//64 70//70
f 71//71 62//62 70//70
f 69//69 62//62 71//71
f 72//72 71//71 70//70
f 67//67 65//65 73//73
f 67//67 73//73 74//74
f 75//75 65//65 68//68
f 73//73 65//65 75//75
f 76//76 68//68 69//69
f 75//75 68//68 76//76
f 77//77 69//69 71//71
f 76//76 69//69 77//77
f 71//71 72//72 78//78
f 79//79 71//71 78//78
f 77//77 71//71 79//79
f 80//80 79//79 78//78
f 74//74 73//73 81//81
f 74//74 81//81 82//82
f 3//3 81//81 2//2
f 81//81 75//75 2//2
f 81//81 73//73 75//75
f 2//2 75//75 5//5
f 5//5 75//75 76//76
f 5//5 76//76 6//6
f 76//76 83//83 6//6
f 76//76 77//77 83//83
f 84//84 77//77 79//79
f 83//83 77//77 84//84
f 79//79 80//80 85//85
f 79//79 85//85 84//84
f 82//82 81//81 86//86
f 82//82 86//86 87//87
f 8//8 86//86 3//3
f 3//3 86//86 81//81
f 83//83 10//10 6//6
f 10//10 83//83 12//12
f 83//83 88//88 12//12
f 83//83 84//84 88//88
f 84//84 85//85 89//89
f 84//84 89//89 88//88
f 92//92 91//91 90//90
f 90//90 91//91 87//87
f 90//90 87//87 86//86
f 15//15 90//90 86//86
f 14//14 15//15 86//86
f 14//14 86//86 8//8
f 93//93 19//19 88//88
f 88//88 19//19 12//12
f 88//88 89//89 94//94
f 88//88 94//94 93//93
f 92//92 90//90 95//95
f 92//92 95//95 96//96
f 21//21 95//95 15//15
f 15//15 95//95 90//90
f 93//93 25//25 19//19
f 98//98 97//97 27//27
f 98//98 27//27 25//25
f 94//94 98//98 25//25
f 93//93 94//94 25//25
f 99//99 97//97 98//98
f 96//96 95//95 100//100
f 96//96 100//100 101//101
f 29//29 100//100 21//21
f 21//21 100//100 95//95
f 102//102 34//34 97//97
f 97//97 34//34 27//27
f 97//97 99//99 103//103
f 97//97 103//103 102//102
f 101//101 100//100 104//104
f 101//101 104//104 105//105
f 35//35 106//106 29//29
f 106//106 100//100 29//29
f 106//106 104//104 100//100
f 36//36 106//106 35//35
f 107//107 41//41 102//102
f 102//102 41//41 34//34
f 102//102 103//103 108//108
f 102//102 108//108 107//107
f 109//109 105//105 104//104
f 111//111 110//110 109//109
f 104//104 111//111 109//109
f 106//106 111//111 104//104
f 43//43 111//111 36//36
f 36//36 111//111 106//106
f 112//112 46//46 47//47
f 41//41 107//107 47//47
f 107//107 112//112 47//47
f 107//107 113//113 112//112
f 107//107 108//108 114//114
f 107//107 114//114 113//113
f 110//110 111//111 115//115
f 110//110 115//115 116//116
f 49//49 115//115 43//43
f 43//43 115//115 111//111
f 117//117 52//52 112//112
f 112//112 52//52 46//46
f 118//118 112//112 113//113
f 117//117 112//112 118//118
f 113//113 114//114 119//119
f 113//113 119//119 118//118
f 116//116 115//115 120//120
f 116//116 120//120 121//121
f 53//53 122//122 49//49
f 122//122 115//115 49//49
f 122//122 120//120 115//115
f 54//54 122//122 53//53
f 123//123 56//56 57//57
f 52//52 117//117 57//57
f 117//117 123//123 57//57
f 117//117 124//124 123//123
f 118//118 126//126 125//125
f 124//124 118//118 125//125
f 117//117 118//118 124//124
f 126//126 118//118 119//119
f 121//121 120//120 127//127
f 121//121 127//127 128//128
f 129//129 120//120 122//122
f 127//127 120//120 129//129
f 58//58 130//130 54//54
f 130//130 122//122 54//54
f 130//130 129//129 122//122
f 56//56 123//123 58//58
f 123//123 130//130 58//58
f 123//123 131//131 130//130
f 132//132 123//123 124//124
f 131//131 123//123 132//132
f 124//124 125//125 133//133
f 124//124 133//133 132//132
f 134//134 128//128 127//127
f 136//136 135//135 134//134
f 127//127 136//136 134//134
f 129//129 136//136 127//127
f 137//137 129//129 130//130
f 136//136 129//129 137//137
f 138//138 130//130 131//131
f 137//137 130//130 138//138
f 139//139 131//131 132//132
f 138//138 131//131 139//139
f 132//132 133//133 140//140
f 132//132 140//140 139//139
f 141//141 135//135 136//136
f 143//143 142//142 141//141
f 136//136 143//143 141//141
f 137//137 143//143 136//136
f 144//144 137//137 138//138
f 143//143 137//137 144//144
f 139//139 146//146 145//145
f 144//144 139//139 145//145
f 138//138 139//139 144//144
f 146//146 139//139 140//140
f 147//147 142//142 143//143
f 147//147 143//143 144//144
f 147//147 144//144 148//148
f 148//148 144//144 145//145
f 151//151 150//150 149//149
f 153//153 152//152 149//149
f 153//153 149//149 150//150
f 155//155 154//154 152//152
f 155//155 152//152 153//153
f 156//156 154//154 155//155
f 159//159 158//158 157//157
f 157//157 158//158 151//151
f 157//157 151//151 149//149
f 61//61 157//157 149//149
f 60//60 61//61 149//149
f 60//60 149//149 63//63
f 63//63 149//149 152//152
f 63//63 152//152 64//64
f 152//152 160//160 64//64
f 152//152 154//154 160//160
f 154//154 156//156 161//161
f 162//162 154//154 161//161
f 160//160 154//154 162//162
f 163//163 162//162 161//161
f 159//159 157//157 66//66
f 67//67 159//159 66//66
f 164//164 159//159 67//67
f 66//66 157//157 61//61
f 160//160 70//70 64//64
f 70//70 160//160 72//72
f 160//160 165//165 72//72
f 160//160 162//162 165//165
f 162//162 163//163 166//166
f 162//162 166//166 165//165
f 169//169 168//168 167//167
f 168//168 164//164 167//167
f 164//164 74//74 167//167
f 164//164 67//67 74//74
f 165//165 78//78 72//72
f 80//80 78//78 165//165
f 166//166 80//80 165//165
f 170//170 80//80 166//166
f 169//169 167//167 171//171
f 169//169 171//171 172//172
f 82//82 171//171 74//74
f 74//74 171//171 167//167
f 174//174 85//85 173//173
f 85//85 170//170 173//173
f 85//85 80//80 170//170
f 175//175 174//174 173//173
f 172//172 171//171 176//176
f 172//172 176//176 177//177
f 87//87 176//176 82//82
f 82//82 176//176 171//171
f 178//178 89//89 174//174
f 174//174 89//89 85//85
f 174//174 175//175 179//179
f 174//174 179//179 178//178
f 177//177 176//176 91//91
f 92//92 177//177 91//91
f 180//180 177//177 92//92
f 91//91 176//176 87//87
f 181//181 94//94 178//178
f 178//178 94//94 89//89
f 178//178 179//179 182//182
f 178//178 182//182 181//181
f 96//96 180//180 92//92
f 96//96 183//183 180//180
f 181//181 98//98 94//94
f 99//99 98//98 181//181
f 182//182 99//99 181//181
f 184//184 99//99 182//182
f 101//101 183//183 96//96
f 101//101 185//185 183//183
f 187//187 103//103 186//186
f 103//103 184//184 186//186
f 103//103 99//99 184//184
f 188//188 187//187 186//186
f 105//105 185//185 101//101
f 105//105 189//189 185//185
f 190//190 108//108 187//187
f 187//187 108//108 103//103
f 187//187 188//188 191//191
f 187//187 191//191 190//190
f 105//105 109//109 192//192
f 193//193 105//105 192//192
f 189//189 105//105 193//193
f 110//110 192//192 109//109
f 194//194 114//114 190//190
f 190//190 114//114 108//108
f 190//190 191//191 195//195
f 190//190 195//195 194//194
f 193//193 192//192 196//196
f 193//193 196//196 197//197
f 116//116 196//196 110//110
f 110//110 196//196 192//192
f 199//199 198//198 194//194
f 198//198 114//114 194//194
f 198//198 119//119 114//114
f 199//199 194//194 195//195
f 197//197 196//196 200//200
f 197//197 200//200 201//201
f 121//121 200//200 116//116
f 116//116 200//200 196//196
f 202//202 125//125 126//126
f 203//203 202//202 126//126
f 119//119 203//203 126//126
f 198//198 203//203 119//119
f 204//204 201//201 200//200
f 200//200 121//121 204//204
f 121//121 205//205 204//204
f 121//121 128//128 205//205
f 206//206 133//133 202//202
f 202//202 133//133 125//125
f 202//202 203//203 207//207
f 202//202 207//207 206//206
f 128//128 134//134 208//208
f 209//209 128//128 208//208
f 205//205 128//128 209//209
f 135//135 208//208 134//134
f 210//210 140//140 206//206
f 206//206 140//140 133//133
f 206//206 207//207 211//211
f 206//206 211//211 210//210
f 209//209 208//208 212//212
f 209//209 212//212 213//213
f 141//141 214//214 135//135
f 214//214 208//208 135//135
f 214//214 212//212 208//208
f 142//142 214//214 141//141
f 215//215 145//145 146//146
f 140//140 210//210 146//146
f 210//210 215//215 146//146
f 210//210 216//216 215//215
f 210//210 211//211 217//217
f 210//210 217//217 216//216
f 218//218 213//213 212//212
f 220//220 219//219 218//218
f 212//212 220//220 218//218
f 214//214 220//220 212//212
f 147//147 221//221 142//142
f 221//221 214//214 142//142
f 221//221 220//220 214//214
f 148//148 222//222 147//147
f 147//147 222//222 221//221
f 145//145 215//215 148//148
f 215//215 222//222 148//148
f 215//215 223//223 222//222
f 224//224 215//215 216//216
f 223//223 215//215 224//224
f 216//216 217//217 225//225
f 216//216 225//225 224//224
f 219//219 220//220 226//226
f 219//219 226//226 227//227
f 228//228 220//220 221//221
f 226//226 220//220 228//228
f 229//229 221//221 222//222
f 228//228 221//221 229//229
f 230//230 222//222 223//223
f 229//229 222//222 230//230
f 231//231 223//223 224//224
f 230//230 223//223 231//231
f 224//224 225//225 232//232
f 224//224 232//232 231//231
f 227//227 226//226 233//233
f 227//227 233//233 234//234
f 235//235 226//226 228//228
f 233//233 226//226 235//235
f 236//236 228//228 229//229
f 235//235 228//228 236//236
f 237//237 229//229 230//230
f 236//236 229//229 237//237
f 231//231 239//239 238//238
f 237//237 231//231 238//238
f 230//230 231//231 237//237
f 239//239 231//231 232//232
f 234//234 233//233 240//240
f 234//234 240//240 241//241
f 242//242 233//233 235//235
f 240//240 233//233 242//242
f 243//243 235//235 236//236
f 242//242 235//235 243//243
f 244//244 236//236 237//237
f 243//243 236//236 244//244
f 237//237 238//238 245//245
f 237//237 245//245 244//244
f 241//241 240//240 246//246
f 241//241 246//246 247//247
f 248//248 240//240 242//242
f 246//246 240//240 248//248
f 249//249 242//242 243//243
f 248//248 242//242 249//249
f 250//250 243//243 244//244
f 249//249 243//243 250//250
f 244//244 245//245 251//251
f 244//244 251//251 250//250
f 247//247 246//246 252//252
f 247//247 252//252 253//253
f 254//254 246//246 248//248
f 252//252 246//246 254//254
f 255//255 248//248 249//249
f 254//254 248//248 255//255
f 256//256 249//249 250//250
f 255//255 249//249 256//256
f 250//250 251//251 257//257
f 250//250 257//257 256//256
f 253//253 252//252 258//258
f 253//253 258//258 259//259
f 260//260 252//252 254//254
f 258//258 252//252 260//260
f 261//261 254//254 255//255
f 260//260 254//254 261//261
f 262//262 255//255 256//256
f 261//261 255//255 262//262
f 256//256 257//257 263//263
f 256//256 263//263 262//262
f 264//264 259//259 258//258
f 266//266 265//265 264//264
f 258//258 266//266 264//264
f 260//260 266//266 258//258
f 267//267 260//260 261//261
f 266//266 260//260 267//267
f 268//268 261//261 262//262
f 267//267 261//261 268//268
f 262//262 263//263 269//269
f 262//262 269//269 268//268
f 265//265 266//266 270//270
f 265//265 270//270 271//271
f 272//272 266//266 267//267
f 270//270 266//266 272//272
f 273//273 267//267 268//268
f 272//272 267//267 273//273
f 268//268 269//269 274//274
f 268//268 274//274 273//273
f 271//271 270//270 275//275
f 271//271 275//275 276//276
f 277//277 270//270 272//272
f 275//275 270//270 277//277
f 273//273 279//279 278//278
f 277//277 273//273 278//278
f 272//272 273//273 277//277
f 279//279 273//273 274//274
f 276//276 275//275 280//280
f 276//276 280//280 281//281
f 282//282 275//275 277//277
f 280//280 275//275 282//282
f 277//277 278//278 283//283
f 277//277 283//283 282//282
f 284//284 281//281 280//280
f 284//284 280//280 282//282
f 284//284 282//282 285//285
f 285//285 282//282 283//283
f 288//288 287//287 286//286
f 290//290 289//289 286//286
f 290//290 286//286 287//287
f 292//292 291//291 289//289
f 292//292 289//289 290//290
f 293//293 291//291 292//292
f 296//296 295//295 294//294
f 294//294 295//295 288//288
f 294//294 288//288 286//286
f 151//151 294//294 286//286
f 150//150 151//151 286//286
f 150//150 286//286 153//153
f 153//153 286//286 289//289
f 153//153 289//289 155//155
f 155//155 289//289 291//291
f 156//156 155//155 291//291
f 293//293 156//156 291//291
f 297//297 156//156 293//293
f 296//296 294//294 158//158
f 159//159 296//296 158//158
f 298//298 296//296 159//159
f 158//158 294//294 151//151
f 297//297 299//299 156//156
f 156//156 299//299 161//161
f 163//163 161//161 299//299
f 163//163 299//299 300//300
f 303//303 302//302 301//301
f 302//302 298//298 301//301
f 298//298 164//164 301//301
f 298//298 159//159 164//164
f 300//300 166//166 163//163
f 304//304 166//166 300//300
f 303//303 301//301 168//168
f 169//169 303//303 168//168
f 305//305 303//303 169//169
f 168//168 301//301 164//164
f 307//307 170//170 306//306
f 170//170 304//304 306//306
f 170//170 166//166 304//304
f 308//308 307//307 306//306
f 172//172 305//305 169//169
f 172//172 309//309 305//305
f 307//307 173//173 170//170
f 175//175 173//173 307//307
f 308//308 175//175 307//307
f 310//310 175//175 308//308
f 177//177 309//309 172//172
f 177//177 311//311 309//309
f 310//310 179//179 175//175
f 312//312 179//179 310//310
f 315//315 314//314 313//313
f 314//314 311//311 313//313
f 311//311 180//180 313//313
f 311//311 177//177 180//180
f 312//312 182//182 179//179
f 316//316 182//182 312//312
f 315//315 313//313 317//317
f 315//315 317//317 318//318
f 183//183 317//317 180//180
f 180//180 317//317 313//313
f 320//320 184//184 319//319
f 184//184 316//316 319//319
f 184//184 182//182 316//316
f 321//321 320//320 319//319
f 318//318 317//317 322//322
f 318//318 322//322 323//323
f 185//185 322//322 183//183
f 183//183 322//322 317//317
f 320//320 186//186 184//184
f 188//188 186//186 320//320
f 321//321 188//188 320//320
f 324//324 188//188 321//321
f 323//323 322//322 325//325
f 323//323 325//325 326//326
f 189//189 325//325 185//185
f 185//185 325//325 322//322
f 324//324 191//191 188//188
f 327//327 191//191 324//324
f 328//328 326//326 325//325
f 325//325 189//189 328//328
f 189//189 329//329 328//328
f 189//189 193//193 329//329
f 327//327 195//195 191//191
f 330//330 195//195 327//327
f 197//197 329//329 193//193
f 197//197 331//331 329//329
f 332//332 198//198 199//199
f 333//333 332//332 199//199
f 195//195 333//333 199//199
f 330//330 333//333 195//195
f 201//201 331//331 197//197
f 201//201 334//334 331//331
f 335//335 203//203 332//332
f 332//332 203//203 198//198
f 332//332 333//333 336//336
f 332//332 336//336 335//335
f 201//201 204//204 337//337
f 338//338 201//201 337//337
f 334//334 201//201 338//338
f 205//205 337//337 204//204
f 339//339 207//207 335//335
f 335//335 207//207 203//203
f 335//335 336//336 340//340
f 335//335 340//340 339//339
f 338//338 337//337 341//341
f 338//338 341//341 342//342
f 209//209 341//341 205//205
f 205//205 341//341 337//337
f 343//343 211//211 339//339
f 339//339 211//211 207//207
f 339//339 340//340 344//344
f 339//339 344//344 343//343
f 345//345 342//342 341//341
f 341//341 209//209 345//345
f 209//209 346//346 345//345
f 209//209 213//213 346//346
f 348//348 347//347 343//343
f 347//347 211//211 343//343
f 347//347 217//217 211//211
f 348//348 343//343 344//344
f 213//213 218//218 349//349
f 350//350 213//213 349//349
f 346//346 213//213 350//350
f 219//219 349//349 218//218
f 347//347 225//225 217//217
f 351//351 225//225 347//347
f 350//350 349//349 352//352
f 350//350 352//352 353//353
f 227//227 352//352 219//219
f 219//219 352//352 349//349
f 351//351 232//232 225//225
f 354//354 232//232 351//351
f 353//353 352//352 355//355
f 353//353 355//355 356//356
f 234//234 355//355 227//227
f 227//227 355//355 352//352
f 357//357 238//238 239//239
f 358//358 357//357 239//239
f 232//232 358//358 239//239
f 354//354 358//358 232//232
f 356//356 355//355 359//359
f 356//356 359//359 360//360
f 241//241 359//359 234//234
f 234//234 359//359 355//355
f 361//361 245//245 357//357
f 357//357 245//245 238//238
f 357//357 358//358 362//362
f 357//357 362//362 361//361
f 360//360 359//359 363//363
f 360//360 363//363 364//364
f 247//247 363//363 241//241
f 241//241 363//363 359//359
f 365//365 251//251 361//361
f 361//361 251//251 245//245
f 361//361 362//362 366//366
f 361//361 366//366 365//365
f 364//364 363//363 367//367
f 364//364 367//367 368//368
f 253//253 367//367 247//247
f 247//247 367//367 363//363
f 369//369 257//257 365//365
f 365//365 257//257 251//251
f 365//365 366//366 370//370
f 365//365 370//370 369//369
f 368//368 367//367 371//371
f 368//368 371//371 372//372
f 259//259 371//371 253//253
f 253//253 371//371 367//367
f 373//373 263//263 369//369
f 369//369 263//263 257//257
f 369//369 370//370 374//374
f 369//369 374//374 373//373
f 372//372 371//371 375//375
f 372//372 375//375 376//376
f 264//264 377//377 259//259
f 377//377 371//371 259//259
f 377//377 375//375 371//371
f 265//265 377//377 264//264
f 378//378 269//269 373//373
f 373//373 269//269 263//263
f 373//373 374//374 379//379
f 373//373 379//379 378//378
f 376//376 375//375 380//380
f 376//376 380//380 381//381
f 382//382 375//375 377//377
f 380//380 375//375 382//382
f 271//271 382//382 265//265
f 265//265 382//382 377//377
f 383//383 274//274 378//378
f 378//378 274//274 269//269
f 378//378 379//379 384//384
f 378//378 384//384 383//383
f 381//381 380//380 385//385
f 381//381 385//385 386//386
f 387//387 380//380 382//382
f 385//385 380//380 387//387
f 276//276 387//387 271//271
f 271//271 387//387 382//382
f 388//388 278//278 279//279
f 274//274 383//383 279//279
f 383//383 388//388 279//279
f 383//383 389//389 388//388
f 383//383 384//384 390//390
f 383//383 390//390 389//389
f 391//391 386//386 385//385
f 393//393 392//392 391//391
f 385//385 393//393 391//391
f 387//387 393//393 385//385
f 281//281 393//393 276//276
f 276//276 393//393 387//387
f 394//394 283//283 388//388
f 388//388 283//283 278//278
f 395//395 388//388 389//389
f 394//394 388//388 395//395
f 389//389 390//390 396//396
f 389//389 396//396 395//395
f 392//392 393//393 397//397
f 392//392 397//397 398//398
f 284//284 399//399 281//281
f 399//399 393//393 281//281
f 399//399 397//397 393//393
f 285//285 400//400 284//284
f 284//284 400//400 399//399
f 283//283 394//394 285//285
f 394//394 400//400 285//285
f 394//394 401//401 400//400
f 402//402 394//394 395//395
f 401//401 394//394 402//402
f 395//395 396//396 403//403
f 395//395 403//403 402//402
f 398//398 397//397 404//404
f 398//398 404//404 405//405
f 406//406 397//397 399//399
f 404//404 397//397 406//406
f 407//407 399//399 400//400
f 406//406 399//399 407//407
f 408//408 400//400 401//401
f 407//407 400//400 408//408
f 409//409 401//401 402//402
f 408//408 401//401 409//409
f 402//402 403//403 410//410
f 402//402 410//410 409//409
f 405//405 404//404 411//411
f 405//405 411//411 412//412
f 413//413 404//404 406//406
f 411//411 404//404 413//413
f 414//414 406//406 407//407
f 413//413 406//406 414//414
f 415//415 407//407 408//408
f 414//414 407//407 415//415
f 416//416 408//408 409//409
f 415//415 408//408 416//416
f 409//409 410//410 417//417
f 409//409 417//417 416//416
f 412//412 411//411 418//418
f 412//412 418//418 419//419
f 420//420 411//411 413//413
f 418//418 411//411 420//420
f 421//421 413//413 414//414
f 420//420 413//413 421//421
f 422//422 414//414 415//415
f 421//421 414//414 422//422
f 416//416 424//424 423//423
f 422//422 416//416 423//423
f 415//415 416//416 422//422
f 424//424 416//416 417//417
f 419//419 418//418 425//425
f 419//419 425//425 426//426
f 427//427 418//418 420//420
f 425//425 418//418 427//427
f 428//428 420//420 421//421
f 427//427 420//420 428//428
f 429//429 421//421 422//422
f 428//428 421//421 429//429
f 422//422 423//423 430//430
f 422//422 430//430 429//429
f 426//426 425//425 431//431
f 426//426 431//431 432//432
f 433//433 425//425 427//427
f 431//431 425//425 433//433
f 434//434 427//427 428//428
f 433//433 427//427 434//434
f 435//435 428//428 429//429
f 434//434 428//428 435//435
f 429//429 430//430 436//436
f 429//429 436//436 435//435
f 432//432 431//431 437//437
f 432//432 437//437 438//438
f 439//439 431//431 433//433
f 437//437 431//431 439//439
f 440//440 433//433 434//434
f 439//439 433//433 440//440
f 441//441 434//434 435//435
f 440//440 434//434 441//441
f 435//435 436//436 442//442
f 435//435 442//442 441//441
f 438//438 437//437 443//443
f 438//438 443//443 444//444
f 445//445 437//437 439//439
f 443//443 437//437 445//445
f 446//446 439//439 440//440
f 445//445 439//439 446//446
f 447//447 440//440 441//441
f 446//446 440//440 447//447
f 441//441 442//442 448//448
f 441//441 448//448 447//447
f 449//449 444//444 443//443
f 451//451 450//450 449//449
f 443//443 451//451 449//449
f 445//445 451//451 443//443
f 452//452 445//445 446//446
f 451//451 445//445 452//452
f 453//453 446//446 447//447
f 452//452 446//446 453//453
f 447//447 448//448 454//454
f 447//447 454//454 453//453
f 450//450 451//451 455//455
f 450//450 455//455 456//456
f 457//457 451//451 452//452
f 455//455 451//451 457//457
f 458//458 452//452 453//453
f 457//457 452//452 458//458
f 453//453 454//454 459//459
f 453//453 459//459 458//458
f 456//456 455//455 460//460
f 456//456 460//460 461//461
f 462//462 455//455 457//457
f 460//460 455//455 462//462
f 458//458 464//464 463//463
f 462//462 458//458 463//463
f 457//457 458//458 462//462
f 464//464 458//458 459//459
f 461//461 460//460 465//465
f 461//461 465//465 466//466
f 467//467 460//460 462//462
f 465//465 460//460 467//467
f 462//462 463//463 468//468
f 462//462 468//468 467//467
f 466//466 465//465 469//469
f 466//466 469//469 470//470
f 471//471 465//465 467//467
f 469//469 465//465 471//471
f 467//467 468//468 472//472
f 467//467 472//472 471//471
f 470//470 469//469 473//473
f 470//470 473//473 474//474
f 475//475 469//469 471//471
f 473//473 469//469 475//475
f 471//471 472//472 476//476
f 471//471 476//476 475//475
f 477//477 474//474 473//473
f 479//479 478//478 477//477
f 473//473 479//479 477//477
f 475//475 479//479 473//473
f 475//475 476//476 480//480
f 475//475 480//480 479//479
f 481//481 478//478 479//479
f 481//481 479//479 480//480
f 483//483 482//482 287//287
f 483//483 287//287 288//288
f 287//287 484//484 290//290
f 482//482 484//484 287//287
f 290//290 485//485 292//292
f 484//484 485//485 290//290
f 293//293 292//292 485//485
f 293//293 485//485 486//486
f 488//488 487//487 295//295
f 488//488 295//295 296//296
f 288//288 295//295 483//483
f 483//483 295//295 487//487
f 490//490 297//297 489//489
f 297//297 486//486 489//489
f 297//297 293//293 486//486
f 491//491 490//490 489//489
f 298//298 488//488 296//296
f 298//298 492//492 488//488
f 490//490 299//299 297//297
f 300//300 299//299 490//490
f 491//491 300//300 490//490
f 493//493 300//300 491//491
f 495//495 494//494 302//302
f 495//495 302//302 303//303
f 298//298 302//302 492//492
f 492//492 302//302 494//494
f 497//497 304//304 496//496
f 304//304 493//493 496//496
f 304//304 300//300 493//493
f 498//498 497//497 496//496
f 305//305 495//495 303//303
f 305//305 499//499 495//495
f 497//497 306//306 304//304
f 308//308 306//306 497//497
f 498//498 308//308 497//497
f 500//500 308//308 498//498
f 309//309 499//499 305//305
f 309//309 501//501 499//499
f 500//500 310//310 308//308
f 502//502 310//310 500//500
f 311//311 501//501 309//309
f 311//311 503//503 501//501
f 502//502 312//312 310//310
f 504//504 312//312 502//502
f 506//506 505//505 314//314
f 506//506 314//314 315//315
f 311//311 314//314 503//503
f 503//503 314//314 505//505
f 504//504 316//316 312//312
f 507//507 316//316 504//504
f 318//318 506//506 315//315
f 318//318 508//508 506//506
f 507//507 509//509 316//316
f 316//316 509//509 319//319
f 321//321 319//319 509//509
f 321//321 509//509 510//510
f 323//323 508//508 318//318
f 323//323 511//511 508//508
f 510//510 324//324 321//321
f 512//512 324//324 510//510
f 326//326 511//511 323//323
f 326//326 513//513 511//511
f 512//512 327//327 324//324
f 514//514 327//327 512//512
f 326//326 328//328 515//515
f 516//516 326//326 515//515
f 513//513 326//326 516//516
f 329//329 515//515 328//328
f 514//514 330//330 327//327
f 517//517 330//330 514//514
f 518//518 516//516 515//515
f 515//515 329//329 518//518
f 329//329 519//519 518//518
f 329//329 331//331 519//519
f 517//517 333//333 330//330
f 520//520 333//333 517//517
f 334//334 519//519 331//331
f 334//334 521//521 519//519
f 520//520 336//336 333//333
f 522//522 336//336 520//520
f 338//338 521//521 334//334
f 338//338 523//523 521//521
f 522//522 340//340 336//336
f 524//524 340//340 522//522
f 342//342 523//523 338//338
f 342//342 525//525 523//523
f 524//524 344//344 340//340
f 526//526 344//344 524//524
f 342//342 345//345 527//527
f 528//528 342//342 527//527
f 525//525 342//342 528//528
f 346//346 527//527 345//345
f 529//529 347//347 348//348
f 530//530 529//529 348//348
f 344//344 530//530 348//348
f 526//526 530//530 344//344
f 528//528 527//527 531//531
f 528//528 531//531 532//532
f 350//350 531//531 346//346
f 346//346 531//531 527//527
f 533//533 351//351 529//529
f 529//529 351//351 347//347
f 529//529 530//530 534//534
f 529//529 534//534 533//533
f 535//535 532//532 531//531
f 531//531 350//350 535//535
f 350//350 536//536 535//535
f 350//350 353//353 536//536
f 537//537 354//354 533//533
f 533//533 354//354 351//351
f 533//533 534//534 538//538
f 533//533 538//538 537//537
f 356//356 536//536 353//353
f 356//356 539//539 536//536
f 540//540 358//358 537//537
f 537//537 358//358 354//354
f 537//537 538//538 541//541
f 537//537 541//541 540//540
f 360//360 539//539 356//356
f 360//360 542//542 539//539
f 543//543 362//362 540//540
f 540//540 362//362 358//358
f 540//540 541//541 544//544
f 540//540 544//544 543//543
f 364//364 542//542 360//360
f 364//364 545//545 542//542
f 546//546 366//366 543//543
f 543//543 366//366 362//362
f 543//543 544//544 547//547
f 543//543 547//547 546//546
f 368//368 545//545 364//364
f 368//368 548//548 545//545
f 549//549 370//370 546//546
f 546//546 370//370 366//366
f 546//546 547//547 550//550
f 546//546 550//550 549//549
f 372//372 548//548 368//368
f 372//372 551//551 548//548
f 552//552 374//374 549//549
f 549//549 374//374 370//370
f 549//549 550//550 553//553
f 549//549 553//553 552//552
f 376//376 551//551 372//372
f 376//376 554//554 551//551
f 555//555 379//379 552//552
f 552//552 379//379 374//374
f 552//552 553//553 556//556
f 552//552 556//556 555//555
f 381//381 554//554 376//376
f 381//381 557//557 554//554
f 558//558 384//384 555//555
f 555//555 384//384 379//379
f 555//555 556//556 559//559
f 555//555 559//559 558//558
f 386//386 557//557 381//381
f 386//386 560//560 557//557
f 561//561 390//390 558//558
f 558//558 390//390 384//384
f 558//558 559//559 562//562
f 558//558 562//562 561//561
f 386//386 391//391 563//563
f 564//564 386//386 563//563
f 560//560 386//386 564//564
f 392//392 563//563 391//391
f 565//565 396//396 561//561
f 561//561 396//396 390//390
f 561//561 562//562 566//566
f 561//561 566//566 565//565
f 564//564 563//563 567//567
f 564//564 567//567 568//568
f 398//398 567//567 392//392
f 392//392 567//567 563//563
f 570//570 569//569 565//565
f 569//569 396//396 565//565
f 569//569 403//403 396//396
f 570//570 565//565 566//566
f 568//568 567//567 571//571
f 568//568 571//571 572//572
f 405//405 571//571 398//398
f 398//398 571//571 567//567
f 569//569 410//410 403//403
f 573//573 410//410 569//569
f 572//572 571//571 574//574
f 572//572 574//574 575//575
f 412//412 574//574 405//405
f 405//405 574//574 571//571
f 573//573 417//417 410//410
f 576//576 417//417 573//573
f 575//575 574//574 577//577
f 575//575 577//577 578//578
f 419//419 577//577 412//412
f 412//412 577//577 574//574
f 579//579 423//423 424//424
f 580//580 579//579 424//424
f 417//417 580//580 424//424
f 576//576 580//580 417//417
f 578//578 577//577 581//581
f 578//578 581//581 582//582
f 426//426 581//581 419//419
f 419//419 581//581 577//577
f 583//583 430//430 579//579
f 579//579 430//430 423//423
f 579//579 580//580 584//584
f 579//579 584//584 583//583
f 582//582 581//581 585//585
f 582//582 585//585 586//586
f 432//432 585//585 426//426
f 426//426 585//585 581//581
f 587//587 436//436 583//583
f 583//583 436//436 430//430
f 583//583 584//584 588//588
f 583//583 588//588 587//587
f 586//586 585//585 589//589
f 586//586 589//589 590//590
f 438//438 589//589 432//432
f 432//432 589//589 585//585
f 591//591 442//442 587//587
f 587//587 442//442 436//436
f 587//587 588//588 592//592
f 587//587 592//592 591//591
f 590//590 589//589 593//593
f 590//590 593//593 594//594
f 444//444 593//593 438//438
f 438//438 593//593 589//589
f 595//595 448//448 591//591
f 591//591 448//448 442//442
f 591//591 592//592 596//596
f 591//591 596//596 595//595
f 594//594 593//593 597//597
f 594//594 597//597 598//598
f 449//449 599//599 444//444
f 599//599 593//593 444//444
f 599//599 597//597 593//593
f 450//450 599//599 449//449
f 600//600 454//454 595//595
f 595//595 454//454 448//448
f 595//595 596//596 601//601
f 595//595 601//601 600//600
f 598//598 597//597 602//602
f 598//598 602//602 603//603
f 604//604 597//597 599//599
f 602//602 597//597 604//604
f 456//456 604//604 450//450
f 450//450 604//604 599//599
f 605//605 459//459 600//600
f 600//600 459//459 454//454
f 600//600 601//601 606//606
f 600//600 606//606 605//605
f 603//603 602//602 607//607
f 603//603 607//607 608//608
f 609//609 602//602 604//604
f 607//607 602//602 609//609
f 461//461 609//609 456//456
f 456//456 609//609 604//604
f 610//610 463//463 464//464
f 459//459 605//605 464//464
f 605//605 610//610 464//464
f 605//605 611//611 610//610
f 605//605 606//606 612//612
f 605//605 612//612 611//611
f 608//608 607//607 613//613
f 608//608 613//613 614//614
f 615//615 607//607 609//609
f 613//613 607//607 615//615
f 466//466 615//615 461//461
f 461//461 615//615 609//609
f 616//616 468//468 610//610
f 610//610 468//468 463//463
f 617//617 610//610 611//611
f 616//616 610//610 617//617
f 611//611 612//612 618//618
f 611//611 618//618 617//617
f 614//614 613//613 619//619
f 614//614 619//619 620//620
f 621//621 613//613 615//615
f 619//619 613//613 621//621
f 470//470 621//621 466//466
f 466//466 621//621 615//615
f 622//622 472//472 616//616
f 616//616 472//472 468//468
f 623//623 616//616 617//617
f 622//622 616//616 623//623
f 617//617 618//618 624//624
f 617//617 624//624 623//623
f 620//620 619//619 625//625
f 620//620 625//625 626//626
f 627//627 619//619 621//621
f 625//625 619//619 627//627
f 474//474 627//627 470//470
f 470//470 627//627 621//621
f 628//628 476//476 622//622
f 622//622 476//476 472//472
f 629//629 622//622 623//623
f 628//628 622//622 629//629
f 623//623 624//624 630//630
f 623//623 630//630 629//629
f 626//626 625//625 631//631
f 626//626 631//631 632//632
f 633//633 625//625 627//627
f 631//631 625//625 633//633
f 477//477 634//634 474//474
f 634//634 627//627 474//474
f 634//634 633//633 627//627
f 478//478 634//634 477//477
f 635//635 480//480 628//628
f 628//628 480//480 476//476
f 636//636 628//628 629//629
f 635//635 628//628 636//636
f 629//629 630//630 637//637
f 629//629 637//637 636//636
f 638//638 632//632 631//631
f 640//640 639//639 638//638
f 631//631 640//640 638//638
f 633//633 640//640 631//631
f 641//641 633//633 634//634
f 640//640 633//633 641//641
f 481//481 642//642 478//478
f 642//642 634//634 478//478
f 642//642 641//641 634//634
f 480//480 635//635 481//481
f 635//635 642//642 481//481
f 635//635 643//643 642//642
f 644//644 635//635 636//636
f 643//643 635//635 644//644
f 636//636 637//637 645//645
f 636//636 645//645 644//644
f 639//639 640//640 646//646
f 639//639 646//646 647//647
f 648//648 640//640 641//641
f 646//646 640//640 648//648
f 649//649 641//641 642//642
f 648//648 641//641 649//649
f 650//650 642//642 643//643
f 649//649 642//642 650//650
f 651//651 643//643 644//644
f 650//650 643//643 651//651
f 644//644 645//645 652//652
f 644//644 652//652 651//651
f 647//647 646//646 653//653
f 647//647 653//653 654//654
f 655//655 646//646 648//648
f 653//653 646//646 655//655
f 656//656 648//648 649//649
f 655//655 648//648 656//656
f 657//657 649//649 650//650
f 656//656 649//649 657//657
f 658//658 650//650 651//651
f 657//657 650//650 658//658
f 651//651 652//652 659//659
f 651//651 659//659 658//658
f 654//654 653//653 660//660
f 654//654 660//660 661//661
f 662//662 653//653 655//655
f 660//660 653//653 662//662
f 663//663 655//655 656//656
f 662//662 655//655 663//663
f 664//664 656//656 657//657
f 663//663 656//656 664//664
f 665//665 657//657 658//658
f 664//664 657//657 665//665
f 658//658 659//659 666//666
f 658//658 666//666 665//665
f 661//661 660//660 667//667
f 661//661 667//667 668//668
f 669//669 660//660 662//662
f 667//667 660//660 669//669
f 670//670 662//662 663//663
f 669//669 662//662 670//670
f 671//671 663//663 664//664
f 670//670 663//663 671//671
f 672//672 664//664 665//665
f 671//671 664//664 672//672
f 665//665 666//666 673//673
f 665//665 673//673 672//672
f 668//668 667//667 674//674
f 668//668 674//674 675//675
f 676//676 667//667 669//669
f 674//674 667//667 676//676
f 677//677 669//669 670//670
f 676//676 669//669 677//677
f 678//678 670//670 671//671
f 677//677 670//670 678//678
f 679//679 671//671 672//672
f 678//678 671//671 679//679
f 672//672 673//673 680//680
f 672//672 680//680 679//679
f 675//675 674//674 681//681
f 675//675 681//681 682//682
f 683//683 674//674 676//676
f 681//681 674//674 683//683
f 684//684 676//676 677//677
f 683//683 676//676 684//684
f 685//685 677//677 678//678
f 684//684 677//677 685//685
f 686//686 678//678 679//679
f 685//685 678//678 686//686
f 679//679 680//680 687//687
f 679//679 687//687 686//686
f 682//682 681//681 688//688
f 682//682 688//688 689//689
f 690//690 681//681 683//683
f 688//688 681//681 690//690
f 691//691 683//683 684//684
f 690//690 683//683 691//691
f 692//692 684//684 685//685
f 691//691 684//684 692//692
f 693//693 685//685 686//686
f 692//692 685//685 693//693
f 686//686 687//687 694//694
f 686//686 694//694 693//693
f 689//689 688//688 695//695
f 689//689 695//695 696//696
f 697//697 688//688 690//690
f 695//695 688//688 697//697
f 698//698 690//690 691//691
f 697//697 690//690 698//698
f 699//699 691//691 692//692
f 698//698 691//691 699//699
f 693//693 701//701 700//700
f 699//699 693//693 700//700
f 692//692 693//693 699//699
f 701//701 693//693 694//694
f 696//696 695//695 702//702
f 696//696 702//702 703//703
f 704//704 695//695 697//697
f 702//702 695//695 704//704
f 705//705 697//697 698//698
f 704//704 697//697 705//705
f 706//706 698//698 699//699
f 705//705 698//698 706//706
f 699//699 700//700 707//707
f 699//699 707//707 706//706
f 703//703 702//702 708//708
f 703//703 708//708 709//709
f 710//710 702//702 704//704
f 708//708 702//702 710//710
f 711//711 704//704 705//705
f 710//710 704//704 711//711
f 712//712 705//705 706//706
f 711//711 705//705 712//712
f 706//706 707//707 713//713
f 706//706 713//713 712//712
f 709//709 708//708 714//714
f 709//709 714//714 715//715
f 716//716 708//708 710//710
f 714//714 708//708 716//716
f 717//717 710//710 711//711
f 716//716 710//710 717//717
f 718//718 711//711 712//712
f 717//717 711//711 718//718
f 712//712 713//713 719//719
f 712//712 719//719 718//718
f 715//715 714//714 720//720
f 715//715 720//720 721//721
f 722//722 714//714 716//716
f 720//720 714//714 722//722
f 723//723 716//716 717//717
f 722//722 716//716 723//723
f 724//724 717//717 718//718
f 723//723 717//717 724//724
f 718//718 719//719 725//725
f 718//718 725//725 724//724
f 721//721 720//720 726//726
f 721//721 726//726 727//727
f 728//728 720//720 722//722
f 726//726 720//720 728//728
f 729//729 722//722 723//723
f 728//728 722//722 729//729
f 730//730 723//723 724//724
f 729//729 723//723 730//730
f 724//724 725//725 731//731
f 724//724 731//731 730//730
f 732//732 727//727 726//726
f 734//734 733//733 732//732
f 726//726 734//734 732//732
f 728//728 734//734 726//726
f 735//735 728//728 729//729
f 734//734 728//728 735//735
f 736//736 729//729 730//730
f 735//735 729//729 736//736
f 730//730 731//731 737//737
f 730//730 737//737 736//736
f 733//733 734//734 738//738
f 733//733 738//738 739//739
f 740//740 734//734 735//735
f 738//738 734//734 740//740
f 741//741 735//735 736//736
f 740//740 735//735 741//741
f 736//736 737//737 742//742
f 736//736 742//742 741//741
f 739//739 738//738 743//743
f 739//739 743//743 744//744
f 745//745 738//738 740//740
f 743//743 738//738 745//745
f 741//741 747//747 746//746
f 745//745 741//741 746//746
f 740//740 741//741 745//745
f 747//747 741//741 742//742
f 744//744 743//743 748//748
f 744//744 748//748 749//749
f 750//750 743//743 745//745
f 748//748 743//743 750//750
f 745//745 746//746 751//751
f 745//745 751//751 750//750
f 752//752 749//749 748//748
f 754//754 753//753 752//752
f 748//748 754//754 752//752
f 750//750 754//754 748//748
f 750//750 751//751 755//755
f 750//750 755//755 754//754
f 756//756 753//753 754//754
f 756//756 754//754 755//755
f 758//758 757//757 482//482
f 758//758 482//482 483//483
f 482//482 759//759 484//484
f 757//757 759//759 482//482
f 484//484 760//760 485//485
f 759//759 760//760 484//484
f 486//486 485//485 760//760
f 486//486 760//760 761//761
f 763//763 762//762 487//487
f 763//763 487//487 488//488
f 483//483 487//487 758//758
f 758//758 487//487 762//762
f 489//489 486//486 764//764
f 486//486 765//765 764//764
f 486//486 761//761 765//765
f 764//764 491//491 489//489
f 492//492 763//763 488//488
f 492//492 766//766 763//763
f 765//765 767//767 764//764
f 491//491 764//764 767//767
f 768//768 491//491 767//767
f 493//493 491//491 768//768
f 770//770 769//769 494//494
f 770//770 494//494 495//495
f 492//492 494//494 766//766
f 766//766 494//494 769//769
f 496//496 493//493 771//771
f 493//493 772//772 771//771
f 493//493 768//768 772//772
f 771//771 498//498 496//496
f 499//499 770//770 495//495
f 499//499 773//773 770//770
f 772//772 774//774 771//771
f 498//498 771//771 774//774
f 775//775 498//498 774//774
f 500//500 498//498 775//775
f 501//501 773//773 499//499
f 501//501 776//776 773//773
f 775//775 502//502 500//500
f 777//777 502//502 775//775
f 780//780 779//779 778//778
f 779//779 776//776 778//778
f 776//776 503//503 778//778
f 776//776 501//501 503//503
f 777//777 504//504 502//502
f 781//781 504//504 777//777
f 780//780 778//778 505//505
f 506//506 780//780 505//505
f 782//782 780//780 506//506
f 505//505 778//778 503//503
f 781//781 507//507 504//504
f 783//783 507//507 781//781
f 508//508 782//782 506//506
f 508//508 784//784 782//782
f 783//783 785//785 507//507
f 507//507 785//785 509//509
f 510//510 509//509 785//785
f 510//510 785//785 786//786
f 511//511 784//784 508//508
f 511//511 787//787 784//784
f 786//786 512//512 510//510
f 788//788 512//512 786//786
f 513//513 787//787 511//511
f 513//513 789//789 787//787
f 788//788 514//514 512//512
f 790//790 514//514 788//788
f 516//516 789//789 513//513
f 516//516 791//791 789//789
f 790//790 517//517 514//514
f 792//792 517//517 790//790
f 516//516 518//518 793//793
f 794//794 516//516 793//793
f 791//791 516//516 794//794
f 519//519 793//793 518//518
f 792//792 520//520 517//517
f 795//795 520//520 792//792
f 796//796 794//794 793//793
f 793//793 519//519 796//796
f 519//519 797//797 796//796
f 519//519 521//521 797//797
f 795//795 522//522 520//520
f 798//798 522//522 795//795
f 523//523 797//797 521//521
f 523//523 799//799 797//797
f 798//798 524//524 522//522
f 800//800 524//524 798//798
f 525//525 799//799 523//523
f 525//525 801//801 799//799
f 800//800 526//526 524//524
f 802//802 526//526 800//800
f 528//528 801//801 525//525
f 528//528 803//803 801//801
f 802//802 530//530 526//526
f 804//804 530//530 802//802
f 532//532 806//806 805//805
f 803//803 532//532 805//805
f 528//528 532//532 803//803
f 806//806 807//807 805//805
f 804//804 534//534 530//530
f 808//808 534//534 804//804
f 535//535 806//806 532//532
f 535//535 536//536 806//806
f 536//536 807//807 806//806
f 536//536 809//809 807//807
f 808//808 538//538 534//534
f 810//810 538//538 808//808
f 539//539 809//809 536//536
f 539//539 811//811 809//809
f 810//810 541//541 538//538
f 812//812 541//541 810//810
f 542//542 811//811 539//539
f 542//542 813//813 811//811
f 812//812 544//544 541//541
f 814//814 544//544 812//812
f 545//545 813//813 542//542
f 545//545 815//815 813//813
f 814//814 547//547 544//544
f 816//816 547//547 814//814
f 548//548 815//815 545//545
f 548//548 817//817 815//815
f 816//816 550//550 547//547
f 818//818 550//550 816//816
f 551//551 817//817 548//548
f 551//551 819//819 817//817
f 818//818 553//553 550//550
f 820//820 553//553 818//818
f 554//554 819//819 551//551
f 554//554 821//821 819//819
f 820//820 556//556 553//553
f 822//822 556//556 820//820
f 557//557 821//821 554//554
f 557//557 823//823 821//821
f 822//822 559//559 556//556
f 824//824 559//559 822//822
f 560//560 823//823 557//557
f 560//560 825//825 823//823
f 824//824 562//562 559//559
f 826//826 562//562 824//824
f 564//564 825//825 560//560
f 564//564 827//827 825//825
f 826//826 566//566 562//562
f 828//828 566//566 826//826
f 568//568 827//827 564//564
f 568//568 829//829 827//827
f 830//830 569//569 570//570
f 831//831 830//830 570//570
f 566//566 831//831 570//570
f 828//828 831//831 566//566
f 572//572 829//829 568//568
f 572//572 832//832 829//829
f 833//833 573//573 830//830
f 830//830 573//573 569//569
f 830//830 831//831 834//834
f 830//830 834//834 833//833
f 575//575 832//832 572//572
f 575//575 835//835 832//832
f 836//836 576//576 833//833
f 833//833 576//576 573//573
f 833//833 834//834 837//837
f 833//833 837//837 836//836
f 578//578 835//835 575//575
f 578//578 838//838 835//835
f 839//839 580//580 836//836
f 836//836 580//580 576//576
f 836//836 837//837 840//840
f 836//836 840//840 839//839
f 582//582 838//838 578//578
f 582//582 841//841 838//838
f 842//842 584//584 839//839
f 839//839 584//584 580//580
f 839//839 840//840 843//843
f 839//839 843//843 842//842
f 586//586 841//841 582//582
f 586//586 844//844 841//841
f 845//845 588//588 842//842
f 842//842 588//588 584//584
f 842//842 843//843 846//846
f 842//842 846//846 845//845
f 590//590 844//844 586//586
f 590//590 847//847 844//844
f 848//848 592//592 845//845
f 845//845 592//592 588//588
f 845//845 846//846 849//849
f 845//845 849//849 848//848
f 594//594 847//847 590//590
f 594//594 850//850 847//847
f 851//851 596//596 848//848
f 848//848 596//596 592//592
f 848//848 849//849 852//852
f 848//848 852//852 851//851
f 598//598 850//850 594//594
f 598//598 853//853 850//850
f 854//854 601//601 851//851
f 851//851 601//601 596//596
f 851//851 852//852 855//855
f 851//851 855//855 854//854
f 603//603 853//853 598//598
f 603//603 856//856 853//853
f 857//857 606//606 854//854
f 854//854 606//606 601//601
f 854//854 855//855 858//858
f 854//854 858//858 857//857
f 608//608 856//856 603//603
f 608//608 859//859 856//856
f 860//860 612//612 857//857
f 857//857 612//612 606//606
f 857//857 858//858 861//861
f 857//857 861//861 860//860
f 614//614 859//859 608//608
f 614//614 862//862 859//859
f 863//863 618//618 860//860
f 860//860 618//618 612//612
f 860//860 861//861 864//864
f 860//860 864//864 863//863
f 620//620 862//862 614//614
f 620//620 865//865 862//862
f 866//866 624//624 863//863
f 863//863 624//624 618//618
f 863//863 864//864 867//867
f 863//863 867//867 866//866
f 626//626 865//865 620//620
f 626//626 868//868 865//865
f 869//869 630//630 866//866
f 866//866 630//630 624//624
f 866//866 867//867 870//870
f 866//866 870//870 869//869
f 632//632 868//868 626//626
f 632//632 871//871 868//868
f 872//872 637//637 869//869
f 869//869 637//637 630//630
f 869//869 870//870 873//873
f 869//869 873//873 872//872
f 632//632 638//638 874//874
f 875//875 632//632 874//874
f 871//871 632//632 875//875
f 639//639 874//874 638//638
f 876//876 645//645 872//872
f 872//872 645//645 637//637
f 872//872 873//873 877//877
f 872//872 877//877 876//876
f 875//875 874//874 878//878
f 875//875 878//878 879//879
f 647//647 878//878 639//639
f 639//639 878//878 874//874
f 880//880 652//652 876//876
f 876//876 652//652 645//645
f 876//876 877//877 881//881
f 876//876 881//881 880//880
f 879//879 878//878 882//882
f 879//879 882//882 883//883
f 654//654 882//882 647//647
f 647//647 882//882 878//878
f 884//884 659//659 880//880
f 880//880 659//659 652//652
f 880//880 881//881 885//885
f 880//880 885//885 884//884
f 883//883 882//882 886//886
f 883//883 886//886 887//887
f 661//661 886//886 654//654
f 654//654 886//886 882//882
f 888//888 666//666 884//884
f 884//884 666//666 659//659
f 884//884 885//885 889//889
f 884//884 889//889 888//888
f 887//887 886//886 890//890
f 887//887 890//890 891//891
f 668//668 890//890 661//661
f 661//661 890//890 886//886
f 892//892 673//673 888//888
f 888//888 673//673 666//666
f 888//888 889//889 893//893
f 888//888 893//893 892//892
f 891//891 890//890 894//894
f 891//891 894//894 895//895
f 675//675 894//894 668//668
f 668//668 894//894 890//890
f 896//896 680//680 892//892
f 892//892 680//680 673//673
f 892//892 893//893 897//897
f 892//892 897//897 896//896
f 895//895 894//894 898//898
f 895//895 898//898 899//899
f 682//682 898//898 675//675
f 675//675 898//898 894//894
f 900//900 687//687 896//896
f 896//896 687//687 680//680
f 896//896 897//897 901//901
f 896//896 901//901 900//900
f 899//899 898//898 902//902
f 899//899 902//902 903//903
f 689//689 902//902 682//682
f 682//682 902//902 898//898
f 904//904 694//694 900//900
f 900//900 694//694 687//687
f 900//900 901//901 905//905
f 900//900 905//905 904//904
f 903//903 902//902 906//906
f 903//903 906//906 907//907
f 696//696 906//906 689//689
f 689//689 906//906 902//902
f 908//908 700//700 701//701
f 694//694 904//904 701//701
f 904//904 908//908 701//701
f 904//904 909//909 908//908
f 904//904 905//905 910//910
f 904//904 910//910 909//909
f 907//907 906//906 911//911
f 907//907 911//911 912//912
f 703//703 911//911 696//696
f 696//696 911//911 906//906
f 913//913 707//707 908//908
f 908//908 707//707 700//700
f 914//914 908//908 909//909
f 913//913 908//908 914//914
f 909//909 910//910 915//915
f 909//909 915//915 914//914
f 912//912 911//911 916//916
f 912//912 916//916 917//917
f 709//709 916//916 703//703
f 703//703 916//916 911//911
f 918//918 713//713 913//913
f 913//913 713//713 707//707
f 914//914 920//920 919//919
f 918//918 914//914 919//919
f 913//913 914//914 918//918
f 920//920 914//914 915//915
f 917//917 916//916 921//921
f 917//917 921//921 922//922
f 715//715 921//921 709//709
f 709//709 921//921 916//916
f 923//923 719//719 918//918
f 918//918 719//719 713//713
f 918//918 919//919 924//924
f 918//918 924//924 923//923
f 922//922 921//921 925//925
f 922//922 925//925 926//926
f 721//721 925//925 715//715
f 715//715 925//925 921//921
f 927//927 725//725 923//923
f 923//923 725//725 719//719
f 923//923 924//924 928//928
f 923//923 928//928 927//927
f 926//926 925//925 929//929
f 926//926 929//929 930//930
f 727//727 929//929 721//721
f 721//721 929//929 925//925
f 931//931 731//731 927//927
f 927//927 731//731 725//725
f 927//927 928//928 932//932
f 927//927 932//932 931//931
f 930//930 929//929 933//933
f 930//930 933//933 934//934
f 732//732 935//935 727//727
f 935//935 929//929 727//727
f 935//935 933//933 929//929
f 733//733 935//935 732//732
f 936//936 737//737 931//931
f 931//931 737//737 731//731
f 931//931 932//932 937//937
f 931//931 937//937 936//936
f 934//934 933//933 938//938
f 934//934 938//938 939//939
f 940//940 933//933 935//935
f 938//938 933//933 940//940
f 739//739 940//940 733//733
f 733//733 940//940 935//935
f 941//941 742//742 936//936
f 936//936 742//742 737//737
f 936//936 937//937 942//942
f 936//936 942//942 941//941
f 939//939 938//938 943//943
f 939//939 943//943 944//944
f 945//945 938//938 940//940
f 943//943 938//938 945//945
f 744//744 945//945 739//739
f 739//739 945//945 940//940
f 946//946 746//746 747//747
f 742//742 941//941 747//747
f 941//941 946//946 747//747
f 941//941 947//947 946//946
f 941//941 942//942 948//948
f 941//941 948//948 947//947
f 944//944 943//943 949//949
f 944//944 949//949 950//950
f 951//951 943//943 945//945
f 949//949 943//943 951//951
f 749//749 951//951 744//744
f 744//744 951//951 945//945
f 952//952 751//751 946//946
f 946//946 751//751 746//746
f 953//953 946//946 947//947
f 952//952 946//946 953//953
f 947//947 948//948 954//954
f 947//947 954//954 953//953
f 950//950 949//949 955//955
f 950//950 955//955 956//956
f 957//957 949//949 951//951
f 955//955 949//949 957//957
f 752//752 958//958 749//749
f 958//958 951//951 749//749
f 958//958 957//957 951//951
f 753//753 958//958 752//752
f 959//959 755//755 952//952
f 952//952 755//755 751//751
f 960//960 952//952 953//953
f 959//959 952//952 960//960
f 953//953 954//954 961//961
f 953//953 961//961 960//960
f 956//956 955//955 962//962
f 956//956 962//962 963//963
f 964//964 955//955 957//957
f 962//962 955//955 964//964
f 965//965 957//957 958//958
f 964//964 957//957 965//965
f 756//756 966//966 753//753
f 966//966 958//958 753//753
f 966//966 965//965 958//958
f 755//755 959//959 756//756
f 959//959 966//966 756//756
f 959//959 967//967 966//966
f 968//968 959//959 960//960
f 967//967 959//959 968//968
f 960//960 961//961 969//969
f 960//960 969//969 968//968
f 963//963 962//962 970//970
f 963//963 970//970 971//971
f 972//972 962//962 964//964
f 970//970 962//962 972//972
f 973//973 964//964 965//965
f 972//972 964//964 973//973
f 974//974 965//965 966//966
f 973//973 965//965 974//974
f 975//975 966//966 967//967
f 974//974 966//966 975//975
f 976//976 967//967 968//968
f 975//975 967//967 976//976
f 968//968 969//969 977//977
f 968//968 977//977 976//976
f 978//978 971//971 970//970
f 980//980 979//979 978//978
f 970//970 980//980 978//978
f 972//972 980//980 970//970
f 981//981 972//972 973//973
f 980//980 972//972 981//981
f 982//982 973//973 974//974
f 981//981 973//973 982//982
f 983//983 974//974 975//975
f 982//982 974//974 983//983
f 984//984 975//975 976//976
f 983//983 975//975 984//984
f 976//976 977//977 985//985
f 976//976 985//985 984//984
f 979//979 980//980 986//986
f 979//979 986//986 987//987
f 988//988 980//980 981//981
f 986//986 980//980 988//988
f 989//989 981//981 982//982
f 988//988 981//981 989//989
f 990//990 982//982 983//983
f 989//989 982//982 990//990
f 991//991 983//983 984//984
f 990//990 983//983 991//991
f 984//984 985//985 992//992
f 984//984 992//992 991//991
f 987//987 986//986 993//993
f 987//987 993//993 994//994
f 995//995 986//986 988//988
f 993//993 986//986 995//995
f 996//996 988//988 989//989
f 995//995 988//988 996//996
f 997//997 989//989 990//990
f 996//996 989//989 997//997
f 998//998 990//990 991//991
f 997//997 990//990 998//998
f 991//991 992//992 999//999
f 991//991 999//999 998//998
f 994//994 993//993 1000//1000
f 994//994 1000//1000 1001//1001
f 1002//1002 993//993 995//995
f 1000//1000 993//993 1002//1002
f 1003//1003 995//995 996//996
f 1002//1002 995//995 1003//1003
f 1004//1004 996//996 997//997
f 1003//1003 996//996 1004//1004
f 998//998 1006//1006 1005//1005
f 1004//1004 998//998 1005//1005
f 997//997 998//998 1004//1004
f 1006//1006 998//998 999//999
f 1001//1001 1000//1000 1007//1007
f 1001//1001 1007//1007 1008//1008
f 1009//1009 1000//1000 1002//1002
f 1007//1007 1000//1000 1009//1009
f 1010//1010 1002//1002 1003//1003
f 1009//1009 1002//1002 1010//1010
f 1011//1011 1003//1003 1004//1004
f 1010//1010 1003//1003 1011//1011
f 1004//1004 1005//1005 1012//1012
f 1004//1004 1012//1012 1011//1011
f 1008//1008 1007//1007 1013//1013
f 1008//1008 1013//1013 1014//1014
f 1015//1015 1007//1007 1009//1009
f 1013//1013 1007//1007 1015//1015
f 1016//1016 1009//1009 1010//1010
f 1015//1015 1009//1009 1016//1016
f 1017//1017 1010//1010 1011//1011
f 1016//1016 1010//1010 1017//1017
f 1011//1011 1012//1012 1018//1018
f 1011//1011 1018//1018 1017//1017
f 1014//1014 1013//1013 1019//1019
f 1014//1014 1019//1019 1020//1020
f 1021//1021 1013//1013 1015//1015
f 1019//1019 1013//1013 1021//1021
f 1022//1022 1015//1015 1016//1016
f 1021//1021 1015//1015 1022//1022
f 1023//1023 1016//1016 1017//1017
f 1022//1022 1016//1016 1023//1023
f 1017//1017 1018//1018 1024//1024
f 1017//1017 1024//1024 1023//1023
f 1020//1020 1019//1019 1025//1025
f 1020//1020 1025//1025 1026//1026
f 1027//1027 1019//1019 1021//1021
f 1025//1025 1019//1019 1027//1027
f 1028//1028 1021//1021 1022//1022
f 1027//1027 1021//1021 1028//1028
f 1029//1029 1022//1022 1023//1023
f 1028//1028 1022//1022 1029//1029
f 1023//1023 1024//1024 1030//1030
f 1023//1023 1030//1030 1029//1029
f 1031//1031 1026//1026 1025//1025
f 1033//1033 1032//1032 1031//1031
f 1025//1025 1033//1033 1031//1031
f 1027//1027 1033//1033 1025//1025
f 1034//1034 1027//1027 1028//1028
f 1033//1033 1027//1027 1034//1034
f 1035//1035 1028//1028 1029//1029
f 1034//1034 1028//1028 1035//1035
f 1029//1029 1030//1030 1036//1036
f 1029//1029 1036//1036 1035//1035
f 1032//1032 1033//1033 1037//1037
f 1032//1032 1037//1037 1038//1038
f 1039//1039 1033//1033 1034//1034
f 1037//1037 1033//1033 1039//1039
f 1040//1040 1034//1034 1035//1035
f 1039//1039 1034//1034 1040//1040
f 1035//1035 1036//1036 1041//1041
f 1035//1035 1041//1041 1040//1040
f 1038//1038 1037//1037 1042//1042
f 1038//1038 1042//1042 1043//1043
f 1044//1044 1037//1037 1039//1039
f 1042//1042 1037//1037 1044//1044
f 1040//1040 1046//1046 1045//1045
f 1044//1044 1040//1040 1045//1045
f 1039//1039 1040//1040 1044//1044
f 1046//1046 1040//1040 1041//1041
f 1043//1043 1042//1042 1047//1047
f 1043//1043 1047//1047 1048//1048
f 1049//1049 1042//1042 1044//1044
f 1047//1047 1042//1042 1049//1049
f 1044//1044 1045//1045 1050//1050
f 1044//1044 1050//1050 1049//1049
f 1051//1051 1048//1048 1047//1047
f 1051//1051 1047//1047 1049//1049
f 1051//1051 1049//1049 1052//1052
f 1052//1052 1049//1049 1050//1050
f 758//758 1053//1053 757//757
f 1054//1054 759//759 757//757
f 1054//1054 757//757 1053//1053
f 1055//1055 760//760 759//759
f 1055//1055 759//759 1054//1054
f 1055//1055 761//761 760//760
f 763//763 1056//1056 762//762
f 1056//1056 1057//1057 762//762
f 762//762 1057//1057 758//758
f 1057//1057 1058//1058 758//758
f 1058//1058 1053//1053 758//758
f 1053//1053 1058//1058 1054//1054
f 1054//1054 1058//1058 1059//1059
f 1054//1054 1059//1059 1055//1055
f 1055//1055 1059//1059 1060//1060
f 761//761 1055//1055 1060//1060
f 1061//1061 761//761 1060//1060
f 765//765 761//761 1061//1061
f 1063//1063 1062//1062 1056//1056
f 763//763 1063//1063 1056//1056
f 766//766 1063//1063 763//763
f 1056//1056 1062//1062 1057//1057
f 1061//1061 1064//1064 765//765
f 765//765 1064//1064 767//767
f 768//768 767//767 1064//1064
f 768//768 1064//1064 1065//1065
f 770//770 1066//1066 769//769
f 1066//1066 1067//1067 769//769
f 1067//1067 766//766 769//769
f 1067//1067 1063//1063 766//766
f 1065//1065 772//772 768//768
f 1068//1068 772//772 1065//1065
f 1070//1070 1069//1069 1066//1066
f 770//770 1070//1070 1066//1066
f 773//773 1070//1070 770//770
f 1066//1066 1069//1069 1067//1067
f 774//774 772//772 1071//1071
f 772//772 1072//1072 1071//1071
f 772//772 1068//1068 1072//1072
f 1071//1071 775//775 774//774
f 776//776 1070//1070 773//773
f 776//776 1073//1073 1070//1070
f 1072//1072 1074//1074 1071//1071
f 775//775 1071//1071 1074//1074
f 1075//1075 775//775 1074//1074
f 777//777 775//775 1075//1075
f 1077//1077 1076//1076 779//779
f 1077//1077 779//779 780//780
f 776//776 779//779 1073//1073
f 1073//1073 779//779 1076//1076
f 1075//1075 781//781 777//777
f 1078//1078 781//781 1075//1075
f 782//782 1077//1077 780//780
f 782//782 1079//1079 1077//1077
f 1078//1078 783//783 781//781
f 1080//1080 783//783 1078//1078
f 784//784 1079//1079 782//782
f 784//784 1081//1081 1079//1079
f 785//785 783//783 1082//1082
f 783//783 1083//1083 1082//1082
f 783//783 1080//1080 1083//1083
f 1082//1082 786//786 785//785
f 787//787 1081//1081 784//784
f 787//787 1084//1084 1081//1081
f 1083//1083 1085//1085 1082//1082
f 786//786 1082//1082 1085//1085
f 1086//1086 786//786 1085//1085
f 788//788 786//786 1086//1086
f 789//789 1084//1084 787//787
f 789//789 1087//1087 1084//1084
f 1086//1086 790//790 788//788
f 1088//1088 790//790 1086//1086
f 791//791 1087//1087 789//789
f 791//791 1089//1089 1087//1087
f 1088//1088 792//792 790//790
f 1090//1090 792//792 1088//1088
f 794//794 1089//1089 791//791
f 794//794 1091//1091 1089//1089
f 1090//1090 795//795 792//792
f 1092//1092 795//795 1090//1090
f 1093//1093 1091//1091 794//794
f 1093//1093 794//794 796//796
f 796//796 797//797 1093//1093
f 1093//1093 797//797 1094//1094
f 1092//1092 798//798 795//795
f 1095//1095 798//798 1092//1092
f 799//799 1094//1094 797//797
f 799//799 1096//1096 1094//1094
f 1099//1099 1098//1098 1097//1097
f 1095//1095 1099//1099 1097//1097
f 800//800 1095//1095 1097//1097
f 798//798 1095//1095 800//800
f 801//801 1096//1096 799//799
f 801//801 1100//1100 1096//1096
f 1097//1097 1098//1098 1101//1101
f 1101//1101 1098//1098 1102//1102
f 1101//1101 802//802 800//800
f 1101//1101 800//800 1097//1097
f 803//803 1104//1104 1103//1103
f 1100//1100 803//803 1103//1103
f 801//801 803//803 1100//1100
f 1104//1104 1105//1105 1103//1103
f 1101//1101 1102//1102 1106//1106
f 1106//1106 1102//1102 1107//1107
f 1106//1106 804//804 802//802
f 1106//1106 802//802 1101//1101
f 805//805 1104//1104 803//803
f 805//805 807//807 1104//1104
f 807//807 1105//1105 1104//1104
f 807//807 1108//1108 1105//1105
f 1106//1106 1107//1107 1109//1109
f 1109//1109 1107//1107 1110//1110
f 1109//1109 808//808 804//804
f 1109//1109 804//804 1106//1106
f 809//809 1108//1108 807//807
f 809//809 1111//1111 1108//1108
f 1109//1109 1110//1110 1112//1112
f 1112//1112 1110//1110 1113//1113
f 1112//1112 810//810 808//808
f 1112//1112 808//808 1109//1109
f 811//811 1111//1111 809//809
f 811//811 1114//1114 1111//1111
f 1113//1113 1115//1115 1112//1112
f 810//810 1112//1112 1115//1115
f 1116//1116 810//810 1115//1115
f 812//812 810//810 1116//1116
f 813//813 1114//1114 811//811
f 813//813 1117//1117 1114//1114
f 1116//1116 814//814 812//812
f 1118//1118 814//814 1116//1116
f 815//815 1117//1117 813//813
f 815//815 1119//1119 1117//1117
f 1118//1118 816//816 814//814
f 1120//1120 816//816 1118//1118
f 817//817 1119//1119 815//815
f 817//817 1121//1121 1119//1119
f 1120//1120 818//818 816//816
f 1122//1122 818//818 1120//1120
f 819//819 1121//1121 817//817
f 819//819 1123//1123 1121//1121
f 1122//1122 820//820 818//818
f 1124//1124 820//820 1122//1122
f 821//821 1123//1123 819//819
f 821//821 1125//1125 1123//1123
f 1124//1124 822//822 820//820
f 1126//1126 822//822 1124//1124
f 823//823 1125//1125 821//821
f 823//823 1127//1127 1125//1125
f 1126//1126 824//824 822//822
f 1128//1128 824//824 1126//1126
f 825//825 1127//1127 823//823
f 825//825 1129//1129 1127//1127
f 1128//1128 826//826 824//824
f 1130//1130 826//826 1128//1128
f 827//827 1129//1129 825//825
f 827//827 1131//1131 1129//1129
f 1130//1130 828//828 826//826
f 1132//1132 828//828 1130//1130
f 829//829 1131//1131 827//827
f 829//829 1133//1133 1131//1131
f 1132//1132 831//831 828//828
f 1134//1134 831//831 1132//1132
f 832//832 1133//1133 829//829
f 832//832 1135//1135 1133//1133
f 1134//1134 834//834 831//831
f 1136//1136 834//834 1134//1134
f 835//835 1135//1135 832//832
f 835//835 1137//1137 1135//1135
f 1136//1136 837//837 834//834
f 1138//1138 837//837 1136//1136
f 838//838 1137//1137 835//835
f 838//838 1139//1139 1137//1137
f 1138//1138 840//840 837//837
f 1140//1140 840//840 1138//1138
f 841//841 1139//1139 838//838
f 841//841 1141//1141 1139//1139
f 1140//1140 843//843 840//840
f 1142//1142 843//843 1140//1140
f 844//844 1141//1141 841//841
f 844//844 1143//1143 1141//1141
f 1142//1142 846//846 843//843
f 1144//1144 846//846 1142//1142
f 847//847 1143//1143 844//844
f 847//847 1145//1145 1143//1143
f 1144//1144 849//849 846//846
f 1146//1146 849//849 1144//1144
f 850//850 1145//1145 847//847
f 850//850 1147//1147 1145//1145
f 1146//1146 852//852 849//849
f 1148//1148 852//852 1146//1146
f 853//853 1147//1147 850//850
f 853//853 1149//1149 1147//1147
f 1148//1148 855//855 852//852
f 1150//1150 855//855 1148//1148
f 856//856 1149//1149 853//853
f 856//856 1151//1151 1149//1149
f 1150//1150 858//858 855//855
f 1152//1152 858//858 1150//1150
f 859//859 1151//1151 856//856
f 859//859 1153//1153 1151//1151
f 1152//1152 861//861 858//858
f 1154//1154 861//861 1152//1152
f 1157//1157 1156//1156 1155//1155
f 1156//1156 1153//1153 1155//1155
f 1153//1153 862//862 1155//1155
f 1153//1153 859//859 862//862
f 1154//1154 864//864 861//861
f 1158//1158 864//864 1154//1154
f 1157//1157 1155//1155 1159//1159
f 1157//1157 1159//1159 1160//1160
f 865//865 1159//1159 862//862
f 862//862 1159//1159 1155//1155
f 1158//1158 867//867 864//864
f 1161//1161 867//867 1158//1158
f 1160//1160 1159//1159 1162//1162
f 1160//1160 1162//1162 1163//1163
f 868//868 1162//1162 865//865
f 865//865 1162//1162 1159//1159
f 1161//1161 870//870 867//867
f 1164//1164 870//870 1161//1161
f 1163//1163 1162//1162 1165//1165
f 1163//1163 1165//1165 1166//1166
f 871//871 1165//1165 868//868
f 868//868 1165//1165 1162//1162
f 1164//1164 873//873 870//870
f 1167//1167 873//873 1164//1164
f 1166//1166 1165//1165 1168//1168
f 1166//1166 1168//1168 1169//1169
f 875//875 1168//1168 871//871
f 871//871 1168//1168 1165//1165
f 1167//1167 877//877 873//873
f 1170//1170 877//877 1167//1167
f 1169//1169 1168//1168 1171//1171
f 1169//1169 1171//1171 1172//1172
f 879//879 1171//1171 875//875
f 875//875 1171//1171 1168//1168
f 1170//1170 881//881 877//877
f 1173//1173 881//881 1170//1170
f 1172//1172 1171//1171 1174//1174
f 1172//1172 1174//1174 1175//1175
f 883//883 1174//1174 879//879
f 879//879 1174//1174 1171//1171
f 1173//1173 885//885 881//881
f 1176//1176 885//885 1173//1173
f 1175//1175 1174//1174 1177//1177
f 1175//1175 1177//1177 1178//1178
f 887//887 1177//1177 883//883
f 883//883 1177//1177 1174//1174
f 1176//1176 889//889 885//885
f 1179//1179 889//889 1176//1176
f 1178//1178 1177//1177 1180//1180
f 1178//1178 1180//1180 1181//1181
f 891//891 1180//1180 887//887
f 887//887 1180//1180 1177//1177
f 1179//1179 893//893 889//889
f 1182//1182 893//893 1179//1179
f 1181//1181 1180//1180 1183//1183
f 1181//1181 1183//1183 1184//1184
f 895//895 1183//1183 891//891
f 891//891 1183//1183 1180//1180
f 1182//1182 897//897 893//893
f 1185//1185 897//897 1182//1182
f 1184//1184 1183//1183 1186//1186
f 1184//1184 1186//1186 1187//1187
f 899//899 1186//1186 895//895
f 895//895 1186//1186 1183//1183
f 1185//1185 901//901 897//897
f 1188//1188 901//901 1185//1185
f 1187//1187 1186//1186 1189//1189
f 1187//1187 1189//1189 1190//1190
f 903//903 1189//1189 899//899
f 899//899 1189//1189 1186//1186
f 1188//1188 905//905 901//901
f 1191//1191 905//905 1188//1188
f 1190//1190 1189//1189 1192//1192
f 1190//1190 1192//1192 1193//1193
f 907//907 1192//1192 903//903
f 903//903 1192//1192 1189//1189
f 1191//1191 910//910 905//905
f 1194//1194 910//910 1191//1191
f 1193//1193 1192//1192 1195//1195
f 1193//1193 1195//1195 1196//1196
f 912//912 1195//1195 907//907
f 907//907 1195//1195 1192//1192
f 1194//1194 915//915 910//910
f 1197//1197 915//915 1194//1194
f 1196//1196 1195//1195 1198//1198
f 1196//1196 1198//1198 1199//1199
f 917//917 1198//1198 912//912
f 912//912 1198//1198 1195//1195
f 1200//1200 919//919 920//920
f 1201//1201 1200//1200 920//920
f 915//915 1201//1201 920//920
f 1197//1197 1201//1201 915//915
f 1199//1199 1198//1198 1202//1202
f 1199//1199 1202//1202 1203//1203
f 922//922 1202//1202 917//917
f 917//917 1202//1202 1198//1198
f 1204//1204 924//924 1200//1200
f 1200//1200 924//924 919//919
f 1200//1200 1201//1201 1205//1205
f 1200//1200 1205//1205 1204//1204
f 1203//1203 1202//1202 1206//1206
f 1203//1203 1206//1206 1207//1207
f 926//926 1206//1206 922//922
f 922//922 1206//1206 1202//1202
f 1208//1208 928//928 1204//1204
f 1204//1204 928//928 924//924
f 1204//1204 1205//1205 1209//1209
f 1204//1204 1209//1209 1208//1208
f 1207//1207 1206//1206 1210//1210
f 1207//1207 1210//1210 1211//1211
f 930//930 1210//1210 926//926
f 926//926 1210//1210 1206//1206
f 1212//1212 932//932 1208//1208
f 1208//1208 932//932 928//928
f 1208//1208 1209//1209 1213//1213
f 1208//1208 1213//1213 1212//1212
f 1211//1211 1210//1210 1214//1214
f 1211//1211 1214//1214 1215//1215
f 934//934 1214//1214 930//930
f 930//930 1214//1214 1210//1210
f 1216//1216 937//937 1212//1212
f 1212//1212 937//937 932//932
f 1212//1212 1213//1213 1217//1217
f 1212//1212 1217//1217 1216//1216
f 1215//1215 1214//1214 1218//1218
f 1215//1215 1218//1218 1219//1219
f 939//939 1218//1218 934//934
f 934//934 1218//1218 1214//1214
f 1220//1220 942//942 1216//1216
f 1216//1216 942//942 937//937
f 1216//1216 1217//1217 1221//1221
f 1216//1216 1221//1221 1220//1220
f 1219//1219 1218//1218 1222//1222
f 1219//1219 1222//1222 1223//1223
f 944//944 1222//1222 939//939
f 939//939 1222//1222 1218//1218
f 1224//1224 948//948 1220//1220
f 1220//1220 948//948 942//942
f 1220//1220 1221//1221 1225//1225
f 1220//1220 1225//1225 1224//1224
f 1223//1223 1222//1222 1226//1226
f 1223//1223 1226//1226 1227//1227
f 950//950 1226//1226 944//944
f 944//944 1226//1226 1222//1222
f 1228//1228 954//954 1224//1224
f 1224//1224 954//954 948//948
f 1224//1224 1225//1225 1229//1229
f 1224//1224 1229//1229 1228//1228
f 1227//1227 1226//1226 1230//1230
f 1227//1227 1230//1230 1231//1231
f 956//956 1230//1230 950//950
f 950//950 1230//1230 1226//1226
f 1232//1232 961//961 1228//1228
f 1228//1228 961//961 954//954
f 1228//1228 1229//1229 1233//1233
f 1228//1228 1233//1233 1232//1232
f 1234//1234 1231//1231 1230//1230
f 1230//1230 956//956 1234//1234
f 956//956 1235//1235 1234//1234
f 956//956 963//963 1235//1235
f 1236//1236 969//969 1232//1232
f 1232//1232 969//969 961//961
f 1232//1232 1233//1233 1237//1237
f 1232//1232 1237//1237 1236//1236
f 971//971 1235//1235 963//963
f 971//971 1238//1238 1235//1235
f 1239//1239 977//977 1236//1236
f 1236//1236 977//977 969//969
f 1236//1236 1237//1237 1240//1240
f 1236//1236 1240//1240 1239//1239
f 971//971 978//978 1241//1241
f 1242//1242 971//971 1241//1241
f 1238//1238 971//971 1242//1242
f 979//979 1241//1241 978//978
f 1243//1243 985//985 1239//1239
f 1239//1239 985//985 977//977
f 1239//1239 1240//1240 1244//1244
f 1239//1239 1244//1244 1243//1243
f 1242//1242 1241//1241 1245//1245
f 1242//1242 1245//1245 1246//1246
f 987//987 1245//1245 979//979
f 979//979 1245//1245 1241//1241
f 1247//1247 992//992 1243//1243
f 1243//1243 992//992 985//985
f 1243//1243 1244//1244 1248//1248
f 1243//1243 1248//1248 1247//1247
f 1246//1246 1245//1245 1249//1249
f 1246//1246 1249//1249 1250//1250
f 994//994 1249//1249 987//987
f 987//987 1249//1249 1245//1245
f 1251//1251 999//999 1247//1247
f 1247//1247 999//999 992//992
f 1247//1247 1248//1248 1252//1252
f 1247//1247 1252//1252 1251//1251
f 1250//1250 1249//1249 1253//1253
f 1250//1250 1253//1253 1254//1254
f 1001//1001 1253//1253 994//994
f 994//994 1253//1253 1249//1249
f 1255//1255 1005//1005 1006//1006
f 999//999 1251//1251 1006//1006
f 1251//1251 1255//1255 1006//1006
f 1251//1251 1256//1256 1255//1255
f 1251//1251 1252//1252 1257//1257
f 1251//1251 1257//1257 1256//1256
f 1254//1254 1253//1253 1258//1258
f 1254//1254 1258//1258 1259//1259
f 1008//1008 1258//1258 1001//1001
f 1001//1001 1258//1258 1253//1253
f 1260//1260 1012//1012 1255//1255
f 1255//1255 1012//1012 1005//1005
f 1261//1261 1255//1255 1256//1256
f 1260//1260 1255//1255 1261//1261
f 1256//1256 1257//1257 1262//1262
f 1256//1256 1262//1262 1261//1261
f 1259//1259 1258//1258 1263//1263
f 1259//1259 1263//1263 1264//1264
f 1014//1014 1263//1263 1008//1008
f 1008//1008 1263//1263 1258//1258
f 1265//1265 1018//1018 1260//1260
f 1260//1260 1018//1018 1012//1012
f 1266//1266 1260//1260 1261//1261
f 1265//1265 1260//1260 1266//1266
f 1261//1261 1262//1262 1267//1267
f 1261//1261 1267//1267 1266//1266
f 1264//1264 1263//1263 1268//1268
f 1264//1264 1268//1268 1269//1269
f 1020//1020 1268//1268 1014//1014
f 1014//1014 1268//1268 1263//1263
f 1270//1270 1024//1024 1265//1265
f 1265//1265 1024//1024 1018//1018
f 1266//1266 1272//1272 1271//1271
f 1270//1270 1266//1266 1271//1271
f 1265//1265 1266//1266 1270//1270
f 1272//1272 1266//1266 1267//1267
f 1269//1269 1268//1268 1273//1273
f 1269//1269 1273//1273 1274//1274
f 1026//1026 1273//1273 1020//1020
f 1020//1020 1273//1273 1268//1268
f 1275//1275 1030//1030 1270//1270
f 1270//1270 1030//1030 1024//1024
f 1270//1270 1271//1271 1276//1276
f 1270//1270 1276//1276 1275//1275
f 1274//1274 1273//1273 1277//1277
f 1274//1274 1277//1277 1278//1278
f 1031//1031 1279//1279 1026//1026
f 1279//1279 1273//1273 1026//1026
f 1279//1279 1277//1277 1273//1273
f 1032//1032 1279//1279 1031//1031
f 1280//1280 1036//1036 1275//1275
f 1275//1275 1036//1036 1030//1030
f 1275//1275 1276//1276 1281//1281
f 1275//1275 1281//1281 1280//1280
f 1278//1278 1277//1277 1282//1282
f 1278//1278 1282//1282 1283//1283
f 1284//1284 1277//1277 1279//1279
f 1282//1282 1277//1277 1284//1284
f 1038//1038 1284//1284 1032//1032
f 1032//1032 1284//1284 1279//1279
f 1285//1285 1041//1041 1280//1280
f 1280//1280 1041//1041 1036//1036
f 1280//1280 1281//1281 1286//1286
f 1280//1280 1286//1286 1285//1285
f 1283//1283 1282//1282 1287//1287
f 1283//1283 1287//1287 1288//1288
f 1289//1289 1282//1282 1284//1284
f 1287//1287 1282//1282 1289//1289
f 1043//1043 1289//1289 1038//1038
f 1038//1038 1289//1289 1284//1284
f 1290//1290 1045//1045 1046//1046
f 1041//1041 1285//1285 1046//1046
f 1285//1285 1290//1290 1046//1046
f 1285//1285 1291//1291 1290//1290
f 1285//1285 1286//1286 1292//1292
f 1285//1285 1292//1292 1291//1291
f 1288//1288 1287//1287 1293//1293
f 1288//1288 1293//1293 1294//1294
f 1295//1295 1287//1287 1289//1289
f 1293//1293 1287//1287 1295//1295
f 1048//1048 1295//1295 1043//1043
f 1043//1043 1295//1295 1289//1289
f 1296//1296 1050//1050 1290//1290
f 1290//1290 1050//1050 1045//1045
f 1297//1297 1290//1290 1291//1291
f 1296//1296 1290//1290 1297//1297
f 1291//1291 1292//1292 1298//1298
f 1291//1291 1298//1298 1297//1297
f 1294//1294 1293//1293 1299//1299
f 1294//1294 1299//1299 1300//1300
f 1301//1301 1293//1293 1295//1295
f 1299//1299 1293//1293 1301//1301
f 1051//1051 1302//1302 1048//1048
f 1302//1302 1295//1295 1048//1048
f 1302//1302 1301//1301 1295//1295
f 1052//1052 1303//1303 1051//1051
f 1051//1051 1303//1303 1302//1302
f 1050//1050 1296//1296 1052//1052
f 1296//1296 1303//1303 1052//1052
f 1296//1296 1304//1304 1303//1303
f 1305//1305 1296//1296 1297//1297
f 1304//1304 1296//1296 1305//1305
f 1297//1297 1298//1298 1306//1306
f 1297//1297 1306//1306 1305//1305
f 1300//1300 1299//1299 1307//1307
f 1300//1300 1307//1307 1308//1308
f 1309//1309 1299//1299 1301//1301
f 1307//1307 1299//1299 1309//1309
f 1310//1310 1301//1301 1302//1302
f 1309//1309 1301//1301 1310//1310
f 1311//1311 1302//1302 1303//1303
f 1310//1310 1302//1302 1311//1311
f 1312//1312 1303//1303 1304//1304
f 1311//1311 1303//1303 1312//1312
f 1313//1313 1304//1304 1305//1305
f 1312//1312 1304//1304 1313//1313
f 1305//1305 1306//1306 1314//1314
f 1305//1305 1314//1314 1313//1313
f 1315//1315 1308//1308 1307//1307
f 1317//1317 1316//1316 1315//1315
f 1307//1307 1317//1317 1315//1315
f 1309//1309 1317//1317 1307//1307
f 1318//1318 1309//1309 1310//1310
f 1317//1317 1309//1309 1318//1318
f 1319//1319 1310//1310 1311//1311
f 1318//1318 1310//1310 1319//1319
f 1320//1320 1311//1311 1312//1312
f 1319//1319 1311//1311 1320//1320
f 1321//1321 1312//1312 1313//1313
f 1320//1320 1312//1312 1321//1321
f 1313//1313 1314//1314 1322//1322
f 1313//1313 1322//1322 1321//1321
f 1316//1316 1317//1317 1323//1323
f 1316//1316 1323//1323 1324//1324
f 1325//1325 1317//1317 1318//1318
f 1323//1323 1317//1317 1325//1325
f 1326//1326 1318//1318 1319//1319
f 1325//1325 1318//1318 1326//1326
f 1327//1327 1319//1319 1320//1320
f 1326//1326 1319//1319 1327//1327
f 1328//1328 1320//1320 1321//1321
f 1327//1327 1320//1320 1328//1328
f 1321//1321 1322//1322 1329//1329
f 1321//1321 1329//1329 1328//1328
f 1324//1324 1323//1323 1330//1330
f 1324//1324 1330//1330 1331//1331
f 1332//1332 1323//1323 1325//1325
f 1330//1330 1323//1323 1332//1332
f 1333//1333 1325//1325 1326//1326
f 1332//1332 1325//1325 1333//1333
f 1334//1334 1326//1326 1327//1327
f 1333//1333 1326//1326 1334//1334
f 1335//1335 1327//1327 1328//1328
f 1334//1334 1327//1327 1335//1335
f 1328//1328 1329//1329 1336//1336
f 1328//1328 1336//1336 1335//1335
f 1337//1337 1331//1331 1330//1330
f 1337//1337 1330//1330 1332//1332
f 1337//1337 1332//1332 1338//1338
f 1338//1338 1332//1332 1333//1333
f 1338//1338 1333//1333 1339//1339
f 1339//1339 1333//1333 1334//1334
f 1339//1339 1334//1334 1340//1340
f 1340//1340 1334//1334 1335//1335
f 1340//1340 1335//1335 1341//1341
f 1341//1341 1335//1335 1336//1336
f 1057//1057 1342//1342 1058//1058
f 1343//1343 1059//1059 1058//1058
f 1343//1343 1058//1058 1342//1342
f 1344//1344 1060//1060 1059//1059
f 1344//1344 1059//1059 1343//1343
f 1344//1344 1061//1061 1060//1060
f 1063//1063 1345//1345 1062//1062
f 1345//1345 1346//1346 1062//1062
f 1062//1062 1346//1346 1057//1057
f 1346//1346 1347//1347 1057//1057
f 1347//1347 1342//1342 1057//1057
f 1342//1342 1347//1347 1343//1343
f 1343//1343 1347//1347 1348//1348
f 1350//1350 1349//1349 1348//1348
f 1349//1349 1343//1343 1348//1348
f 1349//1349 1344//1344 1343//1343
f 1351//1351 1064//1064 1061//1061
f 1344//1344 1351//1351 1061//1061
f 1349//1349 1351//1351 1344//1344
f 1351//1351 1065//1065 1064//1064
f 1353//1353 1352//1352 1345//1345
f 1063//1063 1353//1353 1345//1345
f 1067//1067 1353//1353 1063//1063
f 1345//1345 1352//1352 1346//1346
f 1350//1350 1354//1354 1349//1349
f 1356//1356 1355//1355 1354//1354
f 1355//1355 1349//1349 1354//1354
f 1355//1355 1351//1351 1349//1349
f 1355//1355 1068//1068 1065//1065
f 1355//1355 1065//1065 1351//1351
f 1358//1358 1357//1357 1069//1069
f 1358//1358 1069//1069 1070//1070
f 1067//1067 1069//1069 1353//1353
f 1353//1353 1069//1069 1357//1357
f 1356//1356 1359//1359 1355//1355
f 1068//1068 1355//1355 1359//1359
f 1360//1360 1068//1068 1359//1359
f 1072//1072 1068//1068 1360//1360
f 1363//1363 1362//1362 1361//1361
f 1362//1362 1358//1358 1361//1361
f 1358//1358 1073//1073 1361//1361
f 1358//1358 1070//1070 1073//1073
f 1074//1074 1072//1072 1364//1364
f 1072//1072 1365//1365 1364//1364
f 1072//1072 1360//1360 1365//1365
f 1364//1364 1075//1075 1074//1074
f 1363//1363 1361//1361 1076//1076
f 1077//1077 1363//1363 1076//1076
f 1366//1366 1363//1363 1077//1077
f 1076//1076 1361//1361 1073//1073
f 1364//1364 1365//1365 1367//1367
f 1367//1367 1365//1365 1368//1368
f 1367//1367 1078//1078 1075//1075
f 1367//1367 1075//1075 1364//1364
f 1079//1079 1366//1366 1077//1077
f 1079//1079 1369//1369 1366//1366
f 1367//1367 1368//1368 1370//1370
f 1370//1370 1368//1368 1371//1371
f 1370//1370 1080//1080 1078//1078
f 1370//1370 1078//1078 1367//1367
f 1374//1374 1373//1373 1372//1372
f 1373//1373 1369//1369 1372//1372
f 1369//1369 1081//1081 1372//1372
f 1369//1369 1079//1079 1081//1081
f 1371//1371 1375//1375 1370//1370
f 1080//1080 1370//1370 1375//1375
f 1376//1376 1080//1080 1375//1375
f 1083//1083 1080//1080 1376//1376
f 1374//1374 1372//1372 1377//1377
f 1374//1374 1377//1377 1378//1378
f 1084//1084 1377//1377 1081//1081
f 1081//1081 1377//1377 1372//1372
f 1085//1085 1083//1083 1379//1379
f 1083//1083 1380//1380 1379//1379
f 1083//1083 1376//1376 1380//1380
f 1379//1379 1086//1086 1085//1085
f 1378//1378 1377//1377 1381//1381
f 1378//1378 1381//1381 1382//1382
f 1087//1087 1381//1381 1084//1084
f 1084//1084 1381//1381 1377//1377
f 1379//1379 1380//1380 1383//1383
f 1383//1383 1380//1380 1384//1384
f 1383//1383 1088//1088 1086//1086
f 1383//1383 1086//1086 1379//1379
f 1385//1385 1382//1382 1381//1381
f 1381//1381 1087//1087 1385//1385
f 1087//1087 1386//1386 1385//1385
f 1087//1087 1089//1089 1386//1386
f 1383//1383 1384//1384 1387//1387
f 1387//1387 1384//1384 1388//1388
f 1387//1387 1090//1090 1088//1088
f 1387//1387 1088//1088 1383//1383
f 1091//1091 1386//1386 1089//1089
f 1091//1091 1389//1389 1386//1386
f 1387//1387 1388//1388 1390//1390
f 1390//1390 1388//1388 1391//1391
f 1390//1390 1092//1092 1090//1090
f 1390//1390 1090//1090 1387//1387
f 1091//1091 1093//1093 1392//1392
f 1393//1393 1091//1091 1392//1392
f 1389//1389 1091//1091 1393//1393
f 1094//1094 1392//1392 1093//1093
f 1390//1390 1391//1391 1394//1394
f 1394//1394 1391//1391 1395//1395
f 1394//1394 1095//1095 1092//1092
f 1394//1394 1092//1092 1390//1390
f 1396//1396 1393//1393 1392//1392
f 1392//1392 1094//1094 1396//1396
f 1094//1094 1397//1397 1396//1396
f 1094//1094 1096//1096 1397//1397
f 1394//1394 1395//1395 1099//1099
f 1395//1395 1098//1098 1099//1099
f 1395//1395 1398//1398 1098//1098
f 1394//1394 1099//1099 1095//1095
f 1100//1100 1400//1400 1399//1399
f 1397//1397 1100//1100 1399//1399
f 1096//1096 1100//1100 1397//1397
f 1400//1400 1401//1401 1399//1399
f 1398//1398 1102//1102 1098//1098
f 1402//1402 1102//1102 1398//1398
f 1103//1103 1400//1400 1100//1100
f 1103//1103 1105//1105 1400//1400
f 1105//1105 1401//1401 1400//1400
f 1105//1105 1403//1403 1401//1401
f 1402//1402 1107//1107 1102//1102
f 1404//1404 1107//1107 1402//1402
f 1108//1108 1406//1406 1405//1405
f 1403//1403 1108//1108 1405//1405
f 1105//1105 1108//1108 1403//1403
f 1406//1406 1407//1407 1405//1405
f 1404//1404 1110//1110 1107//1107
f 1408//1408 1110//1110 1404//1404
f 1111//1111 1409//1409 1406//1406
f 1111//1111 1406//1406 1108//1108
f 1407//1407 1406//1406 1410//1410
f 1410//1410 1406//1406 1409//1409
f 1408//1408 1113//1113 1110//1110
f 1411//1411 1113//1113 1408//1408
f 1413//1413 1412//1412 1409//1409
f 1111//1111 1413//1413 1409//1409
f 1114//1114 1413//1413 1111//1111
f 1409//1409 1412//1412 1410//1410
f 1115//1115 1113//1113 1414//1414
f 1113//1113 1415//1415 1414//1414
f 1113//1113 1411//1411 1415//1415
f 1414//1414 1116//1116 1115//1115
f 1117//1117 1413//1413 1114//1114
f 1117//1117 1416//1416 1413//1413
f 1414//1414 1415//1415 1417//1417
f 1417//1417 1415//1415 1418//1418
f 1417//1417 1118//1118 1116//1116
f 1417//1417 1116//1116 1414//1414
f 1119//1119 1416//1416 1117//1117
f 1119//1119 1419//1419 1416//1416
f 1417//1417 1418//1418 1420//1420
f 1420//1420 1418//1418 1421//1421
f 1420//1420 1120//1120 1118//1118
f 1420//1420 1118//1118 1417//1417
f 1121//1121 1419//1419 1119//1119
f 1121//1121 1422//1422 1419//1419
f 1420//1420 1421//1421 1423//1423
f 1423//1423 1421//1421 1424//1424
f 1423//1423 1122//1122 1120//1120
f 1423//1423 1120//1120 1420//1420
f 1123//1123 1422//1422 1121//1121
f 1123//1123 1425//1425 1422//1422
f 1423//1423 1424//1424 1426//1426
f 1426//1426 1424//1424 1427//1427
f 1426//1426 1124//1124 1122//1122
f 1426//1426 1122//1122 1423//1423
f 1125//1125 1425//1425 1123//1123
f 1125//1125 1428//1428 1425//1425
f 1426//1426 1427//1427 1429//1429
f 1429//1429 1427//1427 1430//1430
f 1429//1429 1126//1126 1124//1124
f 1429//1429 1124//1124 1426//1426
f 1127//1127 1428//1428 1125//1125
f 1127//1127 1431//1431 1428//1428
f 1429//1429 1430//1430 1432//1432
f 1432//1432 1430//1430 1433//1433
f 1432//1432 1128//1128 1126//1126
f 1432//1432 1126//1126 1429//1429
f 1129//1129 1431//1431 1127//1127
f 1129//1129 1434//1434 1431//1431
f 1432//1432 1433//1433 1435//1435
f 1435//1435 1433//1433 1436//1436
f 1435//1435 1130//1130 1128//1128
f 1435//1435 1128//1128 1432//1432
f 1131//1131 1434//1434 1129//1129
f 1131//1131 1437//1437 1434//1434
f 1435//1435 1436//1436 1438//1438
f 1438//1438 1436//1436 1439//1439
f 1438//1438 1132//1132 1130//1130
f 1438//1438 1130//1130 1435//1435
f 1133//1133 1437//1437 1131//1131
f 1133//1133 1440//1440 1437//1437
f 1438//1438 1439//1439 1441//1441
f 1441//1441 1439//1439 1442//1442
f 1441//1441 1134//1134 1132//1132
f 1441//1441 1132//1132 1438//1438
f 1135//1135 1440//1440 1133//1133
f 1135//1135 1443//1443 1440//1440
f 1441//1441 1442//1442 1444//1444
f 1444//1444 1442//1442 1445//1445
f 1444//1444 1136//1136 1134//1134
f 1444//1444 1134//1134 1441//1441
f 1137//1137 1443//1443 1135//1135
f 1137//1137 1446//1446 1443//1443
f 1444//1444 1445//1445 1447//1447
f 1447//1447 1445//1445 1448//1448
f 1447//1447 1138//1138 1136//1136
f 1447//1447 1136//1136 1444//1444
f 1139//1139 1446//1446 1137//1137
f 1139//1139 1449//1449 1446//1446
f 1447//1447 1448//1448 1450//1450
f 1450//1450 1448//1448 1451//1451
f 1450//1450 1140//1140 1138//1138
f 1450//1450 1138//1138 1447//1447
f 1141//1141 1449//1449 1139//1139
f 1141//1141 1452//1452 1449//1449
f 1450//1450 1451//1451 1453//1453
f 1453//1453 1451//1451 1454//1454
f 1453//1453 1142//1142 1140//1140
f 1453//1453 1140//1140 1450//1450
f 1143//1143 1452//1452 1141//1141
f 1143//1143 1455//1455 1452//1452
f 1454//1454 1456//1456 1453//1453
f 1142//1142 1453//1453 1456//1456
f 1457//1457 1142//1142 1456//1456
f 1144//1144 1142//1142 1457//1457
f 1145//1145 1455//1455 1143//1143
f 1145//1145 1458//1458 1455//1455
f 1457//1457 1146//1146 1144//1144
f 1459//1459 1146//1146 1457//1457
f 1147//1147 1458//1458 1145//1145
f 1147//1147 1460//1460 1458//1458
f 1459//1459 1148//1148 1146//1146
f 1461//1461 1148//1148 1459//1459
f 1149//1149 1460//1460 1147//1147
f 1149//1149 1462//1462 1460//1460
f 1461//1461 1150//1150 1148//1148
f 1463//1463 1150//1150 1461//1461
f 1151//1151 1462//1462 1149//1149
f 1151//1151 1464//1464 1462//1462
f 1463//1463 1152//1152 1150//1150
f 1465//1465 1152//1152 1463//1463
f 1153//1153 1464//1464 1151//1151
f 1153//1153 1466//1466 1464//1464
f 1465//1465 1154//1154 1152//1152
f 1467//1467 1154//1154 1465//1465
f 1157//1157 1468//1468 1156//1156
f 1468//1468 1469//1469 1156//1156
f 1469//1469 1153//1153 1156//1156
f 1469//1469 1466//1466 1153//1153
f 1467//1467 1158//1158 1154//1154
f 1470//1470 1158//1158 1467//1467
f 1160//1160 1471//1471 1468//1468
f 1160//1160 1468//1468 1157//1157
f 1469//1469 1468//1468 1472//1472
f 1472//1472 1468//1468 1471//1471
f 1470//1470 1161//1161 1158//1158
f 1473//1473 1161//1161 1470//1470
f 1163//1163 1474//1474 1471//1471
f 1163//1163 1471//1471 1160//1160
f 1472//1472 1471//1471 1475//1475
f 1475//1475 1471//1471 1474//1474
f 1473//1473 1164//1164 1161//1161
f 1476//1476 1164//1164 1473//1473
f 1478//1478 1477//1477 1474//1474
f 1163//1163 1478//1478 1474//1474
f 1166//1166 1478//1478 1163//1163
f 1474//1474 1477//1477 1475//1475
f 1476//1476 1167//1167 1164//1164
f 1479//1479 1167//1167 1476//1476
f 1169//1169 1478//1478 1166//1166
f 1169//1169 1480//1480 1478//1478
f 1479//1479 1170//1170 1167//1167
f 1481//1481 1170//1170 1479//1479
f 1172//1172 1480//1480 1169//1169
f 1172//1172 1482//1482 1480//1480
f 1481//1481 1173//1173 1170//1170
f 1483//1483 1173//1173 1481//1481
f 1175//1175 1482//1482 1172//1172
f 1175//1175 1484//1484 1482//1482
f 1483//1483 1176//1176 1173//1173
f 1485//1485 1176//1176 1483//1483
f 1178//1178 1484//1484 1175//1175
f 1178//1178 1486//1486 1484//1484
f 1485//1485 1179//1179 1176//1176
f 1487//1487 1179//1179 1485//1485
f 1181//1181 1486//1486 1178//1178
f 1181//1181 1488//1488 1486//1486
f 1487//1487 1182//1182 1179//1179
f 1489//1489 1182//1182 1487//1487
f 1184//1184 1488//1488 1181//1181
f 1184//1184 1490//1490 1488//1488
f 1489//1489 1185//1185 1182//1182
f 1491//1491 1185//1185 1489//1489
f 1187//1187 1490//1490 1184//1184
f 1187//1187 1492//1492 1490//1490
f 1491//1491 1188//1188 1185//1185
f 1493//1493 1188//1188 1491//1491
f 1190//1190 1492//1492 1187//1187
f 1190//1190 1494//1494 1492//1492
f 1493//1493 1191//1191 1188//1188
f 1495//1495 1191//1191 1493//1493
f 1193//1193 1494//1494 1190//1190
f 1193//1193 1496//1496 1494//1494
f 1495//1495 1194//1194 1191//1191
f 1497//1497 1194//1194 1495//1495
f 1196//1196 1496//1496 1193//1193
f 1196//1196 1498//1498 1496//1496
f 1497//1497 1197//1197 1194//1194
f 1499//1499 1197//1197 1497//1497
f 1199//1199 1498//1498 1196//1196
f 1199//1199 1500//1500 1498//1498
f 1499//1499 1201//1201 1197//1197
f 1501//1501 1201//1201 1499//1499
f 1203//1203 1500//1500 1199//1199
f 1203//1203 1502//1502 1500//1500
f 1501//1501 1205//1205 1201//1201
f 1503//1503 1205//1205 1501//1501
f 1207//1207 1502//1502 1203//1203
f 1207//1207 1504//1504 1502//1502
f 1503//1503 1209//1209 1205//1205
f 1505//1505 1209//1209 1503//1503
f 1211//1211 1504//1504 1207//1207
f 1211//1211 1506//1506 1504//1504
f 1505//1505 1213//1213 1209//1209
f 1507//1507 1213//1213 1505//1505
f 1215//1215 1506//1506 1211//1211
f 1215//1215 1508//1508 1506//1506
f 1507//1507 1217//1217 1213//1213
f 1509//1509 1217//1217 1507//1507
f 1219//1219 1508//1508 1215//1215
f 1219//1219 1510//1510 1508//1508
f 1509//1509 1221//1221 1217//1217
f 1511//1511 1221//1221 1509//1509
f 1223//1223 1510//1510 1219//1219
f 1223//1223 1512//1512 1510//1510
f 1511//1511 1225//1225 1221//1221
f 1513//1513 1225//1225 1511//1511
f 1227//1227 1512//1512 1223//1223
f 1227//1227 1514//1514 1512//1512
f 1513//1513 1229//1229 1225//1225
f 1515//1515 1229//1229 1513//1513
f 1231//1231 1514//1514 1227//1227
f 1231//1231 1516//1516 1514//1514
f 1515//1515 1233//1233 1229//1229
f 1517//1517 1233//1233 1515//1515
f 1231//1231 1234//1234 1518//1518
f 1519//1519 1231//1231 1518//1518
f 1516//1516 1231//1231 1519//1519
f 1235//1235 1518//1518 1234//1234
f 1517//1517 1237//1237 1233//1233
f 1520//1520 1237//1237 1517//1517
f 1519//1519 1518//1518 1521//1521
f 1519//1519 1521//1521 1522//1522
f 1238//1238 1521//1521 1235//1235
f 1235//1235 1521//1521 1518//1518
f 1520//1520 1240//1240 1237//1237
f 1523//1523 1240//1240 1520//1520
f 1522//1522 1521//1521 1524//1524
f 1522//1522 1524//1524 1525//1525
f 1242//1242 1524//1524 1238//1238
f 1238//1238 1524//1524 1521//1521
f 1523//1523 1244//1244 1240//1240
f 1526//1526 1244//1244 1523//1523
f 1525//1525 1524//1524 1527//1527
f 1525//1525 1527//1527 1528//1528
f 1246//1246 1527//1527 1242//1242
f 1242//1242 1527//1527 1524//1524
f 1526//1526 1248//1248 1244//1244
f 1529//1529 1248//1248 1526//1526
f 1528//1528 1527//1527 1530//1530
f 1528//1528 1530//1530 1531//1531
f 1250//1250 1530//1530 1246//1246
f 1246//1246 1530//1530 1527//1527
f 1529//1529 1252//1252 1248//1248
f 1532//1532 1252//1252 1529//1529
f 1531//1531 1530//1530 1533//1533
f 1531//1531 1533//1533 1534//1534
f 1254//1254 1533//1533 1250//1250
f 1250//1250 1533//1533 1530//1530
f 1532//1532 1257//1257 1252//1252
f 1535//1535 1257//1257 1532//1532
f 1534//1534 1533//1533 1536//1536
f 1534//1534 1536//1536 1537//1537
f 1259//1259 1536//1536 1254//1254
f 1254//1254 1536//1536 1533//1533
f 1535//1535 1262//1262 1257//1257
f 1538//1538 1262//1262 1535//1535
f 1537//1537 1536//1536 1539//1539
f 1537//1537 1539//1539 1540//1540
f 1264//1264 1539//1539 1259//1259
f 1259//1259 1539//1539 1536//1536
f 1538//1538 1267//1267 1262//1262
f 1541//1541 1267//1267 1538//1538
f 1540//1540 1539//1539 1542//1542
f 1540//1540 1542//1542 1543//1543
f 1269//1269 1542//1542 1264//1264
f 1264//1264 1542//1542 1539//1539
f 1544//1544 1271//1271 1272//1272
f 1545//1545 1544//1544 1272//1272
f 1267//1267 1545//1545 1272//1272
f 1541//1541 1545//1545 1267//1267
f 1543//1543 1542//1542 1546//1546
f 1543//1543 1546//1546 1547//1547
f 1274//1274 1546//1546 1269//1269
f 1269//1269 1546//1546 1542//1542
f 1548//1548 1276//1276 1544//1544
f 1544//1544 1276//1276 1271//1271
f 1544//1544 1545//1545 1549//1549
f 1544//1544 1549//1549 1548//1548
f 1547//1547 1546//1546 1550//1550
f 1547//1547 1550//1550 1551//1551
f 1278//1278 1550//1550 1274//1274
f 1274//1274 1550//1550 1546//1546
f 1552//1552 1281//1281 1548//1548
f 1548//1548 1281//1281 1276//1276
f 1548//1548 1549//1549 1553//1553
f 1548//1548 1553//1553 1552//1552
f 1551//1551 1550//1550 1554//1554
f 1551//1551 1554//1554 1555//1555
f 1283//1283 1554//1554 1278//1278
f 1278//1278 1554//1554 1550//1550
f 1556//1556 1286//1286 1552//1552
f 1552//1552 1286//1286 1281//1281
f 1552//1552 1553//1553 1557//1557
f 1552//1552 1557//1557 1556//1556
f 1555//1555 1554//1554 1558//1558
f 1555//1555 1558//1558 1559//1559
f 1288//1288 1558//1558 1283//1283
f 1283//1283 1558//1558 1554//1554
f 1560//1560 1292//1292 1556//1556
f 1556//1556 1292//1292 1286//1286
f 1556//1556 1557//1557 1561//1561
f 1556//1556 1561//1561 1560//1560
f 1559//1559 1558//1558 1562//1562
f 1559//1559 1562//1562 1563//1563
f 1294//1294 1562//1562 1288//1288
f 1288//1288 1562//1562 1558//1558
f 1564//1564 1298//1298 1560//1560
f 1560//1560 1298//1298 1292//1292
f 1560//1560 1561//1561 1565//1565
f 1560//1560 1565//1565 1564//1564
f 1563//1563 1562//1562 1566//1566
f 1563//1563 1566//1566 1567//1567
f 1300//1300 1566//1566 1294//1294
f 1294//1294 1566//1566 1562//1562
f 1568//1568 1306//1306 1564//1564
f 1564//1564 1306//1306 1298//1298
f 1564//1564 1565//1565 1569//1569
f 1564//1564 1569//1569 1568//1568
f 1567//1567 1566//1566 1570//1570
f 1567//1567 1570//1570 1571//1571
f 1308//1308 1570//1570 1300//1300
f 1300//1300 1570//1570 1566//1566
f 1572//1572 1314//1314 1568//1568
f 1568//1568 1314//1314 1306//1306
f 1568//1568 1569//1569 1573//1573
f 1568//1568 1573//1573 1572//1572
f 1574//1574 1571//1571 1570//1570
f 1576//1576 1574//1574 1575//1575
f 1575//1575 1574//1574 1315//1315
f 1574//1574 1570//1570 1315//1315
f 1570//1570 1308//1308 1315//1315
f 1316//1316 1575//1575 1315//1315
f 1577//1577 1322//1322 1572//1572
f 1572//1572 1322//1322 1314//1314
f 1572//1572 1573//1573 1578//1578
f 1572//1572 1578//1578 1577//1577
f 1576//1576 1575//1575 1579//1579
f 1576//1576 1579//1579 1580//1580
f 1324//1324 1579//1579 1316//1316
f 1316//1316 1579//1579 1575//1575
f 1581//1581 1329//1329 1577//1577
f 1577//1577 1329//1329 1322//1322
f 1577//1577 1578//1578 1582//1582
f 1577//1577 1582//1582 1581//1581
f 1580//1580 1579//1579 1583//1583
f 1580//1580 1583//1583 1584//1584
f 1331//1331 1583//1583 1324//1324
f 1324//1324 1583//1583 1579//1579
f 1585//1585 1336//1336 1581//1581
f 1581//1581 1336//1336 1329//1329
f 1581//1581 1582//1582 1586//1586
f 1581//1581 1586//1586 1585//1585
f 1587//1587 1584//1584 1583//1583
f 1587//1587 1583//1583 1331//1331
f 1337//1337 1587//1587 1331//1331
f 1588//1588 1587//1587 1337//1337
f 1589//1589 1337//1337 1338//1338
f 1589//1589 1588//1588 1337//1337
f 1590//1590 1338//1338 1339//1339
f 1590//1590 1589//1589 1338//1338
f 1591//1591 1339//1339 1340//1340
f 1591//1591 1590//1590 1339//1339
f 1592//1592 1340//1340 1341//1341
f 1592//1592 1591//1591 1340//1340
f 1341//1341 1336//1336 1585//1585
f 1593//1593 1341//1341 1585//1585
f 1592//1592 1341//1341 1593//1593
f 1593//1593 1585//1585 1586//1586
f 1346//1346 1594//1594 1347//1347
f 1595//1595 1348//1348 1347//1347
f 1595//1595 1347//1347 1594//1594
f 1595//1595 1350//1350 1348//1348
f 1353//1353 1596//1596 1352//1352
f 1594//1594 1346//1346 1352//1352
f 1596//1596 1594//1594 1352//1352
f 1597//1597 1594//1594 1596//1596
f 1594//1594 1598//1598 1595//1595
f 1594//1594 1597//1597 1598//1598
f 1599//1599 1354//1354 1350//1350
f 1595//1595 1599//1599 1350//1350
f 1598//1598 1599//1599 1595//1595
f 1599//1599 1356//1356 1354//1354
f 1358//1358 1600//1600 1357//1357
f 1596//1596 1353//1353 1357//1357
f 1600//1600 1596//1596 1357//1357
f 1601//1601 1596//1596 1600//1600
f 1603//1603 1597//1597 1602//1602
f 1597//1597 1601//1601 1602//1602
f 1597//1597 1596//1596 1601//1601
f 1597//1597 1603//1603 1598//1598
f 1598//1598 1603//1603 1604//1604
f 1606//1606 1605//1605 1604//1604
f 1605//1605 1598//1598 1604//1604
f 1605//1605 1599//1599 1598//1598
f 1607//1607 1359//1359 1356//1356
f 1599//1599 1607//1607 1356//1356
f 1605//1605 1607//1607 1599//1599
f 1607//1607 1360//1360 1359//1359
f 1363//1363 1608//1608 1362//1362
f 1608//1608 1609//1609 1362//1362
f 1362//1362 1609//1609 1358//1358
f 1609//1609 1610//1610 1358//1358
f 1610//1610 1600//1600 1358//1358
f 1600//1600 1610//1610 1601//1601
f 1601//1601 1610//1610 1611//1611
f 1601//1601 1611//1611 1602//1602
f 1606//1606 1612//1612 1605//1605
f 1614//1614 1613//1613 1612//1612
f 1613//1613 1605//1605 1612//1612
f 1613//1613 1607//1607 1605//1605
f 1613//1613 1365//1365 1360//1360
f 1613//1613 1360//1360 1607//1607
f 1616//1616 1615//1615 1608//1608
f 1363//1363 1616//1616 1608//1608
f 1366//1366 1616//1616 1363//1363
f 1608//1608 1615//1615 1609//1609
f 1613//1613 1614//1614 1617//1617
f 1617//1617 1614//1614 1618//1618
f 1617//1617 1368//1368 1365//1365
f 1617//1617 1365//1365 1613//1613
f 1369//1369 1616//1616 1366//1366
f 1369//1369 1619//1619 1616//1616
f 1617//1617 1618//1618 1620//1620
f 1620//1620 1618//1618 1621//1621
f 1620//1620 1371//1371 1368//1368
f 1620//1620 1368//1368 1617//1617
f 1374//1374 1622//1622 1373//1373
f 1622//1622 1623//1623 1373//1373
f 1623//1623 1369//1369 1373//1373
f 1623//1623 1619//1619 1369//1369
f 1621//1621 1624//1624 1620//1620
f 1624//1624 1626//1626 1625//1625
f 1624//1624 1625//1625 1375//1375
f 1620//1620 1624//1624 1375//1375
f 1371//1371 1620//1620 1375//1375
f 1625//1625 1376//1376 1375//1375
f 1628//1628 1627//1627 1622//1622
f 1374//1374 1628//1628 1622//1622
f 1378//1378 1628//1628 1374//1374
f 1622//1622 1627//1627 1623//1623
f 1625//1625 1626//1626 1629//1629
f 1629//1629 1626//1626 1630//1630
f 1629//1629 1380//1380 1376//1376
f 1629//1629 1376//1376 1625//1625
f 1382//1382 1632//1632 1631//1631
f 1628//1628 1382//1382 1631//1631
f 1378//1378 1382//1382 1628//1628
f 1632//1632 1633//1633 1631//1631
f 1629//1629 1630//1630 1634//1634
f 1634//1634 1630//1630 1635//1635
f 1634//1634 1384//1384 1380//1380
f 1634//1634 1380//1380 1629//1629
f 1385//1385 1632//1632 1382//1382
f 1385//1385 1386//1386 1632//1632
f 1386//1386 1633//1633 1632//1632
f 1386//1386 1636//1636 1633//1633
f 1634//1634 1635//1635 1637//1637
f 1637//1637 1635//1635 1638//1638
f 1637//1637 1388//1388 1384//1384
f 1637//1637 1384//1384 1634//1634
f 1389//1389 1636//1636 1386//1386
f 1389//1389 1639//1639 1636//1636
f 1642//1642 1641//1641 1640//1640
f 1642//1642 1640//1640 1638//1638
f 1640//1640 1637//1637 1638//1638
f 1640//1640 1643//1643 1637//1637
f 1643//1643 1391//1391 1388//1388
f 1643//1643 1388//1388 1637//1637
f 1393//1393 1645//1645 1644//1644
f 1639//1639 1393//1393 1644//1644
f 1389//1389 1393//1393 1639//1639
f 1645//1645 1646//1646 1644//1644
f 1640//1640 1641//1641 1647//1647
f 1647//1647 1641//1641 1648//1648
f 1640//1640 1649//1649 1643//1643
f 1640//1640 1647//1647 1649//1649
f 1649//1649 1395//1395 1391//1391
f 1649//1649 1391//1391 1643//1643
f 1396//1396 1645//1645 1393//1393
f 1651//1651 1650//1650 1397//1397
f 1397//1397 1650//1650 1396//1396
f 1650//1650 1646//1646 1396//1396
f 1646//1646 1645//1645 1396//1396
f 1653//1653 1652//1652 1651//1651
f 1651//1651 1652//1652 1650//1650
f 1653//1653 1654//1654 1652//1652
f 1647//1647 1648//1648 1655//1655
f 1655//1655 1648//1648 1656//1656
f 1647//1647 1657//1657 1649//1649
f 1647//1647 1655//1655 1657//1657
f 1657//1657 1398//1398 1395//1395
f 1657//1657 1395//1395 1649//1649
f 1399//1399 1651//1651 1397//1397
f 1651//1651 1399//1399 1401//1401
f 1658//1658 1651//1651 1401//1401
f 1653//1653 1651//1651 1658//1658
f 1654//1654 1653//1653 1659//1659
f 1653//1653 1660//1660 1659//1659
f 1653//1653 1658//1658 1660//1660
f 1660//1660 1661//1661 1659//1659
f 1655//1655 1656//1656 1662//1662
f 1662//1662 1656//1656 1663//1663
f 1655//1655 1664//1664 1657//1657
f 1655//1655 1662//1662 1664//1664
f 1664//1664 1402//1402 1398//1398
f 1664//1664 1398//1398 1657//1657
f 1403//1403 1665//1665 1658//1658
f 1403//1403 1658//1658 1401//1401
f 1658//1658 1666//1666 1660//1660
f 1658//1658 1665//1665 1666//1666
f 1661//1661 1660//1660 1667//1667
f 1660//1660 1668//1668 1667//1667
f 1660//1660 1666//1666 1668//1668
f 1670//1670 1669//1669 1668//1668
f 1668//1668 1669//1669 1667//1667
f 1669//1669 1670//1670 1663//1663
f 1670//1670 1662//1662 1663//1663
f 1670//1670 1671//1671 1662//1662
f 1662//1662 1672//1672 1664//1664
f 1662//1662 1671//1671 1672//1672
f 1672//1672 1404//1404 1402//1402
f 1672//1672 1402//1402 1664//1664
f 1405//1405 1665//1665 1403//1403
f 1665//1665 1405//1405 1407//1407
f 1673//1673 1665//1665 1407//1407
f 1666//1666 1665//1665 1673//1673
f 1666//1666 1674//1674 1668//1668
f 1666//1666 1673//1673 1674//1674
f 1668//1668 1675//1675 1670//1670
f 1668//1668 1674//1674 1675//1675
f 1670//1670 1676//1676 1671//1671
f 1670//1670 1675//1675 1676//1676
f 1671//1671 1677//1677 1672//1672
f 1671//1671 1676//1676 1677//1677
f 1677//1677 1408//1408 1404//1404
f 1677//1677 1404//1404 1672//1672
f 1410//1410 1678//1678 1673//1673
f 1410//1410 1673//1673 1407//1407
f 1673//1673 1679//1679 1674//1674
f 1673//1673 1678//1678 1679//1679
f 1681//1681 1675//1675 1680//1680
f 1675//1675 1679//1679 1680//1680
f 1675//1675 1674//1674 1679//1679
f 1683//1683 1682//1682 1681//1681
f 1682//1682 1675//1675 1681//1681
f 1682//1682 1676//1676 1675//1675
f 1676//1676 1684//1684 1677//1677
f 1676//1676 1682//1682 1684//1684
f 1684//1684 1411//1411 1408//1408
f 1684//1684 1408//1408 1677//1677
f 1413//1413 1685//1685 1412//1412
f 1678//1678 1410//1410 1412//1412
f 1685//1685 1678//1678 1412//1412
f 1686//1686 1678//1678 1685//1685
f 1688//1688 1679//1679 1687//1687
f 1679//1679 1686//1686 1687//1687
f 1679//1679 1678//1678 1686//1686
f 1679//1679 1688//1688 1680//1680
f 1682//1682 1683//1683 1689//1689
f 1689//1689 1683//1683 1690//1690
f 1682//1682 1691//1691 1684//1684
f 1682//1682 1689//1689 1691//1691
f 1691//1691 1415//1415 1411//1411
f 1691//1691 1411//1411 1684//1684
f 1416//1416 1692//1692 1685//1685
f 1416//1416 1685//1685 1413//1413
f 1685//1685 1693//1693 1686//1686
f 1685//1685 1692//1692 1693//1693
f 1687//1687 1686//1686 1694//1694
f 1694//1694 1686//1686 1693//1693
f 1689//1689 1690//1690 1695//1695
f 1695//1695 1690//1690 1696//1696
f 1689//1689 1697//1697 1691//1691
f 1689//1689 1695//1695 1697//1697
f 1697//1697 1418//1418 1415//1415
f 1697//1697 1415//1415 1691//1691
f 1419//1419 1698//1698 1692//1692
f 1419//1419 1692//1692 1416//1416
f 1692//1692 1699//1699 1693//1693
f 1692//1692 1698//1698 1699//1699
f 1694//1694 1693//1693 1700//1700
f 1700//1700 1693//1693 1699//1699
f 1696//1696 1701//1701 1695//1695
f 1703//1703 1702//1702 1701//1701
f 1702//1702 1695//1695 1701//1701
f 1702//1702 1697//1697 1695//1695
f 1702//1702 1421//1421 1418//1418
f 1702//1702 1418//1418 1697//1697
f 1422//1422 1704//1704 1698//1698
f 1422//1422 1698//1698 1419//1419
f 1698//1698 1705//1705 1699//1699
f 1698//1698 1704//1704 1705//1705
f 1700//1700 1699//1699 1706//1706
f 1706//1706 1699//1699 1705//1705
f 1702//1702 1703//1703 1707//1707
f 1707//1707 1703//1703 1708//1708
f 1707//1707 1424//1424 1421//1421
f 1707//1707 1421//1421 1702//1702
f 1425//1425 1709//1709 1704//1704
f 1425//1425 1704//1704 1422//1422
f 1704//1704 1710//1710 1705//1705
f 1704//1704 1709//1709 1710//1710
f 1706//1706 1705//1705 1711//1711
f 1711//1711 1705//1705 1710//1710
f 1707//1707 1708//1708 1712//1712
f 1712//1712 1708//1708 1713//1713
f 1712//1712 1427//1427 1424//1424
f 1712//1712 1424//1424 1707//1707
f 1428//1428 1714//1714 1709//1709
f 1428//1428 1709//1709 1425//1425
f 1716//1716 1710//1710 1715//1715
f 1710//1710 1714//1714 1715//1715
f 1710//1710 1709//1709 1714//1714
f 1710//1710 1716//1716 1711//1711
f 1712//1712 1713//1713 1717//1717
f 1717//1717 1713//1713 1718//1718
f 1717//1717 1430//1430 1427//1427
f 1717//1717 1427//1427 1712//1712
f 1431//1431 1719//1719 1714//1714
f 1431//1431 1714//1714 1428//1428
f 1715//1715 1714//1714 1720//1720
f 1720//1720 1714//1714 1719//1719
f 1717//1717 1718//1718 1721//1721
f 1721//1721 1718//1718 1722//1722
f 1721//1721 1433//1433 1430//1430
f 1721//1721 1430//1430 1717//1717
f 1434//1434 1723//1723 1719//1719
f 1434//1434 1719//1719 1431//1431
f 1720//1720 1719//1719 1724//1724
f 1724//1724 1719//1719 1723//1723
f 1721//1721 1722//1722 1725//1725
f 1725//1725 1722//1722 1726//1726
f 1725//1725 1436//1436 1433//1433
f 1725//1725 1433//1433 1721//1721
f 1437//1437 1727//1727 1723//1723
f 1437//1437 1723//1723 1434//1434
f 1724//1724 1723//1723 1728//1728
f 1728//1728 1723//1723 1727//1727
f 1725//1725 1726//1726 1729//1729
f 1729//1729 1726//1726 1730//1730
f 1729//1729 1439//1439 1436//1436
f 1729//1729 1436//1436 1725//1725
f 1440//1440 1731//1731 1727//1727
f 1440//1440 1727//1727 1437//1437
f 1728//1728 1727//1727 1732//1732
f 1732//1732 1727//1727 1731//1731
f 1729//1729 1730//1730 1733//1733
f 1733//1733 1730//1730 1734//1734
f 1733//1733 1442//1442 1439//1439
f 1733//1733 1439//1439 1729//1729
f 1443//1443 1735//1735 1731//1731
f 1443//1443 1731//1731 1440//1440
f 1732//1732 1731//1731 1736//1736
f 1736//1736 1731//1731 1735//1735
f 1733//1733 1734//1734 1737//1737
f 1737//1737 1734//1734 1738//1738
f 1737//1737 1445//1445 1442//1442
f 1737//1737 1442//1442 1733//1733
f 1446//1446 1739//1739 1735//1735
f 1446//1446 1735//1735 1443//1443
f 1736//1736 1735//1735 1740//1740
f 1740//1740 1735//1735 1739//1739
f 1738//1738 1741//1741 1737//1737
f 1445//1445 1737//1737 1741//1741
f 1742//1742 1445//1445 1741//1741
f 1448//1448 1445//1445 1742//1742
f 1449//1449 1743//1743 1739//1739
f 1449//1449 1739//1739 1446//1446
f 1740//1740 1739//1739 1744//1744
f 1744//1744 1739//1739 1743//1743
f 1742//1742 1451//1451 1448//1448
f 1745//1745 1451//1451 1742//1742
f 1452//1452 1746//1746 1743//1743
f 1452//1452 1743//1743 1449//1449
f 1744//1744 1743//1743 1747//1747
f 1747//1747 1743//1743 1746//1746
f 1745//1745 1454//1454 1451//1451
f 1748//1748 1454//1454 1745//1745
f 1455//1455 1749//1749 1746//1746
f 1455//1455 1746//1746 1452//1452
f 1747//1747 1746//1746 1750//1750
f 1750//1750 1746//1746 1749//1749
f 1456//1456 1454//1454 1751//1751
f 1454//1454 1752//1752 1751//1751
f 1454//1454 1748//1748 1752//1752
f 1751//1751 1457//1457 1456//1456
f 1754//1754 1753//1753 1749//1749
f 1455//1455 1754//1754 1749//1749
f 1458//1458 1754//1754 1455//1455
f 1749//1749 1753//1753 1750//1750
f 1751//1751 1752//1752 1755//1755
f 1755//1755 1752//1752 1756//1756
f 1755//1755 1459//1459 1457//1457
f 1755//1755 1457//1457 1751//1751
f 1460//1460 1754//1754 1458//1458
f 1460//1460 1757//1757 1754//1754
f 1755//1755 1756//1756 1758//1758
f 1758//1758 1756//1756 1759//1759
f 1758//1758 1461//1461 1459//1459
f 1758//1758 1459//1459 1755//1755
f 1462//1462 1757//1757 1460//1460
f 1462//1462 1760//1760 1757//1757
f 1758//1758 1759//1759 1761//1761
f 1761//1761 1759//1759 1762//1762
f 1761//1761 1463//1463 1461//1461
f 1761//1761 1461//1461 1758//1758
f 1464//1464 1760//1760 1462//1462
f 1464//1464 1763//1763 1760//1760
f 1761//1761 1762//1762 1764//1764
f 1764//1764 1762//1762 1765//1765
f 1764//1764 1465//1465 1463//1463
f 1764//1764 1463//1463 1761//1761
f 1466//1466 1763//1763 1464//1464
f 1466//1466 1766//1766 1763//1763
f 1764//1764 1765//1765 1767//1767
f 1767//1767 1765//1765 1768//1768
f 1767//1767 1467//1467 1465//1465
f 1767//1767 1465//1465 1764//1764
f 1469//1469 1766//1766 1466//1466
f 1469//1469 1769//1769 1766//1766
f 1767//1767 1768//1768 1770//1770
f 1770//1770 1768//1768 1771//1771
f 1770//1770 1470//1470 1467//1467
f 1770//1770 1467//1467 1767//1767
f 1472//1472 1769//1769 1469//1469
f 1472//1472 1772//1772 1769//1769
f 1770//1770 1771//1771 1773//1773
f 1773//1773 1771//1771 1774//1774
f 1773//1773 1473//1473 1470//1470
f 1773//1773 1470//1470 1770//1770
f 1475//1475 1772//1772 1472//1472
f 1475//1475 1775//1775 1772//1772
f 1773//1773 1774//1774 1776//1776
f 1776//1776 1774//1774 1777//1777
f 1776//1776 1476//1476 1473//1473
f 1776//1776 1473//1473 1773//1773
f 1478//1478 1778//1778 1477//1477
f 1778//1778 1779//1779 1477//1477
f 1779//1779 1475//1475 1477//1477
f 1779//1779 1775//1775 1475//1475
f 1777//1777 1780//1780 1776//1776
f 1476//1476 1776//1776 1780//1780
f 1781//1781 1476//1476 1780//1780
f 1479//1479 1476//1476 1781//1781
f 1480//1480 1782//1782 1778//1778
f 1480//1480 1778//1778 1478//1478
f 1779//1779 1778//1778 1783//1783
f 1783//1783 1778//1778 1782//1782
f 1781//1781 1481//1481 1479//1479
f 1784//1784 1481//1481 1781//1781
f 1482//1482 1785//1785 1782//1782
f 1482//1482 1782//1782 1480//1480
f 1783//1783 1782//1782 1786//1786
f 1786//1786 1782//1782 1785//1785
f 1784//1784 1483//1483 1481//1481
f 1787//1787 1483//1483 1784//1784
f 1484//1484 1788//1788 1785//1785
f 1484//1484 1785//1785 1482//1482
f 1786//1786 1785//1785 1789//1789
f 1789//1789 1785//1785 1788//1788
f 1787//1787 1485//1485 1483//1483
f 1790//1790 1485//1485 1787//1787
f 1486//1486 1791//1791 1788//1788
f 1486//1486 1788//1788 1484//1484
f 1789//1789 1788//1788 1792//1792
f 1792//1792 1788//1788 1791//1791
f 1790//1790 1487//1487 1485//1485
f 1793//1793 1487//1487 1790//1790
f 1795//1795 1794//1794 1791//1791
f 1486//1486 1795//1795 1791//1791
f 1488//1488 1795//1795 1486//1486
f 1791//1791 1794//1794 1792//1792
f 1793//1793 1489//1489 1487//1487
f 1796//1796 1489//1489 1793//1793
f 1490//1490 1795//1795 1488//1488
f 1490//1490 1797//1797 1795//1795
f 1796//1796 1491//1491 1489//1489
f 1798//1798 1491//1491 1796//1796
f 1492//1492 1797//1797 1490//1490
f 1492//1492 1799//1799 1797//1797
f 1798//1798 1493//1493 1491//1491
f 1800//1800 1493//1493 1798//1798
f 1494//1494 1799//1799 1492//1492
f 1494//1494 1801//1801 1799//1799
f 1800//1800 1495//1495 1493//1493
f 1802//1802 1495//1495 1800//1800
f 1496//1496 1801//1801 1494//1494
f 1496//1496 1803//1803 1801//1801
f 1802//1802 1497//1497 1495//1495
f 1804//1804 1497//1497 1802//1802
f 1498//1498 1803//1803 1496//1496
f 1498//1498 1805//1805 1803//1803
f 1804//1804 1499//1499 1497//1497
f 1806//1806 1499//1499 1804//1804
f 1500//1500 1805//1805 1498//1498
f 1500//1500 1807//1807 1805//1805
f 1806//1806 1501//1501 1499//1499
f 1808//1808 1501//1501 1806//1806
f 1502//1502 1807//1807 1500//1500
f 1502//1502 1809//1809 1807//1807
f 1808//1808 1503//1503 1501//1501
f 1810//1810 1503//1503 1808//1808
f 1504//1504 1809//1809 1502//1502
f 1504//1504 1811//1811 1809//1809
f 1810//1810 1505//1505 1503//1503
f 1812//1812 1505//1505 1810//1810
f 1506//1506 1811//1811 1504//1504
f 1506//1506 1813//1813 1811//1811
f 1812//1812 1507//1507 1505//1505
f 1814//1814 1507//1507 1812//1812
f 1508//1508 1813//1813 1506//1506
f 1508//1508 1815//1815 1813//1813
f 1814//1814 1509//1509 1507//1507
f 1816//1816 1509//1509 1814//1814
f 1510//1510 1815//1815 1508//1508
f 1510//1510 1817//1817 1815//1815
f 1816//1816 1511//1511 1509//1509
f 1818//1818 1511//1511 1816//1816
f 1512//1512 1817//1817 1510//1510
f 1512//1512 1819//1819 1817//1817
f 1818//1818 1513//1513 1511//1511
f 1820//1820 1513//1513 1818//1818
f 1514//1514 1819//1819 1512//1512
f 1514//1514 1821//1821 1819//1819
f 1820//1820 1515//1515 1513//1513
f 1822//1822 1515//1515 1820//1820
f 1516//1516 1821//1821 1514//1514
f 1516//1516 1823//1823 1821//1821
f 1822//1822 1517//1517 1515//1515
f 1824//1824 1517//1517 1822//1822
f 1519//1519 1823//1823 1516//1516
f 1519//1519 1825//1825 1823//1823
f 1824//1824 1520//1520 1517//1517
f 1826//1826 1520//1520 1824//1824
f 1522//1522 1825//1825 1519//1519
f 1522//1522 1827//1827 1825//1825
f 1826//1826 1523//1523 1520//1520
f 1828//1828 1523//1523 1826//1826
f 1525//1525 1827//1827 1522//1522
f 1525//1525 1829//1829 1827//1827
f 1828//1828 1526//1526 1523//1523
f 1830//1830 1526//1526 1828//1828
f 1528//1528 1829//1829 1525//1525
f 1528//1528 1831//1831 1829//1829
f 1830//1830 1529//1529 1526//1526
f 1832//1832 1529//1529 1830//1830
f 1531//1531 1831//1831 1528//1528
f 1531//1531 1833//1833 1831//1831
f 1832//1832 1532//1532 1529//1529
f 1834//1834 1532//1532 1832//1832
f 1534//1534 1833//1833 1531//1531
f 1534//1534 1835//1835 1833//1833
f 1834//1834 1535//1535 1532//1532
f 1836//1836 1535//1535 1834//1834
f 1537//1537 1835//1835 1534//1534
f 1537//1537 1837//1837 1835//1835
f 1836//1836 1538//1538 1535//1535
f 1838//1838 1538//1538 1836//1836
f 1540//1540 1837//1837 1537//1537
f 1540//1540 1839//1839 1837//1837
f 1838//1838 1541//1541 1538//1538
f 1840//1840 1541//1541 1838//1838
f 1543//1543 1839//1839 1540//1540
f 1543//1543 1841//1841 1839//1839
f 1840//1840 1545//1545 1541//1541
f 1842//1842 1545//1545 1840//1840
f 1547//1547 1841//1841 1543//1543
f 1547//1547 1843//1843 1841//1841
f 1842//1842 1549//1549 1545//1545
f 1844//1844 1549//1549 1842//1842
f 1551//1551 1843//1843 1547//1547
f 1551//1551 1845//1845 1843//1843
f 1844//1844 1553//1553 1549//1549
f 1846//1846 1553//1553 1844//1844
f 1555//1555 1845//1845 1551//1551
f 1555//1555 1847//1847 1845//1845
f 1846//1846 1557//1557 1553//1553
f 1848//1848 1557//1557 1846//1846
f 1559//1559 1847//1847 1555//1555
f 1559//1559 1849//1849 1847//1847
f 1848//1848 1561//1561 1557//1557
f 1850//1850 1561//1561 1848//1848
f 1563//1563 1849//1849 1559//1559
f 1563//1563 1851//1851 1849//1849
f 1850//1850 1565//1565 1561//1561
f 1852//1852 1565//1565 1850//1850
f 1567//1567 1851//1851 1563//1563
f 1567//1567 1853//1853 1851//1851
f 1852//1852 1569//1569 1565//1565
f 1854//1854 1569//1569 1852//1852
f 1571//1571 1853//1853 1567//1567
f 1571//1571 1855//1855 1853//1853
f 1854//1854 1573//1573 1569//1569
f 1856//1856 1573//1573 1854//1854
f 1571//1571 1574//1574 1857//1857
f 1858//1858 1571//1571 1857//1857
f 1855//1855 1571//1571 1858//1858
f 1576//1576 1857//1857 1574//1574
f 1856//1856 1578//1578 1573//1573
f 1859//1859 1578//1578 1856//1856
f 1858//1858 1857//1857 1860//1860
f 1858//1858 1860//1860 1861//1861
f 1580//1580 1860//1860 1576//1576
f 1576//1576 1860//1860 1857//1857
f 1859//1859 1582//1582 1578//1578
f 1862//1862 1582//1582 1859//1859
f 1861//1861 1860//1860 1863//1863
f 1861//1861 1863//1863 1864//1864
f 1584//1584 1863//1863 1580//1580
f 1580//1580 1863//1863 1860//1860
f 1862//1862 1586//1586 1582//1582
f 1865//1865 1586//1586 1862//1862
f 1866//1866 1864//1864 1863//1863
f 1866//1866 1863//1863 1584//1584
f 1587//1587 1866//1866 1584//1584
f 1867//1867 1866//1866 1587//1587
f 1868//1868 1587//1587 1588//1588
f 1868//1868 1867//1867 1587//1587
f 1870//1870 1868//1868 1869//1869
f 1868//1868 1589//1589 1869//1869
f 1868//1868 1588//1588 1589//1589
f 1590//1590 1871//1871 1589//1589
f 1589//1589 1871//1871 1869//1869
f 1871//1871 1590//1590 1872//1872
f 1590//1590 1873//1873 1872//1872
f 1590//1590 1591//1591 1873//1873
f 1874//1874 1591//1591 1592//1592
f 1874//1874 1873//1873 1591//1591
f 1875//1875 1592//1592 1593//1593
f 1875//1875 1874//1874 1592//1592
f 1593//1593 1586//1586 1865//1865
f 1593//1593 1865//1865 1875//1875
f 1876//1876 1870//1870 1869//1869
f 1876//1876 1869//1869 1871//1871
f 1876//1876 1871//1871 1877//1877
f 1877//1877 1871//1871 1872//1872
f 1602//1602 1878//1878 1603//1603
f 1879//1879 1604//1604 1603//1603
f 1879//1879 1603//1603 1878//1878
f 1879//1879 1606//1606 1604//1604
f 1609//1609 1880//1880 1610//1610
f 1881//1881 1611//1611 1610//1610
f 1881//1881 1610//1610 1880//1880
f 1878//1878 1602//1602 1611//1611
f 1881//1881 1878//1878 1611//1611
f 1882//1882 1878//1878 1881//1881
f 1878//1878 1883//1883 1879//1879
f 1878//1878 1882//1882 1883//1883
f 1884//1884 1612//1612 1606//1606
f 1879//1879 1884//1884 1606//1606
f 1883//1883 1884//1884 1879//1879
f 1884//1884 1614//1614 1612//1612
f 1616//1616 1885//1885 1615//1615
f 1885//1885 1886//1886 1615//1615
f 1615//1615 1886//1886 1609//1609
f 1886//1886 1887//1887 1609//1609
f 1887//1887 1880//1880 1609//1609
f 1880//1880 1887//1887 1881//1881
f 1881//1881 1887//1887 1888//1888
f 1890//1890 1889//1889 1888//1888
f 1889//1889 1881//1881 1888//1888
f 1889//1889 1882//1882 1881//1881
f 1882//1882 1891//1891 1883//1883
f 1882//1882 1889//1889 1891//1891
f 1883//1883 1892//1892 1884//1884
f 1883//1883 1891//1891 1892//1892
f 1892//1892 1618//1618 1614//1614
f 1892//1892 1614//1614 1884//1884
f 1619//1619 1893//1893 1885//1885
f 1619//1619 1885//1885 1616//1616
f 1886//1886 1885//1885 1894//1894
f 1894//1894 1885//1885 1893//1893
f 1890//1890 1895//1895 1889//1889
f 1897//1897 1896//1896 1895//1895
f 1896//1896 1889//1889 1895//1895
f 1896//1896 1891//1891 1889//1889
f 1891//1891 1898//1898 1892//1892
f 1891//1891 1896//1896 1898//1898
f 1898//1898 1621//1621 1618//1618
f 1898//1898 1618//1618 1892//1892
f 1900//1900 1899//1899 1893//1893
f 1619//1619 1900//1900 1893//1893
f 1623//1623 1900//1900 1619//1619
f 1893//1893 1899//1899 1894//1894
f 1896//1896 1897//1897 1901//1901
f 1901//1901 1897//1897 1902//1902
f 1896//1896 1903//1903 1898//1898
f 1896//1896 1901//1901 1903//1903
f 1904//1904 1624//1624 1621//1621
f 1898//1898 1904//1904 1621//1621
f 1903//1903 1904//1904 1898//1898
f 1904//1904 1626//1626 1624//1624
f 1628//1628 1905//1905 1627//1627
f 1905//1905 1906//1906 1627//1627
f 1906//1906 1623//1623 1627//1627
f 1906//1906 1900//1900 1623//1623
f 1901//1901 1902//1902 1907//1907
f 1907//1907 1902//1902 1908//1908
f 1901//1901 1909//1909 1903//1903
f 1901//1901 1907//1907 1909//1909
f 1903//1903 1910//1910 1904//1904
f 1903//1903 1909//1909 1910//1910
f 1910//1910 1630//1630 1626//1626
f 1910//1910 1626//1626 1904//1904
f 1631//1631 1905//1905 1628//1628
f 1631//1631 1633//1633 1905//1905
f 1633//1633 1906//1906 1905//1905
f 1633//1633 1911//1911 1906//1906
f 1907//1907 1908//1908 1912//1912
f 1912//1912 1908//1908 1913//1913
f 1907//1907 1914//1914 1909//1909
f 1907//1907 1912//1912 1914//1914
f 1909//1909 1915//1915 1910//1910
f 1909//1909 1914//1914 1915//1915
f 1915//1915 1635//1635 1630//1630
f 1915//1915 1630//1630 1910//1910
f 1636//1636 1917//1917 1916//1916
f 1911//1911 1636//1636 1916//1916
f 1633//1633 1636//1636 1911//1911
f 1917//1917 1918//1918 1916//1916
f 1921//1921 1920//1920 1919//1919
f 1921//1921 1919//1919 1913//1913
f 1919//1919 1912//1912 1913//1913
f 1919//1919 1922//1922 1912//1912
f 1912//1912 1923//1923 1914//1914
f 1912//1912 1922//1922 1923//1923
f 1914//1914 1924//1924 1915//1915
f 1914//1914 1923//1923 1924//1924
f 1924//1924 1638//1638 1635//1635
f 1924//1924 1635//1635 1915//1915
f 1639//1639 1925//1925 1917//1917
f 1639//1639 1917//1917 1636//1636
f 1918//1918 1917//1917 1926//1926
f 1926//1926 1917//1917 1925//1925
f 1929//1929 1928//1928 1927//1927
f 1929//1929 1927//1927 1920//1920
f 1927//1927 1919//1919 1920//1920
f 1927//1927 1930//1930 1919//1919
f 1919//1919 1931//1931 1922//1922
f 1919//1919 1930//1930 1931//1931
f 1922//1922 1932//1932 1923//1923
f 1922//1922 1931//1931 1932//1932
f 1932//1932 1641//1641 1642//1642
f 1924//1924 1932//1932 1642//1642
f 1923//1923 1932//1932 1924//1924
f 1924//1924 1642//1642 1638//1638
f 1644//1644 1925//1925 1639//1639
f 1934//1934 1933//1933 1646//1646
f 1646//1646 1933//1933 1644//1644
f 1933//1933 1926//1926 1644//1644
f 1926//1926 1925//1925 1644//1644
f 1933//1933 1934//1934 1928//1928
f 1934//1934 1927//1927 1928//1928
f 1934//1934 1935//1935 1927//1927
f 1927//1927 1936//1936 1930//1930
f 1927//1927 1935//1935 1936//1936
f 1930//1930 1937//1937 1931//1931
f 1930//1930 1936//1936 1937//1937
f 1931//1931 1938//1938 1932//1932
f 1931//1931 1937//1937 1938//1938
f 1938//1938 1648//1648 1641//1641
f 1938//1938 1641//1641 1932//1932
f 1650//1650 1934//1934 1646//1646
f 1934//1934 1650//1650 1652//1652
f 1934//1934 1652//1652 1935//1935
f 1935//1935 1652//1652 1654//1654
f 1939//1939 1935//1935 1654//1654
f 1936//1936 1935//1935 1939//1939
f 1936//1936 1940//1940 1937//1937
f 1936//1936 1939//1939 1940//1940
f 1937//1937 1941//1941 1938//1938
f 1937//1937 1940//1940 1941//1941
f 1941//1941 1656//1656 1648//1648
f 1941//1941 1648//1648 1938//1938
f 1659//1659 1939//1939 1654//1654
f 1939//1939 1659//1659 1661//1661
f 1942//1942 1939//1939 1661//1661
f 1940//1940 1939//1939 1942//1942
f 1940//1940 1943//1943 1941//1941
f 1940//1940 1942//1942 1943//1943
f 1943//1943 1663//1663 1656//1656
f 1943//1943 1656//1656 1941//1941
f 1667//1667 1942//1942 1661//1661
f 1942//1942 1667//1667 1669//1669
f 1942//1942 1669//1669 1943//1943
f 1943//1943 1669//1669 1663//1663
f 1680//1680 1944//1944 1681//1681
f 1944//1944 1683//1683 1681//1681
f 1687//1687 1945//1945 1688//1688
f 1944//1944 1680//1680 1688//1688
f 1945//1945 1944//1944 1688//1688
f 1946//1946 1944//1944 1945//1945
f 1946//1946 1690//1690 1683//1683
f 1946//1946 1683//1683 1944//1944
f 1694//1694 1947//1947 1945//1945
f 1694//1694 1945//1945 1687//1687
f 1945//1945 1948//1948 1946//1946
f 1945//1945 1947//1947 1948//1948
f 1948//1948 1696//1696 1690//1690
f 1948//1948 1690//1690 1946//1946
f 1700//1700 1949//1949 1947//1947
f 1700//1700 1947//1947 1694//1694
f 1947//1947 1950//1950 1948//1948
f 1947//1947 1949//1949 1950//1950
f 1951//1951 1701//1701 1696//1696
f 1948//1948 1951//1951 1696//1696
f 1950//1950 1951//1951 1948//1948
f 1951//1951 1703//1703 1701//1701
f 1706//1706 1952//1952 1949//1949
f 1706//1706 1949//1949 1700//1700
f 1949//1949 1953//1953 1950//1950
f 1949//1949 1952//1952 1953//1953
f 1950//1950 1954//1954 1951//1951
f 1950//1950 1953//1953 1954//1954
f 1954//1954 1708//1708 1703//1703
f 1954//1954 1703//1703 1951//1951
f 1711//1711 1955//1955 1952//1952
f 1711//1711 1952//1952 1706//1706
f 1952//1952 1956//1956 1953//1953
f 1952//1952 1955//1955 1956//1956
f 1953//1953 1957//1957 1954//1954
f 1953//1953 1956//1956 1957//1957
f 1957//1957 1713//1713 1708//1708
f 1957//1957 1708//1708 1954//1954
f 1715//1715 1958//1958 1716//1716
f 1955//1955 1711//1711 1716//1716
f 1958//1958 1955//1955 1716//1716
f 1959//1959 1955//1955 1958//1958
f 1955//1955 1960//1960 1956//1956
f 1955//1955 1959//1959 1960//1960
f 1956//1956 1961//1961 1957//1957
f 1956//1956 1960//1960 1961//1961
f 1961//1961 1718//1718 1713//1713
f 1961//1961 1713//1713 1957//1957
f 1720//1720 1962//1962 1958//1958
f 1720//1720 1958//1958 1715//1715
f 1958//1958 1963//1963 1959//1959
f 1958//1958 1962//1962 1963//1963
f 1959//1959 1964//1964 1960//1960
f 1959//1959 1963//1963 1964//1964
f 1960//1960 1965//1965 1961//1961
f 1960//1960 1964//1964 1965//1965
f 1965//1965 1722//1722 1718//1718
f 1965//1965 1718//1718 1961//1961
f 1724//1724 1966//1966 1962//1962
f 1724//1724 1962//1962 1720//1720
f 1962//1962 1967//1967 1963//1963
f 1962//1962 1966//1966 1967//1967
f 1963//1963 1968//1968 1964//1964
f 1963//1963 1967//1967 1968//1968
f 1964//1964 1969//1969 1965//1965
f 1964//1964 1968//1968 1969//1969
f 1969//1969 1726//1726 1722//1722
f 1969//1969 1722//1722 1965//1965
f 1728//1728 1970//1970 1966//1966
f 1728//1728 1966//1966 1724//1724
f 1966//1966 1971//1971 1967//1967
f 1966//1966 1970//1970 1971//1971
f 1967//1967 1972//1972 1968//1968
f 1967//1967 1971//1971 1972//1972
f 1968//1968 1973//1973 1969//1969
f 1968//1968 1972//1972 1973//1973
f 1973//1973 1730//1730 1726//1726
f 1973//1973 1726//1726 1969//1969
f 1732//1732 1974//1974 1970//1970
f 1732//1732 1970//1970 1728//1728
f 1970//1970 1975//1975 1971//1971
f 1970//1970 1974//1974 1975//1975
f 1971//1971 1976//1976 1972//1972
f 1971//1971 1975//1975 1976//1976
f 1972//1972 1977//1977 1973//1973
f 1972//1972 1976//1976 1977//1977
f 1977//1977 1734//1734 1730//1730
f 1977//1977 1730//1730 1973//1973
f 1736//1736 1978//1978 1974//1974
f 1736//1736 1974//1974 1732//1732
f 1974//1974 1979//1979 1975//1975
f 1974//1974 1978//1978 1979//1979
f 1975//1975 1980//1980 1976//1976
f 1975//1975 1979//1979 1980//1980
f 1976//1976 1981//1981 1977//1977
f 1976//1976 1980//1980 1981//1981
f 1981//1981 1738//1738 1734//1734
f 1981//1981 1734//1734 1977//1977
f 1740//1740 1982//1982 1978//1978
f 1740//1740 1978//1978 1736//1736
f 1978//1978 1983//1983 1979//1979
f 1978//1978 1982//1982 1983//1983
f 1979//1979 1984//1984 1980//1980
f 1979//1979 1983//1983 1984//1984
f 1980//1980 1985//1985 1981//1981
f 1980//1980 1984//1984 1985//1985
f 1986//1986 1741//1741 1738//1738
f 1981//1981 1986//1986 1738//1738
f 1985//1985 1986//1986 1981//1981
f 1986//1986 1742//1742 1741//1741
f 1744//1744 1987//1987 1982//1982
f 1744//1744 1982//1982 1740//1740
f 1982//1982 1988//1988 1983//1983
f 1982//1982 1987//1987 1988//1988
f 1983//1983 1989//1989 1984//1984
f 1983//1983 1988//1988 1989//1989
f 1984//1984 1990//1990 1985//1985
f 1984//1984 1989//1989 1990//1990
f 1985//1985 1991//1991 1986//1986
f 1985//1985 1990//1990 1991//1991
f 1991//1991 1745//1745 1742//1742
f 1991//1991 1742//1742 1986//1986
f 1747//1747 1992//1992 1987//1987
f 1747//1747 1987//1987 1744//1744
f 1987//1987 1993//1993 1988//1988
f 1987//1987 1992//1992 1993//1993
f 1988//1988 1994//1994 1989//1989
f 1988//1988 1993//1993 1994//1994
f 1989//1989 1995//1995 1990//1990
f 1989//1989 1994//1994 1995//1995
f 1990//1990 1996//1996 1991//1991
f 1990//1990 1995//1995 1996//1996
f 1996//1996 1748//1748 1745//1745
f 1996//1996 1745//1745 1991//1991
f 1750//1750 1997//1997 1992//1992
f 1750//1750 1992//1992 1747//1747
f 1992//1992 1998//1998 1993//1993
f 1992//1992 1997//1997 1998//1998
f 2000//2000 1994//1994 1999//1999
f 1994//1994 1998//1998 1999//1999
f 1994//1994 1993//1993 1998//1998
f 2002//2002 2001//2001 2000//2000
f 2001//2001 1994//1994 2000//2000
f 2001//2001 1995//1995 1994//1994
f 1995//1995 2003//2003 1996//1996
f 1995//1995 2001//2001 2003//2003
f 2003//2003 1752//1752 1748//1748
f 2003//2003 1748//1748 1996//1996
f 1754//1754 2004//2004 1753//1753
f 1997//1997 1750//1750 1753//1753
f 2004//2004 1997//1997 1753//1753
f 2005//2005 1997//1997 2004//2004
f 2007//2007 1998//1998 2006//2006
f 1998//1998 2005//2005 2006//2006
f 1998//1998 1997//1997 2005//2005
f 1998//1998 2007//2007 1999//1999
f 2001//2001 2002//2002 2008//2008
f 2008//2008 2002//2002 2009//2009
f 2001//2001 2010//2010 2003//2003
f 2001//2001 2008//2008 2010//2010
f 2010//2010 1756//1756 1752//1752
f 2010//2010 1752//1752 2003//2003
f 1757//1757 2011//2011 2004//2004
f 1757//1757 2004//2004 1754//1754
f 2004//2004 2012//2012 2005//2005
f 2004//2004 2011//2011 2012//2012
f 2006//2006 2005//2005 2013//2013
f 2013//2013 2005//2005 2012//2012
f 2008//2008 2009//2009 2014//2014
f 2014//2014 2009//2009 2015//2015
f 2008//2008 2016//2016 2010//2010
f 2008//2008 2014//2014 2016//2016
f 2016//2016 1759//1759 1756//1756
f 2016//2016 1756//1756 2010//2010
f 1760//1760 2017//2017 2011//2011
f 1760//1760 2011//2011 1757//1757
f 2011//2011 2018//2018 2012//2012
f 2011//2011 2017//2017 2018//2018
f 2013//2013 2012//2012 2019//2019
f 2019//2019 2012//2012 2018//2018
f 2015//2015 2020//2020 2014//2014
f 2022//2022 2021//2021 2020//2020
f 2021//2021 2014//2014 2020//2020
f 2021//2021 2016//2016 2014//2014
f 2021//2021 1762//1762 1759//1759
f 2021//2021 1759//1759 2016//2016
f 1763//1763 2023//2023 2017//2017
f 1763//1763 2017//2017 1760//1760
f 2017//2017 2024//2024 2018//2018
f 2017//2017 2023//2023 2024//2024
f 2019//2019 2018//2018 2025//2025
f 2025//2025 2018//2018 2024//2024
f 2021//2021 2022//2022 2026//2026
f 2026//2026 2022//2022 2027//2027
f 2026//2026 1765//1765 1762//1762
f 2026//2026 1762//1762 2021//2021
f 1766//1766 2028//2028 2023//2023
f 1766//1766 2023//2023 1763//1763
f 2030//2030 2024//2024 2029//2029
f 2024//2024 2028//2028 2029//2029
f 2024//2024 2023//2023 2028//2028
f 2024//2024 2030//2030 2025//2025
f 2026//2026 2027//2027 2031//2031
f 2031//2031 2027//2027 2032//2032
f 2031//2031 1768//1768 1765//1765
f 2031//2031 1765//1765 2026//2026
f 1769//1769 2033//2033 2028//2028
f 1769//1769 2028//2028 1766//1766
f 2029//2029 2028//2028 2034//2034
f 2034//2034 2028//2028 2033//2033
f 2031//2031 2032//2032 2035//2035
f 2035//2035 2032//2032 2036//2036
f 2035//2035 1771//1771 1768//1768
f 2035//2035 1768//1768 2031//2031
f 1772//1772 2037//2037 2033//2033
f 1772//1772 2033//2033 1769//1769
f 2034//2034 2033//2033 2038//2038
f 2038//2038 2033//2033 2037//2037
f 2035//2035 2036//2036 2039//2039
f 2039//2039 2036//2036 2040//2040
f 2039//2039 1774//1774 1771//1771
f 2039//2039 1771//1771 2035//2035
f 1775//1775 2041//2041 2037//2037
f 1775//1775 2037//2037 1772//1772
f 2038//2038 2037//2037 2042//2042
f 2042//2042 2037//2037 2041//2041
f 2039//2039 2040//2040 2043//2043
f 2043//2043 2040//2040 2044//2044
f 2043//2043 1777//1777 1774//1774
f 2043//2043 1774//1774 2039//2039
f 1779//1779 2045//2045 2041//2041
f 1779//1779 2041//2041 1775//1775
f 2042//2042 2041//2041 2046//2046
f 2046//2046 2041//2041 2045//2045
f 2044//2044 2047//2047 2043//2043
f 2047//2047 2049//2049 2048//2048
f 2047//2047 2048//2048 1780//1780
f 2043//2043 2047//2047 1780//1780
f 1777//1777 2043//2043 1780//1780
f 2048//2048 1781//1781 1780//1780
f 1783//1783 2050//2050 2045//2045
f 1783//1783 2045//2045 1779//1779
f 2046//2046 2045//2045 2051//2051
f 2051//2051 2045//2045 2050//2050
f 2048//2048 2049//2049 2052//2052
f 2052//2052 2049//2049 2053//2053
f 2052//2052 1784//1784 1781//1781
f 2052//2052 1781//1781 2048//2048
f 2055//2055 2054//2054 2050//2050
f 1783//1783 2055//2055 2050//2050
f 1786//1786 2055//2055 1783//1783
f 2050//2050 2054//2054 2051//2051
f 2052//2052 2053//2053 2056//2056
f 2056//2056 2053//2053 2057//2057
f 2056//2056 1787//1787 1784//1784
f 2056//2056 1784//1784 2052//2052
f 1789//1789 2055//2055 1786//1786
f 1789//1789 2058//2058 2055//2055
f 2056//2056 2057//2057 2059//2059
f 2059//2059 2057//2057 2060//2060
f 2059//2059 1790//1790 1787//1787
f 2059//2059 1787//1787 2056//2056
f 1792//1792 2058//2058 1789//1789
f 1792//1792 2061//2061 2058//2058
f 2059//2059 2060//2060 2062//2062
f 2062//2062 2060//2060 2063//2063
f 2062//2062 1793//1793 1790//1790
f 2062//2062 1790//1790 2059//2059
f 1795//1795 2064//2064 1794//1794
f 2064//2064 2065//2065 1794//1794
f 2065//2065 1792//1792 1794//1794
f 2065//2065 2061//2061 1792//1792
f 2062//2062 2063//2063 2066//2066
f 2066//2066 2063//2063 2067//2067
f 2066//2066 1796//1796 1793//1793
f 2066//2066 1793//1793 2062//2062
f 1797//1797 2068//2068 2064//2064
f 1797//1797 2064//2064 1795//1795
f 2065//2065 2064//2064 2069//2069
f 2069//2069 2064//2064 2068//2068
f 2066//2066 2067//2067 2070//2070
f 2070//2070 2067//2067 2071//2071
f 2070//2070 1798//1798 1796//1796
f 2070//2070 1796//1796 2066//2066
f 1799//1799 2072//2072 2068//2068
f 1799//1799 2068//2068 1797//1797
f 2069//2069 2068//2068 2073//2073
f 2073//2073 2068//2068 2072//2072
f 2070//2070 2071//2071 2074//2074
f 2074//2074 2071//2071 2075//2075
f 2074//2074 1800//1800 1798//1798
f 2074//2074 1798//1798 2070//2070
f 1801//1801 2076//2076 2072//2072
f 1801//1801 2072//2072 1799//1799
f 2073//2073 2072//2072 2077//2077
f 2077//2077 2072//2072 2076//2076
f 2075//2075 2078//2078 2074//2074
f 1800//1800 2074//2074 2078//2078
f 2079//2079 1800//1800 2078//2078
f 1802//1802 1800//1800 2079//2079
f 1803//1803 2080//2080 2076//2076
f 1803//1803 2076//2076 1801//1801
f 2077//2077 2076//2076 2081//2081
f 2081//2081 2076//2076 2080//2080
f 2079//2079 1804//1804 1802//1802
f 2082//2082 1804//1804 2079//2079
f 1805//1805 2083//2083 2080//2080
f 1805//1805 2080//2080 1803//1803
f 2081//2081 2080//2080 2084//2084
f 2084//2084 2080//2080 2083//2083
f 2082//2082 1806//1806 1804//1804
f 2085//2085 1806//1806 2082//2082
f 1807//1807 2086//2086 2083//2083
f 1807//1807 2083//2083 1805//1805
f 2084//2084 2083//2083 2087//2087
f 2087//2087 2083//2083 2086//2086
f 2085//2085 1808//1808 1806//1806
f 2088//2088 1808//1808 2085//2085
f 2090//2090 2089//2089 2086//2086
f 1807//1807 2090//2090 2086//2086
f 1809//1809 2090//2090 1807//1807
f 2086//2086 2089//2089 2087//2087
f 2088//2088 1810//1810 1808//1808
f 2091//2091 1810//1810 2088//2088
f 1811//1811 2090//2090 1809//1809
f 1811//1811 2092//2092 2090//2090
f 2091//2091 1812//1812 1810//1810
f 2093//2093 1812//1812 2091//2091
f 1813//1813 2092//2092 1811//1811
f 1813//1813 2094//2094 2092//2092
f 2093//2093 1814//1814 1812//1812
f 2095//2095 1814//1814 2093//2093
f 1815//1815 2094//2094 1813//1813
f 1815//1815 2096//2096 2094//2094
f 2095//2095 1816//1816 1814//1814
f 2097//2097 1816//1816 2095//2095
f 1817//1817 2096//2096 1815//1815
f 1817//1817 2098//2098 2096//2096
f 2097//2097 1818//1818 1816//1816
f 2099//2099 1818//1818 2097//2097
f 1819//1819 2098//2098 1817//1817
f 1819//1819 2100//2100 2098//2098
f 2099//2099 1820//1820 1818//1818
f 2101//2101 1820//1820 2099//2099
f 1821//1821 2100//2100 1819//1819
f 1821//1821 2102//2102 2100//2100
f 2101//2101 1822//1822 1820//1820
f 2103//2103 1822//1822 2101//2101
f 1823//1823 2102//2102 1821//1821
f 1823//1823 2104//2104 2102//2102
f 2103//2103 1824//1824 1822//1822
f 2105//2105 1824//1824 2103//2103
f 1825//1825 2104//2104 1823//1823
f 1825//1825 2106//2106 2104//2104
f 2105//2105 1826//1826 1824//1824
f 2107//2107 1826//1826 2105//2105
f 1827//1827 2106//2106 1825//1825
f 1827//1827 2108//2108 2106//2106
f 2107//2107 1828//1828 1826//1826
f 2109//2109 1828//1828 2107//2107
f 1829//1829 2108//2108 1827//1827
f 1829//1829 2110//2110 2108//2108
f 2109//2109 1830//1830 1828//1828
f 2111//2111 1830//1830 2109//2109
f 1831//1831 2110//2110 1829//1829
f 1831//1831 2112//2112 2110//2110
f 2111//2111 1832//1832 1830//1830
f 2113//2113 1832//1832 2111//2111
f 1833//1833 2112//2112 1831//1831
f 1833//1833 2114//2114 2112//2112
f 2113//2113 1834//1834 1832//1832
f 2115//2115 1834//1834 2113//2113
f 1835//1835 2114//2114 1833//1833
f 1835//1835 2116//2116 2114//2114
f 2115//2115 1836//1836 1834//1834
f 2117//2117 1836//1836 2115//2115
f 1837//1837 2116//2116 1835//1835
f 1837//1837 2118//2118 2116//2116
f 2117//2117 1838//1838 1836//1836
f 2119//2119 1838//1838 2117//2117
f 1839//1839 2118//2118 1837//1837
f 1839//1839 2120//2120 2118//2118
f 2119//2119 1840//1840 1838//1838
f 2121//2121 1840//1840 2119//2119
f 1841//1841 2120//2120 1839//1839
f 1841//1841 2122//2122 2120//2120
f 2121//2121 1842//1842 1840//1840
f 2123//2123 1842//1842 2121//2121
f 1843//1843 2122//2122 1841//1841
f 1843//1843 2124//2124 2122//2122
f 2123//2123 1844//1844 1842//1842
f 2125//2125 1844//1844 2123//2123
f 1845//1845 2124//2124 1843//1843
f 1845//1845 2126//2126 2124//2124
f 2125//2125 1846//1846 1844//1844
f 2127//2127 1846//1846 2125//2125
f 1847//1847 2126//2126 1845//1845
f 1847//1847 2128//2128 2126//2126
f 2127//2127 1848//1848 1846//1846
f 2129//2129 1848//1848 2127//2127
f 1849//1849 2128//2128 1847//1847
f 1849//1849 2130//2130 2128//2128
f 2129//2129 1850//1850 1848//1848
f 2131//2131 1850//1850 2129//2129
f 1851//1851 2130//2130 1849//1849
f 1851//1851 2132//2132 2130//2130
f 2131//2131 1852//1852 1850//1850
f 2133//2133 1852//1852 2131//2131
f 1853//1853 2132//2132 1851//1851
f 1853//1853 2134//2134 2132//2132
f 2133//2133 1854//1854 1852//1852
f 2135//2135 1854//1854 2133//2133
f 1855//1855 2134//2134 1853//1853
f 1855//1855 2136//2136 2134//2134
f 2135//2135 1856//1856 1854//1854
f 2137//2137 1856//1856 2135//2135
f 1858//1858 2136//2136 1855//1855
f 1858//1858 2138//2138 2136//2136
f 2137//2137 1859//1859 1856//1856
f 2139//2139 1859//1859 2137//2137
f 1861//1861 2138//2138 1858//1858
f 1861//1861 2140//2140 2138//2138
f 2139//2139 1862//1862 1859//1859
f 2141//2141 1862//1862 2139//2139
f 1864//1864 2140//2140 1861//1861
f 1864//1864 2142//2142 2140//2140
f 2141//2141 1865//1865 1862//1862
f 2143//2143 1865//1865 2141//2141
f 2144//2144 2142//2142 1864//1864
f 2144//2144 1864//1864 1866//1866
f 2145//2145 1866//1866 1867//1867
f 2145//2145 2144//2144 1866//1866
f 2147//2147 2145//2145 2146//2146
f 2145//2145 1868//1868 2146//2146
f 2145//2145 1867//1867 1868//1868
f 1870//1870 2146//2146 1868//1868
f 2148//2148 1872//1872 1873//1873
f 2148//2148 1873//1873 2149//2149
f 1873//1873 2150//2150 2149//2149
f 1873//1873 1874//1874 2150//2150
f 2151//2151 1874//1874 1875//1875
f 2151//2151 2150//2150 1874//1874
f 1875//1875 1865//1865 2143//2143
f 1875//1875 2143//2143 2151//2151
f 2152//2152 2147//2147 2146//2146
f 2152//2152 2146//2146 1870//1870
f 1876//1876 2152//2152 1870//1870
f 2153//2153 2152//2152 1876//1876
f 2154//2154 1876//1876 1877//1877
f 2154//2154 2153//2153 1876//1876
f 1877//1877 1872//1872 2148//2148
f 2155//2155 1877//1877 2148//2148
f 2154//2154 1877//1877 2155//2155
f 2155//2155 2148//2148 2149//2149
f 1886//1886 2156//2156 1887//1887
f 2157//2157 1888//1888 1887//1887
f 2157//2157 1887//1887 2156//2156
f 2157//2157 1890//1890 1888//1888
f 1894//1894 2158//2158 2156//2156
f 1894//1894 2156//2156 1886//1886
f 2156//2156 2159//2159 2157//2157
f 2156//2156 2158//2158 2159//2159
f 2160//2160 1895//1895 1890//1890
f 2157//2157 2160//2160 1890//1890
f 2159//2159 2160//2160 2157//2157
f 2160//2160 1897//1897 1895//1895
f 1900//1900 2161//2161 1899//1899
f 2158//2158 1894//1894 1899//1899
f 2161//2161 2158//2158 1899//1899
f 2162//2162 2158//2158 2161//2161
f 2158//2158 2163//2163 2159//2159
f 2158//2158 2162//2162 2163//2163
f 2159//2159 2164//2164 2160//2160
f 2159//2159 2163//2163 2164//2164
f 2164//2164 1902//1902 1897//1897
f 2164//2164 1897//1897 2160//2160
f 1906//1906 2165//2165 2161//2161
f 1906//1906 2161//2161 1900//1900
f 2161//2161 2166//2166 2162//2162
f 2161//2161 2165//2165 2166//2166
f 2162//2162 2167//2167 2163//2163
f 2162//2162 2166//2166 2167//2167
f 2163//2163 2168//2168 2164//2164
f 2163//2163 2167//2167 2168//2168
f 2168//2168 1908//1908 1902//1902
f 2168//2168 1902//1902 2164//2164
f 1911//1911 2169//2169 2165//2165
f 1911//1911 2165//2165 1906//1906
f 2165//2165 2170//2170 2166//2166
f 2165//2165 2169//2169 2170//2170
f 2166//2166 2171//2171 2167//2167
f 2166//2166 2170//2170 2171//2171
f 2167//2167 2172//2172 2168//2168
f 2167//2167 2171//2171 2172//2172
f 2172//2172 1913//1913 1908//1908
f 2172//2172 1908//1908 2168//2168
f 1916//1916 2169//2169 1911//1911
f 2169//2169 1916//1916 1918//1918
f 2173//2173 2169//2169 1918//1918
f 2170//2170 2169//2169 2173//2173
f 2170//2170 2174//2174 2171//2171
f 2170//2170 2173//2173 2174//2174
f 2174//2174 1920//1920 1921//1921
f 2172//2172 2174//2174 1921//1921
f 2171//2171 2174//2174 2172//2172
f 2172//2172 1921//1921 1913//1913
f 1926//1926 2175//2175 2173//2173
f 1926//1926 2173//2173 1918//1918
f 2175//2175 1928//1928 1929//1929
f 2174//2174 2175//2175 1929//1929
f 2173//2173 2175//2175 2174//2174
f 2174//2174 1929//1929 1920//1920
f 1933//1933 2175//2175 1926//1926
f 2175//2175 1933//1933 1928//1928
f 1999//1999 2176//2176 2000//2000
f 2176//2176 2002//2002 2000//2000
f 2006//2006 2177//2177 2007//2007
f 2176//2176 1999//1999 2007//2007
f 2177//2177 2176//2176 2007//2007
f 2178//2178 2176//2176 2177//2177
f 2178//2178 2009//2009 2002//2002
f 2178//2178 2002//2002 2176//2176
f 2013//2013 2179//2179 2177//2177
f 2013//2013 2177//2177 2006//2006
f 2177//2177 2180//2180 2178//2178
f 2177//2177 2179//2179 2180//2180
f 2180//2180 2015//2015 2009//2009
f 2180//2180 2009//2009 2178//2178
f 2019//2019 2181//2181 2179//2179
f 2019//2019 2179//2179 2013//2013
f 2179//2179 2182//2182 2180//2180
f 2179//2179 2181//2181 2182//2182
f 2183//2183 2020//2020 2015//2015
f 2180//2180 2183//2183 2015//2015
f 2182//2182 2183//2183 2180//2180
f 2183//2183 2022//2022 2020//2020
f 2025//2025 2184//2184 2181//2181
f 2025//2025 2181//2181 2019//2019
f 2181//2181 2185//2185 2182//2182
f 2181//2181 2184//2184 2185//2185
f 2182//2182 2186//2186 2183//2183
f 2182//2182 2185//2185 2186//2186
f 2186//2186 2027//2027 2022//2022
f 2186//2186 2022//2022 2183//2183
f 2029//2029 2187//2187 2030//2030
f 2184//2184 2025//2025 2030//2030
f 2187//2187 2184//2184 2030//2030
f 2188//2188 2184//2184 2187//2187
f 2184//2184 2189//2189 2185//2185
f 2184//2184 2188//2188 2189//2189
f 2185//2185 2190//2190 2186//2186
f 2185//2185 2189//2189 2190//2190
f 2190//2190 2032//2032 2027//2027
f 2190//2190 2027//2027 2186//2186
f 2034//2034 2191//2191 2187//2187
f 2034//2034 2187//2187 2029//2029
f 2187//2187 2192//2192 2188//2188
f 2187//2187 2191//2191 2192//2192
f 2188//2188 2193//2193 2189//2189
f 2188//2188 2192//2192 2193//2193
f 2189//2189 2194//2194 2190//2190
f 2189//2189 2193//2193 2194//2194
f 2194//2194 2036//2036 2032//2032
f 2194//2194 2032//2032 2190//2190
f 2038//2038 2195//2195 2191//2191
f 2038//2038 2191//2191 2034//2034
f 2191//2191 2196//2196 2192//2192
f 2191//2191 2195//2195 2196//2196
f 2192//2192 2197//2197 2193//2193
f 2192//2192 2196//2196 2197//2197
f 2193//2193 2198//2198 2194//2194
f 2193//2193 2197//2197 2198//2198
f 2198//2198 2040//2040 2036//2036
f 2198//2198 2036//2036 2194//2194
f 2042//2042 2199//2199 2195//2195
f 2042//2042 2195//2195 2038//2038
f 2195//2195 2200//2200 2196//2196
f 2195//2195 2199//2199 2200//2200
f 2196//2196 2201//2201 2197//2197
f 2196//2196 2200//2200 2201//2201
f 2197//2197 2202//2202 2198//2198
f 2197//2197 2201//2201 2202//2202
f 2202//2202 2044//2044 2040//2040
f 2202//2202 2040//2040 2198//2198
f 2046//2046 2203//2203 2199//2199
f 2046//2046 2199//2199 2042//2042
f 2199//2199 2204//2204 2200//2200
f 2199//2199 2203//2203 2204//2204
f 2200//2200 2205//2205 2201//2201
f 2200//2200 2204//2204 2205//2205
f 2201//2201 2206//2206 2202//2202
f 2201//2201 2205//2205 2206//2206
f 2207//2207 2047//2047 2044//2044
f 2202//2202 2207//2207 2044//2044
f 2206//2206 2207//2207 2202//2202
f 2207//2207 2049//2049 2047//2047
f 2051//2051 2208//2208 2203//2203
f 2051//2051 2203//2203 2046//2046
f 2203//2203 2209//2209 2204//2204
f 2203//2203 2208//2208 2209//2209
f 2204//2204 2210//2210 2205//2205
f 2204//2204 2209//2209 2210//2210
f 2205//2205 2211//2211 2206//2206
f 2205//2205 2210//2210 2211//2211
f 2206//2206 2212//2212 2207//2207
f 2206//2206 2211//2211 2212//2212
f 2212//2212 2053//2053 2049//2049
f 2212//2212 2049//2049 2207//2207
f 2055//2055 2213//2213 2054//2054
f 2208//2208 2051//2051 2054//2054
f 2213//2213 2208//2208 2054//2054
f 2214//2214 2208//2208 2213//2213
f 2216//2216 2209//2209 2215//2215
f 2209//2209 2214//2214 2215//2215
f 2209//2209 2208//2208 2214//2214
f 2209//2209 2216//2216 2210//2210
f 2210//2210 2216//2216 2217//2217
f 2219//2219 2218//2218 2217//2217
f 2218//2218 2210//2210 2217//2217
f 2218//2218 2211//2211 2210//2210
f 2211//2211 2220//2220 2212//2212
f 2211//2211 2218//2218 2220//2220
f 2220//2220 2057//2057 2053//2053
f 2220//2220 2053//2053 2212//2212
f 2058//2058 2221//2221 2213//2213
f 2058//2058 2213//2213 2055//2055
f 2213//2213 2222//2222 2214//2214
f 2213//2213 2221//2221 2222//2222
f 2215//2215 2214//2214 2223//2223
f 2223//2223 2214//2214 2222//2222
f 2218//2218 2219//2219 2224//2224
f 2224//2224 2219//2219 2225//2225
f 2218//2218 2226//2226 2220//2220
f 2218//2218 2224//2224 2226//2226
f 2226//2226 2060//2060 2057//2057
f 2226//2226 2057//2057 2220//2220
f 2061//2061 2227//2227 2221//2221
f 2061//2061 2221//2221 2058//2058
f 2221//2221 2228//2228 2222//2222
f 2221//2221 2227//2227 2228//2228
f 2223//2223 2222//2222 2229//2229
f 2229//2229 2222//2222 2228//2228
f 2225//2225 2230//2230 2224//2224
f 2232//2232 2231//2231 2230//2230
f 2231//2231 2224//2224 2230//2230
f 2231//2231 2226//2226 2224//2224
f 2231//2231 2063//2063 2060//2060
f 2231//2231 2060//2060 2226//2226
f 2065//2065 2233//2233 2227//2227
f 2065//2065 2227//2227 2061//2061
f 2235//2235 2228//2228 2234//2234
f 2228//2228 2233//2233 2234//2234
f 2228//2228 2227//2227 2233//2233
f 2228//2228 2235//2235 2229//2229
f 2231//2231 2232//2232 2236//2236
f 2236//2236 2232//2232 2237//2237
f 2236//2236 2067//2067 2063//2063
f 2236//2236 2063//2063 2231//2231
f 2069//2069 2238//2238 2233//2233
f 2069//2069 2233//2233 2065//2065
f 2234//2234 2233//2233 2239//2239
f 2239//2239 2233//2233 2238//2238
f 2236//2236 2237//2237 2240//2240
f 2240//2240 2237//2237 2241//2241
f 2240//2240 2071//2071 2067//2067
f 2240//2240 2067//2067 2236//2236
f 2073//2073 2242//2242 2238//2238
f 2073//2073 2238//2238 2069//2069
f 2239//2239 2238//2238 2243//2243
f 2243//2243 2238//2238 2242//2242
f 2240//2240 2241//2241 2244//2244
f 2244//2244 2241//2241 2245//2245
f 2244//2244 2075//2075 2071//2071
f 2244//2244 2071//2071 2240//2240
f 2077//2077 2246//2246 2242//2242
f 2077//2077 2242//2242 2073//2073
f 2243//2243 2242//2242 2247//2247
f 2247//2247 2242//2242 2246//2246
f 2245//2245 2248//2248 2244//2244
f 2248//2248 2250//2250 2249//2249
f 2248//2248 2249//2249 2078//2078
f 2244//2244 2248//2248 2078//2078
f 2075//2075 2244//2244 2078//2078
f 2249//2249 2079//2079 2078//2078
f 2081//2081 2251//2251 2246//2246
f 2081//2081 2246//2246 2077//2077
f 2247//2247 2246//2246 2252//2252
f 2252//2252 2246//2246 2251//2251
f 2249//2249 2250//2250 2253//2253
f 2253//2253 2250//2250 2254//2254
f 2253//2253 2082//2082 2079//2079
f 2253//2253 2079//2079 2249//2249
f 2256//2256 2255//2255 2251//2251
f 2081//2081 2256//2256 2251//2251
f 2084//2084 2256//2256 2081//2081
f 2251//2251 2255//2255 2252//2252
f 2253//2253 2254//2254 2257//2257
f 2257//2257 2254//2254 2258//2258
f 2257//2257 2085//2085 2082//2082
f 2257//2257 2082//2082 2253//2253
f 2087//2087 2256//2256 2084//2084
f 2087//2087 2259//2259 2256//2256
f 2257//2257 2258//2258 2260//2260
f 2260//2260 2258//2258 2261//2261
f 2260//2260 2088//2088 2085//2085
f 2260//2260 2085//2085 2257//2257
f 2090//2090 2262//2262 2089//2089
f 2262//2262 2263//2263 2089//2089
f 2263//2263 2087//2087 2089//2089
f 2263//2263 2259//2259 2087//2087
f 2260//2260 2261//2261 2264//2264
f 2264//2264 2261//2261 2265//2265
f 2264//2264 2091//2091 2088//2088
f 2264//2264 2088//2088 2260//2260
f 2092//2092 2266//2266 2262//2262
f 2092//2092 2262//2262 2090//2090
f 2263//2263 2262//2262 2267//2267
f 2267//2267 2262//2262 2266//2266
f 2264//2264 2265//2265 2268//2268
f 2268//2268 2265//2265 2269//2269
f 2268//2268 2093//2093 2091//2091
f 2268//2268 2091//2091 2264//2264
f 2094//2094 2270//2270 2266//2266
f 2094//2094 2266//2266 2092//2092
f 2267//2267 2266//2266 2271//2271
f 2271//2271 2266//2266 2270//2270
f 2268//2268 2269//2269 2272//2272
f 2272//2272 2269//2269 2273//2273
f 2272//2272 2095//2095 2093//2093
f 2272//2272 2093//2093 2268//2268
f 2096//2096 2274//2274 2270//2270
f 2096//2096 2270//2270 2094//2094
f 2271//2271 2270//2270 2275//2275
f 2275//2275 2270//2270 2274//2274
f 2272//2272 2273//2273 2276//2276
f 2276//2276 2273//2273 2277//2277
f 2276//2276 2097//2097 2095//2095
f 2276//2276 2095//2095 2272//2272
f 2098//2098 2278//2278 2274//2274
f 2098//2098 2274//2274 2096//2096
f 2275//2275 2274//2274 2279//2279
f 2279//2279 2274//2274 2278//2278
f 2276//2276 2277//2277 2280//2280
f 2280//2280 2277//2277 2281//2281
f 2280//2280 2099//2099 2097//2097
f 2280//2280 2097//2097 2276//2276
f 2100//2100 2282//2282 2278//2278
f 2100//2100 2278//2278 2098//2098
f 2279//2279 2278//2278 2283//2283
f 2283//2283 2278//2278 2282//2282
f 2280//2280 2281//2281 2284//2284
f 2284//2284 2281//2281 2285//2285
f 2284//2284 2101//2101 2099//2099
f 2284//2284 2099//2099 2280//2280
f 2102//2102 2286//2286 2282//2282
f 2102//2102 2282//2282 2100//2100
f 2283//2283 2282//2282 2287//2287
f 2287//2287 2282//2282 2286//2286
f 2285//2285 2288//2288 2284//2284
f 2101//2101 2284//2284 2288//2288
f 2289//2289 2101//2101 2288//2288
f 2103//2103 2101//2101 2289//2289
f 2104//2104 2290//2290 2286//2286
f 2104//2104 2286//2286 2102//2102
f 2287//2287 2286//2286 2291//2291
f 2291//2291 2286//2286 2290//2290
f 2289//2289 2105//2105 2103//2103
f 2292//2292 2105//2105 2289//2289
f 2106//2106 2293//2293 2290//2290
f 2106//2106 2290//2290 2104//2104
f 2291//2291 2290//2290 2294//2294
f 2294//2294 2290//2290 2293//2293
f 2292//2292 2107//2107 2105//2105
f 2295//2295 2107//2107 2292//2292
f 2108//2108 2296//2296 2293//2293
f 2108//2108 2293//2293 2106//2106
f 2294//2294 2293//2293 2297//2297
f 2297//2297 2293//2293 2296//2296
f 2295//2295 2109//2109 2107//2107
f 2298//2298 2109//2109 2295//2295
f 2110//2110 2299//2299 2296//2296
f 2110//2110 2296//2296 2108//2108
f 2297//2297 2296//2296 2300//2300
f 2300//2300 2296//2296 2299//2299
f 2298//2298 2111//2111 2109//2109
f 2301//2301 2111//2111 2298//2298
f 2303//2303 2302//2302 2299//2299
f 2110//2110 2303//2303 2299//2299
f 2112//2112 2303//2303 2110//2110
f 2299//2299 2302//2302 2300//2300
f 2301//2301 2113//2113 2111//2111
f 2304//2304 2113//2113 2301//2301
f 2114//2114 2303//2303 2112//2112
f 2114//2114 2305//2305 2303//2303
f 2304//2304 2115//2115 2113//2113
f 2306//2306 2115//2115 2304//2304
f 2116//2116 2305//2305 2114//2114
f 2116//2116 2307//2307 2305//2305
f 2306//2306 2117//2117 2115//2115
f 2308//2308 2117//2117 2306//2306
f 2118//2118 2307//2307 2116//2116
f 2118//2118 2309//2309 2307//2307
f 2308//2308 2119//2119 2117//2117
f 2310//2310 2119//2119 2308//2308
f 2120//2120 2309//2309 2118//2118
f 2120//2120 2311//2311 2309//2309
f 2310//2310 2121//2121 2119//2119
f 2312//2312 2121//2121 2310//2310
f 2122//2122 2311//2311 2120//2120
f 2122//2122 2313//2313 2311//2311
f 2312//2312 2123//2123 2121//2121
f 2314//2314 2123//2123 2312//2312
f 2124//2124 2313//2313 2122//2122
f 2124//2124 2315//2315 2313//2313
f 2314//2314 2125//2125 2123//2123
f 2316//2316 2125//2125 2314//2314
f 2126//2126 2315//2315 2124//2124
f 2126//2126 2317//2317 2315//2315
f 2316//2316 2127//2127 2125//2125
f 2318//2318 2127//2127 2316//2316
f 2128//2128 2317//2317 2126//2126
f 2128//2128 2319//2319 2317//2317
f 2318//2318 2129//2129 2127//2127
f 2320//2320 2129//2129 2318//2318
f 2130//2130 2319//2319 2128//2128
f 2130//2130 2321//2321 2319//2319
f 2320//2320 2131//2131 2129//2129
f 2322//2322 2131//2131 2320//2320
f 2132//2132 2321//2321 2130//2130
f 2132//2132 2323//2323 2321//2321
f 2322//2322 2133//2133 2131//2131
f 2324//2324 2133//2133 2322//2322
f 2134//2134 2323//2323 2132//2132
f 2134//2134 2325//2325 2323//2323
f 2324//2324 2135//2135 2133//2133
f 2326//2326 2135//2135 2324//2324
f 2136//2136 2325//2325 2134//2134
f 2136//2136 2327//2327 2325//2325
f 2326//2326 2137//2137 2135//2135
f 2328//2328 2137//2137 2326//2326
f 2138//2138 2327//2327 2136//2136
f 2138//2138 2329//2329 2327//2327
f 2328//2328 2139//2139 2137//2137
f 2330//2330 2139//2139 2328//2328
f 2140//2140 2329//2329 2138//2138
f 2140//2140 2331//2331 2329//2329
f 2330//2330 2141//2141 2139//2139
f 2332//2332 2141//2141 2330//2330
f 2142//2142 2331//2331 2140//2140
f 2142//2142 2333//2333 2331//2331
f 2332//2332 2143//2143 2141//2141
f 2334//2334 2143//2143 2332//2332
f 2335//2335 2333//2333 2142//2142
f 2335//2335 2142//2142 2144//2144
f 2336//2336 2144//2144 2145//2145
f 2336//2336 2335//2335 2144//2144
f 2338//2338 2337//2337 2147//2147
f 2337//2337 2145//2145 2147//2147
f 2337//2337 2336//2336 2145//2145
f 2338//2338 2339//2339 2337//2337
f 2341//2341 2340//2340 2150//2150
f 2150//2150 2340//2340 2149//2149
f 2342//2342 2150//2150 2151//2151
f 2342//2342 2341//2341 2150//2150
f 2151//2151 2143//2143 2334//2334
f 2151//2151 2334//2334 2342//2342
f 2152//2152 2338//2338 2147//2147
f 2343//2343 2339//2339 2338//2338
f 2152//2152 2343//2343 2338//2338
f 2153//2153 2343//2343 2152//2152
f 2344//2344 2153//2153 2154//2154
f 2344//2344 2343//2343 2153//2153
f 2345//2345 2154//2154 2155//2155
f 2345//2345 2344//2344 2154//2154
f 2155//2155 2149//2149 2340//2340
f 2155//2155 2340//2340 2345//2345
f 2215//2215 2346//2346 2216//2216
f 2347//2347 2217//2217 2216//2216
f 2347//2347 2216//2216 2346//2346
f 2347//2347 2219//2219 2217//2217
f 2223//2223 2348//2348 2346//2346
f 2223//2223 2346//2346 2215//2215
f 2346//2346 2349//2349 2347//2347
f 2346//2346 2348//2348 2349//2349
f 2349//2349 2225//2225 2219//2219
f 2349//2349 2219//2219 2347//2347
f 2229//2229 2350//2350 2348//2348
f 2229//2229 2348//2348 2223//2223
f 2348//2348 2351//2351 2349//2349
f 2348//2348 2350//2350 2351//2351
f 2352//2352 2230//2230 2225//2225
f 2349//2349 2352//2352 2225//2225
f 2351//2351 2352//2352 2349//2349
f 2352//2352 2232//2232 2230//2230
f 2234//2234 2353//2353 2235//2235
f 2350//2350 2229//2229 2235//2235
f 2353//2353 2350//2350 2235//2235
f 2354//2354 2350//2350 2353//2353
f 2350//2350 2355//2355 2351//2351
f 2350//2350 2354//2354 2355//2355
f 2351//2351 2356//2356 2352//2352
f 2351//2351 2355//2355 2356//2356
f 2356//2356 2237//2237 2232//2232
f 2356//2356 2232//2232 2352//2352
f 2239//2239 2357//2357 2353//2353
f 2239//2239 2353//2353 2234//2234
f 2353//2353 2358//2358 2354//2354
f 2353//2353 2357//2357 2358//2358
f 2354//2354 2359//2359 2355//2355
f 2354//2354 2358//2358 2359//2359
f 2355//2355 2360//2360 2356//2356
f 2355//2355 2359//2359 2360//2360
f 2360//2360 2241//2241 2237//2237
f 2360//2360 2237//2237 2356//2356
f 2243//2243 2361//2361 2357//2357
f 2243//2243 2357//2357 2239//2239
f 2357//2357 2362//2362 2358//2358
f 2357//2357 2361//2361 2362//2362
f 2358//2358 2363//2363 2359//2359
f 2358//2358 2362//2362 2363//2363
f 2359//2359 2364//2364 2360//2360
f 2359//2359 2363//2363 2364//2364
f 2364//2364 2245//2245 2241//2241
f 2364//2364 2241//2241 2360//2360
f 2247//2247 2365//2365 2361//2361
f 2247//2247 2361//2361 2243//2243
f 2361//2361 2366//2366 2362//2362
f 2361//2361 2365//2365 2366//2366
f 2362//2362 2367//2367 2363//2363
f 2362//2362 2366//2366 2367//2367
f 2363//2363 2368//2368 2364//2364
f 2363//2363 2367//2367 2368//2368
f 2369//2369 2248//2248 2245//2245
f 2364//2364 2369//2369 2245//2245
f 2368//2368 2369//2369 2364//2364
f 2369//2369 2250//2250 2248//2248
f 2252//2252 2370//2370 2365//2365
f 2252//2252 2365//2365 2247//2247
f 2365//2365 2371//2371 2366//2366
f 2365//2365 2370//2370 2371//2371
f 2366//2366 2372//2372 2367//2367
f 2366//2366 2371//2371 2372//2372
f 2367//2367 2373//2373 2368//2368
f 2367//2367 2372//2372 2373//2373
f 2368//2368 2374//2374 2369//2369
f 2368//2368 2373//2373 2374//2374
f 2374//2374 2254//2254 2250//2250
f 2374//2374 2250//2250 2369//2369
f 2256//2256 2375//2375 2255//2255
f 2370//2370 2252//2252 2255//2255
f 2375//2375 2370//2370 2255//2255
f 2376//2376 2370//2370 2375//2375
f 2370//2370 2377//2377 2371//2371
f 2370//2370 2376//2376 2377//2377
f 2371//2371 2378//2378 2372//2372
f 2371//2371 2377//2377 2378//2378
f 2372//2372 2379//2379 2373//2373
f 2372//2372 2378//2378 2379//2379
f 2373//2373 2380//2380 2374//2374
f 2373//2373 2379//2379 2380//2380
f 2380//2380 2258//2258 2254//2254
f 2380//2380 2254//2254 2374//2374
f 2259//2259 2381//2381 2375//2375
f 2259//2259 2375//2375 2256//2256
f 2375//2375 2382//2382 2376//2376
f 2375//2375 2381//2381 2382//2382
f 2376//2376 2383//2383 2377//2377
f 2376//2376 2382//2382 2383//2383
f 2385//2385 2378//2378 2384//2384
f 2378//2378 2383//2383 2384//2384
f 2378//2378 2377//2377 2383//2383
f 2387//2387 2386//2386 2385//2385
f 2386//2386 2378//2378 2385//2385
f 2386//2386 2379//2379 2378//2378
f 2379//2379 2388//2388 2380//2380
f 2379//2379 2386//2386 2388//2388
f 2388//2388 2261//2261 2258//2258
f 2388//2388 2258//2258 2380//2380
f 2263//2263 2389//2389 2381//2381
f 2263//2263 2381//2381 2259//2259
f 2381//2381 2390//2390 2382//2382
f 2381//2381 2389//2389 2390//2390
f 2392//2392 2383//2383 2391//2391
f 2383//2383 2390//2390 2391//2391
f 2383//2383 2382//2382 2390//2390
f 2383//2383 2392//2392 2384//2384
f 2386//2386 2387//2387 2393//2393
f 2393//2393 2387//2387 2394//2394
f 2386//2386 2395//2395 2388//2388
f 2386//2386 2393//2393 2395//2395
f 2395//2395 2265//2265 2261//2261
f 2395//2395 2261//2261 2388//2388
f 2267//2267 2396//2396 2389//2389
f 2267//2267 2389//2389 2263//2263
f 2389//2389 2397//2397 2390//2390
f 2389//2389 2396//2396 2397//2397
f 2391//2391 2390//2390 2398//2398
f 2398//2398 2390//2390 2397//2397
f 2393//2393 2394//2394 2399//2399
f 2399//2399 2394//2394 2400//2400
f 2393//2393 2401//2401 2395//2395
f 2393//2393 2399//2399 2401//2401
f 2401//2401 2269//2269 2265//2265
f 2401//2401 2265//2265 2395//2395
f 2271//2271 2402//2402 2396//2396
f 2271//2271 2396//2396 2267//2267
f 2396//2396 2403//2403 2397//2397
f 2396//2396 2402//2402 2403//2403
f 2398//2398 2397//2397 2404//2404
f 2404//2404 2397//2397 2403//2403
f 2400//2400 2405//2405 2399//2399
f 2407//2407 2406//2406 2405//2405
f 2406//2406 2399//2399 2405//2405
f 2406//2406 2401//2401 2399//2399
f 2406//2406 2273//2273 2269//2269
f 2406//2406 2269//2269 2401//2401
f 2275//2275 2408//2408 2402//2402
f 2275//2275 2402//2402 2271//2271
f 2410//2410 2403//2403 2409//2409
f 2403//2403 2408//2408 2409//2409
f 2403//2403 2402//2402 2408//2408
f 2403//2403 2410//2410 2404//2404
f 2406//2406 2407//2407 2411//2411
f 2411//2411 2407//2407 2412//2412
f 2411//2411 2277//2277 2273//2273
f 2411//2411 2273//2273 2406//2406
f 2279//2279 2413//2413 2408//2408
f 2279//2279 2408//2408 2275//2275
f 2409//2409 2408//2408 2414//2414
f 2414//2414 2408//2408 2413//2413
f 2411//2411 2412//2412 2415//2415
f 2415//2415 2412//2412 2416//2416
f 2415//2415 2281//2281 2277//2277
f 2415//2415 2277//2277 2411//2411
f 2283//2283 2417//2417 2413//2413
f 2283//2283 2413//2413 2279//2279
f 2414//2414 2413//2413 2418//2418
f 2418//2418 2413//2413 2417//2417
f 2415//2415 2416//2416 2419//2419
f 2419//2419 2416//2416 2420//2420
f 2419//2419 2285//2285 2281//2281
f 2419//2419 2281//2281 2415//2415
f 2287//2287 2421//2421 2417//2417
f 2287//2287 2417//2417 2283//2283
f 2418//2418 2417//2417 2422//2422
f 2422//2422 2417//2417 2421//2421
f 2419//2419 2420//2420 2423//2423
f 2423//2423 2420//2420 2424//2424
f 2425//2425 2288//2288 2285//2285
f 2419//2419 2425//2425 2285//2285
f 2423//2423 2425//2425 2419//2419
f 2425//2425 2289//2289 2288//2288
f 2291//2291 2426//2426 2421//2421
f 2291//2291 2421//2421 2287//2287
f 2422//2422 2421//2421 2427//2427
f 2427//2427 2421//2421 2426//2426
f 2424//2424 2428//2428 2423//2423
f 2430//2430 2429//2429 2428//2428
f 2429//2429 2423//2423 2428//2428
f 2429//2429 2425//2425 2423//2423
f 2429//2429 2292//2292 2289//2289
f 2429//2429 2289//2289 2425//2425
f 2294//2294 2431//2431 2426//2426
f 2294//2294 2426//2426 2291//2291
f 2427//2427 2426//2426 2432//2432
f 2432//2432 2426//2426 2431//2431
f 2429//2429 2430//2430 2433//2433
f 2433//2433 2430//2430 2434//2434
f 2433//2433 2295//2295 2292//2292
f 2433//2433 2292//2292 2429//2429
f 2297//2297 2435//2435 2431//2431
f 2297//2297 2431//2431 2294//2294
f 2432//2432 2431//2431 2436//2436
f 2436//2436 2431//2431 2435//2435
f 2433//2433 2434//2434 2437//2437
f 2437//2437 2434//2434 2438//2438
f 2437//2437 2298//2298 2295//2295
f 2437//2437 2295//2295 2433//2433
f 2440//2440 2439//2439 2435//2435
f 2297//2297 2440//2440 2435//2435
f 2300//2300 2440//2440 2297//2297
f 2435//2435 2439//2439 2436//2436
f 2437//2437 2438//2438 2441//2441
f 2441//2441 2438//2438 2442//2442
f 2441//2441 2301//2301 2298//2298
f 2441//2441 2298//2298 2437//2437
f 2303//2303 2443//2443 2302//2302
f 2443//2443 2444//2444 2302//2302
f 2444//2444 2300//2300 2302//2302
f 2444//2444 2440//2440 2300//2300
f 2441//2441 2442//2442 2445//2445
f 2445//2445 2442//2442 2446//2446
f 2445//2445 2304//2304 2301//2301
f 2445//2445 2301//2301 2441//2441
f 2305//2305 2447//2447 2443//2443
f 2305//2305 2443//2443 2303//2303
f 2444//2444 2443//2443 2448//2448
f 2448//2448 2443//2443 2447//2447
f 2445//2445 2446//2446 2449//2449
f 2449//2449 2446//2446 2450//2450
f 2449//2449 2306//2306 2304//2304
f 2449//2449 2304//2304 2445//2445
f 2307//2307 2451//2451 2447//2447
f 2307//2307 2447//2447 2305//2305
f 2448//2448 2447//2447 2452//2452
f 2452//2452 2447//2447 2451//2451
f 2449//2449 2450//2450 2453//2453
f 2453//2453 2450//2450 2454//2454
f 2453//2453 2308//2308 2306//2306
f 2453//2453 2306//2306 2449//2449
f 2309//2309 2455//2455 2451//2451
f 2309//2309 2451//2451 2307//2307
f 2452//2452 2451//2451 2456//2456
f 2456//2456 2451//2451 2455//2455
f 2453//2453 2454//2454 2457//2457
f 2457//2457 2454//2454 2458//2458
f 2457//2457 2310//2310 2308//2308
f 2457//2457 2308//2308 2453//2453
f 2311//2311 2459//2459 2455//2455
f 2311//2311 2455//2455 2309//2309
f 2456//2456 2455//2455 2460//2460
f 2460//2460 2455//2455 2459//2459
f 2457//2457 2458//2458 2461//2461
f 2461//2461 2458//2458 2462//2462
f 2461//2461 2312//2312 2310//2310
f 2461//2461 2310//2310 2457//2457
f 2313//2313 2463//2463 2459//2459
f 2313//2313 2459//2459 2311//2311
f 2460//2460 2459//2459 2464//2464
f 2464//2464 2459//2459 2463//2463
f 2461//2461 2462//2462 2465//2465
f 2465//2465 2462//2462 2466//2466
f 2465//2465 2314//2314 2312//2312
f 2465//2465 2312//2312 2461//2461
f 2315//2315 2467//2467 2463//2463
f 2315//2315 2463//2463 2313//2313
f 2464//2464 2463//2463 2468//2468
f 2468//2468 2463//2463 2467//2467
f 2466//2466 2469//2469 2465//2465
f 2314//2314 2465//2465 2469//2469
f 2470//2470 2314//2314 2469//2469
f 2316//2316 2314//2314 2470//2470
f 2317//2317 2471//2471 2467//2467
f 2317//2317 2467//2467 2315//2315
f 2468//2468 2467//2467 2472//2472
f 2472//2472 2467//2467 2471//2471
f 2470//2470 2318//2318 2316//2316
f 2473//2473 2318//2318 2470//2470
f 2319//2319 2474//2474 2471//2471
f 2319//2319 2471//2471 2317//2317
f 2472//2472 2471//2471 2475//2475
f 2475//2475 2471//2471 2474//2474
f 2473//2473 2320//2320 2318//2318
f 2476//2476 2320//2320 2473//2473
f 2321//2321 2477//2477 2474//2474
f 2321//2321 2474//2474 2319//2319
f 2475//2475 2474//2474 2478//2478
f 2478//2478 2474//2474 2477//2477
f 2476//2476 2322//2322 2320//2320
f 2479//2479 2322//2322 2476//2476
f 2323//2323 2480//2480 2477//2477
f 2323//2323 2477//2477 2321//2321
f 2478//2478 2477//2477 2481//2481
f 2481//2481 2477//2477 2480//2480
f 2479//2479 2324//2324 2322//2322
f 2482//2482 2324//2324 2479//2479
f 2484//2484 2483//2483 2480//2480
f 2323//2323 2484//2484 2480//2480
f 2325//2325 2484//2484 2323//2323
f 2480//2480 2483//2483 2481//2481
f 2482//2482 2326//2326 2324//2324
f 2485//2485 2326//2326 2482//2482
f 2327//2327 2484//2484 2325//2325
f 2327//2327 2486//2486 2484//2484
f 2485//2485 2328//2328 2326//2326
f 2487//2487 2328//2328 2485//2485
f 2329//2329 2486//2486 2327//2327
f 2329//2329 2488//2488 2486//2486
f 2487//2487 2330//2330 2328//2328
f 2489//2489 2330//2330 2487//2487
f 2331//2331 2488//2488 2329//2329
f 2331//2331 2490//2490 2488//2488
f 2489//2489 2332//2332 2330//2330
f 2491//2491 2332//2332 2489//2489
f 2333//2333 2490//2490 2331//2331
f 2333//2333 2492//2492 2490//2490
f 2491//2491 2334//2334 2332//2332
f 2493//2493 2334//2334 2491//2491
f 2494//2494 2492//2492 2333//2333
f 2494//2494 2333//2333 2335//2335
f 2495//2495 2335//2335 2336//2336
f 2495//2495 2494//2494 2335//2335
f 2496//2496 2336//2336 2337//2337
f 2496//2496 2495//2495 2336//2336
f 2498//2498 2497//2497 2339//2339
f 2497//2497 2337//2337 2339//2339
f 2497//2497 2496//2496 2337//2337
f 2500//2500 2499//2499 2498//2498
f 2498//2498 2499//2499 2497//2497
f 2502//2502 2501//2501 2500//2500
f 2500//2500 2501//2501 2499//2499
f 2340//2340 2341//2341 2502//2502
f 2341//2341 2501//2501 2502//2502
f 2341//2341 2503//2503 2501//2501
f 2504//2504 2341//2341 2342//2342
f 2504//2504 2503//2503 2341//2341
f 2342//2342 2334//2334 2493//2493
f 2342//2342 2493//2493 2504//2504
f 2343//2343 2498//2498 2339//2339
f 2498//2498 2343//2343 2344//2344
f 2498//2498 2344//2344 2500//2500
f 2500//2500 2344//2344 2345//2345
f 2500//2500 2345//2345 2502//2502
f 2502//2502 2345//2345 2340//2340
f 2384//2384 2505//2505 2385//2385
f 2505//2505 2387//2387 2385//2385
f 2391//2391 2506//2506 2392//2392
f 2505//2505 2384//2384 2392//2392
f 2506//2506 2505//2505 2392//2392
f 2507//2507 2505//2505 2506//2506
f 2507//2507 2394//2394 2387//2387
f 2507//2507 2387//2387 2505//2505
f 2398//2398 2508//2508 2506//2506
f 2398//2398 2506//2506 2391//2391
f 2506//2506 2509//2509 2507//2507
f 2506//2506 2508//2508 2509//2509
f 2509//2509 2400//2400 2394//2394
f 2509//2509 2394//2394 2507//2507
f 2404//2404 2510//2510 2508//2508
f 2404//2404 2508//2508 2398//2398
f 2508//2508 2511//2511 2509//2509
f 2508//2508 2510//2510 2511//2511
f 2512//2512 2405//2405 2400//2400
f 2509//2509 2512//2512 2400//2400
f 2511//2511 2512//2512 2509//2509
f 2512//2512 2407//2407 2405//2405
f 2409//2409 2513//2513 2410//2410
f 2510//2510 2404//2404 2410//2410
f 2513//2513 2510//2510 2410//2410
f 2514//2514 2510//2510 2513//2513
f 2510//2510 2515//2515 2511//2511
f 2510//2510 2514//2514 2515//2515
f 2511//2511 2516//2516 2512//2512
f 2511//2511 2515//2515 2516//2516
f 2516//2516 2412//2412 2407//2407
f 2516//2516 2407//2407 2512//2512
f 2414//2414 2517//2517 2513//2513
f 2414//2414 2513//2513 2409//2409
f 2513//2513 2518//2518 2514//2514
f 2513//2513 2517//2517 2518//2518
f 2514//2514 2519//2519 2515//2515
f 2514//2514 2518//2518 2519//2519
f 2515//2515 2520//2520 2516//2516
f 2515//2515 2519//2519 2520//2520
f 2520//2520 2416//2416 2412//2412
f 2520//2520 2412//2412 2516//2516
f 2418//2418 2521//2521 2517//2517
f 2418//2418 2517//2517 2414//2414
f 2517//2517 2522//2522 2518//2518
f 2517//2517 2521//2521 2522//2522
f 2518//2518 2523//2523 2519//2519
f 2518//2518 2522//2522 2523//2523
f 2519//2519 2524//2524 2520//2520
f 2519//2519 2523//2523 2524//2524
f 2524//2524 2420//2420 2416//2416
f 2524//2524 2416//2416 2520//2520
f 2422//2422 2525//2525 2521//2521
f 2422//2422 2521//2521 2418//2418
f 2521//2521 2526//2526 2522//2522
f 2521//2521 2525//2525 2526//2526
f 2522//2522 2527//2527 2523//2523
f 2522//2522 2526//2526 2527//2527
f 2523//2523 2528//2528 2524//2524
f 2523//2523 2527//2527 2528//2528
f 2528//2528 2424//2424 2420//2420
f 2528//2528 2420//2420 2524//2524
f 2427//2427 2529//2529 2525//2525
f 2427//2427 2525//2525 2422//2422
f 2525//2525 2530//2530 2526//2526
f 2525//2525 2529//2529 2530//2530
f 2526//2526 2531//2531 2527//2527
f 2526//2526 2530//2530 2531//2531
f 2527//2527 2532//2532 2528//2528
f 2527//2527 2531//2531 2532//2532
f 2533//2533 2428//2428 2424//2424
f 2528//2528 2533//2533 2424//2424
f 2532//2532 2533//2533 2528//2528
f 2533//2533 2430//2430 2428//2428
f 2432//2432 2534//2534 2529//2529
f 2432//2432 2529//2529 2427//2427
f 2529//2529 2535//2535 2530//2530
f 2529//2529 2534//2534 2535//2535
f 2530//2530 2536//2536 2531//2531
f 2530//2530 2535//2535 2536//2536
f 2531//2531 2537//2537 2532//2532
f 2531//2531 2536//2536 2537//2537
f 2532//2532 2538//2538 2533//2533
f 2532//2532 2537//2537 2538//2538
f 2538//2538 2434//2434 2430//2430
f 2538//2538 2430//2430 2533//2533
f 2436//2436 2539//2539 2534//2534
f 2436//2436 2534//2534 2432//2432
f 2534//2534 2540//2540 2535//2535
f 2534//2534 2539//2539 2540//2540
f 2535//2535 2541//2541 2536//2536
f 2535//2535 2540//2540 2541//2541
f 2536//2536 2542//2542 2537//2537
f 2536//2536 2541//2541 2542//2542
f 2537//2537 2543//2543 2538//2538
f 2537//2537 2542//2542 2543//2543
f 2543//2543 2438//2438 2434//2434
f 2543//2543 2434//2434 2538//2538
f 2440//2440 2544//2544 2439//2439
f 2539//2539 2436//2436 2439//2439
f 2544//2544 2539//2539 2439//2439
f 2545//2545 2539//2539 2544//2544
f 2539//2539 2546//2546 2540//2540
f 2539//2539 2545//2545 2546//2546
f 2540//2540 2547//2547 2541//2541
f 2540//2540 2546//2546 2547//2547
f 2541//2541 2548//2548 2542//2542
f 2541//2541 2547//2547 2548//2548
f 2542//2542 2549//2549 2543//2543
f 2542//2542 2548//2548 2549//2549
f 2549//2549 2442//2442 2438//2438
f 2549//2549 2438//2438 2543//2543
f 2444//2444 2550//2550 2544//2544
f 2444//2444 2544//2544 2440//2440
f 2544//2544 2551//2551 2545//2545
f 2544//2544 2550//2550 2551//2551
f 2545//2545 2552//2552 2546//2546
f 2545//2545 2551//2551 2552//2552
f 2554//2554 2547//2547 2553//2553
f 2547//2547 2552//2552 2553//2553
f 2547//2547 2546//2546 2552//2552
f 2556//2556 2555//2555 2554//2554
f 2555//2555 2547//2547 2554//2554
f 2555//2555 2548//2548 2547//2547
f 2548//2548 2557//2557 2549//2549
f 2548//2548 2555//2555 2557//2557
f 2557//2557 2446//2446 2442//2442
f 2557//2557 2442//2442 2549//2549
f 2448//2448 2558//2558 2550//2550
f 2448//2448 2550//2550 2444//2444
f 2550//2550 2559//2559 2551//2551
f 2550//2550 2558//2558 2559//2559
f 2561//2561 2552//2552 2560//2560
f 2552//2552 2559//2559 2560//2560
f 2552//2552 2551//2551 2559//2559
f 2552//2552 2561//2561 2553//2553
f 2555//2555 2556//2556 2562//2562
f 2562//2562 2556//2556 2563//2563
f 2555//2555 2564//2564 2557//2557
f 2555//2555 2562//2562 2564//2564
f 2564//2564 2450//2450 2446//2446
f 2564//2564 2446//2446 2557//2557
f 2452//2452 2565//2565 2558//2558
f 2452//2452 2558//2558 2448//2448
f 2558//2558 2566//2566 2559//2559
f 2558//2558 2565//2565 2566//2566
f 2560//2560 2559//2559 2567//2567
f 2567//2567 2559//2559 2566//2566
f 2562//2562 2563//2563 2568//2568
f 2568//2568 2563//2563 2569//2569
f 2562//2562 2570//2570 2564//2564
f 2562//2562 2568//2568 2570//2570
f 2570//2570 2454//2454 2450//2450
f 2570//2570 2450//2450 2564//2564
f 2456//2456 2571//2571 2565//2565
f 2456//2456 2565//2565 2452//2452
f 2565//2565 2572//2572 2566//2566
f 2565//2565 2571//2571 2572//2572
f 2567//2567 2566//2566 2573//2573
f 2573//2573 2566//2566 2572//2572
f 2569//2569 2574//2574 2568//2568
f 2576//2576 2575//2575 2574//2574
f 2575//2575 2568//2568 2574//2574
f 2575//2575 2570//2570 2568//2568
f 2575//2575 2458//2458 2454//2454
f 2575//2575 2454//2454 2570//2570
f 2460//2460 2577//2577 2571//2571
f 2460//2460 2571//2571 2456//2456
f 2579//2579 2572//2572 2578//2578
f 2572//2572 2577//2577 2578//2578
f 2572//2572 2571//2571 2577//2577
f 2572//2572 2579//2579 2573//2573
f 2575//2575 2576//2576 2580//2580
f 2580//2580 2576//2576 2581//2581
f 2580//2580 2462//2462 2458//2458
f 2580//2580 2458//2458 2575//2575
f 2464//2464 2582//2582 2577//2577
f 2464//2464 2577//2577 2460//2460
f 2578//2578 2577//2577 2583//2583
f 2583//2583 2577//2577 2582//2582
f 2580//2580 2581//2581 2584//2584
f 2584//2584 2581//2581 2585//2585
f 2584//2584 2466//2466 2462//2462
f 2584//2584 2462//2462 2580//2580
f 2468//2468 2586//2586 2582//2582
f 2468//2468 2582//2582 2464//2464
f 2583//2583 2582//2582 2587//2587
f 2587//2587 2582//2582 2586//2586
f 2584//2584 2585//2585 2588//2588
f 2588//2588 2585//2585 2589//2589
f 2590//2590 2469//2469 2466//2466
f 2584//2584 2590//2590 2466//2466
f 2588//2588 2590//2590 2584//2584
f 2590//2590 2470//2470 2469//2469
f 2472//2472 2591//2591 2586//2586
f 2472//2472 2586//2586 2468//2468
f 2587//2587 2586//2586 2592//2592
f 2592//2592 2586//2586 2591//2591
f 2588//2588 2589//2589 2593//2593
f 2593//2593 2589//2589 2594//2594
f 2588//2588 2595//2595 2590//2590
f 2588//2588 2593//2593 2595//2595
f 2595//2595 2473//2473 2470//2470
f 2595//2595 2470//2470 2590//2590
f 2475//2475 2596//2596 2591//2591
f 2475//2475 2591//2591 2472//2472
f 2592//2592 2591//2591 2597//2597
f 2597//2597 2591//2591 2596//2596
f 2594//2594 2598//2598 2593//2593
f 2600//2600 2599//2599 2598//2598
f 2599//2599 2593//2593 2598//2598
f 2599//2599 2595//2595 2593//2593
f 2599//2599 2476//2476 2473//2473
f 2599//2599 2473//2473 2595//2595
f 2478//2478 2601//2601 2596//2596
f 2478//2478 2596//2596 2475//2475
f 2597//2597 2596//2596 2602//2602
f 2602//2602 2596//2596 2601//2601
f 2599//2599 2600//2600 2603//2603
f 2603//2603 2600//2600 2604//2604
f 2603//2603 2479//2479 2476//2476
f 2603//2603 2476//2476 2599//2599
f 2481//2481 2605//2605 2601//2601
f 2481//2481 2601//2601 2478//2478
f 2602//2602 2601//2601 2606//2606
f 2606//2606 2601//2601 2605//2605
f 2603//2603 2604//2604 2607//2607
f 2607//2607 2604//2604 2608//2608
f 2607//2607 2482//2482 2479//2479
f 2607//2607 2479//2479 2603//2603
f 2484//2484 2609//2609 2483//2483
f 2609//2609 2610//2610 2483//2483
f 2483//2483 2610//2610 2481//2481
f 2610//2610 2611//2611 2481//2481
f 2611//2611 2605//2605 2481//2481
f 2605//2605 2611//2611 2606//2606
f 2607//2607 2608//2608 2612//2612
f 2612//2612 2608//2608 2613//2613
f 2612//2612 2485//2485 2482//2482
f 2612//2612 2482//2482 2607//2607
f 2486//2486 2614//2614 2609//2609
f 2486//2486 2609//2609 2484//2484
f 2610//2610 2609//2609 2615//2615
f 2615//2615 2609//2609 2614//2614
f 2612//2612 2613//2613 2616//2616
f 2616//2616 2613//2613 2617//2617
f 2616//2616 2487//2487 2485//2485
f 2616//2616 2485//2485 2612//2612
f 2488//2488 2618//2618 2614//2614
f 2488//2488 2614//2614 2486//2486
f 2615//2615 2614//2614 2619//2619
f 2619//2619 2614//2614 2618//2618
f 2616//2616 2617//2617 2620//2620
f 2620//2620 2617//2617 2621//2621
f 2620//2620 2489//2489 2487//2487
f 2620//2620 2487//2487 2616//2616
f 2490//2490 2622//2622 2618//2618
f 2490//2490 2618//2618 2488//2488
f 2619//2619 2618//2618 2623//2623
f 2623//2623 2618//2618 2622//2622
f 2620//2620 2621//2621 2624//2624
f 2624//2624 2621//2621 2625//2625
f 2624//2624 2491//2491 2489//2489
f 2624//2624 2489//2489 2620//2620
f 2492//2492 2626//2626 2622//2622
f 2492//2492 2622//2622 2490//2490
f 2623//2623 2622//2622 2627//2627
f 2627//2627 2622//2622 2626//2626
f 2624//2624 2625//2625 2628//2628
f 2628//2628 2625//2625 2629//2629
f 2628//2628 2493//2493 2491//2491
f 2628//2628 2491//2491 2624//2624
f 2494//2494 2626//2626 2492//2492
f 2630//2630 2627//2627 2626//2626
f 2494//2494 2630//2630 2626//2626
f 2495//2495 2630//2630 2494//2494
f 2631//2631 2495//2495 2496//2496
f 2631//2631 2630//2630 2495//2495
f 2632//2632 2496//2496 2497//2497
f 2632//2632 2631//2631 2496//2496
f 2633//2633 2497//2497 2499//2499
f 2633//2633 2632//2632 2497//2497
f 2634//2634 2499//2499 2501//2501
f 2634//2634 2633//2633 2499//2499
f 2635//2635 2501//2501 2503//2503
f 2635//2635 2634//2634 2501//2501
f 2504//2504 2628//2628 2629//2629
f 2635//2635 2504//2504 2629//2629
f 2503//2503 2504//2504 2635//2635
f 2628//2628 2504//2504 2493//2493
f 2553//2553 2636//2636 2554//2554
f 2636//2636 2556//2556 2554//2554
f 2560//2560 2637//2637 2561//2561
f 2636//2636 2553//2553 2561//2561
f 2637//2637 2636//2636 2561//2561
f 2638//2638 2636//2636 2637//2637
f 2638//2638 2563//2563 2556//2556
f 2638//2638 2556//2556 2636//2636
f 2567//2567 2639//2639 2637//2637
f 2567//2567 2637//2637 2560//2560
f 2637//2637 2640//2640 2638//2638
f 2637//2637 2639//2639 2640//2640
f 2640//2640 2569//2569 2563//2563
f 2640//2640 2563//2563 2638//2638
f 2573//2573 2641//2641 2639//2639
f 2573//2573 2639//2639 2567//2567
f 2639//2639 2642//2642 2640//2640
f 2639//2639 2641//2641 2642//2642
f 2643//2643 2574//2574 2569//2569
f 2640//2640 2643//2643 2569//2569
f 2642//2642 2643//2643 2640//2640
f 2643//2643 2576//2576 2574//2574
f 2578//2578 2644//2644 2579//2579
f 2641//2641 2573//2573 2579//2579
f 2644//2644 2641//2641 2579//2579
f 2645//2645 2641//2641 2644//2644
f 2641//2641 2646//2646 2642//2642
f 2641//2641 2645//2645 2646//2646
f 2642//2642 2647//2647 2643//2643
f 2642//2642 2646//2646 2647//2647
f 2647//2647 2581//2581 2576//2576
f 2647//2647 2576//2576 2643//2643
f 2583//2583 2648//2648 2644//2644
f 2583//2583 2644//2644 2578//2578
f 2644//2644 2649//2649 2645//2645
f 2644//2644 2648//2648 2649//2649
f 2645//2645 2650//2650 2646//2646
f 2645//2645 2649//2649 2650//2650
f 2646//2646 2651//2651 2647//2647
f 2646//2646 2650//2650 2651//2651
f 2651//2651 2585//2585 2581//2581
f 2651//2651 2581//2581 2647//2647
f 2587//2587 2652//2652 2648//2648
f 2587//2587 2648//2648 2583//2583
f 2648//2648 2653//2653 2649//2649
f 2648//2648 2652//2652 2653//2653
f 2649//2649 2654//2654 2650//2650
f 2649//2649 2653//2653 2654//2654
f 2650//2650 2655//2655 2651//2651
f 2650//2650 2654//2654 2655//2655
f 2655//2655 2589//2589 2585//2585
f 2655//2655 2585//2585 2651//2651
f 2592//2592 2656//2656 2652//2652
f 2592//2592 2652//2652 2587//2587
f 2652//2652 2657//2657 2653//2653
f 2652//2652 2656//2656 2657//2657
f 2653//2653 2658//2658 2654//2654
f 2653//2653 2657//2657 2658//2658
f 2654//2654 2659//2659 2655//2655
f 2654//2654 2658//2658 2659//2659
f 2659//2659 2594//2594 2589//2589
f 2659//2659 2589//2589 2655//2655
f 2597//2597 2660//2660 2656//2656
f 2597//2597 2656//2656 2592//2592
f 2656//2656 2661//2661 2657//2657
f 2656//2656 2660//2660 2661//2661
f 2657//2657 2662//2662 2658//2658
f 2657//2657 2661//2661 2662//2662
f 2658//2658 2663//2663 2659//2659
f 2658//2658 2662//2662 2663//2663
f 2664//2664 2598//2598 2594//2594
f 2659//2659 2664//2664 2594//2594
f 2663//2663 2664//2664 2659//2659
f 2664//2664 2600//2600 2598//2598
f 2602//2602 2665//2665 2660//2660
f 2602//2602 2660//2660 2597//2597
f 2660//2660 2666//2666 2661//2661
f 2660//2660 2665//2665 2666//2666
f 2661//2661 2667//2667 2662//2662
f 2661//2661 2666//2666 2667//2667
f 2662//2662 2668//2668 2663//2663
f 2662//2662 2667//2667 2668//2668
f 2663//2663 2669//2669 2664//2664
f 2663//2663 2668//2668 2669//2669
f 2669//2669 2604//2604 2600//2600
f 2669//2669 2600//2600 2664//2664
f 2606//2606 2670//2670 2665//2665
f 2606//2606 2665//2665 2602//2602
f 2665//2665 2671//2671 2666//2666
f 2665//2665 2670//2670 2671//2671
f 2666//2666 2672//2672 2667//2667
f 2666//2666 2671//2671 2672//2672
f 2667//2667 2673//2673 2668//2668
f 2667//2667 2672//2672 2673//2673
f 2668//2668 2674//2674 2669//2669
f 2668//2668 2673//2673 2674//2674
f 2674//2674 2608//2608 2604//2604
f 2674//2674 2604//2604 2669//2669
f 2610//2610 2675//2675 2611//2611
f 2670//2670 2606//2606 2611//2611
f 2675//2675 2670//2670 2611//2611
f 2676//2676 2670//2670 2675//2675
f 2670//2670 2677//2677 2671//2671
f 2670//2670 2676//2676 2677//2677
f 2671//2671 2678//2678 2672//2672
f 2671//2671 2677//2677 2678//2678
f 2672//2672 2679//2679 2673//2673
f 2672//2672 2678//2678 2679//2679
f 2673//2673 2680//2680 2674//2674
f 2673//2673 2679//2679 2680//2680
f 2680//2680 2613//2613 2608//2608
f 2680//2680 2608//2608 2674//2674
f 2615//2615 2681//2681 2675//2675
f 2615//2615 2675//2675 2610//2610
f 2675//2675 2682//2682 2676//2676
f 2675//2675 2681//2681 2682//2682
f 2676//2676 2683//2683 2677//2677
f 2676//2676 2682//2682 2683//2683
f 2677//2677 2684//2684 2678//2678
f 2677//2677 2683//2683 2684//2684
f 2678//2678 2685//2685 2679//2679
f 2678//2678 2684//2684 2685//2685
f 2679//2679 2686//2686 2680//2680
f 2679//2679 2685//2685 2686//2686
f 2686//2686 2617//2617 2613//2613
f 2686//2686 2613//2613 2680//2680
f 2619//2619 2687//2687 2681//2681
f 2619//2619 2681//2681 2615//2615
f 2681//2681 2688//2688 2682//2682
f 2681//2681 2687//2687 2688//2688
f 2690//2690 2683//2683 2689//2689
f 2683//2683 2688//2688 2689//2689
f 2683//2683 2682//2682 2688//2688
f 2683//2683 2690//2690 2684//2684
f 2684//2684 2690//2690 2691//2691
f 2693//2693 2692//2692 2691//2691
f 2692//2692 2684//2684 2691//2691
f 2692//2692 2685//2685 2684//2684
f 2685//2685 2694//2694 2686//2686
f 2685//2685 2692//2692 2694//2694
f 2694//2694 2621//2621 2617//2617
f 2694//2694 2617//2617 2686//2686
f 2623//2623 2695//2695 2687//2687
f 2623//2623 2687//2687 2619//2619
f 2687//2687 2696//2696 2688//2688
f 2687//2687 2695//2695 2696//2696
f 2689//2689 2688//2688 2697//2697
f 2697//2697 2688//2688 2696//2696
f 2692//2692 2693//2693 2698//2698
f 2698//2698 2693//2693 2699//2699
f 2692//2692 2700//2700 2694//2694
f 2692//2692 2698//2698 2700//2700
f 2700//2700 2625//2625 2621//2621
f 2700//2700 2621//2621 2694//2694
f 2627//2627 2701//2701 2695//2695
f 2627//2627 2695//2695 2623//2623
f 2695//2695 2702//2702 2696//2696
f 2695//2695 2701//2701 2702//2702
f 2697//2697 2696//2696 2703//2703
f 2703//2703 2696//2696 2702//2702
f 2698//2698 2699//2699 2704//2704
f 2704//2704 2699//2699 2705//2705
f 2698//2698 2706//2706 2700//2700
f 2698//2698 2704//2704 2706//2706
f 2706//2706 2629//2629 2625//2625
f 2706//2706 2625//2625 2700//2700
f 2630//2630 2701//2701 2627//2627
f 2701//2701 2630//2630 2631//2631
f 2701//2701 2631//2631 2702//2702
f 2707//2707 2703//2703 2702//2702
f 2631//2631 2707//2707 2702//2702
f 2632//2632 2707//2707 2631//2631
f 2708//2708 2632//2632 2633//2633
f 2708//2708 2707//2707 2632//2632
f 2634//2634 2704//2704 2705//2705
f 2708//2708 2634//2634 2705//2705
f 2633//2633 2634//2634 2708//2708
f 2704//2704 2634//2634 2635//2635
f 2704//2704 2635//2635 2706//2706
f 2706//2706 2635//2635 2629//2629
f 2689//2689 2709//2709 2690//2690
f 2710//2710 2691//2691 2690//2690
f 2710//2710 2690//2690 2709//2709
f 2710//2710 2693//2693 2691//2691
f 2697//2697 2711//2711 2709//2709
f 2697//2697 2709//2709 2689//2689
f 2709//2709 2712//2712 2710//2710
f 2709//2709 2711//2711 2712//2712
f 2712//2712 2699//2699 2693//2693
f 2712//2712 2693//2693 2710//2710
f 2703//2703 2713//2713 2711//2711
f 2703//2703 2711//2711 2697//2697
f 2711//2711 2714//2714 2712//2712
f 2711//2711 2713//2713 2714//2714
f 2714//2714 2705//2705 2699//2699
f 2714//2714 2699//2699 2712//2712
f 2707//2707 2713//2713 2703//2703
f 2713//2713 2707//2707 2708//2708
f 2713//2713 2708//2708 2714//2714
f 2714//2714 2708//2708 2705//2705
