# M5 joined static surface: RightJoinedArmHand; Y up; metres; front -Z
v 0.1239696 1.1920000 0.0020000
v 0.1240000 1.1916178 0.0020000
v 0.1240000 1.1920000 0.0011539
v 0.1240000 1.1920000 0.0021722
v 0.1237128 1.1980000 -0.0040000
v 0.1240000 1.1943641 -0.0040000
v 0.1240000 1.1980000 -0.0051517
v 0.1234950 1.1980000 0.0020000
v 0.1240000 1.1980000 0.0048064
v 0.1232418 1.2040000 -0.0040000
v 0.1240000 1.2040000 -0.0069845
v 0.1230233 1.2040000 0.0020000
v 0.1240000 1.2040000 0.0073258
v 0.1227738 1.2100000 -0.0040000
v 0.1240000 1.2100000 -0.0087368
v 0.1225547 1.2100000 0.0020000
v 0.1240000 1.2056590 0.0080000
v 0.1236636 1.2100000 0.0080000
v 0.1240000 1.2100000 0.0088454
v 0.1238860 1.2160000 -0.0100000
v 0.1240000 1.2145113 -0.0100000
v 0.1240000 1.2160000 -0.0102407
v 0.1223088 1.2160000 -0.0040000
v 0.1220892 1.2160000 0.0020000
v 0.1232018 1.2160000 0.0080000
v 0.1240000 1.2160000 0.0099699
v 0.1234304 1.2220000 -0.0100000
v 0.1240000 1.2220000 -0.0111807
v 0.1218474 1.2220000 -0.0040000
v 0.1216274 1.2220000 0.0020000
v 0.1227431 1.2220000 0.0080000
v 0.1240000 1.2220000 0.0110449
v 0.1229982 1.2280000 -0.0100000
v 0.1240000 1.2280000 -0.0120450
v 0.1214237 1.2280000 -0.0040000
v 0.1212046 1.2280000 0.0020000
v 0.1223156 1.2280000 0.0080000
v 0.1240000 1.2280000 0.0120309
v 0.1229313 1.2340000 -0.0100000
v 0.1240000 1.2340000 -0.0122445
v 0.1214458 1.2340000 -0.0040000
v 0.1212309 1.2340000 0.0020000
v 0.1222979 1.2340000 0.0080000
v 0.1240000 1.2340000 0.0123307
v 0.1240000 1.2367028 -0.0100000
v 0.1240000 1.2385049 -0.0040000
v 0.1240000 1.2386645 0.0020000
v 0.1240000 1.2376865 0.0080000
v 0.1298743 1.1200000 0.0020000
v 0.1300000 1.1185032 0.0020000
v 0.1300000 1.1200000 -0.0014193
v 0.1300000 1.1200000 0.0026966
v 0.1295938 1.1260000 -0.0040000
v 0.1300000 1.1211437 -0.0040000
v 0.1300000 1.1260000 -0.0055938
v 0.1293719 1.1260000 0.0020000
v 0.1300000 1.1260000 0.0054139
v 0.1290935 1.1320000 -0.0040000
v 0.1300000 1.1320000 -0.0074896
v 0.1288711 1.1320000 0.0020000
v 0.1300000 1.1319599 0.0080000
v 0.1299967 1.1320000 0.0080000
v 0.1300000 1.1320000 0.0080083
v 0.1285947 1.1380000 -0.0040000
v 0.1300000 1.1380000 -0.0093054
v 0.1283720 1.1380000 0.0020000
v 0.1295005 1.1380000 0.0080000
v 0.1300000 1.1380000 0.0092283
v 0.1297023 1.1440001 -0.0100000
v 0.1300000 1.1403731 -0.0100000
v 0.1300000 1.1440001 -0.0106149
v 0.1280976 1.1440001 -0.0040000
v 0.1278746 1.1440001 0.0020000
v 0.1290057 1.1440001 0.0080000
v 0.1300000 1.1440001 0.0103993
v 0.1292113 1.1500000 -0.0100000
v 0.1300000 1.1500000 -0.0115983
v 0.1276023 1.1500000 -0.0040000
v 0.1273790 1.1500000 0.0020000
v 0.1285122 1.1500000 0.0080000
v 0.1300000 1.1500000 0.0115218
v 0.1287215 1.1560000 -0.0100000
v 0.1300000 1.1560000 -0.0125417
v 0.1271087 1.1560000 -0.0040000
v 0.1268854 1.1560000 0.0020000
v 0.1280200 1.1560000 0.0080000
v 0.1300000 1.1560000 0.0125962
v 0.1282329 1.1620001 -0.0100000
v 0.1300000 1.1620001 -0.0134455
v 0.1266169 1.1620001 -0.0040000
v 0.1263938 1.1620001 0.0020000
v 0.1275292 1.1620001 0.0080000
v 0.1300000 1.1620001 0.0136227
v 0.1277454 1.1680000 -0.0100000
v 0.1300000 1.1680000 -0.0143099
v 0.1261272 1.1680000 -0.0040000
v 0.1259044 1.1680000 0.0020000
v 0.1270398 1.1680000 0.0080000
v 0.1300000 1.1642869 0.0140000
v 0.1297042 1.1680000 0.0140000
v 0.1300000 1.1680000 0.0144422
v 0.1272590 1.1740000 -0.0100000
v 0.1300000 1.1740000 -0.0151355
v 0.1256394 1.1740000 -0.0040000
v 0.1254171 1.1740000 0.0020000
v 0.1265519 1.1740000 0.0080000
v 0.1292280 1.1740000 0.0140000
v 0.1300000 1.1740000 0.0151318
v 0.1267738 1.1799999 -0.0100000
v 0.1300000 1.1799999 -0.0159225
v 0.1251537 1.1799999 -0.0040000
v 0.1249322 1.1799999 0.0020000
v 0.1260653 1.1799999 0.0080000
v 0.1287525 1.1799999 0.0140000
v 0.1300000 1.1799999 0.0157929
v 0.1295825 1.1860000 -0.0160000
v 0.1300000 1.1806116 -0.0160000
v 0.1300000 1.1860000 -0.0165314
v 0.1262895 1.1860000 -0.0100000
v 0.1246701 1.1860000 -0.0040000
v 0.1244496 1.1860000 0.0020000
v 0.1255801 1.1860000 0.0080000
v 0.1282778 1.1860000 0.0140000
v 0.1300000 1.1860000 0.0164257
v 0.1291186 1.1920000 -0.0160000
v 0.1300000 1.1920000 -0.0170991
v 0.1258062 1.1920000 -0.0100000
v 0.1241887 1.1920000 -0.0040000
v 0.1250963 1.1920000 0.0080000
v 0.1278036 1.1920000 0.0140000
v 0.1300000 1.1920000 0.0170307
v 0.1286553 1.1980000 -0.0160000
v 0.1300000 1.1980000 -0.0176423
v 0.1253238 1.1980000 -0.0100000
v 0.1246138 1.1980000 0.0080000
v 0.1273299 1.1980000 0.0140000
v 0.1300000 1.1980000 0.0176080
v 0.1281925 1.2040000 -0.0160000
v 0.1300000 1.2040000 -0.0181613
v 0.1248421 1.2040000 -0.0100000
v 0.1241324 1.2040000 0.0080000
v 0.1268565 1.2040000 0.0140000
v 0.1300000 1.2040000 0.0181582
v 0.1277299 1.2100000 -0.0160000
v 0.1300000 1.2100000 -0.0186565
v 0.1243610 1.2100000 -0.0100000
v 0.1263832 1.2100000 0.0140000
v 0.1300000 1.2100000 0.0186815
v 0.1272674 1.2160000 -0.0160000
v 0.1300000 1.2160000 -0.0191280
v 0.1259097 1.2160000 0.0140000
v 0.1300000 1.2160000 0.0191785
v 0.1268051 1.2220000 -0.0160000
v 0.1300000 1.2220000 -0.0195761
v 0.1254366 1.2220000 0.0140000
v 0.1300000 1.2220000 0.0196491
v 0.1263675 1.2280000 -0.0160000
v 0.1300000 1.2280000 -0.0199767
v 0.1249864 1.2280000 0.0140000
v 0.1300000 1.2268548 0.0200000
v 0.1299215 1.2280000 0.0200000
v 0.1300000 1.2280000 0.0200721
v 0.1263508 1.2340000 -0.0160000
v 0.1300000 1.2340000 -0.0199368
v 0.1248763 1.2340000 0.0140000
v 0.1298533 1.2340000 0.0200000
v 0.1300000 1.2340000 0.0201310
v 0.1300000 1.2387432 -0.0160000
v 0.1300000 1.2398118 -0.0100000
v 0.1300000 1.2399278 -0.0040000
v 0.1300000 1.2399346 0.0020000
v 0.1300000 1.2398752 0.0080000
v 0.1300000 1.2394047 0.0140000
v 0.1300000 1.2343693 0.0200000
v 0.1359791 1.0540000 -0.0040000
v 0.1360000 1.0538003 -0.0040000
v 0.1360000 1.0540000 -0.0040804
v 0.1357497 1.0540000 0.0020000
v 0.1360000 1.0516061 0.0020000
v 0.1360000 1.0540000 0.0033348
v 0.1353687 1.0600001 -0.0040000
v 0.1360000 1.0600001 -0.0063820
v 0.1351394 1.0600001 0.0020000
v 0.1360000 1.0600001 0.0064940
v 0.1347791 1.0660000 -0.0040000
v 0.1360000 1.0660000 -0.0085135
v 0.1345498 1.0660000 0.0020000
v 0.1360000 1.0630624 0.0080000
v 0.1357114 1.0660000 0.0080000
v 0.1360000 1.0660000 0.0086958
v 0.1358628 1.0720000 -0.0100000
v 0.1360000 1.0705408 -0.0100000
v 0.1360000 1.0720000 -0.0102776
v 0.1342136 1.0720000 -0.0040000
v 0.1339845 1.0720000 0.0020000
v 0.1351467 1.0720000 0.0080000
v 0.1360000 1.0720000 0.0100165
v 0.1353272 1.0779999 -0.0100000
v 0.1360000 1.0779999 -0.0113349
v 0.1336750 1.0779999 -0.0040000
v 0.1334460 1.0779999 0.0020000
v 0.1346090 1.0779999 0.0080000
v 0.1360000 1.0779999 0.0112221
v 0.1348135 1.0840000 -0.0100000
v 0.1360000 1.0840000 -0.0123082
v 0.1331581 1.0840000 -0.0040000
v 0.1329293 1.0840000 0.0020000
v 0.1340931 1.0840000 0.0080000
v 0.1360000 1.0840000 0.0123291
v 0.1343041 1.0900000 -0.0100000
v 0.1360000 1.0900000 -0.0132336
v 0.1326462 1.0900000 -0.0040000
v 0.1324177 1.0900000 0.0020000
v 0.1335818 1.0900000 0.0080000
v 0.1360000 1.0900000 0.0133788
v 0.1337945 1.0960000 -0.0100000
v 0.1360000 1.0960000 -0.0141205
v 0.1321351 1.0960000 -0.0040000
v 0.1319071 1.0960000 0.0020000
v 0.1330705 1.0960000 0.0080000
v 0.1360000 1.0936897 0.0140000
v 0.1358071 1.0960000 0.0140000
v 0.1360000 1.0960000 0.0142821
v 0.1332843 1.1020000 -0.0100000
v 0.1360000 1.1020000 -0.0149697
v 0.1316246 1.1020000 -0.0040000
v 0.1313973 1.1020000 0.0020000
v 0.1325591 1.1020000 0.0080000
v 0.1353068 1.1020000 0.0140000
v 0.1360000 1.1020000 0.0149934
v 0.1327735 1.1080000 -0.0100000
v 0.1360000 1.1080000 -0.0157814
v 0.1311147 1.1080000 -0.0040000
v 0.1308884 1.1080000 0.0020000
v 0.1320474 1.1080000 0.0080000
v 0.1348053 1.1080000 0.0140000
v 0.1360000 1.1080000 0.0156773
v 0.1356439 1.1140000 -0.0160000
v 0.1360000 1.1096722 -0.0160000
v 0.1360000 1.1140000 -0.0164425
v 0.1322618 1.1140000 -0.0100000
v 0.1306054 1.1140000 -0.0040000
v 0.1303804 1.1140000 0.0020000
v 0.1315354 1.1140000 0.0080000
v 0.1343025 1.1140000 0.0140000
v 0.1360000 1.1140000 0.0163340
v 0.1351497 1.1200000 -0.0160000
v 0.1360000 1.1200000 -0.0170345
v 0.1317493 1.1200000 -0.0100000
v 0.1300967 1.1200000 -0.0040000
v 0.1310230 1.1200000 0.0080000
v 0.1337981 1.1200000 0.0140000
v 0.1360000 1.1200000 0.0169638
v 0.1346539 1.1260000 -0.0160000
v 0.1360000 1.1260000 -0.0176029
v 0.1312356 1.1260000 -0.0100000
v 0.1305101 1.1260000 0.0080000
v 0.1332920 1.1260000 0.0140000
v 0.1360000 1.1260000 0.0175670
v 0.1341560 1.1320000 -0.0160000
v 0.1360000 1.1320000 -0.0181481
v 0.1307207 1.1320000 -0.0100000
v 0.1327839 1.1320000 0.0140000
v 0.1360000 1.1320000 0.0181439
v 0.1336558 1.1380000 -0.0160000
v 0.1360000 1.1380000 -0.0186704
v 0.1302043 1.1380000 -0.0100000
v 0.1322734 1.1380000 0.0140000
v 0.1360000 1.1380000 0.0186949
v 0.1331530 1.1440001 -0.0160000
v 0.1360000 1.1440001 -0.0191699
v 0.1317602 1.1440001 0.0140000
v 0.1360000 1.1440001 0.0192203
v 0.1326472 1.1500000 -0.0160000
v 0.1360000 1.1500000 -0.0196469
v 0.1312440 1.1500000 0.0140000
v 0.1360000 1.1500000 0.0197204
v 0.1321379 1.1560000 -0.0160000
v 0.1360000 1.1560000 -0.0201019
v 0.1307241 1.1560000 0.0140000
v 0.1360000 1.1535097 0.0200000
v 0.1358054 1.1560000 0.0200000
v 0.1360000 1.1560000 0.0201735
v 0.1316246 1.1620001 -0.0160000
v 0.1360000 1.1620001 -0.0205351
v 0.1302002 1.1620001 0.0140000
v 0.1353380 1.1620001 0.0200000
v 0.1360000 1.1620001 0.0205758
v 0.1311066 1.1680000 -0.0160000
v 0.1360000 1.1680000 -0.0209469
v 0.1348680 1.1680000 0.0200000
v 0.1360000 1.1680000 0.0209602
v 0.1305834 1.1740000 -0.0160000
v 0.1360000 1.1740000 -0.0213375
v 0.1343949 1.1740000 0.0200000
v 0.1360000 1.1740000 0.0213268
v 0.1300540 1.1799999 -0.0160000
v 0.1360000 1.1799999 -0.0217074
v 0.1339183 1.1799999 0.0200000
v 0.1360000 1.1799999 0.0216758
v 0.1359273 1.1860000 -0.0220000
v 0.1360000 1.1850139 -0.0220000
v 0.1360000 1.1860000 -0.0220526
v 0.1334375 1.1860000 0.0200000
v 0.1360000 1.1860000 0.0220075
v 0.1354903 1.1920000 -0.0220000
v 0.1360000 1.1920000 -0.0223589
v 0.1329518 1.1920000 0.0200000
v 0.1360000 1.1920000 0.0223220
v 0.1350509 1.1980000 -0.0220000
v 0.1360000 1.1980000 -0.0226492
v 0.1324605 1.1980000 0.0200000
v 0.1360000 1.1980000 0.0226196
v 0.1346085 1.2040000 -0.0220000
v 0.1360000 1.2040000 -0.0229236
v 0.1319626 1.2040000 0.0200000
v 0.1360000 1.2040000 0.0229005
v 0.1341626 1.2100000 -0.0220000
v 0.1360000 1.2100000 -0.0231824
v 0.1314571 1.2100000 0.0200000
v 0.1360000 1.2100000 0.0231648
v 0.1337124 1.2160000 -0.0220000
v 0.1360000 1.2160000 -0.0234257
v 0.1309429 1.2160000 0.0200000
v 0.1360000 1.2160000 0.0234128
v 0.1332574 1.2220000 -0.0220000
v 0.1360000 1.2220000 -0.0236534
v 0.1304186 1.2220000 0.0200000
v 0.1360000 1.2220000 0.0236445
v 0.1328233 1.2280000 -0.0220000
v 0.1360000 1.2280000 -0.0238458
v 0.1360000 1.2280000 0.0238373
v 0.1329255 1.2340000 -0.0220000
v 0.1360000 1.2340000 -0.0236576
v 0.1360000 1.2340000 0.0236358
v 0.1360000 1.2374090 -0.0220000
v 0.1360000 1.2398285 -0.0160000
v 0.1360000 1.2399908 -0.0100000
v 0.1359611 1.2400000 -0.0040000
v 0.1360000 1.2400000 -0.0042692
v 0.1359390 1.2400000 0.0020000
v 0.1360000 1.2400000 0.0027478
v 0.1360000 1.2399957 0.0080000
v 0.1360000 1.2399149 0.0140000
v 0.1360000 1.2389485 0.0200000
v 0.1360000 1.2400004 -0.0040000
v 0.1360000 1.2400006 0.0020000
v 0.1418507 1.0000000 -0.0040000
v 0.1420000 0.9985578 -0.0040000
v 0.1420000 1.0000000 -0.0045345
v 0.1416037 1.0000000 0.0020000
v 0.1420000 0.9961706 0.0020000
v 0.1420000 1.0000000 0.0039605
v 0.1412142 1.0060000 -0.0040000
v 0.1420000 1.0060000 -0.0067512
v 0.1409674 1.0060000 0.0020000
v 0.1420000 1.0060000 0.0069921
v 0.1405655 1.0120000 -0.0040000
v 0.1420000 1.0120000 -0.0089090
v 0.1403193 1.0120000 0.0020000
v 0.1420000 1.0080225 0.0080000
v 0.1415692 1.0120000 0.0080000
v 0.1420000 1.0120000 0.0089652
v 0.1416816 1.0180000 -0.0100000
v 0.1420000 1.0151060 -0.0100000
v 0.1420000 1.0180000 -0.0105985
v 0.1399081 1.0180000 -0.0040000
v 0.1396628 1.0180000 0.0020000
v 0.1409100 1.0180000 0.0080000
v 0.1420000 1.0180000 0.0103889
v 0.1410155 1.0240000 -0.0100000
v 0.1420000 1.0240000 -0.0118103
v 0.1392455 1.0240000 -0.0040000
v 0.1390015 1.0240000 0.0020000
v 0.1402442 1.0240000 0.0080000
v 0.1420000 1.0240000 0.0117624
v 0.1403457 1.0300000 -0.0100000
v 0.1420000 1.0300000 -0.0129746
v 0.1385813 1.0300000 -0.0040000
v 0.1383390 1.0300000 0.0020000
v 0.1395755 1.0300000 0.0080000
v 0.1420000 1.0300000 0.0130781
v 0.1396756 1.0360000 -0.0100000
v 0.1420000 1.0360000 -0.0140855
v 0.1379189 1.0360000 -0.0040000
v 0.1376788 1.0360000 0.0020000
v 0.1389074 1.0360000 0.0080000
v 0.1420000 1.0343984 0.0140000
v 0.1418212 1.0360000 0.0140000
v 0.1420000 1.0360000 0.0142465
v 0.1390090 1.0420001 -0.0100000
v 0.1420000 1.0420001 -0.0151376
v 0.1372621 1.0420001 -0.0040000
v 0.1370245 1.0420001 0.0020000
v 0.1382433 1.0420001 0.0080000
v 0.1411568 1.0420001 0.0140000
v 0.1420000 1.0420001 0.0151364
v 0.1419149 1.0480000 -0.0160000
v 0.1420000 1.0472226 -0.0160000
v 0.1420000 1.0480000 -0.0161013
v 0.1383493 1.0480000 -0.0100000
v 0.1366142 1.0480000 -0.0040000
v 0.1363796 1.0480000 0.0020000
v 0.1375869 1.0480000 0.0080000
v 0.1404985 1.0480000 0.0140000
v 0.1420000 1.0480000 0.0159780
v 0.1412737 1.0540000 -0.0160000
v 0.1420000 1.0540000 -0.0168454
v 0.1377003 1.0540000 -0.0100000
v 0.1369418 1.0540000 0.0080000
v 0.1398503 1.0540000 0.0140000
v 0.1420000 1.0540000 0.0167673
v 0.1406468 1.0600001 -0.0160000
v 0.1420000 1.0600001 -0.0175388
v 0.1370657 1.0600001 -0.0100000
v 0.1363115 1.0600001 0.0080000
v 0.1392161 1.0600001 0.0140000
v 0.1420000 1.0600001 0.0175008
v 0.1400387 1.0660000 -0.0160000
v 0.1420000 1.0660000 -0.0181782
v 0.1364492 1.0660000 -0.0100000
v 0.1386001 1.0660000 0.0140000
v 0.1420000 1.0660000 0.0181751
v 0.1394540 1.0720000 -0.0160000
v 0.1420000 1.0720000 -0.0187605
v 0.1380066 1.0720000 0.0140000
v 0.1420000 1.0720000 0.0187874
v 0.1388962 1.0779999 -0.0160000
v 0.1420000 1.0779999 -0.0192844
v 0.1374388 1.0779999 0.0140000
v 0.1420000 1.0779999 0.0193363
v 0.1383589 1.0840000 -0.0160000
v 0.1420000 1.0840000 -0.0197587
v 0.1368904 1.0840000 0.0140000
v 0.1420000 1.0840000 0.0198313
v 0.1378207 1.0900000 -0.0160000
v 0.1420000 1.0900000 -0.0202063
v 0.1363409 1.0900000 0.0140000
v 0.1420000 1.0861545 0.0200000
v 0.1416852 1.0900000 0.0200000
v 0.1420000 1.0900000 0.0202659
v 0.1372753 1.0960000 -0.0160000
v 0.1420000 1.0960000 -0.0206333
v 0.1411916 1.0960000 0.0200000
v 0.1420000 1.0960000 0.0206650
v 0.1367215 1.1020000 -0.0160000
v 0.1420000 1.1020000 -0.0210403
v 0.1406920 1.1020000 0.0200000
v 0.1420000 1.1020000 0.0210475
v 0.1361581 1.1080000 -0.0160000
v 0.1420000 1.1080000 -0.0214277
v 0.1401855 1.1080000 0.0200000
v 0.1420000 1.1080000 0.0214135
v 0.1420000 1.1140000 -0.0217958
v 0.1396711 1.1140000 0.0200000
v 0.1420000 1.1140000 0.0217632
v 0.1418009 1.1200000 -0.0220000
v 0.1420000 1.1174926 -0.0220000
v 0.1420000 1.1200000 -0.0221353
v 0.1391479 1.1200000 0.0200000
v 0.1420000 1.1200000 0.0220969
v 0.1413238 1.1260000 -0.0220000
v 0.1420000 1.1260000 -0.0224456
v 0.1386147 1.1260000 0.0200000
v 0.1420000 1.1260000 0.0224147
v 0.1408394 1.1320000 -0.0220000
v 0.1420000 1.1320000 -0.0227411
v 0.1380702 1.1320000 0.0200000
v 0.1420000 1.1320000 0.0227168
v 0.1403464 1.1380000 -0.0220000
v 0.1420000 1.1380000 -0.0230220
v 0.1375127 1.1380000 0.0200000
v 0.1420000 1.1380000 0.0230034
v 0.1398437 1.1440001 -0.0220000
v 0.1420000 1.1440001 -0.0232883
v 0.1369405 1.1440001 0.0200000
v 0.1420000 1.1440001 0.0232746
v 0.1393298 1.1500000 -0.0220000
v 0.1420000 1.1500000 -0.0235403
v 0.1363515 1.1500000 0.0200000
v 0.1420000 1.1500000 0.0235308
v 0.1388030 1.1560000 -0.0220000
v 0.1420000 1.1560000 -0.0237781
v 0.1420000 1.1560000 0.0237721
v 0.1382613 1.1620001 -0.0220000
v 0.1420000 1.1620001 -0.0240017
v 0.1420000 1.1620001 0.0239986
v 0.1377025 1.1680000 -0.0220000
v 0.1420000 1.1680000 -0.0242113
v 0.1420000 1.1680000 0.0242106
v 0.1371238 1.1740000 -0.0220000
v 0.1420000 1.1740000 -0.0244071
v 0.1420000 1.1740000 0.0244082
v 0.1365220 1.1799999 -0.0220000
v 0.1420000 1.1799999 -0.0245891
v 0.1420000 1.1799999 0.0245916
v 0.1420000 1.1860000 -0.0247575
v 0.1420000 1.1860000 0.0247610
v 0.1420000 1.1920000 -0.0249123
v 0.1420000 1.1920000 0.0249164
v 0.1420000 1.1980000 -0.0250536
v 0.1420000 1.1980000 0.0250582
v 0.1420000 1.2040000 -0.0251816
v 0.1420000 1.2040000 0.0251863
v 0.1420000 1.2100000 -0.0252962
v 0.1420000 1.2100000 0.0253008
v 0.1420000 1.2160000 -0.0253974
v 0.1420000 1.2160000 0.0254020
v 0.1420000 1.2220000 -0.0254852
v 0.1420000 1.2220000 0.0254897
v 0.1420000 1.2280000 -0.0255336
v 0.1420000 1.2280000 0.0255552
v 0.1420000 1.2340000 -0.0251716
v 0.1420000 1.2340000 0.0253836
v 0.1420000 1.2387617 -0.0220000
v 0.1420000 1.2399355 -0.0160000
v 0.1416866 1.2400000 -0.0100000
v 0.1420000 1.2400000 -0.0100504
v 0.1407707 1.2400000 0.0080000
v 0.1420000 1.2400000 0.0083220
v 0.1420000 1.2399799 0.0140000
v 0.1420000 1.2396400 0.0200000
v 0.1420000 1.2400005 -0.0100000
v 0.1420000 1.2400014 -0.0040000
v 0.1420000 1.2400014 0.0020000
v 0.1420000 1.2400011 0.0080000
v 0.1457538 0.7900000 -0.0220000
v 0.1480000 0.7854643 -0.0220000
v 0.1480000 0.7900000 -0.0273154
v 0.1460296 0.7900000 -0.0160000
v 0.1480000 0.7853189 -0.0160000
v 0.1473204 0.7900000 -0.0100000
v 0.1480000 0.7878890 -0.0100000
v 0.1480000 0.7900000 -0.0073260
v 0.1462491 0.7960000 -0.0280000
v 0.1480000 0.7908977 -0.0280000
v 0.1480000 0.7960000 -0.0300684
v 0.1440464 0.7960000 -0.0220000
v 0.1444581 0.7960000 -0.0160000
v 0.1459289 0.7960000 -0.0100000
v 0.1480000 0.7938458 -0.0040000
v 0.1475585 0.7960000 -0.0040000
v 0.1480000 0.7960000 -0.0026363
v 0.1451987 0.8020000 -0.0280000
v 0.1480000 0.8020000 -0.0313457
v 0.1432431 0.8020000 -0.0220000
v 0.1436834 0.8020000 -0.0160000
v 0.1452611 0.8020000 -0.0100000
v 0.1470218 0.8020000 -0.0040000
v 0.1480000 0.8020000 -0.0009723
v 0.1449239 0.8080000 -0.0280000
v 0.1480000 0.8080000 -0.0317009
v 0.1430786 0.8080000 -0.0220000
v 0.1435024 0.8080000 -0.0160000
v 0.1451349 0.8080000 -0.0100000
v 0.1469774 0.8080000 -0.0040000
v 0.1480000 0.8080000 -0.0008697
v 0.1452258 0.8140000 -0.0280000
v 0.1480000 0.8140000 -0.0313179
v 0.1432939 0.8140000 -0.0220000
v 0.1438039 0.8140000 -0.0160000
v 0.1454820 0.8140000 -0.0100000
v 0.1472906 0.8140000 -0.0040000
v 0.1480000 0.8140000 -0.0017572
v 0.1463182 0.8200000 -0.0280000
v 0.1480000 0.8200000 -0.0299913
v 0.1441562 0.8200000 -0.0220000
v 0.1446954 0.8200000 -0.0160000
v 0.1463131 0.8200000 -0.0100000
v 0.1479388 0.8200000 -0.0040000
v 0.1480000 0.8200000 -0.0037884
v 0.1480000 0.8247687 -0.0280000
v 0.1480000 0.8260000 -0.0270168
v 0.1459276 0.8260000 -0.0220000
v 0.1463056 0.8260000 -0.0160000
v 0.1476313 0.8260000 -0.0100000
v 0.1480000 0.8260000 -0.0082793
v 0.1480000 0.8203949 -0.0040000
v 0.1480000 0.8303012 -0.0220000
v 0.1480000 0.8302563 -0.0160000
v 0.1480000 0.8272905 -0.0100000
v 0.1479149 0.9220000 0.0020000
v 0.1480000 0.9206648 0.0020000
v 0.1480000 0.9220000 -0.0000060
v 0.1480000 0.9220000 0.0024111
v 0.1477838 0.9280000 -0.0040000
v 0.1480000 0.9246517 -0.0040000
v 0.1480000 0.9280000 -0.0047447
v 0.1475271 0.9280000 0.0020000
v 0.1480000 0.9280000 0.0042487
v 0.1473895 0.9340000 -0.0040000
v 0.1480000 0.9340000 -0.0060687
v 0.1471323 0.9340000 0.0020000
v 0.1480000 0.9340000 0.0060567
v 0.1469869 0.9400000 -0.0040000
v 0.1480000 0.9400000 -0.0073734
v 0.1467290 0.9400000 0.0020000
v 0.1480000 0.9400000 0.0078349
v 0.1465743 0.9460000 -0.0040000
v 0.1480000 0.9460000 -0.0086580
v 0.1463158 0.9460000 0.0020000
v 0.1480000 0.9405575 0.0080000
v 0.1476294 0.9460000 0.0080000
v 0.1480000 0.9460000 0.0087949
v 0.1461503 0.9520000 -0.0040000
v 0.1480000 0.9520000 -0.0099208
v 0.1458910 0.9520000 0.0020000
v 0.1472098 0.9520000 0.0080000
v 0.1480000 0.9520000 0.0096625
v 0.1475992 0.9580000 -0.0100000
v 0.1480000 0.9523757 -0.0100000
v 0.1480000 0.9580000 -0.0107094
v 0.1457125 0.9580000 -0.0040000
v 0.1454526 0.9580000 0.0020000
v 0.1467769 0.9580000 0.0080000
v 0.1480000 0.9580000 0.0105203
v 0.1471503 0.9640000 -0.0100000
v 0.1480000 0.9640000 -0.0114717
v 0.1452536 0.9640000 -0.0040000
v 0.1449931 0.9640000 0.0020000
v 0.1463225 0.9640000 0.0080000
v 0.1480000 0.9640000 0.0113807
v 0.1466647 0.9700000 -0.0100000
v 0.1480000 0.9700000 -0.0122611
v 0.1447607 0.9700000 -0.0040000
v 0.1445003 0.9700000 0.0020000
v 0.1458324 0.9700000 0.0080000
v 0.1480000 0.9700000 0.0122687
v 0.1461411 0.9760000 -0.0100000
v 0.1480000 0.9760000 -0.0130752
v 0.1442337 0.9760000 -0.0040000
v 0.1439739 0.9760000 0.0020000
v 0.1453057 0.9760000 0.0080000
v 0.1480000 0.9760000 0.0131810
v 0.1455823 0.9820000 -0.0100000
v 0.1480000 0.9820000 -0.0139048
v 0.1436755 0.9820000 -0.0040000
v 0.1434172 0.9820000 0.0020000
v 0.1447453 0.9820000 0.0080000
v 0.1480000 0.9812943 0.0140000
v 0.1479356 0.9820000 0.0140000
v 0.1480000 0.9820000 0.0140819
v 0.1449914 0.9880000 -0.0100000
v 0.1480000 0.9880000 -0.0147409
v 0.1430896 0.9880000 -0.0040000
v 0.1428336 0.9880000 0.0020000
v 0.1441544 0.9880000 0.0080000
v 0.1473564 0.9880000 0.0140000
v 0.1480000 0.9880000 0.0147977
v 0.1443714 0.9940000 -0.0100000
v 0.1480000 0.9940000 -0.0155752
v 0.1424793 0.9940000 -0.0040000
v 0.1422267 0.9940000 0.0020000
v 0.1435361 0.9940000 0.0080000
v 0.1467451 0.9940000 0.0140000
v 0.1480000 0.9940000 0.0155174
v 0.1476901 1.0000000 -0.0160000
v 0.1480000 0.9970602 -0.0160000
v 0.1480000 1.0000000 -0.0163305
v 0.1437250 1.0000000 -0.0100000
v 0.1428934 1.0000000 0.0080000
v 0.1461044 1.0000000 0.0140000
v 0.1480000 1.0000000 0.0162348
v 0.1470335 1.0060000 -0.0160000
v 0.1480000 1.0060000 -0.0170043
v 0.1430553 1.0060000 -0.0100000
v 0.1422292 1.0060000 0.0080000
v 0.1454369 1.0060000 0.0140000
v 0.1480000 1.0060000 0.0169441
v 0.1463520 1.0120000 -0.0160000
v 0.1480000 1.0120000 -0.0176674
v 0.1423651 1.0120000 -0.0100000
v 0.1447455 1.0120000 0.0140000
v 0.1480000 1.0120000 0.0176398
v 0.1456483 1.0180000 -0.0160000
v 0.1480000 1.0180000 -0.0183152
v 0.1440329 1.0180000 0.0140000
v 0.1480000 1.0180000 0.0183172
v 0.1449252 1.0240000 -0.0160000
v 0.1480000 1.0240000 -0.0189433
v 0.1433017 1.0240000 0.0140000
v 0.1480000 1.0240000 0.0189717
v 0.1441857 1.0300000 -0.0160000
v 0.1480000 1.0300000 -0.0195477
v 0.1425548 1.0300000 0.0140000
v 0.1480000 1.0300000 0.0195992
v 0.1434328 1.0360000 -0.0160000
v 0.1480000 1.0360000 -0.0201246
v 0.1477638 1.0360000 0.0200000
v 0.1480000 1.0340116 0.0200000
v 0.1480000 1.0360000 0.0201788
v 0.1426693 1.0420001 -0.0160000
v 0.1480000 1.0420001 -0.0206705
v 0.1470527 1.0420001 0.0200000
v 0.1480000 1.0420001 0.0206953
v 0.1480000 1.0480000 -0.0211823
v 0.1463379 1.0480000 0.0200000
v 0.1480000 1.0480000 0.0211822
v 0.1480000 1.0540000 -0.0216566
v 0.1456238 1.0540000 0.0200000
v 0.1480000 1.0540000 0.0216360
v 0.1478603 1.0600001 -0.0220000
v 0.1480000 1.0587332 -0.0220000
v 0.1480000 1.0600001 -0.0220859
v 0.1449153 1.0600001 0.0200000
v 0.1480000 1.0600001 0.0220539
v 0.1472296 1.0660000 -0.0220000
v 0.1480000 1.0660000 -0.0224574
v 0.1442179 1.0660000 0.0200000
v 0.1480000 1.0660000 0.0224327
v 0.1466235 1.0720000 -0.0220000
v 0.1480000 1.0720000 -0.0227883
v 0.1435376 1.0720000 0.0200000
v 0.1480000 1.0720000 0.0227695
v 0.1460484 1.0779999 -0.0220000
v 0.1480000 1.0779999 -0.0230768
v 0.1428793 1.0779999 0.0200000
v 0.1480000 1.0779999 0.0230627
v 0.1454956 1.0840000 -0.0220000
v 0.1480000 1.0840000 -0.0233292
v 0.1422338 1.0840000 0.0200000
v 0.1480000 1.0840000 0.0233189
v 0.1449321 1.0900000 -0.0220000
v 0.1480000 1.0900000 -0.0235637
v 0.1480000 1.0900000 0.0235566
v 0.1443464 1.0960000 -0.0220000
v 0.1480000 1.0960000 -0.0237852
v 0.1480000 1.0960000 0.0237806
v 0.1437342 1.1020000 -0.0220000
v 0.1480000 1.1020000 -0.0239938
v 0.1480000 1.1020000 0.0239914
v 0.1430912 1.1080000 -0.0220000
v 0.1480000 1.1080000 -0.0241898
v 0.1480000 1.1080000 0.0241891
v 0.1424119 1.1140000 -0.0220000
v 0.1480000 1.1140000 -0.0243733
v 0.1480000 1.1140000 0.0243738
v 0.1480000 1.1200000 -0.0245443
v 0.1480000 1.1200000 0.0245458
v 0.1480000 1.1260000 -0.0247030
v 0.1480000 1.1260000 0.0247051
v 0.1480000 1.1320000 -0.0248494
v 0.1480000 1.1320000 0.0248518
v 0.1480000 1.1380000 -0.0249835
v 0.1480000 1.1380000 0.0249862
v 0.1480000 1.1440001 -0.0251055
v 0.1480000 1.1440001 0.0251083
v 0.1480000 1.1500000 -0.0252153
v 0.1480000 1.1500000 0.0252181
v 0.1480000 1.1560000 -0.0253131
v 0.1480000 1.1560000 0.0253158
v 0.1480000 1.1620001 -0.0253987
v 0.1480000 1.1620001 0.0254013
v 0.1480000 1.1680000 -0.0254723
v 0.1480000 1.1680000 0.0254748
v 0.1480000 1.1740000 -0.0255338
v 0.1480000 1.1740000 0.0255362
v 0.1480000 1.1799999 -0.0255832
v 0.1480000 1.1799999 0.0255855
v 0.1480000 1.1860000 -0.0256203
v 0.1480000 1.1860000 0.0256227
v 0.1480000 1.1920000 -0.0256453
v 0.1480000 1.1920000 0.0256478
v 0.1480000 1.1980000 -0.0256580
v 0.1480000 1.1980000 0.0256606
v 0.1480000 1.2040000 -0.0256582
v 0.1480000 1.2040000 0.0256611
v 0.1480000 1.2100000 -0.0256459
v 0.1480000 1.2100000 0.0256490
v 0.1480000 1.2160000 -0.0256210
v 0.1480000 1.2160000 0.0256244
v 0.1480000 1.2220000 -0.0255829
v 0.1480000 1.2220000 0.0255869
v 0.1480000 1.2280000 -0.0255074
v 0.1480000 1.2280000 0.0255275
v 0.1480000 1.2340000 -0.0250312
v 0.1480000 1.2340000 0.0252102
v 0.1480000 1.2386576 -0.0220000
v 0.1480000 1.2399315 -0.0160000
v 0.1480000 1.2400000 -0.0100414
v 0.1480000 1.2400000 0.0082620
v 0.1480000 1.2399760 0.0140000
v 0.1480000 1.2395698 0.0200000
v 0.1480000 1.2400004 -0.0100000
v 0.1480000 1.2400014 -0.0040000
v 0.1480000 1.2400014 0.0020000
v 0.1480000 1.2400010 0.0080000
v 0.1537579 0.7720000 -0.0040000
v 0.1540000 0.7714291 -0.0040000
v 0.1540000 0.7720000 -0.0070759
v 0.1540000 0.7720000 -0.0030613
v 0.1526899 0.7780000 -0.0160000
v 0.1540000 0.7761738 -0.0160000
v 0.1540000 0.7780000 -0.0191860
v 0.1516084 0.7780000 -0.0100000
v 0.1540000 0.7725976 -0.0100000
v 0.1517279 0.7780000 -0.0040000
v 0.1540000 0.7761205 0.0020000
v 0.1534017 0.7780000 0.0020000
v 0.1540000 0.7780000 0.0030529
v 0.1490975 0.7840000 -0.0220000
v 0.1540000 0.7791838 -0.0220000
v 0.1540000 0.7840000 -0.0278947
v 0.1487202 0.7840000 -0.0160000
v 0.1492938 0.7840000 -0.0100000
v 0.1501291 0.7840000 -0.0040000
v 0.1519640 0.7840000 0.0020000
v 0.1540000 0.7840000 0.0054771
v 0.1484842 0.7900000 -0.0280000
v 0.1540000 0.7841035 -0.0280000
v 0.1540000 0.7900000 -0.0314891
v 0.1487825 0.7900000 -0.0040000
v 0.1507761 0.7900000 0.0020000
v 0.1540000 0.7900000 0.0073801
v 0.1540000 0.7960000 -0.0333912
v 0.1495766 0.7960000 0.0020000
v 0.1540000 0.7916797 0.0080000
v 0.1528748 0.7960000 0.0080000
v 0.1540000 0.7960000 0.0094985
v 0.1531879 0.8020000 -0.0340000
v 0.1540000 0.7999549 -0.0340000
v 0.1540000 0.8020000 -0.0343132
v 0.1489444 0.8020000 0.0020000
v 0.1517107 0.8020000 0.0080000
v 0.1540000 0.8020000 0.0114345
v 0.1524584 0.8080000 -0.0340000
v 0.1540000 0.8080000 -0.0345868
v 0.1488842 0.8080000 0.0020000
v 0.1514661 0.8080000 0.0080000
v 0.1540000 0.8080000 0.0119488
v 0.1532949 0.8140000 -0.0340000
v 0.1540000 0.8140000 -0.0342687
v 0.1491053 0.8140000 0.0020000
v 0.1515894 0.8140000 0.0080000
v 0.1540000 0.8140000 0.0118385
v 0.1540000 0.8156539 -0.0340000
v 0.1540000 0.8200000 -0.0332922
v 0.1495425 0.8200000 0.0020000
v 0.1518958 0.8200000 0.0080000
v 0.1540000 0.8200000 0.0114464
v 0.1486825 0.8260000 -0.0280000
v 0.1540000 0.8260000 -0.0313324
v 0.1488532 0.8260000 -0.0040000
v 0.1501385 0.8260000 0.0020000
v 0.1523224 0.8260000 0.0080000
v 0.1540000 0.8260000 0.0108466
v 0.1540000 0.8318170 -0.0280000
v 0.1492381 0.8320000 -0.0220000
v 0.1540000 0.8320000 -0.0278161
v 0.1489281 0.8320000 -0.0160000
v 0.1494757 0.8320000 -0.0100000
v 0.1499242 0.8320000 -0.0040000
v 0.1508133 0.8320000 0.0020000
v 0.1528073 0.8320000 0.0080000
v 0.1540000 0.8320000 0.0101074
v 0.1540000 0.8368770 -0.0220000
v 0.1540000 0.8380000 -0.0192885
v 0.1526797 0.8380000 -0.0160000
v 0.1514504 0.8380000 -0.0100000
v 0.1509835 0.8380000 -0.0040000
v 0.1514671 0.8380000 0.0020000
v 0.1532745 0.8380000 0.0080000
v 0.1540000 0.8380000 0.0093377
v 0.1540000 0.8403434 -0.0160000
v 0.1540000 0.8440000 -0.0122264
v 0.1530776 0.8440000 -0.0100000
v 0.1518420 0.8440000 -0.0040000
v 0.1519868 0.8440000 0.0020000
v 0.1536232 0.8440000 0.0080000
v 0.1540000 0.8440000 0.0087242
v 0.1539887 0.8500000 -0.0100000
v 0.1540000 0.8500000 -0.0100220
v 0.1523107 0.8500000 -0.0040000
v 0.1522230 0.8500000 0.0020000
v 0.1537188 0.8500000 0.0080000
v 0.1540000 0.8500000 0.0085590
v 0.1540000 0.8502889 -0.0100000
v 0.1540000 0.8560000 -0.0093774
v 0.1523281 0.8560000 -0.0040000
v 0.1521031 0.8560000 0.0020000
v 0.1535053 0.8560000 0.0080000
v 0.1540000 0.8560000 0.0090007
v 0.1539684 0.8620000 -0.0100000
v 0.1540000 0.8612018 -0.0100000
v 0.1540000 0.8620000 -0.0100548
v 0.1520185 0.8620000 -0.0040000
v 0.1517533 0.8620000 0.0020000
v 0.1531311 0.8620000 0.0080000
v 0.1540000 0.8620000 0.0097465
v 0.1535902 0.8680000 -0.0100000
v 0.1540000 0.8680000 -0.0106965
v 0.1516271 0.8680000 -0.0040000
v 0.1513571 0.8680000 0.0020000
v 0.1527344 0.8680000 0.0080000
v 0.1540000 0.8680000 0.0105044
v 0.1532016 0.8740000 -0.0100000
v 0.1540000 0.8740000 -0.0113349
v 0.1512339 0.8740000 -0.0040000
v 0.1509639 0.8740000 0.0020000
v 0.1523426 0.8740000 0.0080000
v 0.1540000 0.8740000 0.0112263
v 0.1528174 0.8800000 -0.0100000
v 0.1540000 0.8800000 -0.0119463
v 0.1508466 0.8800000 -0.0040000
v 0.1505769 0.8800000 0.0020000
v 0.1519559 0.8800000 0.0080000
v 0.1540000 0.8800000 0.0119149
v 0.1524366 0.8860000 -0.0100000
v 0.1540000 0.8860000 -0.0125327
v 0.1504636 0.8860000 -0.0040000
v 0.1501945 0.8860000 0.0020000
v 0.1515730 0.8860000 0.0080000
v 0.1540000 0.8860000 0.0125734
v 0.1520577 0.8920000 -0.0100000
v 0.1540000 0.8920000 -0.0130969
v 0.1500837 0.8920000 -0.0040000
v 0.1498154 0.8920000 0.0020000
v 0.1511924 0.8920000 0.0080000
v 0.1540000 0.8920000 0.0132046
v 0.1516793 0.8980000 -0.0100000
v 0.1540000 0.8980000 -0.0136408
v 0.1497052 0.8980000 -0.0040000
v 0.1494379 0.8980000 0.0020000
v 0.1508125 0.8980000 0.0080000
v 0.1540000 0.8980000 0.0138110
v 0.1512998 0.9040000 -0.0100000
v 0.1540000 0.9040000 -0.0141662
v 0.1493265 0.9040000 -0.0040000
v 0.1490606 0.9040000 0.0020000
v 0.1504319 0.9040000 0.0080000
v 0.1540000 0.8999257 0.0140000
v 0.1537497 0.9040000 0.0140000
v 0.1540000 0.9040000 0.0143036
v 0.1509179 0.9100000 -0.0100000
v 0.1540000 0.9100000 -0.0146743
v 0.1489462 0.9100000 -0.0040000
v 0.1486818 0.9100000 0.0020000
v 0.1500489 0.9100000 0.0080000
v 0.1533799 0.9100000 0.0140000
v 0.1540000 0.9100000 0.0147398
v 0.1505319 0.9160000 -0.0100000
v 0.1540000 0.9160000 -0.0151662
v 0.1485627 0.9160000 -0.0040000
v 0.1483002 0.9160000 0.0020000
v 0.1496620 0.9160000 0.0080000
v 0.1530065 0.9160000 0.0140000
v 0.1540000 0.9160000 0.0151648
v 0.1501400 0.9220000 -0.0100000
v 0.1540000 0.9220000 -0.0156426
v 0.1481743 0.9220000 -0.0040000
v 0.1492694 0.9220000 0.0080000
v 0.1526280 0.9220000 0.0140000
v 0.1540000 0.9220000 0.0155793
v 0.1539154 0.9280000 -0.0160000
v 0.1540000 0.9266363 -0.0160000
v 0.1540000 0.9280000 -0.0160864
v 0.1497407 0.9280000 -0.0100000
v 0.1488695 0.9280000 0.0080000
v 0.1522431 0.9280000 0.0140000
v 0.1540000 0.9280000 0.0159837
v 0.1535399 0.9340000 -0.0160000
v 0.1540000 0.9340000 -0.0164604
v 0.1493320 0.9340000 -0.0100000
v 0.1484604 0.9340000 0.0080000
v 0.1518500 0.9340000 0.0140000
v 0.1540000 0.9340000 0.0163780
v 0.1531563 0.9400000 -0.0160000
v 0.1540000 0.9400000 -0.0168258
v 0.1489120 0.9400000 -0.0100000
v 0.1480400 0.9400000 0.0080000
v 0.1514471 0.9400000 0.0140000
v 0.1540000 0.9400000 0.0167623
v 0.1527631 0.9460000 -0.0160000
v 0.1540000 0.9460000 -0.0171825
v 0.1484784 0.9460000 -0.0100000
v 0.1510323 0.9460000 0.0140000
v 0.1540000 0.9460000 0.0171363
v 0.1523584 0.9520000 -0.0160000
v 0.1540000 0.9520000 -0.0175301
v 0.1480291 0.9520000 -0.0100000
v 0.1506036 0.9520000 0.0140000
v 0.1540000 0.9520000 0.0174997
v 0.1519390 0.9580000 -0.0160000
v 0.1540000 0.9580000 -0.0178694
v 0.1501574 0.9580000 0.0140000
v 0.1540000 0.9580000 0.0178532
v 0.1514915 0.9640000 -0.0160000
v 0.1540000 0.9640000 -0.0182100
v 0.1496814 0.9640000 0.0140000
v 0.1540000 0.9640000 0.0182067
v 0.1509909 0.9700000 -0.0160000
v 0.1540000 0.9700000 -0.0185714
v 0.1491528 0.9700000 0.0140000
v 0.1540000 0.9700000 0.0185806
v 0.1504315 0.9760000 -0.0160000
v 0.1540000 0.9760000 -0.0189541
v 0.1485666 0.9760000 0.0140000
v 0.1540000 0.9760000 0.0189751
v 0.1498133 0.9820000 -0.0160000
v 0.1540000 0.9820000 -0.0193531
v 0.1540000 0.9820000 0.0193850
v 0.1491365 0.9880000 -0.0160000
v 0.1540000 0.9880000 -0.0197634
v 0.1540000 0.9880000 0.0198049
v 0.1484006 0.9940000 -0.0160000
v 0.1540000 0.9940000 -0.0201802
v 0.1540000 0.9907343 0.0200000
v 0.1536535 0.9940000 0.0200000
v 0.1540000 0.9940000 0.0202161
v 0.1540000 1.0000000 -0.0205991
v 0.1529691 1.0000000 0.0200000
v 0.1540000 1.0000000 0.0206188
v 0.1540000 1.0060000 -0.0210162
v 0.1522284 1.0060000 0.0200000
v 0.1540000 1.0060000 0.0210218
v 0.1540000 1.0120000 -0.0214274
v 0.1514309 1.0120000 0.0200000
v 0.1540000 1.0120000 0.0214212
v 0.1540000 1.0180000 -0.0218292
v 0.1505755 1.0180000 0.0200000
v 0.1540000 1.0180000 0.0218135
v 0.1535461 1.0240000 -0.0220000
v 0.1540000 1.0206215 -0.0220000
v 0.1540000 1.0240000 -0.0222114
v 0.1496609 1.0240000 0.0200000
v 0.1540000 1.0240000 0.0221950
v 0.1527051 1.0300000 -0.0220000
v 0.1540000 1.0300000 -0.0225746
v 0.1486850 1.0300000 0.0200000
v 0.1540000 1.0300000 0.0225624
v 0.1518151 1.0360000 -0.0220000
v 0.1540000 1.0360000 -0.0229212
v 0.1540000 1.0360000 0.0229125
v 0.1508760 1.0420001 -0.0220000
v 0.1540000 1.0420001 -0.0232479
v 0.1540000 1.0420001 0.0232420
v 0.1498875 1.0480000 -0.0220000
v 0.1540000 1.0480000 -0.0235515
v 0.1540000 1.0480000 0.0235477
v 0.1488486 1.0540000 -0.0220000
v 0.1540000 1.0540000 -0.0238288
v 0.1540000 1.0540000 0.0238267
v 0.1540000 1.0600001 -0.0240767
v 0.1540000 1.0600001 0.0240759
v 0.1540000 1.0660000 -0.0242921
v 0.1540000 1.0660000 0.0242920
v 0.1540000 1.0720000 -0.0244717
v 0.1540000 1.0720000 0.0244722
v 0.1540000 1.0779999 -0.0246134
v 0.1540000 1.0779999 0.0246142
v 0.1540000 1.0840000 -0.0247228
v 0.1540000 1.0840000 0.0247238
v 0.1540000 1.0900000 -0.0248166
v 0.1540000 1.0900000 0.0248177
v 0.1540000 1.0960000 -0.0248992
v 0.1540000 1.0960000 0.0249004
v 0.1540000 1.1020000 -0.0249709
v 0.1540000 1.1020000 0.0249721
v 0.1540000 1.1080000 -0.0250316
v 0.1540000 1.1080000 0.0250329
v 0.1540000 1.1140000 -0.0250813
v 0.1540000 1.1140000 0.0250827
v 0.1540000 1.1200000 -0.0251199
v 0.1540000 1.1200000 0.0251215
v 0.1540000 1.1260000 -0.0251474
v 0.1540000 1.1260000 0.0251492
v 0.1540000 1.1320000 -0.0251637
v 0.1540000 1.1320000 0.0251658
v 0.1540000 1.1380000 -0.0251688
v 0.1540000 1.1380000 0.0251711
v 0.1540000 1.1440001 -0.0251624
v 0.1540000 1.1440001 0.0251651
v 0.1540000 1.1500000 -0.0251445
v 0.1540000 1.1500000 0.0251475
v 0.1540000 1.1560000 -0.0251150
v 0.1540000 1.1560000 0.0251183
v 0.1540000 1.1620001 -0.0250736
v 0.1540000 1.1620001 0.0250772
v 0.1540000 1.1680000 -0.0250203
v 0.1540000 1.1680000 0.0250240
v 0.1540000 1.1740000 -0.0249548
v 0.1540000 1.1740000 0.0249586
v 0.1540000 1.1799999 -0.0248769
v 0.1540000 1.1799999 0.0248807
v 0.1540000 1.1860000 -0.0247864
v 0.1540000 1.1860000 0.0247900
v 0.1540000 1.1920000 -0.0246830
v 0.1540000 1.1920000 0.0246862
v 0.1540000 1.1980000 -0.0245666
v 0.1540000 1.1980000 0.0245690
v 0.1540000 1.2040000 -0.0244368
v 0.1540000 1.2040000 0.0244382
v 0.1540000 1.2100000 -0.0242933
v 0.1540000 1.2100000 0.0242934
v 0.1540000 1.2160000 -0.0241358
v 0.1540000 1.2160000 0.0241341
v 0.1540000 1.2220000 -0.0239640
v 0.1540000 1.2220000 0.0239600
v 0.1540000 1.2280000 -0.0237646
v 0.1540000 1.2280000 0.0237512
v 0.1540000 1.2340000 -0.0232528
v 0.1540000 1.2340000 0.0231607
v 0.1540000 1.2367212 -0.0220000
v 0.1540000 1.2397772 -0.0160000
v 0.1540000 1.2399868 -0.0100000
v 0.1481930 1.2400000 -0.0100000
v 0.1540000 1.2400000 -0.0040000
v 0.1539220 1.2400000 -0.0040000
v 0.1540000 1.2400000 -0.0037334
v 0.1487880 1.2400000 0.0080000
v 0.1540000 1.2400000 0.0023346
v 0.1540000 1.2399930 0.0080000
v 0.1540000 1.2398800 0.0140000
v 0.1540000 1.2385808 0.0200000
v 0.1540000 1.2400004 0.0020000
v 0.1598111 0.7600000 -0.0040000
v 0.1600000 0.7597458 -0.0040000
v 0.1600000 0.7600000 -0.0051718
v 0.1600000 0.7600000 -0.0033929
v 0.1571160 0.7660000 -0.0100000
v 0.1600000 0.7612633 -0.0100000
v 0.1600000 0.7660000 -0.0148245
v 0.1562976 0.7660000 -0.0040000
v 0.1600000 0.7628347 0.0020000
v 0.1580945 0.7660000 0.0020000
v 0.1600000 0.7660000 0.0046346
v 0.1569929 0.7720000 -0.0160000
v 0.1600000 0.7674414 -0.0160000
v 0.1600000 0.7720000 -0.0191553
v 0.1542410 0.7720000 -0.0100000
v 0.1553734 0.7720000 0.0020000
v 0.1600000 0.7716191 0.0080000
v 0.1598091 0.7720000 0.0080000
v 0.1600000 0.7720000 0.0081758
v 0.1565192 0.7780000 -0.0220000
v 0.1600000 0.7757748 -0.0220000
v 0.1600000 0.7780000 -0.0237165
v 0.1575051 0.7780000 0.0080000
v 0.1600000 0.7780000 0.0102604
v 0.1553787 0.7840000 -0.0280000
v 0.1600000 0.7836041 -0.0280000
v 0.1600000 0.7840000 -0.0282438
v 0.1558273 0.7840000 0.0080000
v 0.1600000 0.7840000 0.0117364
v 0.1600000 0.7900000 -0.0312884
v 0.1544550 0.7900000 0.0080000
v 0.1600000 0.7900000 0.0129505
v 0.1600000 0.7960000 -0.0331407
v 0.1590136 0.7960000 0.0140000
v 0.1600000 0.7937773 0.0140000
v 0.1600000 0.7960000 0.0147537
v 0.1600000 0.8016914 -0.0340000
v 0.1600000 0.8020000 -0.0340417
v 0.1564532 0.8020000 0.0140000
v 0.1600000 0.8020000 0.0171647
v 0.1600000 0.8080000 -0.0342640
v 0.1556670 0.8080000 0.0140000
v 0.1600000 0.8080000 0.0180901
v 0.1600000 0.8126796 -0.0340000
v 0.1587398 0.8140000 -0.0340000
v 0.1600000 0.8140000 -0.0339180
v 0.1556635 0.8140000 0.0140000
v 0.1600000 0.8140000 0.0181391
v 0.1600000 0.8200000 -0.0328920
v 0.1559037 0.8200000 0.0140000
v 0.1600000 0.8200000 0.0179428
v 0.1600000 0.8260000 -0.0310578
v 0.1562660 0.8260000 0.0140000
v 0.1600000 0.8260000 0.0176349
v 0.1560530 0.8320000 -0.0280000
v 0.1600000 0.8320000 -0.0282381
v 0.1566821 0.8320000 0.0140000
v 0.1600000 0.8320000 0.0172739
v 0.1600000 0.8324155 -0.0280000
v 0.1563760 0.8380000 -0.0220000
v 0.1600000 0.8380000 -0.0238035
v 0.1570727 0.8380000 0.0140000
v 0.1600000 0.8380000 0.0169316
v 0.1600000 0.8407881 -0.0220000
v 0.1560781 0.8440000 -0.0160000
v 0.1600000 0.8440000 -0.0200214
v 0.1573324 0.8440000 0.0140000
v 0.1600000 0.8440000 0.0167089
v 0.1578871 0.8500000 -0.0160000
v 0.1600000 0.8500000 -0.0180822
v 0.1573338 0.8500000 0.0140000
v 0.1600000 0.8500000 0.0167276
v 0.1585113 0.8560000 -0.0160000
v 0.1600000 0.8560000 -0.0174098
v 0.1542242 0.8560000 -0.0100000
v 0.1570536 0.8560000 0.0140000
v 0.1600000 0.8560000 0.0169977
v 0.1584324 0.8620000 -0.0160000
v 0.1600000 0.8620000 -0.0174251
v 0.1566555 0.8620000 0.0140000
v 0.1600000 0.8620000 0.0173368
v 0.1580818 0.8680000 -0.0160000
v 0.1600000 0.8680000 -0.0176929
v 0.1562414 0.8680000 0.0140000
v 0.1600000 0.8680000 0.0176663
v 0.1576909 0.8740000 -0.0160000
v 0.1600000 0.8740000 -0.0179902
v 0.1558274 0.8740000 0.0140000
v 0.1600000 0.8740000 0.0179786
v 0.1572977 0.8800000 -0.0160000
v 0.1600000 0.8800000 -0.0182758
v 0.1554122 0.8800000 0.0140000
v 0.1600000 0.8800000 0.0182749
v 0.1569022 0.8860000 -0.0160000
v 0.1600000 0.8860000 -0.0185482
v 0.1549940 0.8860000 0.0140000
v 0.1600000 0.8860000 0.0185565
v 0.1565026 0.8920000 -0.0160000
v 0.1600000 0.8920000 -0.0188081
v 0.1545707 0.8920000 0.0140000
v 0.1600000 0.8920000 0.0188244
v 0.1560969 0.8980000 -0.0160000
v 0.1600000 0.8980000 -0.0190563
v 0.1541397 0.8980000 0.0140000
v 0.1600000 0.8980000 0.0190792
v 0.1556829 0.9040000 -0.0160000
v 0.1600000 0.9040000 -0.0192933
v 0.1600000 0.9040000 0.0193218
v 0.1552582 0.9100000 -0.0160000
v 0.1600000 0.9100000 -0.0195195
v 0.1600000 0.9100000 0.0195524
v 0.1548200 0.9160000 -0.0160000
v 0.1600000 0.9160000 -0.0197352
v 0.1600000 0.9160000 0.0197714
v 0.1543650 0.9220000 -0.0160000
v 0.1600000 0.9220000 -0.0199405
v 0.1600000 0.9220000 0.0199791
v 0.1600000 0.9280000 -0.0201354
v 0.1600000 0.9226352 0.0200000
v 0.1597046 0.9280000 0.0200000
v 0.1600000 0.9280000 0.0201666
v 0.1600000 0.9340000 -0.0203199
v 0.1593682 0.9340000 0.0200000
v 0.1600000 0.9340000 0.0203438
v 0.1600000 0.9400000 -0.0204939
v 0.1590229 0.9400000 0.0200000
v 0.1600000 0.9400000 0.0205116
v 0.1600000 0.9460000 -0.0206573
v 0.1586663 0.9460000 0.0200000
v 0.1600000 0.9460000 0.0206698
v 0.1600000 0.9520000 -0.0208098
v 0.1582958 0.9520000 0.0200000
v 0.1600000 0.9520000 0.0208181
v 0.1600000 0.9580000 -0.0209524
v 0.1579055 0.9580000 0.0200000
v 0.1600000 0.9580000 0.0209573
v 0.1600000 0.9640000 -0.0210949
v 0.1574694 0.9640000 0.0200000
v 0.1600000 0.9640000 0.0210970
v 0.1600000 0.9700000 -0.0212568
v 0.1569322 0.9700000 0.0200000
v 0.1600000 0.9700000 0.0212564
v 0.1600000 0.9760000 -0.0214398
v 0.1562706 0.9760000 0.0200000
v 0.1600000 0.9760000 0.0214371
v 0.1600000 0.9820000 -0.0216401
v 0.1554683 0.9820000 0.0200000
v 0.1600000 0.9820000 0.0216356
v 0.1600000 0.9880000 -0.0218540
v 0.1545046 0.9880000 0.0200000
v 0.1600000 0.9880000 0.0218479
v 0.1597307 0.9940000 -0.0220000
v 0.1600000 0.9919081 -0.0220000
v 0.1600000 0.9940000 -0.0220769
v 0.1600000 0.9940000 0.0220705
v 0.1588383 1.0000000 -0.0220000
v 0.1600000 1.0000000 -0.0223049
v 0.1600000 1.0000000 0.0222999
v 0.1577578 1.0060000 -0.0220000
v 0.1600000 1.0060000 -0.0225364
v 0.1600000 1.0060000 0.0225325
v 0.1564429 1.0120000 -0.0220000
v 0.1600000 1.0120000 -0.0227681
v 0.1600000 1.0120000 0.0227650
v 0.1548239 1.0180000 -0.0220000
v 0.1600000 1.0180000 -0.0229965
v 0.1600000 1.0180000 0.0229941
v 0.1600000 1.0240000 -0.0232184
v 0.1600000 1.0240000 0.0232165
v 0.1600000 1.0300000 -0.0234305
v 0.1600000 1.0300000 0.0234289
v 0.1600000 1.0360000 -0.0236293
v 0.1600000 1.0360000 0.0236281
v 0.1600000 1.0420001 -0.0238117
v 0.1600000 1.0420001 0.0238107
v 0.1600000 1.0480000 -0.0239741
v 0.1600000 1.0480000 0.0239733
v 0.1600000 1.0540000 -0.0241131
v 0.1600000 1.0540000 0.0241126
v 0.1600000 1.0600001 -0.0242253
v 0.1600000 1.0600001 0.0242250
v 0.1600000 1.0660000 -0.0243069
v 0.1600000 1.0660000 0.0243069
v 0.1600000 1.0720000 -0.0243544
v 0.1600000 1.0720000 0.0243546
v 0.1600000 1.0779999 -0.0243650
v 0.1600000 1.0779999 0.0243652
v 0.1600000 1.0840000 -0.0243436
v 0.1600000 1.0840000 0.0243438
v 0.1600000 1.0900000 -0.0243070
v 0.1600000 1.0900000 0.0243070
v 0.1600000 1.0960000 -0.0242593
v 0.1600000 1.0960000 0.0242591
v 0.1600000 1.1020000 -0.0242008
v 0.1600000 1.1020000 0.0242001
v 0.1600000 1.1080000 -0.0241311
v 0.1600000 1.1080000 0.0241298
v 0.1600000 1.1140000 -0.0240501
v 0.1600000 1.1140000 0.0240481
v 0.1600000 1.1200000 -0.0239577
v 0.1600000 1.1200000 0.0239546
v 0.1600000 1.1260000 -0.0238536
v 0.1600000 1.1260000 0.0238492
v 0.1600000 1.1320000 -0.0237376
v 0.1600000 1.1320000 0.0237315
v 0.1600000 1.1380000 -0.0236094
v 0.1600000 1.1380000 0.0236013
v 0.1600000 1.1440001 -0.0234689
v 0.1600000 1.1440001 0.0234583
v 0.1600000 1.1500000 -0.0233157
v 0.1600000 1.1500000 0.0233023
v 0.1600000 1.1560000 -0.0231496
v 0.1600000 1.1560000 0.0231327
v 0.1600000 1.1620001 -0.0229702
v 0.1600000 1.1620001 0.0229494
v 0.1600000 1.1680000 -0.0227774
v 0.1600000 1.1680000 0.0227520
v 0.1600000 1.1740000 -0.0225708
v 0.1600000 1.1740000 0.0225402
v 0.1600000 1.1799999 -0.0223501
v 0.1600000 1.1799999 0.0223134
v 0.1600000 1.1860000 -0.0221149
v 0.1600000 1.1860000 0.0220715
v 0.1600000 1.1887683 -0.0220000
v 0.1597356 1.1920000 -0.0220000
v 0.1600000 1.1920000 -0.0218535
v 0.1600000 1.1920000 0.0218139
v 0.1592526 1.1980000 -0.0220000
v 0.1600000 1.1980000 -0.0215645
v 0.1600000 1.1980000 0.0215403
v 0.1587837 1.2040000 -0.0220000
v 0.1600000 1.2040000 -0.0212565
v 0.1600000 1.2040000 0.0212503
v 0.1583267 1.2100000 -0.0220000
v 0.1600000 1.2100000 -0.0209286
v 0.1600000 1.2100000 0.0209434
v 0.1578791 1.2160000 -0.0220000
v 0.1600000 1.2160000 -0.0205805
v 0.1600000 1.2160000 0.0206192
v 0.1574392 1.2220000 -0.0220000
v 0.1600000 1.2220000 -0.0202114
v 0.1600000 1.2220000 0.0202771
v 0.1569883 1.2280000 -0.0220000
v 0.1600000 1.2280000 -0.0198080
v 0.1598720 1.2280000 0.0200000
v 0.1600000 1.2280000 0.0198948
v 0.1600000 1.2265244 0.0200000
v 0.1561004 1.2340000 -0.0220000
v 0.1600000 1.2340000 -0.0190163
v 0.1589654 1.2340000 0.0200000
v 0.1600000 1.2340000 0.0191065
v 0.1600000 1.2379910 -0.0160000
v 0.1600000 1.2397239 -0.0100000
v 0.1600000 1.2398983 -0.0040000
v 0.1600000 1.2399068 0.0020000
v 0.1540298 1.2400000 0.0020000
v 0.1600000 1.2398034 0.0080000
v 0.1600000 1.2389116 0.0140000
v 0.1653285 0.7540000 -0.0040000
v 0.1660000 0.7534481 -0.0040000
v 0.1660000 0.7540000 -0.0068911
v 0.1660000 0.7540000 -0.0024809
v 0.1608944 0.7600000 -0.0100000
v 0.1660000 0.7546912 -0.0100000
v 0.1660000 0.7600000 -0.0159929
v 0.1620801 0.7600000 0.0020000
v 0.1660000 0.7560048 0.0020000
v 0.1660000 0.7600000 0.0058526
v 0.1609945 0.7660000 -0.0160000
v 0.1660000 0.7600089 -0.0160000
v 0.1660000 0.7660000 -0.0196394
v 0.1636114 0.7660000 0.0080000
v 0.1660000 0.7631609 0.0080000
v 0.1660000 0.7660000 0.0095555
v 0.1650185 0.7720000 -0.0220000
v 0.1660000 0.7711247 -0.0220000
v 0.1660000 0.7720000 -0.0224248
v 0.1660000 0.7720000 0.0119749
v 0.1660000 0.7780000 -0.0250325
v 0.1660000 0.7780000 0.0136832
v 0.1617417 0.7840000 -0.0280000
v 0.1660000 0.7840000 -0.0274119
v 0.1660000 0.7795588 0.0140000
v 0.1641099 0.7840000 0.0140000
v 0.1660000 0.7840000 0.0149034
v 0.1660000 0.7856337 -0.0280000
v 0.1660000 0.7900000 -0.0295938
v 0.1619478 0.7900000 0.0140000
v 0.1660000 0.7900000 0.0159706
v 0.1660000 0.7960000 -0.0313349
v 0.1660000 0.7960000 0.0176524
v 0.1601604 0.8020000 -0.0340000
v 0.1660000 0.8020000 -0.0321697
v 0.1660000 0.8010950 0.0200000
v 0.1651447 0.8020000 0.0200000
v 0.1660000 0.8020000 0.0204206
v 0.1609513 0.8080000 -0.0340000
v 0.1660000 0.8080000 -0.0323076
v 0.1629848 0.8080000 0.0200000
v 0.1660000 0.8080000 0.0216461
v 0.1660000 0.8140000 -0.0318937
v 0.1628603 0.8140000 0.0200000
v 0.1660000 0.8140000 0.0217269
v 0.1660000 0.8200000 -0.0309397
v 0.1631744 0.8200000 0.0200000
v 0.1660000 0.8200000 0.0215366
v 0.1660000 0.8260000 -0.0294398
v 0.1636579 0.8260000 0.0200000
v 0.1660000 0.8260000 0.0212598
v 0.1660000 0.8303532 -0.0280000
v 0.1617807 0.8320000 -0.0280000
v 0.1660000 0.8320000 -0.0274040
v 0.1642208 0.8320000 0.0200000
v 0.1660000 0.8320000 0.0209477
v 0.1660000 0.8380000 -0.0250644
v 0.1647585 0.8380000 0.0200000
v 0.1660000 0.8380000 0.0206551
v 0.1636004 0.8440000 -0.0220000
v 0.1660000 0.8440000 -0.0230182
v 0.1651330 0.8440000 0.0200000
v 0.1660000 0.8440000 0.0204526
v 0.1660000 0.8483310 -0.0220000
v 0.1660000 0.8500000 -0.0216378
v 0.1651926 0.8500000 0.0200000
v 0.1660000 0.8500000 0.0204142
v 0.1660000 0.8560000 -0.0209232
v 0.1649335 0.8560000 0.0200000
v 0.1660000 0.8560000 0.0205308
v 0.1660000 0.8620000 -0.0207317
v 0.1645810 0.8620000 0.0200000
v 0.1660000 0.8620000 0.0206793
v 0.1660000 0.8680000 -0.0208154
v 0.1642144 0.8680000 0.0200000
v 0.1660000 0.8680000 0.0208200
v 0.1660000 0.8740000 -0.0209448
v 0.1638399 0.8740000 0.0200000
v 0.1660000 0.8740000 0.0209499
v 0.1660000 0.8800000 -0.0210667
v 0.1634551 0.8800000 0.0200000
v 0.1660000 0.8800000 0.0210693
v 0.1660000 0.8860000 -0.0211778
v 0.1630567 0.8860000 0.0200000
v 0.1660000 0.8860000 0.0211785
v 0.1660000 0.8920000 -0.0212783
v 0.1626409 0.8920000 0.0200000
v 0.1660000 0.8920000 0.0212777
v 0.1660000 0.8980000 -0.0213685
v 0.1622029 0.8980000 0.0200000
v 0.1660000 0.8980000 0.0213669
v 0.1660000 0.9040000 -0.0214483
v 0.1617362 0.9040000 0.0200000
v 0.1660000 0.9040000 0.0214461
v 0.1660000 0.9100000 -0.0215178
v 0.1612329 0.9100000 0.0200000
v 0.1660000 0.9100000 0.0215153
v 0.1660000 0.9160000 -0.0215770
v 0.1606818 0.9160000 0.0200000
v 0.1660000 0.9160000 0.0215743
v 0.1660000 0.9220000 -0.0216257
v 0.1600681 0.9220000 0.0200000
v 0.1660000 0.9220000 0.0216229
v 0.1660000 0.9280000 -0.0216639
v 0.1660000 0.9280000 0.0216612
v 0.1660000 0.9340000 -0.0216915
v 0.1660000 0.9340000 0.0216888
v 0.1660000 0.9400000 -0.0217082
v 0.1660000 0.9400000 0.0217056
v 0.1660000 0.9460000 -0.0217141
v 0.1660000 0.9460000 0.0217115
v 0.1660000 0.9520000 -0.0217090
v 0.1660000 0.9520000 0.0217064
v 0.1660000 0.9580000 -0.0216941
v 0.1660000 0.9580000 0.0216914
v 0.1660000 0.9640000 -0.0216792
v 0.1660000 0.9640000 0.0216764
v 0.1660000 0.9700000 -0.0216843
v 0.1660000 0.9700000 0.0216811
v 0.1660000 0.9760000 -0.0217116
v 0.1660000 0.9760000 0.0217078
v 0.1660000 0.9820000 -0.0217582
v 0.1660000 0.9820000 0.0217534
v 0.1660000 0.9880000 -0.0218207
v 0.1660000 0.9880000 0.0218146
v 0.1625839 0.9940000 -0.0220000
v 0.1660000 0.9940000 -0.0218961
v 0.1660000 0.9940000 0.0218882
v 0.1656564 1.0000000 -0.0220000
v 0.1660000 1.0000000 -0.0219809
v 0.1660000 1.0000000 0.0219708
v 0.1660000 1.0012608 -0.0220000
v 0.1660000 1.0060000 -0.0220706
v 0.1660000 1.0060000 0.0220592
v 0.1660000 1.0120000 -0.0221623
v 0.1660000 1.0120000 0.0221500
v 0.1660000 1.0180000 -0.0222529
v 0.1660000 1.0180000 0.0222397
v 0.1660000 1.0240000 -0.0223390
v 0.1660000 1.0240000 0.0223249
v 0.1660000 1.0300000 -0.0224171
v 0.1660000 1.0300000 0.0224021
v 0.1660000 1.0360000 -0.0224834
v 0.1660000 1.0360000 0.0224675
v 0.1660000 1.0420001 -0.0225343
v 0.1660000 1.0420001 0.0225174
v 0.1660000 1.0480000 -0.0225659
v 0.1660000 1.0480000 0.0225478
v 0.1660000 1.0540000 -0.0225742
v 0.1660000 1.0540000 0.0225547
v 0.1660000 1.0600001 -0.0225551
v 0.1660000 1.0600001 0.0225337
v 0.1660000 1.0660000 -0.0225043
v 0.1660000 1.0660000 0.0224806
v 0.1660000 1.0720000 -0.0224173
v 0.1660000 1.0720000 0.0223906
v 0.1660000 1.0779999 -0.0222907
v 0.1660000 1.0779999 0.0222602
v 0.1660000 1.0840000 -0.0221295
v 0.1660000 1.0840000 0.0220944
v 0.1660000 1.0883738 -0.0220000
v 0.1658854 1.0900000 -0.0220000
v 0.1660000 1.0900000 -0.0219482
v 0.1660000 1.0900000 0.0219111
v 0.1654667 1.0960000 -0.0220000
v 0.1660000 1.0960000 -0.0217437
v 0.1660000 1.0960000 0.0217148
v 0.1650656 1.1020000 -0.0220000
v 0.1660000 1.1020000 -0.0215246
v 0.1660000 1.1020000 0.0215057
v 0.1646788 1.1080000 -0.0220000
v 0.1660000 1.1080000 -0.0212902
v 0.1660000 1.1080000 0.0212834
v 0.1643035 1.1140000 -0.0220000
v 0.1660000 1.1140000 -0.0210403
v 0.1660000 1.1140000 0.0210475
v 0.1639376 1.1200000 -0.0220000
v 0.1660000 1.1200000 -0.0207742
v 0.1660000 1.1200000 0.0207978
v 0.1635794 1.1260000 -0.0220000
v 0.1660000 1.1260000 -0.0204916
v 0.1660000 1.1260000 0.0205340
v 0.1632272 1.1320000 -0.0220000
v 0.1660000 1.1320000 -0.0201920
v 0.1660000 1.1320000 0.0202556
v 0.1628797 1.1380000 -0.0220000
v 0.1660000 1.1380000 -0.0198750
v 0.1659447 1.1380000 0.0200000
v 0.1660000 1.1380000 0.0199576
v 0.1660000 1.1372372 0.0200000
v 0.1625357 1.1440001 -0.0220000
v 0.1660000 1.1440001 -0.0195399
v 0.1655097 1.1440001 0.0200000
v 0.1660000 1.1440001 0.0196081
v 0.1621944 1.1500000 -0.0220000
v 0.1660000 1.1500000 -0.0191865
v 0.1650846 1.1500000 0.0200000
v 0.1660000 1.1500000 0.0192380
v 0.1618548 1.1560000 -0.0220000
v 0.1660000 1.1560000 -0.0188141
v 0.1646677 1.1560000 0.0200000
v 0.1660000 1.1560000 0.0188468
v 0.1615162 1.1620001 -0.0220000
v 0.1660000 1.1620001 -0.0184223
v 0.1642575 1.1620001 0.0200000
v 0.1660000 1.1620001 0.0184338
v 0.1611779 1.1680000 -0.0220000
v 0.1660000 1.1680000 -0.0180105
v 0.1638527 1.1680000 0.0200000
v 0.1660000 1.1680000 0.0179985
v 0.1608395 1.1740000 -0.0220000
v 0.1660000 1.1740000 -0.0175783
v 0.1634523 1.1740000 0.0200000
v 0.1660000 1.1740000 0.0175403
v 0.1605001 1.1799999 -0.0220000
v 0.1660000 1.1799999 -0.0171251
v 0.1630552 1.1799999 0.0200000
v 0.1660000 1.1799999 0.0170586
v 0.1601596 1.1860000 -0.0220000
v 0.1660000 1.1860000 -0.0166504
v 0.1626605 1.1860000 0.0200000
v 0.1660000 1.1860000 0.0165527
v 0.1660000 1.1920000 -0.0161537
v 0.1622675 1.1920000 0.0200000
v 0.1660000 1.1920000 0.0160222
v 0.1660000 1.1937913 -0.0160000
v 0.1656836 1.1980000 -0.0160000
v 0.1660000 1.1980000 -0.0155346
v 0.1618756 1.1980000 0.0200000
v 0.1660000 1.1980000 0.0154662
v 0.1652343 1.2040000 -0.0160000
v 0.1660000 1.2040000 -0.0148396
v 0.1614840 1.2040000 0.0200000
v 0.1660000 1.2040000 0.0148843
v 0.1647878 1.2100000 -0.0160000
v 0.1660000 1.2100000 -0.0141090
v 0.1610921 1.2100000 0.0200000
v 0.1660000 1.2100000 0.0142758
v 0.1643433 1.2160000 -0.0160000
v 0.1660000 1.2160000 -0.0133419
v 0.1657435 1.2160000 0.0140000
v 0.1660000 1.2160000 0.0135067
v 0.1660000 1.2126225 0.0140000
v 0.1606996 1.2160000 0.0200000
v 0.1639000 1.2220000 -0.0160000
v 0.1660000 1.2220000 -0.0125374
v 0.1652873 1.2220000 0.0140000
v 0.1660000 1.2220000 0.0125922
v 0.1603058 1.2220000 0.0200000
v 0.1634450 1.2280000 -0.0160000
v 0.1660000 1.2280000 -0.0116833
v 0.1648143 1.2280000 0.0140000
v 0.1660000 1.2280000 0.0116079
v 0.1626523 1.2340000 -0.0160000
v 0.1660000 1.2340000 -0.0104424
v 0.1639795 1.2340000 0.0140000
v 0.1660000 1.2340000 0.0100308
v 0.1660000 1.2346473 -0.0100000
v 0.1660000 1.2374774 -0.0040000
v 0.1660000 1.2377053 0.0020000
v 0.1660000 1.2360895 0.0080000
v 0.1671285 0.7540000 -0.0100000
v 0.1720000 0.7515818 -0.0100000
v 0.1720000 0.7540000 -0.0134106
v 0.1720000 0.7504331 -0.0040000
v 0.1693889 0.7540000 0.0020000
v 0.1720000 0.7527392 0.0020000
v 0.1720000 0.7540000 0.0035181
v 0.1660122 0.7600000 -0.0160000
v 0.1720000 0.7565292 -0.0160000
v 0.1720000 0.7600000 -0.0185302
v 0.1705839 0.7600000 0.0080000
v 0.1720000 0.7592135 0.0080000
v 0.1720000 0.7600000 0.0085292
v 0.1720000 0.7660000 -0.0215854
v 0.1720000 0.7660000 0.0115940
v 0.1720000 0.7671277 -0.0220000
v 0.1720000 0.7720000 -0.0238582
v 0.1720000 0.7720000 0.0137105
v 0.1720000 0.7780000 -0.0256438
v 0.1720000 0.7731335 0.0140000
v 0.1671462 0.7780000 0.0140000
v 0.1720000 0.7780000 0.0152702
v 0.1720000 0.7840000 -0.0270622
v 0.1720000 0.7840000 0.0164105
v 0.1720000 0.7885544 -0.0280000
v 0.1720000 0.7900000 -0.0283521
v 0.1720000 0.7900000 0.0174063
v 0.1720000 0.7960000 -0.0297845
v 0.1720000 0.7960000 0.0189714
v 0.1720000 0.8020000 -0.0305755
v 0.1720000 0.7983170 0.0200000
v 0.1720000 0.8020000 0.0219458
v 0.1720000 0.8080000 -0.0306198
v 0.1720000 0.8080000 0.0234241
v 0.1720000 0.8140000 -0.0302058
v 0.1720000 0.8140000 0.0234940
v 0.1720000 0.8200000 -0.0294258
v 0.1720000 0.8200000 0.0232509
v 0.1720000 0.8260000 -0.0283155
v 0.1720000 0.8260000 0.0229176
v 0.1720000 0.8273793 -0.0280000
v 0.1720000 0.8320000 -0.0269902
v 0.1720000 0.8320000 0.0225467
v 0.1720000 0.8380000 -0.0255547
v 0.1720000 0.8380000 0.0221865
v 0.1720000 0.8440000 -0.0241608
v 0.1720000 0.8440000 0.0218982
v 0.1675092 0.8500000 -0.0220000
v 0.1720000 0.8500000 -0.0229920
v 0.1720000 0.8500000 0.0217449
v 0.1710691 0.8560000 -0.0220000
v 0.1720000 0.8560000 -0.0221867
v 0.1720000 0.8560000 0.0217231
v 0.1720000 0.8589492 -0.0220000
v 0.1720000 0.8620000 -0.0218148
v 0.1720000 0.8620000 0.0217316
v 0.1720000 0.8680000 -0.0217412
v 0.1720000 0.8680000 0.0217332
v 0.1720000 0.8740000 -0.0217268
v 0.1720000 0.8740000 0.0217242
v 0.1720000 0.8800000 -0.0217069
v 0.1720000 0.8800000 0.0217042
v 0.1720000 0.8860000 -0.0216759
v 0.1720000 0.8860000 0.0216732
v 0.1720000 0.8920000 -0.0216336
v 0.1720000 0.8920000 0.0216308
v 0.1720000 0.8980000 -0.0215797
v 0.1720000 0.8980000 0.0215769
v 0.1720000 0.9040000 -0.0215137
v 0.1720000 0.9040000 0.0215111
v 0.1720000 0.9100000 -0.0214354
v 0.1720000 0.9100000 0.0214332
v 0.1720000 0.9160000 -0.0213444
v 0.1720000 0.9160000 0.0213431
v 0.1720000 0.9220000 -0.0212406
v 0.1720000 0.9220000 0.0212404
v 0.1720000 0.9280000 -0.0211235
v 0.1720000 0.9280000 0.0211252
v 0.1720000 0.9340000 -0.0209933
v 0.1720000 0.9340000 0.0209973
v 0.1720000 0.9400000 -0.0208497
v 0.1720000 0.9400000 0.0208570
v 0.1720000 0.9460000 -0.0206930
v 0.1720000 0.9460000 0.0207045
v 0.1720000 0.9520000 -0.0205234
v 0.1720000 0.9520000 0.0205401
v 0.1720000 0.9580000 -0.0203427
v 0.1720000 0.9580000 0.0203657
v 0.1720000 0.9640000 -0.0201615
v 0.1720000 0.9640000 0.0201918
v 0.1720000 0.9700000 -0.0200012
v 0.1720000 0.9700000 0.0200390
v 0.1720000 0.9760000 -0.0198646
v 0.1717174 0.9760000 0.0200000
v 0.1720000 0.9760000 0.0199043
v 0.1720000 0.9718207 0.0200000
v 0.1720000 0.9820000 -0.0197491
v 0.1714281 0.9820000 0.0200000
v 0.1720000 0.9820000 0.0197887
v 0.1720000 0.9880000 -0.0196515
v 0.1712288 0.9880000 0.0200000
v 0.1720000 0.9880000 0.0196910
v 0.1720000 0.9940000 -0.0195685
v 0.1710927 0.9940000 0.0200000
v 0.1720000 0.9940000 0.0196081
v 0.1720000 1.0000000 -0.0194967
v 0.1709995 1.0000000 0.0200000
v 0.1720000 1.0000000 0.0195365
v 0.1661840 1.0060000 -0.0220000
v 0.1720000 1.0060000 -0.0194324
v 0.1709338 1.0060000 0.0200000
v 0.1720000 1.0060000 0.0194725
v 0.1664007 1.0120000 -0.0220000
v 0.1720000 1.0120000 -0.0193721
v 0.1708833 1.0120000 0.0200000
v 0.1720000 1.0120000 0.0194122
v 0.1665937 1.0180000 -0.0220000
v 0.1720000 1.0180000 -0.0193116
v 0.1708380 1.0180000 0.0200000
v 0.1720000 1.0180000 0.0193516
v 0.1667587 1.0240000 -0.0220000
v 0.1720000 1.0240000 -0.0192468
v 0.1707900 1.0240000 0.0200000
v 0.1720000 1.0240000 0.0192863
v 0.1668922 1.0300000 -0.0220000
v 0.1720000 1.0300000 -0.0191734
v 0.1707321 1.0300000 0.0200000
v 0.1720000 1.0300000 0.0192118
v 0.1669906 1.0360000 -0.0220000
v 0.1720000 1.0360000 -0.0190867
v 0.1706585 1.0360000 0.0200000
v 0.1720000 1.0360000 0.0191232
v 0.1670510 1.0420001 -0.0220000
v 0.1720000 1.0420001 -0.0189819
v 0.1705638 1.0420001 0.0200000
v 0.1720000 1.0420001 0.0190152
v 0.1670704 1.0480000 -0.0220000
v 0.1720000 1.0480000 -0.0188538
v 0.1704434 1.0480000 0.0200000
v 0.1720000 1.0480000 0.0188826
v 0.1670462 1.0540000 -0.0220000
v 0.1720000 1.0540000 -0.0186971
v 0.1702930 1.0540000 0.0200000
v 0.1720000 1.0540000 0.0187194
v 0.1669756 1.0600001 -0.0220000
v 0.1720000 1.0600001 -0.0185060
v 0.1701085 1.0600001 0.0200000
v 0.1720000 1.0600001 0.0185196
v 0.1668560 1.0660000 -0.0220000
v 0.1720000 1.0660000 -0.0182747
v 0.1698865 1.0660000 0.0200000
v 0.1720000 1.0660000 0.0182768
v 0.1666850 1.0720000 -0.0220000
v 0.1720000 1.0720000 -0.0179969
v 0.1696232 1.0720000 0.0200000
v 0.1720000 1.0720000 0.0179841
v 0.1664620 1.0779999 -0.0220000
v 0.1720000 1.0779999 -0.0176673
v 0.1693172 1.0779999 0.0200000
v 0.1720000 1.0779999 0.0176359
v 0.1661994 1.0840000 -0.0220000
v 0.1720000 1.0840000 -0.0172916
v 0.1689795 1.0840000 0.0200000
v 0.1720000 1.0840000 0.0172380
v 0.1720000 1.0900000 -0.0168922
v 0.1686380 1.0900000 0.0200000
v 0.1720000 1.0900000 0.0168138
v 0.1720000 1.0960000 -0.0164746
v 0.1682991 1.0960000 0.0200000
v 0.1720000 1.0960000 0.0163693
v 0.1720000 1.1020000 -0.0160390
v 0.1679625 1.1020000 0.0200000
v 0.1720000 1.1020000 0.0159043
v 0.1720000 1.1025212 -0.0160000
v 0.1716256 1.1080000 -0.0160000
v 0.1720000 1.1080000 -0.0154750
v 0.1676275 1.1080000 0.0200000
v 0.1720000 1.1080000 0.0154186
v 0.1712205 1.1140000 -0.0160000
v 0.1720000 1.1140000 -0.0148722
v 0.1672935 1.1140000 0.0200000
v 0.1720000 1.1140000 0.0149115
v 0.1708197 1.1200000 -0.0160000
v 0.1720000 1.1200000 -0.0142399
v 0.1669601 1.1200000 0.0200000
v 0.1720000 1.1200000 0.0143826
v 0.1704225 1.1260000 -0.0160000
v 0.1720000 1.1260000 -0.0135776
v 0.1718754 1.1260000 0.0140000
v 0.1720000 1.1260000 0.0137706
v 0.1720000 1.1241827 0.0140000
v 0.1666266 1.1260000 0.0200000
v 0.1700281 1.1320000 -0.0160000
v 0.1720000 1.1320000 -0.0128847
v 0.1714642 1.1320000 0.0140000
v 0.1720000 1.1320000 0.0129852
v 0.1662927 1.1320000 0.0200000
v 0.1696359 1.1380000 -0.0160000
v 0.1720000 1.1380000 -0.0121605
v 0.1710558 1.1380000 0.0140000
v 0.1720000 1.1380000 0.0121622
v 0.1692452 1.1440001 -0.0160000
v 0.1720000 1.1440001 -0.0114044
v 0.1706494 1.1440001 0.0140000
v 0.1720000 1.1440001 0.0113008
v 0.1688555 1.1500000 -0.0160000
v 0.1720000 1.1500000 -0.0106158
v 0.1702446 1.1500000 0.0140000
v 0.1720000 1.1500000 0.0104002
v 0.1684663 1.1560000 -0.0160000
v 0.1720000 1.1545129 -0.0100000
v 0.1718972 1.1560000 -0.0100000
v 0.1720000 1.1560000 -0.0096498
v 0.1698408 1.1560000 0.0140000
v 0.1720000 1.1560000 0.0094597
v 0.1680772 1.1620001 -0.0160000
v 0.1714809 1.1620001 -0.0100000
v 0.1720000 1.1620001 -0.0081901
v 0.1694374 1.1620001 0.0140000
v 0.1720000 1.1620001 0.0084785
v 0.1676877 1.1680000 -0.0160000
v 0.1710646 1.1680000 -0.0100000
v 0.1720000 1.1680000 -0.0066632
v 0.1717799 1.1680000 0.0080000
v 0.1720000 1.1680000 0.0068837
v 0.1720000 1.1648319 0.0080000
v 0.1690341 1.1680000 0.0140000
v 0.1672974 1.1740000 -0.0160000
v 0.1706478 1.1740000 -0.0100000
v 0.1720000 1.1740000 -0.0050679
v 0.1713615 1.1740000 0.0080000
v 0.1720000 1.1740000 0.0046911
v 0.1686304 1.1740000 0.0140000
v 0.1669061 1.1799999 -0.0160000
v 0.1702301 1.1799999 -0.0100000
v 0.1720000 1.1778727 -0.0040000
v 0.1718517 1.1799999 -0.0040000
v 0.1720000 1.1799999 0.0000350
v 0.1709420 1.1799999 0.0080000
v 0.1720000 1.1799999 0.0024000
v 0.1682260 1.1799999 0.0140000
v 0.1665134 1.1860000 -0.0160000
v 0.1698114 1.1860000 -0.0100000
v 0.1714309 1.1860000 -0.0040000
v 0.1720000 1.1810187 0.0020000
v 0.1716513 1.1860000 0.0020000
v 0.1705211 1.1860000 0.0080000
v 0.1678206 1.1860000 0.0140000
v 0.1661189 1.1920000 -0.0160000
v 0.1693913 1.1920000 -0.0100000
v 0.1710079 1.1920000 -0.0040000
v 0.1712287 1.1920000 0.0020000
v 0.1700985 1.1920000 0.0080000
v 0.1674138 1.1920000 0.0140000
v 0.1689694 1.1980000 -0.0100000
v 0.1705823 1.1980000 -0.0040000
v 0.1708034 1.1980000 0.0020000
v 0.1696740 1.1980000 0.0080000
v 0.1670052 1.1980000 0.0140000
v 0.1685456 1.2040000 -0.0100000
v 0.1701543 1.2040000 -0.0040000
v 0.1703754 1.2040000 0.0020000
v 0.1692474 1.2040000 0.0080000
v 0.1665947 1.2040000 0.0140000
v 0.1681195 1.2100000 -0.0100000
v 0.1697233 1.2100000 -0.0040000
v 0.1699445 1.2100000 0.0020000
v 0.1688184 1.2100000 0.0080000
v 0.1661820 1.2100000 0.0140000
v 0.1676911 1.2160000 -0.0100000
v 0.1692895 1.2160000 -0.0040000
v 0.1695104 1.2160000 0.0020000
v 0.1683868 1.2160000 0.0080000
v 0.1672600 1.2220000 -0.0100000
v 0.1688523 1.2220000 -0.0040000
v 0.1690729 1.2220000 0.0020000
v 0.1679523 1.2220000 0.0080000
v 0.1668195 1.2280000 -0.0100000
v 0.1683887 1.2280000 -0.0040000
v 0.1686070 1.2280000 0.0020000
v 0.1674997 1.2280000 0.0080000
v 0.1662083 1.2340000 -0.0100000
v 0.1676003 1.2340000 -0.0040000
v 0.1677951 1.2340000 0.0020000
v 0.1667967 1.2340000 0.0080000
v 0.1780000 0.7511514 -0.0100000
v 0.1780000 0.7540000 -0.0139628
v 0.1780000 0.7500114 -0.0040000
v 0.1780000 0.7523033 0.0020000
v 0.1780000 0.7540000 0.0040208
v 0.1780000 0.7560323 -0.0160000
v 0.1780000 0.7600000 -0.0188656
v 0.1780000 0.7587144 0.0080000
v 0.1780000 0.7600000 0.0088592
v 0.1780000 0.7660000 -0.0218278
v 0.1780000 0.7660000 0.0118657
v 0.1780000 0.7664868 -0.0220000
v 0.1780000 0.7720000 -0.0239791
v 0.1780000 0.7720000 0.0139360
v 0.1780000 0.7780000 -0.0255513
v 0.1780000 0.7722548 0.0140000
v 0.1780000 0.7780000 0.0154892
v 0.1780000 0.7840000 -0.0266967
v 0.1780000 0.7840000 0.0166171
v 0.1746549 0.7900000 -0.0280000
v 0.1780000 0.7900000 -0.0276455
v 0.1780000 0.7900000 0.0176002
v 0.1780000 0.7919663 -0.0280000
v 0.1780000 0.7960000 -0.0288467
v 0.1780000 0.7960000 0.0191495
v 0.1780000 0.8020000 -0.0296172
v 0.1780000 0.7979172 0.0200000
v 0.1780000 0.8020000 0.0222469
v 0.1780000 0.8080000 -0.0295920
v 0.1780000 0.8080000 0.0237371
v 0.1780000 0.8140000 -0.0291633
v 0.1780000 0.8140000 0.0237321
v 0.1780000 0.8200000 -0.0284656
v 0.1780000 0.8200000 0.0234050
v 0.1780000 0.8229947 -0.0280000
v 0.1742733 0.8260000 -0.0280000
v 0.1780000 0.8260000 -0.0275540
v 0.1780000 0.8260000 0.0229776
v 0.1780000 0.8320000 -0.0264642
v 0.1780000 0.8320000 0.0224975
v 0.1780000 0.8380000 -0.0252153
v 0.1780000 0.8380000 0.0220067
v 0.1780000 0.8440000 -0.0238916
v 0.1780000 0.8440000 0.0215621
v 0.1780000 0.8500000 -0.0226335
v 0.1780000 0.8500000 0.0212324
v 0.1780000 0.8537647 -0.0220000
v 0.1740260 0.8560000 -0.0220000
v 0.1780000 0.8560000 -0.0216196
v 0.1780000 0.8560000 0.0210426
v 0.1780000 0.8620000 -0.0210191
v 0.1780000 0.8620000 0.0209020
v 0.1780000 0.8680000 -0.0207570
v 0.1780000 0.8680000 0.0207560
v 0.1780000 0.8740000 -0.0205816
v 0.1780000 0.8740000 0.0205963
v 0.1780000 0.8800000 -0.0204011
v 0.1780000 0.8800000 0.0204222
v 0.1780000 0.8860000 -0.0202046
v 0.1780000 0.8860000 0.0202331
v 0.1780000 0.8920000 -0.0199912
v 0.1780000 0.8920000 0.0200287
v 0.1780000 0.8980000 -0.0197603
v 0.1773868 0.8980000 0.0200000
v 0.1780000 0.8980000 0.0197969
v 0.1780000 0.8927913 0.0200000
v 0.1780000 0.9040000 -0.0195115
v 0.1767469 0.9040000 0.0200000
v 0.1780000 0.9040000 0.0195442
v 0.1780000 0.9100000 -0.0192444
v 0.1761656 0.9100000 0.0200000
v 0.1780000 0.9100000 0.0192718
v 0.1780000 0.9160000 -0.0189589
v 0.1756312 0.9160000 0.0200000
v 0.1780000 0.9160000 0.0189793
v 0.1780000 0.9220000 -0.0186549
v 0.1751350 0.9220000 0.0200000
v 0.1780000 0.9220000 0.0186666
v 0.1780000 0.9280000 -0.0183328
v 0.1746702 0.9280000 0.0200000
v 0.1780000 0.9280000 0.0183339
v 0.1780000 0.9340000 -0.0179930
v 0.1742316 0.9340000 0.0200000
v 0.1780000 0.9340000 0.0179816
v 0.1780000 0.9400000 -0.0176364
v 0.1738151 0.9400000 0.0200000
v 0.1780000 0.9400000 0.0176105
v 0.1780000 0.9460000 -0.0172641
v 0.1734174 0.9460000 0.0200000
v 0.1780000 0.9460000 0.0172217
v 0.1780000 0.9520000 -0.0168777
v 0.1730361 0.9520000 0.0200000
v 0.1780000 0.9520000 0.0168168
v 0.1780000 0.9580000 -0.0164804
v 0.1726710 0.9580000 0.0200000
v 0.1780000 0.9580000 0.0163992
v 0.1780000 0.9640000 -0.0160849
v 0.1723376 0.9640000 0.0200000
v 0.1780000 0.9640000 0.0159821
v 0.1780000 0.9653873 -0.0160000
v 0.1776524 0.9700000 -0.0160000
v 0.1780000 0.9700000 -0.0156548
v 0.1720660 0.9700000 0.0200000
v 0.1780000 0.9700000 0.0155896
v 0.1772648 0.9760000 -0.0160000
v 0.1780000 0.9760000 -0.0152365
v 0.1780000 0.9760000 0.0152254
v 0.1769337 0.9820000 -0.0160000
v 0.1780000 0.9820000 -0.0148445
v 0.1780000 0.9820000 0.0148867
v 0.1766488 0.9880000 -0.0160000
v 0.1780000 0.9880000 -0.0144754
v 0.1780000 0.9880000 0.0145700
v 0.1764014 0.9940000 -0.0160000
v 0.1780000 0.9940000 -0.0141250
v 0.1780000 0.9940000 0.0142716
v 0.1761835 1.0000000 -0.0160000
v 0.1780000 1.0000000 -0.0137891
v 0.1779888 1.0000000 0.0140000
v 0.1780000 1.0000000 0.0139836
v 0.1780000 0.9997398 0.0140000
v 0.1759881 1.0060000 -0.0160000
v 0.1780000 1.0060000 -0.0134628
v 0.1777496 1.0060000 0.0140000
v 0.1780000 1.0060000 0.0136207
v 0.1758087 1.0120000 -0.0160000
v 0.1780000 1.0120000 -0.0131409
v 0.1775285 1.0120000 0.0140000
v 0.1780000 1.0120000 0.0132612
v 0.1756395 1.0180000 -0.0160000
v 0.1780000 1.0180000 -0.0128174
v 0.1773198 1.0180000 0.0140000
v 0.1780000 1.0180000 0.0128988
v 0.1754751 1.0240000 -0.0160000
v 0.1780000 1.0240000 -0.0124863
v 0.1771179 1.0240000 0.0140000
v 0.1780000 1.0240000 0.0125264
v 0.1753102 1.0300000 -0.0160000
v 0.1780000 1.0300000 -0.0121408
v 0.1769178 1.0300000 0.0140000
v 0.1780000 1.0300000 0.0121366
v 0.1751402 1.0360000 -0.0160000
v 0.1780000 1.0360000 -0.0117736
v 0.1767147 1.0360000 0.0140000
v 0.1780000 1.0360000 0.0117211
v 0.1749604 1.0420001 -0.0160000
v 0.1780000 1.0420001 -0.0113773
v 0.1765041 1.0420001 0.0140000
v 0.1780000 1.0420001 0.0112713
v 0.1747665 1.0480000 -0.0160000
v 0.1780000 1.0480000 -0.0109434
v 0.1762815 1.0480000 0.0140000
v 0.1780000 1.0480000 0.0107777
v 0.1745543 1.0540000 -0.0160000
v 0.1780000 1.0540000 -0.0104634
v 0.1760428 1.0540000 0.0140000
v 0.1780000 1.0540000 0.0102303
v 0.1743198 1.0600001 -0.0160000
v 0.1780000 1.0592035 -0.0100000
v 0.1779622 1.0600001 -0.0100000
v 0.1780000 1.0600001 -0.0098786
v 0.1757838 1.0600001 0.0140000
v 0.1780000 1.0600001 0.0096185
v 0.1740588 1.0660000 -0.0160000
v 0.1776543 1.0660000 -0.0100000
v 0.1780000 1.0660000 -0.0088623
v 0.1755006 1.0660000 0.0140000
v 0.1780000 1.0660000 0.0089310
v 0.1737678 1.0720000 -0.0160000
v 0.1773209 1.0720000 -0.0100000
v 0.1780000 1.0720000 -0.0077114
v 0.1751895 1.0720000 0.0140000
v 0.1780000 1.0720000 0.0081558
v 0.1734442 1.0779999 -0.0160000
v 0.1769596 1.0779999 -0.0100000
v 0.1780000 1.0779999 -0.0064104
v 0.1777015 1.0779999 0.0080000
v 0.1780000 1.0779999 0.0065342
v 0.1780000 1.0730850 0.0080000
v 0.1748476 1.0779999 0.0140000
v 0.1730951 1.0840000 -0.0160000
v 0.1765762 1.0840000 -0.0100000
v 0.1780000 1.0840000 -0.0049732
v 0.1773151 1.0840000 0.0080000
v 0.1780000 1.0840000 0.0045609
v 0.1744819 1.0840000 0.0140000
v 0.1727407 1.0900000 -0.0160000
v 0.1761886 1.0900000 -0.0100000
v 0.1780000 1.0878831 -0.0040000
v 0.1778622 1.0900000 -0.0040000
v 0.1780000 1.0900000 -0.0003570
v 0.1769244 1.0900000 0.0080000
v 0.1780000 1.0900000 0.0024804
v 0.1741115 1.0900000 0.0140000
v 0.1723860 1.0960000 -0.0160000
v 0.1758014 1.0960000 -0.0100000
v 0.1774705 1.0960000 -0.0040000
v 0.1780000 1.0913492 0.0020000
v 0.1776968 1.0960000 0.0020000
v 0.1765338 1.0960000 0.0080000
v 0.1737414 1.0960000 0.0140000
v 0.1720311 1.1020000 -0.0160000
v 0.1754145 1.1020000 -0.0100000
v 0.1770782 1.1020000 -0.0040000
v 0.1773047 1.1020000 0.0020000
v 0.1761433 1.1020000 0.0080000
v 0.1733714 1.1020000 0.0140000
v 0.1750275 1.1080000 -0.0100000
v 0.1766852 1.1080000 -0.0040000
v 0.1769117 1.1080000 0.0020000
v 0.1757526 1.1080000 0.0080000
v 0.1730014 1.1080000 0.0140000
v 0.1746402 1.1140000 -0.0100000
v 0.1762912 1.1140000 -0.0040000
v 0.1765176 1.1140000 0.0020000
v 0.1753614 1.1140000 0.0080000
v 0.1726309 1.1140000 0.0140000
v 0.1742524 1.1200000 -0.0100000
v 0.1758962 1.1200000 -0.0040000
v 0.1761222 1.1200000 0.0020000
v 0.1749694 1.1200000 0.0080000
v 0.1722598 1.1200000 0.0140000
v 0.1738639 1.1260000 -0.0100000
v 0.1754999 1.1260000 -0.0040000
v 0.1757254 1.1260000 0.0020000
v 0.1745767 1.1260000 0.0080000
v 0.1734743 1.1320000 -0.0100000
v 0.1751022 1.1320000 -0.0040000
v 0.1753272 1.1320000 0.0020000
v 0.1741829 1.1320000 0.0080000
v 0.1730835 1.1380000 -0.0100000
v 0.1747030 1.1380000 -0.0040000
v 0.1749272 1.1380000 0.0020000
v 0.1737878 1.1380000 0.0080000
v 0.1726914 1.1440001 -0.0100000
v 0.1743021 1.1440001 -0.0040000
v 0.1745256 1.1440001 0.0020000
v 0.1733911 1.1440001 0.0080000
v 0.1722977 1.1500000 -0.0100000
v 0.1738993 1.1500000 -0.0040000
v 0.1741220 1.1500000 0.0020000
v 0.1729929 1.1500000 0.0080000
v 0.1734946 1.1560000 -0.0040000
v 0.1737163 1.1560000 0.0020000
v 0.1725929 1.1560000 0.0080000
v 0.1730877 1.1620001 -0.0040000
v 0.1733085 1.1620001 0.0020000
v 0.1721909 1.1620001 0.0080000
v 0.1726786 1.1680000 -0.0040000
v 0.1728985 1.1680000 0.0020000
v 0.1722672 1.1740000 -0.0040000
v 0.1724860 1.1740000 0.0020000
v 0.1720709 1.1799999 0.0020000
v 0.1840000 0.7533165 -0.0100000
v 0.1840000 0.7540000 -0.0110134
v 0.1840000 0.7521456 -0.0040000
v 0.1827372 0.7540000 0.0020000
v 0.1840000 0.7540000 0.0008609
v 0.1840000 0.7585181 -0.0160000
v 0.1840000 0.7600000 -0.0171148
v 0.1840000 0.7545391 0.0020000
v 0.1811620 0.7600000 0.0080000
v 0.1840000 0.7600000 0.0070911
v 0.1840000 0.7660000 -0.0204555
v 0.1840000 0.7614152 0.0080000
v 0.1840000 0.7660000 0.0104570
v 0.1840000 0.7699909 -0.0220000
v 0.1840000 0.7720000 -0.0227398
v 0.1840000 0.7720000 0.0127502
v 0.1840000 0.7780000 -0.0243850
v 0.1840000 0.7766004 0.0140000
v 0.1840000 0.7780000 0.0143748
v 0.1840000 0.7840000 -0.0255668
v 0.1840000 0.7840000 0.0155624
v 0.1840000 0.7900000 -0.0265496
v 0.1840000 0.7900000 0.0166034
v 0.1824494 0.7960000 -0.0280000
v 0.1840000 0.7960000 -0.0277149
v 0.1840000 0.7960000 0.0182493
v 0.1840000 0.7982893 -0.0280000
v 0.1840000 0.8020000 -0.0284267
v 0.1840000 0.7997062 0.0200000
v 0.1840000 0.8020000 0.0212083
v 0.1840000 0.8080000 -0.0283292
v 0.1840000 0.8080000 0.0225545
v 0.1840000 0.8121880 -0.0280000
v 0.1833260 0.8140000 -0.0280000
v 0.1840000 0.8140000 -0.0278573
v 0.1840000 0.8140000 0.0224624
v 0.1800668 0.8200000 -0.0280000
v 0.1840000 0.8200000 -0.0271407
v 0.1840000 0.8200000 0.0220253
v 0.1840000 0.8260000 -0.0261877
v 0.1840000 0.8260000 0.0214643
v 0.1840000 0.8320000 -0.0250014
v 0.1840000 0.8320000 0.0208187
v 0.1840000 0.8380000 -0.0236063
v 0.1840000 0.8380000 0.0201238
v 0.1840000 0.8440000 -0.0220704
v 0.1824908 0.8440000 0.0200000
v 0.1840000 0.8440000 0.0193929
v 0.1840000 0.8390902 0.0200000
v 0.1840000 0.8442810 -0.0220000
v 0.1798980 0.8500000 -0.0220000
v 0.1840000 0.8500000 -0.0204250
v 0.1812086 0.8500000 0.0200000
v 0.1840000 0.8500000 0.0187392
v 0.1840000 0.8560000 -0.0190056
v 0.1804909 0.8560000 0.0200000
v 0.1840000 0.8560000 0.0182527
v 0.1840000 0.8620000 -0.0180702
v 0.1800273 0.8620000 0.0200000
v 0.1840000 0.8620000 0.0178791
v 0.1840000 0.8680000 -0.0175591
v 0.1796127 0.8680000 0.0200000
v 0.1840000 0.8680000 0.0175112
v 0.1840000 0.8740000 -0.0171674
v 0.1792100 0.8740000 0.0200000
v 0.1840000 0.8740000 0.0171197
v 0.1840000 0.8800000 -0.0167679
v 0.1788162 0.8800000 0.0200000
v 0.1840000 0.8800000 0.0167012
v 0.1840000 0.8860000 -0.0163439
v 0.1784301 0.8860000 0.0200000
v 0.1840000 0.8860000 0.0162550
v 0.1840000 0.8906072 -0.0160000
v 0.1838657 0.8920000 -0.0160000
v 0.1840000 0.8920000 -0.0158727
v 0.1780507 0.8920000 0.0200000
v 0.1840000 0.8920000 0.0157805
v 0.1832946 0.8980000 -0.0160000
v 0.1840000 0.8980000 -0.0152957
v 0.1840000 0.8980000 0.0152771
v 0.1827434 0.9040000 -0.0160000
v 0.1840000 0.9040000 -0.0146801
v 0.1840000 0.9040000 0.0147448
v 0.1822104 0.9100000 -0.0160000
v 0.1840000 0.9100000 -0.0140261
v 0.1840000 0.9100000 0.0141837
v 0.1816941 0.9160000 -0.0160000
v 0.1840000 0.9160000 -0.0133341
v 0.1836179 0.9160000 0.0140000
v 0.1840000 0.9160000 0.0134692
v 0.1840000 0.9118956 0.0140000
v 0.1811934 0.9220000 -0.0160000
v 0.1840000 0.9220000 -0.0126053
v 0.1830741 0.9220000 0.0140000
v 0.1840000 0.9220000 0.0126545
v 0.1807073 0.9280000 -0.0160000
v 0.1840000 0.9280000 -0.0118415
v 0.1825478 0.9280000 0.0140000
v 0.1840000 0.9280000 0.0117970
v 0.1802350 0.9340000 -0.0160000
v 0.1840000 0.9340000 -0.0110452
v 0.1820383 0.9340000 0.0140000
v 0.1840000 0.9340000 0.0108996
v 0.1797762 0.9400000 -0.0160000
v 0.1840000 0.9400000 -0.0102198
v 0.1815448 0.9400000 0.0140000
v 0.1840000 0.9400000 0.0099661
v 0.1793302 0.9460000 -0.0160000
v 0.1840000 0.9415743 -0.0100000
v 0.1836264 0.9460000 -0.0100000
v 0.1840000 0.9460000 -0.0089594
v 0.1810671 0.9460000 0.0140000
v 0.1840000 0.9460000 0.0090015
v 0.1788971 0.9520000 -0.0160000
v 0.1831358 0.9520000 -0.0100000
v 0.1840000 0.9520000 -0.0075120
v 0.1806047 0.9520000 0.0140000
v 0.1840000 0.9520000 0.0080118
v 0.1784778 0.9580000 -0.0160000
v 0.1826636 0.9580000 -0.0100000
v 0.1840000 0.9580000 -0.0060324
v 0.1835307 0.9580000 0.0080000
v 0.1840000 0.9580000 0.0060072
v 0.1840000 0.9520715 0.0080000
v 0.1801587 0.9580000 0.0140000
v 0.1780824 0.9640000 -0.0160000
v 0.1822173 0.9640000 -0.0100000
v 0.1840000 0.9640000 -0.0045540
v 0.1830810 0.9640000 0.0080000
v 0.1840000 0.9640000 0.0039880
v 0.1797383 0.9640000 0.0140000
v 0.1818112 0.9700000 -0.0100000
v 0.1840000 0.9663607 -0.0040000
v 0.1837506 0.9700000 -0.0040000
v 0.1840000 0.9700000 0.0018166
v 0.1826697 0.9700000 0.0080000
v 0.1840000 0.9700000 0.0020376
v 0.1793601 0.9700000 0.0140000
v 0.1814445 0.9760000 -0.0100000
v 0.1833739 0.9760000 -0.0040000
v 0.1840000 0.9701231 0.0020000
v 0.1836315 0.9760000 0.0020000
v 0.1822963 0.9760000 0.0080000
v 0.1790239 0.9760000 0.0140000
v 0.1811125 0.9820000 -0.0100000
v 0.1830283 0.9820000 -0.0040000
v 0.1832855 0.9820000 0.0020000
v 0.1819564 0.9820000 0.0080000
v 0.1787240 0.9820000 0.0140000
v 0.1808103 0.9880000 -0.0100000
v 0.1827098 0.9880000 -0.0040000
v 0.1829662 0.9880000 0.0020000
v 0.1816454 0.9880000 0.0080000
v 0.1784552 0.9880000 0.0140000
v 0.1805335 0.9940000 -0.0100000
v 0.1824147 0.9940000 -0.0040000
v 0.1826696 0.9940000 0.0020000
v 0.1813592 0.9940000 0.0080000
v 0.1782123 0.9940000 0.0140000
v 0.1802774 1.0000000 -0.0100000
v 0.1821389 1.0000000 -0.0040000
v 0.1823920 1.0000000 0.0020000
v 0.1810932 1.0000000 0.0080000
v 0.1800379 1.0060000 -0.0100000
v 0.1818788 1.0060000 -0.0040000
v 0.1821299 1.0060000 0.0020000
v 0.1808436 1.0060000 0.0080000
v 0.1798108 1.0120000 -0.0100000
v 0.1816305 1.0120000 -0.0040000
v 0.1818794 1.0120000 0.0020000
v 0.1806063 1.0120000 0.0080000
v 0.1795920 1.0180000 -0.0100000
v 0.1813903 1.0180000 -0.0040000
v 0.1816369 1.0180000 0.0020000
v 0.1803773 1.0180000 0.0080000
v 0.1793775 1.0240000 -0.0100000
v 0.1811545 1.0240000 -0.0040000
v 0.1813989 1.0240000 0.0020000
v 0.1801527 1.0240000 0.0080000
v 0.1791633 1.0300000 -0.0100000
v 0.1809196 1.0300000 -0.0040000
v 0.1811615 1.0300000 0.0020000
v 0.1799288 1.0300000 0.0080000
v 0.1789457 1.0360000 -0.0100000
v 0.1806817 1.0360000 -0.0040000
v 0.1809213 1.0360000 0.0020000
v 0.1797017 1.0360000 0.0080000
v 0.1787208 1.0420001 -0.0100000
v 0.1804372 1.0420001 -0.0040000
v 0.1806745 1.0420001 0.0020000
v 0.1794676 1.0420001 0.0080000
v 0.1784847 1.0480000 -0.0100000
v 0.1801825 1.0480000 -0.0040000
v 0.1804177 1.0480000 0.0020000
v 0.1792229 1.0480000 0.0080000
v 0.1782338 1.0540000 -0.0100000
v 0.1799140 1.0540000 -0.0040000
v 0.1801471 1.0540000 0.0020000
v 0.1789638 1.0540000 0.0080000
v 0.1796281 1.0600001 -0.0040000
v 0.1798593 1.0600001 0.0020000
v 0.1786867 1.0600001 0.0080000
v 0.1793211 1.0660000 -0.0040000
v 0.1795505 1.0660000 0.0020000
v 0.1783879 1.0660000 0.0080000
v 0.1789895 1.0720000 -0.0040000
v 0.1792173 1.0720000 0.0020000
v 0.1780638 1.0720000 0.0080000
v 0.1786307 1.0779999 -0.0040000
v 0.1788571 1.0779999 0.0020000
v 0.1782500 1.0840000 -0.0040000
v 0.1784750 1.0840000 0.0020000
v 0.1780874 1.0900000 0.0020000
v 0.1849572 0.7540000 -0.0100000
v 0.1865458 0.7540000 -0.0040000
v 0.1857415 0.7600000 -0.0160000
v 0.1900000 0.7600000 -0.0117152
v 0.1900000 0.7586159 -0.0100000
v 0.1900000 0.7572751 -0.0040000
v 0.1900000 0.7599561 0.0020000
v 0.1900000 0.7600000 0.0020457
v 0.1900000 0.7646476 -0.0160000
v 0.1900000 0.7660000 -0.0168527
v 0.1884108 0.7660000 0.0080000
v 0.1900000 0.7660000 0.0067962
v 0.1856466 0.7720000 -0.0220000
v 0.1900000 0.7720000 -0.0196942
v 0.1900000 0.7681607 0.0080000
v 0.1900000 0.7720000 0.0097136
v 0.1893968 0.7780000 -0.0220000
v 0.1900000 0.7780000 -0.0216892
v 0.1849212 0.7780000 0.0140000
v 0.1900000 0.7780000 0.0116570
v 0.1900000 0.7793140 -0.0220000
v 0.1900000 0.7840000 -0.0230419
v 0.1878545 0.7840000 0.0140000
v 0.1900000 0.7840000 0.0130286
v 0.1900000 0.7900000 -0.0241637
v 0.1900000 0.7892742 0.0140000
v 0.1900000 0.7900000 0.0141447
v 0.1900000 0.7960000 -0.0254244
v 0.1900000 0.7960000 0.0159853
v 0.1851765 0.8020000 -0.0280000
v 0.1900000 0.8020000 -0.0260608
v 0.1873415 0.8020000 0.0200000
v 0.1900000 0.8020000 0.0189280
v 0.1848747 0.8080000 -0.0280000
v 0.1900000 0.8080000 -0.0258923
v 0.1897468 0.8080000 0.0200000
v 0.1900000 0.8080000 0.0198682
v 0.1900000 0.8140000 -0.0253366
v 0.1891835 0.8140000 0.0200000
v 0.1900000 0.8140000 0.0195481
v 0.1900000 0.8200000 -0.0244945
v 0.1881255 0.8200000 0.0200000
v 0.1900000 0.8200000 0.0189222
v 0.1900000 0.8260000 -0.0233670
v 0.1868746 0.8260000 0.0200000
v 0.1900000 0.8260000 0.0181132
v 0.1900000 0.8318036 -0.0220000
v 0.1899150 0.8320000 -0.0220000
v 0.1900000 0.8320000 -0.0219481
v 0.1855356 0.8320000 0.0200000
v 0.1900000 0.8320000 0.0171349
v 0.1870375 0.8380000 -0.0220000
v 0.1900000 0.8380000 -0.0200811
v 0.1842198 0.8380000 0.0200000
v 0.1900000 0.8380000 0.0160065
v 0.1841267 0.8440000 -0.0220000
v 0.1900000 0.8440000 -0.0179350
v 0.1900000 0.8440000 0.0147821
v 0.1900000 0.8492275 -0.0160000
v 0.1896763 0.8500000 -0.0160000
v 0.1900000 0.8500000 -0.0156221
v 0.1895855 0.8500000 0.0140000
v 0.1900000 0.8500000 0.0134643
v 0.1900000 0.8479592 0.0140000
v 0.1876522 0.8560000 -0.0160000
v 0.1900000 0.8560000 -0.0131209
v 0.1886791 0.8560000 0.0140000
v 0.1900000 0.8560000 0.0121130
v 0.1864029 0.8620000 -0.0160000
v 0.1900000 0.8620000 -0.0114119
v 0.1880673 0.8620000 0.0140000
v 0.1900000 0.8620000 0.0110656
v 0.1857473 0.8680000 -0.0160000
v 0.1900000 0.8680000 -0.0103881
v 0.1875573 0.8680000 0.0140000
v 0.1900000 0.8680000 0.0101364
v 0.1852674 0.8740000 -0.0160000
v 0.1900000 0.8707168 -0.0100000
v 0.1897075 0.8740000 -0.0100000
v 0.1900000 0.8740000 -0.0092153
v 0.1870623 0.8740000 0.0140000
v 0.1900000 0.8740000 0.0091766
v 0.1848079 0.8800000 -0.0160000
v 0.1891810 0.8800000 -0.0100000
v 0.1900000 0.8800000 -0.0077236
v 0.1865698 0.8800000 0.0140000
v 0.1900000 0.8800000 0.0081564
v 0.1843507 0.8860000 -0.0160000
v 0.1886563 0.8860000 -0.0100000
v 0.1900000 0.8860000 -0.0061311
v 0.1895487 0.8860000 0.0080000
v 0.1900000 0.8860000 0.0061422
v 0.1900000 0.8808838 0.0080000
v 0.1860796 0.8860000 0.0140000
v 0.1881337 0.8920000 -0.0100000
v 0.1900000 0.8920000 -0.0044369
v 0.1890201 0.8920000 0.0080000
v 0.1900000 0.8920000 0.0038278
v 0.1855920 0.8920000 0.0140000
v 0.1876139 0.8980000 -0.0100000
v 0.1900000 0.8934892 -0.0040000
v 0.1896032 0.8980000 -0.0040000
v 0.1900000 0.8964925 0.0020000
v 0.1898677 0.8980000 0.0020000
v 0.1884935 0.8980000 0.0080000
v 0.1851075 0.8980000 0.0140000
v 0.1870978 0.9040000 -0.0100000
v 0.1890761 0.9040000 -0.0040000
v 0.1893414 0.9040000 0.0020000
v 0.1879698 0.9040000 0.0080000
v 0.1846267 0.9040000 0.0140000
v 0.1865860 0.9100000 -0.0100000
v 0.1885515 0.9100000 -0.0040000
v 0.1888168 0.9100000 0.0020000
v 0.1874501 0.9100000 0.0080000
v 0.1841501 0.9100000 0.0140000
v 0.1860795 0.9160000 -0.0100000
v 0.1880305 0.9160000 -0.0040000
v 0.1882954 0.9160000 0.0020000
v 0.1869351 0.9160000 0.0080000
v 0.1855790 0.9220000 -0.0100000
v 0.1875145 0.9220000 -0.0040000
v 0.1877785 0.9220000 0.0020000
v 0.1864260 0.9220000 0.0080000
v 0.1850854 0.9280000 -0.0100000
v 0.1870046 0.9280000 -0.0040000
v 0.1872676 0.9280000 0.0020000
v 0.1859238 0.9280000 0.0080000
v 0.1845998 0.9340000 -0.0100000
v 0.1865023 0.9340000 -0.0040000
v 0.1867640 0.9340000 0.0020000
v 0.1854296 0.9340000 0.0080000
v 0.1841230 0.9400000 -0.0100000
v 0.1860089 0.9400000 -0.0040000
v 0.1862692 0.9400000 0.0020000
v 0.1849443 0.9400000 0.0080000
v 0.1855257 0.9460000 -0.0040000
v 0.1857844 0.9460000 0.0020000
v 0.1844692 0.9460000 0.0080000
v 0.1850540 0.9520000 -0.0040000
v 0.1853113 0.9520000 0.0020000
v 0.1840054 0.9520000 0.0080000
v 0.1845960 0.9580000 -0.0040000
v 0.1848518 0.9580000 0.0020000
v 0.1841590 0.9640000 -0.0040000
v 0.1844133 0.9640000 0.0020000
v 0.1840076 0.9700000 0.0020000
v 0.1911149 0.7600000 -0.0100000
v 0.1921677 0.7600000 -0.0040000
v 0.1900357 0.7600000 0.0020000
v 0.1909071 0.7660000 -0.0160000
v 0.1948176 0.7660000 -0.0100000
v 0.1956839 0.7660000 -0.0040000
v 0.1938972 0.7660000 0.0020000
v 0.1940232 0.7720000 -0.0160000
v 0.1960000 0.7720000 -0.0128524
v 0.1960000 0.7686207 -0.0100000
v 0.1960000 0.7667314 -0.0040000
v 0.1960000 0.7705000 0.0020000
v 0.1920781 0.7720000 0.0080000
v 0.1960000 0.7720000 0.0030564
v 0.1960000 0.7771653 -0.0160000
v 0.1960000 0.7780000 -0.0163452
v 0.1945117 0.7780000 0.0080000
v 0.1960000 0.7780000 0.0061747
v 0.1915507 0.7840000 -0.0220000
v 0.1960000 0.7840000 -0.0181607
v 0.1960000 0.7830371 0.0080000
v 0.1960000 0.7840000 0.0082719
v 0.1932012 0.7900000 -0.0220000
v 0.1960000 0.7900000 -0.0196189
v 0.1902293 0.7900000 0.0140000
v 0.1960000 0.7900000 0.0096959
v 0.1950279 0.7960000 -0.0220000
v 0.1960000 0.7960000 -0.0211693
v 0.1930677 0.7960000 0.0140000
v 0.1960000 0.7960000 0.0118040
v 0.1958888 0.8020000 -0.0220000
v 0.1960000 0.8020000 -0.0219015
v 0.1960000 0.8006606 0.0140000
v 0.1960000 0.8020000 0.0145618
v 0.1955553 0.8080000 -0.0220000
v 0.1960000 0.8080000 -0.0215986
v 0.1960000 0.8080000 0.0149090
v 0.1947103 0.8140000 -0.0220000
v 0.1960000 0.8140000 -0.0208206
v 0.1960000 0.8140000 0.0143771
v 0.1934742 0.8200000 -0.0220000
v 0.1960000 0.8200000 -0.0196485
v 0.1955280 0.8200000 0.0140000
v 0.1960000 0.8200000 0.0134279
v 0.1960000 0.8166637 0.0140000
v 0.1918694 0.8260000 -0.0220000
v 0.1960000 0.8260000 -0.0180597
v 0.1944741 0.8260000 0.0140000
v 0.1960000 0.8260000 0.0120555
v 0.1960000 0.8320000 -0.0160331
v 0.1932704 0.8320000 0.0140000
v 0.1960000 0.8320000 0.0102848
v 0.1960000 0.8320839 -0.0160000
v 0.1940058 0.8380000 -0.0160000
v 0.1960000 0.8380000 -0.0126730
v 0.1919873 0.8380000 0.0140000
v 0.1960000 0.8380000 0.0080748
v 0.1918288 0.8440000 -0.0160000
v 0.1960000 0.8422177 -0.0100000
v 0.1954100 0.8440000 -0.0100000
v 0.1960000 0.8440000 -0.0075849
v 0.1946028 0.8440000 0.0080000
v 0.1960000 0.8440000 0.0037025
v 0.1960000 0.8381822 0.0080000
v 0.1907288 0.8440000 0.0140000
v 0.1934866 0.8500000 -0.0100000
v 0.1960000 0.8468397 -0.0040000
v 0.1951064 0.8500000 -0.0040000
v 0.1960000 0.8460425 0.0020000
v 0.1950208 0.8500000 0.0020000
v 0.1933015 0.8500000 0.0080000
v 0.1918926 0.8560000 -0.0100000
v 0.1937125 0.8560000 -0.0040000
v 0.1938239 0.8560000 0.0020000
v 0.1922873 0.8560000 0.0080000
v 0.1908417 0.8620000 -0.0100000
v 0.1927841 0.8620000 -0.0040000
v 0.1930154 0.8620000 0.0020000
v 0.1915969 0.8620000 0.0080000
v 0.1902264 0.8680000 -0.0100000
v 0.1921840 0.8680000 -0.0040000
v 0.1924495 0.8680000 0.0020000
v 0.1910713 0.8680000 0.0080000
v 0.1916701 0.8740000 -0.0040000
v 0.1919381 0.8740000 0.0020000
v 0.1905741 0.8740000 0.0080000
v 0.1911602 0.8800000 -0.0040000
v 0.1914263 0.8800000 0.0020000
v 0.1900743 0.8800000 0.0080000
v 0.1906460 0.8860000 -0.0040000
v 0.1909100 0.8860000 0.0020000
v 0.1901288 0.8920000 -0.0040000
v 0.1903904 0.8920000 0.0020000
v 0.1974163 0.7720000 -0.0100000
v 0.1981842 0.7720000 -0.0040000
v 0.1966349 0.7720000 0.0020000
v 0.1962800 0.7780000 -0.0160000
v 0.1992914 0.7780000 -0.0100000
v 0.2000029 0.7780000 -0.0040000
v 0.1985608 0.7780000 0.0020000
v 0.1977782 0.7840000 -0.0160000
v 0.2006412 0.7840000 -0.0100000
v 0.2013051 0.7840000 -0.0040000
v 0.1999539 0.7840000 0.0020000
v 0.1962494 0.7840000 0.0080000
v 0.1990113 0.7900000 -0.0160000
v 0.2017055 0.7900000 -0.0100000
v 0.2020000 0.7900000 -0.0071956
v 0.2020000 0.7881343 -0.0040000
v 0.2010814 0.7900000 0.0020000
v 0.2020000 0.7900000 -0.0023375
v 0.1975639 0.7900000 0.0080000
v 0.2002645 0.7960000 -0.0160000
v 0.2020000 0.7960000 -0.0121220
v 0.2020000 0.7916698 -0.0100000
v 0.2020000 0.7942580 0.0020000
v 0.1993034 0.7960000 0.0080000
v 0.2020000 0.7960000 0.0029471
v 0.2007298 0.8020000 -0.0160000
v 0.2020000 0.8020000 -0.0132262
v 0.2007454 0.8020000 0.0080000
v 0.2020000 0.8020000 0.0053452
v 0.1965188 0.8020000 0.0140000
v 0.2004631 0.8080000 -0.0160000
v 0.2020000 0.8080000 -0.0126287
v 0.2008260 0.8080000 0.0080000
v 0.2020000 0.8080000 0.0051484
v 0.1968149 0.8080000 0.0140000
v 0.1998218 0.8140000 -0.0160000
v 0.2020000 0.8140000 -0.0111849
v 0.2003347 0.8140000 0.0080000
v 0.2020000 0.8140000 0.0037194
v 0.1963344 0.8140000 0.0140000
v 0.1988634 0.8200000 -0.0160000
v 0.2020000 0.8172829 -0.0100000
v 0.2016044 0.8200000 -0.0100000
v 0.2020000 0.8200000 -0.0073861
v 0.2018148 0.8200000 0.0020000
v 0.2020000 0.8200000 0.0003979
v 0.2020000 0.8186016 0.0020000
v 0.1995617 0.8200000 0.0080000
v 0.1975929 0.8260000 -0.0160000
v 0.2004468 0.8260000 -0.0100000
v 0.2020000 0.8227447 -0.0040000
v 0.2014131 0.8260000 -0.0040000
v 0.2007792 0.8260000 0.0020000
v 0.1985645 0.8260000 0.0080000
v 0.1960251 0.8320000 -0.0160000
v 0.1990024 0.8320000 -0.0100000
v 0.2000761 0.8320000 -0.0040000
v 0.1995143 0.8320000 0.0020000
v 0.1973748 0.8320000 0.0080000
v 0.1973017 0.8380000 -0.0100000
v 0.1985046 0.8380000 -0.0040000
v 0.1980592 0.8380000 0.0020000
v 0.1960423 0.8380000 0.0080000
v 0.1967900 0.8440000 -0.0040000
v 0.1965063 0.8440000 0.0020000
v 0.2023464 0.7900000 -0.0040000
v 0.2027932 0.7960000 -0.0100000
v 0.2034596 0.7960000 -0.0040000
v 0.2023993 0.7960000 0.0020000
v 0.2032486 0.8020000 -0.0100000
v 0.2040108 0.8020000 -0.0040000
v 0.2032234 0.8020000 0.0020000
v 0.2030317 0.8080000 -0.0100000
v 0.2038344 0.8080000 -0.0040000
v 0.2031119 0.8080000 0.0020000
v 0.2024645 0.8140000 -0.0100000
v 0.2032977 0.8140000 -0.0040000
v 0.2025952 0.8140000 0.0020000
v 0.2024883 0.8200000 -0.0040000
vn -0.9943975 -0.0791292 0.0700880
vn -0.9943958 -0.0791594 0.0700770
vn -0.9960195 -0.0792698 0.0407596
vn -0.9939686 -0.0791053 0.0759523
vn -0.9869603 -0.0781262 -0.1407324
vn -0.9869685 -0.0784265 -0.1405082
vn -0.9805366 -0.0777052 -0.1803048
vn -0.9944235 -0.0786358 0.0702734
vn -0.9826874 -0.0778762 0.1681097
vn -0.9869498 -0.0776134 -0.1410895
vn -0.9663671 -0.0762201 -0.2456118
vn -0.9944522 -0.0781248 0.0704370
vn -0.9628627 -0.0759625 0.2590853
vn -0.9869467 -0.0770833 -0.1414013
vn -0.9478573 -0.0743828 -0.3098932
vn -0.9944836 -0.0775963 0.0705766
vn -0.9559552 -0.0753186 0.2836843
vn -0.9558108 -0.0749264 0.2842739
vn -0.9467199 -0.0742910 0.3133725
vn -0.9311498 -0.0726226 -0.3573319
vn -0.9312373 -0.0727687 -0.3570739
vn -0.9279618 -0.0723961 -0.3655757
vn -0.9869545 -0.0764943 -0.1416671
vn -0.9945213 -0.0770061 0.0706923
vn -0.9556245 -0.0743400 0.2850533
vn -0.9324222 -0.0727106 0.3539802
vn -0.9308299 -0.0703003 -0.3586273
vn -0.9140224 -0.0692358 -0.3997117
vn -0.9871477 -0.0728903 -0.1422191
vn -0.9947838 -0.0732711 0.0709686
vn -0.9555550 -0.0713321 0.2860531
vn -0.9164045 -0.0692075 0.3942248
vn -0.9309930 -0.0399813 -0.3628409
vn -0.8992962 -0.0411658 -0.4353985
vn -0.9887697 -0.0346417 -0.1453766
vn -0.9967549 -0.0345452 0.0727065
vn -0.9561559 -0.0367420 0.2905442
vn -0.8991114 -0.0429064 0.4356119
vn -0.9145449 0.1644272 -0.3695556
vn -0.8784184 0.1477353 -0.4544837
vn -0.9690299 0.1952312 -0.1512148
vn -0.9775229 0.1966053 0.0761265
vn -0.9375614 0.1802604 0.2974639
vn -0.8786528 0.1336831 0.4583646
vn -0.7968270 0.5077087 -0.3275648
vn -0.5402872 0.8374014 -0.0827567
vn -0.5023417 0.8638948 0.0365858
vn -0.6937851 0.6878474 0.2133738
vn -0.9939414 -0.0836043 0.0713492
vn -0.9939386 -0.0836668 0.0713160
vn -0.9952031 -0.0837836 -0.0505090
vn -0.9919125 -0.0834996 0.0955900
vn -0.9862257 -0.0828158 -0.1431795
vn -0.9862406 -0.0830344 -0.1429499
vn -0.9765237 -0.0822033 -0.1991084
vn -0.9939544 -0.0833350 0.0714832
vn -0.9777347 -0.0823117 0.1930274
vn -0.9862150 -0.0825292 -0.1434191
vn -0.9599718 -0.0807904 -0.2681920
vn -0.9939710 -0.0830487 0.0715860
vn -0.9541755 -0.0803364 0.2882622
vn -0.9541745 -0.0803344 0.2882661
vn -0.9540881 -0.0803286 0.2885536
vn -0.9862152 -0.0822239 -0.1435928
vn -0.9385065 -0.0789609 -0.3361112
vn -0.9939915 -0.0827436 0.0716547
vn -0.9540159 -0.0800223 0.2888773
vn -0.9399525 -0.0790594 0.3320226
vn -0.9285667 -0.0779198 -0.3628945
vn -0.9287299 -0.0781255 -0.3624323
vn -0.9199312 -0.0773156 -0.3843812
vn -0.9862275 -0.0818978 -0.1436947
vn -0.9940164 -0.0824172 0.0716857
vn -0.9538952 -0.0796908 0.2893674
vn -0.9237539 -0.0776036 0.3750418
vn -0.9283220 -0.0775633 -0.3635961
vn -0.9041973 -0.0758640 -0.4203235
vn -0.9862526 -0.0815546 -0.1437170
vn -0.9940456 -0.0820733 0.0716753
vn -0.9538155 -0.0793436 0.2897250
vn -0.9055448 -0.0759694 0.4173934
vn -0.9281400 -0.0771921 -0.3641395
vn -0.8870313 -0.0742793 -0.4556952
vn -0.9862919 -0.0811939 -0.1436518
vn -0.9940794 -0.0817117 0.0716197
vn -0.9537818 -0.0789806 0.2899354
vn -0.8854032 -0.0741632 0.4588692
vn -0.9280269 -0.0768045 -0.3645095
vn -0.8684887 -0.0725643 -0.4903689
vn -0.9863466 -0.0808138 -0.1434903
vn -0.9941182 -0.0813303 0.0715141
vn -0.9537982 -0.0785999 0.2899845
vn -0.8634329 -0.0721919 0.4992713
vn -0.9279906 -0.0764011 -0.3646867
vn -0.8486378 -0.0707251 -0.5242251
vn -0.9864181 -0.0804145 -0.1432229
vn -0.9941625 -0.0809294 0.0713536
vn -0.9538704 -0.0782021 0.2898547
vn -0.8546101 -0.0713980 0.5143384
vn -0.8542059 -0.0711237 0.5150472
vn -0.8447073 -0.0704342 0.5305740
vn -0.9280382 -0.0759825 -0.3646529
vn -0.8275586 -0.0687682 -0.5571516
vn -0.9865078 -0.0799961 -0.1428388
vn -0.9942124 -0.0805091 0.0711327
vn -0.9540032 -0.0777873 0.2895288
vn -0.8536021 -0.0706641 0.5161106
vn -0.8280696 -0.0688062 0.5563869
vn -0.9281781 -0.0755491 -0.3643869
vn -0.8053416 -0.0667012 -0.5890465
vn -0.9866173 -0.0795584 -0.1423262
vn -0.9942685 -0.0800691 0.0708457
vn -0.9542029 -0.0773559 0.2889860
vn -0.8531215 -0.0701923 0.5169689
vn -0.8106912 -0.0670984 0.5816162
vn -0.8021325 -0.0660105 -0.5934863
vn -0.8030189 -0.0664840 -0.5922335
vn -0.7880058 -0.0649717 -0.6122299
vn -0.9284191 -0.0751009 -0.3638652
vn -0.9867483 -0.0791009 -0.1416715
vn -0.9943310 -0.0796092 0.0704854
vn -0.9544753 -0.0769076 0.2882048
vn -0.8527773 -0.0697089 0.5176018
vn -0.7926175 -0.0653140 0.6062109
vn -0.8012694 -0.0654709 -0.5947108
vn -0.7707654 -0.0632249 -0.6339743
vn -0.9287707 -0.0746382 -0.3630621
vn -0.9869026 -0.0786230 -0.1408605
vn -0.9548272 -0.0764424 0.2871613
vn -0.8525815 -0.0692145 0.5179905
vn -0.7738971 -0.0634567 0.6301242
vn -0.8005666 -0.0649210 -0.5957168
vn -0.7530141 -0.0614157 -0.6551320
vn -0.9292427 -0.0741609 -0.3619505
vn -0.9552656 -0.0759596 0.2858284
vn -0.8525492 -0.0687096 0.5181109
vn -0.7545837 -0.0615303 0.6533127
vn -0.8000395 -0.0643633 -0.5964850
vn -0.7347923 -0.0595486 -0.6756732
vn -0.9298454 -0.0736712 -0.3604999
vn -0.9557976 -0.0754611 0.2841769
vn -0.8526953 -0.0681969 0.5179381
vn -0.7347335 -0.0595406 0.6757378
vn -0.7997045 -0.0637993 -0.5969944
vn -0.7161420 -0.0576270 -0.6955715
vn -0.9305889 -0.0731693 -0.3586788
vn -0.8530350 -0.0676774 0.5174465
vn -0.7144040 -0.0574922 0.6973676
vn -0.7995797 -0.0632090 -0.5972244
vn -0.6971077 -0.0556352 -0.7148046
vn -0.8535880 -0.0670978 0.5166095
vn -0.6936578 -0.0553611 0.7181741
vn -0.7998106 -0.0607008 -0.5971754
vn -0.6777945 -0.0518562 -0.7334204
vn -0.8544958 -0.0643855 0.5154526
vn -0.6726422 -0.0520568 0.7381345
vn -0.8014435 -0.0310818 -0.5972623
vn -0.6591185 -0.0228137 -0.7516930
vn -0.8563330 -0.0383944 0.5149949
vn -0.6570525 -0.0334923 0.7531004
vn -0.6568812 -0.0294885 0.7534173
vn -0.6539874 -0.0292535 0.7559396
vn -0.7874582 0.1665855 -0.5934298
vn -0.6387587 0.1697006 -0.7504592
vn -0.8451045 0.1390657 0.5161968
vn -0.6458848 0.1451908 0.7495015
vn -0.6401001 0.1458719 0.7543164
vn -0.3571009 0.8730835 -0.3319702
vn -0.1166830 0.9913131 -0.0606916
vn -0.0684475 0.9976173 -0.0086366
vn -0.0633929 0.9979814 0.0038061
vn -0.0912525 0.9953327 0.0313976
vn -0.2167176 0.9591536 0.1818179
vn -0.6381977 0.1826860 0.7478834
vn -0.9837614 -0.1021450 -0.1475800
vn -0.9837518 -0.1022295 -0.1475856
vn -0.9833303 -0.1021265 -0.1504385
vn -0.9919837 -0.1026670 0.0736741
vn -0.9918758 -0.1036804 0.0737071
vn -0.9872404 -0.1025081 0.1218541
vn -0.9840958 -0.0990119 -0.1474865
vn -0.9672262 -0.0980602 -0.2342171
vn -0.9923079 -0.0995340 0.0736075
vn -0.9659371 -0.0979631 0.2395175
vn -0.9844805 -0.0952815 -0.1473758
vn -0.9446400 -0.0927278 -0.3147328
vn -0.9926805 -0.0958052 0.0735308
vn -0.9502797 -0.0948578 0.2965984
vn -0.9504642 -0.0930265 0.2965869
vn -0.9423853 -0.0925105 0.3214838
vn -0.9241043 -0.0869232 -0.3721232
vn -0.9240264 -0.0879624 -0.3720724
vn -0.9200869 -0.0866512 -0.3820102
vn -0.9848989 -0.0910366 -0.1472638
vn -0.9930865 -0.0915635 0.0734522
vn -0.9508384 -0.0887673 0.2966930
vn -0.9248809 -0.0870357 0.3701623
vn -0.9242914 -0.0828547 -0.3725860
vn -0.9034323 -0.0814091 -0.4209306
vn -0.9852796 -0.0869993 -0.1471571
vn -0.9934559 -0.0875298 0.0733747
vn -0.9511646 -0.0847134 0.2968324
vn -0.9056304 -0.0815863 0.4161457
vn -0.9243184 -0.0805771 -0.3730185
vn -0.8855801 -0.0778567 -0.4579150
vn -0.9854973 -0.0847427 -0.1470160
vn -0.9936592 -0.0852744 0.0732784
vn -0.9513336 -0.0824475 0.2969290
vn -0.8847141 -0.0777978 0.4595960
vn -0.9242817 -0.0800197 -0.3732296
vn -0.8661990 -0.0759109 -0.4938996
vn -0.9855834 -0.0841892 -0.1467564
vn -0.9937183 -0.0847191 0.0731210
vn -0.9514142 -0.0818957 0.2968234
vn -0.8617856 -0.0755804 0.5016106
vn -0.9243150 -0.0798255 -0.3731884
vn -0.8453313 -0.0742063 -0.5290638
vn -0.9856589 -0.0839911 -0.1463624
vn -0.9937521 -0.0845181 0.0728943
vn -0.9515355 -0.0817039 0.2964872
vn -0.8467132 -0.0743611 0.5268275
vn -0.8465121 -0.0742738 0.5271630
vn -0.8401824 -0.0738158 0.5372567
vn -0.9244565 -0.0796392 -0.3728777
vn -0.8230751 -0.0723899 -0.5633003
vn -0.9857556 -0.0837951 -0.1458229
vn -0.9937910 -0.0843190 0.0725927
vn -0.9517335 -0.0815175 0.2959024
vn -0.8460257 -0.0740523 0.5279744
vn -0.8225918 -0.0723520 0.5640107
vn -0.9247190 -0.0794404 -0.3722686
vn -0.7995252 -0.0704482 -0.5964867
vn -0.9858771 -0.0835809 -0.1451228
vn -0.9938375 -0.0841015 0.0722085
vn -0.9520173 -0.0813161 0.2950436
vn -0.8457100 -0.0738231 0.5285118
vn -0.8041626 -0.0708008 0.5901778
vn -0.7922258 -0.0696842 -0.6062363
vn -0.7927450 -0.0698838 -0.6055341
vn -0.7798916 -0.0687776 -0.6221245
vn -0.9251142 -0.0792272 -0.3713312
vn -0.9860258 -0.0833453 -0.1442449
vn -0.9938921 -0.0838624 0.0717332
vn -0.9523954 -0.0810972 0.2938813
vn -0.8455828 -0.0735849 0.5287486
vn -0.7849433 -0.0691633 0.6156951
vn -0.7916479 -0.0693964 -0.6070237
vn -0.7615247 -0.0671787 -0.6446449
vn -0.9256544 -0.0789999 -0.3700310
vn -0.9862042 -0.0830876 -0.1431701
vn -0.9528761 -0.0808605 0.2923845
vn -0.8456623 -0.0733387 0.5286555
vn -0.7649879 -0.0674437 0.6405036
vn -0.7913050 -0.0691032 -0.6075041
vn -0.7425776 -0.0655106 -0.6665484
vn -0.9263521 -0.0787584 -0.3683327
vn -0.9534683 -0.0806057 0.2905185
vn -0.8459688 -0.0730854 0.5282001
vn -0.7443562 -0.0656463 0.6645483
vn -0.7912198 -0.0688077 -0.6076486
vn -0.7230964 -0.0637784 -0.6877965
vn -0.9272206 -0.0785051 -0.3661951
vn -0.8465221 -0.0728282 0.5273485
vn -0.7231115 -0.0637774 0.6877807
vn -0.7914144 -0.0685100 -0.6074286
vn -0.7031294 -0.0619844 -0.7083551
vn -0.9282734 -0.0782384 -0.3635755
vn -0.8473434 -0.0725667 0.5260640
vn -0.7013208 -0.0618409 0.7101583
vn -0.7919151 -0.0682098 -0.6068096
vn -0.6827295 -0.0601309 -0.7281928
vn -0.8484547 -0.0723001 0.5243065
vn -0.6790574 -0.0598405 0.7316421
vn -0.7927453 -0.0679119 -0.6057582
vn -0.6619499 -0.0582248 -0.7472832
vn -0.8498772 -0.0720332 0.5220343
vn -0.6563949 -0.0577847 0.7522013
vn -0.7939300 -0.0676180 -0.6042375
vn -0.6408446 -0.0562702 -0.7656056
vn -0.8516315 -0.0717672 0.5192044
vn -0.6429812 -0.0565567 0.7637908
vn -0.6424454 -0.0563654 0.7642558
vn -0.6351674 -0.0558191 0.7703548
vn -0.7954957 -0.0673286 -0.6022070
vn -0.6194690 -0.0542702 -0.7831430
vn -0.8537403 -0.0715023 0.5157664
vn -0.6412281 -0.0558891 0.7653123
vn -0.6161195 -0.0540035 0.7857991
vn -0.7974671 -0.0670462 -0.5996256
vn -0.5978788 -0.0522294 -0.7998832
vn -0.6403505 -0.0554160 0.7660811
vn -0.5968291 -0.0521465 0.8006720
vn -0.7998672 -0.0667731 -0.5964510
vn -0.5761284 -0.0501524 -0.8158191
vn -0.6398411 -0.0549488 0.7665402
vn -0.5773279 -0.0502510 0.8149647
vn -0.8027191 -0.0665119 -0.5926367
vn -0.5542715 -0.0480439 -0.8309482
vn -0.6397277 -0.0544897 0.7666677
vn -0.5576454 -0.0483193 0.8286717
vn -0.5356377 -0.0461584 -0.8431855
vn -0.5359622 -0.0462594 -0.8429736
vn -0.5328189 -0.0459453 -0.8449810
vn -0.6400428 -0.0540415 0.7664363
vn -0.5378111 -0.0463540 0.8417901
vn -0.5335662 -0.0455166 -0.8445325
vn -0.5135694 -0.0440049 -0.8569190
vn -0.6408142 -0.0536065 0.7658222
vn -0.5178529 -0.0443571 0.8543189
vn -0.5318397 -0.0448792 -0.8456550
vn -0.4941929 -0.0420329 -0.8683355
vn -0.6420726 -0.0531872 0.7647967
vn -0.4977972 -0.0423306 0.8662598
vn -0.5304852 -0.0442495 -0.8465385
vn -0.4747093 -0.0400320 -0.8792318
vn -0.6438518 -0.0527883 0.7633271
vn -0.4776696 -0.0402777 0.8776158
vn -0.5295296 -0.0436301 -0.8471687
vn -0.4551362 -0.0380038 -0.8896105
vn -0.6461825 -0.0524130 0.7613810
vn -0.4574913 -0.0382003 0.8883932
vn -0.5290043 -0.0430101 -0.8475285
vn -0.4354919 -0.0359343 -0.8994751
vn -0.6490975 -0.0520517 0.7589223
vn -0.4372863 -0.0360807 0.8985983
vn -0.5291159 -0.0410750 -0.8475548
vn -0.4159821 -0.0322393 -0.9088011
vn -0.6527643 -0.0507055 0.7558623
vn -0.4173446 -0.0320533 0.9081829
vn -0.5322001 -0.0163950 -0.8464598
vn -0.3997343 -0.0013609 -0.9166301
vn -0.4018448 -0.0013232 0.9157069
vn -0.5224738 0.1693697 -0.8356645
vn -0.3879072 0.2056895 -0.8984541
vn -0.4005260 0.2036302 0.8933720
vn -0.3052851 0.6542033 -0.6919675
vn -0.0603988 0.9928855 -0.1026175
vn -0.0127092 0.9998502 -0.0117513
vn -0.0057382 0.9999833 -0.0008235
vn -0.0056918 0.9999830 -0.0012568
vn -0.0054612 0.9999850 0.0004112
vn -0.0053971 0.9999848 0.0011017
vn -0.0087730 0.9999419 0.0062552
vn -0.0336250 0.9979733 0.0540239
vn -0.1912394 0.9075565 0.3738566
vn -0.0053753 0.9999852 -0.0007798
vn -0.0049295 0.9999878 0.0003814
vn -0.9819469 -0.1037589 -0.1581598
vn -0.9820105 -0.1030861 -0.1582045
vn -0.9784593 -0.1036083 -0.1785574
vn -0.9914081 -0.1043311 0.0788983
vn -0.9915891 -0.1025515 0.0789566
vn -0.9824240 -0.1040043 0.1550039
vn -0.9817572 -0.1059648 -0.1578740
vn -0.9583963 -0.1047142 -0.2655401
vn -0.9911883 -0.1065252 0.0787278
vn -0.9552033 -0.1044384 0.2769102
vn -0.9816617 -0.1075782 -0.1573767
vn -0.9297398 -0.1043930 -0.3531090
vn -0.9910370 -0.1081267 0.0784490
vn -0.9423938 -0.1040116 0.3179238
vn -0.9424202 -0.1051036 0.3174859
vn -0.9292172 -0.1043027 0.3545085
vn -0.9116824 -0.1040900 -0.3974927
vn -0.9115344 -0.1035723 -0.3979670
vn -0.9014696 -0.1034297 -0.4203032
vn -0.9816641 -0.1085965 -0.1566598
vn -0.9909576 -0.1091338 0.0780582
vn -0.9426230 -0.1061577 0.3165321
vn -0.9062008 -0.1038556 0.4098954
vn -0.9121693 -0.1045674 -0.3962485
vn -0.8786221 -0.1023458 -0.4664210
vn -0.9817675 -0.1090164 -0.1557174
vn -0.9909520 -0.1095435 0.0775523
vn -0.9430257 -0.1066143 0.3151761
vn -0.8795647 -0.1024512 0.4646178
vn -0.9129202 -0.1044516 -0.3945459
vn -0.8533170 -0.1004153 -0.5116315
vn -0.9819723 -0.1088407 -0.1545443
vn -0.9910210 -0.1093592 0.0769287
vn -0.9436295 -0.1064752 0.3134109
vn -0.8495685 -0.1001008 0.5178930
vn -0.9139315 -0.1037401 -0.3923866
vn -0.8258110 -0.0976518 -0.5554280
vn -0.9822781 -0.1080682 -0.1531369
vn -0.9911640 -0.1085801 0.0761857
vn -0.9444325 -0.1057384 0.3112342
vn -0.8256968 -0.0977378 0.5555828
vn -0.8260123 -0.0975593 0.5551450
vn -0.8197739 -0.0971157 0.5643929
vn -0.9151942 -0.1024285 -0.3897795
vn -0.7964434 -0.0940804 -0.5973498
vn -0.9826829 -0.1066952 -0.1514940
vn -0.9913799 -0.1072031 0.0753227
vn -0.9454292 -0.1044000 0.3086489
vn -0.8273048 -0.0962874 0.5534396
vn -0.7969464 -0.0941110 0.5966737
vn -0.7699124 -0.0900728 -0.6317608
vn -0.7697074 -0.0903133 -0.6319763
vn -0.7668468 -0.0898477 -0.6355102
vn -0.9166949 -0.1005149 -0.3867393
vn -0.9831828 -0.1047205 -0.1496163
vn -0.9916657 -0.1052270 0.0743401
vn -0.9466109 -0.1024586 0.3056631
vn -0.8289172 -0.0944168 0.5513453
vn -0.7732525 -0.0903974 0.6276215
vn -0.7714202 -0.0875990 -0.6302676
vn -0.7446170 -0.0856239 -0.6619774
vn -0.9184144 -0.0979991 -0.3832901
vn -0.9479645 -0.0999146 0.3022917
vn -0.8308114 -0.0919441 0.5489067
vn -0.7489359 -0.0859960 0.6570386
vn -0.7731453 -0.0845168 -0.6285724
vn -0.7221022 -0.0807453 -0.6870580
vn -0.9203268 -0.0948815 -0.3794682
vn -0.9494729 -0.0967691 0.2985580
vn -0.8329382 -0.0888663 0.5461837
vn -0.7242556 -0.0809313 0.6847656
vn -0.7750106 -0.0808207 -0.6267588
vn -0.6995080 -0.0752309 -0.7106538
vn -0.9224018 -0.0911641 -0.3753185
vn -0.8352393 -0.0851809 0.5432490
vn -0.6994765 -0.0752302 0.7106849
vn -0.7769179 -0.0765915 -0.6249259
vn -0.6770338 -0.0691869 -0.7326925
vn -0.8376374 -0.0809724 0.5401917
vn -0.6748582 -0.0690069 0.7347139
vn -0.7787403 -0.0725660 -0.6231354
vn -0.6548163 -0.0633715 -0.7531266
vn -0.8400199 -0.0769779 0.5370671
vn -0.6505898 -0.0630249 0.7568097
vn -0.7804735 -0.0703604 -0.6212169
vn -0.6327352 -0.0593912 -0.7720873
vn -0.8423566 -0.0748042 0.5337036
vn -0.6265596 -0.0588870 0.7771457
vn -0.7824914 -0.0699204 -0.6187232
vn -0.6104003 -0.0571336 -0.7900299
vn -0.8449430 -0.0743853 0.5296585
vn -0.6178783 -0.0580226 0.7841300
vn -0.6173298 -0.0576220 0.7845913
vn -0.6050910 -0.0566983 0.7941348
vn -0.7849964 -0.0698763 -0.6155469
vn -0.5878083 -0.0552157 -0.8071138
vn -0.6167363 -0.0573795 0.7850758
vn -0.5848868 -0.0549746 0.8092498
vn -0.7880450 -0.0698695 -0.6116397
vn -0.5650284 -0.0532803 -0.8233494
vn -0.6166447 -0.0571748 0.7851626
vn -0.5644484 -0.0532320 0.8237502
vn -0.7916676 -0.0698814 -0.6069424
vn -0.5421212 -0.0513111 -0.8387323
vn -0.6170975 -0.0569899 0.7848203
vn -0.5438108 -0.0514522 0.8376291
vn -0.5191463 -0.0493115 -0.8532617
vn -0.6181403 -0.0568266 0.7840109
vn -0.5230086 -0.0496364 0.8508809
vn -0.5053145 -0.0479938 -0.8615996
vn -0.5057600 -0.0481331 -0.8613304
vn -0.4973287 -0.0473854 -0.8662671
vn -0.6198189 -0.0566884 0.7826947
vn -0.5020760 -0.0477874 0.8635022
vn -0.5044344 -0.0476538 -0.8621340
vn -0.4770312 -0.0455658 -0.8777044
vn -0.6221788 -0.0565790 0.7808280
vn -0.4810448 -0.0459079 0.8754932
vn -0.5041372 -0.0473374 -0.8623253
vn -0.4566309 -0.0437173 -0.8885814
vn -0.6252697 -0.0565038 0.7783605
vn -0.4599460 -0.0440019 0.8868560
vn -0.5044752 -0.0470477 -0.8621434
vn -0.4361501 -0.0418407 -0.8989007
vn -0.6291360 -0.0564654 0.7752416
vn -0.4388071 -0.0420707 0.8975959
vn -0.5055029 -0.0467877 -0.8615554
vn -0.4156115 -0.0399370 -0.9086651
vn -0.6338280 -0.0564666 0.7714101
vn -0.4176554 -0.0401156 0.9077195
vn -0.5072755 -0.0465640 -0.8605251
vn -0.3950353 -0.0380097 -0.9178793
vn -0.6393913 -0.0565142 0.7668017
vn -0.3965148 -0.0381406 0.9172357
vn -0.5098581 -0.0463819 -0.8590073
vn -0.3744387 -0.0360604 -0.9265502
vn -0.3754059 -0.0361475 0.9261554
vn -0.5133124 -0.0462453 -0.8569550
vn -0.3538382 -0.0340896 -0.9346852
vn -0.3543472 -0.0341371 0.9344906
vn -0.5177124 -0.0461608 -0.8543085
vn -0.3332479 -0.0320988 -0.9422927
vn -0.3333546 -0.0321113 0.9422545
vn -0.5231354 -0.0461351 -0.8510000
vn -0.3126799 -0.0300892 -0.9493818
vn -0.3124411 -0.0300714 0.9494610
vn -0.5296657 -0.0461758 -0.8469487
vn -0.2921441 -0.0280621 -0.9559625
vn -0.2916161 -0.0280185 0.9561250
vn -0.2716483 -0.0260180 -0.9620448
vn -0.2708871 -0.0259534 0.9622612
vn -0.2511981 -0.0239575 -0.9676391
vn -0.2502583 -0.0238765 0.9678847
vn -0.2307974 -0.0218810 -0.9727557
vn -0.2297312 -0.0217882 0.9730102
vn -0.2104483 -0.0197892 -0.9774047
vn -0.2093051 -0.0196890 0.9776521
vn -0.1901496 -0.0176823 -0.9815959
vn -0.1889760 -0.0175787 0.9818243
vn -0.1699023 -0.0155344 -0.9853385
vn -0.1687393 -0.0154463 0.9855397
vn -0.1499315 -0.0111915 -0.9886330
vn -0.1486810 -0.0124893 0.9888063
vn -0.1320878 0.0226670 -0.9909788
vn -0.1301919 0.0060793 0.9914702
vn -0.1175306 0.2431372 -0.9628451
vn -0.1199350 0.1711092 0.9779249
vn -0.0545083 0.8874252 -0.4577177
vn -0.0072216 0.9981198 -0.0608667
vn -0.0013696 0.9999855 -0.0052132
vn -0.0008120 0.9999857 -0.0052890
vn -0.0021113 0.9999943 0.0026088
vn -0.0006355 0.9999961 0.0027317
vn -0.0044803 0.9997445 0.0221534
vn -0.0328081 0.9810940 0.1907307
vn -0.0007649 0.9999878 -0.0048675
vn -0.0000835 1.0000000 -0.0000795
vn -0.0000702 1.0000000 0.0000290
vn -0.0004315 0.9999985 0.0016923
vn -0.9184995 -0.3625572 -0.1578317
vn -0.8266487 -0.5229604 -0.2077603
vn -0.7501035 -0.3908138 -0.5334878
vn -0.9350265 -0.3316833 0.1253462
vn -0.8905029 -0.4508005 0.0615091
vn -0.9348589 -0.2698324 0.2307149
vn -0.9332379 -0.2970097 0.2021198
vn -0.9358075 -0.2465135 0.2519830
vn -0.8117933 -0.2221215 -0.5400496
vn -0.7305322 -0.3611280 -0.5795768
vn -0.6965923 -0.2281336 -0.6802310
vn -0.9733605 -0.1941004 -0.1220424
vn -0.9706453 -0.1866007 0.1517490
vn -0.9500653 -0.1641507 0.2653875
vn -0.9447939 -0.1695159 0.2804080
vn -0.9478877 -0.1414764 0.2854701
vn -0.9425277 -0.1434755 0.3017556
vn -0.8557396 -0.0975723 -0.5081235
vn -0.6621234 -0.1033201 -0.7422382
vn -0.9913998 -0.0784036 -0.1047818
vn -0.9836986 -0.0772530 0.1623857
vn -0.9563775 -0.0635037 0.2851481
vn -0.9543071 -0.0457102 0.2953109
vn -0.9466399 -0.0439788 0.3192785
vn -0.8692671 0.0021194 -0.4943382
vn -0.6509833 0.0018228 -0.7590898
vn -0.9947116 0.0045122 -0.1026085
vn -0.9863459 0.0099651 0.1643854
vn -0.9557678 0.0175950 0.2935955
vn -0.9534362 0.0211188 0.3008544
vn -0.9475133 0.0188945 0.3191576
vn -0.8559887 0.1028664 -0.5066574
vn -0.6625702 0.1082386 -0.7411377
vn -0.9913349 0.0873043 -0.0981486
vn -0.9797094 0.0964145 0.1757095
vn -0.9502988 0.0942958 0.2967163
vn -0.9534981 0.0758318 0.2917037
vn -0.9504865 0.0676474 0.3033139
vn -0.8108188 0.2304757 -0.5380090
vn -0.6984503 0.2364376 -0.6754735
vn -0.9727939 0.2039543 -0.1098849
vn -0.9641833 0.2000286 0.1741809
vn -0.9450489 0.1729179 0.2774563
vn -0.9569046 0.1252214 0.2620175
vn -0.9567549 0.1237407 0.2632645
vn -0.7342408 0.3574342 -0.5771753
vn -0.7637298 0.3964904 -0.5094234
vn -0.9189882 0.3658098 -0.1471188
vn -0.9346234 0.3272521 0.1392304
vn -0.9429667 0.2501580 0.2196238
vn -0.9494872 0.2254457 0.2182848
vn -0.9575172 0.1277572 0.2585323
vn -0.8410552 0.5021792 -0.2011026
vn -0.9031904 0.4228365 0.0738680
vn -0.9442495 0.2630784 0.1979462
vn -0.9945638 -0.0641609 0.0820139
vn -0.9945757 -0.0639877 0.0820052
vn -0.9979211 -0.0644462 0.0003558
vn -0.9930881 -0.0641282 0.0983040
vn -0.9842395 -0.0647099 -0.1645757
vn -0.9842915 -0.0641502 -0.1644838
vn -0.9788441 -0.0644974 -0.1941756
vn -0.9944914 -0.0651837 0.0820847
vn -0.9827729 -0.0647472 0.1731047
vn -0.9841208 -0.0659521 -0.1647923
vn -0.9664235 -0.0651370 -0.2485615
vn -0.9944011 -0.0664513 0.0821626
vn -0.9662445 -0.0651380 0.2492562
vn -0.9839806 -0.0674339 -0.1650301
vn -0.9503943 -0.0656862 -0.3040328
vn -0.9942918 -0.0679635 0.0822487
vn -0.9431787 -0.0652301 0.3258206
vn -0.9838176 -0.0691555 -0.1652888
vn -0.9304811 -0.0660865 -0.3603297
vn -0.9941623 -0.0697206 0.0823434
vn -0.9406677 -0.0652282 0.3330007
vn -0.9402603 -0.0666397 0.3338709
vn -0.9283645 -0.0659424 0.3657744
vn -0.9836269 -0.0711781 -0.1655650
vn -0.9064350 -0.0663439 -0.4171020
vn -0.9940072 -0.0717827 0.0824438
vn -0.9397556 -0.0684773 0.3349183
vn -0.9128372 -0.0667624 0.4028288
vn -0.9038267 -0.0687313 -0.4223426
vn -0.9047571 -0.0663937 -0.4207212
vn -0.8899306 -0.0677744 -0.4510322
vn -0.9833745 -0.0739857 -0.1658330
vn -0.9937901 -0.0746241 0.0825374
vn -0.9391758 -0.0711179 0.3359928
vn -0.8950246 -0.0681191 0.4407842
vn -0.9027695 -0.0730192 -0.4238813
vn -0.8719500 -0.0708413 -0.4844425
vn -0.9830074 -0.0784214 -0.1659715
vn -0.9934443 -0.0790677 0.0825631
vn -0.9385234 -0.0754849 0.3368618
vn -0.8744546 -0.0710188 0.4798806
vn -0.9019271 -0.0785091 -0.4246928
vn -0.8512980 -0.0749321 -0.5193042
vn -0.9825926 -0.0838896 -0.1657536
vn -0.9930083 -0.0845193 0.0824074
vn -0.9379831 -0.0809823 0.3370899
vn -0.8505073 -0.0748766 0.5206062
vn -0.9014823 -0.0837774 -0.4246304
vn -0.8278926 -0.0785867 -0.5553538
vn -0.9822442 -0.0890796 -0.1651096
vn -0.9925857 -0.0896870 0.0820356
vn -0.9377097 -0.0862325 0.3365478
vn -0.8230425 -0.0782157 0.5625685
vn -0.9015045 -0.0884788 -0.4236285
vn -0.8017516 -0.0814291 -0.5920843
vn -0.9820020 -0.0936758 -0.1640027
vn -0.9922116 -0.0942614 0.0814299
vn -0.9377606 -0.0909018 0.3351746
vn -0.7958313 -0.0803771 0.6001601
vn -0.7957584 -0.0809291 0.6001825
vn -0.7932917 -0.0807495 0.6034631
vn -0.9020350 -0.0925898 -0.4216159
vn -0.7729589 -0.0834242 -0.6289474
vn -0.9818818 -0.0976556 -0.1623931
vn -0.9918975 -0.0982220 0.0805712
vn -0.9381666 -0.0949668 0.3329036
vn -0.7956444 -0.0850485 0.5997639
vn -0.7703167 -0.0832008 0.6322103
vn -0.9031090 -0.0961050 -0.4185188
vn -0.7416869 -0.0845661 -0.6653939
vn -0.9818965 -0.1010122 -0.1602366
vn -0.9916523 -0.1015643 0.0794384
vn -0.9389545 -0.0984216 0.3296627
vn -0.7963926 -0.0886129 0.5982530
vn -0.7456907 -0.0849035 0.6608605
vn -0.7253585 -0.0862068 -0.6829520
vn -0.7247584 -0.0847380 -0.6837724
vn -0.7128771 -0.0852735 -0.6960852
vn -0.9047558 -0.0990184 -0.4142611
vn -0.9401453 -0.1012594 0.3253821
vn -0.7980493 -0.0916184 0.5955865
vn -0.7195652 -0.0858591 0.6890967
vn -0.7273743 -0.0886474 -0.6804912
vn -0.6876652 -0.0856709 -0.7209557
vn -0.9069946 -0.1013230 -0.4087716
vn -0.9417539 -0.1034730 0.3199891
vn -0.8006475 -0.0940597 0.5917063
vn -0.6921301 -0.0860740 0.7166220
vn -0.7304861 -0.0905447 -0.6768985
vn -0.6615274 -0.0853665 -0.7450464
vn -0.9098344 -0.1030147 -0.4019816
vn -0.8042051 -0.0959332 0.5865585
vn -0.6636097 -0.0855627 0.7431697
vn -0.7347011 -0.0918907 -0.6721387
vn -0.6346611 -0.0843718 -0.7681710
vn -0.8087241 -0.0972313 0.5800959
vn -0.6342543 -0.0843415 0.7685103
vn -0.7400059 -0.0926763 -0.6661850
vn -0.6072785 -0.0827011 -0.7901729
vn -0.8141844 -0.0979459 0.5722853
vn -0.6043341 -0.0824310 0.7924553
vn -0.7463615 -0.0928978 -0.6590255
vn -0.5795963 -0.0803763 -0.8109302
vn -0.8205422 -0.0980758 0.5631089
vn -0.5741274 -0.0798607 0.8148619
vn -0.7537034 -0.0925494 -0.6506658
vn -0.5518283 -0.0774179 -0.8303565
vn -0.5556775 -0.0776125 0.8277673
vn -0.5539202 -0.0777235 0.8289340
vn -0.5458069 -0.0768407 0.8343801
vn -0.7619419 -0.0916249 -0.6411314
vn -0.5241819 -0.0738458 -0.8483986
vn -0.5613492 -0.0766850 0.8240185
vn -0.5213354 -0.0735662 0.8501749
vn -0.4968500 -0.0696810 -0.8650345
vn -0.5678855 -0.0751888 0.8196662
vn -0.4969959 -0.0696854 0.8649503
vn -0.4700054 -0.0649442 -0.8802711
vn -0.5751355 -0.0731115 0.8147845
vn -0.4729006 -0.0652104 0.8786994
vn -0.4503771 -0.0601806 -0.8908080
vn -0.4493102 -0.0607693 -0.8913066
vn -0.4445070 -0.0597203 -0.8937824
vn -0.5829153 -0.0704412 0.8094738
vn -0.4491479 -0.0601517 0.8914303
vn -0.4547178 -0.0567150 -0.8888279
vn -0.4220492 -0.0541696 -0.9049531
vn -0.5910050 -0.0671670 0.8038667
vn -0.4258188 -0.0545184 0.9031644
vn -0.4588329 -0.0526849 -0.8869593
vn -0.3999716 -0.0481285 -0.9152631
vn -0.5991459 -0.0633657 0.7981284
vn -0.4029751 -0.0484043 0.9139301
vn -0.4624220 -0.0488143 -0.8853152
vn -0.3782849 -0.0423369 -0.9247205
vn -0.6070771 -0.0597731 0.7923918
vn -0.3806324 -0.0425511 0.9237469
vn -0.4656698 -0.0467383 -0.8837235
vn -0.3568720 -0.0383852 -0.9333643
vn -0.6149543 -0.0580175 0.7864255
vn -0.3586607 -0.0385488 0.9326717
vn -0.4697042 -0.0464680 -0.8816001
vn -0.3355001 -0.0361704 -0.9413456
vn -0.3367923 -0.0362904 0.9408793
vn -0.4749536 -0.0466544 -0.8787732
vn -0.3141457 -0.0343189 -0.9487542
vn -0.3149968 -0.0343999 0.9484691
vn -0.4815642 -0.0469447 -0.8751526
vn -0.2928275 -0.0324716 -0.9556138
vn -0.2932935 -0.0325182 0.9554693
vn -0.4896680 -0.0473275 -0.8706235
vn -0.2715586 -0.0306085 -0.9619350
vn -0.2716958 -0.0306254 0.9618958
vn -0.4994085 -0.0478120 -0.8650463
vn -0.2503507 -0.0287298 -0.9677288
vn -0.2502147 -0.0287217 0.9677643
vn -0.2292140 -0.0268364 -0.9730060
vn -0.2288594 -0.0268079 0.9730903
vn -0.2081560 -0.0249294 -0.9777779
vn -0.2076355 -0.0248851 0.9778897
vn -0.1871825 -0.0230098 -0.9820556
vn -0.1865464 -0.0229543 0.9821780
vn -0.1662960 -0.0210777 -0.9858506
vn -0.1655916 -0.0210152 0.9859704
vn -0.1454995 -0.0191331 -0.9891733
vn -0.1447708 -0.0190676 0.9892815
vn -0.1247932 -0.0171767 -0.9920341
vn -0.1240804 -0.0171120 0.9921246
vn -0.1041748 -0.0152087 -0.9944427
vn -0.1035139 -0.0151481 0.9945127
vn -0.0836416 -0.0132286 -0.9964081
vn -0.0830642 -0.0131751 0.9964571
vn -0.0631894 -0.0112361 -0.9979383
vn -0.0627227 -0.0111924 0.9979682
vn -0.0428129 -0.0092310 -0.9990404
vn -0.0424793 -0.0091992 0.9990550
vn -0.0225055 -0.0072130 -0.9997207
vn -0.0223229 -0.0071948 0.9997250
vn -0.0022601 -0.0051815 -0.9999840
vn -0.0022412 -0.0051782 0.9999841
vn 0.0179314 -0.0031358 -0.9998343
vn 0.0177785 -0.0031480 0.9998370
vn 0.0380773 -0.0010754 -0.9992742
vn 0.0377497 -0.0011034 0.9992867
vn 0.0581863 0.0010004 -0.9983053
vn 0.0576859 0.0009568 0.9983343
vn 0.0782685 0.0030927 -0.9969275
vn 0.0776023 0.0030341 0.9969798
vn 0.0983346 0.0052237 -0.9951397
vn 0.0975136 0.0051357 0.9952209
vn 0.1185532 0.0093470 -0.9929038
vn 0.1174908 0.0079156 0.9930424
vn 0.1404532 0.0416975 -0.9892089
vn 0.1389613 0.0263869 0.9899462
vn 0.1637947 0.2567118 -0.9525074
vn 0.1703831 0.1957304 0.9657428
vn 0.0895077 0.8704288 -0.4840889
vn 0.0110120 0.9978323 -0.0648808
vn 0.0011520 0.9999841 -0.0055191
vn 0.0009266 0.9999951 0.0029857
vn 0.0072831 0.9996324 0.0261172
vn 0.0566249 0.9751180 0.2143328
vn 0.0010918 0.9999861 -0.0051510
vn 0.0001195 1.0000000 -0.0000847
vn 0.0000861 1.0000000 0.0000323
vn 0.0006546 0.9999978 0.0019918
vn -0.9342885 -0.3466901 0.0831327
vn -0.9318547 -0.3540495 0.0793461
vn -0.9240094 -0.3788475 -0.0517813
vn -0.9301447 -0.3450024 0.1257150
vn -0.7860524 -0.5688233 -0.2419952
vn -0.7610958 -0.5645022 -0.3194848
vn -0.6312229 -0.6769968 -0.3784612
vn -0.9261874 -0.3731889 -0.0539171
vn -0.8983927 -0.4004923 -0.1802682
vn -0.9500172 -0.2804015 0.1372679
vn -0.8854091 -0.2734044 0.3759000
vn -0.8914991 -0.2498543 0.3778917
vn -0.8725204 -0.2480817 0.4209081
vn -0.7525166 -0.6093799 -0.2497498
vn -0.4909081 -0.7560147 -0.4329560
vn -0.2897875 -0.6348577 -0.7162254
vn -0.8724552 -0.4881518 0.0230142
vn -0.9367087 -0.3318503 0.1115896
vn -0.9512771 -0.2319328 0.2031723
vn -0.9003139 -0.1960277 0.3885975
vn -0.8309064 -0.1883238 0.5235731
vn -0.6933168 -0.3961806 -0.6019574
vn -0.2861812 -0.6288279 -0.7229632
vn -0.2226354 -0.3996498 -0.8892207
vn -0.9426098 -0.2062384 0.2625881
vn -0.9024857 -0.1808215 0.3909260
vn -0.7875524 -0.1882847 0.5867794
vn -0.1833645 -0.2133392 -0.9596165
vn -0.9173810 -0.1449014 0.3706960
vn -0.7757372 -0.1977221 0.5992810
vn -0.8029999 -0.2016593 0.5608250
vn -0.7636107 -0.2245449 0.6053746
vn -0.2164012 -0.0980779 -0.9713657
vn -0.1691379 -0.1335878 -0.9764972
vn -0.1633597 -0.0958360 -0.9819008
vn -0.9356214 -0.0502834 0.3494055
vn -0.8537393 -0.0963951 0.5117003
vn -0.7779077 -0.1248812 0.6158444
vn -0.2660083 0.0032282 -0.9639654
vn -0.1604511 0.0037405 -0.9870366
vn -0.9408011 0.0130938 0.3387062
vn -0.8778144 -0.0081392 0.4789319
vn -0.8034526 -0.0194252 0.5950519
vn -0.2025328 0.1056567 -0.9735590
vn -0.1560294 0.1040721 -0.9822544
vn -0.9444697 0.0524401 0.3243872
vn -0.8860202 0.0322611 0.4625229
vn -0.8163827 0.0234502 0.5770350
vn -0.1589747 0.1348799 -0.9780259
vn -0.1707247 0.2232690 -0.9596895
vn -0.9503345 0.0827948 0.3000156
vn -0.8920085 0.0553957 0.4486113
vn -0.8300317 0.0456179 0.5558475
vn -0.6816461 0.4041703 -0.6099221
vn -0.2161784 0.4013961 -0.8900270
vn -0.9670641 0.1611329 0.1970359
vn -0.9587409 0.1025616 0.2651355
vn -0.8989692 0.0695339 0.4324574
vn -0.8483220 0.0602247 0.5260445
vn -0.2968302 0.6104822 -0.7343046
vn -0.7598283 0.6001300 -0.2500101
vn -0.3034410 0.6213229 -0.7224136
vn -0.8811411 0.4722521 0.0238409
vn -0.9505863 0.3007107 0.0771923
vn -0.9787065 0.1747134 0.1077444
vn -0.9688351 0.1081666 0.2228420
vn -0.9070529 0.0734602 0.4145584
vn -0.8702577 0.0661885 0.4881299
vn -0.5100340 0.7386219 -0.4407982
vn -0.6491613 0.6474609 -0.3992292
vn -0.8132656 0.5190449 -0.2630427
vn -0.9509800 0.2849115 -0.1202599
vn -0.9873624 0.1582046 0.0093186
vn -0.9790594 0.0964339 0.1792851
vn -0.9159021 0.0636865 0.3963173
vn -0.8932505 0.0591740 0.4456477
vn -0.8004985 0.4654514 -0.3775674
vn -0.8935983 0.2518928 -0.3715266
vn -0.9368138 0.1962146 -0.2896202
vn -0.9910973 0.1093370 -0.0759712
vn -0.9881169 0.0623531 0.1404888
vn -0.9250632 0.0348016 0.3782156
vn -0.9132242 0.0326573 0.4061467
vn -0.9193994 0.0844399 -0.3841545
vn -0.9190105 0.0846940 -0.3850280
vn -0.9904583 0.0392533 -0.1321044
vn -0.9937752 0.0089853 0.1110410
vn -0.9323147 -0.0098892 0.3615129
vn -0.9233532 -0.0110651 0.3837921
vn -0.9189650 0.0800042 -0.3861380
vn -0.9195674 -0.0048268 -0.3929026
vn -0.9865769 -0.0246157 -0.1614317
vn -0.9949554 -0.0391225 0.0923756
vn -0.9354856 -0.0466541 0.3502712
vn -0.9190565 -0.0473408 0.3912725
vn -0.8999585 -0.0479638 -0.4333293
vn -0.9010065 -0.0420172 -0.4317659
vn -0.8988983 -0.0478344 -0.4355384
vn -0.9835932 -0.0574903 -0.1709952
vn -0.9943275 -0.0617452 0.0866038
vn -0.9356251 -0.0612698 0.3476373
vn -0.9051680 -0.0603487 0.4207481
vn -0.8980344 -0.0594502 -0.4358897
vn -0.8836342 -0.0585244 -0.4645056
vn -0.9829416 -0.0645735 -0.1722096
vn -0.9941511 -0.0655483 0.0858311
vn -0.9354886 -0.0628004 0.3477315
vn -0.8889028 -0.0604316 0.4540924
vn -0.8976258 -0.0599235 -0.4366658
vn -0.8684782 -0.0583975 -0.4922758
vn -0.9829870 -0.0642732 -0.1720621
vn -0.9942129 -0.0648049 0.0856803
vn -0.9354694 -0.0619301 0.3479391
vn -0.8716253 -0.0586425 0.4866522
vn -0.8974543 -0.0591891 -0.4371183
vn -0.8527614 -0.0569313 -0.5191886
vn -0.9831028 -0.0633787 -0.1717324
vn -0.9942911 -0.0638755 0.0854702
vn -0.9355350 -0.0611095 0.3479078
vn -0.8533816 -0.0569667 0.5181648
vn -0.8973930 -0.0586267 -0.4373199
vn -0.8363354 -0.0555845 -0.5453929
vn -0.9832284 -0.0627102 -0.1712580
vn -0.9943596 -0.0631862 0.0851857
vn -0.9356744 -0.0605088 0.3476378
vn -0.8341707 -0.0554473 0.5487119
vn -0.8974354 -0.0582702 -0.4372806
vn -0.8191651 -0.0543848 -0.5709737
vn -0.9833631 -0.0622806 -0.1706408
vn -0.9944184 -0.0627403 0.0848270
vn -0.9358856 -0.0601290 0.3471349
vn -0.8139801 -0.0540606 0.5783718
vn -0.8975788 -0.0581216 -0.4370058
vn -0.8012088 -0.0533100 -0.5960055
vn -0.9835070 -0.0620920 -0.1698782
vn -0.9944680 -0.0625398 0.0843930
vn -0.9361681 -0.0599723 0.3463995
vn -0.7927844 -0.0527832 0.6072123
vn -0.8978235 -0.0581795 -0.4364951
vn -0.7824168 -0.0523331 -0.6205524
vn -0.9836612 -0.0621416 -0.1689648
vn -0.9945086 -0.0625819 0.0838816
vn -0.9365233 -0.0600366 0.3454268
vn -0.7857509 -0.0524075 0.6163189
vn -0.7851609 -0.0523924 0.6170716
vn -0.7753248 -0.0518892 0.6294274
vn -0.8981718 -0.0584440 -0.4357427
vn -0.7627367 -0.0514285 -0.6446611
vn -0.9838271 -0.0624284 -0.1678893
vn -0.9945407 -0.0628659 0.0832871
vn -0.9369547 -0.0603221 0.3442051
vn -0.7843199 -0.0525250 0.6181290
vn -0.7593905 -0.0512223 0.6486157
vn -0.8986313 -0.0589179 -0.4347304
vn -0.7421125 -0.0505715 -0.6683649
vn -0.9840068 -0.0629533 -0.1666357
vn -0.9945644 -0.0633924 0.0826020
vn -0.9374683 -0.0608310 0.3427139
vn -0.7835781 -0.0528188 0.6190441
vn -0.7427387 -0.0506236 0.6676649
vn -0.8992125 -0.0596000 -0.4334337
vn -0.7204924 -0.0497339 -0.6916772
vn -0.9842032 -0.0637119 -0.1651812
vn -0.9380732 -0.0615614 0.3409235
vn -0.7829388 -0.0532729 0.6198137
vn -0.7253013 -0.0500664 0.6866086
vn -0.7026376 -0.0491822 -0.7098461
vn -0.7030329 -0.0490894 -0.7094610
vn -0.6991075 -0.0489765 -0.7133373
vn -0.8999300 -0.0604914 -0.4318180
vn -0.9387814 -0.0625135 0.3387942
vn -0.7824133 -0.0538886 0.6204236
vn -0.7070114 -0.0495258 0.7054658
vn -0.7006851 -0.0496921 -0.7117380
vn -0.6810973 -0.0485008 -0.7305847
vn -0.9008051 -0.0615927 -0.4298331
vn -0.9396089 -0.0636865 0.3362725
vn -0.7820206 -0.0546676 0.6208505
vn -0.6878063 -0.0489763 0.7242401
vn -0.6987944 -0.0503283 -0.7135499
vn -0.6621640 -0.0479970 -0.7478202
vn -0.9018638 -0.0629046 -0.4274162
vn -0.9405763 -0.0650792 0.3332882
vn -0.7817855 -0.0556119 0.6210625
vn -0.6676306 -0.0483925 0.7429183
vn -0.6969915 -0.0510931 -0.7152569
vn -0.6422536 -0.0474408 -0.7650227
vn -0.9031382 -0.0644276 -0.4244885
vn -0.7817457 -0.0567248 0.6210121
vn -0.6464388 -0.0477499 0.7614701
vn -0.6953119 -0.0520725 -0.7168193
vn -0.6213202 -0.0468956 -0.7821521
vn -0.9046612 -0.0662304 -0.4209533
vn -0.7819437 -0.0580874 0.6206368
vn -0.6241966 -0.0471121 0.7798454
vn -0.6938297 -0.0539408 -0.7181161
vn -0.5993037 -0.0470503 -0.7991378
vn -0.7824439 -0.0603289 0.6197919
vn -0.6008534 -0.0471685 0.7979664
vn -0.6929792 -0.0579622 -0.7186239
vn -0.5760710 -0.0492421 -0.8159150
vn -0.7835755 -0.0646047 0.6179286
vn -0.5762497 -0.0492538 0.8157881
vn -0.6937828 -0.0635683 -0.7173733
vn -0.5515171 -0.0528737 -0.8324862
vn -0.7861351 -0.0703217 0.6140410
vn -0.5502146 -0.0527614 0.8333547
vn -0.6966639 -0.0691209 -0.7140601
vn -0.5258225 -0.0562305 -0.8487337
vn -0.7904587 -0.0759088 0.6077934
vn -0.5229468 -0.0559755 0.8505254
vn -0.7017666 -0.0742155 -0.7085307
vn -0.4992104 -0.0589007 -0.8644766
vn -0.4947147 -0.0584871 0.8670851
vn -0.7091683 -0.0788203 -0.7006195
vn -0.4719051 -0.0608760 -0.8795452
vn -0.4657931 -0.0602928 0.8828372
vn -0.7188914 -0.0829210 -0.6901589
vn -0.4441315 -0.0621752 -0.8938017
vn -0.4523776 -0.0608070 0.8897511
vn -0.4546978 -0.0629005 0.8884218
vn -0.4386092 -0.0616289 0.8965623
vn -0.4161112 -0.0628189 -0.9071413
vn -0.4612490 -0.0663178 0.8847889
vn -0.4129748 -0.0624942 0.9085957
vn -0.3880544 -0.0628279 -0.9194925
vn -0.4707302 -0.0693417 0.8795481
vn -0.3871854 -0.0627251 0.9198658
vn -0.3601561 -0.0622249 -0.9308145
vn -0.4832041 -0.0719620 0.8725453
vn -0.3613819 -0.0623367 0.9303318
vn -0.3325887 -0.0610292 -0.9410952
vn -0.4986859 -0.0741614 0.8636043
vn -0.3356903 -0.0613413 0.9399730
vn -0.3277333 -0.0610941 -0.9427929
vn -0.3206798 -0.0602519 -0.9452693
vn -0.3068484 -0.0594013 -0.9499029
vn -0.5171222 -0.0759172 0.8525381
vn -0.3102227 -0.0597499 0.9487844
vn -0.3423515 -0.0621274 -0.9375157
vn -0.2824571 -0.0573005 -0.9575670
vn -0.5383823 -0.0772081 0.8391564
vn -0.2850734 -0.0575750 0.9567750
vn -0.3598353 -0.0627360 -0.9309043
vn -0.2583710 -0.0546187 -0.9645005
vn -0.2603163 -0.0548261 0.9639655
vn -0.3800944 -0.0628983 -0.9228066
vn -0.2346401 -0.0513610 -0.9707245
vn -0.2360072 -0.0515094 0.9703851
vn -0.4029691 -0.0625943 -0.9130706
vn -0.2112982 -0.0475313 -0.9762653
vn -0.2121826 -0.0476297 0.9760686
vn -0.4282219 -0.0618083 -0.9015574
vn -0.1883620 -0.0431329 -0.9811521
vn -0.1888590 -0.0431907 0.9810539
vn -0.1658325 -0.0381670 -0.9854150
vn -0.1660342 -0.0381937 0.9853801
vn -0.1436944 -0.0326331 -0.9890839
vn -0.1436876 -0.0326376 0.9890847
vn -0.1219171 -0.0266151 -0.9921834
vn -0.1217802 -0.0266055 0.9922004
vn -0.1004496 -0.0208431 -0.9947238
vn -0.1002503 -0.0208265 0.9947443
vn -0.0792052 -0.0168997 -0.9967151
vn -0.0789947 -0.0168814 0.9967321
vn -0.0580891 -0.0146926 -0.9982033
vn -0.0579009 -0.0146755 0.9982144
vn -0.0370844 -0.0128573 -0.9992294
vn -0.0369452 -0.0128440 0.9992347
vn -0.0161903 -0.0110348 -0.9998080
vn -0.0161223 -0.0110274 0.9998092
vn 0.0045970 -0.0092030 -0.9999471
vn 0.0045759 -0.0092033 0.9999471
vn 0.0252810 -0.0073615 -0.9996533
vn 0.0251572 -0.0073706 0.9996563
vn 0.0458656 -0.0055098 -0.9989324
vn 0.0456300 -0.0055287 0.9989431
vn 0.0663555 -0.0036478 -0.9977894
vn 0.0660035 -0.0036769 0.9978126
vn 0.0867556 -0.0017752 -0.9962280
vn 0.0862869 -0.0018144 0.9962687
vn 0.1070723 0.0001085 -0.9942512
vn 0.1064913 0.0000595 0.9943136
vn 0.1273099 0.0020036 -0.9918609
vn 0.1266254 0.0019457 0.9919487
vn 0.1474739 0.0039107 -0.9890582
vn 0.1466992 0.0038451 0.9891737
vn 0.1675704 0.0058302 -0.9858429
vn 0.1667234 0.0057585 0.9859868
vn 0.1876044 0.0077624 -0.9822140
vn 0.1867072 0.0076866 0.9823855
vn 0.2075805 0.0097077 -0.9781697
vn 0.2066595 0.0096302 0.9783655
vn 0.2275032 0.0116666 -0.9737074
vn 0.2265888 0.0115899 0.9739215
vn 0.2473762 0.0136392 -0.9688235
vn 0.2465026 0.0135662 0.9690472
vn 0.2672028 0.0156258 -0.9635136
vn 0.2664075 0.0155597 0.9637349
vn 0.2869853 0.0176266 -0.9577728
vn 0.2863091 0.0175709 0.9579762
vn 0.3067253 0.0196416 -0.9515954
vn 0.3062113 0.0195997 0.9517618
vn 0.3264231 0.0216712 -0.9449753
vn 0.3261169 0.0216469 0.9450816
vn 0.3460790 0.0237157 -0.9379056
vn 0.3460276 0.0237127 0.9379246
vn 0.3656926 0.0257819 -0.9303785
vn 0.3659447 0.0258068 0.9302787
vn 0.3853821 0.0288285 -0.9223067
vn 0.3860185 0.0292829 0.9220262
vn 0.4065596 0.0530431 -0.9120832
vn 0.4091516 0.0563082 0.9107274
vn 0.4260116 0.2336313 -0.8740312
vn 0.4387492 0.2508728 0.8628801
vn 0.3870620 0.5445727 -0.7440590
vn 0.0928544 0.9876925 -0.1258631
vn 0.0180846 0.9997234 -0.0150340
vn 0.0016189 0.9999838 -0.0054552
vn 0.0073627 0.9999723 -0.0010860
vn 0.0072678 0.9999730 -0.0010729
vn 0.0073391 0.9999726 -0.0010125
vn 0.0022969 0.9999933 0.0028464
vn 0.0071892 0.9999737 0.0010080
vn 0.0134253 0.9998723 0.0086611
vn 0.0582340 0.9958147 0.0704394
vn 0.2638358 0.8510720 0.4539463
vn 0.0068313 0.9999766 0.0005657
vn -0.8158768 -0.5748783 0.0621283
vn -0.8112923 -0.5813245 0.0621819
vn -0.8142852 -0.5804175 -0.0074278
vn -0.8108912 -0.5771207 0.0968868
vn -0.8435816 -0.4602399 -0.2766755
vn -0.7820431 -0.5429831 -0.3059051
vn -0.6996323 -0.4639589 -0.5433753
vn -0.8945430 -0.4422941 0.0645654
vn -0.7562158 -0.4988111 0.4234681
vn -0.8017838 -0.4335364 0.4113257
vn -0.7192482 -0.4292250 0.5463039
vn -0.7111615 -0.4851423 -0.5088087
vn -0.6623275 -0.4518166 -0.5976489
vn -0.5603583 -0.4870349 -0.6699221
vn -0.8943132 -0.4034384 -0.1934978
vn -0.8601601 -0.3305544 0.3884050
vn -0.6380654 -0.3204049 0.7001523
vn -0.6427504 -0.3148033 0.6984059
vn -0.6354025 -0.3142923 0.7053255
vn -0.4390246 -0.6927118 -0.5721954
vn -0.3802359 -0.5707921 -0.7277479
vn -0.2752153 -0.5913858 -0.7579706
vn -0.6988310 -0.2370308 0.6748715
vn -0.6005520 -0.2318382 0.7652375
vn -0.2189526 -0.6188996 -0.7543362
vn 0.0297022 -0.5453422 -0.8376871
vn 0.0411744 -0.5380844 -0.8418847
vn -0.7361473 -0.1833315 0.6515187
vn -0.5712281 -0.1786462 0.8011142
vn 0.1409759 -0.3784649 -0.9148170
vn -0.7634016 -0.1878053 0.6180187
vn -0.5413195 -0.1963844 0.8175611
vn 0.1502131 -0.2081008 -0.9665041
vn -0.5483770 -0.2854633 0.7859983
vn -0.5175996 -0.2582622 0.8157151
vn -0.5099679 -0.2996158 0.8063270
vn 0.1566145 -0.0941630 -0.9831609
vn 0.1575561 -0.0884529 -0.9835407
vn -0.6842280 -0.1737774 0.7082609
vn -0.5590457 -0.2217184 0.7989423
vn 0.1713563 0.0100104 -0.9851583
vn -0.7422570 -0.0403129 0.6689016
vn -0.6010727 -0.0569852 0.7971602
vn 0.1735127 0.0866111 -0.9810157
vn 0.0989049 0.1082031 -0.9891966
vn 0.1750879 0.1080878 -0.9786017
vn -0.7544255 0.0147730 0.6562195
vn -0.6109545 0.0097001 0.7916063
vn 0.1777764 0.2194162 -0.9592977
vn -0.7566723 0.0376441 0.6527097
vn -0.6161740 0.0327767 0.7869276
vn 0.1471718 0.3623158 -0.9203628
vn -0.7574819 0.0492045 0.6509992
vn -0.6239070 0.0435044 0.7802868
vn -0.1943993 0.5947272 -0.7800695
vn 0.0356544 0.5203073 -0.8532344
vn -0.7583718 0.0516768 0.6497705
vn -0.6343123 0.0457639 0.7717212
vn 0.0238810 0.5278364 -0.8490103
vn -0.4615747 0.6734779 -0.5773874
vn -0.2801485 0.5626595 -0.7777731
vn -0.7601240 0.0422124 0.6484054
vn -0.6456320 0.0368217 0.7627605
vn -0.4138674 0.4878302 -0.7685931
vn -0.7652668 0.3286732 -0.5534805
vn -0.5554821 0.3518140 -0.7534364
vn -0.7632268 0.0169517 0.6459083
vn -0.6541771 0.0132463 0.7562253
vn -0.7277601 0.1465002 -0.6700022
vn -0.6367164 0.1575186 -0.7548377
vn -0.7669907 -0.0186479 0.6413872
vn -0.6534854 -0.0190271 0.7567000
vn -0.7011143 0.0327418 -0.7122968
vn -0.6385657 0.0403752 -0.7685074
vn -0.9059969 -0.0021820 -0.4232787
vn -0.7698665 -0.0445068 0.6366512
vn -0.6400891 -0.0398851 0.7672648
vn -0.6865894 -0.0264720 -0.7265634
vn -0.6192489 -0.0197768 -0.7849457
vn -0.7710197 -0.0530676 0.6345963
vn -0.6205206 -0.0442512 0.7829406
vn -0.6825917 -0.0452637 -0.7293969
vn -0.5982007 -0.0391390 -0.8003899
vn -0.7720254 -0.0535665 0.6333303
vn -0.6000772 -0.0430036 0.7987854
vn -0.6819686 -0.0473672 -0.7298460
vn -0.5785550 -0.0409722 -0.8146136
vn -0.7734734 -0.0529668 0.6316117
vn -0.5796077 -0.0412632 0.8138503
vn -0.6821293 -0.0470098 -0.7297189
vn -0.5591761 -0.0396446 -0.8281005
vn -0.7754310 -0.0525139 0.6292449
vn -0.5590846 -0.0396356 0.8281627
vn -0.6828019 -0.0467071 -0.7291090
vn -0.5396659 -0.0381979 -0.8410123
vn -0.7779114 -0.0522510 0.6261979
vn -0.5384572 -0.0381043 0.8417909
vn -0.6840008 -0.0465627 -0.7279937
vn -0.5199461 -0.0368216 -0.8534051
vn -0.7809334 -0.0521811 0.6224309
vn -0.5176749 -0.0366478 0.8547922
vn -0.6857538 -0.0465822 -0.7263414
vn -0.4999609 -0.0354987 -0.8653202
vn -0.7845199 -0.0523099 0.6178933
vn -0.4966907 -0.0352474 0.8672116
vn -0.6880961 -0.0467688 -0.7241107
vn -0.4796566 -0.0342088 -0.8767892
vn -0.4754595 -0.0338832 0.8790848
vn -0.6910700 -0.0471277 -0.7212498
vn -0.4589874 -0.0329341 -0.8878322
vn -0.4539452 -0.0325377 0.8904353
vn -0.6947297 -0.0476669 -0.7176897
vn -0.4379113 -0.0316588 -0.8984606
vn -0.4321153 -0.0311959 0.9012786
vn -0.6991341 -0.0483918 -0.7133510
vn -0.4163958 -0.0303665 -0.9086761
vn -0.4099465 -0.0298422 0.9116213
vn -0.3944170 -0.0290438 -0.9184725
vn -0.4075615 -0.0296974 0.9126946
vn -0.4030835 -0.0295233 0.9146869
vn -0.3889716 -0.0285918 0.9208060
vn -0.3719616 -0.0276784 -0.9278353
vn -0.3982390 -0.0293845 0.9168109
vn -0.3676183 -0.0273095 0.9295757
vn -0.3490279 -0.0262602 -0.9367443
vn -0.3936930 -0.0293135 0.9187744
vn -0.3456876 -0.0259692 0.9379902
vn -0.3256275 -0.0247822 -0.9451733
vn -0.3895354 -0.0293187 0.9205447
vn -0.3231840 -0.0245629 0.9460174
vn -0.3017846 -0.0233365 -0.9530905
vn -0.3858776 -0.0295052 0.9220781
vn -0.3001264 -0.0231820 0.9536176
vn -0.2775268 -0.0227116 -0.9604494
vn -0.3829846 -0.0306658 0.9232456
vn -0.2765438 -0.0226141 0.9607351
vn -0.2528490 -0.0244172 -0.9671975
vn -0.3821411 -0.0343558 0.9234652
vn -0.2524654 -0.0243716 0.9672989
vn -0.2277633 -0.0278308 -0.9733188
vn -0.3861847 -0.0401422 0.9215477
vn -0.2279609 -0.0278393 0.9732722
vn -0.2024490 -0.0310904 -0.9787992
vn -0.3963973 -0.0462605 0.9169128
vn -0.2031870 -0.0311544 0.9786443
vn -0.1770996 -0.0337509 -0.9836140
vn -0.4135244 -0.0522884 0.9089903
vn -0.1782980 -0.0338675 0.9833935
vn -0.1518852 -0.0358039 -0.9877494
vn -0.4382527 -0.0582099 0.8969650
vn -0.1534310 -0.0359656 0.9875047
vn -0.1405110 -0.0383795 -0.9893349
vn -0.1355855 -0.0367543 -0.9900837
vn -0.1271590 -0.0372905 -0.9911811
vn -0.1287051 -0.0374614 0.9909751
vn -0.1609920 -0.0429530 -0.9860206
vn -0.1030882 -0.0382352 -0.9939370
vn -0.1042212 -0.0383662 0.9938138
vn -0.1914789 -0.0476834 -0.9803378
vn -0.0792853 -0.0385945 -0.9961045
vn -0.0800608 -0.0386897 0.9960389
vn -0.2339871 -0.0526534 -0.9708129
vn -0.0558090 -0.0383759 -0.9977037
vn -0.0562859 -0.0384403 0.9976744
vn -0.2908917 -0.0579314 -0.9550005
vn -0.0326995 -0.0375844 -0.9987583
vn -0.0329386 -0.0376234 0.9987490
vn -0.0099833 -0.0362228 -0.9992939
vn -0.0100442 -0.0362419 0.9992926
vn 0.0123298 -0.0342934 -0.9993358
vn 0.0123904 -0.0342983 0.9993348
vn 0.0342465 -0.0317966 -0.9989075
vn 0.0343764 -0.0317924 0.9989032
vn 0.0557862 -0.0287304 -0.9980293
vn 0.0559398 -0.0287217 0.9980209
vn 0.0769820 -0.0250913 -0.9967167
vn 0.0771218 -0.0250818 0.9967062
vn 0.0978801 -0.0208754 -0.9949792
vn 0.0979786 -0.0208679 0.9949697
vn 0.1185383 -0.0160775 -0.9928193
vn 0.1185794 -0.0160739 0.9928145
vn 0.1390256 -0.0106913 -0.9902310
vn 0.1390068 -0.0106920 0.9902337
vn 0.1594216 -0.0047956 -0.9871989
vn 0.1593551 -0.0047999 0.9872097
vn 0.1798077 0.0008807 -0.9837013
vn 0.1797213 0.0008751 0.9837172
vn 0.2002088 0.0047465 -0.9797418
vn 0.2001375 0.0047423 0.9797563
vn 0.2205281 0.0068770 -0.9753564
vn 0.2204961 0.0068761 0.9753636
vn 0.2407338 0.0086330 -0.9705528
vn 0.2407639 0.0086372 0.9705453
vn 0.2608226 0.0103746 -0.9653310
vn 0.2609403 0.0103860 0.9652990
vn 0.2807954 0.0121244 -0.9596910
vn 0.2810290 0.0121453 0.9596224
vn 0.3006517 0.0138822 -0.9536330
vn 0.3010322 0.0139149 0.9535125
vn 0.3203903 0.0156480 -0.9471564
vn 0.3209502 0.0156951 0.9469661
vn 0.3400097 0.0174216 -0.9402606
vn 0.3407837 0.0174857 0.9399791
vn 0.3595077 0.0192035 -0.9329445
vn 0.3605314 0.0192874 0.9325477
vn 0.3788826 0.0209931 -0.9252065
vn 0.3801925 0.0210995 0.9246667
vn 0.3981299 0.0227893 -0.9170459
vn 0.3997627 0.0229210 0.9163320
vn 0.4172454 0.0245933 -0.9084610
vn 0.4192381 0.0247531 0.9075388
vn 0.4362254 0.0264046 -0.8994499
vn 0.4386137 0.0265950 0.8982821
vn 0.4550639 0.0282220 -0.8900115
vn 0.4578828 0.0284458 0.8885573
vn 0.4737546 0.0300456 -0.8801442
vn 0.4770377 0.0303050 0.8783602
vn 0.4922909 0.0318747 -0.8698470
vn 0.4960691 0.0321721 0.8676867
vn 0.5106646 0.0337088 -0.8591189
vn 0.5149673 0.0340462 0.8565333
vn 0.5288680 0.0355472 -0.8479593
vn 0.5337211 0.0359265 0.8448971
vn 0.5371945 0.0363979 -0.8426727
vn 0.5356265 0.0365272 -0.8436646
vn 0.5480720 0.0374804 -0.8355909
vn 0.5523182 0.0378121 0.8327754
vn 0.5330608 0.0368183 -0.8452755
vn 0.5682099 0.0395021 -0.8219350
vn 0.5707456 0.0397015 0.8201666
vn 0.5311922 0.0371893 -0.8464347
vn 0.5882493 0.0415332 -0.8076124
vn 0.5889890 0.0415947 0.8070699
vn 0.5299493 0.0376334 -0.8471938
vn 0.6081609 0.0435719 -0.7926171
vn 0.6070342 0.0434908 0.7934847
vn 0.5292689 0.0381476 -0.8475961
vn 0.6279122 0.0456187 -0.7769461
vn 0.6248661 0.0453899 0.7794114
vn 0.5291919 0.0394193 -0.8475860
vn 0.6474283 0.0483570 -0.7605907
vn 0.6424842 0.0478113 0.7648059
vn 0.5305398 0.0586582 -0.8456280
vn 0.6653131 0.0697225 -0.7433016
vn 0.6550541 0.0629664 0.7529538
vn 0.6607758 0.0634506 0.7478967
vn 0.6557336 0.0587727 0.7527013
vn 0.5155184 0.2261107 -0.8265076
vn 0.6670706 0.2439341 -0.7039267
vn 0.6373566 0.2183594 0.7389829
vn 0.6704326 0.2213152 0.7081947
vn 0.5057439 0.7405907 -0.4424350
vn 0.1670272 0.9815487 -0.0930813
vn 0.1008799 0.9948192 -0.0125690
vn 0.0955968 0.9953972 0.0067617
vn 0.0072200 0.9999738 0.0005922
vn 0.1379107 0.9888721 0.0557910
vn 0.3630897 0.8933325 0.2648075
vn -0.6073253 -0.7913347 0.0703222
vn -0.5805529 -0.8111473 0.0706989
vn -0.5825812 -0.8024318 -0.1292372
vn -0.5794413 -0.7970800 0.1700334
vn -0.7509140 -0.5789437 -0.3177297
vn -0.5578893 -0.7520251 -0.3510238
vn -0.4691019 -0.5470799 -0.6932871
vn -0.6817357 -0.5746948 0.4527277
vn -0.5350655 -0.6932263 0.4828479
vn -0.4847446 -0.5567026 0.6746145
vn -0.6325111 -0.4579661 -0.6246574
vn -0.4689043 -0.5467569 -0.6936755
vn -0.4042388 -0.4314456 -0.8065021
vn -0.5151337 -0.4089835 0.7532396
vn -0.4341311 -0.4598128 0.7746628
vn -0.4150684 -0.3992788 0.8174929
vn -0.3273904 -0.4039500 -0.8541896
vn -0.3113294 -0.3851770 -0.8687420
vn -0.2946701 -0.3821357 -0.8758663
vn -0.3793785 -0.2963030 0.8765138
vn -0.1311606 -0.3704624 -0.9195404
vn -0.3505168 -0.2179253 0.9108493
vn 0.0610778 -0.4896648 -0.8697689
vn 0.0874478 -0.3523761 -0.9317639
vn -0.3452197 -0.2036126 0.9161688
vn -0.4015145 -0.1706342 0.8998167
vn -0.3371207 -0.1707442 0.9258488
vn 0.1451127 -0.3466743 -0.9266927
vn 0.2417821 -0.3106104 -0.9192728
vn -0.4607083 -0.1930463 0.8663031
vn -0.3239266 -0.1984905 0.9250260
vn 0.2819118 -0.1984304 -0.9386964
vn -0.2981181 -0.3363889 0.8932906
vn 0.1610891 -0.0880131 -0.9830076
vn 0.2938576 -0.0736418 -0.9530082
vn -0.3258912 -0.3449611 0.8802254
vn -0.3692474 -0.3134702 0.8748673
vn -0.3374232 -0.3224889 0.8843905
vn 0.1935197 0.0116781 -0.9810269
vn 0.3075715 0.0213409 -0.9512856
vn -0.4999956 -0.0760455 0.8626827
vn -0.3951569 -0.0888372 0.9143080
vn 0.3138256 0.1057764 -0.9435702
vn -0.5030369 0.0082887 0.8642253
vn -0.3919682 0.0088568 0.9199361
vn 0.2953707 0.1913736 -0.9360194
vn -0.4886360 0.0337807 0.8718336
vn -0.3853117 0.0363285 0.9220711
vn 0.2330011 0.2779306 -0.9319147
vn -0.4696734 0.0441743 0.8817344
vn -0.3808241 0.0460225 0.9235015
vn 0.1462468 0.3297071 -0.9326870
vn 0.0590527 0.4735235 -0.8787993
vn 0.0934048 0.3442830 -0.9342081
vn -0.4472750 0.0462847 0.8931981
vn -0.3770472 0.0474957 0.9249754
vn -0.1202606 0.3378412 -0.9334884
vn -0.4237673 0.0382275 0.9049640
vn -0.3726530 0.0391062 0.9271464
vn -0.3732408 0.3089450 -0.8747824
vn -0.2780462 0.2601319 -0.9246739
vn -0.4027959 0.0181126 0.9151106
vn -0.3655525 0.0190647 0.9305955
vn -0.3276188 0.1841146 -0.9266972
vn -0.3431731 0.1578726 -0.9259095
vn -0.3888449 -0.0079375 0.9212690
vn -0.3528202 -0.0063450 0.9356696
vn -0.3425610 0.0689465 -0.9369622
vn -0.3835343 -0.0241821 0.9232099
vn -0.3345667 -0.0211667 0.9421344
vn -0.3194632 0.0078083 -0.9475665
vn -0.3801112 -0.0277590 0.9245242
vn -0.3139921 -0.0232289 0.9491414
vn -0.2953064 -0.0168695 -0.9552537
vn -0.3773430 -0.0276484 0.9256607
vn -0.2931449 -0.0218583 0.9558181
vn -0.2733128 -0.0200213 -0.9617168
vn -0.3753528 -0.0272711 0.9264808
vn -0.2722658 -0.0202338 0.9620094
vn -0.2517874 -0.0186841 -0.9676022
vn -0.3742287 -0.0270020 0.9269432
vn -0.2512867 -0.0186365 0.9677333
vn -0.2302239 -0.0170672 -0.9729881
vn -0.3740828 -0.0268540 0.9270065
vn -0.2301452 -0.0170535 0.9730068
vn -0.2085399 -0.0154563 -0.9778917
vn -0.3750580 -0.0268393 0.9266127
vn -0.2087862 -0.0154711 0.9778389
vn -0.1866836 -0.0138424 -0.9823226
vn -0.3773519 -0.0269756 0.9256770
vn -0.1871636 -0.0138784 0.9822307
vn -0.1646106 -0.0122150 -0.9862830
vn -0.3812233 -0.0272841 0.9240803
vn -0.1652393 -0.0122652 0.9861773
vn -0.1422888 -0.0105661 -0.9897688
vn -0.3870087 -0.0277930 0.9216571
vn -0.1429882 -0.0106237 0.9896673
vn -0.1196939 -0.0088903 -0.9927710
vn -0.3951585 -0.0285404 0.9181695
vn -0.1203945 -0.0089492 0.9926858
vn -0.0968142 -0.0071835 -0.9952765
vn -0.4062698 -0.0295742 0.9132745
vn -0.0974557 -0.0072382 0.9952136
vn -0.0736504 -0.0054447 -0.9972692
vn -0.0741829 -0.0054904 0.9972295
vn -0.0502165 -0.0036753 -0.9987316
vn -0.0506014 -0.0037083 0.9987121
vn -0.0265408 -0.0018795 -0.9996459
vn -0.0267511 -0.0018971 0.9996403
vn -0.0026664 -0.0000651 -0.9999964
vn -0.0026878 -0.0000658 0.9999964
vn 0.0213482 0.0016580 -0.9997708
vn 0.0215174 0.0016743 0.9997671
vn 0.0454285 0.0024691 -0.9989645
vn 0.0457776 0.0025010 0.9989485
vn 0.0694699 0.0008169 -0.9975837
vn 0.0699871 0.0008623 0.9975476
vn 0.0933192 -0.0026685 -0.9956326
vn 0.0940206 -0.0026088 0.9955668
vn 0.1168390 -0.0060799 -0.9931323
vn 0.1177663 -0.0060026 0.9930232
vn 0.1399239 -0.0089519 -0.9901218
vn 0.1411360 -0.0088526 0.9899506
vn 0.1624943 -0.0112628 -0.9866452
vn 0.1640614 -0.0111367 0.9863873
vn 0.0065045 -0.0272147 -0.9996085
vn 0.1844956 -0.0130163 -0.9827471
vn 0.1864934 -0.0128585 0.9823721
vn 0.1884475 -0.0156505 -0.9819586
vn 0.2058975 -0.0142139 -0.9784704
vn 0.2084012 -0.0140200 0.9779429
vn 0.2102976 -0.0143484 -0.9775321
vn 0.2270343 -0.0148302 -0.9737739
vn 0.2297720 -0.0146218 0.9731346
vn 0.2477536 -0.0148769 -0.9687089
vn 0.2506100 -0.0146626 0.9679770
vn 0.2679903 -0.0143589 -0.9633146
vn 0.2709367 -0.0141406 0.9624933
vn 0.2877722 -0.0132733 -0.9576069
vn 0.2907858 -0.0130521 0.9566991
vn 0.3071398 -0.0116155 -0.9515935
vn 0.3102055 -0.0113921 0.9506013
vn 0.3261448 -0.0093815 -0.9452733
vn 0.3292572 -0.0091555 0.9441959
vn 0.3448473 -0.0065658 -0.9386358
vn 0.3480112 -0.0063361 0.9374689
vn 0.3633156 -0.0031615 -0.9316607
vn 0.3665476 -0.0029262 0.9303946
vn 0.3816253 0.0008375 -0.9243168
vn 0.3849545 0.0010816 0.9229349
vn 0.3998567 0.0054378 -0.9165615
vn 0.4033257 0.0056948 0.9150388
vn 0.4180954 0.0106466 -0.9083408
vn 0.4217597 0.0109218 0.9066418
vn 0.4364297 0.0163839 -0.8995892
vn 0.4403589 0.0166839 0.8976668
vn 0.4549397 0.0219146 -0.8902525
vn 0.4592143 0.0222459 0.8880470
vn 0.4735875 0.0256322 -0.8803738
vn 0.4782790 0.0259976 0.8778231
vn 0.4870974 0.0270676 -0.8729281
vn 0.4869960 0.0272032 -0.8729804
vn 0.4925250 0.0276327 -0.8698595
vn 0.4972490 0.0279998 0.8671560
vn 0.4867355 0.0273500 -0.8731211
vn 0.5124771 0.0293424 -0.8581994
vn 0.5160189 0.0296177 0.8560650
vn 0.4872418 0.0275607 -0.8728321
vn 0.5323099 0.0310365 -0.8459804
vn 0.5345684 0.0312135 0.8445486
vn 0.4884029 0.0278484 -0.8721737
vn 0.5520040 0.0327368 -0.8331986
vn 0.5528886 0.0328098 0.8326089
vn 0.4901245 0.0282040 -0.8711961
vn 0.5715374 0.0344409 -0.8198529
vn 0.5709693 0.0344050 0.8202502
vn 0.4923306 0.0286209 -0.8699376
vn 0.5908876 0.0361476 -0.8059437
vn 0.5888000 0.0359987 0.8074767
vn 0.4949560 0.0290929 -0.8684308
vn 0.6100311 0.0378550 -0.7914727
vn 0.6063702 0.0375899 0.7942935
vn 0.4979455 0.0296160 -0.8667025
vn 0.6289440 0.0395626 -0.7764434
vn 0.6236690 0.0391791 0.7807061
vn 0.5012502 0.0301849 -0.8647757
vn 0.6476032 0.0412680 -0.7608594
vn 0.6383677 0.0405879 0.7686607
vn 0.6410666 0.0407923 0.7664004
vn 0.6385320 0.0405637 0.7685255
vn 0.5048314 0.0307948 -0.8626685
vn 0.6659832 0.0429680 -0.7447281
vn 0.6370822 0.0408001 0.7697153
vn 0.6608406 0.0425931 0.7493167
vn 0.5086523 0.0314444 -0.8603976
vn 0.6840600 0.0446635 -0.7280570
vn 0.6363148 0.0410789 0.7703350
vn 0.6803249 0.0443897 0.7315652
vn 0.5126818 0.0321301 -0.8579773
vn 0.7018100 0.0463524 -0.7108545
vn 0.6360190 0.0414189 0.7705610
vn 0.6994832 0.0461794 0.7131554
vn 0.5168911 0.0328487 -0.8554208
vn 0.7192093 0.0480320 -0.6931311
vn 0.6361519 0.0418148 0.7704300
vn 0.7182802 0.0479587 0.6940991
vn 0.5212560 0.0335980 -0.8527388
vn 0.7362348 0.0497011 -0.6748985
vn 0.6366763 0.0422629 0.7699721
vn 0.7366805 0.0497256 0.6744103
vn 0.5257559 0.0343762 -0.8499406
vn 0.7528637 0.0513580 -0.6561697
vn 0.6375540 0.0427595 0.7692181
vn 0.7546500 0.0514778 0.6541051
vn 0.5303686 0.0351810 -0.8470368
vn 0.7690740 0.0530010 -0.6369585
vn 0.6387519 0.0433011 0.7681933
vn 0.7721560 0.0532130 0.6332009
vn 0.5350794 0.0360111 -0.8440339
vn 0.7848442 0.0546286 -0.6172805
vn 0.6402392 0.0438847 0.7669210
vn 0.7891664 0.0549288 0.6117183
vn 0.8001539 0.0562391 -0.5971524
vn 0.6419859 0.0445072 0.7654235
vn 0.8056509 0.0566229 0.5896783
vn 0.8046275 0.0567180 -0.5910649
vn 0.8035616 0.0569927 -0.5924868
vn 0.8187091 0.0580888 -0.5712628
vn 0.6439677 0.0451658 0.7637182
vn 0.8215805 0.0582926 0.5671043
vn 0.8022743 0.0574238 -0.5941873
vn 0.8380600 0.0600102 -0.5422676
vn 0.6461571 0.0458592 0.7618253
vn 0.8369274 0.0599370 0.5440220
vn 0.8013014 0.0579000 -0.5954525
vn 0.8564947 0.0618845 -0.5124326
vn 0.6485321 0.0465854 0.7597604
vn 0.8516664 0.0615545 0.5204569
vn 0.8006212 0.0584212 -0.5963159
vn 0.8739538 0.0637072 -0.4818154
vn 0.8571730 0.0625264 0.5112191
vn 0.8694090 0.0633943 0.4900094
vn 0.8579098 0.0622545 0.5100148
vn 0.6510717 0.0473434 0.7575383
vn 0.8001924 0.0596872 -0.5967659
vn 0.8903002 0.0658617 -0.4505859
vn 0.8559573 0.0639059 0.5130819
vn 0.8887080 0.0659703 0.4537024
vn 0.6537715 0.0486496 0.7551265
vn 0.7985690 0.0801792 -0.5965390
vn 0.9042256 0.0799699 -0.4195008
vn 0.8531493 0.0842932 0.5148115
vn 0.9047774 0.0834051 0.4176379
vn 0.7673729 0.2546311 -0.5884742
vn 0.9015582 0.2131648 -0.3765020
vn 0.8188920 0.2595267 0.5119198
vn 0.9006991 0.2334492 0.3663913
vn 0.8936244 0.2699686 -0.3585419
vn 0.7434401 0.6605104 -0.1049905
vn 0.7121927 0.7000040 0.0526861
vn 0.8489022 0.4512018 0.2752852
vn -0.4968934 -0.7893662 -0.3605524
vn -0.2379397 -0.8939378 -0.3798156
vn -0.2235954 -0.7762507 -0.5894405
vn -0.2470339 -0.9660341 0.0758446
vn -0.3590026 -0.7803906 0.5119645
vn -0.2271416 -0.8229768 0.5206879
vn -0.2211168 -0.7683040 0.6006799
vn -0.4683546 -0.5469947 -0.6938593
vn -0.1973884 -0.6363071 -0.7457554
vn -0.1818260 -0.5279682 -0.8295715
vn -0.2395229 -0.5255754 0.8163328
vn -0.1809432 -0.5401174 0.8219080
vn -0.1782470 -0.5185332 0.8362722
vn -0.1488608 -0.3873577 -0.9098321
vn -0.1593823 -0.3815800 0.9104911
vn -0.1409378 -0.3682682 -0.9189750
vn -0.1016556 -0.3081955 -0.9458762
vn -0.1434978 -0.2840174 0.9480203
vn -0.0319351 -0.2537683 -0.9667377
vn -0.1412826 -0.2697298 0.9525151
vn -0.3062451 -0.2170782 0.9268716
vn -0.1362220 -0.2114521 0.9678490
vn 0.0565597 -0.2194119 -0.9739915
vn -0.1321766 -0.1687464 0.9767569
vn 0.1297173 -0.2210538 -0.9665964
vn 0.1504746 -0.2209390 -0.9636095
vn -0.1266202 -0.1984366 0.9719003
vn 0.1968038 -0.1788793 -0.9639868
vn -0.1142103 -0.3552865 0.9277540
vn 0.2077633 -0.0639864 -0.9760841
vn -0.1160905 -0.4037022 0.9074952
vn -0.1424832 -0.3696338 0.9181881
vn 0.2180029 0.0297413 -0.9754949
vn -0.1716828 -0.1011287 0.9799480
vn 0.2170459 0.0950619 -0.9715217
vn -0.1590830 0.0150222 0.9871510
vn 0.1954953 0.1499710 -0.9691699
vn -0.1461347 0.0473767 0.9881296
vn 0.1500287 0.1965487 -0.9689479
vn -0.1340658 0.0580585 0.9892703
vn 0.1347691 0.2039587 -0.9696587
vn 0.0740070 0.2252321 -0.9714903
vn -0.1209117 0.0604667 0.9908199
vn -0.0037295 0.2304091 -0.9730868
vn -0.1054488 0.0538645 0.9929648
vn -0.0578791 0.2088833 -0.9762263
vn -0.0865375 0.0367853 0.9955692
vn -0.2717206 0.1610914 -0.9487979
vn -0.0725141 0.1619792 -0.9841263
vn -0.0637747 0.0145165 0.9978587
vn -0.0961622 0.0934649 -0.9909678
vn -0.0533182 0.0968513 -0.9938697
vn -0.0398772 0.0010993 0.9992040
vn -0.0381073 0.0665661 -0.9970541
vn -0.0224655 0.0361981 -0.9990921
vn -0.0173463 -0.0008462 0.9998492
vn 0.0042703 0.0072717 -0.9999644
vn 0.0049762 0.0006187 0.9999874
vn 0.0272597 0.0028441 -0.9996243
vn 0.0275029 0.0024188 0.9996188
vn 0.0498973 0.0042152 -0.9987455
vn 0.0502966 0.0042497 0.9987253
vn 0.0728455 0.0060607 -0.9973248
vn 0.0733910 0.0061129 0.9972845
vn 0.0961533 0.0079483 -0.9953348
vn 0.0968065 0.0080099 0.9952710
vn 0.1198406 0.0098741 -0.9927440
vn 0.1205496 0.0099398 0.9926575
vn 0.1439141 0.0118352 -0.9895194
vn 0.1446127 0.0118985 0.9894168
vn 0.1683623 0.0138259 -0.9856282
vn 0.1689705 0.0138790 0.9855234
vn 0.1931590 0.0158374 -0.9810396
vn 0.1935832 0.0158715 0.9809555
vn 0.2182594 0.0178568 -0.9757274
vn 0.2183937 0.0178622 0.9756972
vn 0.2435998 0.0198684 -0.9696723
vn 0.2433279 0.0198347 0.9697412
vn 0.2690985 0.0218524 -0.9628647
vn 0.2682959 0.0217691 0.9630905
vn 0.2946556 0.0237864 -0.9553074
vn 0.2931927 0.0236431 0.9557610
vn 0.3201539 0.0256438 -0.9470184
vn 0.3178998 0.0254308 0.9477832
vn 0.3454625 0.0273007 -0.9380353
vn 0.3422885 0.0270096 0.9392066
vn 0.3704357 0.0279573 -0.9284373
vn 0.3662253 0.0275832 0.9301174
vn 0.3948605 0.0261456 -0.9183690
vn 0.3895596 0.0256933 0.9206428
vn 0.4184387 0.0225127 -0.9079660
vn 0.4121206 0.0219976 0.9108638
vn 0.4410520 0.0189190 -0.8972821
vn 0.4192053 0.0171898 0.9077287
vn 0.4347177 0.0184238 0.9003783
vn 0.4187211 0.0208917 0.9078745
vn 0.4626786 0.0158247 -0.8863849
vn 0.4252250 0.0128695 0.9049962
vn 0.4566691 0.0153719 0.8895038
vn 0.4833305 0.0132616 -0.8753375
vn 0.4352591 0.0094767 0.9002554
vn 0.4776125 0.0128443 0.8784767
vn 0.5030424 0.0112358 -0.8641887
vn 0.4479110 0.0069055 0.8940514
vn 0.4975875 0.0108485 0.8673460
vn 0.5218692 0.0097539 -0.8529698
vn 0.4621345 0.0050749 0.8867953
vn 0.5166559 0.0093923 0.8561416
vn 0.2358766 -0.0141982 -0.9716793
vn 0.5398813 0.0088229 -0.8416949
vn 0.4771399 0.0039228 0.8788186
vn 0.5348979 0.0084836 0.8448741
vn 0.2668221 -0.0135162 -0.9636510
vn 0.5571632 0.0084510 -0.8303601
vn 0.4923382 0.0034038 0.8703973
vn 0.5524099 0.0081319 0.8335330
vn 0.2959382 -0.0123650 -0.9551271
vn 0.5738100 0.0086450 -0.8189428
vn 0.5072842 0.0034816 0.8617718
vn 0.5693008 0.0083453 0.8220869
vn 0.3230802 -0.0107520 -0.9463105
vn 0.5899232 0.0094122 -0.8074045
vn 0.5216517 0.0041298 0.8531485
vn 0.5856856 0.0091320 0.8104869
vn 0.3481616 -0.0086808 -0.9373944
vn 0.6056097 0.0107622 -0.7956891
vn 0.5351975 0.0053306 0.8447101
vn 0.6016862 0.0105027 0.7986635
vn 0.3711319 -0.0061545 -0.9285597
vn 0.6209802 0.0127023 -0.7837233
vn 0.5477469 0.0070696 0.8366142
vn 0.6174281 0.0124660 0.7865285
vn 0.3919806 -0.0031738 -0.9199680
vn 0.6361448 0.0152398 -0.7714192
vn 0.5591782 0.0093371 0.8289949
vn 0.6330356 0.0150304 0.7739767
vn 0.4107129 0.0002624 -0.9117647
vn 0.6512119 0.0183833 -0.7586733
vn 0.5694053 0.0121277 0.8219675
vn 0.6486303 0.0182057 0.7608860
vn 0.4273620 0.0041556 -0.9040710
vn 0.6662862 0.0221398 -0.7453673
vn 0.5783770 0.0154379 0.8156235
vn 0.6643293 0.0220002 0.7471162
vn 0.4419698 0.0085076 -0.8969896
vn 0.6814662 0.0265154 -0.7313691
vn 0.5860589 0.0192656 0.8100393
vn 0.6802415 0.0264219 0.7325118
vn 0.4545853 0.0133205 -0.8906036
vn 0.6968411 0.0315159 -0.7165328
vn 0.5924388 0.0236105 0.8052695
vn 0.6964639 0.0314777 0.7169011
vn 0.4652703 0.0185093 -0.8849751
vn 0.7124920 0.0370581 -0.7007010
vn 0.5975128 0.0283848 0.8013568
vn 0.7130822 0.0370860 0.7000988
vn 0.4741536 0.0233378 -0.8801328
vn 0.7284777 0.0423986 -0.6837562
vn 0.6013559 0.0328450 0.7983059
vn 0.7301517 0.0425033 0.6819618
vn 0.4817819 0.0262406 -0.8758982
vn 0.7446718 0.0459163 -0.6658496
vn 0.6044288 0.0354076 0.7958720
vn 0.7475024 0.0461036 0.6626571
vn 0.7605978 0.0476652 -0.6474712
vn 0.6075891 0.0362238 0.7934251
vn 0.7645672 0.0479320 0.6427593
vn 0.7760800 0.0490114 -0.6287271
vn 0.6109838 0.0366885 0.7907925
vn 0.7811405 0.0493537 0.6224016
vn 0.7910850 0.0503181 -0.6096331
vn 0.6145881 0.0371662 0.7879720
vn 0.7971803 0.0507320 0.6016060
vn 0.7923614 0.0504314 -0.6079637
vn 0.7915726 0.0505629 -0.6089797
vn 0.8100377 0.0519049 -0.5840760
vn 0.6183710 0.0376774 0.7849826
vn 0.8126673 0.0520892 0.5803952
vn 0.7910288 0.0507534 -0.6096700
vn 0.8286248 0.0534823 -0.5572437
vn 0.6223058 0.0382187 0.7818407
vn 0.8275852 0.0534229 0.5587922
vn 0.7908067 0.0509899 -0.6099383
vn 0.8463665 0.0550187 -0.5297517
vn 0.6263685 0.0387881 0.7785615
vn 0.8419180 0.0547323 0.5368227
vn 0.7908773 0.0512691 -0.6098233
vn 0.8632240 0.0565112 -0.5016481
vn 0.8513089 0.0556965 0.5217001
vn 0.8574694 0.0561353 0.5114635
vn 0.8515496 0.0556316 0.5213141
vn 0.6305369 0.0393835 0.7751595
vn 0.7912132 0.0515897 -0.6093605
vn 0.8791628 0.0579592 -0.4729837
vn 0.8506017 0.0559390 0.5228266
vn 0.8762490 0.0577665 0.4783836
vn 0.6347913 0.0400043 0.7716474
vn 0.7917874 0.0519477 -0.6085838
vn 0.8941531 0.0593589 -0.4438093
vn 0.8501490 0.0562205 0.5235321
vn 0.8937986 0.0593325 0.4445262
vn 0.7925756 0.0523393 -0.6075234
vn 0.9081674 0.0607064 -0.4141819
vn 0.8499289 0.0565370 0.5238554
vn 0.9100643 0.0608272 0.4099793
vn 0.7935542 0.0527652 -0.6062074
vn 0.9211830 0.0620030 -0.3841580
vn 0.8499196 0.0568895 0.5238323
vn 0.9249995 0.0622502 0.3748343
vn 0.7947027 0.0532230 -0.6046610
vn 0.9303043 0.0629453 -0.3613473
vn 0.9301845 0.0630303 -0.3616407
vn 0.9354096 0.0633925 -0.3478366
vn 0.8500996 0.0572756 0.5234979
vn 0.9385673 0.0635977 0.3391855
vn 0.7959991 0.0537096 -0.6029102
vn 0.9297410 0.0633940 -0.3627159
vn 0.9541070 0.0650888 -0.2923065
vn 0.8504497 0.0576921 0.5228832
vn 0.9507375 0.0648650 0.3031349
vn 0.7974256 0.0542239 -0.6009761
vn 0.9294226 0.0637840 -0.3634629
vn 0.9695619 0.0665845 -0.2356191
vn 0.9558222 0.0656444 0.2865219
vn 0.9673208 0.0664385 0.2446963
vn 0.9559932 0.0654375 0.2859981
vn 0.8509512 0.0581380 0.5220172
vn 0.7989651 0.0547644 -0.5988786
vn 0.9292167 0.0641993 -0.3639159
vn 0.9816450 0.0678670 -0.1782333
vn 0.9555436 0.0660569 0.2873549
vn 0.9839796 0.0680279 0.1647915
vn 0.8515862 0.0586117 0.5209275
vn 0.8006020 0.0553299 -0.5966364
vn 0.9291117 0.0646392 -0.3641061
vn 0.9876299 0.0685803 -0.1410108
vn 0.9875929 0.0687366 -0.1411930
vn 0.9975855 0.0694292 0.0016190
vn 0.9553397 0.0664913 0.2879320
vn 0.9940615 0.0691822 0.0839966
vn 0.8523403 0.0591120 0.5196363
vn 0.8023225 0.0559193 -0.5942658
vn 0.9290968 0.0651029 -0.3640614
vn 0.9874955 0.0691953 -0.1416495
vn 0.9951164 0.0693355 0.0702572
vn 0.9950749 0.0697174 0.0704668
vn 0.9552027 0.0669474 0.2882809
vn 0.8531983 0.0596378 0.5181659
vn 0.8041125 0.0565313 -0.5917832
vn 0.9291626 0.0655898 -0.3638060
vn 0.9874147 0.0696720 -0.1419795
vn 0.9950272 0.0701950 0.0706644
vn 0.9551252 0.0674249 0.2884263
vn 0.8541466 0.0601879 0.5165375
vn 0.9292995 0.0660987 -0.3633641
vn 0.9873483 0.0701664 -0.1421971
vn 0.9949823 0.0706898 0.0708034
vn 0.9551011 0.0679228 0.2883894
vn 0.8551732 0.0607608 0.5147689
vn 0.9294992 0.0666307 -0.3627554
vn 0.9872948 0.0706802 -0.1423137
vn 0.9949395 0.0712037 0.0708902
vn 0.9551240 0.0684425 0.2881908
vn 0.8562668 0.0613571 0.5128766
vn 0.9297541 0.0671857 -0.3619992
vn 0.9872527 0.0712142 -0.1423403
vn 0.9948983 0.0717373 0.0709299
vn 0.9551885 0.0689842 0.2878474
vn 0.8574181 0.0619765 0.5108749
vn 0.9300569 0.0677651 -0.3611124
vn 0.9872187 0.0717848 -0.1422887
vn 0.9948571 0.0723089 0.0709290
vn 0.9552885 0.0695547 0.2873777
vn 0.9303191 0.0688682 -0.3602273
vn 0.9870291 0.0741699 -0.1423813
vn 0.9946641 0.0748396 0.0710093
vn 0.9552892 0.0713000 0.2869474
vn 0.9292346 0.0827712 -0.3600998
vn 0.9844325 0.1009640 -0.1438714
vn 0.9920487 0.1032449 0.0719712
vn 0.9531863 0.0917894 0.2881153
vn 0.9079316 0.2148234 -0.3598765
vn 0.9498698 0.2788809 -0.1413252
vn 0.9549306 0.2879812 0.0719329
vn 0.9247062 0.2464979 0.2900985
vn 0.1197263 -0.9156413 -0.3837532
vn 0.1104470 -0.7687861 -0.6298963
vn 0.1239340 -0.9893500 0.0763344
vn 0.1143961 -0.8422365 0.5268312
vn 0.1100342 -0.7654416 0.6340281
vn 0.0992673 -0.6504493 -0.7530351
vn 0.0907732 -0.5225519 -0.8477616
vn 0.0909109 -0.5509902 0.8295451
vn 0.0886544 -0.5151795 0.8524849
vn 0.0787307 -0.3768505 -0.9229221
vn 0.0790013 -0.3785448 0.9222053
vn 0.0780963 -0.3678432 -0.9266025
vn 0.0829279 -0.2846790 -0.9550292
vn 0.0710501 -0.2824190 0.9566563
vn 0.0971106 -0.2154954 -0.9716641
vn 0.0708048 -0.2792380 0.9576079
vn 0.0678322 -0.2103153 0.9752776
vn 0.1188527 -0.1714620 -0.9779953
vn 0.0658504 -0.1680313 0.9835798
vn 0.1459616 -0.2005516 -0.9687488
vn 0.1428670 -0.1752148 -0.9741093
vn 0.0630799 -0.1981333 0.9781432
vn 0.1480247 -0.1767918 -0.9730536
vn 0.1599884 -0.1653118 -0.9731781
vn 0.0557075 -0.3604742 0.9311042
vn 0.1737373 -0.0565557 -0.9831668
vn 0.0535378 -0.4077977 0.9115013
vn 0.0557296 -0.3817098 0.9226006
vn 0.1815049 0.0367775 -0.9827021
vn 0.0714883 -0.0930411 0.9930925
vn 0.1831959 0.0899486 -0.9789527
vn 0.0823120 0.0280097 0.9962130
vn 0.1770838 0.1293156 -0.9756632
vn 0.0962195 0.0622354 0.9934126
vn 0.1704237 0.1459613 -0.9745004
vn 0.1548534 0.1829544 -0.9708492
vn 0.1653000 0.1627825 -0.9727167
vn 0.1135718 0.0748636 0.9907053
vn 0.1540287 0.1900485 -0.9696168
vn 0.1346081 0.0800354 0.9876614
vn 0.1497909 0.2078858 -0.9666159
vn 0.1601278 0.0771173 0.9840792
vn 0.1599514 0.2095138 -0.9646344
vn 0.1903666 0.0638155 0.9796367
vn 0.1881928 0.1853702 -0.9644799
vn 0.2234088 0.0425489 0.9737958
vn 0.2127655 0.1519859 -0.9652104
vn 0.0403721 0.1090109 -0.9932204
vn 0.2302256 0.1306766 -0.9643235
vn 0.2542806 0.0268458 0.9667578
vn 0.2724515 0.0678994 -0.9597707
vn 0.2794003 0.0231983 0.9598944
vn 0.3039379 0.0344082 -0.9520702
vn 0.3029981 0.0246278 0.9526729
vn 0.3295875 0.0278609 -0.9437139
vn 0.3267702 0.0267367 0.9447256
vn 0.3547228 0.0292709 -0.9345132
vn 0.3508577 0.0288940 0.9359829
vn 0.3802446 0.0315385 -0.9243481
vn 0.3752232 0.0310749 0.9264134
vn 0.4061306 0.0338436 -0.9131881
vn 0.3998114 0.0332643 0.9159936
vn 0.4323032 0.0361510 -0.9010034
vn 0.3937211 0.0328537 0.9186427
vn 0.4264279 0.0356156 0.9038201
vn 0.4030658 0.0335508 0.9145558
vn 0.4586670 0.0384366 -0.8877766
vn 0.3859805 0.0322421 0.9219434
vn 0.4536576 0.0379829 0.8903663
vn 0.4851049 0.0406739 -0.8735095
vn 0.3810410 0.0318048 0.9240109
vn 0.4811006 0.0403133 0.8757380
vn 0.5114867 0.0428340 -0.8582229
vn 0.3784234 0.0315050 0.9250963
vn 0.5086119 0.0425761 0.8599426
vn 0.5376673 0.0448829 -0.8419617
vn 0.3777400 0.0313115 0.9253821
vn 0.5360280 0.0447351 0.8430141
vn 0.5634924 0.0467858 -0.8247954
vn 0.3786687 0.0311989 0.9250063
vn 0.5631721 0.0467528 0.8250160
vn 0.5888024 0.0485061 -0.8068202
vn 0.3809375 0.0311453 0.9240760
vn 0.5898597 0.0485897 0.8060426
vn 0.6134382 0.0500069 -0.7881579
vn 0.3843043 0.0311310 0.9226815
vn 0.6159050 0.0502057 0.7862192
vn 0.6372453 0.0512510 -0.7689550
vn 0.3885553 0.0311377 0.9208992
vn 0.6411266 0.0515607 0.7657011
vn 0.6600820 0.0521190 -0.7493834
vn 0.3935024 0.0310551 0.9187989
vn 0.6653573 0.0525323 0.7446744
vn 0.6818306 0.0519124 -0.7296658
vn 0.3990733 0.0301139 0.9164245
vn 0.6884522 0.0524182 0.7233851
vn 0.7023409 0.0494132 -0.7101237
vn 0.4059072 0.0269270 0.9135175
vn 0.7102044 0.0499942 0.7022182
vn 0.7067746 0.0484649 -0.7057768
vn 0.7050284 0.0440633 -0.7078090
vn 0.7254304 0.0455872 -0.6867842
vn 0.4152762 0.0222324 0.9094236
vn 0.7302982 0.0459414 0.6815819
vn 0.7049279 0.0386741 -0.7082238
vn 0.7475033 0.0418514 -0.6629382
vn 0.7487121 0.0419536 0.6615664
vn 0.7067163 0.0340169 -0.7066787
vn 0.7674934 0.0385479 -0.6398968
vn 0.7655724 0.0384506 0.6421998
vn 0.7099720 0.0300911 -0.7035868
vn 0.7856170 0.0357247 -0.6176809
vn 0.7810303 0.0354688 0.6234850
vn 0.7143276 0.0268726 -0.6992953
vn 0.8020945 0.0334028 -0.5962623
vn 0.7952400 0.0330196 0.6053948
vn 0.7194651 0.0243383 -0.6941020
vn 0.8171416 0.0316003 -0.5755701
vn 0.8078817 0.0310759 0.5885248
vn 0.8085281 0.0311230 0.5876339
vn 0.8077917 0.0311960 0.5886420
vn 0.7251178 0.0224675 -0.6882582
vn 0.8309646 0.0303322 -0.5554978
vn 0.8102521 0.0289422 0.5853664
vn 0.8243490 0.0299673 0.5652881
vn 0.7310632 0.0212433 -0.6819789
vn 0.8437566 0.0296134 -0.5359084
vn 0.8130231 0.0274615 0.5815833
vn 0.8389372 0.0293445 0.5434366
vn 0.7371189 0.0206492 -0.6754475
vn 0.8556966 0.0294539 -0.5166390
vn 0.8160399 0.0266203 0.5773822
vn 0.8525097 0.0292692 0.5218912
vn 0.7431362 0.0206711 -0.6688209
vn 0.8669444 0.0298623 -0.4975094
vn 0.8191743 0.0264065 0.5729365
vn 0.8652598 0.0297535 0.5004401
vn 0.7489965 0.0213008 -0.6622315
vn 0.8776430 0.0308497 -0.4783210
vn 0.8223189 0.0268134 0.5683948
vn 0.8773576 0.0308115 0.4788470
vn 0.7546060 0.0225286 -0.6557913
vn 0.8879163 0.0324220 -0.4588610
vn 0.8253883 0.0278323 0.5638791
vn 0.8889483 0.0324518 0.4568565
vn 0.7598905 0.0243465 -0.6495950
vn 0.8978664 0.0345833 -0.4389077
vn 0.8283111 0.0294553 0.5594935
vn 0.9001481 0.0346803 0.4342011
vn 0.7647919 0.0267496 -0.6437218
vn 0.9075730 0.0373374 -0.4182310
vn 0.8310325 0.0316781 0.5553211
vn 0.9110432 0.0375024 0.4106019
vn 0.7692674 0.0297329 -0.6382349
vn 0.9170915 0.0406848 -0.3965954
vn 0.8335065 0.0344956 0.5514317
vn 0.9216858 0.0409191 0.3857733
vn 0.7732845 0.0332922 -0.6331847
vn 0.9252416 0.0441028 -0.3768062
vn 0.9252781 0.0445306 -0.3766665
vn 0.9273139 0.0446677 -0.3716096
vn 0.8356978 0.0379038 0.5478801
vn 0.9320903 0.0449271 0.3594291
vn 0.7768174 0.0374238 -0.6286129
vn 0.9253570 0.0483477 -0.3760013
vn 0.9429025 0.0495459 -0.3293631
vn 0.8375775 0.0418990 0.5447095
vn 0.9422300 0.0495185 0.3312861
vn 0.7798541 0.0420372 -0.6245483
vn 0.9253129 0.0526795 -0.3755274
vn 0.9574746 0.0549033 -0.2832454
vn 0.8391278 0.0463909 0.5419524
vn 0.9520366 0.0545927 0.3010747
vn 0.7824281 0.0463872 -0.6210109
vn 0.9251736 0.0567875 -0.3752716
vn 0.9706167 0.0599574 -0.2330414
vn 0.9535391 0.0588103 0.2954733
vn 0.9692429 0.0598752 0.2387114
vn 0.9538182 0.0554698 0.2952184
vn 0.8403780 0.0506351 0.5396304
vn 0.7847549 0.0488797 -0.6178757
vn 0.9250805 0.0590834 -0.3751470
vn 0.9816965 0.0630572 -0.1797100
vn 0.9532663 0.0610869 0.2958913
vn 0.9843479 0.0632262 0.1645045
vn 0.8415144 0.0530360 0.5376251
vn 0.7871492 0.0496283 -0.6147627
vn 0.9251572 0.0596586 -0.3748666
vn 0.9873998 0.0638472 -0.1447933
vn 0.9873673 0.0640461 -0.1449278
vn 0.9978234 0.0647463 -0.0125098
vn 0.9531541 0.0616493 0.2961361
vn 0.9939398 0.0644926 0.0890192
vn 0.8427803 0.0536995 0.5355724
vn 0.7896230 0.0500128 -0.6115507
vn 0.9253504 0.0598745 -0.3743552
vn 0.9873069 0.0642476 -0.1452492
vn 0.9953023 0.0646432 0.0720739
vn 0.9952817 0.0648002 0.0722172
vn 0.9531365 0.0618517 0.2961507
vn 0.8441606 0.0540018 0.5333635
vn 0.7921518 0.0503970 -0.6082398
vn 0.9256296 0.0600921 -0.3736295
vn 0.9872665 0.0644450 -0.1454360
vn 0.9952593 0.0649981 0.0723467
vn 0.9531850 0.0620540 0.2959519
vn 0.8456275 0.0543062 0.5310037
vn 0.9259825 0.0603344 -0.3727146
vn 0.9872423 0.0646623 -0.1455037
vn 0.9952402 0.0652154 0.0724142
vn 0.9532903 0.0622793 0.2955652
vn 0.8471653 0.0546352 0.5285129
vn 0.9263999 0.0605990 -0.3716328
vn 0.9872325 0.0648978 -0.1454657
vn 0.9952239 0.0654503 0.0724265
vn 0.9534454 0.0625256 0.2950127
vn 0.8487617 0.0549864 0.5259089
vn 0.9268729 0.0608857 -0.3704046
vn 0.9872351 0.0651520 -0.1453345
vn 0.9952099 0.0657034 0.0723901
vn 0.9536436 0.0627930 0.2943142
vn 0.8504051 0.0553593 0.5232080
vn 0.9273932 0.0611936 -0.3690490
vn 0.9872485 0.0654246 -0.1451205
vn 0.9951977 0.0659744 0.0723104
vn 0.9538794 0.0630807 0.2934875
vn 0.9279536 0.0615242 -0.3675825
vn 0.9872711 0.0657177 -0.1448341
vn 0.9951870 0.0662655 0.0721923
vn 0.9541475 0.0633905 0.2925480
vn 0.9285477 0.0618754 -0.3660199
vn 0.9873017 0.0660297 -0.1444832
vn 0.9951773 0.0665750 0.0720402
vn 0.9544429 0.0637204 0.2915107
vn 0.9291705 0.0622451 -0.3643731
vn 0.9873393 0.0663584 -0.1440755
vn 0.9951686 0.0669009 0.0718580
vn 0.9547619 0.0640684 0.2903878
vn 0.9298161 0.0626362 -0.3626552
vn 0.9873824 0.0667075 -0.1436180
vn 0.9951604 0.0672469 0.0716492
vn 0.9551004 0.0644376 0.2891902
vn 0.9874302 0.0670765 -0.1431169
vn 0.9951523 0.0676125 0.0714170
vn 0.9554552 0.0648274 0.2879283
vn 0.9874819 0.0674636 -0.1425771
vn 0.9951444 0.0679960 0.0711642
vn 0.9558235 0.0652360 0.2866110
vn 0.9875366 0.0678695 -0.1420041
vn 0.9951360 0.0683980 0.0708932
vn 0.9875938 0.0682942 -0.1414017
vn 0.9951274 0.0688187 0.0706065
vn 0.9951183 0.0692578 0.0703060
vn 0.4591102 -0.8110188 -0.3625827
vn 0.4541320 -0.7849411 -0.4214636
vn 0.4793831 -0.8745562 0.0730979
vn 0.3701558 -0.7773405 0.5086517
vn 0.4549139 -0.7875826 0.4156525
vn 0.3841367 -0.5822216 -0.7165592
vn 0.3730881 -0.5390522 -0.7551343
vn 0.4391685 -0.7480052 0.4976137
vn 0.2283948 -0.5272223 0.8184574
vn 0.3744365 -0.5411627 0.7529543
vn 0.3279820 -0.3932910 -0.8589238
vn 0.3537794 -0.4939710 0.7942498
vn 0.3274750 -0.3924436 0.8595046
vn 0.3004169 -0.3209548 -0.8981857
vn 0.2943600 -0.2903461 -0.9105225
vn 0.2971350 -0.2909957 0.9094131
vn 0.2818733 -0.2154497 -0.9349486
vn 0.2790410 -0.2318657 0.9318660
vn 0.2761030 -0.2153351 0.9366952
vn 0.2744277 -0.1685552 -0.9467199
vn 0.2676587 -0.1705445 0.9483003
vn 0.2648697 -0.1703214 -0.9491231
vn 0.2567666 -0.1997216 0.9456121
vn 0.2256071 -0.1643063 -0.9602630
vn 0.2526126 -0.1603472 -0.9541885
vn 0.2295347 -0.3526007 0.9071860
vn 0.2595743 -0.1180533 -0.9584804
vn 0.2723987 -0.0458191 -0.9610929
vn 0.2261081 -0.4006796 0.8878801
vn 0.2446238 -0.3576314 0.9012542
vn 0.2792968 0.0455634 -0.9591232
vn 0.3083642 -0.0789916 0.9479830
vn 0.2826776 0.0794655 -0.9559177
vn 0.2716579 0.0938039 -0.9578115
vn 0.2849342 0.0940512 -0.9539218
vn 0.3193791 0.0419384 0.9466985
vn 0.2134679 0.1298184 -0.9682865
vn 0.2955528 0.1309027 -0.9463155
vn 0.3340945 0.0784726 0.9392672
vn 0.3098766 0.1657325 -0.9362207
vn 0.3555027 0.0944900 0.9298868
vn 0.3303107 0.1979035 -0.9228917
vn 0.3828410 0.1044030 0.9178959
vn 0.3597246 0.2235372 -0.9058859
vn 0.4166550 0.1072026 0.9027215
vn 0.3999092 0.2346647 -0.8860051
vn 0.3888939 0.0902860 0.9168479
vn 0.4616292 0.1001738 0.8813988
vn 0.4237701 0.1057884 0.8995708
vn 0.4020888 0.2340848 -0.8851717
vn 0.2690165 0.1967684 -0.9428214
vn 0.4627305 0.2213171 -0.8584283
vn 0.3691501 0.0618729 0.9273079
vn 0.5102607 0.0806073 0.8562338
vn 0.5259001 0.1680172 -0.8337861
vn 0.3699568 0.0395357 0.9282074
vn 0.5525663 0.0593084 0.8313560
vn 0.5747190 0.1002322 -0.8121894
vn 0.3746907 0.0316742 0.9266086
vn 0.5838554 0.0501480 0.8103073
vn 0.6061740 0.0617605 -0.7929305
vn 0.3787191 0.0310225 0.9249916
vn 0.6099753 0.0505488 0.7908065
vn 0.6309415 0.0537805 -0.7739641
vn 0.3833270 0.0315606 0.9230733
vn 0.6352719 0.0530507 0.7704642
vn 0.6547409 0.0552177 -0.7538338
vn 0.3888178 0.0321788 0.9207525
vn 0.6604705 0.0556634 0.7487859
vn 0.6783031 0.0576158 -0.7325198
vn 0.3951186 0.0328182 0.9180437
vn 0.6854638 0.0582103 0.7257760
vn 0.6961683 0.0594033 -0.7154167
vn 0.6952716 0.0593913 -0.7162891
vn 0.7030777 0.0600698 -0.7085713
vn 0.4021418 0.0334706 0.9149655
vn 0.7100854 0.0606543 0.7014982
vn 0.6918564 0.0592574 -0.7195995
vn 0.7324235 0.0628039 -0.6779464
vn 0.7341652 0.0629591 0.6760456
vn 0.6895610 0.0590866 -0.7218133
vn 0.7608375 0.0653378 -0.6456448
vn 0.7575370 0.0650840 0.6495397
vn 0.6882953 0.0588705 -0.7230380
vn 0.7880580 0.0676214 -0.6118758
vn 0.7800409 0.0669892 0.6221324
vn 0.6879575 0.0586012 -0.7233812
vn 0.8138509 0.0696079 -0.5768894
vn 0.7850671 0.0671807 0.6157568
vn 0.8073821 0.0690986 0.5859689
vn 0.7869113 0.0675199 0.6133609
vn 0.6884408 0.0582677 -0.7229482
vn 0.8380160 0.0712501 -0.5409738
vn 0.7829943 0.0665710 0.6184563
vn 0.8355430 0.0710548 0.5448110
vn 0.6896330 0.0578606 -0.7218438
vn 0.8603951 0.0725070 -0.5044433
vn 0.7816861 0.0658572 0.6201851
vn 0.8614475 0.0725834 0.5026329
vn 0.6914173 0.0573695 -0.7201742
vn 0.8808774 0.0733427 -0.4676280
vn 0.7810511 0.0650319 0.6210716
vn 0.8849269 0.0736429 0.4598708
vn 0.6936784 0.0567847 -0.7180430
vn 0.8994008 0.0737271 -0.4308625
vn 0.7809880 0.0640867 0.6212491
vn 0.9058860 0.0742006 0.4169710
vn 0.6962992 0.0560956 -0.7155563
vn 0.9038866 0.0737255 -0.4213712
vn 0.9029332 0.0726266 -0.4236002
vn 0.9245896 0.0742628 -0.3736565
vn 0.7813953 0.0630133 0.6208467
vn 0.9243015 0.0742324 0.3743744
vn 0.6991698 0.0552109 -0.7128207
vn 0.9019230 0.0708672 -0.4260431
vn 0.9481230 0.0742230 -0.3091176
vn 0.7821715 0.0617264 0.6199980
vn 0.9402227 0.0736583 0.3324992
vn 0.7022436 0.0534665 -0.7099262
vn 0.9012656 0.0682952 -0.4278504
vn 0.9666297 0.0728488 -0.2456013
vn 0.9397024 0.0710020 0.3345416
vn 0.9666036 0.0728610 0.2457005
vn 0.9403950 0.0736397 0.3320157
vn 0.7832774 0.0596028 0.6188086
vn 0.7057874 0.0496694 -0.7066804
vn 0.9010760 0.0639381 -0.4289217
vn 0.9803274 0.0693577 -0.1847906
vn 0.9393735 0.0666069 0.3363643
vn 0.9845258 0.0696423 0.1608069
vn 0.7849174 0.0555281 0.6171072
vn 0.9014904 0.0584137 -0.4288390
vn 0.9843690 0.0674763 -0.1626796
vn 0.9844971 0.0641695 -0.1632407
vn 0.9951762 0.0648742 0.0735912
vn 0.9394758 0.0610907 0.3371248
vn 0.9944952 0.0648294 0.0823192
vn 0.7874538 0.0501544 0.6143297
vn 0.9023749 0.0531598 -0.4276606
vn 0.9847500 0.0589707 -0.1636766
vn 0.9946223 0.0647320 0.0808474
vn 0.9949174 0.0596571 0.0811198
vn 0.9398865 0.0558377 0.3368909
vn 0.7907445 0.0450522 0.6104862
vn 0.9036110 0.0485243 -0.4255967
vn 0.9850219 0.0543453 -0.1636407
vn 0.9951798 0.0550454 0.0811616
vn 0.9405246 0.0511858 0.3358474
vn 0.7945925 0.0405929 0.6057846
vn 0.9051107 0.0445245 -0.4228382
vn 0.9853041 0.0503186 -0.1632291
vn 0.9954060 0.0510279 0.0810130
vn 0.9413337 0.0471559 0.3341666
vn 0.7988370 0.0367862 0.6004217
vn 0.9067979 0.0411564 -0.4195516
vn 0.9855896 0.0468948 -0.1625236
vn 0.9955996 0.0476087 0.0807140
vn 0.9422671 0.0437474 0.3319924
vn 0.8033431 0.0336210 0.5945666
vn 0.9086101 0.0384151 -0.4158750
vn 0.9858728 0.0440755 -0.1615927
vn 0.9957641 0.0447898 0.0802985
vn 0.9432845 0.0409581 0.3294494
vn 0.9104937 0.0362953 -0.4119269
vn 0.9861487 0.0418609 -0.1604940
vn 0.9959018 0.0425719 0.0797951
vn 0.9443524 0.0387851 0.3266408
vn 0.9124051 0.0347940 -0.4078068
vn 0.9864132 0.0402527 -0.1592759
vn 0.9960147 0.0409572 0.0792281
vn 0.9454427 0.0372271 0.3236544
vn 0.9143084 0.0339051 -0.4035971
vn 0.9866621 0.0392484 -0.1579791
vn 0.9961042 0.0399441 0.0786180
vn 0.9465320 0.0362796 0.3205634
vn 0.9161732 0.0336231 -0.3993697
vn 0.9868919 0.0388456 -0.1566379
vn 0.9961707 0.0395304 0.0779824
vn 0.9476006 0.0359381 0.3174295
vn 0.9179746 0.0339475 -0.3951839
vn 0.9870983 0.0390465 -0.1552813
vn 0.9962136 0.0397190 0.0773362
vn 0.9486313 0.0362031 0.3143058
vn 0.9196921 0.0348740 -0.3910886
vn 0.9872773 0.0398490 -0.1539336
vn 0.9962317 0.0405082 0.0766916
vn 0.9496098 0.0370712 0.3112347
vn 0.9213082 0.0363987 -0.3871257
vn 0.9874244 0.0412508 -0.1526154
vn 0.9962227 0.0418961 0.0760592
vn 0.9505233 0.0385389 0.3082534
vn 0.9228079 0.0385200 -0.3833297
vn 0.9875345 0.0432517 -0.1513433
vn 0.9961836 0.0438828 0.0754479
vn 0.9513608 0.0406052 0.3053915
vn 0.9241788 0.0412352 -0.3797278
vn 0.9876023 0.0458502 -0.1501317
vn 0.9961104 0.0464671 0.0748646
vn 0.9521117 0.0432676 0.3026735
vn 0.9876215 0.0490447 -0.1489914
vn 0.9959981 0.0496475 0.0743155
vn 0.9527665 0.0465240 0.3001190
vn 0.9875853 0.0528336 -0.1479318
vn 0.9958407 0.0534226 0.0738051
vn 0.9533161 0.0503722 0.2977432
vn 0.9874912 0.0571296 -0.1469602
vn 0.9956363 0.0577054 0.0733375
vn 0.9537559 0.0547241 0.2955585
vn 0.9873772 0.0612025 -0.1460842
vn 0.9954236 0.0617668 0.0729165
vn 0.9873509 0.0634796 -0.1452878
vn 0.9953081 0.0640357 0.0725343
vn 0.9952993 0.0645980 0.0721559
vn 0.5008625 -0.7871420 -0.3599225
vn 0.5946183 -0.8008335 0.0713773
vn 0.4515358 -0.5479850 -0.7041505
vn 0.7049401 -0.5755861 -0.4144396
vn 0.7209621 -0.6131587 -0.3228777
vn 0.7497994 -0.6584380 0.0652705
vn 0.6923214 -0.5695903 0.4430103
vn 0.6918746 -0.5684465 0.4451720
vn 0.6182232 -0.4451502 -0.6477972
vn 0.6060244 -0.4167552 -0.6775318
vn 0.5173778 -0.4091531 0.7516076
vn 0.6108773 -0.4189590 0.6717903
vn 0.3548470 -0.2950659 -0.8871413
vn 0.5546530 -0.3095848 -0.7723452
vn 0.5769081 -0.3731549 0.7265896
vn 0.5506840 -0.3086566 0.7755502
vn 0.4803087 -0.2245338 -0.8478727
vn 0.5081207 -0.2258344 -0.8311511
vn 0.3079676 -0.2168226 0.9263605
vn 0.5156562 -0.2267625 0.8262430
vn 0.5003137 -0.2125898 -0.8393401
vn 0.4862745 -0.1742829 -0.8562492
vn 0.4006930 -0.1703135 0.9002436
vn 0.4877741 -0.1735365 0.8555475
vn 0.4672407 -0.1726409 -0.8671108
vn 0.4633537 -0.1885281 0.8658871
vn 0.4608964 -0.1937629 0.8660430
vn 0.4534146 -0.1451825 -0.8793960
vn 0.4244734 -0.3352364 0.8410938
vn 0.3065300 -0.0424702 -0.9509131
vn 0.4623894 -0.0304479 -0.8861541
vn 0.3637123 -0.3250082 0.8729736
vn 0.4573198 -0.2795033 0.8442372
vn 0.3039331 0.0470284 -0.9515319
vn 0.4715653 0.0527288 -0.8802533
vn 0.5124049 -0.0318040 0.8581548
vn 0.5205681 -0.0294813 0.8533110
vn 0.4827268 0.1011076 -0.8699150
vn 0.5079796 0.0599698 0.8592790
vn 0.5389325 0.0626726 0.8400142
vn 0.4991764 0.1410789 -0.8549384
vn 0.4851184 0.0897753 0.8698279
vn 0.5595231 0.0956132 0.8232812
vn 0.5218243 0.1797699 -0.8338959
vn 0.4613158 0.1044215 0.8810697
vn 0.5873937 0.1176362 0.8007061
vn 0.5504363 0.2149495 -0.8067321
vn 0.5481615 0.2159878 -0.8080026
vn 0.5519491 0.2163152 -0.8053321
vn 0.4399031 0.1112458 0.8911283
vn 0.6234680 0.1360867 0.7699144
vn 0.4740288 0.2361825 -0.8482421
vn 0.6062331 0.2508676 -0.7546834
vn 0.4249321 0.1084176 0.8987092
vn 0.6679924 0.1486728 0.7291656
vn 0.4047767 0.2353321 -0.8836145
vn 0.6666675 0.2693776 -0.6949749
vn 0.7192807 0.1492203 0.6785047
vn 0.7215946 0.2583013 -0.6423253
vn 0.7161255 0.2545294 -0.6499070
vn 0.7339687 0.2561915 -0.6290118
vn 0.7551955 0.1284534 0.6427904
vn 0.7769791 0.1338089 0.6151412
vn 0.7539557 0.1382453 0.6422141
vn 0.6899667 0.1890569 -0.6987156
vn 0.8148355 0.1988482 -0.5445204
vn 0.7633206 0.0930345 0.6392857
vn 0.8342836 0.1059886 0.5410520
vn 0.6812827 0.1116383 -0.7234575
vn 0.8639627 0.1244665 -0.4879310
vn 0.7692218 0.0711148 0.6350122
vn 0.8716152 0.0828141 0.4831447
vn 0.6823550 0.0687141 -0.7277844
vn 0.8892630 0.0844080 -0.4495404
vn 0.7710872 0.0652837 0.6333740
vn 0.8961278 0.0763662 0.4371764
vn 0.6854581 0.0586564 -0.7257456
vn 0.8978240 0.0809764 -0.4328451
vn 0.8972690 0.0768261 -0.4347483
vn 0.9146889 0.0782438 -0.3965124
vn 0.7718801 0.0652481 0.6324111
vn 0.9161648 0.0777358 0.3931912
vn 0.6889387 0.0583397 -0.7224679
vn 0.8963426 0.0768738 -0.4366468
vn 0.9412837 0.0807137 -0.3278266
vn 0.7730666 0.0659033 0.6308920
vn 0.9339494 0.0801228 0.3483085
vn 0.6928821 0.0589710 -0.7186355
vn 0.8958094 0.0774295 -0.4376417
vn 0.9628431 0.0832898 -0.2568969
vn 0.9357783 0.0809742 0.3431649
vn 0.9623753 0.0832688 0.2586506
vn 0.9363953 0.0804450 0.3416029
vn 0.7747955 0.0664801 0.6287069
vn 0.8956733 0.0778166 -0.4378514
vn 0.9790524 0.0852557 -0.1848998
vn 0.9353213 0.0813850 0.3443117
vn 0.9836564 0.0856389 0.1583860
vn 0.7770094 0.0669385 0.6259199
vn 0.8958919 0.0780217 -0.4373676
vn 0.9822330 0.0856206 -0.1669951
vn 0.9821137 0.0857984 -0.1676046
vn 0.9927739 0.0866823 0.0829831
vn 0.9927604 0.0867413 0.0830828
vn 0.9351334 0.0815866 0.3447739
vn 0.7796425 0.0672743 0.6226008
vn 0.8964201 0.0780401 -0.4362805
vn 0.9820287 0.0857854 -0.1681085
vn 0.9927353 0.0867250 0.0833978
vn 0.9351835 0.0815761 0.3446405
vn 0.7826243 0.0674796 0.6188260
vn 0.8972123 0.0778690 -0.4346798
vn 0.9820210 0.0855240 -0.1682867
vn 0.9927464 0.0864552 0.0835474
vn 0.9354402 0.0813522 0.3439964
vn 0.7858868 0.0675485 0.6146700
vn 0.8982211 0.0775076 -0.4326562
vn 0.9820811 0.0850188 -0.1681919
vn 0.9927906 0.0859366 0.0835570
vn 0.9358702 0.0809158 0.3429278
vn 0.8994015 0.0769510 -0.4302969
vn 0.9822000 0.0842700 -0.1678744
vn 0.9928656 0.0851690 0.0834516
vn 0.9364418 0.0802640 0.3415178
vn 0.9007084 0.0761970 -0.4276896
vn 0.9823685 0.0832791 -0.1673824
vn 0.9929686 0.0841540 0.0832552
vn 0.9371240 0.0793958 0.3398456
vn 0.9021000 0.0752428 -0.4249167
vn 0.9825778 0.0820473 -0.1667605
vn 0.9930969 0.0828928 0.0829897
vn 0.9378866 0.0783103 0.3379885
vn 0.9035352 0.0740859 -0.4220608
vn 0.9828197 0.0805753 -0.1660514
vn 0.9932476 0.0813861 0.0826768
vn 0.9387009 0.0770063 0.3360218
vn 0.9830860 0.0788630 -0.1652952
vn 0.9934179 0.0796340 0.0823369
vn 0.9395408 0.0754821 0.3340143
vn 0.9833738 0.0768487 -0.1645304
vn 0.9936094 0.0775761 0.0819896
vn 0.9403856 0.0736710 0.3320354
vn 0.9837126 0.0740489 -0.1637875
vn 0.9938549 0.0747374 0.0816503
vn 0.9841623 0.0696243 -0.1630247
vn 0.9942077 0.0702961 0.0812985
vn 0.9946145 0.0648384 0.0808576
vn 0.7530257 -0.5761110 -0.3178813
vn 0.8119054 -0.5803629 0.0631549
vn 0.6933498 -0.5684947 0.4428089
vn 0.6436071 -0.4198664 -0.6399079
vn 0.8515956 -0.4358282 -0.2912710
vn 0.8985752 -0.4351038 0.0569835
vn 0.8010862 -0.4339522 0.4122455
vn 0.7294068 -0.3217667 -0.6036820
vn 0.8467101 -0.3306003 -0.4168759
vn 0.8792274 -0.3864188 -0.2786389
vn 0.9054600 -0.4206868 0.0562567
vn 0.8530197 -0.3531011 0.3842878
vn 0.6344126 -0.3148242 0.7059790
vn 0.8404192 -0.3289389 0.4306912
vn 0.7812802 -0.2519293 -0.5710804
vn 0.7759609 -0.2408892 -0.5829726
vn 0.7006740 -0.2368139 0.6730343
vn 0.7854919 -0.2423819 0.5694326
vn 0.5408913 -0.1749478 -0.8226967
vn 0.7432637 -0.1840787 -0.6431750
vn 0.7386528 -0.1898508 0.6467989
vn 0.7339702 -0.1822925 0.6542607
vn 0.5807984 -0.1716660 -0.7957412
vn 0.7101948 -0.1742767 -0.6820931
vn 0.4680764 -0.1934963 0.8622434
vn 0.7032704 -0.2011641 0.6818678
vn 0.6361085 -0.1405652 -0.7586880
vn 0.6803038 -0.1384668 -0.7197317
vn 0.5304464 -0.3162829 0.7865061
vn 0.6595908 -0.2977920 0.6901159
vn 0.6729737 -0.0218475 -0.7393437
vn 0.6777042 -0.0215483 -0.7350188
vn 0.6716662 -0.2227132 0.7065858
vn 0.6823969 -0.1819832 0.7079665
vn 0.6682810 0.0600461 -0.7414817
vn 0.6875408 0.0607375 -0.7236012
vn 0.7268969 0.0129003 0.6866254
vn 0.6490562 0.1072299 -0.7531453
vn 0.7054415 0.1092720 -0.7002942
vn 0.7450237 0.0814780 0.6620430
vn 0.6215402 0.1472844 -0.7694122
vn 0.7311525 0.1528030 -0.6648813
vn 0.7489597 0.1131682 0.6528801
vn 0.7676064 0.1155947 0.6304113
vn 0.7534772 0.0959871 0.6504295
vn 0.5873708 0.1843505 -0.7880422
vn 0.7630210 0.1961185 -0.6159030
vn 0.7409122 0.1369860 0.6574830
vn 0.8006151 0.1472606 0.5808009
vn 0.7986878 0.2371097 -0.5530612
vn 0.7357802 0.1546836 0.6593181
vn 0.8401770 0.1785610 0.5120729
vn 0.7992511 0.2375645 -0.5520515
vn 0.7662753 0.2673465 -0.5842499
vn 0.8633996 0.2735329 -0.4239349
vn 0.7361283 0.1627235 0.6569903
vn 0.8835212 0.2055811 0.4208643
vn 0.7374066 0.2775916 -0.6157714
vn 0.9014458 0.2831919 -0.3274108
vn 0.8961666 0.2872140 -0.3382211
vn 0.9308736 0.2834669 -0.2304794
vn 0.8911996 0.2033543 0.4054753
vn 0.9445440 0.2353700 0.2289929
vn 0.8849244 0.2059932 0.4177029
vn 0.7441300 0.1551635 0.6497652
vn 0.8879062 0.2653750 -0.3757643
vn 0.9599451 0.2643198 -0.0929532
vn 0.9617973 0.2501543 -0.1112155
vn 0.9591001 0.2369752 0.1548219
vn 0.9663275 0.2179469 0.1367852
vn 0.9052315 0.1760098 0.3867513
vn 0.8901134 0.2012384 -0.4089025
vn 0.9715178 0.1886448 -0.1434096
vn 0.9803991 0.1634886 0.1099500
vn 0.9210293 0.1313877 0.3666638
vn 0.8944440 0.1258591 -0.4291030
vn 0.9786203 0.1234177 -0.1645305
vn 0.9893980 0.1121248 0.0923018
vn 0.9308197 0.0947896 0.3529725
vn 0.8970135 0.0850213 -0.4337491
vn 0.9810722 0.0908878 -0.1709876
vn 0.9922873 0.0888782 0.0864103
vn 0.9342455 0.0810236 0.3473046
vn 0.9816689 0.0842441 -0.1709649
vn 0.9927345 0.0848965 0.0852696
vn 0.9353800 0.0795970 0.3445701
vn 0.9818324 0.0844613 -0.1699163
vn 0.9927363 0.0854098 0.0847341
vn 0.9362642 0.0803460 0.3419850
vn 0.9819867 0.0851251 -0.1686884
vn 0.9927274 0.0860881 0.0841498
vn 0.9821802 0.0855689 -0.1673322
vn 0.9927438 0.0865313 0.0834986
vn 0.9036140 -0.3305828 -0.2723907
vn 0.9420902 -0.3309398 0.0542663
vn 0.8642318 -0.3290971 0.3805238
vn 0.7863335 -0.2413391 -0.5687136
vn 0.9326696 -0.2474102 -0.2625179
vn 0.9674885 -0.2474814 0.0521425
vn 0.8965311 -0.2466330 0.3679730
vn 0.8108124 -0.1869473 -0.5546476
vn 0.9486670 -0.1893253 -0.2533511
vn 0.9807388 -0.1887537 0.0502349
vn 0.9148242 -0.1905932 0.3560490
vn 0.7427257 -0.1825790 0.6442232
vn 0.8276621 -0.1742141 -0.5335025
vn 0.9551759 -0.1740471 -0.2394716
vn 0.9787183 -0.1771380 -0.1035987
vn 0.9826668 -0.1791812 0.0475399
vn 0.9231384 -0.1882523 0.3352263
vn 0.9757890 -0.1819701 0.1213373
vn 0.7600939 -0.1957591 0.6196254
vn 0.8519412 -0.1248545 -0.5085348
vn 0.9378294 -0.1299428 -0.3218555
vn 0.9578191 -0.1648846 -0.2353629
vn 0.9349085 -0.1900556 0.2997081
vn 0.8024599 -0.2293532 0.5508677
vn 0.9269595 -0.1935835 0.3213590
vn 0.8641837 -0.0106821 -0.5030631
vn 0.9245728 -0.0121383 -0.3808122
vn 0.8707283 -0.0958713 0.4823285
vn 0.9254360 -0.0713402 0.3721276
vn 0.7015896 -0.1760128 0.6905009
vn 0.8604096 0.0638911 -0.5055820
vn 0.9315351 0.0651048 -0.3577760
vn 0.8890457 0.0320297 0.4566967
vn 0.9377959 0.0472727 0.3439537
vn 0.7519795 0.0149838 0.6590163
vn 0.8507811 0.1128457 -0.5132616
vn 0.9461098 0.1146153 -0.3028855
vn 0.8887414 0.0920807 0.4490656
vn 0.9528217 0.1032458 0.2854316
vn 0.7547998 0.0820533 0.6508029
vn 0.8370074 0.1568265 -0.5242366
vn 0.9557168 0.1384111 -0.2597072
vn 0.9513572 0.1586381 -0.2641086
vn 0.9753101 0.1580463 -0.1542448
vn 0.9645754 0.1453454 0.2201569
vn 0.9764917 0.1487633 0.1559914
vn 0.9657735 0.1359638 0.2208970
vn 0.8852355 0.1305670 0.4464419
vn 0.8195342 0.1989646 -0.5373794
vn 0.9393453 0.2019049 -0.2772450
vn 0.9846750 0.1732430 -0.0200521
vn 0.9803005 0.1959125 -0.0250855
vn 0.9594572 0.1827631 0.2145682
vn 0.8821946 0.1623870 0.4419991
vn 0.7995301 0.2371621 -0.5518204
vn 0.9247696 0.2423949 -0.2933356
vn 0.9713826 0.2344173 -0.0382670
vn 0.9547903 0.2162080 0.2040331
vn 0.8813824 0.1889187 0.4329835
vn 0.9095340 0.2743207 -0.3122436
vn 0.9627724 0.2643265 -0.0565757
vn 0.9525141 0.2401743 0.1871721
vn 0.8846739 0.2059604 0.4182491
vn 0.9583859 0.2739518 -0.0802930
vn 0.9557155 0.2444978 0.1637944
vn 0.9831834 -0.1767330 0.0459969
vn 0.9642777 -0.1272560 -0.2323238
vn 0.9898282 -0.1398534 0.0261023
vn 0.9405895 -0.1820969 0.2865869
vn 0.9681299 -0.0168299 -0.2498825
vn 0.9996268 -0.0273080 0.0007481
vn 0.9673277 -0.0519421 0.2481515
vn 0.9653343 0.0634586 -0.2531850
vn 0.9982159 0.0593434 -0.0065868
vn 0.9714971 0.0516728 0.2313509
vn 0.9598093 0.1141630 -0.2563842
vn 0.9937599 0.1110590 -0.0103425
vn 0.9686498 0.1050666 0.2251191
vn 0.9878630 0.1544871 -0.0161359
f 3//3 2//2 1//1
f 4//4 1//1 2//2
f 7//7 6//6 5//5
f 5//5 6//6 3//3
f 1//1 5//5 3//3
f 8//8 5//5 1//1
f 1//1 4//4 9//9
f 1//1 9//9 8//8
f 7//7 5//5 10//10
f 7//7 10//10 11//11
f 12//12 5//5 8//8
f 10//10 5//5 12//12
f 8//8 9//9 13//13
f 8//8 13//13 12//12
f 11//11 10//10 14//14
f 11//11 14//14 15//15
f 16//16 10//10 12//12
f 14//14 10//10 16//16
f 12//12 13//13 17//17
f 18//18 12//12 17//17
f 16//16 12//12 18//18
f 19//19 18//18 17//17
f 22//22 21//21 20//20
f 20//20 21//21 15//15
f 14//14 20//20 15//15
f 23//23 20//20 14//14
f 24//24 14//14 16//16
f 23//23 14//14 24//24
f 25//25 16//16 18//18
f 24//24 16//16 25//25
f 18//18 19//19 26//26
f 18//18 26//26 25//25
f 22//22 20//20 27//27
f 22//22 27//27 28//28
f 29//29 20//20 23//23
f 27//27 20//20 29//29
f 30//30 23//23 24//24
f 29//29 23//23 30//30
f 31//31 24//24 25//25
f 30//30 24//24 31//31
f 25//25 26//26 32//32
f 25//25 32//32 31//31
f 28//28 27//27 33//33
f 28//28 33//33 34//34
f 35//35 27//27 29//29
f 33//33 27//27 35//35
f 36//36 29//29 30//30
f 35//35 29//29 36//36
f 37//37 30//30 31//31
f 36//36 30//30 37//37
f 31//31 32//32 38//38
f 31//31 38//38 37//37
f 34//34 33//33 39//39
f 34//34 39//39 40//40
f 41//41 33//33 35//35
f 39//39 33//33 41//41
f 42//42 35//35 36//36
f 41//41 35//35 42//42
f 43//43 36//36 37//37
f 42//42 36//36 43//43
f 37//37 38//38 44//44
f 37//37 44//44 43//43
f 45//45 40//40 39//39
f 45//45 39//39 41//41
f 45//45 41//41 46//46
f 46//46 41//41 42//42
f 46//46 42//42 47//47
f 47//47 42//42 43//43
f 47//47 43//43 48//48
f 48//48 43//43 44//44
f 51//51 50//50 49//49
f 52//52 49//49 50//50
f 55//55 54//54 53//53
f 53//53 54//54 51//51
f 49//49 53//53 51//51
f 56//56 53//53 49//49
f 49//49 52//52 57//57
f 49//49 57//57 56//56
f 55//55 53//53 58//58
f 55//55 58//58 59//59
f 60//60 53//53 56//56
f 58//58 53//53 60//60
f 56//56 57//57 61//61
f 62//62 56//56 61//61
f 60//60 56//56 62//62
f 63//63 62//62 61//61
f 59//59 58//58 64//64
f 59//59 64//64 65//65
f 66//66 58//58 60//60
f 64//64 58//58 66//66
f 67//67 60//60 62//62
f 66//66 60//60 67//67
f 62//62 63//63 68//68
f 62//62 68//68 67//67
f 71//71 70//70 69//69
f 69//69 70//70 65//65
f 64//64 69//69 65//65
f 72//72 69//69 64//64
f 73//73 64//64 66//66
f 72//72 64//64 73//73
f 74//74 66//66 67//67
f 73//73 66//66 74//74
f 67//67 68//68 75//75
f 67//67 75//75 74//74
f 71//71 69//69 76//76
f 71//71 76//76 77//77
f 78//78 69//69 72//72
f 76//76 69//69 78//78
f 79//79 72//72 73//73
f 78//78 72//72 79//79
f 80//80 73//73 74//74
f 79//79 73//73 80//80
f 74//74 75//75 81//81
f 74//74 81//81 80//80
f 77//77 76//76 82//82
f 77//77 82//82 83//83
f 84//84 76//76 78//78
f 82//82 76//76 84//84
f 85//85 78//78 79//79
f 84//84 78//78 85//85
f 86//86 79//79 80//80
f 85//85 79//79 86//86
f 80//80 81//81 87//87
f 80//80 87//87 86//86
f 83//83 82//82 88//88
f 83//83 88//88 89//89
f 90//90 82//82 84//84
f 88//88 82//82 90//90
f 91//91 84//84 85//85
f 90//90 84//84 91//91
f 92//92 85//85 86//86
f 91//91 85//85 92//92
f 86//86 87//87 93//93
f 86//86 93//93 92//92
f 89//89 88//88 94//94
f 89//89 94//94 95//95
f 96//96 88//88 90//90
f 94//94 88//88 96//96
f 97//97 90//90 91//91
f 96//96 90//90 97//97
f 98//98 91//91 92//92
f 97//97 91//91 98//98
f 92//92 93//93 99//99
f 100//100 92//92 99//99
f 98//98 92//92 100//100
f 101//101 100//100 99//99
f 95//95 94//94 102//102
f 95//95 102//102 103//103
f 104//104 94//94 96//96
f 102//102 94//94 104//104
f 105//105 96//96 97//97
f 104//104 96//96 105//105
f 106//106 97//97 98//98
f 105//105 97//97 106//106
f 107//107 98//98 100//100
f 106//106 98//98 107//107
f 100//100 101//101 108//108
f 100//100 108//108 107//107
f 103//103 102//102 109//109
f 103//103 109//109 110//110
f 111//111 102//102 104//104
f 109//109 102//102 111//111
f 112//112 104//104 105//105
f 111//111 104//104 112//112
f 113//113 105//105 106//106
f 112//112 105//105 113//113
f 114//114 106//106 107//107
f 113//113 106//106 114//114
f 107//107 108//108 115//115
f 107//107 115//115 114//114
f 118//118 117//117 116//116
f 116//116 117//117 110//110
f 109//109 116//116 110//110
f 119//119 116//116 109//109
f 120//120 109//109 111//111
f 119//119 109//109 120//120
f 121//121 111//111 112//112
f 120//120 111//111 121//121
f 122//122 112//112 113//113
f 121//121 112//112 122//122
f 123//123 113//113 114//114
f 122//122 113//113 123//123
f 114//114 115//115 124//124
f 114//114 124//124 123//123
f 118//118 116//116 125//125
f 118//118 125//125 126//126
f 127//127 116//116 119//119
f 125//125 116//116 127//127
f 128//128 119//119 120//120
f 127//127 119//119 128//128
f 3//3 128//128 2//2
f 128//128 121//121 2//2
f 128//128 120//120 121//121
f 2//2 121//121 4//4
f 121//121 129//129 4//4
f 121//121 122//122 129//129
f 130//130 122//122 123//123
f 129//129 122//122 130//130
f 123//123 124//124 131//131
f 123//123 131//131 130//130
f 126//126 125//125 132//132
f 126//126 132//132 133//133
f 134//134 125//125 127//127
f 132//132 125//125 134//134
f 7//7 134//134 6//6
f 134//134 128//128 6//6
f 134//134 127//127 128//128
f 6//6 128//128 3//3
f 135//135 9//9 129//129
f 129//129 9//9 4//4
f 136//136 129//129 130//130
f 135//135 129//129 136//136
f 130//130 131//131 137//137
f 130//130 137//137 136//136
f 133//133 132//132 138//138
f 133//133 138//138 139//139
f 140//140 132//132 134//134
f 138//138 132//132 140//140
f 11//11 140//140 7//7
f 7//7 140//140 134//134
f 141//141 13//13 135//135
f 135//135 13//13 9//9
f 142//142 135//135 136//136
f 141//141 135//135 142//142
f 136//136 137//137 143//143
f 136//136 143//143 142//142
f 139//139 138//138 144//144
f 139//139 144//144 145//145
f 146//146 138//138 140//140
f 144//144 138//138 146//146
f 15//15 146//146 11//11
f 11//11 146//146 140//140
f 141//141 17//17 13//13
f 17//17 141//141 19//19
f 141//141 147//147 19//19
f 141//141 142//142 147//147
f 142//142 143//143 148//148
f 142//142 148//148 147//147
f 145//145 144//144 149//149
f 145//145 149//149 150//150
f 22//22 149//149 21//21
f 149//149 146//146 21//21
f 149//149 144//144 146//146
f 21//21 146//146 15//15
f 151//151 26//26 147//147
f 147//147 26//26 19//19
f 147//147 148//148 152//152
f 147//147 152//152 151//151
f 150//150 149//149 153//153
f 150//150 153//153 154//154
f 28//28 153//153 22//22
f 22//22 153//153 149//149
f 155//155 32//32 151//151
f 151//151 32//32 26//26
f 151//151 152//152 156//156
f 151//151 156//156 155//155
f 154//154 153//153 157//157
f 154//154 157//157 158//158
f 34//34 157//157 28//28
f 28//28 157//157 153//153
f 159//159 38//38 155//155
f 155//155 38//38 32//32
f 155//155 156//156 160//160
f 161//161 155//155 160//160
f 159//159 155//155 161//161
f 162//162 161//161 160//160
f 158//158 157//157 163//163
f 158//158 163//163 164//164
f 40//40 163//163 34//34
f 34//34 163//163 157//157
f 165//165 44//44 159//159
f 159//159 44//44 38//38
f 166//166 159//159 161//161
f 165//165 159//159 166//166
f 161//161 162//162 167//167
f 161//161 167//167 166//166
f 168//168 164//164 163//163
f 168//168 163//163 40//40
f 45//45 168//168 40//40
f 169//169 168//168 45//45
f 170//170 45//45 46//46
f 170//170 169//169 45//45
f 171//171 46//46 47//47
f 171//171 170//170 46//46
f 172//172 47//47 48//48
f 172//172 171//171 47//47
f 48//48 44//44 165//165
f 173//173 48//48 165//165
f 172//172 48//48 173//173
f 173//173 165//165 166//166
f 173//173 166//166 174//174
f 174//174 166//166 167//167
f 177//177 176//176 175//175
f 179//179 178//178 175//175
f 179//179 175//175 176//176
f 180//180 178//178 179//179
f 177//177 175//175 181//181
f 177//177 181//181 182//182
f 183//183 175//175 178//178
f 181//181 175//175 183//183
f 178//178 180//180 184//184
f 178//178 184//184 183//183
f 182//182 181//181 185//185
f 182//182 185//185 186//186
f 187//187 181//181 183//183
f 185//185 181//181 187//187
f 183//183 184//184 188//188
f 189//189 183//183 188//188
f 187//187 183//183 189//189
f 190//190 189//189 188//188
f 193//193 192//192 191//191
f 191//191 192//192 186//186
f 185//185 191//191 186//186
f 194//194 191//191 185//185
f 195//195 185//185 187//187
f 194//194 185//185 195//195
f 196//196 187//187 189//189
f 195//195 187//187 196//196
f 189//189 190//190 197//197
f 189//189 197//197 196//196
f 193//193 191//191 198//198
f 193//193 198//198 199//199
f 200//200 191//191 194//194
f 198//198 191//191 200//200
f 201//201 194//194 195//195
f 200//200 194//194 201//201
f 202//202 195//195 196//196
f 201//201 195//195 202//202
f 196//196 197//197 203//203
f 196//196 203//203 202//202
f 199//199 198//198 204//204
f 199//199 204//204 205//205
f 206//206 198//198 200//200
f 204//204 198//198 206//206
f 207//207 200//200 201//201
f 206//206 200//200 207//207
f 208//208 201//201 202//202
f 207//207 201//201 208//208
f 202//202 203//203 209//209
f 202//202 209//209 208//208
f 205//205 204//204 210//210
f 205//205 210//210 211//211
f 212//212 204//204 206//206
f 210//210 204//204 212//212
f 213//213 206//206 207//207
f 212//212 206//206 213//213
f 214//214 207//207 208//208
f 213//213 207//207 214//214
f 208//208 209//209 215//215
f 208//208 215//215 214//214
f 211//211 210//210 216//216
f 211//211 216//216 217//217
f 218//218 210//210 212//212
f 216//216 210//210 218//218
f 219//219 212//212 213//213
f 218//218 212//212 219//219
f 220//220 213//213 214//214
f 219//219 213//213 220//220
f 214//214 215//215 221//221
f 222//222 214//214 221//221
f 220//220 214//214 222//222
f 223//223 222//222 221//221
f 217//217 216//216 224//224
f 217//217 224//224 225//225
f 226//226 216//216 218//218
f 224//224 216//216 226//226
f 227//227 218//218 219//219
f 226//226 218//218 227//227
f 228//228 219//219 220//220
f 227//227 219//219 228//228
f 229//229 220//220 222//222
f 228//228 220//220 229//229
f 222//222 223//223 230//230
f 222//222 230//230 229//229
f 225//225 224//224 231//231
f 225//225 231//231 232//232
f 233//233 224//224 226//226
f 231//231 224//224 233//233
f 234//234 226//226 227//227
f 233//233 226//226 234//234
f 235//235 227//227 228//228
f 234//234 227//227 235//235
f 236//236 228//228 229//229
f 235//235 228//228 236//236
f 229//229 230//230 237//237
f 229//229 237//237 236//236
f 240//240 239//239 238//238
f 238//238 239//239 232//232
f 231//231 238//238 232//232
f 241//241 238//238 231//231
f 242//242 231//231 233//233
f 241//241 231//231 242//242
f 243//243 233//233 234//234
f 242//242 233//233 243//243
f 244//244 234//234 235//235
f 243//243 234//234 244//244
f 245//245 235//235 236//236
f 244//244 235//235 245//245
f 236//236 237//237 246//246
f 236//236 246//246 245//245
f 240//240 238//238 247//247
f 240//240 247//247 248//248
f 249//249 238//238 241//241
f 247//247 238//238 249//249
f 250//250 241//241 242//242
f 249//249 241//241 250//250
f 51//51 250//250 50//50
f 250//250 243//243 50//50
f 250//250 242//242 243//243
f 50//50 243//243 52//52
f 243//243 251//251 52//52
f 243//243 244//244 251//251
f 252//252 244//244 245//245
f 251//251 244//244 252//252
f 245//245 246//246 253//253
f 245//245 253//253 252//252
f 248//248 247//247 254//254
f 248//248 254//254 255//255
f 256//256 247//247 249//249
f 254//254 247//247 256//256
f 55//55 256//256 54//54
f 256//256 250//250 54//54
f 256//256 249//249 250//250
f 54//54 250//250 51//51
f 257//257 57//57 251//251
f 251//251 57//57 52//52
f 258//258 251//251 252//252
f 257//257 251//251 258//258
f 252//252 253//253 259//259
f 252//252 259//259 258//258
f 255//255 254//254 260//260
f 255//255 260//260 261//261
f 262//262 254//254 256//256
f 260//260 254//254 262//262
f 59//59 262//262 55//55
f 55//55 262//262 256//256
f 257//257 61//61 57//57
f 61//61 257//257 63//63
f 257//257 263//263 63//63
f 257//257 258//258 263//263
f 258//258 259//259 264//264
f 258//258 264//264 263//263
f 261//261 260//260 265//265
f 261//261 265//265 266//266
f 267//267 260//260 262//262
f 265//265 260//260 267//267
f 65//65 267//267 59//59
f 59//59 267//267 262//262
f 268//268 68//68 263//263
f 263//263 68//68 63//63
f 263//263 264//264 269//269
f 263//263 269//269 268//268
f 266//266 265//265 270//270
f 266//266 270//270 271//271
f 71//71 270//270 70//70
f 270//270 267//267 70//70
f 270//270 265//265 267//267
f 70//70 267//267 65//65
f 272//272 75//75 268//268
f 268//268 75//75 68//68
f 268//268 269//269 273//273
f 268//268 273//273 272//272
f 271//271 270//270 274//274
f 271//271 274//274 275//275
f 77//77 274//274 71//71
f 71//71 274//274 270//270
f 276//276 81//81 272//272
f 272//272 81//81 75//75
f 272//272 273//273 277//277
f 272//272 277//277 276//276
f 275//275 274//274 278//278
f 275//275 278//278 279//279
f 83//83 278//278 77//77
f 77//77 278//278 274//274
f 280//280 87//87 276//276
f 276//276 87//87 81//81
f 276//276 277//277 281//281
f 282//282 276//276 281//281
f 280//280 276//276 282//282
f 283//283 282//282 281//281
f 279//279 278//278 284//284
f 279//279 284//284 285//285
f 89//89 284//284 83//83
f 83//83 284//284 278//278
f 286//286 93//93 280//280
f 280//280 93//93 87//87
f 287//287 280//280 282//282
f 286//286 280//280 287//287
f 282//282 283//283 288//288
f 282//282 288//288 287//287
f 285//285 284//284 289//289
f 285//285 289//289 290//290
f 95//95 289//289 89//89
f 89//89 289//289 284//284
f 286//286 99//99 93//93
f 99//99 286//286 101//101
f 286//286 291//291 101//101
f 286//286 287//287 291//291
f 287//287 288//288 292//292
f 287//287 292//292 291//291
f 290//290 289//289 293//293
f 290//290 293//293 294//294
f 103//103 293//293 95//95
f 95//95 293//293 289//289
f 295//295 108//108 291//291
f 291//291 108//108 101//101
f 291//291 292//292 296//296
f 291//291 296//296 295//295
f 294//294 293//293 297//297
f 294//294 297//297 298//298
f 110//110 297//297 103//103
f 103//103 297//297 293//293
f 299//299 115//115 295//295
f 295//295 115//115 108//108
f 295//295 296//296 300//300
f 295//295 300//300 299//299
f 303//303 302//302 301//301
f 301//301 302//302 298//298
f 301//301 298//298 297//297
f 118//118 301//301 297//297
f 117//117 118//118 297//297
f 117//117 297//297 110//110
f 304//304 124//124 299//299
f 299//299 124//124 115//115
f 299//299 300//300 305//305
f 299//299 305//305 304//304
f 303//303 301//301 306//306
f 303//303 306//306 307//307
f 126//126 306//306 118//118
f 118//118 306//306 301//301
f 308//308 131//131 304//304
f 304//304 131//131 124//124
f 304//304 305//305 309//309
f 304//304 309//309 308//308
f 307//307 306//306 310//310
f 307//307 310//310 311//311
f 133//133 310//310 126//126
f 126//126 310//310 306//306
f 312//312 137//137 308//308
f 308//308 137//137 131//131
f 308//308 309//309 313//313
f 308//308 313//313 312//312
f 311//311 310//310 314//314
f 311//311 314//314 315//315
f 139//139 314//314 133//133
f 133//133 314//314 310//310
f 316//316 143//143 312//312
f 312//312 143//143 137//137
f 312//312 313//313 317//317
f 312//312 317//317 316//316
f 315//315 314//314 318//318
f 315//315 318//318 319//319
f 145//145 318//318 139//139
f 139//139 318//318 314//314
f 320//320 148//148 316//316
f 316//316 148//148 143//143
f 316//316 317//317 321//321
f 316//316 321//321 320//320
f 319//319 318//318 322//322
f 319//319 322//322 323//323
f 150//150 322//322 145//145
f 145//145 322//322 318//318
f 324//324 152//152 320//320
f 320//320 152//152 148//148
f 320//320 321//321 325//325
f 320//320 325//325 324//324
f 323//323 322//322 326//326
f 323//323 326//326 327//327
f 154//154 326//326 150//150
f 150//150 326//326 322//322
f 328//328 156//156 324//324
f 324//324 156//156 152//152
f 324//324 325//325 329//329
f 324//324 329//329 328//328
f 327//327 326//326 330//330
f 327//327 330//330 331//331
f 158//158 330//330 154//154
f 154//154 330//330 326//326
f 328//328 160//160 156//156
f 162//162 160//160 328//328
f 329//329 162//162 328//328
f 332//332 162//162 329//329
f 331//331 330//330 333//333
f 331//331 333//333 334//334
f 164//164 333//333 158//158
f 158//158 333//333 330//330
f 332//332 167//167 162//162
f 335//335 167//167 332//332
f 336//336 334//334 333//333
f 336//336 333//333 164//164
f 168//168 336//336 164//164
f 337//337 336//336 168//168
f 338//338 168//168 169//169
f 338//338 337//337 168//168
f 340//340 338//338 339//339
f 338//338 170//170 339//339
f 338//338 169//169 170//170
f 171//171 341//341 170//170
f 170//170 341//341 339//339
f 341//341 171//171 342//342
f 171//171 343//343 342//342
f 171//171 172//172 343//343
f 344//344 172//172 173//173
f 344//344 343//343 172//172
f 345//345 173//173 174//174
f 345//345 344//344 173//173
f 174//174 167//167 335//335
f 174//174 335//335 345//345
f 346//346 340//340 339//339
f 346//346 339//339 341//341
f 346//346 341//341 347//347
f 347//347 341//341 342//342
f 350//350 349//349 348//348
f 352//352 351//351 348//348
f 352//352 348//348 349//349
f 353//353 351//351 352//352
f 350//350 348//348 354//354
f 350//350 354//354 355//355
f 356//356 348//348 351//351
f 354//354 348//348 356//356
f 351//351 353//353 357//357
f 351//351 357//357 356//356
f 355//355 354//354 358//358
f 355//355 358//358 359//359
f 360//360 354//354 356//356
f 358//358 354//354 360//360
f 356//356 357//357 361//361
f 362//362 356//356 361//361
f 360//360 356//356 362//362
f 363//363 362//362 361//361
f 366//366 365//365 364//364
f 364//364 365//365 359//359
f 358//358 364//364 359//359
f 367//367 364//364 358//358
f 368//368 358//358 360//360
f 367//367 358//358 368//368
f 369//369 360//360 362//362
f 368//368 360//360 369//369
f 362//362 363//363 370//370
f 362//362 370//370 369//369
f 366//366 364//364 371//371
f 366//366 371//371 372//372
f 373//373 364//364 367//367
f 371//371 364//364 373//373
f 374//374 367//367 368//368
f 373//373 367//367 374//374
f 375//375 368//368 369//369
f 374//374 368//368 375//375
f 369//369 370//370 376//376
f 369//369 376//376 375//375
f 372//372 371//371 377//377
f 372//372 377//377 378//378
f 379//379 371//371 373//373
f 377//377 371//371 379//379
f 380//380 373//373 374//374
f 379//379 373//373 380//380
f 381//381 374//374 375//375
f 380//380 374//374 381//381
f 375//375 376//376 382//382
f 375//375 382//382 381//381
f 378//378 377//377 383//383
f 378//378 383//383 384//384
f 385//385 377//377 379//379
f 383//383 377//377 385//385
f 386//386 379//379 380//380
f 385//385 379//379 386//386
f 387//387 380//380 381//381
f 386//386 380//380 387//387
f 381//381 382//382 388//388
f 389//389 381//381 388//388
f 387//387 381//381 389//389
f 390//390 389//389 388//388
f 384//384 383//383 391//391
f 384//384 391//391 392//392
f 393//393 383//383 385//385
f 391//391 383//383 393//393
f 394//394 385//385 386//386
f 393//393 385//385 394//394
f 395//395 386//386 387//387
f 394//394 386//386 395//395
f 396//396 387//387 389//389
f 395//395 387//387 396//396
f 389//389 390//390 397//397
f 389//389 397//397 396//396
f 400//400 399//399 398//398
f 398//398 399//399 392//392
f 391//391 398//398 392//392
f 401//401 398//398 391//391
f 402//402 391//391 393//393
f 401//401 391//391 402//402
f 403//403 393//393 394//394
f 402//402 393//393 403//403
f 404//404 394//394 395//395
f 403//403 394//394 404//404
f 405//405 395//395 396//396
f 404//404 395//395 405//405
f 396//396 397//397 406//406
f 396//396 406//406 405//405
f 400//400 398//398 407//407
f 400//400 407//407 408//408
f 409//409 398//398 401//401
f 407//407 398//398 409//409
f 177//177 409//409 176//176
f 409//409 402//402 176//176
f 409//409 401//401 402//402
f 176//176 402//402 179//179
f 179//179 402//402 403//403
f 179//179 403//403 180//180
f 403//403 410//410 180//180
f 403//403 404//404 410//410
f 411//411 404//404 405//405
f 410//410 404//404 411//411
f 405//405 406//406 412//412
f 405//405 412//412 411//411
f 408//408 407//407 413//413
f 408//408 413//413 414//414
f 415//415 407//407 409//409
f 413//413 407//407 415//415
f 182//182 415//415 177//177
f 177//177 415//415 409//409
f 416//416 184//184 410//410
f 410//410 184//184 180//180
f 417//417 410//410 411//411
f 416//416 410//410 417//417
f 411//411 412//412 418//418
f 411//411 418//418 417//417
f 414//414 413//413 419//419
f 414//414 419//419 420//420
f 421//421 413//413 415//415
f 419//419 413//413 421//421
f 186//186 421//421 182//182
f 182//182 421//421 415//415
f 416//416 188//188 184//184
f 188//188 416//416 190//190
f 416//416 422//422 190//190
f 416//416 417//417 422//422
f 417//417 418//418 423//423
f 417//417 423//423 422//422
f 420//420 419//419 424//424
f 420//420 424//424 425//425
f 193//193 424//424 192//192
f 424//424 421//421 192//192
f 424//424 419//419 421//421
f 192//192 421//421 186//186
f 426//426 197//197 422//422
f 422//422 197//197 190//190
f 422//422 423//423 427//427
f 422//422 427//427 426//426
f 425//425 424//424 428//428
f 425//425 428//428 429//429
f 199//199 428//428 193//193
f 193//193 428//428 424//424
f 430//430 203//203 426//426
f 426//426 203//203 197//197
f 426//426 427//427 431//431
f 426//426 431//431 430//430
f 429//429 428//428 432//432
f 429//429 432//432 433//433
f 205//205 432//432 199//199
f 199//199 432//432 428//428
f 434//434 209//209 430//430
f 430//430 209//209 203//203
f 430//430 431//431 435//435
f 430//430 435//435 434//434
f 433//433 432//432 436//436
f 433//433 436//436 437//437
f 211//211 436//436 205//205
f 205//205 436//436 432//432
f 438//438 215//215 434//434
f 434//434 215//215 209//209
f 434//434 435//435 439//439
f 440//440 434//434 439//439
f 438//438 434//434 440//440
f 441//441 440//440 439//439
f 437//437 436//436 442//442
f 437//437 442//442 443//443
f 217//217 442//442 211//211
f 211//211 442//442 436//436
f 438//438 221//221 215//215
f 221//221 438//438 223//223
f 438//438 444//444 223//223
f 438//438 440//440 444//444
f 440//440 441//441 445//445
f 440//440 445//445 444//444
f 443//443 442//442 446//446
f 443//443 446//446 447//447
f 225//225 446//446 217//217
f 217//217 446//446 442//442
f 448//448 230//230 444//444
f 444//444 230//230 223//223
f 444//444 445//445 449//449
f 444//444 449//449 448//448
f 447//447 446//446 450//450
f 447//447 450//450 451//451
f 232//232 450//450 225//225
f 225//225 450//450 446//446
f 452//452 237//237 448//448
f 448//448 237//237 230//230
f 448//448 449//449 453//453
f 448//448 453//453 452//452
f 451//451 450//450 239//239
f 240//240 451//451 239//239
f 454//454 451//451 240//240
f 239//239 450//450 232//232
f 455//455 246//246 452//452
f 452//452 246//246 237//237
f 452//452 453//453 456//456
f 452//452 456//456 455//455
f 459//459 458//458 457//457
f 458//458 454//454 457//457
f 454//454 248//248 457//457
f 454//454 240//240 248//248
f 460//460 253//253 455//455
f 455//455 253//253 246//246
f 455//455 456//456 461//461
f 455//455 461//461 460//460
f 459//459 457//457 462//462
f 459//459 462//462 463//463
f 255//255 462//462 248//248
f 248//248 462//462 457//457
f 464//464 259//259 460//460
f 460//460 259//259 253//253
f 460//460 461//461 465//465
f 460//460 465//465 464//464
f 463//463 462//462 466//466
f 463//463 466//466 467//467
f 261//261 466//466 255//255
f 255//255 466//466 462//462
f 468//468 264//264 464//464
f 464//464 264//264 259//259
f 464//464 465//465 469//469
f 464//464 469//469 468//468
f 467//467 466//466 470//470
f 467//467 470//470 471//471
f 266//266 470//470 261//261
f 261//261 470//470 466//466
f 472//472 269//269 468//468
f 468//468 269//269 264//264
f 468//468 469//469 473//473
f 468//468 473//473 472//472
f 471//471 470//470 474//474
f 471//471 474//474 475//475
f 271//271 474//474 266//266
f 266//266 474//474 470//470
f 476//476 273//273 472//472
f 472//472 273//273 269//269
f 472//472 473//473 477//477
f 472//472 477//477 476//476
f 475//475 474//474 478//478
f 475//475 478//478 479//479
f 275//275 478//478 271//271
f 271//271 478//478 474//474
f 480//480 277//277 476//476
f 476//476 277//277 273//273
f 476//476 477//477 481//481
f 476//476 481//481 480//480
f 479//479 478//478 482//482
f 479//479 482//482 483//483
f 279//279 482//482 275//275
f 275//275 482//482 478//478
f 480//480 281//281 277//277
f 283//283 281//281 480//480
f 481//481 283//283 480//480
f 484//484 283//283 481//481
f 483//483 482//482 485//485
f 483//483 485//485 486//486
f 285//285 485//485 279//279
f 279//279 485//485 482//482
f 484//484 288//288 283//283
f 487//487 288//288 484//484
f 486//486 485//485 488//488
f 486//486 488//488 489//489
f 290//290 488//488 285//285
f 285//285 488//488 485//485
f 487//487 292//292 288//288
f 490//490 292//292 487//487
f 489//489 488//488 491//491
f 489//489 491//491 492//492
f 294//294 491//491 290//290
f 290//290 491//491 488//488
f 490//490 296//296 292//292
f 493//493 296//296 490//490
f 492//492 491//491 494//494
f 492//492 494//494 495//495
f 298//298 494//494 294//294
f 294//294 494//494 491//491
f 493//493 300//300 296//296
f 496//496 300//300 493//493
f 495//495 494//494 302//302
f 303//303 495//495 302//302
f 497//497 495//495 303//303
f 302//302 494//494 298//298
f 496//496 305//305 300//300
f 498//498 305//305 496//496
f 307//307 497//497 303//303
f 307//307 499//499 497//497
f 498//498 309//309 305//305
f 500//500 309//309 498//498
f 311//311 499//499 307//307
f 311//311 501//501 499//499
f 500//500 313//313 309//309
f 502//502 313//313 500//500
f 315//315 501//501 311//311
f 315//315 503//503 501//501
f 502//502 317//317 313//313
f 504//504 317//317 502//502
f 319//319 503//503 315//315
f 319//319 505//505 503//503
f 504//504 321//321 317//317
f 506//506 321//321 504//504
f 323//323 505//505 319//319
f 323//323 507//507 505//505
f 506//506 325//325 321//321
f 508//508 325//325 506//506
f 327//327 507//507 323//323
f 327//327 509//509 507//507
f 508//508 329//329 325//325
f 510//510 329//329 508//508
f 331//331 509//509 327//327
f 331//331 511//511 509//509
f 510//510 332//332 329//329
f 512//512 332//332 510//510
f 334//334 511//511 331//331
f 334//334 513//513 511//511
f 512//512 335//335 332//332
f 514//514 335//335 512//512
f 515//515 513//513 334//334
f 515//515 334//334 336//336
f 516//516 336//336 337//337
f 516//516 515//515 336//336
f 518//518 516//516 517//517
f 516//516 338//338 517//517
f 516//516 337//337 338//338
f 340//340 517//517 338//338
f 519//519 342//342 343//343
f 519//519 343//343 520//520
f 343//343 521//521 520//520
f 343//343 344//344 521//521
f 522//522 344//344 345//345
f 522//522 521//521 344//344
f 345//345 335//335 514//514
f 345//345 514//514 522//522
f 523//523 518//518 517//517
f 523//523 517//517 340//340
f 346//346 523//523 340//340
f 524//524 523//523 346//346
f 525//525 346//346 347//347
f 525//525 524//524 346//346
f 347//347 342//342 519//519
f 526//526 347//347 519//519
f 525//525 347//347 526//526
f 526//526 519//519 520//520
f 529//529 528//528 527//527
f 531//531 530//530 527//527
f 531//531 527//527 528//528
f 533//533 532//532 530//530
f 533//533 530//530 531//531
f 534//534 532//532 533//533
f 537//537 536//536 535//535
f 535//535 536//536 529//529
f 527//527 535//535 529//529
f 538//538 535//535 527//527
f 539//539 527//527 530//530
f 538//538 527//527 539//539
f 540//540 530//530 532//532
f 539//539 530//530 540//540
f 532//532 534//534 541//541
f 542//542 532//532 541//541
f 540//540 532//532 542//542
f 543//543 542//542 541//541
f 537//537 535//535 544//544
f 537//537 544//544 545//545
f 546//546 535//535 538//538
f 544//544 535//535 546//546
f 547//547 538//538 539//539
f 546//546 538//538 547//547
f 548//548 539//539 540//540
f 547//547 539//539 548//548
f 549//549 540//540 542//542
f 548//548 540//540 549//549
f 542//542 543//543 550//550
f 542//542 550//550 549//549
f 545//545 544//544 551//551
f 545//545 551//551 552//552
f 553//553 544//544 546//546
f 551//551 544//544 553//553
f 554//554 546//546 547//547
f 553//553 546//546 554//554
f 555//555 547//547 548//548
f 554//554 547//547 555//555
f 556//556 548//548 549//549
f 555//555 548//548 556//556
f 549//549 550//550 557//557
f 549//549 557//557 556//556
f 552//552 551//551 558//558
f 552//552 558//558 559//559
f 560//560 551//551 553//553
f 558//558 551//551 560//560
f 561//561 553//553 554//554
f 560//560 553//553 561//561
f 562//562 554//554 555//555
f 561//561 554//554 562//562
f 563//563 555//555 556//556
f 562//562 555//555 563//563
f 556//556 557//557 564//564
f 556//556 564//564 563//563
f 559//559 558//558 565//565
f 559//559 565//565 566//566
f 567//567 558//558 560//560
f 565//565 558//558 567//567
f 568//568 560//560 561//561
f 567//567 560//560 568//568
f 569//569 561//561 562//562
f 568//568 561//561 569//569
f 570//570 562//562 563//563
f 569//569 562//562 570//570
f 563//563 564//564 571//571
f 563//563 571//571 570//570
f 572//572 566//566 565//565
f 574//574 573//573 572//572
f 565//565 574//574 572//572
f 567//567 574//574 565//565
f 575//575 567//567 568//568
f 574//574 567//567 575//575
f 576//576 568//568 569//569
f 575//575 568//568 576//576
f 570//570 578//578 577//577
f 576//576 570//570 577//577
f 569//569 570//570 576//576
f 578//578 570//570 571//571
f 579//579 573//573 574//574
f 579//579 574//574 575//575
f 579//579 575//575 580//580
f 580//580 575//575 576//576
f 580//580 576//576 581//581
f 581//581 576//576 577//577
f 584//584 583//583 582//582
f 585//585 582//582 583//583
f 588//588 587//587 586//586
f 586//586 587//587 584//584
f 582//582 586//586 584//584
f 589//589 586//586 582//582
f 582//582 585//585 590//590
f 582//582 590//590 589//589
f 588//588 586//586 591//591
f 588//588 591//591 592//592
f 593//593 586//586 589//589
f 591//591 586//586 593//593
f 589//589 590//590 594//594
f 589//589 594//594 593//593
f 592//592 591//591 595//595
f 592//592 595//595 596//596
f 597//597 591//591 593//593
f 595//595 591//591 597//597
f 593//593 594//594 598//598
f 593//593 598//598 597//597
f 596//596 595//595 599//599
f 596//596 599//599 600//600
f 601//601 595//595 597//597
f 599//599 595//595 601//601
f 597//597 598//598 602//602
f 603//603 597//597 602//602
f 601//601 597//597 603//603
f 604//604 603//603 602//602
f 600//600 599//599 605//605
f 600//600 605//605 606//606
f 607//607 599//599 601//601
f 605//605 599//599 607//607
f 608//608 601//601 603//603
f 607//607 601//601 608//608
f 603//603 604//604 609//609
f 603//603 609//609 608//608
f 612//612 611//611 610//610
f 610//610 611//611 606//606
f 605//605 610//610 606//606
f 613//613 610//610 605//605
f 614//614 605//605 607//607
f 613//613 605//605 614//614
f 615//615 607//607 608//608
f 614//614 607//607 615//615
f 608//608 609//609 616//616
f 608//608 616//616 615//615
f 612//612 610//610 617//617
f 612//612 617//617 618//618
f 619//619 610//610 613//613
f 617//617 610//610 619//619
f 620//620 613//613 614//614
f 619//619 613//613 620//620
f 621//621 614//614 615//615
f 620//620 614//614 621//621
f 615//615 616//616 622//622
f 615//615 622//622 621//621
f 618//618 617//617 623//623
f 618//618 623//623 624//624
f 625//625 617//617 619//619
f 623//623 617//617 625//625
f 626//626 619//619 620//620
f 625//625 619//619 626//626
f 627//627 620//620 621//621
f 626//626 620//620 627//627
f 621//621 622//622 628//628
f 621//621 628//628 627//627
f 624//624 623//623 629//629
f 624//624 629//629 630//630
f 631//631 623//623 625//625
f 629//629 623//623 631//631
f 632//632 625//625 626//626
f 631//631 625//625 632//632
f 633//633 626//626 627//627
f 632//632 626//626 633//633
f 627//627 628//628 634//634
f 627//627 634//634 633//633
f 630//630 629//629 635//635
f 630//630 635//635 636//636
f 637//637 629//629 631//631
f 635//635 629//629 637//637
f 638//638 631//631 632//632
f 637//637 631//631 638//638
f 639//639 632//632 633//633
f 638//638 632//632 639//639
f 633//633 634//634 640//640
f 641//641 633//633 640//640
f 639//639 633//633 641//641
f 642//642 641//641 640//640
f 636//636 635//635 643//643
f 636//636 643//643 644//644
f 645//645 635//635 637//637
f 643//643 635//635 645//645
f 646//646 637//637 638//638
f 645//645 637//637 646//646
f 647//647 638//638 639//639
f 646//646 638//638 647//647
f 648//648 639//639 641//641
f 647//647 639//639 648//648
f 641//641 642//642 649//649
f 641//641 649//649 648//648
f 644//644 643//643 650//650
f 644//644 650//650 651//651
f 652//652 643//643 645//645
f 650//650 643//643 652//652
f 653//653 645//645 646//646
f 652//652 645//645 653//653
f 654//654 646//646 647//647
f 653//653 646//646 654//654
f 655//655 647//647 648//648
f 654//654 647//647 655//655
f 648//648 649//649 656//656
f 648//648 656//656 655//655
f 659//659 658//658 657//657
f 657//657 658//658 651//651
f 650//650 657//657 651//651
f 660//660 657//657 650//650
f 350//350 660//660 349//349
f 660//660 652//652 349//349
f 660//660 650//650 652//652
f 349//349 652//652 352//352
f 352//352 652//652 653//653
f 352//352 653//653 353//353
f 653//653 661//661 353//353
f 653//653 654//654 661//661
f 662//662 654//654 655//655
f 661//661 654//654 662//662
f 655//655 656//656 663//663
f 655//655 663//663 662//662
f 659//659 657//657 664//664
f 659//659 664//664 665//665
f 666//666 657//657 660//660
f 664//664 657//657 666//666
f 355//355 666//666 350//350
f 350//350 666//666 660//660
f 667//667 357//357 661//661
f 661//661 357//357 353//353
f 668//668 661//661 662//662
f 667//667 661//661 668//668
f 662//662 663//663 669//669
f 662//662 669//669 668//668
f 665//665 664//664 670//670
f 665//665 670//670 671//671
f 672//672 664//664 666//666
f 670//670 664//664 672//672
f 359//359 672//672 355//355
f 355//355 672//672 666//666
f 667//667 361//361 357//357
f 361//361 667//667 363//363
f 667//667 673//673 363//363
f 667//667 668//668 673//673
f 668//668 669//669 674//674
f 668//668 674//674 673//673
f 671//671 670//670 675//675
f 671//671 675//675 676//676
f 366//366 675//675 365//365
f 675//675 672//672 365//365
f 675//675 670//670 672//672
f 365//365 672//672 359//359
f 677//677 370//370 673//673
f 673//673 370//370 363//363
f 673//673 674//674 678//678
f 673//673 678//678 677//677
f 676//676 675//675 679//679
f 676//676 679//679 680//680
f 372//372 679//679 366//366
f 366//366 679//679 675//675
f 681//681 376//376 677//677
f 677//677 376//376 370//370
f 677//677 678//678 682//682
f 677//677 682//682 681//681
f 680//680 679//679 683//683
f 680//680 683//683 684//684
f 378//378 683//683 372//372
f 372//372 683//683 679//679
f 685//685 382//382 681//681
f 681//681 382//382 376//376
f 681//681 682//682 686//686
f 681//681 686//686 685//685
f 684//684 683//683 687//687
f 684//684 687//687 688//688
f 384//384 687//687 378//378
f 378//378 687//687 683//683
f 685//685 388//388 382//382
f 690//690 689//689 390//390
f 690//690 390//390 388//388
f 686//686 690//690 388//388
f 685//685 686//686 388//388
f 691//691 689//689 690//690
f 688//688 687//687 692//692
f 688//688 692//692 693//693
f 392//392 692//692 384//384
f 384//384 692//692 687//687
f 694//694 397//397 689//689
f 689//689 397//397 390//390
f 689//689 691//691 695//695
f 689//689 695//695 694//694
f 693//693 692//692 399//399
f 400//400 693//693 399//399
f 696//696 693//693 400//400
f 399//399 692//692 392//392
f 697//697 406//406 694//694
f 694//694 406//406 397//397
f 694//694 695//695 698//698
f 694//694 698//698 697//697
f 408//408 696//696 400//400
f 408//408 699//699 696//696
f 700//700 412//412 697//697
f 697//697 412//412 406//406
f 697//697 698//698 701//701
f 697//697 701//701 700//700
f 704//704 703//703 702//702
f 703//703 699//699 702//702
f 699//699 414//414 702//702
f 699//699 408//408 414//414
f 705//705 418//418 700//700
f 700//700 418//418 412//412
f 700//700 701//701 706//706
f 700//700 706//706 705//705
f 704//704 702//702 707//707
f 704//704 707//707 708//708
f 420//420 707//707 414//414
f 414//414 707//707 702//702
f 709//709 423//423 705//705
f 705//705 423//423 418//418
f 705//705 706//706 710//710
f 705//705 710//710 709//709
f 708//708 707//707 711//711
f 708//708 711//711 712//712
f 425//425 711//711 420//420
f 420//420 711//711 707//707
f 713//713 427//427 709//709
f 709//709 427//427 423//423
f 709//709 710//710 714//714
f 709//709 714//714 713//713
f 712//712 711//711 715//715
f 712//712 715//715 716//716
f 429//429 715//715 425//425
f 425//425 715//715 711//711
f 717//717 431//431 713//713
f 713//713 431//431 427//427
f 713//713 714//714 718//718
f 713//713 718//718 717//717
f 716//716 715//715 719//719
f 716//716 719//719 720//720
f 433//433 719//719 429//429
f 429//429 719//719 715//715
f 721//721 435//435 717//717
f 717//717 435//435 431//431
f 717//717 718//718 722//722
f 717//717 722//722 721//721
f 720//720 719//719 723//723
f 720//720 723//723 724//724
f 437//437 723//723 433//433
f 433//433 723//723 719//719
f 721//721 439//439 435//435
f 441//441 439//439 721//721
f 722//722 441//441 721//721
f 725//725 441//441 722//722
f 724//724 723//723 726//726
f 724//724 726//726 727//727
f 443//443 726//726 437//437
f 437//437 726//726 723//723
f 725//725 445//445 441//441
f 728//728 445//445 725//725
f 727//727 726//726 729//729
f 727//727 729//729 730//730
f 447//447 729//729 443//443
f 443//443 729//729 726//726
f 728//728 449//449 445//445
f 731//731 449//449 728//728
f 730//730 729//729 732//732
f 730//730 732//732 733//733
f 451//451 732//732 447//447
f 447//447 732//732 729//729
f 731//731 453//453 449//449
f 734//734 453//453 731//731
f 733//733 732//732 735//735
f 733//733 735//735 736//736
f 454//454 735//735 451//451
f 451//451 735//735 732//732
f 734//734 456//456 453//453
f 737//737 456//456 734//734
f 736//736 735//735 458//458
f 459//459 736//736 458//458
f 738//738 736//736 459//459
f 458//458 735//735 454//454
f 737//737 461//461 456//456
f 739//739 461//461 737//737
f 463//463 738//738 459//459
f 463//463 740//740 738//738
f 739//739 465//465 461//461
f 741//741 465//465 739//739
f 467//467 740//740 463//463
f 467//467 742//742 740//740
f 741//741 469//469 465//465
f 743//743 469//469 741//741
f 471//471 742//742 467//467
f 471//471 744//744 742//742
f 743//743 473//473 469//469
f 745//745 473//473 743//743
f 475//475 744//744 471//471
f 475//475 746//746 744//744
f 745//745 477//477 473//473
f 747//747 477//477 745//745
f 479//479 746//746 475//475
f 479//479 748//748 746//746
f 747//747 481//481 477//477
f 749//749 481//481 747//747
f 483//483 748//748 479//479
f 483//483 750//750 748//748
f 749//749 484//484 481//481
f 751//751 484//484 749//749
f 486//486 750//750 483//483
f 486//486 752//752 750//750
f 751//751 487//487 484//484
f 753//753 487//487 751//751
f 489//489 752//752 486//486
f 489//489 754//754 752//752
f 753//753 490//490 487//487
f 755//755 490//490 753//753
f 492//492 754//754 489//489
f 492//492 756//756 754//754
f 755//755 493//493 490//490
f 757//757 493//493 755//755
f 495//495 756//756 492//492
f 495//495 758//758 756//756
f 757//757 496//496 493//493
f 759//759 496//496 757//757
f 497//497 758//758 495//495
f 497//497 760//760 758//758
f 759//759 498//498 496//496
f 761//761 498//498 759//759
f 499//499 760//760 497//497
f 499//499 762//762 760//760
f 761//761 500//500 498//498
f 763//763 500//500 761//761
f 501//501 762//762 499//499
f 501//501 764//764 762//762
f 763//763 502//502 500//500
f 765//765 502//502 763//763
f 503//503 764//764 501//501
f 503//503 766//766 764//764
f 765//765 504//504 502//502
f 767//767 504//504 765//765
f 505//505 766//766 503//503
f 505//505 768//768 766//766
f 767//767 506//506 504//504
f 769//769 506//506 767//767
f 507//507 768//768 505//505
f 507//507 770//770 768//768
f 769//769 508//508 506//506
f 771//771 508//508 769//769
f 509//509 770//770 507//507
f 509//509 772//772 770//770
f 771//771 510//510 508//508
f 773//773 510//510 771//771
f 511//511 772//772 509//509
f 511//511 774//774 772//772
f 773//773 512//512 510//510
f 775//775 512//512 773//773
f 513//513 774//774 511//511
f 513//513 776//776 774//774
f 775//775 514//514 512//512
f 777//777 514//514 775//775
f 778//778 776//776 513//513
f 778//778 513//513 515//515
f 779//779 515//515 516//516
f 779//779 778//778 515//515
f 516//516 518//518 779//779
f 779//779 518//518 780//780
f 782//782 781//781 521//521
f 521//521 781//781 520//520
f 783//783 521//521 522//522
f 783//783 782//782 521//521
f 522//522 514//514 777//777
f 522//522 777//777 783//783
f 784//784 780//780 518//518
f 784//784 518//518 523//523
f 785//785 523//523 524//524
f 785//785 784//784 523//523
f 786//786 524//524 525//525
f 786//786 785//785 524//524
f 787//787 525//525 526//526
f 787//787 786//786 525//525
f 526//526 520//520 781//781
f 526//526 781//781 787//787
f 790//790 789//789 788//788
f 791//791 788//788 789//789
f 794//794 793//793 792//792
f 796//796 795//795 792//792
f 796//796 792//792 793//793
f 795//795 796//796 790//790
f 788//788 795//795 790//790
f 797//797 795//795 788//788
f 788//788 791//791 798//798
f 799//799 788//788 798//798
f 797//797 788//788 799//799
f 800//800 799//799 798//798
f 803//803 802//802 801//801
f 801//801 802//802 794//794
f 792//792 801//801 794//794
f 804//804 801//801 792//792
f 805//805 792//792 795//795
f 804//804 792//792 805//805
f 806//806 795//795 797//797
f 805//805 795//795 806//806
f 807//807 797//797 799//799
f 806//806 797//797 807//807
f 799//799 800//800 808//808
f 799//799 808//808 807//807
f 811//811 810//810 809//809
f 809//809 810//810 803//803
f 809//809 803//803 801//801
f 529//529 809//809 801//801
f 528//528 529//529 801//801
f 528//528 801//801 531//531
f 531//531 801//801 804//804
f 531//531 804//804 533//533
f 533//533 804//804 805//805
f 533//533 805//805 534//534
f 805//805 812//812 534//534
f 805//805 806//806 812//812
f 813//813 806//806 807//807
f 812//812 806//806 813//813
f 807//807 808//808 814//814
f 807//807 814//814 813//813
f 811//811 809//809 536//536
f 537//537 811//811 536//536
f 815//815 811//811 537//537
f 536//536 809//809 529//529
f 812//812 541//541 534//534
f 541//541 812//812 543//543
f 812//812 816//816 543//543
f 812//812 813//813 816//816
f 813//813 814//814 817//817
f 818//818 813//813 817//817
f 816//816 813//813 818//818
f 819//819 818//818 817//817
f 822//822 821//821 820//820
f 821//821 815//815 820//820
f 815//815 545//545 820//820
f 815//815 537//537 545//545
f 823//823 550//550 816//816
f 816//816 550//550 543//543
f 824//824 816//816 818//818
f 823//823 816//816 824//824
f 818//818 819//819 825//825
f 818//818 825//825 824//824
f 822//822 820//820 826//826
f 822//822 826//826 827//827
f 552//552 826//826 545//545
f 545//545 826//826 820//820
f 828//828 557//557 823//823
f 823//823 557//557 550//550
f 829//829 823//823 824//824
f 828//828 823//823 829//829
f 824//824 825//825 830//830
f 824//824 830//830 829//829
f 827//827 826//826 831//831
f 827//827 831//831 832//832
f 559//559 831//831 552//552
f 552//552 831//831 826//826
f 833//833 564//564 828//828
f 828//828 564//564 557//557
f 834//834 828//828 829//829
f 833//833 828//828 834//834
f 829//829 830//830 835//835
f 829//829 835//835 834//834
f 836//836 832//832 831//831
f 831//831 559//559 836//836
f 559//559 837//837 836//836
f 559//559 566//566 837//837
f 838//838 571//571 833//833
f 833//833 571//571 564//564
f 839//839 833//833 834//834
f 838//838 833//833 839//839
f 834//834 835//835 840//840
f 834//834 840//840 839//839
f 566//566 572//572 841//841
f 842//842 566//566 841//841
f 837//837 566//566 842//842
f 573//573 841//841 572//572
f 843//843 577//577 578//578
f 571//571 838//838 578//578
f 838//838 843//843 578//578
f 838//838 844//844 843//843
f 845//845 838//838 839//839
f 844//844 838//838 845//845
f 839//839 840//840 846//846
f 839//839 846//846 845//845
f 847//847 842//842 841//841
f 849//849 847//847 848//848
f 848//848 847//847 579//579
f 847//847 841//841 579//579
f 841//841 573//573 579//579
f 580//580 850//850 579//579
f 579//579 850//850 848//848
f 581//581 851//851 580//580
f 580//580 851//851 850//850
f 577//577 843//843 581//581
f 843//843 851//851 581//581
f 843//843 852//852 851//851
f 853//853 843//843 844//844
f 852//852 843//843 853//853
f 854//854 844//844 845//845
f 853//853 844//844 854//854
f 845//845 846//846 855//855
f 845//845 855//855 854//854
f 856//856 849//849 848//848
f 858//858 857//857 856//856
f 848//848 858//858 856//856
f 850//850 858//858 848//848
f 859//859 850//850 851//851
f 858//858 850//850 859//859
f 860//860 851//851 852//852
f 859//859 851//851 860//860
f 861//861 852//852 853//853
f 860//860 852//852 861//861
f 862//862 853//853 854//854
f 861//861 853//853 862//862
f 854//854 855//855 863//863
f 854//854 863//863 862//862
f 864//864 857//857 858//858
f 866//866 865//865 864//864
f 858//858 866//866 864//864
f 859//859 866//866 858//858
f 867//867 859//859 860//860
f 866//866 859//859 867//867
f 868//868 860//860 861//861
f 867//867 860//860 868//868
f 869//869 861//861 862//862
f 868//868 861//861 869//869
f 862//862 863//863 870//870
f 862//862 870//870 869//869
f 865//865 866//866 871//871
f 865//865 871//871 872//872
f 873//873 866//866 867//867
f 871//871 866//866 873//873
f 874//874 867//867 868//868
f 873//873 867//867 874//874
f 875//875 868//868 869//869
f 874//874 868//868 875//875
f 869//869 870//870 876//876
f 869//869 876//876 875//875
f 877//877 872//872 871//871
f 879//879 878//878 877//877
f 871//871 879//879 877//877
f 873//873 879//879 871//871
f 880//880 873//873 874//874
f 879//879 873//873 880//880
f 881//881 874//874 875//875
f 880//880 874//874 881//881
f 875//875 876//876 882//882
f 875//875 882//882 881//881
f 885//885 884//884 883//883
f 883//883 884//884 878//878
f 879//879 883//883 878//878
f 886//886 883//883 879//879
f 887//887 879//879 880//880
f 886//886 879//879 887//887
f 888//888 880//880 881//881
f 887//887 880//880 888//888
f 881//881 882//882 889//889
f 881//881 889//889 888//888
f 885//885 883//883 890//890
f 885//885 890//890 891//891
f 892//892 883//883 886//886
f 890//890 883//883 892//892
f 893//893 886//886 887//887
f 892//892 886//886 893//893
f 894//894 887//887 888//888
f 893//893 887//887 894//894
f 888//888 889//889 895//895
f 888//888 895//895 894//894
f 891//891 890//890 896//896
f 891//891 896//896 897//897
f 898//898 890//890 892//892
f 896//896 890//890 898//898
f 899//899 892//892 893//893
f 898//898 892//892 899//899
f 900//900 893//893 894//894
f 899//899 893//893 900//900
f 894//894 895//895 901//901
f 894//894 901//901 900//900
f 897//897 896//896 902//902
f 897//897 902//902 903//903
f 904//904 896//896 898//898
f 902//902 896//896 904//904
f 905//905 898//898 899//899
f 904//904 898//898 905//905
f 906//906 899//899 900//900
f 905//905 899//899 906//906
f 900//900 901//901 907//907
f 900//900 907//907 906//906
f 903//903 902//902 908//908
f 903//903 908//908 909//909
f 910//910 902//902 904//904
f 908//908 902//902 910//910
f 911//911 904//904 905//905
f 910//910 904//904 911//911
f 912//912 905//905 906//906
f 911//911 905//905 912//912
f 906//906 907//907 913//913
f 906//906 913//913 912//912
f 909//909 908//908 914//914
f 909//909 914//914 915//915
f 916//916 908//908 910//910
f 914//914 908//908 916//916
f 917//917 910//910 911//911
f 916//916 910//910 917//917
f 918//918 911//911 912//912
f 917//917 911//911 918//918
f 912//912 913//913 919//919
f 912//912 919//919 918//918
f 915//915 914//914 920//920
f 915//915 920//920 921//921
f 922//922 914//914 916//916
f 920//920 914//914 922//922
f 923//923 916//916 917//917
f 922//922 916//916 923//923
f 924//924 917//917 918//918
f 923//923 917//917 924//924
f 918//918 919//919 925//925
f 918//918 925//925 924//924
f 921//921 920//920 926//926
f 921//921 926//926 927//927
f 928//928 920//920 922//922
f 926//926 920//920 928//928
f 929//929 922//922 923//923
f 928//928 922//922 929//929
f 930//930 923//923 924//924
f 929//929 923//923 930//930
f 924//924 925//925 931//931
f 932//932 924//924 931//931
f 930//930 924//924 932//932
f 933//933 932//932 931//931
f 927//927 926//926 934//934
f 927//927 934//934 935//935
f 936//936 926//926 928//928
f 934//934 926//926 936//936
f 937//937 928//928 929//929
f 936//936 928//928 937//937
f 938//938 929//929 930//930
f 937//937 929//929 938//938
f 939//939 930//930 932//932
f 938//938 930//930 939//939
f 932//932 933//933 940//940
f 932//932 940//940 939//939
f 935//935 934//934 941//941
f 935//935 941//941 942//942
f 943//943 934//934 936//936
f 941//941 934//934 943//943
f 944//944 936//936 937//937
f 943//943 936//936 944//944
f 945//945 937//937 938//938
f 944//944 937//937 945//945
f 946//946 938//938 939//939
f 945//945 938//938 946//946
f 939//939 940//940 947//947
f 939//939 947//947 946//946
f 942//942 941//941 948//948
f 942//942 948//948 949//949
f 950//950 941//941 943//943
f 948//948 941//941 950//950
f 584//584 950//950 583//583
f 950//950 944//944 583//583
f 950//950 943//943 944//944
f 583//583 944//944 585//585
f 944//944 951//951 585//585
f 944//944 945//945 951//951
f 952//952 945//945 946//946
f 951//951 945//945 952//952
f 946//946 947//947 953//953
f 946//946 953//953 952//952
f 956//956 955//955 954//954
f 954//954 955//955 949//949
f 948//948 954//954 949//949
f 957//957 954//954 948//948
f 588//588 957//957 587//587
f 957//957 950//950 587//587
f 957//957 948//948 950//950
f 587//587 950//950 584//584
f 958//958 590//590 951//951
f 951//951 590//590 585//585
f 959//959 951//951 952//952
f 958//958 951//951 959//959
f 952//952 953//953 960//960
f 952//952 960//960 959//959
f 956//956 954//954 961//961
f 956//956 961//961 962//962
f 963//963 954//954 957//957
f 961//961 954//954 963//963
f 592//592 963//963 588//588
f 588//588 963//963 957//957
f 964//964 594//594 958//958
f 958//958 594//594 590//590
f 965//965 958//958 959//959
f 964//964 958//958 965//965
f 959//959 960//960 966//966
f 959//959 966//966 965//965
f 962//962 961//961 967//967
f 962//962 967//967 968//968
f 969//969 961//961 963//963
f 967//967 961//961 969//969
f 596//596 969//969 592//592
f 592//592 969//969 963//963
f 970//970 598//598 964//964
f 964//964 598//598 594//594
f 971//971 964//964 965//965
f 970//970 964//964 971//971
f 965//965 966//966 972//972
f 965//965 972//972 971//971
f 968//968 967//967 973//973
f 968//968 973//973 974//974
f 975//975 967//967 969//969
f 973//973 967//967 975//975
f 600//600 975//975 596//596
f 596//596 975//975 969//969
f 970//970 602//602 598//598
f 602//602 970//970 604//604
f 970//970 976//976 604//604
f 970//970 971//971 976//976
f 971//971 972//972 977//977
f 971//971 977//977 976//976
f 974//974 973//973 978//978
f 974//974 978//978 979//979
f 980//980 973//973 975//975
f 978//978 973//973 980//980
f 606//606 980//980 600//600
f 600//600 980//980 975//975
f 981//981 609//609 976//976
f 976//976 609//609 604//604
f 976//976 977//977 982//982
f 976//976 982//982 981//981
f 979//979 978//978 983//983
f 979//979 983//983 984//984
f 612//612 983//983 611//611
f 983//983 980//980 611//611
f 983//983 978//978 980//980
f 611//611 980//980 606//606
f 985//985 616//616 981//981
f 981//981 616//616 609//609
f 981//981 982//982 986//986
f 981//981 986//986 985//985
f 984//984 983//983 987//987
f 984//984 987//987 988//988
f 618//618 987//987 612//612
f 612//612 987//987 983//983
f 989//989 622//622 985//985
f 985//985 622//622 616//616
f 985//985 986//986 990//990
f 985//985 990//990 989//989
f 988//988 987//987 991//991
f 988//988 991//991 992//992
f 624//624 991//991 618//618
f 618//618 991//991 987//987
f 993//993 628//628 989//989
f 989//989 628//628 622//622
f 989//989 990//990 994//994
f 989//989 994//994 993//993
f 992//992 991//991 995//995
f 992//992 995//995 996//996
f 630//630 995//995 624//624
f 624//624 995//995 991//991
f 997//997 634//634 993//993
f 993//993 634//634 628//628
f 993//993 994//994 998//998
f 993//993 998//998 997//997
f 996//996 995//995 999//999
f 996//996 999//999 1000//1000
f 636//636 999//999 630//630
f 630//630 999//999 995//995
f 997//997 640//640 634//634
f 642//642 640//640 997//997
f 998//998 642//642 997//997
f 1001//1001 642//642 998//998
f 1000//1000 999//999 1002//1002
f 1000//1000 1002//1002 1003//1003
f 644//644 1002//1002 636//636
f 636//636 1002//1002 999//999
f 1001//1001 649//649 642//642
f 1004//1004 649//649 1001//1001
f 1003//1003 1002//1002 1005//1005
f 1003//1003 1005//1005 1006//1006
f 651//651 1005//1005 644//644
f 644//644 1005//1005 1002//1002
f 1008//1008 656//656 1007//1007
f 656//656 1004//1004 1007//1007
f 656//656 649//649 1004//1004
f 1009//1009 1008//1008 1007//1007
f 1006//1006 1005//1005 658//658
f 659//659 1006//1006 658//658
f 1010//1010 1006//1006 659//659
f 658//658 1005//1005 651//651
f 1011//1011 663//663 1008//1008
f 1008//1008 663//663 656//656
f 1008//1008 1009//1009 1012//1012
f 1008//1008 1012//1012 1011//1011
f 665//665 1010//1010 659//659
f 665//665 1013//1013 1010//1010
f 1014//1014 669//669 1011//1011
f 1011//1011 669//669 663//663
f 1011//1011 1012//1012 1015//1015
f 1011//1011 1015//1015 1014//1014
f 671//671 1013//1013 665//665
f 671//671 1016//1016 1013//1013
f 1017//1017 674//674 1014//1014
f 1014//1014 674//674 669//669
f 1014//1014 1015//1015 1018//1018
f 1014//1014 1018//1018 1017//1017
f 676//676 1016//1016 671//671
f 676//676 1019//1019 1016//1016
f 1020//1020 678//678 1017//1017
f 1017//1017 678//678 674//674
f 1017//1017 1018//1018 1021//1021
f 1017//1017 1021//1021 1020//1020
f 1024//1024 1023//1023 1022//1022
f 1023//1023 1019//1019 1022//1022
f 1019//1019 680//680 1022//1022
f 1019//1019 676//676 680//680
f 1025//1025 682//682 1020//1020
f 1020//1020 682//682 678//678
f 1020//1020 1021//1021 1026//1026
f 1020//1020 1026//1026 1025//1025
f 1024//1024 1022//1022 1027//1027
f 1024//1024 1027//1027 1028//1028
f 684//684 1027//1027 680//680
f 680//680 1027//1027 1022//1022
f 1029//1029 686//686 1025//1025
f 1025//1025 686//686 682//682
f 1025//1025 1026//1026 1030//1030
f 1025//1025 1030//1030 1029//1029
f 1028//1028 1027//1027 1031//1031
f 1028//1028 1031//1031 1032//1032
f 688//688 1031//1031 684//684
f 684//684 1031//1031 1027//1027
f 1029//1029 690//690 686//686
f 691//691 690//690 1029//1029
f 1030//1030 691//691 1029//1029
f 1033//1033 691//691 1030//1030
f 1032//1032 1031//1031 1034//1034
f 1032//1032 1034//1034 1035//1035
f 693//693 1034//1034 688//688
f 688//688 1034//1034 1031//1031
f 1033//1033 695//695 691//691
f 1036//1036 695//695 1033//1033
f 1035//1035 1034//1034 1037//1037
f 1035//1035 1037//1037 1038//1038
f 696//696 1037//1037 693//693
f 693//693 1037//1037 1034//1034
f 1036//1036 698//698 695//695
f 1039//1039 698//698 1036//1036
f 1038//1038 1037//1037 1040//1040
f 1038//1038 1040//1040 1041//1041
f 699//699 1040//1040 696//696
f 696//696 1040//1040 1037//1037
f 1039//1039 701//701 698//698
f 1042//1042 701//701 1039//1039
f 1041//1041 1040//1040 703//703
f 704//704 1041//1041 703//703
f 1043//1043 1041//1041 704//704
f 703//703 1040//1040 699//699
f 1042//1042 706//706 701//701
f 1044//1044 706//706 1042//1042
f 708//708 1043//1043 704//704
f 708//708 1045//1045 1043//1043
f 1044//1044 710//710 706//706
f 1046//1046 710//710 1044//1044
f 712//712 1045//1045 708//708
f 712//712 1047//1047 1045//1045
f 1046//1046 714//714 710//710
f 1048//1048 714//714 1046//1046
f 716//716 1047//1047 712//712
f 716//716 1049//1049 1047//1047
f 1048//1048 718//718 714//714
f 1050//1050 718//718 1048//1048
f 720//720 1049//1049 716//716
f 720//720 1051//1051 1049//1049
f 1050//1050 722//722 718//718
f 1052//1052 722//722 1050//1050
f 724//724 1051//1051 720//720
f 724//724 1053//1053 1051//1051
f 1052//1052 725//725 722//722
f 1054//1054 725//725 1052//1052
f 727//727 1053//1053 724//724
f 727//727 1055//1055 1053//1053
f 1054//1054 728//728 725//725
f 1056//1056 728//728 1054//1054
f 730//730 1055//1055 727//727
f 730//730 1057//1057 1055//1055
f 1056//1056 731//731 728//728
f 1058//1058 731//731 1056//1056
f 733//733 1057//1057 730//730
f 733//733 1059//1059 1057//1057
f 1058//1058 734//734 731//731
f 1060//1060 734//734 1058//1058
f 736//736 1059//1059 733//733
f 736//736 1061//1061 1059//1059
f 1060//1060 737//737 734//734
f 1062//1062 737//737 1060//1060
f 738//738 1061//1061 736//736
f 738//738 1063//1063 1061//1061
f 1062//1062 739//739 737//737
f 1064//1064 739//739 1062//1062
f 740//740 1063//1063 738//738
f 740//740 1065//1065 1063//1063
f 1064//1064 741//741 739//739
f 1066//1066 741//741 1064//1064
f 742//742 1065//1065 740//740
f 742//742 1067//1067 1065//1065
f 1066//1066 743//743 741//741
f 1068//1068 743//743 1066//1066
f 744//744 1067//1067 742//742
f 744//744 1069//1069 1067//1067
f 1068//1068 745//745 743//743
f 1070//1070 745//745 1068//1068
f 746//746 1069//1069 744//744
f 746//746 1071//1071 1069//1069
f 1070//1070 747//747 745//745
f 1072//1072 747//747 1070//1070
f 748//748 1071//1071 746//746
f 748//748 1073//1073 1071//1071
f 1072//1072 749//749 747//747
f 1074//1074 749//749 1072//1072
f 750//750 1073//1073 748//748
f 750//750 1075//1075 1073//1073
f 1074//1074 751//751 749//749
f 1076//1076 751//751 1074//1074
f 752//752 1075//1075 750//750
f 752//752 1077//1077 1075//1075
f 1076//1076 753//753 751//751
f 1078//1078 753//753 1076//1076
f 754//754 1077//1077 752//752
f 754//754 1079//1079 1077//1077
f 1078//1078 755//755 753//753
f 1080//1080 755//755 1078//1078
f 756//756 1079//1079 754//754
f 756//756 1081//1081 1079//1079
f 1080//1080 757//757 755//755
f 1082//1082 757//757 1080//1080
f 758//758 1081//1081 756//756
f 758//758 1083//1083 1081//1081
f 1082//1082 759//759 757//757
f 1084//1084 759//759 1082//1082
f 760//760 1083//1083 758//758
f 760//760 1085//1085 1083//1083
f 1084//1084 761//761 759//759
f 1086//1086 761//761 1084//1084
f 762//762 1085//1085 760//760
f 762//762 1087//1087 1085//1085
f 1086//1086 763//763 761//761
f 1088//1088 763//763 1086//1086
f 764//764 1087//1087 762//762
f 764//764 1089//1089 1087//1087
f 1088//1088 765//765 763//763
f 1090//1090 765//765 1088//1088
f 766//766 1089//1089 764//764
f 766//766 1091//1091 1089//1089
f 1090//1090 767//767 765//765
f 1092//1092 767//767 1090//1090
f 768//768 1091//1091 766//766
f 768//768 1093//1093 1091//1091
f 1092//1092 769//769 767//767
f 1094//1094 769//769 1092//1092
f 770//770 1093//1093 768//768
f 770//770 1095//1095 1093//1093
f 1094//1094 771//771 769//769
f 1096//1096 771//771 1094//1094
f 772//772 1095//1095 770//770
f 772//772 1097//1097 1095//1095
f 1096//1096 773//773 771//771
f 1098//1098 773//773 1096//1096
f 774//774 1097//1097 772//772
f 774//774 1099//1099 1097//1097
f 1098//1098 775//775 773//773
f 1100//1100 775//775 1098//1098
f 776//776 1099//1099 774//774
f 776//776 1101//1101 1099//1099
f 1100//1100 777//777 775//775
f 1102//1102 777//777 1100//1100
f 1103//1103 1101//1101 776//776
f 1103//1103 776//776 778//778
f 1104//1104 778//778 779//779
f 1104//1104 1103//1103 778//778
f 1106//1106 1105//1105 780//780
f 1105//1105 779//779 780//780
f 1105//1105 1104//1104 779//779
f 1108//1108 1107//1107 1106//1106
f 1106//1106 1107//1107 1105//1105
f 1108//1108 1109//1109 1107//1107
f 1112//1112 1111//1111 1110//1110
f 781//781 782//782 1110//1110
f 782//782 1112//1112 1110//1110
f 782//782 1113//1113 1112//1112
f 1114//1114 782//782 783//783
f 1114//1114 1113//1113 782//782
f 783//783 777//777 1102//1102
f 783//783 1102//1102 1114//1114
f 784//784 1106//1106 780//780
f 1106//1106 784//784 785//785
f 1106//1106 785//785 1108//1108
f 1115//1115 1109//1109 1108//1108
f 785//785 1115//1115 1108//1108
f 786//786 1115//1115 785//785
f 787//787 1110//1110 1111//1111
f 1115//1115 787//787 1111//1111
f 786//786 787//787 1115//1115
f 1110//1110 787//787 781//781
f 1118//1118 1117//1117 1116//1116
f 1119//1119 1116//1116 1117//1117
f 1122//1122 1121//1121 1120//1120
f 1120//1120 1121//1121 1118//1118
f 1116//1116 1120//1120 1118//1118
f 1123//1123 1120//1120 1116//1116
f 1116//1116 1119//1119 1124//1124
f 1125//1125 1116//1116 1124//1124
f 1123//1123 1116//1116 1125//1125
f 1126//1126 1125//1125 1124//1124
f 1129//1129 1128//1128 1127//1127
f 1127//1127 1128//1128 1122//1122
f 1120//1120 1127//1127 1122//1122
f 1130//1130 1127//1127 1120//1120
f 790//790 1130//1130 789//789
f 1130//1130 1123//1123 789//789
f 1130//1130 1120//1120 1123//1123
f 789//789 1123//1123 791//791
f 1123//1123 1131//1131 791//791
f 1123//1123 1125//1125 1131//1131
f 1125//1125 1126//1126 1132//1132
f 1133//1133 1125//1125 1132//1132
f 1131//1131 1125//1125 1133//1133
f 1134//1134 1133//1133 1132//1132
f 1137//1137 1136//1136 1135//1135
f 1135//1135 1136//1136 1129//1129
f 1135//1135 1129//1129 1127//1127
f 794//794 1135//1135 1127//1127
f 793//793 794//794 1127//1127
f 793//793 1127//1127 796//796
f 796//796 1127//1127 1130//1130
f 796//796 1130//1130 790//790
f 1131//1131 798//798 791//791
f 798//798 1131//1131 800//800
f 1131//1131 1138//1138 800//800
f 1131//1131 1133//1133 1138//1138
f 1133//1133 1134//1134 1139//1139
f 1133//1133 1139//1139 1138//1138
f 1142//1142 1141//1141 1140//1140
f 1140//1140 1141//1141 1137//1137
f 1140//1140 1137//1137 1135//1135
f 803//803 1140//1140 1135//1135
f 802//802 803//803 1135//1135
f 802//802 1135//1135 794//794
f 1143//1143 808//808 1138//1138
f 1138//1138 808//808 800//800
f 1138//1138 1139//1139 1144//1144
f 1138//1138 1144//1144 1143//1143
f 1142//1142 1140//1140 810//810
f 811//811 1142//1142 810//810
f 1145//1145 1142//1142 811//811
f 810//810 1140//1140 803//803
f 1146//1146 814//814 1143//1143
f 1143//1143 814//814 808//808
f 1143//1143 1144//1144 1147//1147
f 1143//1143 1147//1147 1146//1146
f 815//815 1145//1145 811//811
f 815//815 1148//1148 1145//1145
f 1146//1146 817//817 814//814
f 1150//1150 1149//1149 819//819
f 1150//1150 819//819 817//817
f 1147//1147 1150//1150 817//817
f 1146//1146 1147//1147 817//817
f 1151//1151 1149//1149 1150//1150
f 1153//1153 1152//1152 821//821
f 1153//1153 821//821 822//822
f 815//815 821//821 1148//1148
f 1148//1148 821//821 1152//1152
f 1154//1154 825//825 1149//1149
f 1149//1149 825//825 819//819
f 1149//1149 1151//1151 1155//1155
f 1149//1149 1155//1155 1154//1154
f 827//827 1153//1153 822//822
f 827//827 1156//1156 1153//1153
f 1157//1157 830//830 1154//1154
f 1154//1154 830//830 825//825
f 1154//1154 1155//1155 1158//1158
f 1154//1154 1158//1158 1157//1157
f 832//832 1160//1160 1159//1159
f 1156//1156 832//832 1159//1159
f 827//827 832//832 1156//1156
f 1160//1160 1161//1161 1159//1159
f 1162//1162 835//835 1157//1157
f 1157//1157 835//835 830//830
f 1157//1157 1158//1158 1163//1163
f 1157//1157 1163//1163 1162//1162
f 836//836 1160//1160 832//832
f 836//836 837//837 1160//1160
f 837//837 1161//1161 1160//1160
f 837//837 1164//1164 1161//1161
f 1165//1165 840//840 1162//1162
f 1162//1162 840//840 835//835
f 1162//1162 1163//1163 1166//1166
f 1162//1162 1166//1166 1165//1165
f 842//842 1164//1164 837//837
f 842//842 1167//1167 1164//1164
f 1168//1168 846//846 1165//1165
f 1165//1165 846//846 840//840
f 1165//1165 1166//1166 1169//1169
f 1165//1165 1169//1169 1168//1168
f 842//842 847//847 1170//1170
f 1171//1171 842//842 1170//1170
f 1167//1167 842//842 1171//1171
f 849//849 1170//1170 847//847
f 1172//1172 855//855 1168//1168
f 1168//1168 855//855 846//846
f 1168//1168 1169//1169 1173//1173
f 1168//1168 1173//1173 1172//1172
f 1174//1174 1171//1171 1170//1170
f 1176//1176 1174//1174 1175//1175
f 1175//1175 1174//1174 856//856
f 1174//1174 1170//1170 856//856
f 1170//1170 849//849 856//856
f 857//857 1175//1175 856//856
f 1177//1177 863//863 1172//1172
f 1172//1172 863//863 855//855
f 1172//1172 1173//1173 1178//1178
f 1172//1172 1178//1178 1177//1177
f 1179//1179 1176//1176 1175//1175
f 1181//1181 1179//1179 1180//1180
f 1180//1180 1179//1179 864//864
f 1179//1179 1175//1175 864//864
f 1175//1175 857//857 864//864
f 865//865 1180//1180 864//864
f 1182//1182 870//870 1177//1177
f 1177//1177 870//870 863//863
f 1177//1177 1178//1178 1183//1183
f 1177//1177 1183//1183 1182//1182
f 1181//1181 1180//1180 1184//1184
f 1181//1181 1184//1184 1185//1185
f 872//872 1184//1184 865//865
f 865//865 1184//1184 1180//1180
f 1186//1186 876//876 1182//1182
f 1182//1182 876//876 870//870
f 1182//1182 1183//1183 1187//1187
f 1182//1182 1187//1187 1186//1186
f 1185//1185 1184//1184 1188//1188
f 1185//1185 1188//1188 1189//1189
f 877//877 1190//1190 872//872
f 1190//1190 1184//1184 872//872
f 1190//1190 1188//1188 1184//1184
f 878//878 1190//1190 877//877
f 1191//1191 882//882 1186//1186
f 1186//1186 882//882 876//876
f 1186//1186 1187//1187 1192//1192
f 1186//1186 1192//1192 1191//1191
f 1189//1189 1188//1188 1193//1193
f 1189//1189 1193//1193 1194//1194
f 885//885 1193//1193 884//884
f 1193//1193 1190//1190 884//884
f 1193//1193 1188//1188 1190//1190
f 884//884 1190//1190 878//878
f 1195//1195 889//889 1191//1191
f 1191//1191 889//889 882//882
f 1191//1191 1192//1192 1196//1196
f 1191//1191 1196//1196 1195//1195
f 1194//1194 1193//1193 1197//1197
f 1194//1194 1197//1197 1198//1198
f 891//891 1197//1197 885//885
f 885//885 1197//1197 1193//1193
f 1199//1199 895//895 1195//1195
f 1195//1195 895//895 889//889
f 1195//1195 1196//1196 1200//1200
f 1195//1195 1200//1200 1199//1199
f 1198//1198 1197//1197 1201//1201
f 1198//1198 1201//1201 1202//1202
f 897//897 1201//1201 891//891
f 891//891 1201//1201 1197//1197
f 1203//1203 901//901 1199//1199
f 1199//1199 901//901 895//895
f 1199//1199 1200//1200 1204//1204
f 1199//1199 1204//1204 1203//1203
f 1202//1202 1201//1201 1205//1205
f 1202//1202 1205//1205 1206//1206
f 903//903 1205//1205 897//897
f 897//897 1205//1205 1201//1201
f 1207//1207 907//907 1203//1203
f 1203//1203 907//907 901//901
f 1203//1203 1204//1204 1208//1208
f 1203//1203 1208//1208 1207//1207
f 1206//1206 1205//1205 1209//1209
f 1206//1206 1209//1209 1210//1210
f 909//909 1209//1209 903//903
f 903//903 1209//1209 1205//1205
f 1211//1211 913//913 1207//1207
f 1207//1207 913//913 907//907
f 1207//1207 1208//1208 1212//1212
f 1207//1207 1212//1212 1211//1211
f 1210//1210 1209//1209 1213//1213
f 1210//1210 1213//1213 1214//1214
f 915//915 1213//1213 909//909
f 909//909 1213//1213 1209//1209
f 1215//1215 919//919 1211//1211
f 1211//1211 919//919 913//913
f 1211//1211 1212//1212 1216//1216
f 1211//1211 1216//1216 1215//1215
f 1214//1214 1213//1213 1217//1217
f 1214//1214 1217//1217 1218//1218
f 921//921 1217//1217 915//915
f 915//915 1217//1217 1213//1213
f 1219//1219 925//925 1215//1215
f 1215//1215 925//925 919//919
f 1215//1215 1216//1216 1220//1220
f 1215//1215 1220//1220 1219//1219
f 1218//1218 1217//1217 1221//1221
f 1218//1218 1221//1221 1222//1222
f 927//927 1221//1221 921//921
f 921//921 1221//1221 1217//1217
f 1219//1219 931//931 925//925
f 933//933 931//931 1219//1219
f 1220//1220 933//933 1219//1219
f 1223//1223 933//933 1220//1220
f 1222//1222 1221//1221 1224//1224
f 1222//1222 1224//1224 1225//1225
f 935//935 1224//1224 927//927
f 927//927 1224//1224 1221//1221
f 1223//1223 940//940 933//933
f 1226//1226 940//940 1223//1223
f 1225//1225 1224//1224 1227//1227
f 1225//1225 1227//1227 1228//1228
f 942//942 1227//1227 935//935
f 935//935 1227//1227 1224//1224
f 1226//1226 947//947 940//940
f 1229//1229 947//947 1226//1226
f 1228//1228 1227//1227 1230//1230
f 1228//1228 1230//1230 1231//1231
f 949//949 1230//1230 942//942
f 942//942 1230//1230 1227//1227
f 1229//1229 953//953 947//947
f 1232//1232 953//953 1229//1229
f 1231//1231 1230//1230 955//955
f 956//956 1231//1231 955//955
f 1233//1233 1231//1231 956//956
f 955//955 1230//1230 949//949
f 1235//1235 960//960 1234//1234
f 960//960 1232//1232 1234//1234
f 960//960 953//953 1232//1232
f 1236//1236 1235//1235 1234//1234
f 962//962 1233//1233 956//956
f 962//962 1237//1237 1233//1233
f 1238//1238 966//966 1235//1235
f 1235//1235 966//966 960//960
f 1235//1235 1236//1236 1239//1239
f 1235//1235 1239//1239 1238//1238
f 968//968 1237//1237 962//962
f 968//968 1240//1240 1237//1237
f 1241//1241 972//972 1238//1238
f 1238//1238 972//972 966//966
f 1238//1238 1239//1239 1242//1242
f 1238//1238 1242//1242 1241//1241
f 974//974 1240//1240 968//968
f 974//974 1243//1243 1240//1240
f 1244//1244 977//977 1241//1241
f 1241//1241 977//977 972//972
f 1241//1241 1242//1242 1245//1245
f 1241//1241 1245//1245 1244//1244
f 979//979 1243//1243 974//974
f 979//979 1246//1246 1243//1243
f 1247//1247 982//982 1244//1244
f 1244//1244 982//982 977//977
f 1244//1244 1245//1245 1248//1248
f 1244//1244 1248//1248 1247//1247
f 984//984 1246//1246 979//979
f 984//984 1249//1249 1246//1246
f 1250//1250 986//986 1247//1247
f 1247//1247 986//986 982//982
f 1247//1247 1248//1248 1251//1251
f 1247//1247 1251//1251 1250//1250
f 988//988 1249//1249 984//984
f 988//988 1252//1252 1249//1249
f 1253//1253 990//990 1250//1250
f 1250//1250 990//990 986//986
f 1250//1250 1251//1251 1254//1254
f 1250//1250 1254//1254 1253//1253
f 992//992 1252//1252 988//988
f 992//992 1255//1255 1252//1252
f 1256//1256 994//994 1253//1253
f 1253//1253 994//994 990//990
f 1253//1253 1254//1254 1257//1257
f 1253//1253 1257//1257 1256//1256
f 996//996 1255//1255 992//992
f 996//996 1258//1258 1255//1255
f 1259//1259 998//998 1256//1256
f 1256//1256 998//998 994//994
f 1256//1256 1257//1257 1260//1260
f 1256//1256 1260//1260 1259//1259
f 1000//1000 1258//1258 996//996
f 1000//1000 1261//1261 1258//1258
f 1262//1262 1001//1001 1259//1259
f 1259//1259 1001//1001 998//998
f 1259//1259 1260//1260 1263//1263
f 1259//1259 1263//1263 1262//1262
f 1003//1003 1261//1261 1000//1000
f 1003//1003 1264//1264 1261//1261
f 1265//1265 1004//1004 1262//1262
f 1262//1262 1004//1004 1001//1001
f 1262//1262 1263//1263 1266//1266
f 1262//1262 1266//1266 1265//1265
f 1269//1269 1268//1268 1267//1267
f 1268//1268 1264//1264 1267//1267
f 1264//1264 1006//1006 1267//1267
f 1264//1264 1003//1003 1006//1006
f 1265//1265 1007//1007 1004//1004
f 1009//1009 1007//1007 1265//1265
f 1266//1266 1009//1009 1265//1265
f 1270//1270 1009//1009 1266//1266
f 1269//1269 1267//1267 1271//1271
f 1269//1269 1271//1271 1272//1272
f 1010//1010 1271//1271 1006//1006
f 1006//1006 1271//1271 1267//1267
f 1270//1270 1012//1012 1009//1009
f 1273//1273 1012//1012 1270//1270
f 1272//1272 1271//1271 1274//1274
f 1272//1272 1274//1274 1275//1275
f 1013//1013 1274//1274 1010//1010
f 1010//1010 1274//1274 1271//1271
f 1273//1273 1015//1015 1012//1012
f 1276//1276 1015//1015 1273//1273
f 1275//1275 1274//1274 1277//1277
f 1275//1275 1277//1277 1278//1278
f 1016//1016 1277//1277 1013//1013
f 1013//1013 1277//1277 1274//1274
f 1276//1276 1018//1018 1015//1015
f 1279//1279 1018//1018 1276//1276
f 1278//1278 1277//1277 1280//1280
f 1278//1278 1280//1280 1281//1281
f 1019//1019 1280//1280 1016//1016
f 1016//1016 1280//1280 1277//1277
f 1279//1279 1021//1021 1018//1018
f 1282//1282 1021//1021 1279//1279
f 1281//1281 1280//1280 1023//1023
f 1024//1024 1281//1281 1023//1023
f 1283//1283 1281//1281 1024//1024
f 1023//1023 1280//1280 1019//1019
f 1282//1282 1026//1026 1021//1021
f 1284//1284 1026//1026 1282//1282
f 1028//1028 1283//1283 1024//1024
f 1028//1028 1285//1285 1283//1283
f 1284//1284 1030//1030 1026//1026
f 1286//1286 1030//1030 1284//1284
f 1032//1032 1285//1285 1028//1028
f 1032//1032 1287//1287 1285//1285
f 1286//1286 1033//1033 1030//1030
f 1288//1288 1033//1033 1286//1286
f 1035//1035 1287//1287 1032//1032
f 1035//1035 1289//1289 1287//1287
f 1288//1288 1036//1036 1033//1033
f 1290//1290 1036//1036 1288//1288
f 1038//1038 1289//1289 1035//1035
f 1038//1038 1291//1291 1289//1289
f 1290//1290 1039//1039 1036//1036
f 1292//1292 1039//1039 1290//1290
f 1041//1041 1291//1291 1038//1038
f 1041//1041 1293//1293 1291//1291
f 1292//1292 1042//1042 1039//1039
f 1294//1294 1042//1042 1292//1292
f 1043//1043 1293//1293 1041//1041
f 1043//1043 1295//1295 1293//1293
f 1294//1294 1044//1044 1042//1042
f 1296//1296 1044//1044 1294//1294
f 1045//1045 1295//1295 1043//1043
f 1045//1045 1297//1297 1295//1295
f 1296//1296 1046//1046 1044//1044
f 1298//1298 1046//1046 1296//1296
f 1047//1047 1297//1297 1045//1045
f 1047//1047 1299//1299 1297//1297
f 1298//1298 1048//1048 1046//1046
f 1300//1300 1048//1048 1298//1298
f 1049//1049 1299//1299 1047//1047
f 1049//1049 1301//1301 1299//1299
f 1300//1300 1050//1050 1048//1048
f 1302//1302 1050//1050 1300//1300
f 1051//1051 1301//1301 1049//1049
f 1051//1051 1303//1303 1301//1301
f 1302//1302 1052//1052 1050//1050
f 1304//1304 1052//1052 1302//1302
f 1053//1053 1303//1303 1051//1051
f 1053//1053 1305//1305 1303//1303
f 1304//1304 1054//1054 1052//1052
f 1306//1306 1054//1054 1304//1304
f 1055//1055 1305//1305 1053//1053
f 1055//1055 1307//1307 1305//1305
f 1306//1306 1056//1056 1054//1054
f 1308//1308 1056//1056 1306//1306
f 1057//1057 1307//1307 1055//1055
f 1057//1057 1309//1309 1307//1307
f 1308//1308 1058//1058 1056//1056
f 1310//1310 1058//1058 1308//1308
f 1059//1059 1309//1309 1057//1057
f 1059//1059 1311//1311 1309//1309
f 1310//1310 1060//1060 1058//1058
f 1312//1312 1060//1060 1310//1310
f 1061//1061 1311//1311 1059//1059
f 1061//1061 1313//1313 1311//1311
f 1312//1312 1062//1062 1060//1060
f 1314//1314 1062//1062 1312//1312
f 1063//1063 1313//1313 1061//1061
f 1063//1063 1315//1315 1313//1313
f 1314//1314 1064//1064 1062//1062
f 1316//1316 1064//1064 1314//1314
f 1065//1065 1315//1315 1063//1063
f 1065//1065 1317//1317 1315//1315
f 1316//1316 1066//1066 1064//1064
f 1318//1318 1066//1066 1316//1316
f 1067//1067 1317//1317 1065//1065
f 1067//1067 1319//1319 1317//1317
f 1318//1318 1068//1068 1066//1066
f 1320//1320 1068//1068 1318//1318
f 1069//1069 1319//1319 1067//1067
f 1069//1069 1321//1321 1319//1319
f 1320//1320 1070//1070 1068//1068
f 1322//1322 1070//1070 1320//1320
f 1071//1071 1321//1321 1069//1069
f 1071//1071 1323//1323 1321//1321
f 1322//1322 1072//1072 1070//1070
f 1324//1324 1072//1072 1322//1322
f 1073//1073 1323//1323 1071//1071
f 1073//1073 1325//1325 1323//1323
f 1324//1324 1074//1074 1072//1072
f 1326//1326 1074//1074 1324//1324
f 1075//1075 1325//1325 1073//1073
f 1075//1075 1327//1327 1325//1325
f 1326//1326 1076//1076 1074//1074
f 1328//1328 1076//1076 1326//1326
f 1077//1077 1327//1327 1075//1075
f 1077//1077 1329//1329 1327//1327
f 1328//1328 1078//1078 1076//1076
f 1330//1330 1078//1078 1328//1328
f 1079//1079 1329//1329 1077//1077
f 1079//1079 1331//1331 1329//1329
f 1330//1330 1080//1080 1078//1078
f 1332//1332 1080//1080 1330//1330
f 1081//1081 1331//1331 1079//1079
f 1081//1081 1333//1333 1331//1331
f 1332//1332 1082//1082 1080//1080
f 1334//1334 1082//1082 1332//1332
f 1083//1083 1333//1333 1081//1081
f 1083//1083 1335//1335 1333//1333
f 1334//1334 1084//1084 1082//1082
f 1336//1336 1084//1084 1334//1334
f 1085//1085 1335//1335 1083//1083
f 1085//1085 1337//1337 1335//1335
f 1336//1336 1086//1086 1084//1084
f 1338//1338 1086//1086 1336//1336
f 1087//1087 1340//1340 1339//1339
f 1337//1337 1087//1087 1339//1339
f 1085//1085 1087//1087 1337//1337
f 1340//1340 1341//1341 1339//1339
f 1338//1338 1088//1088 1086//1086
f 1342//1342 1088//1088 1338//1338
f 1089//1089 1343//1343 1340//1340
f 1089//1089 1340//1340 1087//1087
f 1341//1341 1340//1340 1344//1344
f 1344//1344 1340//1340 1343//1343
f 1342//1342 1090//1090 1088//1088
f 1345//1345 1090//1090 1342//1342
f 1091//1091 1346//1346 1343//1343
f 1091//1091 1343//1343 1089//1089
f 1344//1344 1343//1343 1347//1347
f 1347//1347 1343//1343 1346//1346
f 1345//1345 1092//1092 1090//1090
f 1348//1348 1092//1092 1345//1345
f 1093//1093 1349//1349 1346//1346
f 1093//1093 1346//1346 1091//1091
f 1347//1347 1346//1346 1350//1350
f 1350//1350 1346//1346 1349//1349
f 1348//1348 1094//1094 1092//1092
f 1351//1351 1094//1094 1348//1348
f 1095//1095 1352//1352 1349//1349
f 1095//1095 1349//1349 1093//1093
f 1350//1350 1349//1349 1353//1353
f 1353//1353 1349//1349 1352//1352
f 1351//1351 1096//1096 1094//1094
f 1354//1354 1096//1096 1351//1351
f 1097//1097 1355//1355 1352//1352
f 1097//1097 1352//1352 1095//1095
f 1353//1353 1352//1352 1356//1356
f 1356//1356 1352//1352 1355//1355
f 1354//1354 1098//1098 1096//1096
f 1357//1357 1098//1098 1354//1354
f 1099//1099 1358//1358 1355//1355
f 1099//1099 1355//1355 1097//1097
f 1356//1356 1355//1355 1359//1359
f 1359//1359 1355//1355 1358//1358
f 1362//1362 1361//1361 1360//1360
f 1357//1357 1362//1362 1360//1360
f 1100//1100 1357//1357 1360//1360
f 1098//1098 1357//1357 1100//1100
f 1101//1101 1363//1363 1358//1358
f 1101//1101 1358//1358 1099//1099
f 1359//1359 1358//1358 1364//1364
f 1364//1364 1358//1358 1363//1363
f 1360//1360 1361//1361 1365//1365
f 1365//1365 1361//1361 1366//1366
f 1365//1365 1102//1102 1100//1100
f 1365//1365 1100//1100 1360//1360
f 1103//1103 1363//1363 1101//1101
f 1367//1367 1364//1364 1363//1363
f 1103//1103 1367//1367 1363//1363
f 1104//1104 1367//1367 1103//1103
f 1368//1368 1104//1104 1105//1105
f 1368//1368 1367//1367 1104//1104
f 1369//1369 1105//1105 1107//1107
f 1369//1369 1368//1368 1105//1105
f 1371//1371 1370//1370 1109//1109
f 1370//1370 1107//1107 1109//1109
f 1370//1370 1369//1369 1107//1107
f 1111//1111 1112//1112 1371//1371
f 1112//1112 1370//1370 1371//1371
f 1112//1112 1372//1372 1370//1370
f 1373//1373 1112//1112 1113//1113
f 1373//1373 1372//1372 1112//1112
f 1114//1114 1365//1365 1366//1366
f 1373//1373 1114//1114 1366//1366
f 1113//1113 1114//1114 1373//1373
f 1365//1365 1114//1114 1102//1102
f 1115//1115 1371//1371 1109//1109
f 1371//1371 1115//1115 1111//1111
f 1376//1376 1375//1375 1374//1374
f 1377//1377 1374//1374 1375//1375
f 1380//1380 1379//1379 1378//1378
f 1378//1378 1379//1379 1376//1376
f 1378//1378 1376//1376 1374//1374
f 1118//1118 1378//1378 1374//1374
f 1117//1117 1118//1118 1374//1374
f 1382//1382 1381//1381 1119//1119
f 1382//1382 1119//1119 1117//1117
f 1377//1377 1382//1382 1117//1117
f 1374//1374 1377//1377 1117//1117
f 1383//1383 1381//1381 1382//1382
f 1386//1386 1385//1385 1384//1384
f 1384//1384 1385//1385 1380//1380
f 1384//1384 1380//1380 1378//1378
f 1122//1122 1384//1384 1378//1378
f 1121//1121 1122//1122 1378//1378
f 1121//1121 1378//1378 1118//1118
f 1381//1381 1124//1124 1119//1119
f 1388//1388 1387//1387 1126//1126
f 1388//1388 1126//1126 1124//1124
f 1383//1383 1388//1388 1124//1124
f 1381//1381 1383//1383 1124//1124
f 1389//1389 1387//1387 1388//1388
f 1392//1392 1391//1391 1390//1390
f 1390//1390 1391//1391 1386//1386
f 1390//1390 1386//1386 1384//1384
f 1129//1129 1390//1390 1384//1384
f 1128//1128 1129//1129 1384//1384
f 1128//1128 1384//1384 1122//1122
f 1387//1387 1132//1132 1126//1126
f 1134//1134 1132//1132 1387//1387
f 1389//1389 1134//1134 1387//1387
f 1393//1393 1134//1134 1389//1389
f 1392//1392 1390//1390 1136//1136
f 1137//1137 1392//1392 1136//1136
f 1394//1394 1392//1392 1137//1137
f 1136//1136 1390//1390 1129//1129
f 1393//1393 1139//1139 1134//1134
f 1395//1395 1139//1139 1393//1393
f 1142//1142 1396//1396 1141//1141
f 1396//1396 1397//1397 1141//1141
f 1397//1397 1137//1137 1141//1141
f 1397//1397 1394//1394 1137//1137
f 1399//1399 1144//1144 1398//1398
f 1144//1144 1395//1395 1398//1398
f 1144//1144 1139//1139 1395//1395
f 1400//1400 1399//1399 1398//1398
f 1402//1402 1401//1401 1396//1396
f 1142//1142 1402//1402 1396//1396
f 1145//1145 1402//1402 1142//1142
f 1396//1396 1401//1401 1397//1397
f 1403//1403 1147//1147 1399//1399
f 1399//1399 1147//1147 1144//1144
f 1399//1399 1400//1400 1404//1404
f 1399//1399 1404//1404 1403//1403
f 1148//1148 1402//1402 1145//1145
f 1148//1148 1405//1405 1402//1402
f 1403//1403 1150//1150 1147//1147
f 1151//1151 1150//1150 1403//1403
f 1404//1404 1151//1151 1403//1403
f 1406//1406 1151//1151 1404//1404
f 1153//1153 1407//1407 1152//1152
f 1407//1407 1408//1408 1152//1152
f 1408//1408 1148//1148 1152//1152
f 1408//1408 1405//1405 1148//1148
f 1410//1410 1155//1155 1409//1409
f 1155//1155 1406//1406 1409//1409
f 1155//1155 1151//1151 1406//1406
f 1411//1411 1410//1410 1409//1409
f 1156//1156 1412//1412 1407//1407
f 1156//1156 1407//1407 1153//1153
f 1408//1408 1407//1407 1413//1413
f 1413//1413 1407//1407 1412//1412
f 1414//1414 1158//1158 1410//1410
f 1410//1410 1158//1158 1155//1155
f 1410//1410 1411//1411 1415//1415
f 1410//1410 1415//1415 1414//1414
f 1159//1159 1412//1412 1156//1156
f 1159//1159 1161//1161 1412//1412
f 1161//1161 1413//1413 1412//1412
f 1161//1161 1416//1416 1413//1413
f 1417//1417 1163//1163 1414//1414
f 1414//1414 1163//1163 1158//1158
f 1414//1414 1415//1415 1418//1418
f 1414//1414 1418//1418 1417//1417
f 1164//1164 1416//1416 1161//1161
f 1164//1164 1419//1419 1416//1416
f 1420//1420 1166//1166 1417//1417
f 1417//1417 1166//1166 1163//1163
f 1417//1417 1418//1418 1421//1421
f 1417//1417 1421//1421 1420//1420
f 1167//1167 1419//1419 1164//1164
f 1167//1167 1422//1422 1419//1419
f 1423//1423 1169//1169 1420//1420
f 1420//1420 1169//1169 1166//1166
f 1420//1420 1421//1421 1424//1424
f 1420//1420 1424//1424 1423//1423
f 1171//1171 1426//1426 1425//1425
f 1422//1422 1171//1171 1425//1425
f 1167//1167 1171//1171 1422//1422
f 1426//1426 1427//1427 1425//1425
f 1428//1428 1173//1173 1423//1423
f 1423//1423 1173//1173 1169//1169
f 1423//1423 1424//1424 1429//1429
f 1423//1423 1429//1429 1428//1428
f 1174//1174 1426//1426 1171//1171
f 1174//1174 1176//1176 1426//1426
f 1176//1176 1427//1427 1426//1426
f 1176//1176 1430//1430 1427//1427
f 1431//1431 1178//1178 1428//1428
f 1428//1428 1178//1178 1173//1173
f 1428//1428 1429//1429 1432//1432
f 1428//1428 1432//1432 1431//1431
f 1176//1176 1179//1179 1433//1433
f 1434//1434 1176//1176 1433//1433
f 1430//1430 1176//1176 1434//1434
f 1181//1181 1433//1433 1179//1179
f 1435//1435 1183//1183 1431//1431
f 1431//1431 1183//1183 1178//1178
f 1431//1431 1432//1432 1436//1436
f 1431//1431 1436//1436 1435//1435
f 1437//1437 1434//1434 1433//1433
f 1433//1433 1181//1181 1437//1437
f 1181//1181 1438//1438 1437//1437
f 1181//1181 1185//1185 1438//1438
f 1439//1439 1187//1187 1435//1435
f 1435//1435 1187//1187 1183//1183
f 1435//1435 1436//1436 1440//1440
f 1435//1435 1440//1440 1439//1439
f 1189//1189 1438//1438 1185//1185
f 1189//1189 1441//1441 1438//1438
f 1442//1442 1192//1192 1439//1439
f 1439//1439 1192//1192 1187//1187
f 1439//1439 1440//1440 1443//1443
f 1439//1439 1443//1443 1442//1442
f 1194//1194 1441//1441 1189//1189
f 1194//1194 1444//1444 1441//1441
f 1445//1445 1196//1196 1442//1442
f 1442//1442 1196//1196 1192//1192
f 1442//1442 1443//1443 1446//1446
f 1442//1442 1446//1446 1445//1445
f 1198//1198 1444//1444 1194//1194
f 1198//1198 1447//1447 1444//1444
f 1448//1448 1200//1200 1445//1445
f 1445//1445 1200//1200 1196//1196
f 1445//1445 1446//1446 1449//1449
f 1445//1445 1449//1449 1448//1448
f 1202//1202 1447//1447 1198//1198
f 1202//1202 1450//1450 1447//1447
f 1451//1451 1204//1204 1448//1448
f 1448//1448 1204//1204 1200//1200
f 1448//1448 1449//1449 1452//1452
f 1448//1448 1452//1452 1451//1451
f 1206//1206 1450//1450 1202//1202
f 1206//1206 1453//1453 1450//1450
f 1454//1454 1208//1208 1451//1451
f 1451//1451 1208//1208 1204//1204
f 1451//1451 1452//1452 1455//1455
f 1451//1451 1455//1455 1454//1454
f 1210//1210 1453//1453 1206//1206
f 1210//1210 1456//1456 1453//1453
f 1457//1457 1212//1212 1454//1454
f 1454//1454 1212//1212 1208//1208
f 1454//1454 1455//1455 1458//1458
f 1454//1454 1458//1458 1457//1457
f 1214//1214 1456//1456 1210//1210
f 1214//1214 1459//1459 1456//1456
f 1460//1460 1216//1216 1457//1457
f 1457//1457 1216//1216 1212//1212
f 1457//1457 1458//1458 1461//1461
f 1457//1457 1461//1461 1460//1460
f 1218//1218 1459//1459 1214//1214
f 1218//1218 1462//1462 1459//1459
f 1463//1463 1220//1220 1460//1460
f 1460//1460 1220//1220 1216//1216
f 1460//1460 1461//1461 1464//1464
f 1460//1460 1464//1464 1463//1463
f 1222//1222 1462//1462 1218//1218
f 1222//1222 1465//1465 1462//1462
f 1466//1466 1223//1223 1463//1463
f 1463//1463 1223//1223 1220//1220
f 1463//1463 1464//1464 1467//1467
f 1463//1463 1467//1467 1466//1466
f 1225//1225 1465//1465 1222//1222
f 1225//1225 1468//1468 1465//1465
f 1469//1469 1226//1226 1466//1466
f 1466//1466 1226//1226 1223//1223
f 1466//1466 1467//1467 1470//1470
f 1466//1466 1470//1470 1469//1469
f 1228//1228 1468//1468 1225//1225
f 1228//1228 1471//1471 1468//1468
f 1472//1472 1229//1229 1469//1469
f 1469//1469 1229//1229 1226//1226
f 1469//1469 1470//1470 1473//1473
f 1469//1469 1473//1473 1472//1472
f 1231//1231 1471//1471 1228//1228
f 1231//1231 1474//1474 1471//1471
f 1475//1475 1232//1232 1472//1472
f 1472//1472 1232//1232 1229//1229
f 1472//1472 1473//1473 1476//1476
f 1472//1472 1476//1476 1475//1475
f 1233//1233 1474//1474 1231//1231
f 1233//1233 1477//1477 1474//1474
f 1475//1475 1234//1234 1232//1232
f 1236//1236 1234//1234 1475//1475
f 1476//1476 1236//1236 1475//1475
f 1478//1478 1236//1236 1476//1476
f 1237//1237 1477//1477 1233//1233
f 1237//1237 1479//1479 1477//1477
f 1478//1478 1239//1239 1236//1236
f 1480//1480 1239//1239 1478//1478
f 1240//1240 1479//1479 1237//1237
f 1240//1240 1481//1481 1479//1479
f 1480//1480 1242//1242 1239//1239
f 1482//1482 1242//1242 1480//1480
f 1243//1243 1481//1481 1240//1240
f 1243//1243 1483//1483 1481//1481
f 1482//1482 1245//1245 1242//1242
f 1484//1484 1245//1245 1482//1482
f 1246//1246 1483//1483 1243//1243
f 1246//1246 1485//1485 1483//1483
f 1484//1484 1248//1248 1245//1245
f 1486//1486 1248//1248 1484//1484
f 1249//1249 1485//1485 1246//1246
f 1249//1249 1487//1487 1485//1485
f 1486//1486 1251//1251 1248//1248
f 1488//1488 1251//1251 1486//1486
f 1252//1252 1487//1487 1249//1249
f 1252//1252 1489//1489 1487//1487
f 1488//1488 1254//1254 1251//1251
f 1490//1490 1254//1254 1488//1488
f 1255//1255 1489//1489 1252//1252
f 1255//1255 1491//1491 1489//1489
f 1490//1490 1257//1257 1254//1254
f 1492//1492 1257//1257 1490//1490
f 1258//1258 1491//1491 1255//1255
f 1258//1258 1493//1493 1491//1491
f 1492//1492 1260//1260 1257//1257
f 1494//1494 1260//1260 1492//1492
f 1261//1261 1493//1493 1258//1258
f 1261//1261 1495//1495 1493//1493
f 1494//1494 1263//1263 1260//1260
f 1496//1496 1263//1263 1494//1494
f 1264//1264 1495//1495 1261//1261
f 1264//1264 1497//1497 1495//1495
f 1496//1496 1266//1266 1263//1263
f 1498//1498 1266//1266 1496//1496
f 1269//1269 1499//1499 1268//1268
f 1499//1499 1500//1500 1268//1268
f 1500//1500 1264//1264 1268//1268
f 1500//1500 1497//1497 1264//1264
f 1498//1498 1270//1270 1266//1266
f 1501//1501 1270//1270 1498//1498
f 1272//1272 1502//1502 1499//1499
f 1272//1272 1499//1499 1269//1269
f 1500//1500 1499//1499 1503//1503
f 1503//1503 1499//1499 1502//1502
f 1501//1501 1273//1273 1270//1270
f 1504//1504 1273//1273 1501//1501
f 1506//1506 1505//1505 1502//1502
f 1272//1272 1506//1506 1502//1502
f 1275//1275 1506//1506 1272//1272
f 1502//1502 1505//1505 1503//1503
f 1504//1504 1276//1276 1273//1273
f 1507//1507 1276//1276 1504//1504
f 1278//1278 1506//1506 1275//1275
f 1278//1278 1508//1508 1506//1506
f 1507//1507 1279//1279 1276//1276
f 1509//1509 1279//1279 1507//1507
f 1281//1281 1508//1508 1278//1278
f 1281//1281 1510//1510 1508//1508
f 1509//1509 1282//1282 1279//1279
f 1511//1511 1282//1282 1509//1509
f 1283//1283 1510//1510 1281//1281
f 1283//1283 1512//1512 1510//1510
f 1511//1511 1284//1284 1282//1282
f 1513//1513 1284//1284 1511//1511
f 1285//1285 1512//1512 1283//1283
f 1285//1285 1514//1514 1512//1512
f 1513//1513 1286//1286 1284//1284
f 1515//1515 1286//1286 1513//1513
f 1287//1287 1514//1514 1285//1285
f 1287//1287 1516//1516 1514//1514
f 1515//1515 1288//1288 1286//1286
f 1517//1517 1288//1288 1515//1515
f 1289//1289 1516//1516 1287//1287
f 1289//1289 1518//1518 1516//1516
f 1517//1517 1290//1290 1288//1288
f 1519//1519 1290//1290 1517//1517
f 1291//1291 1518//1518 1289//1289
f 1291//1291 1520//1520 1518//1518
f 1519//1519 1292//1292 1290//1290
f 1521//1521 1292//1292 1519//1519
f 1293//1293 1520//1520 1291//1291
f 1293//1293 1522//1522 1520//1520
f 1521//1521 1294//1294 1292//1292
f 1523//1523 1294//1294 1521//1521
f 1295//1295 1522//1522 1293//1293
f 1295//1295 1524//1524 1522//1522
f 1523//1523 1296//1296 1294//1294
f 1525//1525 1296//1296 1523//1523
f 1297//1297 1524//1524 1295//1295
f 1297//1297 1526//1526 1524//1524
f 1525//1525 1298//1298 1296//1296
f 1527//1527 1298//1298 1525//1525
f 1299//1299 1526//1526 1297//1297
f 1299//1299 1528//1528 1526//1526
f 1527//1527 1300//1300 1298//1298
f 1529//1529 1300//1300 1527//1527
f 1301//1301 1528//1528 1299//1299
f 1301//1301 1530//1530 1528//1528
f 1529//1529 1302//1302 1300//1300
f 1531//1531 1302//1302 1529//1529
f 1303//1303 1530//1530 1301//1301
f 1303//1303 1532//1532 1530//1530
f 1531//1531 1304//1304 1302//1302
f 1533//1533 1304//1304 1531//1531
f 1305//1305 1535//1535 1534//1534
f 1532//1532 1305//1305 1534//1534
f 1303//1303 1305//1305 1532//1532
f 1535//1535 1536//1536 1534//1534
f 1533//1533 1306//1306 1304//1304
f 1537//1537 1306//1306 1533//1533
f 1307//1307 1538//1538 1535//1535
f 1307//1307 1535//1535 1305//1305
f 1536//1536 1535//1535 1539//1539
f 1539//1539 1535//1535 1538//1538
f 1537//1537 1308//1308 1306//1306
f 1540//1540 1308//1308 1537//1537
f 1309//1309 1541//1541 1538//1538
f 1309//1309 1538//1538 1307//1307
f 1539//1539 1538//1538 1542//1542
f 1542//1542 1538//1538 1541//1541
f 1540//1540 1310//1310 1308//1308
f 1543//1543 1310//1310 1540//1540
f 1311//1311 1544//1544 1541//1541
f 1311//1311 1541//1541 1309//1309
f 1542//1542 1541//1541 1545//1545
f 1545//1545 1541//1541 1544//1544
f 1543//1543 1312//1312 1310//1310
f 1546//1546 1312//1312 1543//1543
f 1313//1313 1547//1547 1544//1544
f 1313//1313 1544//1544 1311//1311
f 1545//1545 1544//1544 1548//1548
f 1548//1548 1544//1544 1547//1547
f 1546//1546 1314//1314 1312//1312
f 1549//1549 1314//1314 1546//1546
f 1315//1315 1550//1550 1547//1547
f 1315//1315 1547//1547 1313//1313
f 1548//1548 1547//1547 1551//1551
f 1551//1551 1547//1547 1550//1550
f 1549//1549 1316//1316 1314//1314
f 1552//1552 1316//1316 1549//1549
f 1317//1317 1553//1553 1550//1550
f 1317//1317 1550//1550 1315//1315
f 1551//1551 1550//1550 1554//1554
f 1554//1554 1550//1550 1553//1553
f 1552//1552 1318//1318 1316//1316
f 1555//1555 1318//1318 1552//1552
f 1319//1319 1556//1556 1553//1553
f 1319//1319 1553//1553 1317//1317
f 1554//1554 1553//1553 1557//1557
f 1557//1557 1553//1553 1556//1556
f 1555//1555 1320//1320 1318//1318
f 1558//1558 1320//1320 1555//1555
f 1321//1321 1559//1559 1556//1556
f 1321//1321 1556//1556 1319//1319
f 1557//1557 1556//1556 1560//1560
f 1560//1560 1556//1556 1559//1559
f 1563//1563 1562//1562 1561//1561
f 1558//1558 1563//1563 1561//1561
f 1322//1322 1558//1558 1561//1561
f 1320//1320 1558//1558 1322//1322
f 1323//1323 1564//1564 1559//1559
f 1323//1323 1559//1559 1321//1321
f 1560//1560 1559//1559 1565//1565
f 1565//1565 1559//1559 1564//1564
f 1561//1561 1562//1562 1566//1566
f 1566//1566 1562//1562 1567//1567
f 1566//1566 1324//1324 1322//1322
f 1566//1566 1322//1322 1561//1561
f 1325//1325 1568//1568 1564//1564
f 1325//1325 1564//1564 1323//1323
f 1565//1565 1564//1564 1569//1569
f 1569//1569 1564//1564 1568//1568
f 1566//1566 1567//1567 1570//1570
f 1570//1570 1567//1567 1571//1571
f 1570//1570 1326//1326 1324//1324
f 1570//1570 1324//1324 1566//1566
f 1327//1327 1572//1572 1568//1568
f 1327//1327 1568//1568 1325//1325
f 1569//1569 1568//1568 1573//1573
f 1573//1573 1568//1568 1572//1572
f 1570//1570 1571//1571 1574//1574
f 1574//1574 1571//1571 1575//1575
f 1574//1574 1328//1328 1326//1326
f 1574//1574 1326//1326 1570//1570
f 1329//1329 1576//1576 1572//1572
f 1329//1329 1572//1572 1327//1327
f 1573//1573 1572//1572 1577//1577
f 1577//1577 1572//1572 1576//1576
f 1574//1574 1575//1575 1578//1578
f 1578//1578 1575//1575 1579//1579
f 1578//1578 1330//1330 1328//1328
f 1578//1578 1328//1328 1574//1574
f 1331//1331 1580//1580 1576//1576
f 1331//1331 1576//1576 1329//1329
f 1577//1577 1576//1576 1581//1581
f 1581//1581 1576//1576 1580//1580
f 1578//1578 1579//1579 1582//1582
f 1582//1582 1579//1579 1583//1583
f 1582//1582 1332//1332 1330//1330
f 1582//1582 1330//1330 1578//1578
f 1333//1333 1584//1584 1580//1580
f 1333//1333 1580//1580 1331//1331
f 1581//1581 1580//1580 1585//1585
f 1585//1585 1580//1580 1584//1584
f 1582//1582 1583//1583 1586//1586
f 1586//1586 1583//1583 1587//1587
f 1586//1586 1334//1334 1332//1332
f 1586//1586 1332//1332 1582//1582
f 1335//1335 1588//1588 1584//1584
f 1335//1335 1584//1584 1333//1333
f 1585//1585 1584//1584 1589//1589
f 1589//1589 1584//1584 1588//1588
f 1586//1586 1587//1587 1590//1590
f 1590//1590 1587//1587 1591//1591
f 1590//1590 1336//1336 1334//1334
f 1590//1590 1334//1334 1586//1586
f 1337//1337 1592//1592 1588//1588
f 1337//1337 1588//1588 1335//1335
f 1589//1589 1588//1588 1593//1593
f 1593//1593 1588//1588 1592//1592
f 1590//1590 1591//1591 1594//1594
f 1594//1594 1591//1591 1595//1595
f 1594//1594 1338//1338 1336//1336
f 1594//1594 1336//1336 1590//1590
f 1339//1339 1592//1592 1337//1337
f 1339//1339 1341//1341 1592//1592
f 1341//1341 1593//1593 1592//1592
f 1341//1341 1596//1596 1593//1593
f 1594//1594 1595//1595 1597//1597
f 1597//1597 1595//1595 1598//1598
f 1597//1597 1342//1342 1338//1338
f 1597//1597 1338//1338 1594//1594
f 1344//1344 1600//1600 1599//1599
f 1596//1596 1344//1344 1599//1599
f 1341//1341 1344//1344 1596//1596
f 1600//1600 1601//1601 1599//1599
f 1597//1597 1598//1598 1602//1602
f 1602//1602 1598//1598 1603//1603
f 1602//1602 1345//1345 1342//1342
f 1602//1602 1342//1342 1597//1597
f 1347//1347 1604//1604 1600//1600
f 1347//1347 1600//1600 1344//1344
f 1601//1601 1600//1600 1605//1605
f 1605//1605 1600//1600 1604//1604
f 1602//1602 1603//1603 1606//1606
f 1606//1606 1603//1603 1607//1607
f 1606//1606 1348//1348 1345//1345
f 1606//1606 1345//1345 1602//1602
f 1350//1350 1608//1608 1604//1604
f 1350//1350 1604//1604 1347//1347
f 1605//1605 1604//1604 1609//1609
f 1609//1609 1604//1604 1608//1608
f 1606//1606 1607//1607 1610//1610
f 1610//1610 1607//1607 1611//1611
f 1610//1610 1351//1351 1348//1348
f 1610//1610 1348//1348 1606//1606
f 1353//1353 1612//1612 1608//1608
f 1353//1353 1608//1608 1350//1350
f 1609//1609 1608//1608 1613//1613
f 1613//1613 1608//1608 1612//1612
f 1616//1616 1615//1615 1614//1614
f 1616//1616 1614//1614 1611//1611
f 1614//1614 1610//1610 1611//1611
f 1614//1614 1617//1617 1610//1610
f 1617//1617 1354//1354 1351//1351
f 1617//1617 1351//1351 1610//1610
f 1356//1356 1618//1618 1612//1612
f 1356//1356 1612//1612 1353//1353
f 1613//1613 1612//1612 1619//1619
f 1619//1619 1612//1612 1618//1618
f 1614//1614 1615//1615 1620//1620
f 1620//1620 1615//1615 1621//1621
f 1614//1614 1622//1622 1617//1617
f 1614//1614 1620//1620 1622//1622
f 1622//1622 1357//1357 1354//1354
f 1622//1622 1354//1354 1617//1617
f 1359//1359 1623//1623 1618//1618
f 1359//1359 1618//1618 1356//1356
f 1619//1619 1618//1618 1624//1624
f 1624//1624 1618//1618 1623//1623
f 1620//1620 1621//1621 1625//1625
f 1625//1625 1621//1621 1626//1626
f 1625//1625 1361//1361 1362//1362
f 1622//1622 1625//1625 1362//1362
f 1620//1620 1625//1625 1622//1622
f 1622//1622 1362//1362 1357//1357
f 1364//1364 1627//1627 1623//1623
f 1364//1364 1623//1623 1359//1359
f 1624//1624 1623//1623 1628//1628
f 1628//1628 1623//1623 1627//1627
f 1625//1625 1626//1626 1629//1629
f 1629//1629 1626//1626 1630//1630
f 1629//1629 1366//1366 1361//1361
f 1629//1629 1361//1361 1625//1625
f 1367//1367 1627//1627 1364//1364
f 1631//1631 1628//1628 1627//1627
f 1367//1367 1631//1631 1627//1627
f 1368//1368 1631//1631 1367//1367
f 1632//1632 1368//1368 1369//1369
f 1632//1632 1631//1631 1368//1368
f 1633//1633 1369//1369 1370//1370
f 1633//1633 1632//1632 1369//1369
f 1634//1634 1370//1370 1372//1372
f 1634//1634 1633//1633 1370//1370
f 1373//1373 1629//1629 1630//1630
f 1634//1634 1373//1373 1630//1630
f 1372//1372 1373//1373 1634//1634
f 1629//1629 1373//1373 1366//1366
f 1637//1637 1636//1636 1635//1635
f 1375//1375 1376//1376 1635//1635
f 1636//1636 1375//1375 1635//1635
f 1638//1638 1375//1375 1636//1636
f 1640//1640 1639//1639 1377//1377
f 1375//1375 1640//1640 1377//1377
f 1638//1638 1640//1640 1375//1375
f 1641//1641 1639//1639 1640//1640
f 1644//1644 1643//1643 1642//1642
f 1642//1642 1643//1643 1637//1637
f 1642//1642 1637//1637 1635//1635
f 1380//1380 1642//1642 1635//1635
f 1379//1379 1380//1380 1635//1635
f 1379//1379 1635//1635 1376//1376
f 1639//1639 1382//1382 1377//1377
f 1646//1646 1645//1645 1383//1383
f 1646//1646 1383//1383 1382//1382
f 1641//1641 1646//1646 1382//1382
f 1639//1639 1641//1641 1382//1382
f 1647//1647 1645//1645 1646//1646
f 1644//1644 1642//1642 1385//1385
f 1386//1386 1644//1644 1385//1385
f 1648//1648 1644//1644 1386//1386
f 1385//1385 1642//1642 1380//1380
f 1645//1645 1388//1388 1383//1383
f 1389//1389 1388//1388 1645//1645
f 1647//1647 1389//1389 1645//1645
f 1649//1649 1389//1389 1647//1647
f 1651//1651 1650//1650 1391//1391
f 1651//1651 1391//1391 1392//1392
f 1386//1386 1391//1391 1648//1648
f 1648//1648 1391//1391 1650//1650
f 1649//1649 1393//1393 1389//1389
f 1652//1652 1393//1393 1649//1649
f 1394//1394 1651//1651 1392//1392
f 1394//1394 1653//1653 1651//1651
f 1655//1655 1395//1395 1654//1654
f 1395//1395 1652//1652 1654//1654
f 1395//1395 1393//1393 1652//1652
f 1656//1656 1655//1655 1654//1654
f 1397//1397 1653//1653 1394//1394
f 1397//1397 1657//1657 1653//1653
f 1655//1655 1398//1398 1395//1395
f 1400//1400 1398//1398 1655//1655
f 1656//1656 1400//1400 1655//1655
f 1658//1658 1400//1400 1656//1656
f 1660//1660 1659//1659 1401//1401
f 1660//1660 1401//1401 1402//1402
f 1397//1397 1401//1401 1657//1657
f 1657//1657 1401//1401 1659//1659
f 1658//1658 1404//1404 1400//1400
f 1661//1661 1404//1404 1658//1658
f 1405//1405 1660//1660 1402//1402
f 1405//1405 1662//1662 1660//1660
f 1661//1661 1406//1406 1404//1404
f 1663//1663 1406//1406 1661//1661
f 1408//1408 1662//1662 1405//1405
f 1408//1408 1664//1664 1662//1662
f 1663//1663 1665//1665 1406//1406
f 1406//1406 1665//1665 1409//1409
f 1411//1411 1409//1409 1665//1665
f 1411//1411 1665//1665 1666//1666
f 1413//1413 1664//1664 1408//1408
f 1413//1413 1667//1667 1664//1664
f 1666//1666 1415//1415 1411//1411
f 1668//1668 1415//1415 1666//1666
f 1416//1416 1667//1667 1413//1413
f 1416//1416 1669//1669 1667//1667
f 1668//1668 1418//1418 1415//1415
f 1670//1670 1418//1418 1668//1668
f 1419//1419 1669//1669 1416//1416
f 1419//1419 1671//1671 1669//1669
f 1670//1670 1421//1421 1418//1418
f 1672//1672 1421//1421 1670//1670
f 1422//1422 1671//1671 1419//1419
f 1422//1422 1673//1673 1671//1671
f 1672//1672 1424//1424 1421//1421
f 1674//1674 1424//1424 1672//1672
f 1675//1675 1673//1673 1422//1422
f 1675//1675 1422//1422 1425//1425
f 1425//1425 1427//1427 1675//1675
f 1675//1675 1427//1427 1676//1676
f 1674//1674 1429//1429 1424//1424
f 1677//1677 1429//1429 1674//1674
f 1430//1430 1676//1676 1427//1427
f 1430//1430 1678//1678 1676//1676
f 1677//1677 1432//1432 1429//1429
f 1679//1679 1432//1432 1677//1677
f 1434//1434 1678//1678 1430//1430
f 1434//1434 1680//1680 1678//1678
f 1679//1679 1436//1436 1432//1432
f 1681//1681 1436//1436 1679//1679
f 1434//1434 1437//1437 1682//1682
f 1683//1683 1434//1434 1682//1682
f 1680//1680 1434//1434 1683//1683
f 1438//1438 1682//1682 1437//1437
f 1681//1681 1440//1440 1436//1436
f 1684//1684 1440//1440 1681//1681
f 1683//1683 1682//1682 1685//1685
f 1683//1683 1685//1685 1686//1686
f 1441//1441 1685//1685 1438//1438
f 1438//1438 1685//1685 1682//1682
f 1684//1684 1443//1443 1440//1440
f 1687//1687 1443//1443 1684//1684
f 1688//1688 1686//1686 1685//1685
f 1685//1685 1441//1441 1688//1688
f 1441//1441 1689//1689 1688//1688
f 1441//1441 1444//1444 1689//1689
f 1687//1687 1446//1446 1443//1443
f 1690//1690 1446//1446 1687//1687
f 1447//1447 1689//1689 1444//1444
f 1447//1447 1691//1691 1689//1689
f 1690//1690 1449//1449 1446//1446
f 1692//1692 1449//1449 1690//1690
f 1450//1450 1691//1691 1447//1447
f 1450//1450 1693//1693 1691//1691
f 1692//1692 1452//1452 1449//1449
f 1694//1694 1452//1452 1692//1692
f 1453//1453 1693//1693 1450//1450
f 1453//1453 1695//1695 1693//1693
f 1694//1694 1455//1455 1452//1452
f 1696//1696 1455//1455 1694//1694
f 1456//1456 1695//1695 1453//1453
f 1456//1456 1697//1697 1695//1695
f 1696//1696 1458//1458 1455//1455
f 1698//1698 1458//1458 1696//1696
f 1459//1459 1697//1697 1456//1456
f 1459//1459 1699//1699 1697//1697
f 1698//1698 1461//1461 1458//1458
f 1700//1700 1461//1461 1698//1698
f 1462//1462 1699//1699 1459//1459
f 1462//1462 1701//1701 1699//1699
f 1700//1700 1464//1464 1461//1461
f 1702//1702 1464//1464 1700//1700
f 1465//1465 1701//1701 1462//1462
f 1465//1465 1703//1703 1701//1701
f 1702//1702 1467//1467 1464//1464
f 1704//1704 1467//1467 1702//1702
f 1468//1468 1703//1703 1465//1465
f 1468//1468 1705//1705 1703//1703
f 1704//1704 1470//1470 1467//1467
f 1706//1706 1470//1470 1704//1704
f 1471//1471 1705//1705 1468//1468
f 1471//1471 1707//1707 1705//1705
f 1706//1706 1473//1473 1470//1470
f 1708//1708 1473//1473 1706//1706
f 1474//1474 1707//1707 1471//1471
f 1474//1474 1709//1709 1707//1707
f 1708//1708 1476//1476 1473//1473
f 1710//1710 1476//1476 1708//1708
f 1477//1477 1709//1709 1474//1474
f 1477//1477 1711//1711 1709//1709
f 1710//1710 1478//1478 1476//1476
f 1712//1712 1478//1478 1710//1710
f 1479//1479 1711//1711 1477//1477
f 1479//1479 1713//1713 1711//1711
f 1712//1712 1480//1480 1478//1478
f 1714//1714 1480//1480 1712//1712
f 1481//1481 1713//1713 1479//1479
f 1481//1481 1715//1715 1713//1713
f 1714//1714 1482//1482 1480//1480
f 1716//1716 1482//1482 1714//1714
f 1483//1483 1715//1715 1481//1481
f 1483//1483 1717//1717 1715//1715
f 1716//1716 1484//1484 1482//1482
f 1718//1718 1484//1484 1716//1716
f 1485//1485 1717//1717 1483//1483
f 1485//1485 1719//1719 1717//1717
f 1718//1718 1486//1486 1484//1484
f 1720//1720 1486//1486 1718//1718
f 1487//1487 1719//1719 1485//1485
f 1487//1487 1721//1721 1719//1719
f 1720//1720 1488//1488 1486//1486
f 1722//1722 1488//1488 1720//1720
f 1489//1489 1721//1721 1487//1487
f 1489//1489 1723//1723 1721//1721
f 1722//1722 1490//1490 1488//1488
f 1724//1724 1490//1490 1722//1722
f 1491//1491 1723//1723 1489//1489
f 1491//1491 1725//1725 1723//1723
f 1724//1724 1492//1492 1490//1490
f 1726//1726 1492//1492 1724//1724
f 1493//1493 1725//1725 1491//1491
f 1493//1493 1727//1727 1725//1725
f 1730//1730 1729//1729 1728//1728
f 1726//1726 1730//1730 1728//1728
f 1494//1494 1726//1726 1728//1728
f 1492//1492 1726//1726 1494//1494
f 1495//1495 1727//1727 1493//1493
f 1495//1495 1731//1731 1727//1727
f 1728//1728 1729//1729 1732//1732
f 1732//1732 1729//1729 1733//1733
f 1732//1732 1496//1496 1494//1494
f 1732//1732 1494//1494 1728//1728
f 1497//1497 1731//1731 1495//1495
f 1497//1497 1734//1734 1731//1731
f 1732//1732 1733//1733 1735//1735
f 1735//1735 1733//1733 1736//1736
f 1735//1735 1498//1498 1496//1496
f 1735//1735 1496//1496 1732//1732
f 1500//1500 1734//1734 1497//1497
f 1500//1500 1737//1737 1734//1734
f 1735//1735 1736//1736 1738//1738
f 1738//1738 1736//1736 1739//1739
f 1738//1738 1501//1501 1498//1498
f 1738//1738 1498//1498 1735//1735
f 1503//1503 1737//1737 1500//1500
f 1503//1503 1740//1740 1737//1737
f 1738//1738 1739//1739 1741//1741
f 1741//1741 1739//1739 1742//1742
f 1741//1741 1504//1504 1501//1501
f 1741//1741 1501//1501 1738//1738
f 1506//1506 1743//1743 1505//1505
f 1743//1743 1744//1744 1505//1505
f 1744//1744 1503//1503 1505//1505
f 1744//1744 1740//1740 1503//1503
f 1741//1741 1742//1742 1745//1745
f 1745//1745 1742//1742 1746//1746
f 1745//1745 1507//1507 1504//1504
f 1745//1745 1504//1504 1741//1741
f 1508//1508 1747//1747 1743//1743
f 1508//1508 1743//1743 1506//1506
f 1744//1744 1743//1743 1748//1748
f 1748//1748 1743//1743 1747//1747
f 1745//1745 1746//1746 1749//1749
f 1749//1749 1746//1746 1750//1750
f 1749//1749 1509//1509 1507//1507
f 1749//1749 1507//1507 1745//1745
f 1510//1510 1751//1751 1747//1747
f 1510//1510 1747//1747 1508//1508
f 1748//1748 1747//1747 1752//1752
f 1752//1752 1747//1747 1751//1751
f 1749//1749 1750//1750 1753//1753
f 1753//1753 1750//1750 1754//1754
f 1753//1753 1511//1511 1509//1509
f 1753//1753 1509//1509 1749//1749
f 1512//1512 1755//1755 1751//1751
f 1512//1512 1751//1751 1510//1510
f 1752//1752 1751//1751 1756//1756
f 1756//1756 1751//1751 1755//1755
f 1753//1753 1754//1754 1757//1757
f 1757//1757 1754//1754 1758//1758
f 1757//1757 1513//1513 1511//1511
f 1757//1757 1511//1511 1753//1753
f 1514//1514 1759//1759 1755//1755
f 1514//1514 1755//1755 1512//1512
f 1756//1756 1755//1755 1760//1760
f 1760//1760 1755//1755 1759//1759
f 1757//1757 1758//1758 1761//1761
f 1761//1761 1758//1758 1762//1762
f 1761//1761 1515//1515 1513//1513
f 1761//1761 1513//1513 1757//1757
f 1516//1516 1763//1763 1759//1759
f 1516//1516 1759//1759 1514//1514
f 1760//1760 1759//1759 1764//1764
f 1764//1764 1759//1759 1763//1763
f 1761//1761 1762//1762 1765//1765
f 1765//1765 1762//1762 1766//1766
f 1765//1765 1517//1517 1515//1515
f 1765//1765 1515//1515 1761//1761
f 1518//1518 1767//1767 1763//1763
f 1518//1518 1763//1763 1516//1516
f 1764//1764 1763//1763 1768//1768
f 1768//1768 1763//1763 1767//1767
f 1765//1765 1766//1766 1769//1769
f 1769//1769 1766//1766 1770//1770
f 1769//1769 1519//1519 1517//1517
f 1769//1769 1517//1517 1765//1765
f 1520//1520 1771//1771 1767//1767
f 1520//1520 1767//1767 1518//1518
f 1768//1768 1767//1767 1772//1772
f 1772//1772 1767//1767 1771//1771
f 1769//1769 1770//1770 1773//1773
f 1773//1773 1770//1770 1774//1774
f 1773//1773 1521//1521 1519//1519
f 1773//1773 1519//1519 1769//1769
f 1522//1522 1775//1775 1771//1771
f 1522//1522 1771//1771 1520//1520
f 1772//1772 1771//1771 1776//1776
f 1776//1776 1771//1771 1775//1775
f 1773//1773 1774//1774 1777//1777
f 1777//1777 1774//1774 1778//1778
f 1777//1777 1523//1523 1521//1521
f 1777//1777 1521//1521 1773//1773
f 1524//1524 1779//1779 1775//1775
f 1524//1524 1775//1775 1522//1522
f 1776//1776 1775//1775 1780//1780
f 1780//1780 1775//1775 1779//1779
f 1777//1777 1778//1778 1781//1781
f 1781//1781 1778//1778 1782//1782
f 1781//1781 1525//1525 1523//1523
f 1781//1781 1523//1523 1777//1777
f 1526//1526 1783//1783 1779//1779
f 1526//1526 1779//1779 1524//1524
f 1780//1780 1779//1779 1784//1784
f 1784//1784 1779//1779 1783//1783
f 1781//1781 1782//1782 1785//1785
f 1785//1785 1782//1782 1786//1786
f 1785//1785 1527//1527 1525//1525
f 1785//1785 1525//1525 1781//1781
f 1528//1528 1787//1787 1783//1783
f 1528//1528 1783//1783 1526//1526
f 1784//1784 1783//1783 1788//1788
f 1788//1788 1783//1783 1787//1787
f 1785//1785 1786//1786 1789//1789
f 1789//1789 1786//1786 1790//1790
f 1789//1789 1529//1529 1527//1527
f 1789//1789 1527//1527 1785//1785
f 1530//1530 1791//1791 1787//1787
f 1530//1530 1787//1787 1528//1528
f 1788//1788 1787//1787 1792//1792
f 1792//1792 1787//1787 1791//1791
f 1789//1789 1790//1790 1793//1793
f 1793//1793 1790//1790 1794//1794
f 1793//1793 1531//1531 1529//1529
f 1793//1793 1529//1529 1789//1789
f 1532//1532 1795//1795 1791//1791
f 1532//1532 1791//1791 1530//1530
f 1792//1792 1791//1791 1796//1796
f 1796//1796 1791//1791 1795//1795
f 1793//1793 1794//1794 1797//1797
f 1797//1797 1794//1794 1798//1798
f 1797//1797 1533//1533 1531//1531
f 1797//1797 1531//1531 1793//1793
f 1534//1534 1795//1795 1532//1532
f 1534//1534 1536//1536 1795//1795
f 1536//1536 1796//1796 1795//1795
f 1536//1536 1799//1799 1796//1796
f 1797//1797 1798//1798 1800//1800
f 1800//1800 1798//1798 1801//1801
f 1800//1800 1537//1537 1533//1533
f 1800//1800 1533//1533 1797//1797
f 1539//1539 1799//1799 1536//1536
f 1539//1539 1802//1802 1799//1799
f 1800//1800 1801//1801 1803//1803
f 1803//1803 1801//1801 1804//1804
f 1803//1803 1540//1540 1537//1537
f 1803//1803 1537//1537 1800//1800
f 1542//1542 1802//1802 1539//1539
f 1542//1542 1805//1805 1802//1802
f 1803//1803 1804//1804 1806//1806
f 1806//1806 1804//1804 1807//1807
f 1806//1806 1543//1543 1540//1540
f 1806//1806 1540//1540 1803//1803
f 1545//1545 1809//1809 1808//1808
f 1805//1805 1545//1545 1808//1808
f 1542//1542 1545//1545 1805//1805
f 1809//1809 1810//1810 1808//1808
f 1806//1806 1807//1807 1811//1811
f 1811//1811 1807//1807 1812//1812
f 1811//1811 1546//1546 1543//1543
f 1811//1811 1543//1543 1806//1806
f 1548//1548 1813//1813 1809//1809
f 1548//1548 1809//1809 1545//1545
f 1810//1810 1809//1809 1814//1814
f 1814//1814 1809//1809 1813//1813
f 1811//1811 1812//1812 1815//1815
f 1815//1815 1812//1812 1816//1816
f 1815//1815 1549//1549 1546//1546
f 1815//1815 1546//1546 1811//1811
f 1551//1551 1817//1817 1813//1813
f 1551//1551 1813//1813 1548//1548
f 1814//1814 1813//1813 1818//1818
f 1818//1818 1813//1813 1817//1817
f 1815//1815 1816//1816 1819//1819
f 1819//1819 1816//1816 1820//1820
f 1819//1819 1552//1552 1549//1549
f 1819//1819 1549//1549 1815//1815
f 1554//1554 1821//1821 1817//1817
f 1554//1554 1817//1817 1551//1551
f 1818//1818 1817//1817 1822//1822
f 1822//1822 1817//1817 1821//1821
f 1825//1825 1824//1824 1823//1823
f 1825//1825 1823//1823 1820//1820
f 1823//1823 1819//1819 1820//1820
f 1823//1823 1826//1826 1819//1819
f 1826//1826 1555//1555 1552//1552
f 1826//1826 1552//1552 1819//1819
f 1557//1557 1827//1827 1821//1821
f 1557//1557 1821//1821 1554//1554
f 1822//1822 1821//1821 1828//1828
f 1828//1828 1821//1821 1827//1827
f 1823//1823 1824//1824 1829//1829
f 1829//1829 1824//1824 1830//1830
f 1823//1823 1831//1831 1826//1826
f 1823//1823 1829//1829 1831//1831
f 1831//1831 1558//1558 1555//1555
f 1831//1831 1555//1555 1826//1826
f 1560//1560 1832//1832 1827//1827
f 1560//1560 1827//1827 1557//1557
f 1828//1828 1827//1827 1833//1833
f 1833//1833 1827//1827 1832//1832
f 1829//1829 1830//1830 1834//1834
f 1834//1834 1830//1830 1835//1835
f 1834//1834 1562//1562 1563//1563
f 1831//1831 1834//1834 1563//1563
f 1829//1829 1834//1834 1831//1831
f 1831//1831 1563//1563 1558//1558
f 1565//1565 1836//1836 1832//1832
f 1565//1565 1832//1832 1560//1560
f 1833//1833 1832//1832 1837//1837
f 1837//1837 1832//1832 1836//1836
f 1834//1834 1835//1835 1838//1838
f 1838//1838 1835//1835 1839//1839
f 1838//1838 1567//1567 1562//1562
f 1838//1838 1562//1562 1834//1834
f 1569//1569 1840//1840 1836//1836
f 1569//1569 1836//1836 1565//1565
f 1837//1837 1836//1836 1841//1841
f 1841//1841 1836//1836 1840//1840
f 1838//1838 1839//1839 1842//1842
f 1842//1842 1839//1839 1843//1843
f 1842//1842 1571//1571 1567//1567
f 1842//1842 1567//1567 1838//1838
f 1573//1573 1844//1844 1840//1840
f 1573//1573 1840//1840 1569//1569
f 1841//1841 1840//1840 1845//1845
f 1840//1840 1846//1846 1845//1845
f 1840//1840 1844//1844 1846//1846
f 1846//1846 1847//1847 1845//1845
f 1842//1842 1843//1843 1848//1848
f 1848//1848 1843//1843 1849//1849
f 1848//1848 1575//1575 1571//1571
f 1848//1848 1571//1571 1842//1842
f 1577//1577 1850//1850 1844//1844
f 1577//1577 1844//1844 1573//1573
f 1844//1844 1851//1851 1846//1846
f 1844//1844 1850//1850 1851//1851
f 1847//1847 1846//1846 1852//1852
f 1852//1852 1846//1846 1851//1851
f 1848//1848 1849//1849 1853//1853
f 1853//1853 1849//1849 1854//1854
f 1853//1853 1579//1579 1575//1575
f 1853//1853 1575//1575 1848//1848
f 1581//1581 1855//1855 1850//1850
f 1581//1581 1850//1850 1577//1577
f 1850//1850 1856//1856 1851//1851
f 1850//1850 1855//1855 1856//1856
f 1852//1852 1851//1851 1857//1857
f 1857//1857 1851//1851 1856//1856
f 1860//1860 1859//1859 1858//1858
f 1860//1860 1858//1858 1854//1854
f 1858//1858 1853//1853 1854//1854
f 1858//1858 1861//1861 1853//1853
f 1861//1861 1583//1583 1579//1579
f 1861//1861 1579//1579 1853//1853
f 1585//1585 1862//1862 1855//1855
f 1585//1585 1855//1855 1581//1581
f 1855//1855 1863//1863 1856//1856
f 1855//1855 1862//1862 1863//1863
f 1857//1857 1856//1856 1864//1864
f 1864//1864 1856//1856 1863//1863
f 1858//1858 1859//1859 1865//1865
f 1865//1865 1859//1859 1866//1866
f 1858//1858 1867//1867 1861//1861
f 1858//1858 1865//1865 1867//1867
f 1867//1867 1587//1587 1583//1583
f 1867//1867 1583//1583 1861//1861
f 1589//1589 1868//1868 1862//1862
f 1589//1589 1862//1862 1585//1585
f 1862//1862 1869//1869 1863//1863
f 1862//1862 1868//1868 1869//1869
f 1864//1864 1863//1863 1870//1870
f 1863//1863 1871//1871 1870//1870
f 1863//1863 1869//1869 1871//1871
f 1871//1871 1872//1872 1870//1870
f 1865//1865 1866//1866 1873//1873
f 1873//1873 1866//1866 1874//1874
f 1865//1865 1875//1875 1867//1867
f 1865//1865 1873//1873 1875//1875
f 1875//1875 1591//1591 1587//1587
f 1875//1875 1587//1587 1867//1867
f 1593//1593 1876//1876 1868//1868
f 1593//1593 1868//1868 1589//1589
f 1868//1868 1877//1877 1869//1869
f 1868//1868 1876//1876 1877//1877
f 1869//1869 1878//1878 1871//1871
f 1869//1869 1877//1877 1878//1878
f 1872//1872 1871//1871 1879//1879
f 1871//1871 1880//1880 1879//1879
f 1871//1871 1878//1878 1880//1880
f 1879//1879 1880//1880 1874//1874
f 1880//1880 1873//1873 1874//1874
f 1880//1880 1881//1881 1873//1873
f 1873//1873 1882//1882 1875//1875
f 1873//1873 1881//1881 1882//1882
f 1882//1882 1595//1595 1591//1591
f 1882//1882 1591//1591 1875//1875
f 1596//1596 1883//1883 1876//1876
f 1596//1596 1876//1876 1593//1593
f 1876//1876 1884//1884 1877//1877
f 1876//1876 1883//1883 1884//1884
f 1877//1877 1885//1885 1878//1878
f 1877//1877 1884//1884 1885//1885
f 1878//1878 1886//1886 1880//1880
f 1878//1878 1885//1885 1886//1886
f 1880//1880 1887//1887 1881//1881
f 1880//1880 1886//1886 1887//1887
f 1881//1881 1888//1888 1882//1882
f 1881//1881 1887//1887 1888//1888
f 1888//1888 1598//1598 1595//1595
f 1888//1888 1595//1595 1882//1882
f 1599//1599 1883//1883 1596//1596
f 1883//1883 1599//1599 1601//1601
f 1889//1889 1883//1883 1601//1601
f 1884//1884 1883//1883 1889//1889
f 1884//1884 1890//1890 1885//1885
f 1884//1884 1889//1889 1890//1890
f 1885//1885 1891//1891 1886//1886
f 1885//1885 1890//1890 1891//1891
f 1886//1886 1892//1892 1887//1887
f 1886//1886 1891//1891 1892//1892
f 1887//1887 1893//1893 1888//1888
f 1887//1887 1892//1892 1893//1893
f 1893//1893 1603//1603 1598//1598
f 1893//1893 1598//1598 1888//1888
f 1605//1605 1894//1894 1889//1889
f 1605//1605 1889//1889 1601//1601
f 1889//1889 1895//1895 1890//1890
f 1889//1889 1894//1894 1895//1895
f 1890//1890 1896//1896 1891//1891
f 1890//1890 1895//1895 1896//1896
f 1891//1891 1897//1897 1892//1892
f 1891//1891 1896//1896 1897//1897
f 1892//1892 1898//1898 1893//1893
f 1892//1892 1897//1897 1898//1898
f 1898//1898 1607//1607 1603//1603
f 1898//1898 1603//1603 1893//1893
f 1609//1609 1899//1899 1894//1894
f 1609//1609 1894//1894 1605//1605
f 1894//1894 1900//1900 1895//1895
f 1894//1894 1899//1899 1900//1900
f 1895//1895 1901//1901 1896//1896
f 1895//1895 1900//1900 1901//1901
f 1896//1896 1902//1902 1897//1897
f 1896//1896 1901//1901 1902//1902
f 1897//1897 1903//1903 1898//1898
f 1897//1897 1902//1902 1903//1903
f 1903//1903 1611//1611 1607//1607
f 1903//1903 1607//1607 1898//1898
f 1613//1613 1904//1904 1899//1899
f 1613//1613 1899//1899 1609//1609
f 1899//1899 1905//1905 1900//1900
f 1899//1899 1904//1904 1905//1905
f 1900//1900 1906//1906 1901//1901
f 1900//1900 1905//1905 1906//1906
f 1901//1901 1907//1907 1902//1902
f 1901//1901 1906//1906 1907//1907
f 1907//1907 1615//1615 1616//1616
f 1903//1903 1907//1907 1616//1616
f 1902//1902 1907//1907 1903//1903
f 1903//1903 1616//1616 1611//1611
f 1619//1619 1908//1908 1904//1904
f 1619//1619 1904//1904 1613//1613
f 1904//1904 1909//1909 1905//1905
f 1904//1904 1908//1908 1909//1909
f 1905//1905 1910//1910 1906//1906
f 1905//1905 1909//1909 1910//1910
f 1906//1906 1911//1911 1907//1907
f 1906//1906 1910//1910 1911//1911
f 1911//1911 1621//1621 1615//1615
f 1911//1911 1615//1615 1907//1907
f 1624//1624 1912//1912 1908//1908
f 1624//1624 1908//1908 1619//1619
f 1908//1908 1913//1913 1909//1909
f 1908//1908 1912//1912 1913//1913
f 1909//1909 1914//1914 1910//1910
f 1909//1909 1913//1913 1914//1914
f 1910//1910 1915//1915 1911//1911
f 1910//1910 1914//1914 1915//1915
f 1915//1915 1626//1626 1621//1621
f 1915//1915 1621//1621 1911//1911
f 1628//1628 1916//1916 1912//1912
f 1628//1628 1912//1912 1624//1624
f 1912//1912 1917//1917 1913//1913
f 1912//1912 1916//1916 1917//1917
f 1913//1913 1918//1918 1914//1914
f 1913//1913 1917//1917 1918//1918
f 1914//1914 1919//1919 1915//1915
f 1914//1914 1918//1918 1919//1919
f 1919//1919 1630//1630 1626//1626
f 1919//1919 1626//1626 1915//1915
f 1631//1631 1916//1916 1628//1628
f 1916//1916 1631//1631 1632//1632
f 1916//1916 1632//1632 1917//1917
f 1917//1917 1632//1632 1633//1633
f 1917//1917 1633//1633 1918//1918
f 1918//1918 1633//1633 1634//1634
f 1918//1918 1634//1634 1919//1919
f 1919//1919 1634//1634 1630//1630
f 1921//1921 1920//1920 1636//1636
f 1921//1921 1636//1636 1637//1637
f 1636//1636 1922//1922 1638//1638
f 1920//1920 1922//1922 1636//1636
f 1638//1638 1923//1923 1640//1640
f 1922//1922 1923//1923 1638//1638
f 1641//1641 1640//1640 1923//1923
f 1641//1641 1923//1923 1924//1924
f 1926//1926 1925//1925 1643//1643
f 1926//1926 1643//1643 1644//1644
f 1637//1637 1643//1643 1921//1921
f 1921//1921 1643//1643 1925//1925
f 1924//1924 1927//1927 1641//1641
f 1641//1641 1927//1927 1646//1646
f 1647//1647 1646//1646 1927//1927
f 1647//1647 1927//1927 1928//1928
f 1648//1648 1926//1926 1644//1644
f 1648//1648 1929//1929 1926//1926
f 1928//1928 1649//1649 1647//1647
f 1930//1930 1649//1649 1928//1928
f 1932//1932 1931//1931 1650//1650
f 1932//1932 1650//1650 1651//1651
f 1648//1648 1650//1650 1929//1929
f 1929//1929 1650//1650 1931//1931
f 1930//1930 1652//1652 1649//1649
f 1933//1933 1652//1652 1930//1930
f 1653//1653 1932//1932 1651//1651
f 1653//1653 1934//1934 1932//1932
f 1933//1933 1935//1935 1652//1652
f 1652//1652 1935//1935 1654//1654
f 1656//1656 1654//1654 1935//1935
f 1656//1656 1935//1935 1936//1936
f 1657//1657 1934//1934 1653//1653
f 1657//1657 1937//1937 1934//1934
f 1936//1936 1658//1658 1656//1656
f 1938//1938 1658//1658 1936//1936
f 1660//1660 1939//1939 1659//1659
f 1939//1939 1940//1940 1659//1659
f 1940//1940 1657//1657 1659//1659
f 1940//1940 1937//1937 1657//1657
f 1938//1938 1661//1661 1658//1658
f 1941//1941 1661//1661 1938//1938
f 1943//1943 1942//1942 1939//1939
f 1660//1660 1943//1943 1939//1939
f 1662//1662 1943//1943 1660//1660
f 1939//1939 1942//1942 1940//1940
f 1941//1941 1663//1663 1661//1661
f 1944//1944 1663//1663 1941//1941
f 1664//1664 1943//1943 1662//1662
f 1664//1664 1945//1945 1943//1943
f 1944//1944 1946//1946 1663//1663
f 1663//1663 1946//1946 1665//1665
f 1666//1666 1665//1665 1946//1946
f 1666//1666 1946//1946 1947//1947
f 1667//1667 1945//1945 1664//1664
f 1667//1667 1948//1948 1945//1945
f 1947//1947 1668//1668 1666//1666
f 1949//1949 1668//1668 1947//1947
f 1669//1669 1948//1948 1667//1667
f 1669//1669 1950//1950 1948//1948
f 1949//1949 1670//1670 1668//1668
f 1951//1951 1670//1670 1949//1949
f 1671//1671 1950//1950 1669//1669
f 1671//1671 1952//1952 1950//1950
f 1951//1951 1672//1672 1670//1670
f 1953//1953 1672//1672 1951//1951
f 1673//1673 1955//1955 1954//1954
f 1952//1952 1673//1673 1954//1954
f 1671//1671 1673//1673 1952//1952
f 1955//1955 1956//1956 1954//1954
f 1953//1953 1674//1674 1672//1672
f 1957//1957 1674//1674 1953//1953
f 1675//1675 1955//1955 1673//1673
f 1675//1675 1676//1676 1955//1955
f 1676//1676 1956//1956 1955//1955
f 1676//1676 1958//1958 1956//1956
f 1957//1957 1677//1677 1674//1674
f 1959//1959 1677//1677 1957//1957
f 1678//1678 1958//1958 1676//1676
f 1678//1678 1960//1960 1958//1958
f 1959//1959 1679//1679 1677//1677
f 1961//1961 1679//1679 1959//1959
f 1680//1680 1960//1960 1678//1678
f 1680//1680 1962//1962 1960//1960
f 1961//1961 1681//1681 1679//1679
f 1963//1963 1681//1681 1961//1961
f 1683//1683 1962//1962 1680//1680
f 1683//1683 1964//1964 1962//1962
f 1963//1963 1684//1684 1681//1681
f 1965//1965 1684//1684 1963//1963
f 1686//1686 1967//1967 1966//1966
f 1964//1964 1686//1686 1966//1966
f 1683//1683 1686//1686 1964//1964
f 1967//1967 1968//1968 1966//1966
f 1965//1965 1687//1687 1684//1684
f 1969//1969 1687//1687 1965//1965
f 1688//1688 1967//1967 1686//1686
f 1688//1688 1689//1689 1967//1967
f 1689//1689 1968//1968 1967//1967
f 1689//1689 1970//1970 1968//1968
f 1969//1969 1690//1690 1687//1687
f 1971//1971 1690//1690 1969//1969
f 1691//1691 1970//1970 1689//1689
f 1691//1691 1972//1972 1970//1970
f 1971//1971 1692//1692 1690//1690
f 1973//1973 1692//1692 1971//1971
f 1693//1693 1972//1972 1691//1691
f 1693//1693 1974//1974 1972//1972
f 1973//1973 1694//1694 1692//1692
f 1975//1975 1694//1694 1973//1973
f 1695//1695 1974//1974 1693//1693
f 1695//1695 1976//1976 1974//1974
f 1975//1975 1696//1696 1694//1694
f 1977//1977 1696//1696 1975//1975
f 1697//1697 1976//1976 1695//1695
f 1697//1697 1978//1978 1976//1976
f 1977//1977 1698//1698 1696//1696
f 1979//1979 1698//1698 1977//1977
f 1699//1699 1978//1978 1697//1697
f 1699//1699 1980//1980 1978//1978
f 1979//1979 1700//1700 1698//1698
f 1981//1981 1700//1700 1979//1979
f 1701//1701 1980//1980 1699//1699
f 1701//1701 1982//1982 1980//1980
f 1985//1985 1984//1984 1983//1983
f 1981//1981 1985//1985 1983//1983
f 1702//1702 1981//1981 1983//1983
f 1700//1700 1981//1981 1702//1702
f 1703//1703 1982//1982 1701//1701
f 1703//1703 1986//1986 1982//1982
f 1983//1983 1984//1984 1987//1987
f 1987//1987 1984//1984 1988//1988
f 1987//1987 1704//1704 1702//1702
f 1987//1987 1702//1702 1983//1983
f 1705//1705 1986//1986 1703//1703
f 1705//1705 1989//1989 1986//1986
f 1987//1987 1988//1988 1990//1990
f 1990//1990 1988//1988 1991//1991
f 1990//1990 1706//1706 1704//1704
f 1990//1990 1704//1704 1987//1987
f 1707//1707 1989//1989 1705//1705
f 1707//1707 1992//1992 1989//1989
f 1990//1990 1991//1991 1993//1993
f 1993//1993 1991//1991 1994//1994
f 1993//1993 1708//1708 1706//1706
f 1993//1993 1706//1706 1990//1990
f 1709//1709 1992//1992 1707//1707
f 1709//1709 1995//1995 1992//1992
f 1993//1993 1994//1994 1996//1996
f 1996//1996 1994//1994 1997//1997
f 1996//1996 1710//1710 1708//1708
f 1996//1996 1708//1708 1993//1993
f 1711//1711 1995//1995 1709//1709
f 1711//1711 1998//1998 1995//1995
f 1996//1996 1997//1997 1999//1999
f 1999//1999 1997//1997 2000//2000
f 1999//1999 1712//1712 1710//1710
f 1999//1999 1710//1710 1996//1996
f 1713//1713 1998//1998 1711//1711
f 1713//1713 2001//2001 1998//1998
f 1999//1999 2000//2000 2002//2002
f 2002//2002 2000//2000 2003//2003
f 2002//2002 1714//1714 1712//1712
f 2002//2002 1712//1712 1999//1999
f 1715//1715 2001//2001 1713//1713
f 1715//1715 2004//2004 2001//2001
f 2002//2002 2003//2003 2005//2005
f 2005//2005 2003//2003 2006//2006
f 2005//2005 1716//1716 1714//1714
f 2005//2005 1714//1714 2002//2002
f 1717//1717 2004//2004 1715//1715
f 1717//1717 2007//2007 2004//2004
f 2005//2005 2006//2006 2008//2008
f 2008//2008 2006//2006 2009//2009
f 2008//2008 1718//1718 1716//1716
f 2008//2008 1716//1716 2005//2005
f 1719//1719 2007//2007 1717//1717
f 1719//1719 2010//2010 2007//2007
f 2008//2008 2009//2009 2011//2011
f 2011//2011 2009//2009 2012//2012
f 2011//2011 1720//1720 1718//1718
f 2011//2011 1718//1718 2008//2008
f 1721//1721 2010//2010 1719//1719
f 1721//1721 2013//2013 2010//2010
f 2011//2011 2012//2012 2014//2014
f 2014//2014 2012//2012 2015//2015
f 2014//2014 1722//1722 1720//1720
f 2014//2014 1720//1720 2011//2011
f 1723//1723 2013//2013 1721//1721
f 1723//1723 2016//2016 2013//2013
f 2014//2014 2015//2015 2017//2017
f 2017//2017 2015//2015 2018//2018
f 2017//2017 1724//1724 1722//1722
f 2017//2017 1722//1722 2014//2014
f 1725//1725 2020//2020 2019//2019
f 2016//2016 1725//1725 2019//2019
f 1723//1723 1725//1725 2016//2016
f 2020//2020 2021//2021 2019//2019
f 2017//2017 2018//2018 2022//2022
f 2022//2022 2018//2018 2023//2023
f 2022//2022 1726//1726 1724//1724
f 2022//2022 1724//1724 2017//2017
f 1727//1727 2024//2024 2020//2020
f 1727//1727 2020//2020 1725//1725
f 2021//2021 2020//2020 2025//2025
f 2025//2025 2020//2020 2024//2024
f 2022//2022 2023//2023 1730//1730
f 2023//2023 1729//1729 1730//1730
f 2023//2023 2026//2026 1729//1729
f 2022//2022 1730//1730 1726//1726
f 1731//1731 2027//2027 2024//2024
f 1731//1731 2024//2024 1727//1727
f 2025//2025 2024//2024 2028//2028
f 2028//2028 2024//2024 2027//2027
f 2026//2026 1733//1733 1729//1729
f 2029//2029 1733//1733 2026//2026
f 1734//1734 2030//2030 2027//2027
f 1734//1734 2027//2027 1731//1731
f 2028//2028 2027//2027 2031//2031
f 2031//2031 2027//2027 2030//2030
f 2029//2029 1736//1736 1733//1733
f 2032//2032 1736//1736 2029//2029
f 1737//1737 2033//2033 2030//2030
f 1737//1737 2030//2030 1734//1734
f 2031//2031 2030//2030 2034//2034
f 2034//2034 2030//2030 2033//2033
f 2032//2032 1739//1739 1736//1736
f 2035//2035 1739//1739 2032//2032
f 1740//1740 2036//2036 2033//2033
f 1740//1740 2033//2033 1737//1737
f 2034//2034 2033//2033 2037//2037
f 2037//2037 2033//2033 2036//2036
f 2040//2040 2039//2039 2038//2038
f 2035//2035 2040//2040 2038//2038
f 1742//1742 2035//2035 2038//2038
f 1739//1739 2035//2035 1742//1742
f 1744//1744 2041//2041 2036//2036
f 1744//1744 2036//2036 1740//1740
f 2037//2037 2036//2036 2042//2042
f 2042//2042 2036//2036 2041//2041
f 2038//2038 2039//2039 2043//2043
f 2043//2043 2039//2039 2044//2044
f 2043//2043 1746//1746 1742//1742
f 2043//2043 1742//1742 2038//2038
f 1748//1748 2045//2045 2041//2041
f 1748//1748 2041//2041 1744//1744
f 2042//2042 2041//2041 2046//2046
f 2046//2046 2041//2041 2045//2045
f 2043//2043 2044//2044 2047//2047
f 2047//2047 2044//2044 2048//2048
f 2047//2047 1750//1750 1746//1746
f 2047//2047 1746//1746 2043//2043
f 1752//1752 2049//2049 2045//2045
f 1752//1752 2045//2045 1748//1748
f 2046//2046 2045//2045 2050//2050
f 2050//2050 2045//2045 2049//2049
f 2047//2047 2048//2048 2051//2051
f 2051//2051 2048//2048 2052//2052
f 2051//2051 1754//1754 1750//1750
f 2051//2051 1750//1750 2047//2047
f 1756//1756 2053//2053 2049//2049
f 1756//1756 2049//2049 1752//1752
f 2050//2050 2049//2049 2054//2054
f 2054//2054 2049//2049 2053//2053
f 2051//2051 2052//2052 2055//2055
f 2055//2055 2052//2052 2056//2056
f 2055//2055 1758//1758 1754//1754
f 2055//2055 1754//1754 2051//2051
f 1760//1760 2057//2057 2053//2053
f 1760//1760 2053//2053 1756//1756
f 2054//2054 2053//2053 2058//2058
f 2058//2058 2053//2053 2057//2057
f 2055//2055 2056//2056 2059//2059
f 2059//2059 2056//2056 2060//2060
f 2059//2059 1762//1762 1758//1758
f 2059//2059 1758//1758 2055//2055
f 1764//1764 2061//2061 2057//2057
f 1764//1764 2057//2057 1760//1760
f 2058//2058 2057//2057 2062//2062
f 2062//2062 2057//2057 2061//2061
f 2059//2059 2060//2060 2063//2063
f 2063//2063 2060//2060 2064//2064
f 2063//2063 1766//1766 1762//1762
f 2063//2063 1762//1762 2059//2059
f 1768//1768 2065//2065 2061//2061
f 1768//1768 2061//2061 1764//1764
f 2062//2062 2061//2061 2066//2066
f 2066//2066 2061//2061 2065//2065
f 2063//2063 2064//2064 2067//2067
f 2067//2067 2064//2064 2068//2068
f 2067//2067 1770//1770 1766//1766
f 2067//2067 1766//1766 2063//2063
f 1772//1772 2069//2069 2065//2065
f 1772//1772 2065//2065 1768//1768
f 2066//2066 2065//2065 2070//2070
f 2070//2070 2065//2065 2069//2069
f 2067//2067 2068//2068 2071//2071
f 2071//2071 2068//2068 2072//2072
f 2071//2071 1774//1774 1770//1770
f 2071//2071 1770//1770 2067//2067
f 1776//1776 2073//2073 2069//2069
f 1776//1776 2069//2069 1772//1772
f 2070//2070 2069//2069 2074//2074
f 2074//2074 2069//2069 2073//2073
f 2071//2071 2072//2072 2075//2075
f 2075//2075 2072//2072 2076//2076
f 2075//2075 1778//1778 1774//1774
f 2075//2075 1774//1774 2071//2071
f 1780//1780 2077//2077 2073//2073
f 1780//1780 2073//2073 1776//1776
f 2074//2074 2073//2073 2078//2078
f 2073//2073 2079//2079 2078//2078
f 2073//2073 2077//2077 2079//2079
f 2079//2079 2080//2080 2078//2078
f 2075//2075 2076//2076 2081//2081
f 2081//2081 2076//2076 2082//2082
f 2081//2081 1782//1782 1778//1778
f 2081//2081 1778//1778 2075//2075
f 1784//1784 2083//2083 2077//2077
f 1784//1784 2077//2077 1780//1780
f 2077//2077 2084//2084 2079//2079
f 2077//2077 2083//2083 2084//2084
f 2080//2080 2079//2079 2085//2085
f 2085//2085 2079//2079 2084//2084
f 2081//2081 2082//2082 2086//2086
f 2086//2086 2082//2082 2087//2087
f 2086//2086 1786//1786 1782//1782
f 2086//2086 1782//1782 2081//2081
f 1788//1788 2088//2088 2083//2083
f 1788//1788 2083//2083 1784//1784
f 2083//2083 2089//2089 2084//2084
f 2083//2083 2088//2088 2089//2089
f 2085//2085 2084//2084 2090//2090
f 2090//2090 2084//2084 2089//2089
f 2086//2086 2087//2087 2091//2091
f 2091//2091 2087//2087 2092//2092
f 2091//2091 1790//1790 1786//1786
f 2091//2091 1786//1786 2086//2086
f 1792//1792 2093//2093 2088//2088
f 1792//1792 2088//2088 1788//1788
f 2088//2088 2094//2094 2089//2089
f 2088//2088 2093//2093 2094//2094
f 2090//2090 2089//2089 2095//2095
f 2095//2095 2089//2089 2094//2094
f 2098//2098 2097//2097 2096//2096
f 2098//2098 2096//2096 2092//2092
f 2096//2096 2091//2091 2092//2092
f 2096//2096 2099//2099 2091//2091
f 2099//2099 1794//1794 1790//1790
f 2099//2099 1790//1790 2091//2091
f 1796//1796 2100//2100 2093//2093
f 1796//1796 2093//2093 1792//1792
f 2093//2093 2101//2101 2094//2094
f 2093//2093 2100//2100 2101//2101
f 2095//2095 2094//2094 2102//2102
f 2102//2102 2094//2094 2101//2101
f 2096//2096 2097//2097 2103//2103
f 2103//2103 2097//2097 2104//2104
f 2096//2096 2105//2105 2099//2099
f 2096//2096 2103//2103 2105//2105
f 2105//2105 1798//1798 1794//1794
f 2105//2105 1794//1794 2099//2099
f 1799//1799 2106//2106 2100//2100
f 1799//1799 2100//2100 1796//1796
f 2100//2100 2107//2107 2101//2101
f 2100//2100 2106//2106 2107//2107
f 2102//2102 2101//2101 2108//2108
f 2101//2101 2109//2109 2108//2108
f 2101//2101 2107//2107 2109//2109
f 2109//2109 2110//2110 2108//2108
f 2103//2103 2104//2104 2111//2111
f 2111//2111 2104//2104 2112//2112
f 2103//2103 2113//2113 2105//2105
f 2103//2103 2111//2111 2113//2113
f 2113//2113 1801//1801 1798//1798
f 2113//2113 1798//1798 2105//2105
f 1802//1802 2114//2114 2106//2106
f 1802//1802 2106//2106 1799//1799
f 2106//2106 2115//2115 2107//2107
f 2106//2106 2114//2114 2115//2115
f 2107//2107 2116//2116 2109//2109
f 2107//2107 2115//2115 2116//2116
f 2110//2110 2109//2109 2117//2117
f 2109//2109 2118//2118 2117//2117
f 2109//2109 2116//2116 2118//2118
f 2117//2117 2118//2118 2112//2112
f 2118//2118 2111//2111 2112//2112
f 2118//2118 2119//2119 2111//2111
f 2111//2111 2120//2120 2113//2113
f 2111//2111 2119//2119 2120//2120
f 2120//2120 1804//1804 1801//1801
f 2120//2120 1801//1801 2113//2113
f 1805//1805 2121//2121 2114//2114
f 1805//1805 2114//2114 1802//1802
f 2114//2114 2122//2122 2115//2115
f 2114//2114 2121//2121 2122//2122
f 2115//2115 2123//2123 2116//2116
f 2115//2115 2122//2122 2123//2123
f 2116//2116 2124//2124 2118//2118
f 2116//2116 2123//2123 2124//2124
f 2118//2118 2125//2125 2119//2119
f 2118//2118 2124//2124 2125//2125
f 2119//2119 2126//2126 2120//2120
f 2119//2119 2125//2125 2126//2126
f 2126//2126 1807//1807 1804//1804
f 2126//2126 1804//1804 2120//2120
f 1808//1808 2121//2121 1805//1805
f 2121//2121 1808//1808 1810//1810
f 2127//2127 2121//2121 1810//1810
f 2122//2122 2121//2121 2127//2127
f 2122//2122 2128//2128 2123//2123
f 2122//2122 2127//2127 2128//2128
f 2123//2123 2129//2129 2124//2124
f 2123//2123 2128//2128 2129//2129
f 2124//2124 2130//2130 2125//2125
f 2124//2124 2129//2129 2130//2130
f 2125//2125 2131//2131 2126//2126
f 2125//2125 2130//2130 2131//2131
f 2131//2131 1812//1812 1807//1807
f 2131//2131 1807//1807 2126//2126
f 1814//1814 2132//2132 2127//2127
f 1814//1814 2127//2127 1810//1810
f 2127//2127 2133//2133 2128//2128
f 2127//2127 2132//2132 2133//2133
f 2128//2128 2134//2134 2129//2129
f 2128//2128 2133//2133 2134//2134
f 2129//2129 2135//2135 2130//2130
f 2129//2129 2134//2134 2135//2135
f 2130//2130 2136//2136 2131//2131
f 2130//2130 2135//2135 2136//2136
f 2136//2136 1816//1816 1812//1812
f 2136//2136 1812//1812 2131//2131
f 1818//1818 2137//2137 2132//2132
f 1818//1818 2132//2132 1814//1814
f 2132//2132 2138//2138 2133//2133
f 2132//2132 2137//2137 2138//2138
f 2133//2133 2139//2139 2134//2134
f 2133//2133 2138//2138 2139//2139
f 2134//2134 2140//2140 2135//2135
f 2134//2134 2139//2139 2140//2140
f 2135//2135 2141//2141 2136//2136
f 2135//2135 2140//2140 2141//2141
f 2141//2141 1820//1820 1816//1816
f 2141//2141 1816//1816 2136//2136
f 1822//1822 2142//2142 2137//2137
f 1822//1822 2137//2137 1818//1818
f 2137//2137 2143//2143 2138//2138
f 2137//2137 2142//2142 2143//2143
f 2138//2138 2144//2144 2139//2139
f 2138//2138 2143//2143 2144//2144
f 2139//2139 2145//2145 2140//2140
f 2139//2139 2144//2144 2145//2145
f 2145//2145 1824//1824 1825//1825
f 2141//2141 2145//2145 1825//1825
f 2140//2140 2145//2145 2141//2141
f 2141//2141 1825//1825 1820//1820
f 1828//1828 2146//2146 2142//2142
f 1828//1828 2142//2142 1822//1822
f 2142//2142 2147//2147 2143//2143
f 2142//2142 2146//2146 2147//2147
f 2143//2143 2148//2148 2144//2144
f 2143//2143 2147//2147 2148//2148
f 2144//2144 2149//2149 2145//2145
f 2144//2144 2148//2148 2149//2149
f 2149//2149 1830//1830 1824//1824
f 2149//2149 1824//1824 2145//2145
f 1833//1833 2150//2150 2146//2146
f 1833//1833 2146//2146 1828//1828
f 2146//2146 2151//2151 2147//2147
f 2146//2146 2150//2150 2151//2151
f 2147//2147 2152//2152 2148//2148
f 2147//2147 2151//2151 2152//2152
f 2148//2148 2153//2153 2149//2149
f 2148//2148 2152//2152 2153//2153
f 2153//2153 1835//1835 1830//1830
f 2153//2153 1830//1830 2149//2149
f 1837//1837 2154//2154 2150//2150
f 1837//1837 2150//2150 1833//1833
f 2150//2150 2155//2155 2151//2151
f 2150//2150 2154//2154 2155//2155
f 2151//2151 2156//2156 2152//2152
f 2151//2151 2155//2155 2156//2156
f 2152//2152 2157//2157 2153//2153
f 2152//2152 2156//2156 2157//2157
f 2157//2157 1839//1839 1835//1835
f 2157//2157 1835//1835 2153//2153
f 1841//1841 2158//2158 2154//2154
f 1841//1841 2154//2154 1837//1837
f 2154//2154 2159//2159 2155//2155
f 2154//2154 2158//2158 2159//2159
f 2155//2155 2160//2160 2156//2156
f 2155//2155 2159//2159 2160//2160
f 2156//2156 2161//2161 2157//2157
f 2156//2156 2160//2160 2161//2161
f 2161//2161 1843//1843 1839//1839
f 2161//2161 1839//1839 2157//2157
f 1845//1845 2158//2158 1841//1841
f 2158//2158 1845//1845 1847//1847
f 2162//2162 2158//2158 1847//1847
f 2159//2159 2158//2158 2162//2162
f 2159//2159 2163//2163 2160//2160
f 2159//2159 2162//2162 2163//2163
f 2160//2160 2164//2164 2161//2161
f 2160//2160 2163//2163 2164//2164
f 2164//2164 1849//1849 1843//1843
f 2164//2164 1843//1843 2161//2161
f 1852//1852 2165//2165 2162//2162
f 1852//1852 2162//2162 1847//1847
f 2162//2162 2166//2166 2163//2163
f 2162//2162 2165//2165 2166//2166
f 2163//2163 2167//2167 2164//2164
f 2163//2163 2166//2166 2167//2167
f 2167//2167 1854//1854 1849//1849
f 2167//2167 1849//1849 2164//2164
f 1857//1857 2168//2168 2165//2165
f 1857//1857 2165//2165 1852//1852
f 2165//2165 2169//2169 2166//2166
f 2165//2165 2168//2168 2169//2169
f 2169//2169 1859//1859 1860//1860
f 2167//2167 2169//2169 1860//1860
f 2166//2166 2169//2169 2167//2167
f 2167//2167 1860//1860 1854//1854
f 1864//1864 2170//2170 2168//2168
f 1864//1864 2168//2168 1857//1857
f 2168//2168 2171//2171 2169//2169
f 2168//2168 2170//2170 2171//2171
f 2171//2171 1866//1866 1859//1859
f 2171//2171 1859//1859 2169//2169
f 1870//1870 2170//2170 1864//1864
f 2170//2170 1870//1870 1872//1872
f 2172//2172 2170//2170 1872//1872
f 2171//2171 2170//2170 2172//2172
f 2172//2172 1874//1874 1866//1866
f 2172//2172 1866//1866 2171//2171
f 1879//1879 2172//2172 1872//1872
f 2172//2172 1879//1879 1874//1874
f 2174//2174 2173//2173 1920//1920
f 2174//2174 1920//1920 1921//1921
f 1920//1920 2175//2175 1922//1922
f 2173//2173 2175//2175 1920//1920
f 2175//2175 2177//2177 2176//2176
f 1923//1923 2175//2175 2176//2176
f 1922//1922 2175//2175 1923//1923
f 2176//2176 1924//1924 1923//1923
f 2179//2179 2178//2178 1925//1925
f 2179//2179 1925//1925 1926//1926
f 1921//1921 1925//1925 2174//2174
f 2174//2174 1925//1925 2178//2178
f 2177//2177 2180//2180 2176//2176
f 2180//2180 2182//2182 2181//2181
f 2180//2180 2181//2181 1927//1927
f 2176//2176 2180//2180 1927//1927
f 1924//1924 2176//2176 1927//1927
f 2181//2181 1928//1928 1927//1927
f 1929//1929 2179//2179 1926//1926
f 1929//1929 2183//2183 2179//2179
f 2182//2182 2184//2184 2181//2181
f 1928//1928 2181//2181 2184//2184
f 2185//2185 1928//1928 2184//2184
f 1930//1930 1928//1928 2185//2185
f 2187//2187 2186//2186 1931//1931
f 2187//2187 1931//1931 1932//1932
f 1929//1929 1931//1931 2183//2183
f 2183//2183 1931//1931 2186//2186
f 2185//2185 1933//1933 1930//1930
f 2188//2188 1933//1933 2185//2185
f 1934//1934 2187//2187 1932//1932
f 1934//1934 2189//2189 2187//2187
f 2188//2188 2190//2190 1933//1933
f 1933//1933 2190//2190 1935//1935
f 1936//1936 1935//1935 2190//2190
f 1936//1936 2190//2190 2191//2191
f 1937//1937 2189//2189 1934//1934
f 1937//1937 2192//2192 2189//2189
f 2191//2191 1938//1938 1936//1936
f 2193//2193 1938//1938 2191//2191
f 1940//1940 2192//2192 1937//1937
f 1940//1940 2194//2194 2192//2192
f 2193//2193 1941//1941 1938//1938
f 2195//2195 1941//1941 2193//2193
f 1943//1943 2196//2196 1942//1942
f 2196//2196 2197//2197 1942//1942
f 2197//2197 1940//1940 1942//1942
f 2197//2197 2194//2194 1940//1940
f 2195//2195 1944//1944 1941//1941
f 2198//2198 1944//1944 2195//2195
f 2200//2200 2199//2199 2196//2196
f 1943//1943 2200//2200 2196//2196
f 1945//1945 2200//2200 1943//1943
f 2196//2196 2199//2199 2197//2197
f 2198//2198 2201//2201 1944//1944
f 1944//1944 2201//2201 1946//1946
f 1947//1947 1946//1946 2201//2201
f 1947//1947 2201//2201 2202//2202
f 1948//1948 2200//2200 1945//1945
f 1948//1948 2203//2203 2200//2200
f 2202//2202 1949//1949 1947//1947
f 2204//2204 1949//1949 2202//2202
f 1950//1950 2206//2206 2205//2205
f 2203//2203 1950//1950 2205//2205
f 1948//1948 1950//1950 2203//2203
f 2206//2206 2207//2207 2205//2205
f 2204//2204 1951//1951 1949//1949
f 2208//2208 1951//1951 2204//2204
f 1952//1952 2209//2209 2206//2206
f 1952//1952 2206//2206 1950//1950
f 2207//2207 2206//2206 2210//2210
f 2210//2210 2206//2206 2209//2209
f 2208//2208 1953//1953 1951//1951
f 2211//2211 1953//1953 2208//2208
f 1954//1954 2209//2209 1952//1952
f 1954//1954 1956//1956 2209//2209
f 1956//1956 2210//2210 2209//2209
f 1956//1956 2212//2212 2210//2210
f 2211//2211 1957//1957 1953//1953
f 2213//2213 1957//1957 2211//2211
f 1958//1958 2212//2212 1956//1956
f 1958//1958 2214//2214 2212//2212
f 2213//2213 1959//1959 1957//1957
f 2215//2215 1959//1959 2213//2213
f 1960//1960 2214//2214 1958//1958
f 1960//1960 2216//2216 2214//2214
f 2215//2215 1961//1961 1959//1959
f 2217//2217 1961//1961 2215//2215
f 1962//1962 2216//2216 1960//1960
f 1962//1962 2218//2218 2216//2216
f 2221//2221 2220//2220 2219//2219
f 2217//2217 2221//2221 2219//2219
f 1963//1963 2217//2217 2219//2219
f 1961//1961 2217//2217 1963//1963
f 1964//1964 2223//2223 2222//2222
f 2218//2218 1964//1964 2222//2222
f 1962//1962 1964//1964 2218//2218
f 2223//2223 2224//2224 2222//2222
f 2219//2219 2220//2220 2225//2225
f 2225//2225 2220//2220 2226//2226
f 2225//2225 1965//1965 1963//1963
f 2225//2225 1963//1963 2219//2219
f 1966//1966 2223//2223 1964//1964
f 1966//1966 1968//1968 2223//2223
f 1968//1968 2224//2224 2223//2223
f 1968//1968 2227//2227 2224//2224
f 2225//2225 2226//2226 2228//2228
f 2228//2228 2226//2226 2229//2229
f 2228//2228 1969//1969 1965//1965
f 2228//2228 1965//1965 2225//2225
f 1970//1970 2227//2227 1968//1968
f 1970//1970 2230//2230 2227//2227
f 2228//2228 2229//2229 2231//2231
f 2231//2231 2229//2229 2232//2232
f 2231//2231 1971//1971 1969//1969
f 2231//2231 1969//1969 2228//2228
f 1972//1972 2230//2230 1970//1970
f 1972//1972 2233//2233 2230//2230
f 2231//2231 2232//2232 2234//2234
f 2234//2234 2232//2232 2235//2235
f 2234//2234 1973//1973 1971//1971
f 2234//2234 1971//1971 2231//2231
f 1974//1974 2233//2233 1972//1972
f 1974//1974 2236//2236 2233//2233
f 2234//2234 2235//2235 2237//2237
f 2237//2237 2235//2235 2238//2238
f 2237//2237 1975//1975 1973//1973
f 2237//2237 1973//1973 2234//2234
f 1976//1976 2236//2236 1974//1974
f 1976//1976 2239//2239 2236//2236
f 2237//2237 2238//2238 2240//2240
f 2240//2240 2238//2238 2241//2241
f 2240//2240 1977//1977 1975//1975
f 2240//2240 1975//1975 2237//2237
f 1978//1978 2239//2239 1976//1976
f 1978//1978 2242//2242 2239//2239
f 2240//2240 2241//2241 2243//2243
f 2243//2243 2241//2241 2244//2244
f 2243//2243 1979//1979 1977//1977
f 2243//2243 1977//1977 2240//2240
f 1980//1980 2246//2246 2245//2245
f 2242//2242 1980//1980 2245//2245
f 1978//1978 1980//1980 2242//2242
f 2246//2246 2247//2247 2245//2245
f 2243//2243 2244//2244 2248//2248
f 2248//2248 2244//2244 2249//2249
f 2248//2248 1981//1981 1979//1979
f 2248//2248 1979//1979 2243//2243
f 1982//1982 2250//2250 2246//2246
f 1982//1982 2246//2246 1980//1980
f 2247//2247 2246//2246 2251//2251
f 2251//2251 2246//2246 2250//2250
f 2248//2248 2249//2249 1985//1985
f 2249//2249 1984//1984 1985//1985
f 2249//2249 2252//2252 1984//1984
f 2248//2248 1985//1985 1981//1981
f 1986//1986 2253//2253 2250//2250
f 1986//1986 2250//2250 1982//1982
f 2251//2251 2250//2250 2254//2254
f 2254//2254 2250//2250 2253//2253
f 2252//2252 1988//1988 1984//1984
f 2255//2255 1988//1988 2252//2252
f 1989//1989 2256//2256 2253//2253
f 1989//1989 2253//2253 1986//1986
f 2254//2254 2253//2253 2257//2257
f 2257//2257 2253//2253 2256//2256
f 2255//2255 1991//1991 1988//1988
f 2258//2258 1991//1991 2255//2255
f 1992//1992 2259//2259 2256//2256
f 1992//1992 2256//2256 1989//1989
f 2257//2257 2256//2256 2260//2260
f 2260//2260 2256//2256 2259//2259
f 2263//2263 2262//2262 2261//2261
f 2258//2258 2263//2263 2261//2261
f 1994//1994 2258//2258 2261//2261
f 1991//1991 2258//2258 1994//1994
f 1995//1995 2264//2264 2259//2259
f 1995//1995 2259//2259 1992//1992
f 2260//2260 2259//2259 2265//2265
f 2265//2265 2259//2259 2264//2264
f 2261//2261 2262//2262 2266//2266
f 2266//2266 2262//2262 2267//2267
f 2266//2266 1997//1997 1994//1994
f 2266//2266 1994//1994 2261//2261
f 1998//1998 2268//2268 2264//2264
f 1998//1998 2264//2264 1995//1995
f 2265//2265 2264//2264 2269//2269
f 2269//2269 2264//2264 2268//2268
f 2266//2266 2267//2267 2270//2270
f 2270//2270 2267//2267 2271//2271
f 2270//2270 2000//2000 1997//1997
f 2270//2270 1997//1997 2266//2266
f 2001//2001 2272//2272 2268//2268
f 2001//2001 2268//2268 1998//1998
f 2269//2269 2268//2268 2273//2273
f 2273//2273 2268//2268 2272//2272
f 2270//2270 2271//2271 2274//2274
f 2274//2274 2271//2271 2275//2275
f 2274//2274 2003//2003 2000//2000
f 2274//2274 2000//2000 2270//2270
f 2004//2004 2276//2276 2272//2272
f 2004//2004 2272//2272 2001//2001
f 2273//2273 2272//2272 2277//2277
f 2277//2277 2272//2272 2276//2276
f 2274//2274 2275//2275 2278//2278
f 2278//2278 2275//2275 2279//2279
f 2278//2278 2006//2006 2003//2003
f 2278//2278 2003//2003 2274//2274
f 2007//2007 2280//2280 2276//2276
f 2007//2007 2276//2276 2004//2004
f 2277//2277 2276//2276 2281//2281
f 2276//2276 2282//2282 2281//2281
f 2276//2276 2280//2280 2282//2282
f 2282//2282 2283//2283 2281//2281
f 2278//2278 2279//2279 2284//2284
f 2284//2284 2279//2279 2285//2285
f 2284//2284 2009//2009 2006//2006
f 2284//2284 2006//2006 2278//2278
f 2010//2010 2286//2286 2280//2280
f 2010//2010 2280//2280 2007//2007
f 2280//2280 2287//2287 2282//2282
f 2280//2280 2286//2286 2287//2287
f 2283//2283 2282//2282 2288//2288
f 2288//2288 2282//2282 2287//2287
f 2284//2284 2285//2285 2289//2289
f 2289//2289 2285//2285 2290//2290
f 2289//2289 2012//2012 2009//2009
f 2289//2289 2009//2009 2284//2284
f 2013//2013 2291//2291 2286//2286
f 2013//2013 2286//2286 2010//2010
f 2286//2286 2292//2292 2287//2287
f 2286//2286 2291//2291 2292//2292
f 2288//2288 2287//2287 2293//2293
f 2293//2293 2287//2287 2292//2292
f 2296//2296 2295//2295 2294//2294
f 2296//2296 2294//2294 2290//2290
f 2294//2294 2289//2289 2290//2290
f 2294//2294 2297//2297 2289//2289
f 2297//2297 2015//2015 2012//2012
f 2297//2297 2012//2012 2289//2289
f 2016//2016 2298//2298 2291//2291
f 2016//2016 2291//2291 2013//2013
f 2291//2291 2299//2299 2292//2292
f 2291//2291 2298//2298 2299//2299
f 2293//2293 2292//2292 2300//2300
f 2300//2300 2292//2292 2299//2299
f 2294//2294 2295//2295 2301//2301
f 2301//2301 2295//2295 2302//2302
f 2294//2294 2303//2303 2297//2297
f 2294//2294 2301//2301 2303//2303
f 2303//2303 2018//2018 2015//2015
f 2303//2303 2015//2015 2297//2297
f 2019//2019 2298//2298 2016//2016
f 2298//2298 2019//2019 2021//2021
f 2304//2304 2298//2298 2021//2021
f 2299//2299 2298//2298 2304//2304
f 2300//2300 2299//2299 2305//2305
f 2299//2299 2306//2306 2305//2305
f 2299//2299 2304//2304 2306//2306
f 2306//2306 2307//2307 2305//2305
f 2301//2301 2302//2302 2308//2308
f 2308//2308 2302//2302 2309//2309
f 2301//2301 2310//2310 2303//2303
f 2301//2301 2308//2308 2310//2310
f 2310//2310 2023//2023 2018//2018
f 2310//2310 2018//2018 2303//2303
f 2025//2025 2311//2311 2304//2304
f 2025//2025 2304//2304 2021//2021
f 2304//2304 2312//2312 2306//2306
f 2304//2304 2311//2311 2312//2312
f 2307//2307 2306//2306 2313//2313
f 2306//2306 2314//2314 2313//2313
f 2306//2306 2312//2312 2314//2314
f 2313//2313 2314//2314 2309//2309
f 2314//2314 2308//2308 2309//2309
f 2314//2314 2315//2315 2308//2308
f 2308//2308 2316//2316 2310//2310
f 2308//2308 2315//2315 2316//2316
f 2316//2316 2026//2026 2023//2023
f 2316//2316 2023//2023 2310//2310
f 2028//2028 2317//2317 2311//2311
f 2028//2028 2311//2311 2025//2025
f 2311//2311 2318//2318 2312//2312
f 2311//2311 2317//2317 2318//2318
f 2312//2312 2319//2319 2314//2314
f 2312//2312 2318//2318 2319//2319
f 2314//2314 2320//2320 2315//2315
f 2314//2314 2319//2319 2320//2320
f 2315//2315 2321//2321 2316//2316
f 2315//2315 2320//2320 2321//2321
f 2321//2321 2029//2029 2026//2026
f 2321//2321 2026//2026 2316//2316
f 2031//2031 2322//2322 2317//2317
f 2031//2031 2317//2317 2028//2028
f 2317//2317 2323//2323 2318//2318
f 2317//2317 2322//2322 2323//2323
f 2318//2318 2324//2324 2319//2319
f 2318//2318 2323//2323 2324//2324
f 2319//2319 2325//2325 2320//2320
f 2319//2319 2324//2324 2325//2325
f 2320//2320 2326//2326 2321//2321
f 2320//2320 2325//2325 2326//2326
f 2326//2326 2032//2032 2029//2029
f 2326//2326 2029//2029 2321//2321
f 2034//2034 2327//2327 2322//2322
f 2034//2034 2322//2322 2031//2031
f 2322//2322 2328//2328 2323//2323
f 2322//2322 2327//2327 2328//2328
f 2323//2323 2329//2329 2324//2324
f 2323//2323 2328//2328 2329//2329
f 2324//2324 2330//2330 2325//2325
f 2324//2324 2329//2329 2330//2330
f 2325//2325 2331//2331 2326//2326
f 2325//2325 2330//2330 2331//2331
f 2331//2331 2035//2035 2032//2032
f 2331//2331 2032//2032 2326//2326
f 2037//2037 2332//2332 2327//2327
f 2037//2037 2327//2327 2034//2034
f 2327//2327 2333//2333 2328//2328
f 2327//2327 2332//2332 2333//2333
f 2328//2328 2334//2334 2329//2329
f 2328//2328 2333//2333 2334//2334
f 2329//2329 2335//2335 2330//2330
f 2329//2329 2334//2334 2335//2335
f 2335//2335 2039//2039 2040//2040
f 2331//2331 2335//2335 2040//2040
f 2330//2330 2335//2335 2331//2331
f 2331//2331 2040//2040 2035//2035
f 2042//2042 2336//2336 2332//2332
f 2042//2042 2332//2332 2037//2037
f 2332//2332 2337//2337 2333//2333
f 2332//2332 2336//2336 2337//2337
f 2333//2333 2338//2338 2334//2334
f 2333//2333 2337//2337 2338//2338
f 2334//2334 2339//2339 2335//2335
f 2334//2334 2338//2338 2339//2339
f 2339//2339 2044//2044 2039//2039
f 2339//2339 2039//2039 2335//2335
f 2046//2046 2340//2340 2336//2336
f 2046//2046 2336//2336 2042//2042
f 2336//2336 2341//2341 2337//2337
f 2336//2336 2340//2340 2341//2341
f 2337//2337 2342//2342 2338//2338
f 2337//2337 2341//2341 2342//2342
f 2338//2338 2343//2343 2339//2339
f 2338//2338 2342//2342 2343//2343
f 2343//2343 2048//2048 2044//2044
f 2343//2343 2044//2044 2339//2339
f 2050//2050 2344//2344 2340//2340
f 2050//2050 2340//2340 2046//2046
f 2340//2340 2345//2345 2341//2341
f 2340//2340 2344//2344 2345//2345
f 2341//2341 2346//2346 2342//2342
f 2341//2341 2345//2345 2346//2346
f 2342//2342 2347//2347 2343//2343
f 2342//2342 2346//2346 2347//2347
f 2347//2347 2052//2052 2048//2048
f 2347//2347 2048//2048 2343//2343
f 2054//2054 2348//2348 2344//2344
f 2054//2054 2344//2344 2050//2050
f 2344//2344 2349//2349 2345//2345
f 2344//2344 2348//2348 2349//2349
f 2345//2345 2350//2350 2346//2346
f 2345//2345 2349//2349 2350//2350
f 2346//2346 2351//2351 2347//2347
f 2346//2346 2350//2350 2351//2351
f 2351//2351 2056//2056 2052//2052
f 2351//2351 2052//2052 2347//2347
f 2058//2058 2352//2352 2348//2348
f 2058//2058 2348//2348 2054//2054
f 2348//2348 2353//2353 2349//2349
f 2348//2348 2352//2352 2353//2353
f 2349//2349 2354//2354 2350//2350
f 2349//2349 2353//2353 2354//2354
f 2350//2350 2355//2355 2351//2351
f 2350//2350 2354//2354 2355//2355
f 2355//2355 2060//2060 2056//2056
f 2355//2355 2056//2056 2351//2351
f 2062//2062 2356//2356 2352//2352
f 2062//2062 2352//2352 2058//2058
f 2352//2352 2357//2357 2353//2353
f 2352//2352 2356//2356 2357//2357
f 2353//2353 2358//2358 2354//2354
f 2353//2353 2357//2357 2358//2358
f 2354//2354 2359//2359 2355//2355
f 2354//2354 2358//2358 2359//2359
f 2359//2359 2064//2064 2060//2060
f 2359//2359 2060//2060 2355//2355
f 2066//2066 2360//2360 2356//2356
f 2066//2066 2356//2356 2062//2062
f 2356//2356 2361//2361 2357//2357
f 2356//2356 2360//2360 2361//2361
f 2357//2357 2362//2362 2358//2358
f 2357//2357 2361//2361 2362//2362
f 2358//2358 2363//2363 2359//2359
f 2358//2358 2362//2362 2363//2363
f 2363//2363 2068//2068 2064//2064
f 2363//2363 2064//2064 2359//2359
f 2070//2070 2364//2364 2360//2360
f 2070//2070 2360//2360 2066//2066
f 2360//2360 2365//2365 2361//2361
f 2360//2360 2364//2364 2365//2365
f 2361//2361 2366//2366 2362//2362
f 2361//2361 2365//2365 2366//2366
f 2362//2362 2367//2367 2363//2363
f 2362//2362 2366//2366 2367//2367
f 2367//2367 2072//2072 2068//2068
f 2367//2367 2068//2068 2363//2363
f 2074//2074 2368//2368 2364//2364
f 2074//2074 2364//2364 2070//2070
f 2364//2364 2369//2369 2365//2365
f 2364//2364 2368//2368 2369//2369
f 2365//2365 2370//2370 2366//2366
f 2365//2365 2369//2369 2370//2370
f 2366//2366 2371//2371 2367//2367
f 2366//2366 2370//2370 2371//2371
f 2371//2371 2076//2076 2072//2072
f 2371//2371 2072//2072 2367//2367
f 2078//2078 2368//2368 2074//2074
f 2368//2368 2078//2078 2080//2080
f 2372//2372 2368//2368 2080//2080
f 2369//2369 2368//2368 2372//2372
f 2369//2369 2373//2373 2370//2370
f 2369//2369 2372//2372 2373//2373
f 2370//2370 2374//2374 2371//2371
f 2370//2370 2373//2373 2374//2374
f 2374//2374 2082//2082 2076//2076
f 2374//2374 2076//2076 2371//2371
f 2085//2085 2375//2375 2372//2372
f 2085//2085 2372//2372 2080//2080
f 2372//2372 2376//2376 2373//2373
f 2372//2372 2375//2375 2376//2376
f 2373//2373 2377//2377 2374//2374
f 2373//2373 2376//2376 2377//2377
f 2377//2377 2087//2087 2082//2082
f 2377//2377 2082//2082 2374//2374
f 2090//2090 2378//2378 2375//2375
f 2090//2090 2375//2375 2085//2085
f 2375//2375 2379//2379 2376//2376
f 2375//2375 2378//2378 2379//2379
f 2376//2376 2380//2380 2377//2377
f 2376//2376 2379//2379 2380//2380
f 2380//2380 2092//2092 2087//2087
f 2380//2380 2087//2087 2377//2377
f 2095//2095 2381//2381 2378//2378
f 2095//2095 2378//2378 2090//2090
f 2378//2378 2382//2382 2379//2379
f 2378//2378 2381//2381 2382//2382
f 2382//2382 2097//2097 2098//2098
f 2380//2380 2382//2382 2098//2098
f 2379//2379 2382//2382 2380//2380
f 2380//2380 2098//2098 2092//2092
f 2102//2102 2383//2383 2381//2381
f 2102//2102 2381//2381 2095//2095
f 2381//2381 2384//2384 2382//2382
f 2381//2381 2383//2383 2384//2384
f 2384//2384 2104//2104 2097//2097
f 2384//2384 2097//2097 2382//2382
f 2108//2108 2383//2383 2102//2102
f 2383//2383 2108//2108 2110//2110
f 2385//2385 2383//2383 2110//2110
f 2384//2384 2383//2383 2385//2385
f 2385//2385 2112//2112 2104//2104
f 2385//2385 2104//2104 2384//2384
f 2117//2117 2385//2385 2110//2110
f 2385//2385 2117//2117 2112//2112
f 2174//2174 2386//2386 2173//2173
f 2387//2387 2175//2175 2173//2173
f 2387//2387 2173//2173 2386//2386
f 2387//2387 2177//2177 2175//2175
f 2179//2179 2388//2388 2178//2178
f 2388//2388 2389//2389 2178//2178
f 2178//2178 2389//2389 2174//2174
f 2389//2389 2390//2390 2174//2174
f 2390//2390 2386//2386 2174//2174
f 2386//2386 2390//2390 2387//2387
f 2387//2387 2390//2390 2391//2391
f 2387//2387 2391//2391 2177//2177
f 2391//2391 2180//2180 2177//2177
f 2391//2391 2392//2392 2180//2180
f 2182//2182 2180//2180 2392//2392
f 2182//2182 2392//2392 2393//2393
f 2395//2395 2394//2394 2388//2388
f 2179//2179 2395//2395 2388//2388
f 2183//2183 2395//2395 2179//2179
f 2388//2388 2394//2394 2389//2389
f 2184//2184 2182//2182 2396//2396
f 2182//2182 2397//2397 2396//2396
f 2182//2182 2393//2393 2397//2397
f 2396//2396 2185//2185 2184//2184
f 2187//2187 2398//2398 2186//2186
f 2398//2398 2399//2399 2186//2186
f 2399//2399 2183//2183 2186//2186
f 2399//2399 2395//2395 2183//2183
f 2397//2397 2400//2400 2396//2396
f 2185//2185 2396//2396 2400//2400
f 2401//2401 2185//2185 2400//2400
f 2188//2188 2185//2185 2401//2401
f 2189//2189 2402//2402 2398//2398
f 2189//2189 2398//2398 2187//2187
f 2399//2399 2398//2398 2403//2403
f 2403//2403 2398//2398 2402//2402
f 2190//2190 2188//2188 2404//2404
f 2188//2188 2405//2405 2404//2404
f 2188//2188 2401//2401 2405//2405
f 2404//2404 2191//2191 2190//2190
f 2407//2407 2406//2406 2402//2402
f 2189//2189 2407//2407 2402//2402
f 2192//2192 2407//2407 2189//2189
f 2402//2402 2406//2406 2403//2403
f 2404//2404 2405//2405 2408//2408
f 2408//2408 2405//2405 2409//2409
f 2408//2408 2193//2193 2191//2191
f 2408//2408 2191//2191 2404//2404
f 2194//2194 2407//2407 2192//2192
f 2194//2194 2410//2410 2407//2407
f 2409//2409 2411//2411 2408//2408
f 2193//2193 2408//2408 2411//2411
f 2412//2412 2193//2193 2411//2411
f 2195//2195 2193//2193 2412//2412
f 2197//2197 2410//2410 2194//2194
f 2197//2197 2413//2413 2410//2410
f 2412//2412 2198//2198 2195//2195
f 2414//2414 2198//2198 2412//2412
f 2200//2200 2415//2415 2199//2199
f 2415//2415 2416//2416 2199//2199
f 2416//2416 2197//2197 2199//2199
f 2416//2416 2413//2413 2197//2197
f 2201//2201 2198//2198 2417//2417
f 2198//2198 2418//2418 2417//2417
f 2198//2198 2414//2414 2418//2418
f 2417//2417 2202//2202 2201//2201
f 2203//2203 2419//2419 2415//2415
f 2203//2203 2415//2415 2200//2200
f 2416//2416 2415//2415 2420//2420
f 2420//2420 2415//2415 2419//2419
f 2417//2417 2418//2418 2421//2421
f 2421//2421 2418//2418 2422//2422
f 2421//2421 2204//2204 2202//2202
f 2421//2421 2202//2202 2417//2417
f 2205//2205 2419//2419 2203//2203
f 2205//2205 2207//2207 2419//2419
f 2207//2207 2420//2420 2419//2419
f 2207//2207 2423//2423 2420//2420
f 2421//2421 2422//2422 2424//2424
f 2424//2424 2422//2422 2425//2425
f 2424//2424 2208//2208 2204//2204
f 2424//2424 2204//2204 2421//2421
f 2210//2210 2423//2423 2207//2207
f 2210//2210 2426//2426 2423//2423
f 2424//2424 2425//2425 2427//2427
f 2427//2427 2425//2425 2428//2428
f 2427//2427 2211//2211 2208//2208
f 2427//2427 2208//2208 2424//2424
f 2212//2212 2426//2426 2210//2210
f 2212//2212 2429//2429 2426//2426
f 2427//2427 2428//2428 2430//2430
f 2430//2430 2428//2428 2431//2431
f 2430//2430 2213//2213 2211//2211
f 2430//2430 2211//2211 2427//2427
f 2214//2214 2433//2433 2432//2432
f 2429//2429 2214//2214 2432//2432
f 2212//2212 2214//2214 2429//2429
f 2433//2433 2434//2434 2432//2432
f 2430//2430 2431//2431 2435//2435
f 2435//2435 2431//2431 2436//2436
f 2435//2435 2215//2215 2213//2213
f 2435//2435 2213//2213 2430//2430
f 2216//2216 2437//2437 2433//2433
f 2216//2216 2433//2433 2214//2214
f 2434//2434 2433//2433 2438//2438
f 2438//2438 2433//2433 2437//2437
f 2435//2435 2436//2436 2439//2439
f 2439//2439 2436//2436 2440//2440
f 2439//2439 2217//2217 2215//2215
f 2439//2439 2215//2215 2435//2435
f 2218//2218 2441//2441 2437//2437
f 2218//2218 2437//2437 2216//2216
f 2438//2438 2437//2437 2442//2442
f 2442//2442 2437//2437 2441//2441
f 2439//2439 2440//2440 2221//2221
f 2440//2440 2220//2220 2221//2221
f 2440//2440 2443//2443 2220//2220
f 2439//2439 2221//2221 2217//2217
f 2222//2222 2441//2441 2218//2218
f 2445//2445 2444//2444 2224//2224
f 2224//2224 2444//2444 2222//2222
f 2444//2444 2442//2442 2222//2222
f 2442//2442 2441//2441 2222//2222
f 2445//2445 2446//2446 2444//2444
f 2449//2449 2448//2448 2447//2447
f 2443//2443 2449//2449 2447//2447
f 2226//2226 2443//2443 2447//2447
f 2220//2220 2443//2443 2226//2226
f 2227//2227 2450//2450 2445//2445
f 2227//2227 2445//2445 2224//2224
f 2446//2446 2445//2445 2451//2451
f 2451//2451 2445//2445 2450//2450
f 2447//2447 2448//2448 2452//2452
f 2452//2452 2448//2448 2453//2453
f 2452//2452 2229//2229 2226//2226
f 2452//2452 2226//2226 2447//2447
f 2230//2230 2454//2454 2450//2450
f 2230//2230 2450//2450 2227//2227
f 2451//2451 2450//2450 2455//2455
f 2455//2455 2450//2450 2454//2454
f 2452//2452 2453//2453 2456//2456
f 2456//2456 2453//2453 2457//2457
f 2456//2456 2232//2232 2229//2229
f 2456//2456 2229//2229 2452//2452
f 2233//2233 2458//2458 2454//2454
f 2233//2233 2454//2454 2230//2230
f 2455//2455 2454//2454 2459//2459
f 2459//2459 2454//2454 2458//2458
f 2456//2456 2457//2457 2460//2460
f 2460//2460 2457//2457 2461//2461
f 2460//2460 2235//2235 2232//2232
f 2460//2460 2232//2232 2456//2456
f 2236//2236 2462//2462 2458//2458
f 2236//2236 2458//2458 2233//2233
f 2459//2459 2458//2458 2463//2463
f 2458//2458 2464//2464 2463//2463
f 2458//2458 2462//2462 2464//2464
f 2464//2464 2465//2465 2463//2463
f 2460//2460 2461//2461 2466//2466
f 2466//2466 2461//2461 2467//2467
f 2466//2466 2238//2238 2235//2235
f 2466//2466 2235//2235 2460//2460
f 2239//2239 2468//2468 2462//2462
f 2239//2239 2462//2462 2236//2236
f 2462//2462 2469//2469 2464//2464
f 2462//2462 2468//2468 2469//2469
f 2465//2465 2464//2464 2470//2470
f 2470//2470 2464//2464 2469//2469
f 2466//2466 2467//2467 2471//2471
f 2471//2471 2467//2467 2472//2472
f 2471//2471 2241//2241 2238//2238
f 2471//2471 2238//2238 2466//2466
f 2242//2242 2473//2473 2468//2468
f 2242//2242 2468//2468 2239//2239
f 2468//2468 2474//2474 2469//2469
f 2468//2468 2473//2473 2474//2474
f 2470//2470 2469//2469 2475//2475
f 2475//2475 2469//2469 2474//2474
f 2478//2478 2477//2477 2476//2476
f 2478//2478 2476//2476 2472//2472
f 2476//2476 2471//2471 2472//2472
f 2476//2476 2479//2479 2471//2471
f 2479//2479 2244//2244 2241//2241
f 2479//2479 2241//2241 2471//2471
f 2245//2245 2473//2473 2242//2242
f 2473//2473 2245//2245 2247//2247
f 2480//2480 2473//2473 2247//2247
f 2474//2474 2473//2473 2480//2480
f 2475//2475 2474//2474 2481//2481
f 2481//2481 2474//2474 2480//2480
f 2476//2476 2477//2477 2482//2482
f 2482//2482 2477//2477 2483//2483
f 2476//2476 2484//2484 2479//2479
f 2476//2476 2482//2482 2484//2484
f 2484//2484 2249//2249 2244//2244
f 2484//2484 2244//2244 2479//2479
f 2251//2251 2485//2485 2480//2480
f 2251//2251 2480//2480 2247//2247
f 2481//2481 2480//2480 2486//2486
f 2480//2480 2487//2487 2486//2486
f 2480//2480 2485//2485 2487//2487
f 2489//2489 2488//2488 2487//2487
f 2487//2487 2488//2488 2486//2486
f 2488//2488 2489//2489 2483//2483
f 2489//2489 2482//2482 2483//2483
f 2489//2489 2490//2490 2482//2482
f 2482//2482 2491//2491 2484//2484
f 2482//2482 2490//2490 2491//2491
f 2491//2491 2252//2252 2249//2249
f 2491//2491 2249//2249 2484//2484
f 2254//2254 2492//2492 2485//2485
f 2254//2254 2485//2485 2251//2251
f 2485//2485 2493//2493 2487//2487
f 2485//2485 2492//2492 2493//2493
f 2487//2487 2494//2494 2489//2489
f 2487//2487 2493//2493 2494//2494
f 2489//2489 2495//2495 2490//2490
f 2489//2489 2494//2494 2495//2495
f 2490//2490 2496//2496 2491//2491
f 2490//2490 2495//2495 2496//2496
f 2496//2496 2255//2255 2252//2252
f 2496//2496 2252//2252 2491//2491
f 2257//2257 2497//2497 2492//2492
f 2257//2257 2492//2492 2254//2254
f 2492//2492 2498//2498 2493//2493
f 2492//2492 2497//2497 2498//2498
f 2493//2493 2499//2499 2494//2494
f 2493//2493 2498//2498 2499//2499
f 2494//2494 2500//2500 2495//2495
f 2494//2494 2499//2499 2500//2500
f 2495//2495 2501//2501 2496//2496
f 2495//2495 2500//2500 2501//2501
f 2501//2501 2258//2258 2255//2255
f 2501//2501 2255//2255 2496//2496
f 2260//2260 2502//2502 2497//2497
f 2260//2260 2497//2497 2257//2257
f 2497//2497 2503//2503 2498//2498
f 2497//2497 2502//2502 2503//2503
f 2498//2498 2504//2504 2499//2499
f 2498//2498 2503//2503 2504//2504
f 2499//2499 2505//2505 2500//2500
f 2499//2499 2504//2504 2505//2505
f 2505//2505 2262//2262 2263//2263
f 2501//2501 2505//2505 2263//2263
f 2500//2500 2505//2505 2501//2501
f 2501//2501 2263//2263 2258//2258
f 2265//2265 2506//2506 2502//2502
f 2265//2265 2502//2502 2260//2260
f 2502//2502 2507//2507 2503//2503
f 2502//2502 2506//2506 2507//2507
f 2503//2503 2508//2508 2504//2504
f 2503//2503 2507//2507 2508//2508
f 2504//2504 2509//2509 2505//2505
f 2504//2504 2508//2508 2509//2509
f 2509//2509 2267//2267 2262//2262
f 2509//2509 2262//2262 2505//2505
f 2269//2269 2510//2510 2506//2506
f 2269//2269 2506//2506 2265//2265
f 2506//2506 2511//2511 2507//2507
f 2506//2506 2510//2510 2511//2511
f 2507//2507 2512//2512 2508//2508
f 2507//2507 2511//2511 2512//2512
f 2508//2508 2513//2513 2509//2509
f 2508//2508 2512//2512 2513//2513
f 2513//2513 2271//2271 2267//2267
f 2513//2513 2267//2267 2509//2509
f 2273//2273 2514//2514 2510//2510
f 2273//2273 2510//2510 2269//2269
f 2510//2510 2515//2515 2511//2511
f 2510//2510 2514//2514 2515//2515
f 2511//2511 2516//2516 2512//2512
f 2511//2511 2515//2515 2516//2516
f 2512//2512 2517//2517 2513//2513
f 2512//2512 2516//2516 2517//2517
f 2517//2517 2275//2275 2271//2271
f 2517//2517 2271//2271 2513//2513
f 2277//2277 2518//2518 2514//2514
f 2277//2277 2514//2514 2273//2273
f 2514//2514 2519//2519 2515//2515
f 2514//2514 2518//2518 2519//2519
f 2515//2515 2520//2520 2516//2516
f 2515//2515 2519//2519 2520//2520
f 2516//2516 2521//2521 2517//2517
f 2516//2516 2520//2520 2521//2521
f 2521//2521 2279//2279 2275//2275
f 2521//2521 2275//2275 2517//2517
f 2281//2281 2518//2518 2277//2277
f 2518//2518 2281//2281 2283//2283
f 2522//2522 2518//2518 2283//2283
f 2519//2519 2518//2518 2522//2522
f 2519//2519 2523//2523 2520//2520
f 2519//2519 2522//2522 2523//2523
f 2520//2520 2524//2524 2521//2521
f 2520//2520 2523//2523 2524//2524
f 2524//2524 2285//2285 2279//2279
f 2524//2524 2279//2279 2521//2521
f 2288//2288 2525//2525 2522//2522
f 2288//2288 2522//2522 2283//2283
f 2522//2522 2526//2526 2523//2523
f 2522//2522 2525//2525 2526//2526
f 2523//2523 2527//2527 2524//2524
f 2523//2523 2526//2526 2527//2527
f 2527//2527 2290//2290 2285//2285
f 2527//2527 2285//2285 2524//2524
f 2293//2293 2528//2528 2525//2525
f 2293//2293 2525//2525 2288//2288
f 2525//2525 2529//2529 2526//2526
f 2525//2525 2528//2528 2529//2529
f 2529//2529 2295//2295 2296//2296
f 2527//2527 2529//2529 2296//2296
f 2526//2526 2529//2529 2527//2527
f 2527//2527 2296//2296 2290//2290
f 2300//2300 2530//2530 2528//2528
f 2300//2300 2528//2528 2293//2293
f 2528//2528 2531//2531 2529//2529
f 2528//2528 2530//2530 2531//2531
f 2531//2531 2302//2302 2295//2295
f 2531//2531 2295//2295 2529//2529
f 2305//2305 2530//2530 2300//2300
f 2530//2530 2305//2305 2307//2307
f 2532//2532 2530//2530 2307//2307
f 2531//2531 2530//2530 2532//2532
f 2532//2532 2309//2309 2302//2302
f 2532//2532 2302//2302 2531//2531
f 2313//2313 2532//2532 2307//2307
f 2532//2532 2313//2313 2309//2309
f 2389//2389 2533//2533 2390//2390
f 2534//2534 2391//2391 2390//2390
f 2534//2534 2390//2390 2533//2533
f 2535//2535 2392//2392 2391//2391
f 2535//2535 2391//2391 2534//2534
f 2535//2535 2393//2393 2392//2392
f 2395//2395 2536//2536 2394//2394
f 2533//2533 2389//2389 2394//2394
f 2536//2536 2533//2533 2394//2394
f 2537//2537 2533//2533 2536//2536
f 2533//2533 2538//2538 2534//2534
f 2533//2533 2537//2537 2538//2538
f 2534//2534 2539//2539 2535//2535
f 2534//2534 2538//2538 2539//2539
f 2539//2539 2397//2397 2393//2393
f 2539//2539 2393//2393 2535//2535
f 2399//2399 2540//2540 2536//2536
f 2399//2399 2536//2536 2395//2395
f 2542//2542 2537//2537 2541//2541
f 2537//2537 2540//2540 2541//2541
f 2537//2537 2536//2536 2540//2540
f 2537//2537 2542//2542 2538//2538
f 2538//2538 2542//2542 2543//2543
f 2538//2538 2543//2543 2539//2539
f 2539//2539 2543//2543 2544//2544
f 2544//2544 2546//2546 2545//2545
f 2544//2544 2545//2545 2400//2400
f 2539//2539 2544//2544 2400//2400
f 2397//2397 2539//2539 2400//2400
f 2545//2545 2401//2401 2400//2400
f 2548//2548 2547//2547 2540//2540
f 2399//2399 2548//2548 2540//2540
f 2403//2403 2548//2548 2399//2399
f 2540//2540 2547//2547 2541//2541
f 2545//2545 2546//2546 2549//2549
f 2549//2549 2546//2546 2550//2550
f 2549//2549 2405//2405 2401//2401
f 2549//2549 2401//2401 2545//2545
f 2407//2407 2551//2551 2406//2406
f 2551//2551 2552//2552 2406//2406
f 2552//2552 2403//2403 2406//2406
f 2552//2552 2548//2548 2403//2403
f 2550//2550 2553//2553 2549//2549
f 2405//2405 2549//2549 2553//2553
f 2554//2554 2405//2405 2553//2553
f 2409//2409 2405//2405 2554//2554
f 2410//2410 2555//2555 2551//2551
f 2410//2410 2551//2551 2407//2407
f 2552//2552 2551//2551 2556//2556
f 2556//2556 2551//2551 2555//2555
f 2411//2411 2409//2409 2557//2557
f 2409//2409 2558//2558 2557//2557
f 2409//2409 2554//2554 2558//2558
f 2557//2557 2412//2412 2411//2411
f 2413//2413 2559//2559 2555//2555
f 2413//2413 2555//2555 2410//2410
f 2556//2556 2555//2555 2560//2560
f 2560//2560 2555//2555 2559//2559
f 2557//2557 2558//2558 2561//2561
f 2561//2561 2558//2558 2562//2562
f 2561//2561 2414//2414 2412//2412
f 2561//2561 2412//2412 2557//2557
f 2416//2416 2563//2563 2559//2559
f 2416//2416 2559//2559 2413//2413
f 2560//2560 2559//2559 2564//2564
f 2564//2564 2559//2559 2563//2563
f 2562//2562 2565//2565 2561//2561
f 2414//2414 2561//2561 2565//2565
f 2566//2566 2414//2414 2565//2565
f 2418//2418 2414//2414 2566//2566
f 2420//2420 2567//2567 2563//2563
f 2420//2420 2563//2563 2416//2416
f 2564//2564 2563//2563 2568//2568
f 2568//2568 2563//2563 2567//2567
f 2566//2566 2422//2422 2418//2418
f 2569//2569 2422//2422 2566//2566
f 2423//2423 2570//2570 2567//2567
f 2423//2423 2567//2567 2420//2420
f 2568//2568 2567//2567 2571//2571
f 2571//2571 2567//2567 2570//2570
f 2569//2569 2425//2425 2422//2422
f 2572//2572 2425//2425 2569//2569
f 2426//2426 2573//2573 2570//2570
f 2426//2426 2570//2570 2423//2423
f 2571//2571 2570//2570 2574//2574
f 2574//2574 2570//2570 2573//2573
f 2577//2577 2576//2576 2575//2575
f 2572//2572 2577//2577 2575//2575
f 2428//2428 2572//2572 2575//2575
f 2425//2425 2572//2572 2428//2428
f 2429//2429 2578//2578 2573//2573
f 2429//2429 2573//2573 2426//2426
f 2574//2574 2573//2573 2579//2579
f 2579//2579 2573//2573 2578//2578
f 2575//2575 2576//2576 2580//2580
f 2580//2580 2576//2576 2581//2581
f 2580//2580 2431//2431 2428//2428
f 2580//2580 2428//2428 2575//2575
f 2432//2432 2578//2578 2429//2429
f 2432//2432 2434//2434 2578//2578
f 2434//2434 2579//2579 2578//2578
f 2434//2434 2582//2582 2579//2579
f 2580//2580 2581//2581 2583//2583
f 2583//2583 2581//2581 2584//2584
f 2583//2583 2436//2436 2431//2431
f 2583//2583 2431//2431 2580//2580
f 2438//2438 2586//2586 2585//2585
f 2582//2582 2438//2438 2585//2585
f 2434//2434 2438//2438 2582//2582
f 2586//2586 2587//2587 2585//2585
f 2583//2583 2584//2584 2588//2588
f 2588//2588 2584//2584 2589//2589
f 2588//2588 2440//2440 2436//2436
f 2588//2588 2436//2436 2583//2583
f 2442//2442 2590//2590 2586//2586
f 2442//2442 2586//2586 2438//2438
f 2587//2587 2586//2586 2591//2591
f 2586//2586 2592//2592 2591//2591
f 2586//2586 2590//2590 2592//2592
f 2592//2592 2593//2593 2591//2591
f 2596//2596 2595//2595 2594//2594
f 2596//2596 2594//2594 2589//2589
f 2594//2594 2588//2588 2589//2589
f 2594//2594 2597//2597 2588//2588
f 2597//2597 2443//2443 2440//2440
f 2597//2597 2440//2440 2588//2588
f 2444//2444 2590//2590 2442//2442
f 2590//2590 2444//2444 2446//2446
f 2598//2598 2590//2590 2446//2446
f 2592//2592 2590//2590 2598//2598
f 2593//2593 2592//2592 2599//2599
f 2592//2592 2600//2600 2599//2599
f 2592//2592 2598//2598 2600//2600
f 2602//2602 2601//2601 2600//2600
f 2600//2600 2601//2601 2599//2599
f 2601//2601 2602//2602 2595//2595
f 2602//2602 2594//2594 2595//2595
f 2602//2602 2603//2603 2594//2594
f 2603//2603 2448//2448 2449//2449
f 2597//2597 2603//2603 2449//2449
f 2594//2594 2603//2603 2597//2597
f 2597//2597 2449//2449 2443//2443
f 2451//2451 2604//2604 2598//2598
f 2451//2451 2598//2598 2446//2446
f 2598//2598 2605//2605 2600//2600
f 2598//2598 2604//2604 2605//2605
f 2600//2600 2606//2606 2602//2602
f 2600//2600 2605//2605 2606//2606
f 2602//2602 2607//2607 2603//2603
f 2602//2602 2606//2606 2607//2607
f 2607//2607 2453//2453 2448//2448
f 2607//2607 2448//2448 2603//2603
f 2455//2455 2608//2608 2604//2604
f 2455//2455 2604//2604 2451//2451
f 2604//2604 2609//2609 2605//2605
f 2604//2604 2608//2608 2609//2609
f 2605//2605 2610//2610 2606//2606
f 2605//2605 2609//2609 2610//2610
f 2606//2606 2611//2611 2607//2607
f 2606//2606 2610//2610 2611//2611
f 2611//2611 2457//2457 2453//2453
f 2611//2611 2453//2453 2607//2607
f 2459//2459 2612//2612 2608//2608
f 2459//2459 2608//2608 2455//2455
f 2608//2608 2613//2613 2609//2609
f 2608//2608 2612//2612 2613//2613
f 2609//2609 2614//2614 2610//2610
f 2609//2609 2613//2613 2614//2614
f 2610//2610 2615//2615 2611//2611
f 2610//2610 2614//2614 2615//2615
f 2615//2615 2461//2461 2457//2457
f 2615//2615 2457//2457 2611//2611
f 2463//2463 2612//2612 2459//2459
f 2612//2612 2463//2463 2465//2465
f 2616//2616 2612//2612 2465//2465
f 2613//2613 2612//2612 2616//2616
f 2613//2613 2617//2617 2614//2614
f 2613//2613 2616//2616 2617//2617
f 2614//2614 2618//2618 2615//2615
f 2614//2614 2617//2617 2618//2618
f 2618//2618 2467//2467 2461//2461
f 2618//2618 2461//2461 2615//2615
f 2470//2470 2619//2619 2616//2616
f 2470//2470 2616//2616 2465//2465
f 2616//2616 2620//2620 2617//2617
f 2616//2616 2619//2619 2620//2620
f 2617//2617 2621//2621 2618//2618
f 2617//2617 2620//2620 2621//2621
f 2621//2621 2472//2472 2467//2467
f 2621//2621 2467//2467 2618//2618
f 2475//2475 2622//2622 2619//2619
f 2475//2475 2619//2619 2470//2470
f 2619//2619 2623//2623 2620//2620
f 2619//2619 2622//2622 2623//2623
f 2623//2623 2477//2477 2478//2478
f 2621//2621 2623//2623 2478//2478
f 2620//2620 2623//2623 2621//2621
f 2621//2621 2478//2478 2472//2472
f 2481//2481 2624//2624 2622//2622
f 2481//2481 2622//2622 2475//2475
f 2622//2622 2625//2625 2623//2623
f 2622//2622 2624//2624 2625//2625
f 2625//2625 2483//2483 2477//2477
f 2625//2625 2477//2477 2623//2623
f 2486//2486 2624//2624 2481//2481
f 2624//2624 2486//2486 2488//2488
f 2624//2624 2488//2488 2625//2625
f 2625//2625 2488//2488 2483//2483
f 2541//2541 2626//2626 2542//2542
f 2627//2627 2543//2543 2542//2542
f 2627//2627 2542//2542 2626//2626
f 2628//2628 2544//2544 2543//2543
f 2628//2628 2543//2543 2627//2627
f 2628//2628 2546//2546 2544//2544
f 2548//2548 2629//2629 2547//2547
f 2626//2626 2541//2541 2547//2547
f 2629//2629 2626//2626 2547//2547
f 2630//2630 2626//2626 2629//2629
f 2626//2626 2631//2631 2627//2627
f 2626//2626 2630//2630 2631//2631
f 2627//2627 2632//2632 2628//2628
f 2627//2627 2631//2631 2632//2632
f 2632//2632 2550//2550 2546//2546
f 2632//2632 2546//2546 2628//2628
f 2552//2552 2633//2633 2629//2629
f 2552//2552 2629//2629 2548//2548
f 2629//2629 2634//2634 2630//2630
f 2629//2629 2633//2633 2634//2634
f 2630//2630 2635//2635 2631//2631
f 2630//2630 2634//2634 2635//2635
f 2631//2631 2636//2636 2632//2632
f 2631//2631 2635//2635 2636//2636
f 2637//2637 2553//2553 2550//2550
f 2632//2632 2637//2637 2550//2550
f 2636//2636 2637//2637 2632//2632
f 2637//2637 2554//2554 2553//2553
f 2556//2556 2638//2638 2633//2633
f 2556//2556 2633//2633 2552//2552
f 2633//2633 2639//2639 2634//2634
f 2633//2633 2638//2638 2639//2639
f 2641//2641 2635//2635 2640//2640
f 2635//2635 2639//2639 2640//2640
f 2635//2635 2634//2634 2639//2639
f 2643//2643 2642//2642 2641//2641
f 2642//2642 2635//2635 2641//2641
f 2642//2642 2636//2636 2635//2635
f 2636//2636 2644//2644 2637//2637
f 2636//2636 2642//2642 2644//2644
f 2644//2644 2558//2558 2554//2554
f 2644//2644 2554//2554 2637//2637
f 2560//2560 2645//2645 2638//2638
f 2560//2560 2638//2638 2556//2556
f 2647//2647 2639//2639 2646//2646
f 2639//2639 2645//2645 2646//2646
f 2639//2639 2638//2638 2645//2645
f 2639//2639 2647//2647 2640//2640
f 2643//2643 2648//2648 2642//2642
f 2650//2650 2649//2649 2648//2648
f 2649//2649 2642//2642 2648//2648
f 2649//2649 2644//2644 2642//2642
f 2649//2649 2562//2562 2558//2558
f 2649//2649 2558//2558 2644//2644
f 2564//2564 2651//2651 2645//2645
f 2564//2564 2645//2645 2560//2560
f 2646//2646 2645//2645 2652//2652
f 2652//2652 2645//2645 2651//2651
f 2649//2649 2650//2650 2653//2653
f 2653//2653 2650//2650 2654//2654
f 2655//2655 2565//2565 2562//2562
f 2649//2649 2655//2655 2562//2562
f 2653//2653 2655//2655 2649//2649
f 2655//2655 2566//2566 2565//2565
f 2568//2568 2656//2656 2651//2651
f 2568//2568 2651//2651 2564//2564
f 2652//2652 2651//2651 2657//2657
f 2657//2657 2651//2651 2656//2656
f 2653//2653 2654//2654 2658//2658
f 2658//2658 2654//2654 2659//2659
f 2653//2653 2660//2660 2655//2655
f 2653//2653 2658//2658 2660//2660
f 2660//2660 2569//2569 2566//2566
f 2660//2660 2566//2566 2655//2655
f 2571//2571 2661//2661 2656//2656
f 2571//2571 2656//2656 2568//2568
f 2657//2657 2656//2656 2662//2662
f 2662//2662 2656//2656 2661//2661
f 2658//2658 2659//2659 2663//2663
f 2663//2663 2659//2659 2664//2664
f 2658//2658 2665//2665 2660//2660
f 2658//2658 2663//2663 2665//2665
f 2665//2665 2572//2572 2569//2569
f 2665//2665 2569//2569 2660//2660
f 2574//2574 2666//2666 2661//2661
f 2574//2574 2661//2661 2571//2571
f 2662//2662 2661//2661 2667//2667
f 2661//2661 2668//2668 2667//2667
f 2661//2661 2666//2666 2668//2668
f 2668//2668 2669//2669 2667//2667
f 2672//2672 2671//2671 2670//2670
f 2672//2672 2670//2670 2664//2664
f 2670//2670 2663//2663 2664//2664
f 2670//2670 2673//2673 2663//2663
f 2673//2673 2576//2576 2577//2577
f 2665//2665 2673//2673 2577//2577
f 2663//2663 2673//2673 2665//2665
f 2665//2665 2577//2577 2572//2572
f 2579//2579 2674//2674 2666//2666
f 2579//2579 2666//2666 2574//2574
f 2666//2666 2675//2675 2668//2668
f 2666//2666 2674//2674 2675//2675
f 2669//2669 2668//2668 2676//2676
f 2668//2668 2677//2677 2676//2676
f 2668//2668 2675//2675 2677//2677
f 2676//2676 2677//2677 2671//2671
f 2677//2677 2670//2670 2671//2671
f 2677//2677 2678//2678 2670//2670
f 2670//2670 2679//2679 2673//2673
f 2670//2670 2678//2678 2679//2679
f 2679//2679 2581//2581 2576//2576
f 2679//2679 2576//2576 2673//2673
f 2582//2582 2680//2680 2674//2674
f 2582//2582 2674//2674 2579//2579
f 2674//2674 2681//2681 2675//2675
f 2674//2674 2680//2680 2681//2681
f 2675//2675 2682//2682 2677//2677
f 2675//2675 2681//2681 2682//2682
f 2677//2677 2683//2683 2678//2678
f 2677//2677 2682//2682 2683//2683
f 2678//2678 2684//2684 2679//2679
f 2678//2678 2683//2683 2684//2684
f 2684//2684 2584//2584 2581//2581
f 2684//2684 2581//2581 2679//2679
f 2585//2585 2680//2680 2582//2582
f 2680//2680 2585//2585 2587//2587
f 2685//2685 2680//2680 2587//2587
f 2681//2681 2680//2680 2685//2685
f 2681//2681 2686//2686 2682//2682
f 2681//2681 2685//2685 2686//2686
f 2682//2682 2687//2687 2683//2683
f 2682//2682 2686//2686 2687//2687
f 2683//2683 2688//2688 2684//2684
f 2683//2683 2687//2687 2688//2688
f 2688//2688 2589//2589 2584//2584
f 2688//2688 2584//2584 2684//2684
f 2591//2591 2685//2685 2587//2587
f 2685//2685 2591//2591 2593//2593
f 2689//2689 2685//2685 2593//2593
f 2686//2686 2685//2685 2689//2689
f 2686//2686 2690//2690 2687//2687
f 2686//2686 2689//2689 2690//2690
f 2690//2690 2595//2595 2596//2596
f 2688//2688 2690//2690 2596//2596
f 2687//2687 2690//2690 2688//2688
f 2688//2688 2596//2596 2589//2589
f 2599//2599 2689//2689 2593//2593
f 2689//2689 2599//2599 2601//2601
f 2689//2689 2601//2601 2690//2690
f 2690//2690 2601//2601 2595//2595
f 2640//2640 2691//2691 2641//2641
f 2691//2691 2643//2643 2641//2641
f 2646//2646 2692//2692 2647//2647
f 2691//2691 2640//2640 2647//2647
f 2692//2692 2691//2691 2647//2647
f 2693//2693 2691//2691 2692//2692
f 2694//2694 2648//2648 2643//2643
f 2691//2691 2694//2694 2643//2643
f 2693//2693 2694//2694 2691//2691
f 2694//2694 2650//2650 2648//2648
f 2652//2652 2695//2695 2692//2692
f 2652//2652 2692//2692 2646//2646
f 2692//2692 2696//2696 2693//2693
f 2692//2692 2695//2695 2696//2696
f 2693//2693 2697//2697 2694//2694
f 2693//2693 2696//2696 2697//2697
f 2697//2697 2654//2654 2650//2650
f 2697//2697 2650//2650 2694//2694
f 2657//2657 2698//2698 2695//2695
f 2657//2657 2695//2695 2652//2652
f 2695//2695 2699//2699 2696//2696
f 2695//2695 2698//2698 2699//2699
f 2696//2696 2700//2700 2697//2697
f 2696//2696 2699//2699 2700//2700
f 2700//2700 2659//2659 2654//2654
f 2700//2700 2654//2654 2697//2697
f 2662//2662 2701//2701 2698//2698
f 2662//2662 2698//2698 2657//2657
f 2698//2698 2702//2702 2699//2699
f 2698//2698 2701//2701 2702//2702
f 2699//2699 2703//2703 2700//2700
f 2699//2699 2702//2702 2703//2703
f 2703//2703 2664//2664 2659//2659
f 2703//2703 2659//2659 2700//2700
f 2667//2667 2701//2701 2662//2662
f 2701//2701 2667//2667 2669//2669
f 2704//2704 2701//2701 2669//2669
f 2702//2702 2701//2701 2704//2704
f 2704//2704 2671//2671 2672//2672
f 2703//2703 2704//2704 2672//2672
f 2702//2702 2704//2704 2703//2703
f 2703//2703 2672//2672 2664//2664
f 2676//2676 2704//2704 2669//2669
f 2704//2704 2676//2676 2671//2671
