# M5 hair shell, intentionally open at scalp boundary
v 0.1166866 1.8550000 0.0000000
v 0.1166659 1.8492524 0.0096432
v 0.1153777 1.8434350 0.0192573
v 0.1128200 1.8376037 0.0287141
v 0.1090163 1.8318148 0.0378852
v 0.1040267 1.8261240 0.0466592
v 0.0979453 1.8205860 0.0549535
v 0.0908660 1.8152543 0.0626824
v 0.0828924 1.8101802 0.0697694
v 0.0741339 1.8054125 0.0761487
v 0.0647025 1.8009972 0.0817644
v 0.0547095 1.7969767 0.0865709
v 0.0442641 1.7933899 0.0905317
v 0.0334715 1.7902712 0.0936195
v 0.0224329 1.7876506 0.0958147
v 0.0112448 1.7855535 0.0971053
v 0.0000000 1.7840000 0.0974864
v -0.0112123 1.7830051 0.0969594
v -0.0223057 1.7825783 0.0955319
v -0.0331954 1.7827238 0.0932175
v -0.0437977 1.7834401 0.0900357
v -0.0540295 1.7847204 0.0860118
v -0.0638071 1.7865523 0.0811774
v -0.0730459 1.7889183 0.0755698
v -0.0816603 1.7917954 0.0692334
v -0.0895638 1.7951561 0.0622191
v -0.0966690 1.7989678 0.0545852
v -0.1028893 1.8031940 0.0463975
v -0.1081406 1.8077939 0.0377297
v -0.1123429 1.8127233 0.0286634
v -0.1154240 1.8179346 0.0192877
v -0.1173227 1.8233776 0.0096991
v -0.1179923 1.8290000 0.0000000
v -0.1173985 1.8347476 -0.0097011
v -0.1155213 1.8405650 -0.0192802
v -0.1123916 1.8463963 -0.0286098
v -0.1080662 1.8521852 -0.0375694
v -0.1026237 1.8578760 -0.0460496
v -0.0961597 1.8634140 -0.0539546
v -0.0887828 1.8687457 -0.0612046
v -0.0806093 1.8738198 -0.0677362
v -0.0717590 1.8785875 -0.0735023
v -0.0623504 1.8830028 -0.0784714
v -0.0524978 1.8870233 -0.0826256
v -0.0423080 1.8906101 -0.0859584
v -0.0318793 1.8937288 -0.0884723
v -0.0213002 1.8963494 -0.0901761
v -0.0106501 1.8984465 -0.0910826
v -0.0000000 1.9000000 -0.0912066
v 0.0105860 1.9009949 -0.0905629
v 0.0210480 1.9014217 -0.0891643
v 0.0313297 1.9012762 -0.0870261
v 0.0413735 1.9005599 -0.0841573
v 0.0511200 1.8992796 -0.0805671
v 0.0605058 1.8974477 -0.0762660
v 0.0694616 1.8950817 -0.0712651
v 0.0779116 1.8922046 -0.0655794
v 0.0857732 1.8888439 -0.0592291
v 0.0929577 1.8850322 -0.0522426
v 0.0993721 1.8808060 -0.0446582
v 0.1049211 1.8762061 -0.0365259
v 0.1095108 1.8712767 -0.0279095
v 0.1130523 1.8660654 -0.0188865
v 0.1154661 1.8606224 -0.0095484
v 0.1160979 1.8600500 0.0000000
v 0.1161678 1.8545898 0.0096038
v 0.1149931 1.8490632 0.0191959
v 0.1125678 1.8435235 0.0286527
v 0.1089098 1.8380241 0.0378498
v 0.1040612 1.8326178 0.0466659
v 0.0980922 1.8273567 0.0549954
v 0.0911051 1.8222916 0.0627664
v 0.0832005 1.8174712 0.0699019
v 0.0744852 1.8129419 0.0763334
v 0.0650701 1.8087473 0.0820028
v 0.0550671 1.8049279 0.0868617
v 0.0445868 1.8015204 0.0908717
v 0.0337373 1.7985576 0.0940029
v 0.0226231 1.7960681 0.0962343
v 0.0113449 1.7940758 0.0975525
v 0.0000000 1.7926000 0.0979515
v -0.0113179 1.7916548 0.0974322
v -0.0225176 1.7912494 0.0960021
v -0.0335098 1.7913876 0.0936749
v -0.0442063 1.7920681 0.0904706
v -0.0545197 1.7932844 0.0864156
v -0.0643624 1.7950247 0.0815425
v -0.0736463 1.7972724 0.0758904
v -0.0822829 1.8000056 0.0695055
v -0.0901836 1.8031983 0.0624407
v -0.0972600 1.8068194 0.0547566
v -0.1034257 1.8108343 0.0465215
v -0.1085978 1.8152042 0.0378113
v -0.1126993 1.8198871 0.0287098
v -0.1156620 1.8248378 0.0193080
v -0.1174299 1.8300087 0.0097036
v -0.1179549 1.8353500 0.0000000
v -0.1172063 1.8408102 -0.0096859
v -0.1151962 1.8463368 -0.0192283
v -0.1119612 1.8518765 -0.0285051
v -0.1075602 1.8573759 -0.0374013
v -0.1020715 1.8627822 -0.0458131
v -0.0955893 1.8680433 -0.0536494
v -0.0882191 1.8731084 -0.0608343
v -0.0800735 1.8779288 -0.0673075
v -0.0712681 1.8824581 -0.0730239
v -0.0619171 1.8866527 -0.0779530
v -0.0521308 1.8904721 -0.0820771
v -0.0420127 1.8938796 -0.0853890
v -0.0316581 1.8968424 -0.0878902
v -0.0211537 1.8993319 -0.0895883
v -0.0105775 1.9013242 -0.0904941
v -0.0000000 1.9028000 -0.0906018
v 0.0105081 1.9037452 -0.0899373
v 0.0208895 1.9041506 -0.0885352
v 0.0310956 1.9040124 -0.0864165
v 0.0410759 1.9033319 -0.0835876
v 0.0507680 1.9021156 -0.0800423
v 0.0600916 1.9003753 -0.0757712
v 0.0689817 1.8981276 -0.0707983
v 0.0773692 1.8953944 -0.0651462
v 0.0851736 1.8922017 -0.0588360
v 0.0923092 1.8885806 -0.0518963
v 0.0986860 1.8845657 -0.0443650
v 0.1042125 1.8801958 -0.0362912
v 0.1087979 1.8755129 -0.0277365
v 0.1123567 1.8705622 -0.0187757
v 0.1148115 1.8653913 -0.0094968
v 0.1154097 1.8651000 0.0000000
v 0.1155543 1.8599272 0.0095554
v 0.1144765 1.8546915 0.0191135
v 0.1121673 1.8494433 0.0285552
v 0.1086398 1.8442333 0.0377600
v 0.1039296 1.8391116 0.0466094
v 0.0980940 1.8341274 0.0549910
v 0.0912111 1.8293289 0.0628035
v 0.0833864 1.8247622 0.0699813
v 0.0747273 1.8204713 0.0764599
v 0.0653432 1.8164975 0.0821786
v 0.0553456 1.8128791 0.0870866
v 0.0448465 1.8096509 0.0911431
v 0.0339562 1.8068440 0.0943162
v 0.0227824 1.8044856 0.0965828
v 0.0114299 1.8025982 0.0979284
v 0.0000000 1.8012000 0.0983456
v -0.0114087 1.8003046 0.0978348
v -0.0227002 1.7999205 0.0964033
v -0.0337804 1.8000514 0.0940648
v -0.0445568 1.8006961 0.0908402
v -0.0549374 1.8018484 0.0867565
v -0.0648307 1.8034971 0.0818477
v -0.0741453 1.8056265 0.0761547
v -0.0827902 1.8082159 0.0697253
v -0.0906748 1.8112404 0.0626149
v -0.0977104 1.8146710 0.0548863
v -0.1038110 1.8184746 0.0466099
v -0.1088956 1.8226145 0.0378641
v -0.1128904 1.8270509 0.0287345
v -0.1157314 1.8317411 0.0193137
v -0.1173566 1.8366398 0.0096977
v -0.1177310 1.8417000 0.0000000
v -0.1168495 1.8468728 -0.0096577
v -0.1147296 1.8521085 -0.0191539
v -0.1114113 1.8573567 -0.0283713
v -0.1069549 1.8625667 -0.0372004
v -0.1014383 1.8676884 -0.0455420
v -0.0949538 1.8726726 -0.0533094
v -0.0876040 1.8774711 -0.0604304
v -0.0794978 1.8820378 -0.0668470
v -0.0707468 1.8863287 -0.0725161
v -0.0614611 1.8903025 -0.0774077
v -0.0517473 1.8939209 -0.0815040
v -0.0417057 1.8971491 -0.0847973
v -0.0314292 1.8999560 -0.0872879
v -0.0209995 1.9023144 -0.0889711
v -0.0104936 1.9042018 -0.0898219
v -0.0000000 1.9056000 -0.0898798
v 0.0104139 1.9064954 -0.0891893
v 0.0206986 1.9068795 -0.0877856
v 0.0308133 1.9067486 -0.0856892
v 0.0407150 1.9061039 -0.0829050
v 0.0503482 1.9049516 -0.0794246
v 0.0596380 1.9033029 -0.0752327
v 0.0684856 1.9011735 -0.0703159
v 0.0768066 1.8985841 -0.0646971
v 0.0845488 1.8955596 -0.0584265
v 0.0916292 1.8921290 -0.0515333
v 0.0979609 1.8883254 -0.0440552
v 0.1034557 1.8841855 -0.0360405
v 0.1080264 1.8797491 -0.0275492
v 0.1115902 1.8750589 -0.0186536
v 0.1140723 1.8701602 -0.0094385
v 0.1146259 1.8701500 0.0000000
v 0.1148300 1.8652645 0.0094982
v 0.1138335 1.8603197 0.0190110
v 0.1116249 1.8553632 0.0284233
v 0.1082132 1.8504426 0.0376182
v 0.1036285 1.8456054 0.0464803
v 0.0979217 1.8408981 0.0548986
v 0.0911623 1.8363662 0.0627701
v 0.0834367 1.8320532 0.0700021
v 0.0748474 1.8280006 0.0765224
v 0.0655093 1.8242476 0.0822849
v 0.0555338 1.8208302 0.0872376
v 0.0450334 1.8177814 0.0913371
v 0.0341204 1.8151305 0.0945494
v 0.0229054 1.8129030 0.0968498
v 0.0114967 1.8111205 0.0982217
v 0.0000000 1.8098000 0.0986572
v -0.0114816 1.8089543 0.0981556
v -0.0228473 1.8085915 0.0967239
v -0.0339984 1.8087152 0.0943762
v -0.0448374 1.8093241 0.0911336
v -0.0552684 1.8104123 0.0870244
v -0.0651959 1.8119695 0.0820838
v -0.0745254 1.8139805 0.0763544
v -0.0831635 1.8164261 0.0698860
v -0.0910184 1.8192826 0.0627360
v -0.0980011 1.8225226 0.0549695
v -0.1040265 1.8261149 0.0466591
v -0.1090161 1.8300248 0.0378854
v -0.1128953 1.8342148 0.0287324
v -0.1155971 1.8386444 0.0192923
v -0.1170810 1.8432710 0.0096760
v -0.1173266 1.8480500 0.0000000
v -0.1163348 1.8529355 -0.0096170
v -0.1141274 1.8578803 -0.0190578
v -0.1107469 1.8628368 -0.0282098
v -0.1062544 1.8677574 -0.0369680
v -0.1007272 1.8725946 -0.0452377
v -0.0942557 1.8773019 -0.0529362
v -0.0869394 1.8818338 -0.0599942
v -0.0788837 1.8861468 -0.0663561
v -0.0701962 1.8901994 -0.0719800
v -0.0609832 1.8939524 -0.0768364
v -0.0513479 1.8973698 -0.0809074
v -0.0413875 1.9004186 -0.0841842
v -0.0311815 1.9030695 -0.0866394
v -0.0208134 1.9052970 -0.0882356
v -0.0103917 1.9070795 -0.0890135
v -0.0000000 1.9084000 -0.0890221
v 0.0103022 1.9092457 -0.0883072
v 0.0204732 1.9096085 -0.0869044
v 0.0304794 1.9094848 -0.0848335
v 0.0402852 1.9088759 -0.0820977
v 0.0498424 1.9077877 -0.0786867
v 0.0590827 1.9062305 -0.0745819
v 0.0679139 1.9042195 -0.0697657
v 0.0762208 1.9017739 -0.0642299
v 0.0838996 1.8989174 -0.0580012
v 0.0909188 1.8956774 -0.0511542
v 0.0971981 1.8920851 -0.0437295
v 0.1026526 1.8881752 -0.0357746
v 0.1071983 1.8839852 -0.0273484
v 0.1107555 1.8795556 -0.0185208
v 0.1132519 1.8749290 -0.0093738
v 0.1137507 1.8752000 0.0000000
v 0.1139997 1.8706019 0.0094327
v 0.1130695 1.8659480 0.0188892
v 0.1109466 1.8612830 0.0282584
v 0.1076368 1.8566518 0.0374268
v 0.1031656 1.8520992 0.0462818
v 0.0975778 1.8476688 0.0547142
v 0.0909369 1.8434035 0.0626216
v 0.0833223 1.8393442 0.0699102
v 0.0748274 1.8355300 0.0764977
v 0.0655560 1.8319977 0.0823139
v 0.0556203 1.8287814 0.0873066
v 0.0451378 1.8259119 0.0914447
v 0.0342221 1.8234169 0.0946929
v 0.0229865 1.8213205 0.0970245
v 0.0115425 1.8196428 0.0984216
v 0.0000000 1.8184000 0.0988748
v -0.0115336 1.8176041 0.0983829
v -0.0229530 1.8172626 0.0969524
v -0.0341545 1.8173790 0.0945976
v -0.0450365 1.8179521 0.0913403
v -0.0554986 1.8189763 0.0872094
v -0.0654419 1.8204419 0.0822418
v -0.0747689 1.8223346 0.0764816
v -0.0833843 1.8246363 0.0699805
v -0.0911952 1.8273248 0.0627979
v -0.0981128 1.8303743 0.0550013
v -0.1040507 1.8337552 0.0466614
v -0.1089271 1.8374351 0.0378555
v -0.1126766 1.8413786 0.0286792
v -0.1152492 1.8455476 0.0192367
v -0.1166116 1.8499021 0.0096389
v -0.1167497 1.8544000 0.0000000
v -0.1156692 1.8589981 -0.0095645
v -0.1133954 1.8636520 -0.0189411
v -0.1099727 1.8683170 -0.0280217
v -0.1054627 1.8729482 -0.0367055
v -0.0999417 1.8775008 -0.0449017
v -0.0934977 1.8819312 -0.0525311
v -0.0862275 1.8861965 -0.0595271
v -0.0782328 1.8902558 -0.0658359
v -0.0696174 1.8940700 -0.0714167
v -0.0604843 1.8976023 -0.0762402
v -0.0509331 1.9008186 -0.0802880
v -0.0410332 1.9036881 -0.0835065
v -0.0308758 1.9061831 -0.0858498
v -0.0205874 1.9082795 -0.0873506
v -0.0102703 1.9099572 -0.0880559
v -0.0000000 1.9112000 -0.0880166
v 0.0101718 1.9119959 -0.0872798
v 0.0202107 1.9123374 -0.0858807
v 0.0300904 1.9122210 -0.0838384
v 0.0397819 1.9116479 -0.0811547
v 0.0492441 1.9106237 -0.0778174
v 0.0584157 1.9091581 -0.0738053
v 0.0672111 1.9072654 -0.0690969
v 0.0755207 1.9049637 -0.0636787
v 0.0832157 1.9022752 -0.0575541
v 0.0901791 1.8992257 -0.0507597
v 0.0963992 1.8958448 -0.0433884
v 0.1018051 1.8921649 -0.0354942
v 0.1063161 1.8882214 -0.0271345
v 0.1098556 1.8840524 -0.0183777
v 0.1123537 1.8796979 -0.0093030
v 0.1127880 1.8802500 0.0000000
v 0.1130680 1.8759393 0.0093593
v 0.1121899 1.8715762 0.0187491
v 0.1101388 1.8672028 0.0280621
v 0.1069177 1.8628611 0.0371881
v 0.1025482 1.8585930 0.0460172
v 0.0970704 1.8544395 0.0544423
v 0.0905421 1.8504407 0.0623617
v 0.0830369 1.8466351 0.0696812
v 0.0746423 1.8430594 0.0763166
v 0.0654570 1.8397479 0.0821949
v 0.0555880 1.8367325 0.0872549
v 0.0451482 1.8340424 0.0914477
v 0.0342532 1.8317034 0.0947362
v 0.0230201 1.8297380 0.0970965
v 0.0115645 1.8281651 0.0985167
v 0.0000000 1.8270000 0.0989870
v -0.0115618 1.8262538 0.0985051
v -0.0230111 1.8259337 0.0970773
v -0.0342400 1.8260428 0.0947180
v -0.0451423 1.8265801 0.0914494
v -0.0556140 1.8275403 0.0873016
v -0.0655526 1.8289143 0.0823125
v -0.0748583 1.8306887 0.0765280
v -0.0834328 1.8328466 0.0699989
v -0.0911801 1.8353670 0.0627818
v -0.0980106 1.8382259 0.0549463
v -0.1038426 1.8413955 0.0465721
v -0.1086046 1.8448454 0.0377483
v -0.1122376 1.8485424 0.0285723
v -0.1146976 1.8524509 0.0191487
v -0.1159576 1.8565332 0.0095872
v -0.1160084 1.8607500 0.0000000
v -0.1148597 1.8650607 -0.0095006
v -0.1125396 1.8694238 -0.0188048
v -0.1090938 1.8737972 -0.0278083
v -0.1045839 1.8781389 -0.0364142
v -0.0990848 1.8824070 -0.0445354
v -0.0926823 1.8865605 -0.0520955
v -0.0854701 1.8905593 -0.0590304
v -0.0775465 1.8943649 -0.0652878
v -0.0690116 1.8979406 -0.0708274
v -0.0599648 1.9012521 -0.0756198
v -0.0504571 1.9042675 -0.0795842
v -0.0405902 1.9069576 -0.0826702
v -0.0305041 1.9092966 -0.0848967
v -0.0203187 1.9112620 -0.0863018
v -0.0101281 1.9128349 -0.0869358
v -0.0000000 1.9140000 -0.0868513
v 0.0100215 1.9147462 -0.0860956
v 0.0199089 1.9150663 -0.0847035
v 0.0296426 1.9149572 -0.0826932
v 0.0392002 1.9144199 -0.0800653
v 0.0485471 1.9134597 -0.0768058
v 0.0576287 1.9120857 -0.0728915
v 0.0663665 1.9103113 -0.0682974
v 0.0746571 1.9081534 -0.0630056
v 0.0823766 1.9056330 -0.0570132
v 0.0893877 1.9027741 -0.0503391
v 0.0955655 1.8996045 -0.0430327
v 0.1009149 1.8961546 -0.0351997
v 0.1053820 1.8924576 -0.0269081
v 0.1088931 1.8885491 -0.0182247
v 0.1113810 1.8844668 -0.0092264
v 0.1117418 1.8853000 0.0000000
v 0.1120398 1.8812767 0.0092783
v 0.1112003 1.8772045 0.0185916
v 0.1092075 1.8731226 0.0278359
v 0.1060626 1.8690704 0.0369044
v 0.1017840 1.8650868 0.0456899
v 0.0964076 1.8612102 0.0540874
v 0.0899865 1.8574780 0.0619960
v 0.0825891 1.8539261 0.0693220
v 0.0742978 1.8505888 0.0759798
v 0.0652066 1.8474980 0.0818942
v 0.0554188 1.8446837 0.0870008
v 0.0450445 1.8421729 0.0912468
v 0.0341983 1.8399898 0.0945907
v 0.0229970 1.8381554 0.0970023
v 0.0115585 1.8366875 0.0984619
v 0.0000000 1.8356000 0.0989595
v -0.0115625 1.8349035 0.0984942
v -0.0230146 1.8346048 0.0970733
v -0.0342441 1.8347066 0.0947119
v -0.0451405 1.8352081 0.0914328
v -0.0555956 1.8361043 0.0872663
v -0.0655035 1.8373866 0.0822509
v -0.0747614 1.8390428 0.0764332
v -0.0832703 1.8410568 0.0698685
v -0.0909366 1.8434092 0.0626214
v -0.0976736 1.8460775 0.0547656
v -0.1034037 1.8490358 0.0463839
v -0.1080600 1.8522557 0.0375673
v -0.1115892 1.8557063 0.0284146
v -0.1139526 1.8593542 0.0190299
v -0.1151279 1.8631643 0.0095217
v -0.1151105 1.8671000 0.0000000
v -0.1139131 1.8711233 -0.0094259
v -0.1115658 1.8751955 -0.0186498
v -0.1081151 1.8792774 -0.0275707
v -0.1036220 1.8833296 -0.0360956
v -0.0981599 1.8873132 -0.0441402
v -0.0918122 1.8911898 -0.0516310
v -0.0846693 1.8949220 -0.0585055
v -0.0768264 1.8984739 -0.0647129
v -0.0683763 1.9018112 -0.0702100
v -0.0593480 1.9049020 -0.0748921
v -0.0498562 1.9077163 -0.0787068
v -0.0400494 1.9102271 -0.0816557
v -0.0300613 1.9124102 -0.0837641
v -0.0200041 1.9142446 -0.0850748
v -0.0099637 1.9157125 -0.0856402
v -0.0000000 1.9168000 -0.0855140
v 0.0098500 1.9174965 -0.0847432
v 0.0195655 1.9177952 -0.0833618
v 0.0291327 1.9176934 -0.0813870
v 0.0385353 1.9171919 -0.0788184
v 0.0477449 1.9162957 -0.0756407
v 0.0567136 1.9150134 -0.0718288
v 0.0653697 1.9133572 -0.0673552
v 0.0736165 1.9113432 -0.0621978
v 0.0813360 1.9089908 -0.0563485
v 0.0883947 1.9063225 -0.0498191
v 0.0946536 1.9033642 -0.0426457
v 0.0999838 1.9001443 -0.0348919
v 0.1043982 1.8966937 -0.0266698
v 0.1078708 1.8930458 -0.0180622
v 0.1103373 1.8892357 -0.0091443
v 0.1106162 1.8903500 0.0000000
v 0.1109197 1.8866141 0.0091901
v 0.1101060 1.8828327 0.0184175
v 0.1081591 1.8790424 0.0275814
v 0.1050785 1.8752796 0.0365781
v 0.1008804 1.8715806 0.0453032
v 0.0955974 1.8679809 0.0536537
v 0.0892783 1.8645153 0.0615304
v 0.0819873 1.8612171 0.0688397
v 0.0738022 1.8581181 0.0754957
v 0.0648129 1.8552482 0.0814217
v 0.0551190 1.8526349 0.0865509
v 0.0448280 1.8503034 0.0908274
v 0.0340530 1.8482763 0.0942064
v 0.0229107 1.8465729 0.0966541
v 0.0115199 1.8452098 0.0981473
v 0.0000000 1.8442000 0.0986732
v -0.0115299 1.8435533 0.0982287
v -0.0229518 1.8432759 0.0968200
v -0.0341496 1.8433704 0.0944619
v -0.0450092 1.8438361 0.0911783
v -0.0554193 1.8446683 0.0870015
v -0.0652718 1.8458590 0.0819725
v -0.0744627 1.8473969 0.0761411
v -0.0828935 1.8492670 0.0695662
v -0.0904720 1.8514514 0.0623155
v -0.0971142 1.8539291 0.0544658
v -0.1027460 1.8566761 0.0461020
v -0.1073051 1.8596661 0.0373167
v -0.1107425 1.8628701 0.0282087
v -0.1130241 1.8662575 0.0188820
v -0.1141318 1.8697954 0.0094432
v -0.1140641 1.8734500 0.0000000
v -0.1128363 1.8771859 -0.0093410
v -0.1104799 1.8809673 -0.0184770
v -0.1070415 1.8847576 -0.0273103
v -0.1025810 1.8885204 -0.0357509
v -0.0971702 1.8922194 -0.0437175
v -0.0908898 1.8958191 -0.0511388
v -0.0838272 1.8992847 -0.0579538
v -0.0760580 1.9025829 -0.0641010
v -0.0675935 1.9056819 -0.0694602
v -0.0585634 1.9085518 -0.0739771
v -0.0491189 1.9111651 -0.0776356
v -0.0394030 1.9134966 -0.0804451
v -0.0295423 1.9155237 -0.0824363
v -0.0196405 1.9172271 -0.0836553
v -0.0097757 1.9185902 -0.0841561
v -0.0000000 1.9196000 -0.0839927
v 0.0096563 1.9202467 -0.0832112
v 0.0191781 1.9205241 -0.0818446
v 0.0285571 1.9204296 -0.0799091
v 0.0377824 1.9199639 -0.0774033
v 0.0468313 1.9191317 -0.0743111
v 0.0556621 1.9179410 -0.0706059
v 0.0642100 1.9164031 -0.0662582
v 0.0723855 1.9145330 -0.0612428
v 0.0800767 1.9123486 -0.0555466
v 0.0871555 1.9098709 -0.0491752
v 0.0934851 1.9071239 -0.0421573
v 0.0989303 1.9041339 -0.0345464
v 0.1033670 1.9009299 -0.0264201
v 0.1067916 1.8975425 -0.0178908
v 0.1092258 1.8940046 -0.0090568
v 0.1094151 1.8954000 0.0000000
v 0.1097124 1.8919514 0.0090951
v 0.1089125 1.8884610 0.0182277
v 0.1069996 1.8849622 0.0273002
v 0.1039724 1.8814889 0.0362116
v 0.0998451 1.8780744 0.0448604
v 0.0946478 1.8747516 0.0531458
v 0.0884261 1.8715526 0.0609703
v 0.0812402 1.8685081 0.0682412
v 0.0731641 1.8656475 0.0748727
v 0.0642839 1.8629983 0.0807872
v 0.0546959 1.8605860 0.0859165
v 0.0445051 1.8584339 0.0902023
v 0.0338226 1.8565627 0.0935974
v 0.0227646 1.8549904 0.0960651
v 0.0114502 1.8537321 0.0975798
v 0.0000000 1.8528000 0.0981262
v -0.0114649 1.8522030 0.0976995
v -0.0228241 1.8519470 0.0963049
v -0.0339588 1.8520343 0.0939572
v -0.0447523 1.8524641 0.0906808
v -0.0550914 1.8532322 0.0865095
v -0.0648666 1.8543314 0.0814862
v -0.0739738 1.8557510 0.0756633
v -0.0823147 1.8574773 0.0691020
v -0.0897989 1.8594936 0.0618726
v -0.0963449 1.8617807 0.0540538
v -0.1018820 1.8643164 0.0457319
v -0.1063516 1.8670764 0.0370003
v -0.1097084 1.8700340 0.0279575
v -0.1119222 1.8731607 0.0187065
v -0.1129781 1.8764266 0.0093522
v -0.1128772 1.8798000 0.0000000
v -0.1116364 1.8832486 -0.0092465
v -0.1092879 1.8867390 -0.0182874
v -0.1058778 1.8902378 -0.0270282
v -0.1014650 1.8937111 -0.0353817
v -0.0961190 1.8971256 -0.0432689
v -0.0899177 1.9004484 -0.0506203
v -0.0828960 1.9036474 -0.0573472
v -0.0750739 1.9066919 -0.0633300
v -0.0665907 1.9095525 -0.0685095
v -0.0575950 1.9122017 -0.0728523
v -0.0482336 1.9146140 -0.0763508
v -0.0386430 1.9167661 -0.0790206
v -0.0289417 1.9186373 -0.0808971
v -0.0192250 1.9202096 -0.0820288
v -0.0095628 1.9214679 -0.0824704
v -0.0000000 1.9224000 -0.0822751
v 0.0094390 1.9229970 -0.0814881
v 0.0187443 1.9232530 -0.0801410
v 0.0279124 1.9231657 -0.0782487
v 0.0369367 1.9227359 -0.0758092
v 0.0457998 1.9219678 -0.0728057
v 0.0544660 1.9208686 -0.0692111
v 0.0628770 1.9194490 -0.0649944
v 0.0709504 1.9177227 -0.0601278
v 0.0785816 1.9157064 -0.0545944
v 0.0856482 1.9134193 -0.0483939
v 0.0920176 1.9108836 -0.0415480
v 0.0975558 1.9081236 -0.0341021
v 0.1021361 1.9051660 -0.0261257
v 0.1056487 1.9020393 -0.0177095
v 0.1080500 1.8987734 -0.0089644
v 0.1081427 1.9004500 0.0000000
v 0.1084228 1.8972888 0.0089937
v 0.1076254 1.8940892 0.0180232
v 0.1057353 1.8908820 0.0269937
v 0.1027510 1.8876981 0.0358072
v 0.0986856 1.8845682 0.0443648
v 0.0935670 1.8815223 0.0525681
v 0.0874382 1.8785899 0.0603215
v 0.0803563 1.8757991 0.0675337
v 0.0723919 1.8731769 0.0741194
v 0.0636277 1.8707484 0.0800008
v 0.0541571 1.8685372 0.0851089
v 0.0440821 1.8665644 0.0893842
v 0.0335123 1.8648491 0.0927775
v 0.0225624 1.8634078 0.0952504
v 0.0113513 1.8622544 0.0967751
v 0.0000000 1.8614000 0.0973347
v -0.0113695 1.8608528 0.0969231
v -0.0226354 1.8606181 0.0955445
v -0.0336774 1.8606981 0.0932137
v -0.0443775 1.8610921 0.0899555
v -0.0546212 1.8617962 0.0858044
v -0.0642988 1.8628038 0.0808051
v -0.0733060 1.8641051 0.0750113
v -0.0815459 1.8656875 0.0684861
v -0.0889297 1.8675358 0.0613012
v -0.0953783 1.8696323 0.0535365
v -0.1008240 1.8719567 0.0452791
v -0.1052111 1.8744867 0.0366221
v -0.1084980 1.8771978 0.0276637
v -0.1106570 1.8800640 0.0185052
v -0.1116760 1.8830577 0.0092496
v -0.1115578 1.8861500 0.0000000
v -0.1103202 1.8893112 -0.0091429
v -0.1079955 1.8925108 -0.0180820
v -0.1046291 1.8957180 -0.0267257
v -0.1002780 1.8989019 -0.0349891
v -0.0950010 1.9020318 -0.0427924
v -0.0887700 1.9050777 -0.0500149
v -0.0816617 1.9080101 -0.0565562
v -0.0738065 1.9108009 -0.0623452
v -0.0653463 1.9134231 -0.0673331
v -0.0564269 1.9158516 -0.0714956
v -0.0471891 1.9180628 -0.0748323
v -0.0377617 1.9200356 -0.0773644
v -0.0282546 1.9217509 -0.0791307
v -0.0187545 1.9231922 -0.0801811
v -0.0093235 1.9243456 -0.0805699
v -0.0000000 1.9252000 -0.0803493
v 0.0091970 1.9257472 -0.0795626
v 0.0182619 1.9259819 -0.0782398
v 0.0271949 1.9259019 -0.0763948
v 0.0359935 1.9255079 -0.0740251
v 0.0446443 1.9248038 -0.0711136
v 0.0531172 1.9237962 -0.0676331
v 0.0613600 1.9224949 -0.0635517
v 0.0692978 1.9209125 -0.0588403
v 0.0768332 1.9190642 -0.0534785
v 0.0838508 1.9169677 -0.0474614
v 0.0902234 1.9146433 -0.0408040
v 0.0958198 1.9121133 -0.0335440
v 0.1005130 1.9094022 -0.0257424
v 0.1041892 1.9065360 -0.0174818
v 0.1067544 1.9035423 -0.0088630
v 0.1066137 1.9055000 0.0000000
v 0.1070316 1.9026262 0.0088845
v 0.1062500 1.8997175 0.0178048
v 0.1043724 1.8968019 0.0266635
v 0.1014214 1.8939074 0.0353672
v 0.0974094 1.8910620 0.0438196
v 0.0923630 1.8882930 0.0519250
v 0.0863230 1.8856272 0.0595897
v 0.0793442 1.8830901 0.0667242
v 0.0714941 1.8807063 0.0732441
v 0.0628525 1.8784986 0.0790724
v 0.0535098 1.8764884 0.0841396
v 0.0435655 1.8746949 0.0883858
v 0.0331271 1.8731356 0.0917609
v 0.0223077 1.8718253 0.0942250
v 0.0112251 1.8707768 0.0957491
v 0.0000000 1.8700000 0.0963152
v -0.0112457 1.8695025 0.0959160
v -0.0223898 1.8692891 0.0945552
v -0.0333114 1.8693619 0.0922474
v -0.0438924 1.8697201 0.0890174
v -0.0540180 1.8703602 0.0849005
v -0.0635786 1.8712762 0.0799420
v -0.0724711 1.8724591 0.0741966
v -0.0805995 1.8738977 0.0677283
v -0.0878771 1.8755780 0.0606097
v -0.0942270 1.8774839 0.0529208
v -0.0995841 1.8795970 0.0447488
v -0.1038956 1.8818970 0.0361862
v -0.1071221 1.8843616 0.0273299
v -0.1092386 1.8869673 0.0182796
v -0.1102345 1.8896888 0.0091362
v -0.1101138 1.8925000 0.0000000
v -0.1088947 1.8953738 -0.0090308
v -0.1066087 1.8982825 -0.0178618
v -0.1032998 1.9011981 -0.0264039
v -0.0989428 1.9040926 -0.0345504
v -0.0935497 1.9069380 -0.0421842
v -0.0872185 1.9097070 -0.0492079
v -0.0800668 1.9123728 -0.0555403
v -0.0722268 1.9149099 -0.0611196
v -0.0638387 1.9172937 -0.0659065
v -0.0550431 1.9195014 -0.0698846
v -0.0459739 1.9215116 -0.0730601
v -0.0367512 1.9233051 -0.0754588
v -0.0274758 1.9248644 -0.0771212
v -0.0182259 1.9261747 -0.0780978
v -0.0090565 1.9272232 -0.0784417
v -0.0000000 1.9280000 -0.0782030
v 0.0089291 1.9284975 -0.0774231
v 0.0177285 1.9287109 -0.0761301
v 0.0264013 1.9286381 -0.0743368
v 0.0349478 1.9282799 -0.0720403
v 0.0433583 1.9276398 -0.0692237
v 0.0516073 1.9267238 -0.0658602
v 0.0596486 1.9255409 -0.0619181
v 0.0674142 1.9241023 -0.0573675
v 0.0748144 1.9224220 -0.0521857
v 0.0817416 1.9205161 -0.0463639
v 0.0880749 1.9184030 -0.0399114
v 0.0936877 1.9161030 -0.0328586
v 0.0984549 1.9136384 -0.0252580
v 0.1022609 1.9110327 -0.0171838
v 0.1050062 1.9083112 -0.0087286
v 0.1044999 1.9105500 0.0000000
v 0.1051518 1.9079636 0.0087397
v 0.1046190 1.9053457 0.0175485
v 0.1028915 1.9027217 0.0263057
v 0.0999904 1.9001167 0.0348941
v 0.0960240 1.8975558 0.0432283
v 0.0910437 1.8950637 0.0512209
v 0.0850890 1.8926644 0.0587805
v 0.0782124 1.8903811 0.0658196
v 0.0704791 1.8882356 0.0722554
v 0.0619662 1.8862487 0.0780118
v 0.0527614 1.8844395 0.0830199
v 0.0429618 1.8828254 0.0872200
v 0.0326723 1.8814220 0.0905614
v 0.0220041 1.8802428 0.0930038
v 0.0110736 1.8792991 0.0945176
v 0.0000000 1.8786000 0.0950838
v -0.0110954 1.8781523 0.0946947
v -0.0220911 1.8779602 0.0933534
v -0.0328668 1.8780257 0.0910742
v -0.0433047 1.8783480 0.0878820
v -0.0532909 1.8789242 0.0838120
v -0.0627169 1.8797486 0.0789100
v -0.0714805 1.8808132 0.0732309
v -0.0794877 1.8821079 0.0668389
v -0.0866535 1.8836202 0.0598066
v -0.0929035 1.8853355 0.0522137
v -0.0981747 1.8872373 0.0441465
v -0.1024166 1.8893073 0.0356965
v -0.1055919 1.8915255 0.0269589
v -0.1076771 1.8938705 0.0180314
v -0.1086628 1.8963199 0.0090125
v -0.1085533 1.8988500 0.0000000
v -0.1073650 1.9014364 -0.0089105
v -0.1050493 1.9040543 -0.0176156
v -0.1016039 1.9066783 -0.0259997
v -0.0970900 1.9092833 -0.0339522
v -0.0915914 1.9118442 -0.0413712
v -0.0852124 1.9143363 -0.0481680
v -0.0780734 1.9167356 -0.0542703
v -0.0703059 1.9190189 -0.0596262
v -0.0620460 1.9211644 -0.0642047
v -0.0534278 1.9231513 -0.0679970
v -0.0445767 1.9249605 -0.0710145
v -0.0356035 1.9265746 -0.0732858
v -0.0266000 1.9279780 -0.0748526
v -0.0176363 1.9291572 -0.0757645
v -0.0087604 1.9301009 -0.0760725
v -0.0000000 1.9308000 -0.0758243
v 0.0086340 1.9312477 -0.0750584
v 0.0171418 1.9314398 -0.0738010
v 0.0255280 1.9313743 -0.0720639
v 0.0337949 1.9310520 -0.0698438
v 0.0419356 1.9304758 -0.0671248
v 0.0499281 1.9296514 -0.0638809
v 0.0577320 1.9285868 -0.0600816
v 0.0652859 1.9272921 -0.0556968
v 0.0725080 1.9257798 -0.0507028
v 0.0792986 1.9240645 -0.0450879
v 0.0855445 1.9221627 -0.0388566
v 0.0911250 1.9200927 -0.0320325
v 0.0959189 1.9178745 -0.0246604
v 0.0998110 1.9155295 -0.0168057
v 0.1026992 1.9130801 -0.0085522
v 0.1017227 1.9156000 0.0000000
v 0.1025778 1.9133010 0.0085430
v 0.1022893 1.9109740 0.0171882
v 0.1008353 1.9086415 0.0258183
v 0.0982178 1.9063259 0.0343156
v 0.0944616 1.9040496 0.0425650
v 0.0896122 1.9018344 0.0504578
v 0.0837446 1.8997017 0.0578997
v 0.0769695 1.8976721 0.0648271
v 0.0693554 1.8957650 0.0711618
v 0.0609770 1.8939989 0.0768290
v 0.0519195 1.8923907 0.0817613
v 0.0422773 1.8909559 0.0858993
v 0.0321529 1.8897085 0.0891929
v 0.0216553 1.8886603 0.0916019
v 0.0108985 1.8878214 0.0930963
v 0.0000000 1.8872000 0.0936570
v -0.0109206 1.8868020 0.0932758
v -0.0217433 1.8866313 0.0919556
v -0.0323493 1.8866895 0.0897102
v -0.0426221 1.8869760 0.0865643
v -0.0524493 1.8874882 0.0825531
v -0.0617239 1.8882209 0.0777220
v -0.0703458 1.8891673 0.0721256
v -0.0782226 1.8903182 0.0658278
v -0.0852717 1.8916624 0.0589003
v -0.0914205 1.8931871 0.0514219
v -0.0966081 1.8948776 0.0434776
v -0.1007859 1.8967176 0.0351571
v -0.1039182 1.8986893 0.0265536
v -0.1059825 1.9007738 0.0177624
v -0.1069354 1.9029510 0.0088770
v -0.1067200 1.9052000 0.0000000
v -0.1053417 1.9074990 -0.0087543
v -0.1028274 1.9098260 -0.0172712
v -0.0992260 1.9121585 -0.0254395
v -0.0946083 1.9144741 -0.0331547
v -0.0890647 1.9167504 -0.0403229
v -0.0827030 1.9189656 -0.0468646
v -0.0756437 1.9210983 -0.0527173
v -0.0680149 1.9231279 -0.0578378
v -0.0599467 1.9250350 -0.0622032
v -0.0515651 1.9268011 -0.0658106
v -0.0429861 1.9284093 -0.0686753
v -0.0343108 1.9298441 -0.0708276
v -0.0256221 1.9310915 -0.0723090
v -0.0169824 1.9321397 -0.0731669
v -0.0084339 1.9329786 -0.0734495
v -0.0000000 1.9336000 -0.0732009
v 0.0083106 1.9339980 -0.0724569
v 0.0164994 1.9341687 -0.0712414
v 0.0245715 1.9341105 -0.0695651
v 0.0325301 1.9338240 -0.0674249
v 0.0403697 1.9333118 -0.0648058
v 0.0480716 1.9325791 -0.0616839
v 0.0555999 1.9316327 -0.0580301
v 0.0628996 1.9304818 -0.0538155
v 0.0698967 1.9291376 -0.0490166
v 0.0764999 1.9276129 -0.0436197
v 0.0826045 1.9259224 -0.0376255
v 0.0880971 1.9240824 -0.0310523
v 0.0928621 1.9221107 -0.0239375
v 0.0967871 1.9200262 -0.0163377
v 0.0997698 1.9178490 -0.0083282
v 0.0982063 1.9206500 0.0000000
v 0.0992204 1.9186383 0.0082860
v 0.0991437 1.9166022 0.0167025
v 0.0979446 1.9145613 0.0251379
v 0.0956137 1.9125352 0.0334778
v 0.0921635 1.9105434 0.0416085
v 0.0876272 1.9086051 0.0494200
v 0.0820569 1.9067390 0.0568086
v 0.0755208 1.9049631 0.0636789
v 0.0681009 1.9032944 0.0699448
v 0.0598901 1.9017490 0.0755310
v 0.0509913 1.9003419 0.0803749
v 0.0415185 1.8990865 0.0844366
v 0.0315743 1.8979949 0.0876696
v 0.0212649 1.8970777 0.0900343
v 0.0107018 1.8963437 0.0915012
v 0.0000000 1.8958000 0.0920511
v -0.0107233 1.8954518 0.0916758
v -0.0213505 1.8953024 0.0903780
v -0.0317649 1.8953533 0.0881712
v -0.0418522 1.8956040 0.0850796
v -0.0515023 1.8960521 0.0811380
v -0.0606104 1.8966933 0.0763910
v -0.0690785 1.8975214 0.0708924
v -0.0768166 1.8985284 0.0647051
v -0.0837440 1.8997046 0.0578993
v -0.0897903 1.9010387 0.0505524
v -0.0948781 1.9025179 0.0427404
v -0.0989321 1.9041279 0.0345470
v -0.1019006 1.9058531 0.0260699
v -0.1037464 1.9076771 0.0174132
v -0.1044486 1.9095822 0.0086859
v -0.1040050 1.9115500 0.0000000
v -0.1024327 1.9135617 -0.0085319
v -0.0997695 1.9155978 -0.0167992
v -0.0960733 1.9176387 -0.0246969
v -0.0914215 1.9196648 -0.0321282
v -0.0859083 1.9216566 -0.0390085
v -0.0796418 1.9235949 -0.0452676
v -0.0727398 1.9254610 -0.0508522
v -0.0653249 1.9272369 -0.0557274
v -0.0575191 1.9289056 -0.0598771
v -0.0494391 1.9304510 -0.0633030
v -0.0411906 1.9318581 -0.0660226
v -0.0328652 1.9331135 -0.0680666
v -0.0245369 1.9342051 -0.0694745
v -0.0162613 1.9351223 -0.0702906
v -0.0080755 1.9358563 -0.0705593
v -0.0000000 1.9364000 -0.0703208
v 0.0079577 1.9367482 -0.0696073
v 0.0157990 1.9368976 -0.0684404
v 0.0235283 1.9368467 -0.0668297
v 0.0311484 1.9365960 -0.0647726
v 0.0386543 1.9361479 -0.0622557
v 0.0460294 1.9355067 -0.0592574
v 0.0532415 1.9346786 -0.0557515
v 0.0602417 1.9336716 -0.0517111
v 0.0669633 1.9324954 -0.0471137
v 0.0733237 1.9311613 -0.0419454
v 0.0792274 1.9296821 -0.0362045
v 0.0845695 1.9280721 -0.0299047
v 0.0892417 1.9263469 -0.0230769
v 0.0931367 1.9245229 -0.0157701
v 0.0961544 1.9226178 -0.0080504
v 0.0938749 1.9257000 0.0000000
v 0.0949906 1.9239757 0.0079607
v 0.0950792 1.9222305 0.0160725
v 0.0941023 1.9204811 0.0242312
v 0.0920414 1.9187444 0.0323282
v 0.0888981 1.9170372 0.0402537
v 0.0846944 1.9153758 0.0478993
v 0.0794708 1.9137763 0.0551609
v 0.0732850 1.9122541 0.0619407
v 0.0662097 1.9108238 0.0681492
v 0.0583304 1.9094992 0.0737062
v 0.0497427 1.9082930 0.0785417
v 0.0405509 1.9072170 0.0825965
v 0.0308651 1.9062813 0.0858223
v 0.0207996 1.9054952 0.0881816
v 0.0104718 1.9048661 0.0896479
v 0.0000000 1.9044000 0.0902051
v -0.0104968 1.9041015 0.0898476
v -0.0209007 1.9039735 0.0885796
v -0.0310951 1.9040171 0.0864154
v -0.0409660 1.9042320 0.0833790
v -0.0504023 1.9046161 0.0795037
v -0.0592972 1.9051657 0.0748326
v -0.0675487 1.9058755 0.0694176
v -0.0750612 1.9067386 0.0633200
v -0.0817461 1.9077468 0.0566100
v -0.0875238 1.9088903 0.0493663
v -0.0923254 1.9101582 0.0416756
v -0.0960936 1.9115382 0.0336320
v -0.0987857 1.9130170 0.0253359
v -0.1003741 1.9145804 0.0168926
v -0.1008487 1.9162133 0.0084108
v -0.1002174 1.9179000 0.0000000
v -0.0985074 1.9196243 -0.0082313
v -0.0957646 1.9213695 -0.0161790
v -0.0920532 1.9231189 -0.0237456
v -0.0874537 1.9248556 -0.0308434
v -0.0820609 1.9265628 -0.0373973
v -0.0759803 1.9282242 -0.0433463
v -0.0693241 1.9298237 -0.0486458
v -0.0622070 1.9313459 -0.0532680
v -0.0547415 1.9327762 -0.0572018
v -0.0470337 1.9341008 -0.0604519
v -0.0391789 1.9353070 -0.0630366
v -0.0312588 1.9363830 -0.0649848
v -0.0233394 1.9373187 -0.0663331
v -0.0154700 1.9381048 -0.0671214
v -0.0076839 1.9387339 -0.0673891
v -0.0000000 1.9392000 -0.0671719
v 0.0075741 1.9394985 -0.0664981
v 0.0150382 1.9396265 -0.0653869
v 0.0223950 1.9395829 -0.0638468
v 0.0296451 1.9393680 -0.0618761
v 0.0367832 1.9389839 -0.0594634
v 0.0437933 1.9384343 -0.0565902
v 0.0506464 1.9377245 -0.0532337
v 0.0572986 1.9368614 -0.0493707
v 0.0636905 1.9358532 -0.0449810
v 0.0697481 1.9347097 -0.0400516
v 0.0753855 1.9334418 -0.0345797
v 0.0805076 1.9320618 -0.0285761
v 0.0850148 1.9305830 -0.0220666
v 0.0888072 1.9290196 -0.0150930
v 0.0917893 1.9273867 -0.0077132
v 0.0886525 1.9307500 0.0000000
v 0.0897991 1.9293131 0.0075588
v 0.0899929 1.9278587 0.0152788
v 0.0891916 1.9264009 0.0230650
v 0.0873706 1.9249537 0.0308165
v 0.0845233 1.9235310 0.0384297
v 0.0806618 1.9221465 0.0458007
v 0.0758163 1.9208136 0.0528279
v 0.0700338 1.9195450 0.0594142
v 0.0633773 1.9183531 0.0654691
v 0.0559233 1.9172493 0.0709099
v 0.0477604 1.9162442 0.0756633
v 0.0389872 1.9153475 0.0796661
v 0.0297100 1.9145678 0.0828657
v 0.0200415 1.9139127 0.0852206
v 0.0100983 1.9133884 0.0867006
v 0.0000000 1.9130000 0.0872866
v -0.0101326 1.9127513 0.0869707
v -0.0201787 1.9126446 0.0857561
v -0.0300193 1.9126809 0.0836566
v -0.0395375 1.9128600 0.0806970
v -0.0486204 1.9131801 0.0769122
v -0.0571600 1.9136381 0.0723473
v -0.0650547 1.9142296 0.0670573
v -0.0722102 1.9149489 0.0611068
v -0.0785416 1.9157890 0.0545689
v -0.0839742 1.9167420 0.0475255
v -0.0884454 1.9177985 0.0400655
v -0.0919061 1.9189485 0.0322846
v -0.0943220 1.9201808 0.0242832
v -0.0956751 1.9214836 0.0161651
v -0.0959644 1.9228444 0.0080358
v -0.0952064 1.9242500 0.0000000
v -0.0934352 1.9256869 -0.0078406
v -0.0907017 1.9271413 -0.0153898
v -0.0870726 1.9285991 -0.0225592
v -0.0826286 1.9300463 -0.0292707
v -0.0774610 1.9314690 -0.0354585
v -0.0716697 1.9328535 -0.0410705
v -0.0653586 1.9341864 -0.0460692
v -0.0586323 1.9354550 -0.0504325
v -0.0515923 1.9366469 -0.0541526
v -0.0443332 1.9377507 -0.0572351
v -0.0369395 1.9387558 -0.0596971
v -0.0294837 1.9396525 -0.0615645
v -0.0220243 1.9404322 -0.0628689
v -0.0146050 1.9410873 -0.0636428
v -0.0072476 1.9416116 -0.0638329
v -0.0000000 1.9420000 -0.0634954
v 0.0071170 1.9422487 -0.0627378
v 0.0141176 1.9423554 -0.0616298
v 0.0210307 1.9423191 -0.0601987
v 0.0278797 1.9421400 -0.0584295
v 0.0346626 1.9418199 -0.0562707
v 0.0413348 1.9413619 -0.0536432
v 0.0478040 1.9407704 -0.0504649
v 0.0540569 1.9400511 -0.0467819
v 0.0600611 1.9392110 -0.0426052
v 0.0657512 1.9382580 -0.0379243
v 0.0710512 1.9372015 -0.0327373
v 0.0758768 1.9360515 -0.0270533
v 0.0801386 1.9348192 -0.0208944
v 0.0837461 1.9335164 -0.0142968
v 0.0866111 1.9321556 -0.0073107
v 0.0824634 1.9358000 0.0000000
v 0.0835568 1.9346505 0.0070720
v 0.0837816 1.9334870 0.0143024
v 0.0830955 1.9323207 0.0216061
v 0.0814712 1.9311630 0.0288919
v 0.0788968 1.9300248 0.0360651
v 0.0753774 1.9289172 0.0430289
v 0.0709345 1.9278509 0.0496876
v 0.0656057 1.9268360 0.0559482
v 0.0594440 1.9258825 0.0617225
v 0.0525166 1.9249994 0.0669286
v 0.0449030 1.9241953 0.0714929
v 0.0366940 1.9234780 0.0753507
v 0.0279894 1.9228542 0.0784473
v 0.0188964 1.9223301 0.0807387
v 0.0095277 1.9219107 0.0821922
v 0.0000000 1.9216000 0.0827866
v -0.0095680 1.9214010 0.0825119
v -0.0190571 1.9213157 0.0813702
v -0.0283493 1.9213448 0.0793746
v -0.0373292 1.9214880 0.0765497
v -0.0458856 1.9217441 0.0729311
v -0.0539130 1.9221105 0.0685648
v -0.0613130 1.9225837 0.0635069
v -0.0679960 1.9231591 0.0578230
v -0.0738825 1.9238312 0.0515873
v -0.0789044 1.9245936 0.0448815
v -0.0830065 1.9254388 0.0377942
v -0.0861479 1.9263588 0.0304189
v -0.0883023 1.9273447 0.0228529
v -0.0894594 1.9283869 0.0151953
v -0.0896251 1.9294755 0.0075453
v -0.0888212 1.9306000 0.0000000
v -0.0870853 1.9317495 -0.0073476
v -0.0844695 1.9329130 -0.0144109
v -0.0810390 1.9340793 -0.0211114
v -0.0768701 1.9352370 -0.0273806
v -0.0720474 1.9363752 -0.0331616
v -0.0666615 1.9374828 -0.0384097
v -0.0608055 1.9385491 -0.0430934
v -0.0545719 1.9395640 -0.0471939
v -0.0480497 1.9405175 -0.0507047
v -0.0412967 1.9414006 -0.0535968
v -0.0342748 1.9422047 -0.0556705
v -0.0271546 1.9429220 -0.0569673
v -0.0200928 1.9435458 -0.0576013
v -0.0131893 1.9440699 -0.0576964
v -0.0064910 1.9444893 -0.0573722
v -0.0000000 1.9448000 -0.0567319
v 0.0063158 1.9449990 -0.0558539
v 0.0125102 1.9450843 -0.0547855
v 0.0186454 1.9450552 -0.0535404
v 0.0247783 1.9449120 -0.0520992
v 0.0309478 1.9446559 -0.0504127
v 0.0371631 1.9442895 -0.0484076
v 0.0433938 1.9438163 -0.0459961
v 0.0495633 1.9432409 -0.0430859
v 0.0555447 1.9425688 -0.0395940
v 0.0611621 1.9418064 -0.0354605
v 0.0661970 1.9409612 -0.0306634
v 0.0706426 1.9400412 -0.0253227
v 0.0745703 1.9390553 -0.0195482
v 0.0779008 1.9380131 -0.0133716
v 0.0805562 1.9369245 -0.0068369
v 0.0752315 1.9408500 0.0000000
v 0.0761747 1.9399879 0.0064922
v 0.0763424 1.9391152 0.0131240
v 0.0756971 1.9382406 0.0198212
v 0.0742127 1.9373722 0.0265041
v 0.0718763 1.9365186 0.0330887
v 0.0686892 1.9356879 0.0394890
v 0.0646668 1.9348881 0.0456183
v 0.0598393 1.9341270 0.0513917
v 0.0542505 1.9334119 0.0567274
v 0.0479578 1.9327496 0.0615489
v 0.0410308 1.9321465 0.0657860
v 0.0335501 1.9316085 0.0693764
v 0.0256058 1.9311407 0.0722666
v 0.0172958 1.9307476 0.0744132
v 0.0087243 1.9304330 0.0757830
v 0.0000000 1.9302000 0.0763542
v -0.0087658 1.9300508 0.0761160
v -0.0174610 1.9299867 0.0750692
v -0.0259741 1.9300086 0.0732259
v -0.0341965 1.9301160 0.0706098
v -0.0420236 1.9303081 0.0672549
v -0.0493571 1.9305829 0.0632061
v -0.0561059 1.9309377 0.0585177
v -0.0621880 1.9313693 0.0532530
v -0.0675317 1.9318734 0.0474832
v -0.0720772 1.9324452 0.0412863
v -0.0757771 1.9330791 0.0347457
v -0.0785977 1.9337691 0.0279490
v -0.0805193 1.9345085 0.0209862
v -0.0815368 1.9352902 0.0139478
v -0.0816596 1.9361066 0.0069234
v -0.0809109 1.9369500 0.0000000
v -0.0793273 1.9378121 -0.0067404
v -0.0769571 1.9386848 -0.0132217
v -0.0738596 1.9395594 -0.0193758
v -0.0701021 1.9404278 -0.0251435
v -0.0657391 1.9412814 -0.0304663
v -0.0606263 1.9421121 -0.0351646
v -0.0548723 1.9429119 -0.0391316
v -0.0486763 1.9436730 -0.0423363
v -0.0422277 1.9443881 -0.0447884
v -0.0356949 1.9450504 -0.0465329
v -0.0292163 1.9456535 -0.0476413
v -0.0228957 1.9461915 -0.0482036
v -0.0167994 1.9466593 -0.0483181
v -0.0109578 1.9470524 -0.0480824
v -0.0053680 1.9473670 -0.0475859
v -0.0000000 1.9476000 -0.0469026
v 0.0051968 1.9477492 -0.0460866
v 0.0102857 1.9478133 -0.0451685
v 0.0153340 1.9477914 -0.0441541
v 0.0204050 1.9476840 -0.0430248
v 0.0255497 1.9474919 -0.0417397
v 0.0307995 1.9472171 -0.0402392
v 0.0361597 1.9468623 -0.0384498
v 0.0416052 1.9464307 -0.0362913
v 0.0470774 1.9459266 -0.0336838
v 0.0524837 1.9453548 -0.0305562
v 0.0576997 1.9447209 -0.0268551
v 0.0625747 1.9440309 -0.0225524
v 0.0669389 1.9432915 -0.0176530
v 0.0706148 1.9425098 -0.0121994
v 0.0734287 1.9416934 -0.0062743
v 0.0610075 1.9459000 0.0000000
v 0.0629284 1.9453252 0.0054003
v 0.0640903 1.9447435 0.0111010
v 0.0644159 1.9441604 0.0170046
v 0.0638512 1.9435815 0.0230008
v 0.0623681 1.9430124 0.0289717
v 0.0599665 1.9424586 0.0347979
v 0.0566728 1.9419254 0.0403636
v 0.0525387 1.9414180 0.0455623
v 0.0476371 1.9409413 0.0503019
v 0.0420947 1.9404997 0.0545573
v 0.0360043 1.9400977 0.0582981
v 0.0294344 1.9397390 0.0614693
v 0.0224620 1.9394271 0.0640234
v 0.0151712 1.9391651 0.0659214
v 0.0076524 1.9389554 0.0671332
v 0.0000000 1.9388000 0.0676387
v -0.0076887 1.9387005 0.0674276
v -0.0153153 1.9386578 0.0665004
v -0.0227823 1.9386724 0.0648675
v -0.0299944 1.9387440 0.0625499
v -0.0368600 1.9388720 0.0595782
v -0.0432933 1.9390552 0.0559924
v -0.0492154 1.9392918 0.0518411
v -0.0545556 1.9395795 0.0471808
v -0.0592526 1.9399156 0.0420746
v -0.0632557 1.9402968 0.0365913
v -0.0665254 1.9407194 0.0308041
v -0.0690256 1.9411794 0.0247860
v -0.0706462 1.9416723 0.0185915
v -0.0713366 1.9421935 0.0123190
v -0.0710904 1.9427378 0.0060830
v -0.0699270 1.9433000 0.0000000
v -0.0678929 1.9438748 -0.0058172
v -0.0650594 1.9444565 -0.0112654
v -0.0615201 1.9450396 -0.0162554
v -0.0573858 1.9456185 -0.0207171
v -0.0527788 1.9461876 -0.0246017
v -0.0478268 1.9467414 -0.0278839
v -0.0426555 1.9472746 -0.0305613
v -0.0373832 1.9477820 -0.0326533
v -0.0321148 1.9482587 -0.0341981
v -0.0269375 1.9487003 -0.0352490
v -0.0219180 1.9491023 -0.0358699
v -0.0171008 1.9494610 -0.0361302
v -0.0125082 1.9497729 -0.0361001
v -0.0081413 1.9500349 -0.0358462
v -0.0039828 1.9502446 -0.0354269
v -0.0000000 1.9504000 -0.0348895
v 0.0038510 1.9504995 -0.0342677
v 0.0076207 1.9505422 -0.0335795
v 0.0113617 1.9505276 -0.0328271
v 0.0151234 1.9504560 -0.0319968
v 0.0189480 1.9503280 -0.0310601
v 0.0228658 1.9501448 -0.0299760
v 0.0268918 1.9499082 -0.0286933
v 0.0310226 1.9496205 -0.0271547
v 0.0352348 1.9492844 -0.0253004
v 0.0394837 1.9489032 -0.0230725
v 0.0437044 1.9484806 -0.0204201
v 0.0478131 1.9480206 -0.0173034
v 0.0517105 1.9475277 -0.0136979
v 0.0552861 1.9470065 -0.0095981
v 0.0584237 1.9464622 -0.0050195
v 0.0368829 1.9509500 0.0000000
v 0.0382368 1.9506626 0.0033014
v 0.0391966 1.9503717 0.0068318
v 0.0397081 1.9500802 0.0105501
v 0.0397242 1.9497907 0.0144060
v 0.0392071 1.9495062 0.0183411
v 0.0381302 1.9492293 0.0222902
v 0.0364796 1.9489627 0.0261841
v 0.0342546 1.9487090 0.0299507
v 0.0314685 1.9484706 0.0335177
v 0.0281481 1.9482499 0.0368148
v 0.0243332 1.9480488 0.0397755
v 0.0200759 1.9478695 0.0423390
v 0.0154386 1.9477136 0.0444518
v 0.0104933 1.9475825 0.0460691
v 0.0053189 1.9474777 0.0471559
v 0.0000000 1.9474000 0.0476876
v -0.0053754 1.9473503 0.0476505
v -0.0107177 1.9473289 0.0470423
v -0.0159379 1.9473362 0.0458716
v -0.0209493 1.9473720 0.0441583
v -0.0256694 1.9474360 0.0419328
v -0.0300217 1.9475276 0.0392354
v -0.0339375 1.9476459 0.0361157
v -0.0373576 1.9477898 0.0326312
v -0.0402334 1.9479578 0.0288463
v -0.0425283 1.9481484 0.0248307
v -0.0442187 1.9483597 0.0206576
v -0.0452944 1.9485897 0.0164020
v -0.0457590 1.9488362 0.0121385
v -0.0456298 1.9490967 0.0079395
v -0.0449367 1.9493689 0.0038728
v -0.0437212 1.9496500 0.0000000
v -0.0420349 1.9499374 -0.0036254
v -0.0399374 1.9502283 -0.0069594
v -0.0374940 1.9505198 -0.0099684
v -0.0347733 1.9508093 -0.0126299
v -0.0318442 1.9510938 -0.0149326
v -0.0287740 1.9513707 -0.0168760
v -0.0256253 1.9516373 -0.0184697
v -0.0224545 1.9518910 -0.0197320
v -0.0193096 1.9521294 -0.0206883
v -0.0162294 1.9523501 -0.0213694
v -0.0132424 1.9525512 -0.0218095
v -0.0103665 1.9527305 -0.0220441
v -0.0076098 1.9528864 -0.0221079
v -0.0049707 1.9530175 -0.0220331
v -0.0024396 1.9531223 -0.0218478
v -0.0000000 1.9532000 -0.0215744
v 0.0023692 1.9532497 -0.0212287
v 0.0046922 1.9532711 -0.0208193
v 0.0069937 1.9532638 -0.0203472
v 0.0092970 1.9532280 -0.0198059
v 0.0116222 1.9531640 -0.0191820
v 0.0139839 1.9530724 -0.0184562
v 0.0163897 1.9529541 -0.0176041
v 0.0188391 1.9528102 -0.0165980
v 0.0213221 1.9526422 -0.0154085
v 0.0238192 1.9524516 -0.0140064
v 0.0263013 1.9522403 -0.0123647
v 0.0287297 1.9520103 -0.0104604
v 0.0310578 1.9517638 -0.0082766
v 0.0332322 1.9515033 -0.0058038
v 0.0351942 1.9512311 -0.0030418
v 0.0085959 1.9560000 0.0000000
v 0.0085545 1.9560000 0.0007684
v 0.0084307 1.9560000 0.0015294
v 0.0082258 1.9560000 0.0022756
v 0.0079416 1.9560000 0.0030000
v 0.0075809 1.9560000 0.0036954
v 0.0071472 1.9560000 0.0043553
v 0.0066447 1.9560000 0.0049732
v 0.0060782 1.9560000 0.0055432
v 0.0054532 1.9560000 0.0060598
v 0.0047756 1.9560000 0.0065181
v 0.0040521 1.9560000 0.0069136
v 0.0032895 1.9560000 0.0072425
v 0.0024953 1.9560000 0.0075017
v 0.0016770 1.9560000 0.0076886
v 0.0008425 1.9560000 0.0078015
v 0.0000000 1.9560000 0.0078393
v -0.0008425 1.9560000 0.0078015
v -0.0016770 1.9560000 0.0076886
v -0.0024953 1.9560000 0.0075017
v -0.0032895 1.9560000 0.0072425
v -0.0040521 1.9560000 0.0069136
v -0.0047756 1.9560000 0.0065181
v -0.0054532 1.9560000 0.0060598
v -0.0060782 1.9560000 0.0055432
v -0.0066447 1.9560000 0.0049732
v -0.0071472 1.9560000 0.0043553
v -0.0075809 1.9560000 0.0036954
v -0.0079416 1.9560000 0.0030000
v -0.0082258 1.9560000 0.0022756
v -0.0084307 1.9560000 0.0015294
v -0.0085545 1.9560000 0.0007684
v -0.0085959 1.9560000 0.0000000
v -0.0085545 1.9560000 -0.0007684
v -0.0084307 1.9560000 -0.0015294
v -0.0082258 1.9560000 -0.0022756
v -0.0079416 1.9560000 -0.0030000
v -0.0075809 1.9560000 -0.0036954
v -0.0071472 1.9560000 -0.0043553
v -0.0066447 1.9560000 -0.0049732
v -0.0060782 1.9560000 -0.0055432
v -0.0054532 1.9560000 -0.0060598
v -0.0047756 1.9560000 -0.0065181
v -0.0040521 1.9560000 -0.0069136
v -0.0032895 1.9560000 -0.0072425
v -0.0024953 1.9560000 -0.0075017
v -0.0016770 1.9560000 -0.0076886
v -0.0008425 1.9560000 -0.0078015
v -0.0000000 1.9560000 -0.0078393
v 0.0008425 1.9560000 -0.0078015
v 0.0016770 1.9560000 -0.0076886
v 0.0024953 1.9560000 -0.0075017
v 0.0032895 1.9560000 -0.0072425
v 0.0040521 1.9560000 -0.0069136
v 0.0047756 1.9560000 -0.0065181
v 0.0054532 1.9560000 -0.0060598
v 0.0060782 1.9560000 -0.0055432
v 0.0066447 1.9560000 -0.0049732
v 0.0071472 1.9560000 -0.0043553
v 0.0075809 1.9560000 -0.0036954
v 0.0079416 1.9560000 -0.0030000
v 0.0082258 1.9560000 -0.0022756
v 0.0084307 1.9560000 -0.0015294
v 0.0085545 1.9560000 -0.0007684
v 0.0000000 1.9590000 0.0000000
vn 0.9923763 0.1224520 -0.0139538
vn 0.9896662 0.1003668 0.1024072
vn 0.9731581 0.0765371 0.2170378
vn 0.9434785 0.0515516 0.3274001
vn 0.9020605 0.0260419 0.4308233
vn 0.8508199 0.0023009 0.5254524
vn 0.7909973 -0.0156858 0.6116185
vn 0.7248418 -0.0286474 0.6883195
vn 0.6539446 -0.0380571 0.7555847
vn 0.5795298 -0.0444880 0.8137358
vn 0.5025228 -0.0485301 0.8632008
vn 0.4235990 -0.0507988 0.9044244
vn 0.3432478 -0.0518828 0.9378108
vn 0.2618302 -0.0523096 0.9636953
vn 0.1796247 -0.0525242 0.9823320
vn 0.0968632 -0.0528791 0.9938920
vn 0.0137563 -0.0536300 0.9984661
vn -0.0694863 -0.0549376 0.9960690
vn -0.1526405 -0.0568692 0.9866442
vn -0.2354539 -0.0594019 0.9700685
vn -0.3176315 -0.0624236 0.9461573
vn -0.3988204 -0.0657330 0.9146702
vn -0.4785908 -0.0690400 0.8753196
vn -0.5564124 -0.0719670 0.8277838
vn -0.6316256 -0.0740554 0.7717285
vn -0.7034073 -0.0747796 0.7068424
vn -0.7707364 -0.0735727 0.6328922
vn -0.8323665 -0.0698684 0.5498040
vn -0.8868231 -0.0631589 0.4577727
vn -0.9324456 -0.0530705 0.3573916
vn -0.9674991 -0.0394464 0.2497789
vn -0.9903646 -0.0224236 0.1366572
vn -0.9997918 -0.0016945 0.0203339
vn -0.9950752 0.0228665 -0.0964493
vn -0.9763019 0.0481560 -0.2109871
vn -0.9444434 0.0719870 -0.3206939
vn -0.9010200 0.0937766 -0.4235196
vn -0.8478479 0.1132289 -0.5180088
vn -0.7868120 0.1302254 -0.6032978
vn -0.7196846 0.1447985 -0.6790342
vn -0.6480115 0.1570936 -0.7452534
vn -0.5730615 0.1673311 -0.8022473
vn -0.4958253 0.1757726 -0.8504477
vn -0.4170436 0.1826938 -0.8903357
vn -0.3372494 0.1883644 -0.9223783
vn -0.2568144 0.1930345 -0.9469868
vn -0.1759921 0.1969238 -0.9644935
vn -0.0949580 0.2003599 -0.9751097
vn -0.0137746 0.2077917 -0.9780761
vn 0.0669909 0.2191282 -0.9733936
vn 0.1476464 0.2282195 -0.9623494
vn 0.2283133 0.2308698 -0.9458183
vn 0.3086306 0.2263124 -0.9238668
vn 0.3881449 0.2179995 -0.8954439
vn 0.4670465 0.2131777 -0.8581508
vn 0.5441468 0.2116957 -0.8118431
vn 0.6188342 0.2100251 -0.7569238
vn 0.6904423 0.2069374 -0.6931568
vn 0.7578911 0.2021137 -0.6202832
vn 0.8198697 0.1952315 -0.5382363
vn 0.8748589 0.1859934 -0.4472452
vn 0.9211974 0.1741618 -0.3479411
vn 0.9572004 0.1595997 -0.2414442
vn 0.9813273 0.1423081 -0.1294027
vn 0.9922492 0.1242550 0.0014723
vn 0.9877827 0.1026283 0.1172722
vn 0.9696860 0.0794157 0.2310893
vn 0.9386366 0.0551979 0.3404621
vn 0.8958657 0.0310171 0.4432409
vn 0.8429467 0.0089638 0.5379224
vn 0.7818992 -0.0092926 0.6233356
vn 0.7146368 -0.0229834 0.6991180
vn 0.6426990 -0.0324837 0.7654298
vn 0.5674275 -0.0389674 0.8225008
vn 0.4897357 -0.0431615 0.8708019
vn 0.4103010 -0.0456597 0.9108064
vn 0.3296048 -0.0470245 0.9429472
vn 0.2479925 -0.0477553 0.9675842
vn 0.1657213 -0.0482695 0.9849906
vn 0.0829982 -0.0488927 0.9953496
vn 0.0000085 -0.0498560 0.9987564
vn -0.0830630 -0.0512958 0.9952232
vn -0.1660141 -0.0532559 0.9846843
vn -0.2486102 -0.0556887 0.9670014
vn -0.3305681 -0.0584565 0.9419701
vn -0.4115387 -0.0613315 0.9093263
vn -0.4910860 -0.0639974 0.8687571
vn -0.5686598 -0.0660535 0.8199164
vn -0.6435650 -0.0670250 0.7624512
vn -0.7149251 -0.0663819 0.6960428
vn -0.7816486 -0.0635716 0.6204709
vn -0.8424070 -0.0580664 0.5357039
vn -0.8956440 -0.0494286 0.4420166
vn -0.9396376 -0.0373878 0.3401224
vn -0.9726373 -0.0219088 0.2312935
vn -0.9930837 -0.0024974 0.1173817
vn -0.9997851 0.0207076 0.0009218
vn -0.9922686 0.0454312 -0.1154946
vn -0.9709493 0.0691104 -0.2290880
vn -0.9369184 0.0910780 -0.3374741
vn -0.8917377 0.1109422 -0.4387433
vn -0.8372151 0.1284862 -0.5315657
vn -0.7751903 0.1436560 -0.6151772
vn -0.7073708 0.1565302 -0.6892930
vn -0.6352332 0.1672835 -0.7539861
vn -0.5599832 0.1761507 -0.8095614
vn -0.4825595 0.1833965 -0.8564473
vn -0.4036630 0.1892913 -0.8951117
vn -0.3237986 0.1940943 -0.9260032
vn -0.2433198 0.1980410 -0.9495132
vn -0.1624940 0.2025546 -0.9656953
vn -0.0812531 0.2132796 -0.9736066
vn -0.0002898 0.2289190 -0.9734454
vn 0.0802219 0.2425111 -0.9668261
vn 0.1603549 0.2499698 -0.9548829
vn 0.2403492 0.2502849 -0.9378645
vn 0.3202676 0.2441994 -0.9153116
vn 0.4002173 0.2346992 -0.8858569
vn 0.4790958 0.2240845 -0.8486774
vn 0.5559225 0.2157565 -0.8027449
vn 0.6303534 0.2119333 -0.7468192
vn 0.7011460 0.2086687 -0.6818003
vn 0.7675736 0.2036850 -0.6077361
vn 0.8283157 0.1966619 -0.5246114
vn 0.8818564 0.1873207 -0.4327126
vn 0.9265573 0.1754480 -0.3327305
vn 0.9607794 0.1609341 -0.2258388
vn 0.9830498 0.1438069 -0.1137222
vn 0.9897033 0.1431258 0.0015114
vn 0.9854163 0.1235374 0.1170180
vn 0.9676429 0.1023716 0.2306235
vn 0.9370360 0.0801580 0.3399092
vn 0.8947821 0.0574652 0.4427898
vn 0.8424533 0.0350904 0.5376254
vn 0.7817329 0.0147686 0.6234385
vn 0.7144638 -0.0019978 0.6996696
vn 0.6425922 -0.0148490 0.7660645
vn 0.5670689 -0.0235730 0.8233329
vn 0.4891987 -0.0293822 0.8716773
vn 0.4096464 -0.0332713 0.9116375
vn 0.3289149 -0.0358007 0.9436807
vn 0.2473590 -0.0374602 0.9681995
vn 0.1652312 -0.0386660 0.9854966
vn 0.0827229 -0.0397477 0.9957796
vn -0.0000042 -0.0409420 0.9991615
vn -0.0827934 -0.0423909 0.9956647
vn -0.1654737 -0.0441416 0.9852258
vn -0.2478411 -0.0461477 0.9677010
vn -0.3296412 -0.0482703 0.9428715
vn -0.4105479 -0.0502797 0.9104518
vn -0.4901395 -0.0518599 0.8700999
vn -0.5678684 -0.0526153 0.8214360
vn -0.6430256 -0.0520852 0.7640715
vn -0.7147020 -0.0497669 0.6976563
vn -0.7817540 -0.0451523 0.6219501
vn -0.8427854 -0.0377793 0.5369223
vn -0.8961663 -0.0272986 0.4428779
vn -0.9401110 -0.0133117 0.3406086
vn -0.9728384 0.0048840 0.2314337
vn -0.9927265 0.0266187 0.1174118
vn -0.9987689 0.0495957 0.0009353
vn -0.9907231 0.0719730 -0.1152717
vn -0.9690604 0.0931375 -0.2285769
vn -0.9348737 0.1126176 -0.3366428
vn -0.8897022 0.1300936 -0.4376135
vn -0.8353146 0.1454045 -0.5301953
vn -0.7735056 0.1585340 -0.6136416
vn -0.7059415 0.1695812 -0.6876691
vn -0.6340661 0.1787272 -0.7523409
vn -0.5590627 0.1862028 -0.8079464
vn -0.4818569 0.1922619 -0.8548972
vn -0.4031445 0.1971605 -0.8936455
vn -0.3234307 0.2011419 -0.9246267
vn -0.2429504 0.2078745 -0.9475037
vn -0.1617506 0.2253081 -0.9607669
vn -0.0806374 0.2495407 -0.9650011
vn -0.0002849 0.2702281 -0.9627963
vn 0.0793402 0.2846348 -0.9553471
vn 0.1585060 0.2923384 -0.9430875
vn 0.2375458 0.2930192 -0.9261273
vn 0.3167658 0.2864360 -0.9042200
vn 0.3963034 0.2725726 -0.8767256
vn 0.4756309 0.2541753 -0.8421224
vn 0.5538027 0.2367801 -0.7982717
vn 0.6287907 0.2234444 -0.7447784
vn 0.6999665 0.2169919 -0.6804127
vn 0.7661575 0.2128226 -0.6063903
vn 0.8266034 0.2070028 -0.5233322
vn 0.8798479 0.1990467 -0.4315646
vn 0.9242819 0.1887382 -0.3317843
vn 0.9583021 0.1759546 -0.2251600
vn 0.9804722 0.1606997 -0.1133571
vn 0.9869410 0.1610750 0.0015442
vn 0.9827550 0.1434222 0.1167164
vn 0.9652207 0.1242073 0.2300470
vn 0.9349723 0.1039129 0.3391590
vn 0.8931624 0.0830654 0.4419968
vn 0.8413077 0.0621852 0.5369677
vn 0.7811117 0.0417967 0.6229908
vn 0.7143369 0.0230385 0.6994226
vn 0.6422626 0.0074942 0.7664480
vn 0.5667855 -0.0047363 0.8238518
vn 0.4889722 -0.0136357 0.8721928
vn 0.4092172 -0.0193682 0.9122314
vn 0.3284249 -0.0231423 0.9442465
vn 0.2468893 -0.0257811 0.9687007
vn 0.1648561 -0.0277137 0.9859282
vn 0.0825059 -0.0292691 0.9961607
vn -0.0000190 -0.0306868 0.9995291
vn -0.0825869 -0.0321124 0.9960664
vn -0.1650541 -0.0335965 0.9857121
vn -0.2472446 -0.0350949 0.9683173
vn -0.3289287 -0.0364705 0.9436503
vn -0.4098000 -0.0374967 0.9114044
vn -0.4894469 -0.0378631 0.8712107
vn -0.5673190 -0.0371868 0.8226581
vn -0.6426883 -0.0350294 0.7653265
vn -0.7146086 -0.0309249 0.6988406
vn -0.7818812 -0.0244206 0.6229490
vn -0.8430475 -0.0149361 0.5376317
vn -0.8963965 -0.0016839 0.4432500
vn -0.9400446 0.0155442 0.3406971
vn -0.9722253 0.0355787 0.2313268
vn -0.9914925 0.0564788 0.1172719
vn -0.9970133 0.0772242 0.0009554
vn -0.9885975 0.0972327 -0.1149817
vn -0.9667375 0.1159911 -0.2279576
vn -0.9325212 0.1331026 -0.3356901
vn -0.8874607 0.1483117 -0.4363681
vn -0.8332850 0.1615073 -0.5287262
vn -0.7717469 0.1727060 -0.6120289
vn -0.7044751 0.1820244 -0.6859897
vn -0.6328851 0.1896489 -0.7506595
vn -0.5581417 0.1958063 -0.8063112
vn -0.4811608 0.2007402 -0.8533391
vn -0.4026351 0.2046934 -0.8921803
vn -0.3226537 0.2140180 -0.9220037
vn -0.2414677 0.2373650 -0.9409310
vn -0.1600517 0.2679129 -0.9500559
vn -0.0796379 0.2940589 -0.9524637
vn -0.0002658 0.3144554 -0.9492722
vn 0.0782510 0.3287052 -0.9411852
vn 0.1562371 0.3365066 -0.9286298
vn 0.2340820 0.3376081 -0.9117162
vn 0.3121551 0.3317830 -0.8902130
vn 0.3907066 0.3188307 -0.8635365
vn 0.4697498 0.2986129 -0.8307620
vn 0.5484944 0.2731514 -0.7902798
vn 0.6253642 0.2491211 -0.7394987
vn 0.6977956 0.2312458 -0.6779430
vn 0.7646362 0.2221254 -0.6049726
vn 0.8248865 0.2168829 -0.5220383
vn 0.8778157 0.2102373 -0.4303951
vn 0.9219537 0.2014074 -0.3308118
vn 0.9557308 0.1902593 -0.2244551
vn 0.9777460 0.1767752 -0.1129752
vn 0.9840101 0.1781057 0.0015712
vn 0.9798581 0.1622811 0.1163745
vn 0.9624895 0.1449140 0.2293770
vn 0.9325260 0.1264441 0.3382413
vn 0.8910916 0.1073589 0.4409419
vn 0.8396661 0.0881473 0.5359020
vn 0.7799074 0.0692595 0.6220511
vn 0.7134853 0.0510804 0.6988058
vn 0.6419905 0.0340999 0.7659539
vn 0.5667248 0.0193454 0.8236800
vn 0.4885407 0.0076695 0.8725074
vn 0.4088475 -0.0013723 0.9126017
vn 0.3282192 -0.0080387 0.9445674
vn 0.2466778 -0.0125096 0.9690168
vn 0.1646120 -0.0154014 0.9862382
vn 0.0823529 -0.0174561 0.9964503
vn -0.0000361 -0.0190894 0.9998178
vn -0.0824493 -0.0204591 0.9963852
vn -0.1647666 -0.0216188 0.9860956
vn -0.2468354 -0.0225280 0.9687955
vn -0.3284465 -0.0230544 0.9442412
vn -0.4093081 -0.0229786 0.9121068
vn -0.4890133 -0.0220026 0.8719988
vn -0.5670033 -0.0197630 0.8234784
vn -0.6425401 -0.0157440 0.7660903
vn -0.7146041 -0.0092475 0.6994680
vn -0.7819092 0.0003249 0.6233923
vn -0.8429835 0.0133384 0.5377740
vn -0.8959901 0.0293881 0.4431005
vn -0.9391197 0.0472928 0.3403199
vn -0.9707263 0.0659612 0.2309535
vn -0.9894966 0.0848559 0.1170298
vn -0.9946356 0.1034361 0.0009673
vn -0.9859883 0.1211845 -0.1146355
vn -0.9640583 0.1376586 -0.2272481
vn -0.9299209 0.1525289 -0.3346371
vn -0.8850579 0.1655980 -0.4350286
vn -0.8311588 0.1767988 -0.5271785
vn -0.7699369 0.1861771 -0.6103566
vn -0.7029874 0.1938653 -0.6842696
vn -0.6317011 0.2000538 -0.7489541
vn -0.5572276 0.2049656 -0.8046655
vn -0.4804767 0.2088735 -0.8517711
vn -0.4012798 0.2210149 -0.8888909
vn -0.3201465 0.2494673 -0.9139323
vn -0.2384239 0.2846332 -0.9285139
vn -0.1577771 0.3152401 -0.9358045
vn -0.0784015 0.3405622 -0.9369475
vn -0.0002437 0.3602547 -0.9328540
vn 0.0769412 0.3740747 -0.9242014
vn 0.1535258 0.3818268 -0.9113935
vn 0.2299432 0.3833214 -0.8945339
vn 0.3066130 0.3783504 -0.8734068
vn 0.3838542 0.3666845 -0.8474659
vn 0.4617789 0.3480984 -0.8158356
vn 0.5401650 0.3224306 -0.7773418
vn 0.6179648 0.2911543 -0.7303073
vn 0.6928205 0.2613478 -0.6720841
vn 0.7616831 0.2392450 -0.6021633
vn 0.8229428 0.2273689 -0.5206425
vn 0.8757749 0.2208984 -0.4292112
vn 0.9195936 0.2134622 -0.3298203
vn 0.9530938 0.2038549 -0.2237307
vn 0.9749085 0.1920390 -0.1125807
vn 0.9809558 0.1942245 0.0015926
vn 0.9767812 0.1801181 0.1159994
vn 0.9595161 0.1644907 0.2286298
vn 0.9297734 0.1477434 0.3371843
vn 0.8886546 0.1303279 0.4396677
vn 0.8376067 0.1127037 0.5345212
vn 0.7782524 0.0953000 0.6206779
vn 0.7122282 0.0784892 0.6975460
vn 0.6410572 0.0625731 0.7649381
vn 0.5660686 0.0477810 0.8229723
vn 0.4883960 0.0343815 0.8719445
vn 0.4089107 0.0229498 0.9122858
vn 0.3279988 0.0139688 0.9445748
vn 0.2462879 0.0071131 0.9691706
vn 0.1643323 0.0019077 0.9864032
vn 0.0822476 -0.0019348 0.9966100
vn -0.0000250 -0.0046061 0.9999894
vn -0.0823526 -0.0063642 0.9965829
vn -0.1646010 -0.0073659 0.9863327
vn -0.2466202 -0.0076373 0.9690821
vn -0.3282080 -0.0070704 0.9445790
vn -0.4090698 -0.0054341 0.9124869
vn -0.4887780 -0.0024012 0.8724049
vn -0.5667918 0.0024637 0.8238574
vn -0.6423950 0.0096506 0.7663130
vn -0.7144346 0.0194132 0.6994328
vn -0.7815231 0.0316518 0.6230729
vn -0.8421930 0.0458476 0.5372234
vn -0.8947125 0.0613374 0.4424107
vn -0.9373420 0.0777651 0.3396212
vn -0.9684820 0.0947063 0.2303767
vn -0.9868681 0.1116833 0.1166969
vn -0.9917472 0.1282051 0.0009716
vn -0.9829881 0.1438154 -0.1142434
vn -0.9610965 0.1581359 -0.2264653
vn -0.9271294 0.1708985 -0.3335038
vn -0.8825357 0.1819576 -0.4336153
vn -0.8289663 0.1912856 -0.5255709
vn -0.7680971 0.1989544 -0.6086411
vn -0.7014932 0.2051101 -0.6825226
vn -0.6305240 0.2099473 -0.7472359
vn -0.5563161 0.2140905 -0.8029182
vn -0.4783231 0.2295148 -0.8476615
vn -0.3973800 0.2626003 -0.8792782
vn -0.3154671 0.3011032 -0.8998985
vn -0.2345328 0.3351677 -0.9125004
vn -0.1549789 0.3643233 -0.9182865
vn -0.0769155 0.3882914 -0.9183212
vn -0.0002187 0.4069035 -0.9134711
vn 0.0754066 0.4200450 -0.9043650
vn 0.1503676 0.4276079 -0.8913703
vn 0.2251244 0.4294554 -0.8745782
vn 0.3001289 0.4254008 -0.8537897
vn 0.3757518 0.4152020 -0.8285034
vn 0.4521904 0.3985766 -0.7979101
vn 0.5293526 0.3752446 -0.7609056
vn 0.6067164 0.3450079 -0.7161457
vn 0.6829062 0.3089086 -0.6619778
vn 0.7548402 0.2741239 -0.5958794
vn 0.8189715 0.2479332 -0.5175083
vn 0.8732980 0.2328669 -0.4279293
vn 0.9172214 0.2249103 -0.3288164
vn 0.9504178 0.2167495 -0.2229926
vn 0.9719950 0.2064993 -0.1121773
vn 0.9778199 0.2094413 0.0016087
vn 0.9735765 0.1969415 0.1155975
vn 0.9563628 0.1829428 0.2278204
vn 0.9267868 0.1678111 0.3360145
vn 0.8859314 0.1519657 0.4382146
vn 0.8352159 0.1358389 0.5328810
vn 0.7762312 0.1198403 0.6189535
vn 0.7105830 0.1043301 0.6958355
vn 0.6397694 0.0896049 0.7633257
vn 0.5651010 0.0758943 0.8215235
vn 0.4876636 0.0633663 0.8707289
vn 0.4083140 0.0521362 0.9113515
vn 0.3276981 0.0422791 0.9438360
vn 0.2463007 0.0338767 0.9686012
vn 0.1644573 0.0271000 0.9860119
vn 0.0822865 0.0220393 0.9963650
vn -0.0000249 0.0184959 0.9998289
vn -0.0823424 0.0163072 0.9964707
vn -0.1645570 0.0153928 0.9862475
vn -0.2465427 0.0157645 0.9690037
vn -0.3281104 0.0175219 0.9444769
vn -0.4089609 0.0208335 0.9123141
vn -0.4886415 0.0259048 0.8721000
vn -0.5665538 0.0328798 0.8233685
vn -0.6419129 0.0416757 0.7656441
vn -0.7136221 0.0520843 0.6985919
vn -0.7803667 0.0639905 0.6220394
vn -0.8406135 0.0772121 0.5361038
vn -0.8926829 0.0914876 0.4413018
vn -0.9348735 0.1064770 0.3386359
vn -0.9656299 0.1217746 0.2296299
vn -0.9837303 0.1369367 0.1162882
vn -0.9884538 0.1515196 0.0009688
vn -0.9796839 0.1651228 -0.1138152
vn -0.9579212 0.1774269 -0.2256253
vn -0.9241995 0.1882186 -0.3323087
vn -0.8799333 0.1973993 -0.4321469
vn -0.8267356 0.2049765 -0.5239207
vn -0.7662474 0.2110458 -0.6068975
vn -0.7000063 0.2157660 -0.6807615
vn -0.6292056 0.2209581 -0.7451697
vn -0.5529771 0.2405733 -0.7977097
vn -0.4724846 0.2780281 -0.8363365
vn -0.3906460 0.3187893 -0.8635793
vn -0.3095303 0.3553098 -0.8820125
vn -0.2297648 0.3872079 -0.8929044
vn -0.1516410 0.4142798 -0.8974281
vn -0.0751785 0.4364371 -0.8965884
vn -0.0001910 0.4536504 -0.8911797
vn 0.0736531 0.4659023 -0.8817654
vn 0.1467776 0.4731503 -0.8686686
vn 0.2196504 0.4752997 -0.8519647
vn 0.2927350 0.4721862 -0.8314724
vn 0.3664320 0.4635691 -0.8067412
vn 0.4410031 0.4491383 -0.7770399
vn 0.5164697 0.4285407 -0.7413582
vn 0.5924830 0.4014348 -0.6984368
vn 0.6681767 0.3675872 -0.6468536
vn 0.7418367 0.3276316 -0.5850947
vn 0.8097382 0.2883955 -0.5110304
vn 0.8679155 0.2580536 -0.4244184
vn 0.9140429 0.2388737 -0.3278184
vn 0.9477274 0.2289525 -0.2222464
vn 0.9690380 0.2201659 -0.1117686
vn 0.9746410 0.2237684 0.0016198
vn 0.9702920 0.2127633 0.1151745
vn 0.9530874 0.2002807 0.2269628
vn 0.9236331 0.1866548 0.3347564
vn 0.8829974 0.1722752 0.4366198
vn 0.8325752 0.1575496 0.5310336
vn 0.7739286 0.1428691 0.6169464
vn 0.7086356 0.1285825 0.6937594
vn 0.6381704 0.1149810 0.7612607
vn 0.5638257 0.1022943 0.8195343
vn 0.4866760 0.0906935 0.8688620
vn 0.4075726 0.0802996 0.9096354
vn 0.3271606 0.0711939 0.9422831
vn 0.2459089 0.0634292 0.9672154
vn 0.1641446 0.0570392 0.9847858
vn 0.0820899 0.0520470 0.9952650
vn -0.0001034 0.0484717 0.9988246
vn -0.0823195 0.0463322 0.9955284
vn -0.1644460 0.0456501 0.9853292
vn -0.2463409 0.0464499 0.9680695
vn -0.3277984 0.0487574 0.9434887
vn -0.4085125 0.0525957 0.9112361
vn -0.4880394 0.0579788 0.8708938
vn -0.5657583 0.0649027 0.8220129
vn -0.6408375 0.0733346 0.7641658
vn -0.7122097 0.0831998 0.6970187
vn -0.7785689 0.0943690 0.6204232
vn -0.8383995 0.1066471 0.5345209
vn -0.8900503 0.1197676 0.4398478
vn -0.9318561 0.1333964 0.3374160
vn -0.9623012 0.1471471 0.2287447
vn -0.9801996 0.1606082 0.1158179
vn -0.9848545 0.1733800 0.0009593
vn -0.9761571 0.1851132 -0.1133599
vn -0.9545965 0.1955413 -0.2247425
vn -0.9211801 0.2045006 -0.3310690
vn -0.8772871 0.2119343 -0.4306405
vn -0.8244930 0.2178820 -0.5222439
vn -0.7644063 0.2224606 -0.6051399
vn -0.6978129 0.2304620 -0.6781920
vn -0.6239880 0.2556884 -0.7384188
vn -0.5443858 0.2971154 -0.7844530
vn -0.4630919 0.3391866 -0.8188396
vn -0.3821011 0.3771483 -0.8436574
vn -0.3022799 0.4106988 -0.8602054
vn -0.2241130 0.4397164 -0.8697257
vn -0.1477744 0.4641945 -0.8733191
vn -0.0732014 0.4841857 -0.8718978
vn -0.0001608 0.4997572 -0.8661655
vn 0.0716963 0.5109565 -0.8566114
vn 0.1427901 0.5177846 -0.8435106
vn 0.2135756 0.5201771 -0.8269227
vn 0.2845056 0.5179915 -0.8066854
vn 0.3559867 0.5109996 -0.7824020
vn 0.4283189 0.4988893 -0.7534271
vn 0.5016108 0.4812769 -0.7188596
vn 0.5756670 0.4577402 -0.6775555
vn 0.6498477 0.4278833 -0.6281830
vn 0.7229211 0.3914449 -0.5693470
vn 0.7928691 0.3486805 -0.4997805
vn 0.8555041 0.3053485 -0.4181806
vn 0.9065623 0.2706620 -0.3238625
vn 0.9435255 0.2464397 -0.2214206
vn 0.9659895 0.2333577 -0.1113934
vn 0.9710207 0.2389920 0.0012757
vn 0.9669718 0.2275986 0.1147360
vn 0.9497430 0.2165195 0.2260697
vn 0.9203745 0.2042881 0.3334325
vn 0.8799222 0.1912673 0.4349180
vn 0.8297601 0.1778424 0.5290276
vn 0.7714244 0.1643877 0.6147203
vn 0.7064672 0.1512410 0.6913973
vn 0.6363401 0.1386888 0.7588390
vn 0.5623188 0.1269600 0.8171161
vn 0.4854663 0.1162285 0.8664949
vn 0.4066279 0.1066201 0.9073510
vn 0.3264475 0.0982214 0.9400982
vn 0.2453956 0.0910907 0.9651339
vn 0.1638039 0.0852658 0.9828011
vn 0.0819003 0.0807729 0.9933620
vn -0.0001561 0.0776319 0.9969821
vn -0.0822416 0.0758603 0.9937211
vn -0.1642354 0.0754758 0.9835294
vn -0.2459863 0.0764966 0.9662500
vn -0.3272793 0.0789388 0.9416246
vn -0.4077995 0.0828135 0.9093082
vn -0.4870948 0.0881201 0.8688921
vn -0.5645385 0.0948378 0.8199403
vn -0.6392966 0.1029160 0.7620421
vn -0.7103053 0.1122625 0.6948838
vn -0.7762697 0.1227325 0.6183382
vn -0.8356941 0.1341201 0.5325666
vn -0.8869557 0.1461558 0.4381188
vn -0.9284238 0.1585124 0.3360105
vn -0.9586185 0.1708220 0.2277508
vn -0.9763839 0.1827034 0.1152992
vn -0.9810411 0.1937973 0.0009436
vn -0.9724825 0.2038004 -0.1128858
vn -0.9511815 0.2124940 -0.2238305
vn -0.9181165 0.2197590 -0.3298002
vn -0.8746304 0.2255760 -0.4291121
vn -0.8221780 0.2305670 -0.5204443
vn -0.7603244 0.2445217 -0.6017608
vn -0.6894664 0.2770342 -0.6692444
vn -0.6115435 0.3213862 -0.7229976
vn -0.5315093 0.3637739 -0.7649617
vn -0.4511939 0.4021243 -0.7966933
vn -0.3717094 0.4362252 -0.8194753
vn -0.2937404 0.4660424 -0.8345784
vn -0.2176209 0.4916508 -0.8431611
vn -0.1434182 0.5131791 -0.8462141
vn -0.0710065 0.5307684 -0.8445372
vn -0.0001280 0.5445412 -0.8387341
vn 0.0695611 0.5545793 -0.8292183
vn 0.1384568 0.5609074 -0.8162185
vn 0.2069802 0.5634803 -0.7997807
vn 0.2755522 0.5621748 -0.7797630
vn 0.3445611 0.5567830 -0.7558243
vn 0.4143166 0.5470095 -0.7274080
vn 0.4849826 0.5324755 -0.6937302
vn 0.5564831 0.5127341 -0.6537815
vn 0.6283795 0.4873073 -0.6063587
vn 0.6997281 0.4557569 -0.5501510
vn 0.7689449 0.4178041 -0.4839044
vn 0.8337309 0.3735018 -0.4066806
vn 0.8899175 0.3267578 -0.3182391
vn 0.9328379 0.2872087 -0.2175422
vn 0.9599395 0.2576327 -0.1101883
vn 0.9616149 0.2743887 0.0027660
vn 0.9620331 0.2481535 0.1136316
vn 0.9462706 0.2323213 0.2249415
vn 0.9170675 0.2207290 0.3320632
vn 0.8767699 0.2089591 0.4331405
vn 0.8268405 0.1967322 0.5269072
vn 0.7687922 0.1844075 0.6123336
vn 0.7041529 0.1723129 0.6888228
vn 0.6343531 0.1607301 0.7561495
vn 0.5606516 0.1498875 0.8143731
vn 0.4841005 0.1399613 0.8637463
vn 0.4055387 0.1310812 0.9046303
vn 0.3256083 0.1233391 0.9374256
vn 0.2447810 0.1167974 0.9625178
vn 0.1633923 0.1114983 0.9802403
vn 0.0816753 0.1074701 0.9908478
vn -0.0002043 0.1047331 0.9945003
vn -0.0821159 0.1033037 0.9912544
vn -0.1639306 0.1031956 0.9810593
vn -0.2454896 0.1044205 0.9637589
vn -0.3265699 0.1069860 0.9390986
vn -0.4068491 0.1108916 0.9067397
vn -0.4858692 0.1161230 0.8662832
vn -0.5630000 0.1226443 0.8173061
vn -0.6374081 0.1303887 0.7594140
vn -0.7080359 0.1392481 0.6923115
vn -0.7736016 0.1490644 0.6158899
vn -0.8326311 0.1596229 0.5303263
vn -0.8835300 0.1706520 0.4361797
vn -0.9247004 0.1818317 0.3344643
vn -0.9546948 0.1928117 0.2266749
vn -0.9723825 0.2032389 0.1147439
vn -0.9770975 0.2127901 0.0009221
vn -0.9687286 0.2212038 -0.1124003
vn -0.9477301 0.2283039 -0.2229013
vn -0.9150456 0.2340298 -0.3285142
vn -0.8708584 0.2434997 -0.4269819
vn -0.8143841 0.2673060 -0.5150981
vn -0.7467046 0.3072294 -0.5899511
vn -0.6718494 0.3523092 -0.6515341
vn -0.5940788 0.3939264 -0.7013504
vn -0.5152850 0.4315565 -0.7404326
vn -0.4368191 0.4650842 -0.7699908
vn -0.3595647 0.4945643 -0.7912770
vn -0.2840185 0.5201500 -0.8054672
vn -0.2103806 0.5420380 -0.8135938
vn -0.1386368 0.5604301 -0.8165157
vn -0.0686265 0.5755074 -0.8149120
vn -0.0000930 0.5874125 -0.8092877
vn 0.0672795 0.5962366 -0.7999846
vn 0.1338424 0.6020115 -0.7871902
vn 0.1999644 0.6047021 -0.7709408
vn 0.2660148 0.6042009 -0.7511174
vn 0.3323414 0.6003235 -0.7274345
vn 0.3992365 0.5928036 -0.6994241
vn 0.4668851 0.5812916 -0.6664220
vn 0.5352897 0.5653588 -0.6275622
vn 0.6041696 0.5445132 -0.5817942
vn 0.6728357 0.5182392 -0.5279397
vn 0.7400571 0.4860732 -0.4648100
vn 0.8039536 0.4477278 -0.3914057
vn 0.8619769 0.4032666 -0.3072000
vn 0.9105289 0.3545963 -0.2125995
vn 0.9447007 0.3095858 -0.1081541
vn 0.9401544 0.3407456 0.0014336
vn 0.9473561 0.2994244 0.1134081
vn 0.9373965 0.2666038 0.2240764
vn 0.9126503 0.2417565 0.3295803
vn 0.8735702 0.2260132 0.4310373
vn 0.8238799 0.2142401 0.5247124
vn 0.7660993 0.2029481 0.6098393
vn 0.7017619 0.1918153 0.6861028
vn 0.6322779 0.1811189 0.7532732
vn 0.5588904 0.1710869 0.8114005
vn 0.4826401 0.1618976 0.8607251
vn 0.4043599 0.1536845 0.9015953
vn 0.3246895 0.1465438 0.9343991
vn 0.2441017 0.1405424 0.9595114
vn 0.1629351 0.1357257 0.9772567
vn 0.0814278 0.1321241 0.9878830
vn -0.0002486 0.1297585 0.9915456
vn -0.0819568 0.1286435 0.9882985
vn -0.1635609 0.1287894 0.9780905
vn -0.2448949 0.1302018 0.9607674
vn -0.3257289 0.1328798 0.9360788
vn -0.4057347 0.1368126 0.9036933
vn -0.4844498 0.1419732 0.8632219
vn -0.5612426 0.1483119 0.8142545
vn -0.6352822 0.1557470 0.7564122
vn -0.7055192 0.1641566 0.6894167
vn -0.7706870 0.1733706 0.6131755
vn -0.8293338 0.1831668 0.5278782
vn -0.8798932 0.1932725 0.4340894
vn -0.9207990 0.2033749 0.3328181
vn -0.9506326 0.2131399 0.2255416
vn -0.9682853 0.2222396 0.1141628
vn -0.9730995 0.2303835 0.0008953
vn -0.9649363 0.2374320 -0.1119107
vn -0.9431821 0.2474721 -0.2217321
vn -0.9068442 0.2681056 -0.3251969
vn -0.8558684 0.3034394 -0.4188243
vn -0.7927423 0.3477721 -0.5006138
vn -0.7225588 0.3910908 -0.5700498
vn -0.6483876 0.4307574 -0.6277274
vn -0.5723104 0.4665085 -0.6744114
vn -0.4958895 0.4983282 -0.7111699
vn -0.4201957 0.5263568 -0.7391780
vn -0.3458857 0.5508173 -0.7595810
vn -0.2732947 0.5719628 -0.7734136
vn -0.2025241 0.5900417 -0.7815592
vn -0.1335142 0.6052767 -0.7847382
vn -0.0661010 0.6178510 -0.7835118
vn -0.0000559 0.6279009 -0.7782933
vn 0.0648882 0.6355098 -0.7693613
vn 0.1290203 0.6407049 -0.7568692
vn 0.1926405 0.6434538 -0.7408487
vn 0.2560508 0.6436612 -0.7212061
vn 0.3195397 0.6411657 -0.6977112
vn 0.3833585 0.6357352 -0.6699828
vn 0.4476818 0.6270629 -0.6374740
vn 0.5125497 0.6147646 -0.5994642
vn 0.5777882 0.5983827 -0.5550667
vn 0.6429075 0.5774024 -0.5032657
vn 0.7069857 0.5512931 -0.4429979
vn 0.7685579 0.5195841 -0.3732976
vn 0.8255509 0.4819895 -0.2935164
vn 0.8753268 0.4385753 -0.2036042
vn 0.9148698 0.3900156 -0.1044084
vn 0.9010489 0.4337107 0.0024106
vn 0.9167468 0.3842684 0.1091469
vn 0.9162728 0.3364545 0.2173533
vn 0.8975542 0.2970900 0.3257822
vn 0.8640397 0.2652181 0.4278956
vn 0.8191006 0.2399725 0.5210445
vn 0.7634583 0.2220817 0.6064744
vn 0.6993797 0.2098960 0.6832362
vn 0.6301773 0.1998780 0.7502835
vn 0.5570954 0.1905789 0.8082848
vn 0.4811414 0.1820557 0.8575306
vn 0.4031419 0.1744455 0.8983571
vn 0.3237340 0.1678486 0.9311408
vn 0.2433915 0.1623357 0.9562467
vn 0.1624559 0.1579556 0.9739908
vn 0.0811699 0.1547405 0.9846151
vn -0.0002893 0.1527119 0.9882707
vn -0.0817777 0.1518828 0.9850097
vn -0.1631532 0.1522599 0.9747810
vn -0.2442430 0.1538433 0.9574328
vn -0.3248111 0.1566244 0.9327200
vn -0.4045243 0.1605826 0.9003184
vn -0.4829171 0.1656795 0.8598496
vn -0.5593578 0.1718523 0.8109165
vn -0.6330196 0.1790064 0.7531553
vn -0.7028629 0.1870070 0.6863032
vn -0.7676374 0.1956738 0.6102824
vn -0.8259138 0.2047781 0.5252926
vn -0.8761539 0.2140466 0.4319008
vn -0.9168212 0.2231730 0.3311083
vn -0.9465242 0.2318380 0.2243725
vn -0.9638064 0.2413107 0.1133420
vn -0.9668766 0.2552423 0.0009748
vn -0.9542157 0.2781155 -0.1101093
vn -0.9248618 0.3124586 -0.2167956
vn -0.8802258 0.3549369 -0.3149959
vn -0.8241332 0.3982377 -0.4027545
vn -0.7603433 0.4383705 -0.4792801
vn -0.6914528 0.4748685 -0.5444198
vn -0.6196676 0.5075860 -0.5986389
vn -0.5467027 0.5366024 -0.6427862
vn -0.4737868 0.5621318 -0.6778893
vn -0.4017261 0.5844527 -0.7050044
vn -0.3309910 0.6038587 -0.7251204
vn -0.2618031 0.6206291 -0.7391067
vn -0.1942104 0.6350112 -0.7476918
vn -0.1281463 0.6472120 -0.7514620
vn -0.0634742 0.6573931 -0.7508697
vn -0.0000165 0.6656690 -0.7462472
vn 0.0624265 0.6721052 -0.7378194
vn 0.1240674 0.6767179 -0.7257136
vn 0.1851258 0.6794721 -0.7099620
vn 0.2458239 0.6802812 -0.6904985
vn 0.3063774 0.6790040 -0.6671480
vn 0.3669782 0.6754419 -0.6396133
vn 0.4277652 0.6693342 -0.6074608
vn 0.4887803 0.6603531 -0.5701119
vn 0.5499075 0.6481011 -0.5268459
vn 0.6107945 0.6321146 -0.4768241
vn 0.6707598 0.6118807 -0.4191458
vn 0.7286970 0.5868780 -0.3529517
vn 0.7829988 0.5566509 -0.2775838
vn 0.8315428 0.5209257 -0.1928032
vn 0.8717910 0.4797624 -0.0990374
vn 0.8501561 0.5265245 0.0025593
vn 0.8687551 0.4842705 0.1036663
vn 0.8742720 0.4385070 0.2082309
vn 0.8655330 0.3908167 0.3132332
vn 0.8420506 0.3449584 0.4146740
vn 0.8032882 0.3059653 0.5109926
vn 0.7518846 0.2743682 0.5994929
vn 0.6922825 0.2485027 0.6774890
vn 0.6265864 0.2278792 0.7452923
vn 0.5552494 0.2125204 0.8040728
vn 0.4798921 0.2014131 0.8538948
vn 0.4019684 0.1934690 0.8949811
vn 0.3227809 0.1872779 0.9277605
vn 0.2426812 0.1822005 0.9528425
vn 0.1619760 0.1782098 0.9705694
vn 0.0809125 0.1753402 0.9811773
vn -0.0003266 0.1736134 0.9848138
vn -0.0815910 0.1730411 0.9815293
vn -0.1627322 0.1736269 0.9712734
vn -0.2435711 0.1753657 0.9538973
vn -0.3238662 0.1782417 0.9291612
vn -0.4032798 0.1822253 0.8967493
vn -0.4813443 0.1872674 0.8562935
vn -0.5574287 0.1932938 0.8074099
vn -0.6307115 0.2001976 0.7497492
vn -0.7001640 0.2078329 0.6830636
vn -0.7645526 0.2160104 0.6072881
vn -0.8224199 0.2252735 0.5223767
vn -0.8717098 0.2369400 0.4289307
vn -0.9101959 0.2521282 0.3285953
vn -0.9360412 0.2725664 0.2225635
vn -0.9471548 0.3006011 0.1119678
vn -0.9416720 0.3365298 0.0011967
vn -0.9198373 0.3777227 -0.1059481
vn -0.8840401 0.4191857 -0.2067765
vn -0.8371193 0.4581103 -0.2989419
vn -0.7815950 0.4938304 -0.3811046
vn -0.7199490 0.5260321 -0.4527292
vn -0.6543739 0.5546827 -0.5139280
vn -0.5866452 0.5799418 -0.5652565
vn -0.5180964 0.6020774 -0.6075186
vn -0.4496587 0.6214028 -0.6416118
vn -0.3819313 0.6382336 -0.6684208
vn -0.3152597 0.6528628 -0.6887536
vn -0.2498065 0.6655474 -0.7033088
vn -0.1856107 0.6765034 -0.7126653
vn -0.1226334 0.6859035 -0.7172848
vn -0.0607907 0.6938774 -0.7175226
vn 0.0000251 0.7005120 -0.7136406
vn 0.0599332 0.7058517 -0.7058196
vn 0.1190594 0.7098989 -0.6941674
vn 0.1775347 0.7126138 -0.6787216
vn 0.2354940 0.7139146 -0.6594456
vn 0.2930708 0.7136766 -0.6362195
vn 0.3503856 0.7117298 -0.6088272
vn 0.4075240 0.7078560 -0.5769437
vn 0.4645029 0.7017834 -0.5401269
vn 0.5212251 0.6931822 -0.4978181
vn 0.5774203 0.6816617 -0.4493585
vn 0.6325756 0.6667753 -0.3940289
vn 0.6858617 0.6480372 -0.3311217
vn 0.7360671 0.6249617 -0.2600542
vn 0.7815648 0.5971322 -0.1805261
vn 0.8203459 0.5643026 -0.0927104
vn 0.7914376 0.6112441 0.0026700
vn 0.8104065 0.5778215 0.0967660
vn 0.8185120 0.5404511 0.1948095
vn 0.8144634 0.4999102 0.2945150
vn 0.7976155 0.4573363 0.3932594
vn 0.7681018 0.4141162 0.4883926
vn 0.7268238 0.3719805 0.5773713
vn 0.6751276 0.3336373 0.6579429
vn 0.6139972 0.3014176 0.7294895
vn 0.5458565 0.2750470 0.7914480
vn 0.4729498 0.2537838 0.8437489
vn 0.3974350 0.2366099 0.8866009
vn 0.3202044 0.2229852 0.9207316
vn 0.2413288 0.2126968 0.9468476
vn 0.1613475 0.2052432 0.9653197
vn 0.0807239 0.2001686 0.9764303
vn -0.0002206 0.1971257 0.9803782
vn -0.0812500 0.1958652 0.9772590
vn -0.1621636 0.1962242 0.9670569
vn -0.2427474 0.1981171 0.9496438
vn -0.3227277 0.2015307 0.9247877
vn -0.4017228 0.2065238 0.8921697
vn -0.4791928 0.2132302 0.8514148
vn -0.5543889 0.2218644 0.8021404
vn -0.6263066 0.2327263 0.7440286
vn -0.6936542 0.2462023 0.6769256
vn -0.7551196 0.2631481 0.6004560
vn -0.8089843 0.2846613 0.5143077
vn -0.8526927 0.3111977 0.4196084
vn -0.8836750 0.3429314 0.3186165
vn -0.9002643 0.3794279 0.2134446
vn -0.9021326 0.4181027 0.1065214
vn -0.8899724 0.4560124 0.0013390
vn -0.8648643 0.4920778 -0.0993434
vn -0.8285423 0.5255125 -0.1932727
vn -0.7831113 0.5558468 -0.2788746
vn -0.7307501 0.5829063 -0.3552809
vn -0.6734766 0.6067476 -0.4222401
vn -0.6130058 0.6275815 -0.4799640
vn -0.5506960 0.6457024 -0.5289635
vn -0.4875575 0.6614342 -0.5699056
vn -0.4242980 0.6750948 -0.6035050
vn -0.3613815 0.6869751 -0.6304511
vn -0.2990889 0.6973296 -0.6513656
vn -0.2375713 0.7063730 -0.6667811
vn -0.1768945 0.7142796 -0.6771359
vn -0.1170728 0.7211850 -0.6827783
vn -0.0580933 0.7271870 -0.6839768
vn 0.0000694 0.7323466 -0.6809320
vn 0.0574452 0.7366886 -0.6737878
vn 0.1140676 0.7402023 -0.6626380
vn 0.1699743 0.7428422 -0.6475293
vn 0.2252090 0.7445287 -0.6284567
vn 0.2798192 0.7451487 -0.6053550
vn 0.3338477 0.7445544 -0.5780868
vn 0.3873165 0.7425622 -0.5464315
vn 0.4402012 0.7389483 -0.5100767
vn 0.4923967 0.7334452 -0.4686189
vn 0.5436733 0.7257369 -0.4215749
vn 0.5936271 0.7154583 -0.3684104
vn 0.6416268 0.7022009 -0.3085918
vn 0.6867649 0.6855307 -0.2416644
vn 0.7278273 0.6650243 -0.1673621
vn 0.7633003 0.6403287 -0.0857423
vn 0.7285130 0.6850265 0.0027481
vn 0.7457250 0.6602741 0.0890642
vn 0.7540392 0.6319046 0.1792245
vn 0.7523080 0.6002415 0.2715563
vn 0.7397579 0.5658921 0.3640390
vn 0.7161263 0.5297254 0.4544822
vn 0.6817170 0.4927972 0.5407521
vn 0.6373560 0.4562357 0.6209882
vn 0.5842592 0.4211177 0.6937586
vn 0.5238540 0.3883636 0.7581231
vn 0.4576268 0.3587286 0.8135671
vn 0.3870270 0.3330545 0.8598167
vn 0.3129048 0.3119874 0.8970811
vn 0.2363476 0.2952520 0.9257246
vn 0.1582227 0.2824353 0.9461479
vn 0.0791483 0.2731681 0.9587047
vn -0.0004317 0.2671510 0.9636546
vn -0.0801794 0.2641680 0.9611381
vn -0.1597999 0.2640917 0.9511675
vn -0.2389826 0.2668845 0.9336273
vn -0.3173438 0.2725973 0.9082861
vn -0.3943676 0.2813650 0.8748188
vn -0.4693440 0.2933968 0.8328472
vn -0.5413078 0.3089594 0.7820038
vn -0.6089863 0.3283480 0.7220272
vn -0.6707733 0.3518416 0.6528941
vn -0.7250716 0.3793531 0.5747716
vn -0.7703146 0.4098753 0.4884852
vn -0.8049671 0.4421607 0.3956285
vn -0.8278084 0.4752586 0.2980981
vn -0.8381479 0.5081581 0.1982006
vn -0.8359515 0.5399025 0.0984392
vn -0.8218548 0.5696957 0.0012499
vn -0.7970555 0.5969732 -0.0912443
vn -0.7631247 0.6214247 -0.1774035
vn -0.7217898 0.6429719 -0.2561381
vn -0.6747436 0.6617176 -0.3268806
vn -0.6235097 0.6778853 -0.3894961
vn -0.5693695 0.6917632 -0.4441644
vn -0.5133419 0.7036610 -0.4912651
vn -0.4561985 0.7138801 -0.5312797
vn -0.3984983 0.7226974 -0.5647190
vn -0.3406302 0.7303562 -0.5920733
vn -0.2828556 0.7370643 -0.6137825
vn -0.2253466 0.7429936 -0.6302217
vn -0.1682184 0.7482822 -0.6416980
vn -0.1115268 0.7530941 -0.6483911
vn -0.0543058 0.7602429 -0.6473651
vn 0.0012003 0.7702640 -0.6377241
vn 0.0541889 0.7800287 -0.6233930
vn 0.1056724 0.7867972 -0.6080982
vn 0.1567820 0.7893733 -0.5935565
vn 0.2084484 0.7877349 -0.5796748
vn 0.2611329 0.7829292 -0.5646516
vn 0.3144728 0.7772479 -0.5449703
vn 0.3668433 0.7739695 -0.5161368
vn 0.4162935 0.7719302 -0.4804409
vn 0.4639898 0.7689606 -0.4397876
vn 0.5103285 0.7643740 -0.3940777
vn 0.5549734 0.7578822 -0.3429563
vn 0.5974300 0.7491615 -0.2860671
vn 0.6370125 0.7378605 -0.2231075
vn 0.6728228 0.7236183 -0.1539027
vn 0.7037516 0.7060962 -0.0784969
vn 0.6649344 0.7468965 0.0028044
vn 0.6789860 0.7296601 0.0810813
vn 0.6856776 0.7095001 0.1626527
vn 0.6841271 0.6865114 0.2463173
vn 0.6736607 0.6609750 0.3305955
vn 0.6539102 0.6333681 0.4138192
vn 0.6248761 0.6043469 0.4942617
vn 0.5869397 0.5746984 0.5702837
vn 0.5408176 0.5452720 0.6404645
vn 0.4874732 0.5169042 0.7036902
vn 0.4280048 0.4903524 0.7591880
vn 0.3635374 0.4662502 0.8065056
vn 0.2951372 0.4450877 0.8454531
vn 0.2237586 0.4272143 0.8760251
vn 0.1502228 0.4128577 0.8983216
vn 0.0752231 0.4021517 0.9124776
vn -0.0006496 0.3951641 0.9186103
vn -0.0768708 0.3919206 0.9167820
vn -0.1529386 0.3924208 0.9069816
vn -0.2283283 0.3966451 0.8891225
vn -0.3024458 0.4045504 0.8630559
vn -0.3745865 0.4160562 0.8286026
vn -0.4439015 0.4310225 0.7856023
vn -0.5093807 0.4492229 0.7339824
vn -0.5698598 0.4703174 0.6738407
vn -0.6240622 0.4938343 0.6055361
vn -0.6706790 0.5191672 0.5297688
vn -0.7084867 0.5455956 0.4476294
vn -0.7364841 0.5723305 0.3605953
vn -0.7540239 0.5985812 0.2704597
vn -0.7609038 0.6236288 0.1791996
vn -0.7573938 0.6468912 0.0888050
vn -0.7441914 0.6679655 0.0011070
vn -0.7223189 0.6866386 -0.0823577
vn -0.6929900 0.7028717 -0.1604250
vn -0.6574775 0.7167646 -0.2323184
vn -0.6170044 0.7285129 -0.2976147
vn -0.5726704 0.7383671 -0.3561777
vn -0.5254131 0.7465992 -0.4080817
vn -0.4759978 0.7534788 -0.4535369
vn -0.4250280 0.7592583 -0.4928266
vn -0.3729671 0.7641646 -0.5262585
vn -0.3193603 0.7693272 -0.5533034
vn -0.2606479 0.7809661 -0.5675867
vn -0.2021615 0.8004343 -0.5643010
vn -0.1470602 0.8230447 -0.5486081
vn -0.0941737 0.8452827 -0.5259548
vn -0.0441826 0.8643692 -0.5009130
vn 0.0001866 0.8783316 -0.4780519
vn 0.0400976 0.8871756 -0.4596864
vn 0.0781261 0.8915189 -0.4461955
vn 0.1163942 0.8918372 -0.4371256
vn 0.1567621 0.8884851 -0.4313003
vn 0.2009258 0.8818404 -0.4265986
vn 0.2500833 0.8724407 -0.4198875
vn 0.3023983 0.8595742 -0.4119314
vn 0.3563357 0.8428173 -0.4033408
vn 0.4118087 0.8242443 -0.3886322
vn 0.4662733 0.8072103 -0.3619402
vn 0.5147842 0.7959083 -0.3186334
vn 0.5544346 0.7892091 -0.2641045
vn 0.5883973 0.7821678 -0.2049440
vn 0.6186880 0.7729452 -0.1406445
vn 0.6445061 0.7612680 -0.0712948
vn 0.6022802 0.7982836 0.0013635
vn 0.6138068 0.7860500 0.0732574
vn 0.6178768 0.7725686 0.1461712
vn 0.6151164 0.7569132 0.2207129
vn 0.6050318 0.7392125 0.2958065
vn 0.5873087 0.7197231 0.3702257
vn 0.5618591 0.6988312 0.4426615
vn 0.5288426 0.6770377 0.5118060
vn 0.4886596 0.6549287 0.5764375
vn 0.4419159 0.6331354 0.6354918
vn 0.3893678 0.6122904 0.6881085
vn 0.3318577 0.5929876 0.7336458
vn 0.2702544 0.5757527 0.7716679
vn 0.2054057 0.5610241 0.8019105
vn 0.1381093 0.5491464 0.8242354
vn 0.0691027 0.5403724 0.8385836
vn -0.0009313 0.5348696 0.8449341
vn -0.0713462 0.5327283 0.8432735
vn -0.1415055 0.5339672 0.8335798
vn -0.2107532 0.5385360 0.8158199
vn -0.2783854 0.5463130 0.7899644
vn -0.3436282 0.5570998 0.7560156
vn -0.4056260 0.5706137 0.7140501
vn -0.4634468 0.5864830 0.6642701
vn -0.5161075 0.6042470 0.6070574
vn -0.5626217 0.6233662 0.5430206
vn -0.6020670 0.6432450 0.4730234
vn -0.6336631 0.6632656 0.3981830
vn -0.6568482 0.6828307 0.3198323
vn -0.6713365 0.7014074 0.2394471
vn -0.6771454 0.7185654 0.1585493
vn -0.6745848 0.7340007 0.0786025
vn -0.6642126 0.7475432 0.0009200
vn -0.6467664 0.7591479 -0.0734007
vn -0.6230859 0.7688749 -0.1435108
vn -0.5940402 0.7768620 -0.2088099
vn -0.5604687 0.7832981 -0.2689218
vn -0.5227012 0.7887114 -0.3236014
vn -0.4761050 0.7973892 -0.3708024
vn -0.4219634 0.8122663 -0.4027037
vn -0.3646361 0.8318977 -0.4183141
vn -0.3069624 0.8536988 -0.4206810
vn -0.2465486 0.8761465 -0.4142234
vn -0.1877706 0.8966954 -0.4008486
vn -0.1380364 0.9134834 -0.3827454
vn -0.0966084 0.9265668 -0.3635117
vn -0.0605155 0.9361979 -0.3462243
vn -0.0286183 0.9426681 -0.3325025
vn 0.0003073 0.9468071 -0.3218014
vn 0.0275630 0.9493099 -0.3131309
vn 0.0541023 0.9505292 -0.3058876
vn 0.0807389 0.9505992 -0.2997373
vn 0.1083054 0.9494779 -0.2945532
vn 0.1378128 0.9469326 -0.2903900
vn 0.1705350 0.9424833 -0.2874769
vn 0.2067273 0.9356578 -0.2860216
vn 0.2474085 0.9267139 -0.2828258
vn 0.2931483 0.9159549 -0.2740268
vn 0.3434347 0.9037980 -0.2553464
vn 0.3953224 0.8894675 -0.2292766
vn 0.4465823 0.8715965 -0.2021975
vn 0.4965574 0.8512574 -0.1696808
vn 0.5422570 0.8308603 -0.1250140
vn 0.5790290 0.8125076 -0.0675046
vn 0.4266943 0.9042350 0.0170608
vn 0.4536688 0.8886990 0.0663221
vn 0.4767089 0.8709059 0.1194632
vn 0.4932592 0.8512868 0.1789025
vn 0.5015151 0.8302483 0.2432497
vn 0.5000758 0.8084011 0.3105024
vn 0.4881663 0.7865209 0.3782571
vn 0.4657513 0.7654643 0.4440046
vn 0.4335105 0.7460581 0.5054364
vn 0.3927081 0.7289788 0.5606873
vn 0.3462221 0.7139034 0.6086643
vn 0.2954986 0.7001494 0.6499780
vn 0.2409572 0.6877767 0.6847648
vn 0.1833031 0.6771731 0.7126266
vn 0.1232483 0.6686640 0.7332792
vn 0.0614980 0.6625021 0.7465313
vn -0.0012544 0.6588616 0.7522631
vn -0.0643238 0.6578350 0.7504103
vn -0.1270248 0.6594323 0.7409546
vn -0.1886611 0.6635816 0.7239244
vn -0.2485159 0.6701296 0.6994041
vn -0.3058483 0.6788449 0.6675526
vn -0.3598967 0.6894225 0.6286262
vn -0.4098936 0.7014932 0.5830048
vn -0.4550902 0.7146373 0.5312122
vn -0.4947912 0.7284043 0.4739291
vn -0.5283944 0.7423366 0.4119900
vn -0.5554299 0.7559962 0.3463632
vn -0.5755245 0.7690962 0.2779615
vn -0.5874986 0.7824351 0.2064965
vn -0.5895287 0.7964939 0.1343631
vn -0.5812305 0.8112037 0.0641844
vn -0.5631313 0.8263657 -0.0016872
vn -0.5363781 0.8417578 -0.0611744
vn -0.5026142 0.8571327 -0.1127050
vn -0.4637853 0.8722190 -0.1553614
vn -0.4216283 0.8867887 -0.1893021
vn -0.3743405 0.9011128 -0.2187805
vn -0.3231952 0.9146443 -0.2428388
vn -0.2741404 0.9267087 -0.2570174
vn -0.2296203 0.9372384 -0.2624095
vn -0.1898780 0.9462003 -0.2620140
vn -0.1536021 0.9532184 -0.2603482
vn -0.1219956 0.9581538 -0.2589565
vn -0.0939288 0.9616360 -0.2577470
vn -0.0682849 0.9641448 -0.2564411
vn -0.0443146 0.9659764 -0.2548056
vn -0.0215062 0.9673197 -0.2526461
vn 0.0004959 0.9682963 -0.2498041
vn 0.0219453 0.9689817 -0.2461562
vn 0.0430353 0.9694176 -0.2416143
vn 0.0639321 0.9696178 -0.2361228
vn 0.0848052 0.9695706 -0.2296537
vn 0.1058564 0.9692383 -0.2221972
vn 0.1273501 0.9685523 -0.2137486
vn 0.1496493 0.9674039 -0.2042908
vn 0.1732626 0.9656256 -0.1937714
vn 0.1989140 0.9629558 -0.1820696
vn 0.2276532 0.9589734 -0.1689500
vn 0.2594023 0.9532256 -0.1551498
vn 0.2935147 0.9459336 -0.1380537
vn 0.3290114 0.9375318 -0.1130734
vn 0.3643050 0.9279739 -0.0783986
vn 0.3971834 0.9171500 -0.0328816
vn 0.2658111 0.9640115 0.0051246
vn 0.2802103 0.9593037 0.0349097
vn 0.2918180 0.9539799 0.0690268
vn 0.2997802 0.9479796 0.1070818
vn 0.3033233 0.9412615 0.1483974
vn 0.3018207 0.9338215 0.1920461
vn 0.2948511 0.9257097 0.2369058
vn 0.2822397 0.9170418 0.2817357
vn 0.2640924 0.9080006 0.3252541
vn 0.2419873 0.8987969 0.3655219
vn 0.2171575 0.8896553 0.4016914
vn 0.1886831 0.8808027 0.4342640
vn 0.1561197 0.8725245 0.4629554
vn 0.1199587 0.8651274 0.4869954
vn 0.0808093 0.8589008 0.5057266
vn 0.0393743 0.8540951 0.5186244
vn -0.0035741 0.8509038 0.5253094
vn -0.0472182 0.8494496 0.5255528
vn -0.0907165 0.8497762 0.5192792
vn -0.1332245 0.8518456 0.5065672
vn -0.1739142 0.8555421 0.4876489
vn -0.2119964 0.8606814 0.4629094
vn -0.2467433 0.8670242 0.4328820
vn -0.2775140 0.8742948 0.3982394
vn -0.3037794 0.8822008 0.3597774
vn -0.3251450 0.8904542 0.3183898
vn -0.3413690 0.8987897 0.2750350
vn -0.3524212 0.9070079 0.2305125
vn -0.3586885 0.9151838 0.1837964
vn -0.3598610 0.9231489 0.1352633
vn -0.3554699 0.9305595 0.0877510
vn -0.3458450 0.9373086 0.0429395
vn -0.3316474 0.9434016 0.0018656
vn -0.3136982 0.9488893 -0.0346777
vn -0.2929133 0.9538460 -0.0661783
vn -0.2702351 0.9583486 -0.0924173
vn -0.2465365 0.9624437 -0.1136742
vn -0.2221289 0.9659472 -0.1326828
vn -0.1987286 0.9686184 -0.1492829
vn -0.1765834 0.9705959 -0.1635906
vn -0.1553794 0.9720637 -0.1759246
vn -0.1348645 0.9731543 -0.1865002
vn -0.1148394 0.9739660 -0.1954536
vn -0.0951514 0.9745735 -0.2028615
vn -0.0756896 0.9750344 -0.2087556
vn -0.0563820 0.9753943 -0.2131363
vn -0.0371918 0.9756884 -0.2159835
vn -0.0181144 0.9759439 -0.2172681
vn 0.0008281 0.9761799 -0.2169609
vn 0.0195920 0.9764085 -0.2150409
vn 0.0381207 0.9766342 -0.2115005
vn 0.0563526 0.9768544 -0.2063486
vn 0.0742300 0.9770599 -0.1996093
vn 0.0917068 0.9772345 -0.1913181
vn 0.1087549 0.9773559 -0.1815151
vn 0.1253685 0.9773957 -0.1702365
vn 0.1415658 0.9773184 -0.1575049
vn 0.1573903 0.9770813 -0.1433195
vn 0.1729104 0.9766313 -0.1276451
vn 0.1882185 0.9759024 -0.1104010
vn 0.2034312 0.9748093 -0.0914475
vn 0.2186886 0.9732395 -0.0705703
vn 0.2341552 0.9710401 -0.0474595
vn 0.2500033 0.9680011 -0.0217283
vn 0.1939249 0.9809997 0.0057122
vn 0.1957538 0.9802502 0.0281083
vn 0.1959589 0.9792815 0.0510672
vn 0.1944515 0.9780813 0.0744693
vn 0.1911379 0.9766415 0.0981719
vn 0.1859225 0.9749605 0.1220037
vn 0.1787120 0.9730451 0.1457576
vn 0.1694224 0.9709130 0.1691862
vn 0.1579925 0.9685961 0.1919896
vn 0.1447753 0.9661901 0.2133467
vn 0.1294041 0.9638185 0.2330418
vn 0.1116185 0.9615734 0.2508346
vn 0.0916621 0.9595280 0.2662782
vn 0.0698425 0.9577541 0.2789786
vn 0.0465208 0.9563169 0.2886065
vn 0.0220999 0.9552701 0.2949078
vn -0.0029888 0.9546521 0.2977087
vn -0.0282974 0.9544832 0.2969194
vn -0.0533740 0.9547642 0.2925348
vn -0.0777738 0.9554764 0.2846331
vn -0.1010701 0.9565835 0.2733730
vn -0.1228643 0.9580340 0.2589888
vn -0.1427961 0.9597653 0.2417847
vn -0.1605518 0.9617083 0.2221268
vn -0.1758733 0.9637919 0.2004337
vn -0.1885645 0.9659482 0.1771651
vn -0.1984975 0.9681159 0.1528083
vn -0.2056613 0.9702438 0.1277901
vn -0.2104700 0.9722823 0.1018307
vn -0.2129893 0.9741088 0.0758136
vn -0.2133476 0.9756841 0.0502329
vn -0.2117039 0.9770059 0.0253163
vn -0.2082178 0.9780817 0.0012442
vn -0.2030434 0.9789261 -0.0218435
vn -0.1963248 0.9795584 -0.0438388
vn -0.1881941 0.9800011 -0.0646586
vn -0.1787706 0.9802781 -0.0842369
vn -0.1681613 0.9804140 -0.1025193
vn -0.1564623 0.9804333 -0.1194572
vn -0.1437610 0.9803605 -0.1350039
vn -0.1301384 0.9802193 -0.1491110
vn -0.1156730 0.9800327 -0.1617269
vn -0.1004436 0.9798229 -0.1727951
vn -0.0845333 0.9796109 -0.1822545
vn -0.0680327 0.9794161 -0.1900414
vn -0.0510434 0.9792561 -0.1960921
vn -0.0336798 0.9791460 -0.2003468
vn -0.0160701 0.9790976 -0.2027552
vn 0.0016450 0.9791190 -0.2032812
vn 0.0193150 0.9792140 -0.2019083
vn 0.0367846 0.9793815 -0.1986424
vn 0.0538988 0.9796160 -0.1935136
vn 0.0705095 0.9799074 -0.1865744
vn 0.0864797 0.9802418 -0.1778970
vn 0.1016873 0.9806022 -0.1675681
vn 0.1160262 0.9809693 -0.1556832
vn 0.1294054 0.9813221 -0.1423418
vn 0.1417473 0.9816389 -0.1276431
vn 0.1529847 0.9818974 -0.1116833
vn 0.1630572 0.9820753 -0.0945536
vn 0.1719079 0.9821506 -0.0763406
vn 0.1794805 0.9821015 -0.0571269
vn 0.1857167 0.9819067 -0.0369927
vn 0.1905543 0.9815460 -0.0160185
vn 0.1899574 0.9817558 0.0084650
vn 0.1877096 0.9817743 0.0297386
vn 0.1837810 0.9816609 0.0506604
vn 0.1781989 0.9814249 0.0710656
vn 0.1710010 0.9810793 0.0907859
vn 0.1622379 0.9806405 0.1096502
vn 0.1519755 0.9801277 0.1274876
vn 0.1402957 0.9795630 0.1441301
vn 0.1272972 0.9789699 0.1594158
vn 0.1130952 0.9783730 0.1731927
vn 0.0978202 0.9777971 0.1853214
vn 0.0816164 0.9772659 0.1956787
vn 0.0646393 0.9768012 0.2041596
vn 0.0470536 0.9764222 0.2106791
vn 0.0290304 0.9761443 0.2151734
vn 0.0107449 0.9759788 0.2176003
vn -0.0076263 0.9759325 0.2179394
vn -0.0259065 0.9760072 0.2161917
vn -0.0439215 0.9761998 0.2123791
vn -0.0615006 0.9765025 0.2065442
vn -0.0784784 0.9769033 0.1987490
vn -0.0946961 0.9773860 0.1890747
vn -0.1100034 0.9779315 0.1776209
vn -0.1242597 0.9785183 0.1645040
vn -0.1373358 0.9791230 0.1498564
vn -0.1491158 0.9797222 0.1338244
vn -0.1594981 0.9802921 0.1165663
vn -0.1683966 0.9808107 0.0982495
vn -0.1757415 0.9812575 0.0790479
vn -0.1814792 0.9816149 0.0591392
vn -0.1855722 0.9818682 0.0387018
vn -0.1879975 0.9820062 0.0179124
vn -0.1887459 0.9820212 -0.0030564
vn -0.1878195 0.9819094 -0.0240371
vn -0.1852299 0.9816704 -0.0448686
vn -0.1809957 0.9813073 -0.0653956
vn -0.1751407 0.9808267 -0.0854679
vn -0.1676921 0.9802384 -0.1049381
vn -0.1586796 0.9795556 -0.1236590
vn -0.1481359 0.9787948 -0.1414794
vn -0.1360983 0.9779760 -0.1582410
vn -0.1226120 0.9771227 -0.1737742
vn -0.1077356 0.9762623 -0.1878961
vn -0.0915479 0.9754254 -0.2004103
vn -0.0741555 0.9746454 -0.2111097
vn -0.0557003 0.9739572 -0.2197838
vn -0.0363649 0.9733951 -0.2262292
vn -0.0163748 0.9729903 -0.2302646
vn 0.0040043 0.9727679 -0.2317468
vn 0.0244753 0.9727440 -0.2305862
vn 0.0447227 0.9729235 -0.2267592
vn 0.0644302 0.9732987 -0.2203143
vn 0.0832986 0.9738501 -0.2113701
vn 0.1010620 0.9745479 -0.2001070
vn 0.1174993 0.9753552 -0.1867516
vn 0.1324400 0.9762311 -0.1715589
vn 0.1457633 0.9771345 -0.1547939
vn 0.1573923 0.9780267 -0.1367167
vn 0.1672848 0.9788731 -0.1175720
vn 0.1754236 0.9796448 -0.0975838
vn 0.1818070 0.9803184 -0.0769547
vn 0.1864413 0.9808763 -0.0558690
vn 0.1893369 0.9813060 -0.0344967
vn 0.1905047 0.9816002 -0.0129994
vn 0.0000000 1.0000000 0.0000000
f 1//1 65//65 2//2
f 2//2 65//65 66//66
f 2//2 66//66 3//3
f 3//3 66//66 67//67
f 3//3 67//67 4//4
f 4//4 67//67 68//68
f 4//4 68//68 5//5
f 5//5 68//68 69//69
f 5//5 69//69 6//6
f 6//6 69//69 70//70
f 6//6 70//70 7//7
f 7//7 70//70 71//71
f 7//7 71//71 8//8
f 8//8 71//71 72//72
f 8//8 72//72 9//9
f 9//9 72//72 73//73
f 9//9 73//73 10//10
f 10//10 73//73 74//74
f 10//10 74//74 11//11
f 11//11 74//74 75//75
f 11//11 75//75 12//12
f 12//12 75//75 76//76
f 12//12 76//76 13//13
f 13//13 76//76 77//77
f 13//13 77//77 14//14
f 14//14 77//77 78//78
f 14//14 78//78 15//15
f 15//15 78//78 79//79
f 15//15 79//79 16//16
f 16//16 79//79 80//80
f 16//16 80//80 17//17
f 17//17 80//80 81//81
f 17//17 81//81 18//18
f 18//18 81//81 82//82
f 18//18 82//82 19//19
f 19//19 82//82 83//83
f 19//19 83//83 20//20
f 20//20 83//83 84//84
f 20//20 84//84 21//21
f 21//21 84//84 85//85
f 21//21 85//85 22//22
f 22//22 85//85 86//86
f 22//22 86//86 23//23
f 23//23 86//86 87//87
f 23//23 87//87 24//24
f 24//24 87//87 88//88
f 24//24 88//88 25//25
f 25//25 88//88 89//89
f 25//25 89//89 26//26
f 26//26 89//89 90//90
f 26//26 90//90 27//27
f 27//27 90//90 91//91
f 27//27 91//91 28//28
f 28//28 91//91 92//92
f 28//28 92//92 29//29
f 29//29 92//92 93//93
f 29//29 93//93 30//30
f 30//30 93//93 94//94
f 30//30 94//94 31//31
f 31//31 94//94 95//95
f 31//31 95//95 32//32
f 32//32 95//95 96//96
f 32//32 96//96 33//33
f 33//33 96//96 97//97
f 33//33 97//97 34//34
f 34//34 97//97 98//98
f 34//34 98//98 35//35
f 35//35 98//98 99//99
f 35//35 99//99 36//36
f 36//36 99//99 100//100
f 36//36 100//100 37//37
f 37//37 100//100 101//101
f 37//37 101//101 38//38
f 38//38 101//101 102//102
f 38//38 102//102 39//39
f 39//39 102//102 103//103
f 39//39 103//103 40//40
f 40//40 103//103 104//104
f 40//40 104//104 41//41
f 41//41 104//104 105//105
f 41//41 105//105 42//42
f 42//42 105//105 106//106
f 42//42 106//106 43//43
f 43//43 106//106 107//107
f 43//43 107//107 44//44
f 44//44 107//107 108//108
f 44//44 108//108 45//45
f 45//45 108//108 109//109
f 45//45 109//109 46//46
f 46//46 109//109 110//110
f 46//46 110//110 47//47
f 47//47 110//110 111//111
f 47//47 111//111 48//48
f 48//48 111//111 112//112
f 48//48 112//112 49//49
f 49//49 112//112 113//113
f 49//49 113//113 50//50
f 50//50 113//113 114//114
f 50//50 114//114 51//51
f 51//51 114//114 115//115
f 51//51 115//115 52//52
f 52//52 115//115 116//116
f 52//52 116//116 53//53
f 53//53 116//116 117//117
f 53//53 117//117 54//54
f 54//54 117//117 118//118
f 54//54 118//118 55//55
f 55//55 118//118 119//119
f 55//55 119//119 56//56
f 56//56 119//119 120//120
f 56//56 120//120 57//57
f 57//57 120//120 121//121
f 57//57 121//121 58//58
f 58//58 121//121 122//122
f 58//58 122//122 59//59
f 59//59 122//122 123//123
f 59//59 123//123 60//60
f 60//60 123//123 124//124
f 60//60 124//124 61//61
f 61//61 124//124 125//125
f 61//61 125//125 62//62
f 62//62 125//125 126//126
f 62//62 126//126 63//63
f 63//63 126//126 127//127
f 63//63 127//127 64//64
f 64//64 127//127 128//128
f 64//64 128//128 1//1
f 1//1 128//128 65//65
f 65//65 129//129 66//66
f 66//66 129//129 130//130
f 66//66 130//130 67//67
f 67//67 130//130 131//131
f 67//67 131//131 68//68
f 68//68 131//131 132//132
f 68//68 132//132 69//69
f 69//69 132//132 133//133
f 69//69 133//133 70//70
f 70//70 133//133 134//134
f 70//70 134//134 71//71
f 71//71 134//134 135//135
f 71//71 135//135 72//72
f 72//72 135//135 136//136
f 72//72 136//136 73//73
f 73//73 136//136 137//137
f 73//73 137//137 74//74
f 74//74 137//137 138//138
f 74//74 138//138 75//75
f 75//75 138//138 139//139
f 75//75 139//139 76//76
f 76//76 139//139 140//140
f 76//76 140//140 77//77
f 77//77 140//140 141//141
f 77//77 141//141 78//78
f 78//78 141//141 142//142
f 78//78 142//142 79//79
f 79//79 142//142 143//143
f 79//79 143//143 80//80
f 80//80 143//143 144//144
f 80//80 144//144 81//81
f 81//81 144//144 145//145
f 81//81 145//145 82//82
f 82//82 145//145 146//146
f 82//82 146//146 83//83
f 83//83 146//146 147//147
f 83//83 147//147 84//84
f 84//84 147//147 148//148
f 84//84 148//148 85//85
f 85//85 148//148 149//149
f 85//85 149//149 86//86
f 86//86 149//149 150//150
f 86//86 150//150 87//87
f 87//87 150//150 151//151
f 87//87 151//151 88//88
f 88//88 151//151 152//152
f 88//88 152//152 89//89
f 89//89 152//152 153//153
f 89//89 153//153 90//90
f 90//90 153//153 154//154
f 90//90 154//154 91//91
f 91//91 154//154 155//155
f 91//91 155//155 92//92
f 92//92 155//155 156//156
f 92//92 156//156 93//93
f 93//93 156//156 157//157
f 93//93 157//157 94//94
f 94//94 157//157 158//158
f 94//94 158//158 95//95
f 95//95 158//158 159//159
f 95//95 159//159 96//96
f 96//96 159//159 160//160
f 96//96 160//160 97//97
f 97//97 160//160 161//161
f 97//97 161//161 98//98
f 98//98 161//161 162//162
f 98//98 162//162 99//99
f 99//99 162//162 163//163
f 99//99 163//163 100//100
f 100//100 163//163 164//164
f 100//100 164//164 101//101
f 101//101 164//164 165//165
f 101//101 165//165 102//102
f 102//102 165//165 166//166
f 102//102 166//166 103//103
f 103//103 166//166 167//167
f 103//103 167//167 104//104
f 104//104 167//167 168//168
f 104//104 168//168 105//105
f 105//105 168//168 169//169
f 105//105 169//169 106//106
f 106//106 169//169 170//170
f 106//106 170//170 107//107
f 107//107 170//170 171//171
f 107//107 171//171 108//108
f 108//108 171//171 172//172
f 108//108 172//172 109//109
f 109//109 172//172 173//173
f 109//109 173//173 110//110
f 110//110 173//173 174//174
f 110//110 174//174 111//111
f 111//111 174//174 175//175
f 111//111 175//175 112//112
f 112//112 175//175 176//176
f 112//112 176//176 113//113
f 113//113 176//176 177//177
f 113//113 177//177 114//114
f 114//114 177//177 178//178
f 114//114 178//178 115//115
f 115//115 178//178 179//179
f 115//115 179//179 116//116
f 116//116 179//179 180//180
f 116//116 180//180 117//117
f 117//117 180//180 181//181
f 117//117 181//181 118//118
f 118//118 181//181 182//182
f 118//118 182//182 119//119
f 119//119 182//182 183//183
f 119//119 183//183 120//120
f 120//120 183//183 184//184
f 120//120 184//184 121//121
f 121//121 184//184 185//185
f 121//121 185//185 122//122
f 122//122 185//185 186//186
f 122//122 186//186 123//123
f 123//123 186//186 187//187
f 123//123 187//187 124//124
f 124//124 187//187 188//188
f 124//124 188//188 125//125
f 125//125 188//188 189//189
f 125//125 189//189 126//126
f 126//126 189//189 190//190
f 126//126 190//190 127//127
f 127//127 190//190 191//191
f 127//127 191//191 128//128
f 128//128 191//191 192//192
f 128//128 192//192 65//65
f 65//65 192//192 129//129
f 129//129 193//193 130//130
f 130//130 193//193 194//194
f 130//130 194//194 131//131
f 131//131 194//194 195//195
f 131//131 195//195 132//132
f 132//132 195//195 196//196
f 132//132 196//196 133//133
f 133//133 196//196 197//197
f 133//133 197//197 134//134
f 134//134 197//197 198//198
f 134//134 198//198 135//135
f 135//135 198//198 199//199
f 135//135 199//199 136//136
f 136//136 199//199 200//200
f 136//136 200//200 137//137
f 137//137 200//200 201//201
f 137//137 201//201 138//138
f 138//138 201//201 202//202
f 138//138 202//202 139//139
f 139//139 202//202 203//203
f 139//139 203//203 140//140
f 140//140 203//203 204//204
f 140//140 204//204 141//141
f 141//141 204//204 205//205
f 141//141 205//205 142//142
f 142//142 205//205 206//206
f 142//142 206//206 143//143
f 143//143 206//206 207//207
f 143//143 207//207 144//144
f 144//144 207//207 208//208
f 144//144 208//208 145//145
f 145//145 208//208 209//209
f 145//145 209//209 146//146
f 146//146 209//209 210//210
f 146//146 210//210 147//147
f 147//147 210//210 211//211
f 147//147 211//211 148//148
f 148//148 211//211 212//212
f 148//148 212//212 149//149
f 149//149 212//212 213//213
f 149//149 213//213 150//150
f 150//150 213//213 214//214
f 150//150 214//214 151//151
f 151//151 214//214 215//215
f 151//151 215//215 152//152
f 152//152 215//215 216//216
f 152//152 216//216 153//153
f 153//153 216//216 217//217
f 153//153 217//217 154//154
f 154//154 217//217 218//218
f 154//154 218//218 155//155
f 155//155 218//218 219//219
f 155//155 219//219 156//156
f 156//156 219//219 220//220
f 156//156 220//220 157//157
f 157//157 220//220 221//221
f 157//157 221//221 158//158
f 158//158 221//221 222//222
f 158//158 222//222 159//159
f 159//159 222//222 223//223
f 159//159 223//223 160//160
f 160//160 223//223 224//224
f 160//160 224//224 161//161
f 161//161 224//224 225//225
f 161//161 225//225 162//162
f 162//162 225//225 226//226
f 162//162 226//226 163//163
f 163//163 226//226 227//227
f 163//163 227//227 164//164
f 164//164 227//227 228//228
f 164//164 228//228 165//165
f 165//165 228//228 229//229
f 165//165 229//229 166//166
f 166//166 229//229 230//230
f 166//166 230//230 167//167
f 167//167 230//230 231//231
f 167//167 231//231 168//168
f 168//168 231//231 232//232
f 168//168 232//232 169//169
f 169//169 232//232 233//233
f 169//169 233//233 170//170
f 170//170 233//233 234//234
f 170//170 234//234 171//171
f 171//171 234//234 235//235
f 171//171 235//235 172//172
f 172//172 235//235 236//236
f 172//172 236//236 173//173
f 173//173 236//236 237//237
f 173//173 237//237 174//174
f 174//174 237//237 238//238
f 174//174 238//238 175//175
f 175//175 238//238 239//239
f 175//175 239//239 176//176
f 176//176 239//239 240//240
f 176//176 240//240 177//177
f 177//177 240//240 241//241
f 177//177 241//241 178//178
f 178//178 241//241 242//242
f 178//178 242//242 179//179
f 179//179 242//242 243//243
f 179//179 243//243 180//180
f 180//180 243//243 244//244
f 180//180 244//244 181//181
f 181//181 244//244 245//245
f 181//181 245//245 182//182
f 182//182 245//245 246//246
f 182//182 246//246 183//183
f 183//183 246//246 247//247
f 183//183 247//247 184//184
f 184//184 247//247 248//248
f 184//184 248//248 185//185
f 185//185 248//248 249//249
f 185//185 249//249 186//186
f 186//186 249//249 250//250
f 186//186 250//250 187//187
f 187//187 250//250 251//251
f 187//187 251//251 188//188
f 188//188 251//251 252//252
f 188//188 252//252 189//189
f 189//189 252//252 253//253
f 189//189 253//253 190//190
f 190//190 253//253 254//254
f 190//190 254//254 191//191
f 191//191 254//254 255//255
f 191//191 255//255 192//192
f 192//192 255//255 256//256
f 192//192 256//256 129//129
f 129//129 256//256 193//193
f 193//193 257//257 194//194
f 194//194 257//257 258//258
f 194//194 258//258 195//195
f 195//195 258//258 259//259
f 195//195 259//259 196//196
f 196//196 259//259 260//260
f 196//196 260//260 197//197
f 197//197 260//260 261//261
f 197//197 261//261 198//198
f 198//198 261//261 262//262
f 198//198 262//262 199//199
f 199//199 262//262 263//263
f 199//199 263//263 200//200
f 200//200 263//263 264//264
f 200//200 264//264 201//201
f 201//201 264//264 265//265
f 201//201 265//265 202//202
f 202//202 265//265 266//266
f 202//202 266//266 203//203
f 203//203 266//266 267//267
f 203//203 267//267 204//204
f 204//204 267//267 268//268
f 204//204 268//268 205//205
f 205//205 268//268 269//269
f 205//205 269//269 206//206
f 206//206 269//269 270//270
f 206//206 270//270 207//207
f 207//207 270//270 271//271
f 207//207 271//271 208//208
f 208//208 271//271 272//272
f 208//208 272//272 209//209
f 209//209 272//272 273//273
f 209//209 273//273 210//210
f 210//210 273//273 274//274
f 210//210 274//274 211//211
f 211//211 274//274 275//275
f 211//211 275//275 212//212
f 212//212 275//275 276//276
f 212//212 276//276 213//213
f 213//213 276//276 277//277
f 213//213 277//277 214//214
f 214//214 277//277 278//278
f 214//214 278//278 215//215
f 215//215 278//278 279//279
f 215//215 279//279 216//216
f 216//216 279//279 280//280
f 216//216 280//280 217//217
f 217//217 280//280 281//281
f 217//217 281//281 218//218
f 218//218 281//281 282//282
f 218//218 282//282 219//219
f 219//219 282//282 283//283
f 219//219 283//283 220//220
f 220//220 283//283 284//284
f 220//220 284//284 221//221
f 221//221 284//284 285//285
f 221//221 285//285 222//222
f 222//222 285//285 286//286
f 222//222 286//286 223//223
f 223//223 286//286 287//287
f 223//223 287//287 224//224
f 224//224 287//287 288//288
f 224//224 288//288 225//225
f 225//225 288//288 289//289
f 225//225 289//289 226//226
f 226//226 289//289 290//290
f 226//226 290//290 227//227
f 227//227 290//290 291//291
f 227//227 291//291 228//228
f 228//228 291//291 292//292
f 228//228 292//292 229//229
f 229//229 292//292 293//293
f 229//229 293//293 230//230
f 230//230 293//293 294//294
f 230//230 294//294 231//231
f 231//231 294//294 295//295
f 231//231 295//295 232//232
f 232//232 295//295 296//296
f 232//232 296//296 233//233
f 233//233 296//296 297//297
f 233//233 297//297 234//234
f 234//234 297//297 298//298
f 234//234 298//298 235//235
f 235//235 298//298 299//299
f 235//235 299//299 236//236
f 236//236 299//299 300//300
f 236//236 300//300 237//237
f 237//237 300//300 301//301
f 237//237 301//301 238//238
f 238//238 301//301 302//302
f 238//238 302//302 239//239
f 239//239 302//302 303//303
f 239//239 303//303 240//240
f 240//240 303//303 304//304
f 240//240 304//304 241//241
f 241//241 304//304 305//305
f 241//241 305//305 242//242
f 242//242 305//305 306//306
f 242//242 306//306 243//243
f 243//243 306//306 307//307
f 243//243 307//307 244//244
f 244//244 307//307 308//308
f 244//244 308//308 245//245
f 245//245 308//308 309//309
f 245//245 309//309 246//246
f 246//246 309//309 310//310
f 246//246 310//310 247//247
f 247//247 310//310 311//311
f 247//247 311//311 248//248
f 248//248 311//311 312//312
f 248//248 312//312 249//249
f 249//249 312//312 313//313
f 249//249 313//313 250//250
f 250//250 313//313 314//314
f 250//250 314//314 251//251
f 251//251 314//314 315//315
f 251//251 315//315 252//252
f 252//252 315//315 316//316
f 252//252 316//316 253//253
f 253//253 316//316 317//317
f 253//253 317//317 254//254
f 254//254 317//317 318//318
f 254//254 318//318 255//255
f 255//255 318//318 319//319
f 255//255 319//319 256//256
f 256//256 319//319 320//320
f 256//256 320//320 193//193
f 193//193 320//320 257//257
f 257//257 321//321 258//258
f 258//258 321//321 322//322
f 258//258 322//322 259//259
f 259//259 322//322 323//323
f 259//259 323//323 260//260
f 260//260 323//323 324//324
f 260//260 324//324 261//261
f 261//261 324//324 325//325
f 261//261 325//325 262//262
f 262//262 325//325 326//326
f 262//262 326//326 263//263
f 263//263 326//326 327//327
f 263//263 327//327 264//264
f 264//264 327//327 328//328
f 264//264 328//328 265//265
f 265//265 328//328 329//329
f 265//265 329//329 266//266
f 266//266 329//329 330//330
f 266//266 330//330 267//267
f 267//267 330//330 331//331
f 267//267 331//331 268//268
f 268//268 331//331 332//332
f 268//268 332//332 269//269
f 269//269 332//332 333//333
f 269//269 333//333 270//270
f 270//270 333//333 334//334
f 270//270 334//334 271//271
f 271//271 334//334 335//335
f 271//271 335//335 272//272
f 272//272 335//335 336//336
f 272//272 336//336 273//273
f 273//273 336//336 337//337
f 273//273 337//337 274//274
f 274//274 337//337 338//338
f 274//274 338//338 275//275
f 275//275 338//338 339//339
f 275//275 339//339 276//276
f 276//276 339//339 340//340
f 276//276 340//340 277//277
f 277//277 340//340 341//341
f 277//277 341//341 278//278
f 278//278 341//341 342//342
f 278//278 342//342 279//279
f 279//279 342//342 343//343
f 279//279 343//343 280//280
f 280//280 343//343 344//344
f 280//280 344//344 281//281
f 281//281 344//344 345//345
f 281//281 345//345 282//282
f 282//282 345//345 346//346
f 282//282 346//346 283//283
f 283//283 346//346 347//347
f 283//283 347//347 284//284
f 284//284 347//347 348//348
f 284//284 348//348 285//285
f 285//285 348//348 349//349
f 285//285 349//349 286//286
f 286//286 349//349 350//350
f 286//286 350//350 287//287
f 287//287 350//350 351//351
f 287//287 351//351 288//288
f 288//288 351//351 352//352
f 288//288 352//352 289//289
f 289//289 352//352 353//353
f 289//289 353//353 290//290
f 290//290 353//353 354//354
f 290//290 354//354 291//291
f 291//291 354//354 355//355
f 291//291 355//355 292//292
f 292//292 355//355 356//356
f 292//292 356//356 293//293
f 293//293 356//356 357//357
f 293//293 357//357 294//294
f 294//294 357//357 358//358
f 294//294 358//358 295//295
f 295//295 358//358 359//359
f 295//295 359//359 296//296
f 296//296 359//359 360//360
f 296//296 360//360 297//297
f 297//297 360//360 361//361
f 297//297 361//361 298//298
f 298//298 361//361 362//362
f 298//298 362//362 299//299
f 299//299 362//362 363//363
f 299//299 363//363 300//300
f 300//300 363//363 364//364
f 300//300 364//364 301//301
f 301//301 364//364 365//365
f 301//301 365//365 302//302
f 302//302 365//365 366//366
f 302//302 366//366 303//303
f 303//303 366//366 367//367
f 303//303 367//367 304//304
f 304//304 367//367 368//368
f 304//304 368//368 305//305
f 305//305 368//368 369//369
f 305//305 369//369 306//306
f 306//306 369//369 370//370
f 306//306 370//370 307//307
f 307//307 370//370 371//371
f 307//307 371//371 308//308
f 308//308 371//371 372//372
f 308//308 372//372 309//309
f 309//309 372//372 373//373
f 309//309 373//373 310//310
f 310//310 373//373 374//374
f 310//310 374//374 311//311
f 311//311 374//374 375//375
f 311//311 375//375 312//312
f 312//312 375//375 376//376
f 312//312 376//376 313//313
f 313//313 376//376 377//377
f 313//313 377//377 314//314
f 314//314 377//377 378//378
f 314//314 378//378 315//315
f 315//315 378//378 379//379
f 315//315 379//379 316//316
f 316//316 379//379 380//380
f 316//316 380//380 317//317
f 317//317 380//380 381//381
f 317//317 381//381 318//318
f 318//318 381//381 382//382
f 318//318 382//382 319//319
f 319//319 382//382 383//383
f 319//319 383//383 320//320
f 320//320 383//383 384//384
f 320//320 384//384 257//257
f 257//257 384//384 321//321
f 321//321 385//385 322//322
f 322//322 385//385 386//386
f 322//322 386//386 323//323
f 323//323 386//386 387//387
f 323//323 387//387 324//324
f 324//324 387//387 388//388
f 324//324 388//388 325//325
f 325//325 388//388 389//389
f 325//325 389//389 326//326
f 326//326 389//389 390//390
f 326//326 390//390 327//327
f 327//327 390//390 391//391
f 327//327 391//391 328//328
f 328//328 391//391 392//392
f 328//328 392//392 329//329
f 329//329 392//392 393//393
f 329//329 393//393 330//330
f 330//330 393//393 394//394
f 330//330 394//394 331//331
f 331//331 394//394 395//395
f 331//331 395//395 332//332
f 332//332 395//395 396//396
f 332//332 396//396 333//333
f 333//333 396//396 397//397
f 333//333 397//397 334//334
f 334//334 397//397 398//398
f 334//334 398//398 335//335
f 335//335 398//398 399//399
f 335//335 399//399 336//336
f 336//336 399//399 400//400
f 336//336 400//400 337//337
f 337//337 400//400 401//401
f 337//337 401//401 338//338
f 338//338 401//401 402//402
f 338//338 402//402 339//339
f 339//339 402//402 403//403
f 339//339 403//403 340//340
f 340//340 403//403 404//404
f 340//340 404//404 341//341
f 341//341 404//404 405//405
f 341//341 405//405 342//342
f 342//342 405//405 406//406
f 342//342 406//406 343//343
f 343//343 406//406 407//407
f 343//343 407//407 344//344
f 344//344 407//407 408//408
f 344//344 408//408 345//345
f 345//345 408//408 409//409
f 345//345 409//409 346//346
f 346//346 409//409 410//410
f 346//346 410//410 347//347
f 347//347 410//410 411//411
f 347//347 411//411 348//348
f 348//348 411//411 412//412
f 348//348 412//412 349//349
f 349//349 412//412 413//413
f 349//349 413//413 350//350
f 350//350 413//413 414//414
f 350//350 414//414 351//351
f 351//351 414//414 415//415
f 351//351 415//415 352//352
f 352//352 415//415 416//416
f 352//352 416//416 353//353
f 353//353 416//416 417//417
f 353//353 417//417 354//354
f 354//354 417//417 418//418
f 354//354 418//418 355//355
f 355//355 418//418 419//419
f 355//355 419//419 356//356
f 356//356 419//419 420//420
f 356//356 420//420 357//357
f 357//357 420//420 421//421
f 357//357 421//421 358//358
f 358//358 421//421 422//422
f 358//358 422//422 359//359
f 359//359 422//422 423//423
f 359//359 423//423 360//360
f 360//360 423//423 424//424
f 360//360 424//424 361//361
f 361//361 424//424 425//425
f 361//361 425//425 362//362
f 362//362 425//425 426//426
f 362//362 426//426 363//363
f 363//363 426//426 427//427
f 363//363 427//427 364//364
f 364//364 427//427 428//428
f 364//364 428//428 365//365
f 365//365 428//428 429//429
f 365//365 429//429 366//366
f 366//366 429//429 430//430
f 366//366 430//430 367//367
f 367//367 430//430 431//431
f 367//367 431//431 368//368
f 368//368 431//431 432//432
f 368//368 432//432 369//369
f 369//369 432//432 433//433
f 369//369 433//433 370//370
f 370//370 433//433 434//434
f 370//370 434//434 371//371
f 371//371 434//434 435//435
f 371//371 435//435 372//372
f 372//372 435//435 436//436
f 372//372 436//436 373//373
f 373//373 436//436 437//437
f 373//373 437//437 374//374
f 374//374 437//437 438//438
f 374//374 438//438 375//375
f 375//375 438//438 439//439
f 375//375 439//439 376//376
f 376//376 439//439 440//440
f 376//376 440//440 377//377
f 377//377 440//440 441//441
f 377//377 441//441 378//378
f 378//378 441//441 442//442
f 378//378 442//442 379//379
f 379//379 442//442 443//443
f 379//379 443//443 380//380
f 380//380 443//443 444//444
f 380//380 444//444 381//381
f 381//381 444//444 445//445
f 381//381 445//445 382//382
f 382//382 445//445 446//446
f 382//382 446//446 383//383
f 383//383 446//446 447//447
f 383//383 447//447 384//384
f 384//384 447//447 448//448
f 384//384 448//448 321//321
f 321//321 448//448 385//385
f 385//385 449//449 386//386
f 386//386 449//449 450//450
f 386//386 450//450 387//387
f 387//387 450//450 451//451
f 387//387 451//451 388//388
f 388//388 451//451 452//452
f 388//388 452//452 389//389
f 389//389 452//452 453//453
f 389//389 453//453 390//390
f 390//390 453//453 454//454
f 390//390 454//454 391//391
f 391//391 454//454 455//455
f 391//391 455//455 392//392
f 392//392 455//455 456//456
f 392//392 456//456 393//393
f 393//393 456//456 457//457
f 393//393 457//457 394//394
f 394//394 457//457 458//458
f 394//394 458//458 395//395
f 395//395 458//458 459//459
f 395//395 459//459 396//396
f 396//396 459//459 460//460
f 396//396 460//460 397//397
f 397//397 460//460 461//461
f 397//397 461//461 398//398
f 398//398 461//461 462//462
f 398//398 462//462 399//399
f 399//399 462//462 463//463
f 399//399 463//463 400//400
f 400//400 463//463 464//464
f 400//400 464//464 401//401
f 401//401 464//464 465//465
f 401//401 465//465 402//402
f 402//402 465//465 466//466
f 402//402 466//466 403//403
f 403//403 466//466 467//467
f 403//403 467//467 404//404
f 404//404 467//467 468//468
f 404//404 468//468 405//405
f 405//405 468//468 469//469
f 405//405 469//469 406//406
f 406//406 469//469 470//470
f 406//406 470//470 407//407
f 407//407 470//470 471//471
f 407//407 471//471 408//408
f 408//408 471//471 472//472
f 408//408 472//472 409//409
f 409//409 472//472 473//473
f 409//409 473//473 410//410
f 410//410 473//473 474//474
f 410//410 474//474 411//411
f 411//411 474//474 475//475
f 411//411 475//475 412//412
f 412//412 475//475 476//476
f 412//412 476//476 413//413
f 413//413 476//476 477//477
f 413//413 477//477 414//414
f 414//414 477//477 478//478
f 414//414 478//478 415//415
f 415//415 478//478 479//479
f 415//415 479//479 416//416
f 416//416 479//479 480//480
f 416//416 480//480 417//417
f 417//417 480//480 481//481
f 417//417 481//481 418//418
f 418//418 481//481 482//482
f 418//418 482//482 419//419
f 419//419 482//482 483//483
f 419//419 483//483 420//420
f 420//420 483//483 484//484
f 420//420 484//484 421//421
f 421//421 484//484 485//485
f 421//421 485//485 422//422
f 422//422 485//485 486//486
f 422//422 486//486 423//423
f 423//423 486//486 487//487
f 423//423 487//487 424//424
f 424//424 487//487 488//488
f 424//424 488//488 425//425
f 425//425 488//488 489//489
f 425//425 489//489 426//426
f 426//426 489//489 490//490
f 426//426 490//490 427//427
f 427//427 490//490 491//491
f 427//427 491//491 428//428
f 428//428 491//491 492//492
f 428//428 492//492 429//429
f 429//429 492//492 493//493
f 429//429 493//493 430//430
f 430//430 493//493 494//494
f 430//430 494//494 431//431
f 431//431 494//494 495//495
f 431//431 495//495 432//432
f 432//432 495//495 496//496
f 432//432 496//496 433//433
f 433//433 496//496 497//497
f 433//433 497//497 434//434
f 434//434 497//497 498//498
f 434//434 498//498 435//435
f 435//435 498//498 499//499
f 435//435 499//499 436//436
f 436//436 499//499 500//500
f 436//436 500//500 437//437
f 437//437 500//500 501//501
f 437//437 501//501 438//438
f 438//438 501//501 502//502
f 438//438 502//502 439//439
f 439//439 502//502 503//503
f 439//439 503//503 440//440
f 440//440 503//503 504//504
f 440//440 504//504 441//441
f 441//441 504//504 505//505
f 441//441 505//505 442//442
f 442//442 505//505 506//506
f 442//442 506//506 443//443
f 443//443 506//506 507//507
f 443//443 507//507 444//444
f 444//444 507//507 508//508
f 444//444 508//508 445//445
f 445//445 508//508 509//509
f 445//445 509//509 446//446
f 446//446 509//509 510//510
f 446//446 510//510 447//447
f 447//447 510//510 511//511
f 447//447 511//511 448//448
f 448//448 511//511 512//512
f 448//448 512//512 385//385
f 385//385 512//512 449//449
f 449//449 513//513 450//450
f 450//450 513//513 514//514
f 450//450 514//514 451//451
f 451//451 514//514 515//515
f 451//451 515//515 452//452
f 452//452 515//515 516//516
f 452//452 516//516 453//453
f 453//453 516//516 517//517
f 453//453 517//517 454//454
f 454//454 517//517 518//518
f 454//454 518//518 455//455
f 455//455 518//518 519//519
f 455//455 519//519 456//456
f 456//456 519//519 520//520
f 456//456 520//520 457//457
f 457//457 520//520 521//521
f 457//457 521//521 458//458
f 458//458 521//521 522//522
f 458//458 522//522 459//459
f 459//459 522//522 523//523
f 459//459 523//523 460//460
f 460//460 523//523 524//524
f 460//460 524//524 461//461
f 461//461 524//524 525//525
f 461//461 525//525 462//462
f 462//462 525//525 526//526
f 462//462 526//526 463//463
f 463//463 526//526 527//527
f 463//463 527//527 464//464
f 464//464 527//527 528//528
f 464//464 528//528 465//465
f 465//465 528//528 529//529
f 465//465 529//529 466//466
f 466//466 529//529 530//530
f 466//466 530//530 467//467
f 467//467 530//530 531//531
f 467//467 531//531 468//468
f 468//468 531//531 532//532
f 468//468 532//532 469//469
f 469//469 532//532 533//533
f 469//469 533//533 470//470
f 470//470 533//533 534//534
f 470//470 534//534 471//471
f 471//471 534//534 535//535
f 471//471 535//535 472//472
f 472//472 535//535 536//536
f 472//472 536//536 473//473
f 473//473 536//536 537//537
f 473//473 537//537 474//474
f 474//474 537//537 538//538
f 474//474 538//538 475//475
f 475//475 538//538 539//539
f 475//475 539//539 476//476
f 476//476 539//539 540//540
f 476//476 540//540 477//477
f 477//477 540//540 541//541
f 477//477 541//541 478//478
f 478//478 541//541 542//542
f 478//478 542//542 479//479
f 479//479 542//542 543//543
f 479//479 543//543 480//480
f 480//480 543//543 544//544
f 480//480 544//544 481//481
f 481//481 544//544 545//545
f 481//481 545//545 482//482
f 482//482 545//545 546//546
f 482//482 546//546 483//483
f 483//483 546//546 547//547
f 483//483 547//547 484//484
f 484//484 547//547 548//548
f 484//484 548//548 485//485
f 485//485 548//548 549//549
f 485//485 549//549 486//486
f 486//486 549//549 550//550
f 486//486 550//550 487//487
f 487//487 550//550 551//551
f 487//487 551//551 488//488
f 488//488 551//551 552//552
f 488//488 552//552 489//489
f 489//489 552//552 553//553
f 489//489 553//553 490//490
f 490//490 553//553 554//554
f 490//490 554//554 491//491
f 491//491 554//554 555//555
f 491//491 555//555 492//492
f 492//492 555//555 556//556
f 492//492 556//556 493//493
f 493//493 556//556 557//557
f 493//493 557//557 494//494
f 494//494 557//557 558//558
f 494//494 558//558 495//495
f 495//495 558//558 559//559
f 495//495 559//559 496//496
f 496//496 559//559 560//560
f 496//496 560//560 497//497
f 497//497 560//560 561//561
f 497//497 561//561 498//498
f 498//498 561//561 562//562
f 498//498 562//562 499//499
f 499//499 562//562 563//563
f 499//499 563//563 500//500
f 500//500 563//563 564//564
f 500//500 564//564 501//501
f 501//501 564//564 565//565
f 501//501 565//565 502//502
f 502//502 565//565 566//566
f 502//502 566//566 503//503
f 503//503 566//566 567//567
f 503//503 567//567 504//504
f 504//504 567//567 568//568
f 504//504 568//568 505//505
f 505//505 568//568 569//569
f 505//505 569//569 506//506
f 506//506 569//569 570//570
f 506//506 570//570 507//507
f 507//507 570//570 571//571
f 507//507 571//571 508//508
f 508//508 571//571 572//572
f 508//508 572//572 509//509
f 509//509 572//572 573//573
f 509//509 573//573 510//510
f 510//510 573//573 574//574
f 510//510 574//574 511//511
f 511//511 574//574 575//575
f 511//511 575//575 512//512
f 512//512 575//575 576//576
f 512//512 576//576 449//449
f 449//449 576//576 513//513
f 513//513 577//577 514//514
f 514//514 577//577 578//578
f 514//514 578//578 515//515
f 515//515 578//578 579//579
f 515//515 579//579 516//516
f 516//516 579//579 580//580
f 516//516 580//580 517//517
f 517//517 580//580 581//581
f 517//517 581//581 518//518
f 518//518 581//581 582//582
f 518//518 582//582 519//519
f 519//519 582//582 583//583
f 519//519 583//583 520//520
f 520//520 583//583 584//584
f 520//520 584//584 521//521
f 521//521 584//584 585//585
f 521//521 585//585 522//522
f 522//522 585//585 586//586
f 522//522 586//586 523//523
f 523//523 586//586 587//587
f 523//523 587//587 524//524
f 524//524 587//587 588//588
f 524//524 588//588 525//525
f 525//525 588//588 589//589
f 525//525 589//589 526//526
f 526//526 589//589 590//590
f 526//526 590//590 527//527
f 527//527 590//590 591//591
f 527//527 591//591 528//528
f 528//528 591//591 592//592
f 528//528 592//592 529//529
f 529//529 592//592 593//593
f 529//529 593//593 530//530
f 530//530 593//593 594//594
f 530//530 594//594 531//531
f 531//531 594//594 595//595
f 531//531 595//595 532//532
f 532//532 595//595 596//596
f 532//532 596//596 533//533
f 533//533 596//596 597//597
f 533//533 597//597 534//534
f 534//534 597//597 598//598
f 534//534 598//598 535//535
f 535//535 598//598 599//599
f 535//535 599//599 536//536
f 536//536 599//599 600//600
f 536//536 600//600 537//537
f 537//537 600//600 601//601
f 537//537 601//601 538//538
f 538//538 601//601 602//602
f 538//538 602//602 539//539
f 539//539 602//602 603//603
f 539//539 603//603 540//540
f 540//540 603//603 604//604
f 540//540 604//604 541//541
f 541//541 604//604 605//605
f 541//541 605//605 542//542
f 542//542 605//605 606//606
f 542//542 606//606 543//543
f 543//543 606//606 607//607
f 543//543 607//607 544//544
f 544//544 607//607 608//608
f 544//544 608//608 545//545
f 545//545 608//608 609//609
f 545//545 609//609 546//546
f 546//546 609//609 610//610
f 546//546 610//610 547//547
f 547//547 610//610 611//611
f 547//547 611//611 548//548
f 548//548 611//611 612//612
f 548//548 612//612 549//549
f 549//549 612//612 613//613
f 549//549 613//613 550//550
f 550//550 613//613 614//614
f 550//550 614//614 551//551
f 551//551 614//614 615//615
f 551//551 615//615 552//552
f 552//552 615//615 616//616
f 552//552 616//616 553//553
f 553//553 616//616 617//617
f 553//553 617//617 554//554
f 554//554 617//617 618//618
f 554//554 618//618 555//555
f 555//555 618//618 619//619
f 555//555 619//619 556//556
f 556//556 619//619 620//620
f 556//556 620//620 557//557
f 557//557 620//620 621//621
f 557//557 621//621 558//558
f 558//558 621//621 622//622
f 558//558 622//622 559//559
f 559//559 622//622 623//623
f 559//559 623//623 560//560
f 560//560 623//623 624//624
f 560//560 624//624 561//561
f 561//561 624//624 625//625
f 561//561 625//625 562//562
f 562//562 625//625 626//626
f 562//562 626//626 563//563
f 563//563 626//626 627//627
f 563//563 627//627 564//564
f 564//564 627//627 628//628
f 564//564 628//628 565//565
f 565//565 628//628 629//629
f 565//565 629//629 566//566
f 566//566 629//629 630//630
f 566//566 630//630 567//567
f 567//567 630//630 631//631
f 567//567 631//631 568//568
f 568//568 631//631 632//632
f 568//568 632//632 569//569
f 569//569 632//632 633//633
f 569//569 633//633 570//570
f 570//570 633//633 634//634
f 570//570 634//634 571//571
f 571//571 634//634 635//635
f 571//571 635//635 572//572
f 572//572 635//635 636//636
f 572//572 636//636 573//573
f 573//573 636//636 637//637
f 573//573 637//637 574//574
f 574//574 637//637 638//638
f 574//574 638//638 575//575
f 575//575 638//638 639//639
f 575//575 639//639 576//576
f 576//576 639//639 640//640
f 576//576 640//640 513//513
f 513//513 640//640 577//577
f 577//577 641//641 578//578
f 578//578 641//641 642//642
f 578//578 642//642 579//579
f 579//579 642//642 643//643
f 579//579 643//643 580//580
f 580//580 643//643 644//644
f 580//580 644//644 581//581
f 581//581 644//644 645//645
f 581//581 645//645 582//582
f 582//582 645//645 646//646
f 582//582 646//646 583//583
f 583//583 646//646 647//647
f 583//583 647//647 584//584
f 584//584 647//647 648//648
f 584//584 648//648 585//585
f 585//585 648//648 649//649
f 585//585 649//649 586//586
f 586//586 649//649 650//650
f 586//586 650//650 587//587
f 587//587 650//650 651//651
f 587//587 651//651 588//588
f 588//588 651//651 652//652
f 588//588 652//652 589//589
f 589//589 652//652 653//653
f 589//589 653//653 590//590
f 590//590 653//653 654//654
f 590//590 654//654 591//591
f 591//591 654//654 655//655
f 591//591 655//655 592//592
f 592//592 655//655 656//656
f 592//592 656//656 593//593
f 593//593 656//656 657//657
f 593//593 657//657 594//594
f 594//594 657//657 658//658
f 594//594 658//658 595//595
f 595//595 658//658 659//659
f 595//595 659//659 596//596
f 596//596 659//659 660//660
f 596//596 660//660 597//597
f 597//597 660//660 661//661
f 597//597 661//661 598//598
f 598//598 661//661 662//662
f 598//598 662//662 599//599
f 599//599 662//662 663//663
f 599//599 663//663 600//600
f 600//600 663//663 664//664
f 600//600 664//664 601//601
f 601//601 664//664 665//665
f 601//601 665//665 602//602
f 602//602 665//665 666//666
f 602//602 666//666 603//603
f 603//603 666//666 667//667
f 603//603 667//667 604//604
f 604//604 667//667 668//668
f 604//604 668//668 605//605
f 605//605 668//668 669//669
f 605//605 669//669 606//606
f 606//606 669//669 670//670
f 606//606 670//670 607//607
f 607//607 670//670 671//671
f 607//607 671//671 608//608
f 608//608 671//671 672//672
f 608//608 672//672 609//609
f 609//609 672//672 673//673
f 609//609 673//673 610//610
f 610//610 673//673 674//674
f 610//610 674//674 611//611
f 611//611 674//674 675//675
f 611//611 675//675 612//612
f 612//612 675//675 676//676
f 612//612 676//676 613//613
f 613//613 676//676 677//677
f 613//613 677//677 614//614
f 614//614 677//677 678//678
f 614//614 678//678 615//615
f 615//615 678//678 679//679
f 615//615 679//679 616//616
f 616//616 679//679 680//680
f 616//616 680//680 617//617
f 617//617 680//680 681//681
f 617//617 681//681 618//618
f 618//618 681//681 682//682
f 618//618 682//682 619//619
f 619//619 682//682 683//683
f 619//619 683//683 620//620
f 620//620 683//683 684//684
f 620//620 684//684 621//621
f 621//621 684//684 685//685
f 621//621 685//685 622//622
f 622//622 685//685 686//686
f 622//622 686//686 623//623
f 623//623 686//686 687//687
f 623//623 687//687 624//624
f 624//624 687//687 688//688
f 624//624 688//688 625//625
f 625//625 688//688 689//689
f 625//625 689//689 626//626
f 626//626 689//689 690//690
f 626//626 690//690 627//627
f 627//627 690//690 691//691
f 627//627 691//691 628//628
f 628//628 691//691 692//692
f 628//628 692//692 629//629
f 629//629 692//692 693//693
f 629//629 693//693 630//630
f 630//630 693//693 694//694
f 630//630 694//694 631//631
f 631//631 694//694 695//695
f 631//631 695//695 632//632
f 632//632 695//695 696//696
f 632//632 696//696 633//633
f 633//633 696//696 697//697
f 633//633 697//697 634//634
f 634//634 697//697 698//698
f 634//634 698//698 635//635
f 635//635 698//698 699//699
f 635//635 699//699 636//636
f 636//636 699//699 700//700
f 636//636 700//700 637//637
f 637//637 700//700 701//701
f 637//637 701//701 638//638
f 638//638 701//701 702//702
f 638//638 702//702 639//639
f 639//639 702//702 703//703
f 639//639 703//703 640//640
f 640//640 703//703 704//704
f 640//640 704//704 577//577
f 577//577 704//704 641//641
f 641//641 705//705 642//642
f 642//642 705//705 706//706
f 642//642 706//706 643//643
f 643//643 706//706 707//707
f 643//643 707//707 644//644
f 644//644 707//707 708//708
f 644//644 708//708 645//645
f 645//645 708//708 709//709
f 645//645 709//709 646//646
f 646//646 709//709 710//710
f 646//646 710//710 647//647
f 647//647 710//710 711//711
f 647//647 711//711 648//648
f 648//648 711//711 712//712
f 648//648 712//712 649//649
f 649//649 712//712 713//713
f 649//649 713//713 650//650
f 650//650 713//713 714//714
f 650//650 714//714 651//651
f 651//651 714//714 715//715
f 651//651 715//715 652//652
f 652//652 715//715 716//716
f 652//652 716//716 653//653
f 653//653 716//716 717//717
f 653//653 717//717 654//654
f 654//654 717//717 718//718
f 654//654 718//718 655//655
f 655//655 718//718 719//719
f 655//655 719//719 656//656
f 656//656 719//719 720//720
f 656//656 720//720 657//657
f 657//657 720//720 721//721
f 657//657 721//721 658//658
f 658//658 721//721 722//722
f 658//658 722//722 659//659
f 659//659 722//722 723//723
f 659//659 723//723 660//660
f 660//660 723//723 724//724
f 660//660 724//724 661//661
f 661//661 724//724 725//725
f 661//661 725//725 662//662
f 662//662 725//725 726//726
f 662//662 726//726 663//663
f 663//663 726//726 727//727
f 663//663 727//727 664//664
f 664//664 727//727 728//728
f 664//664 728//728 665//665
f 665//665 728//728 729//729
f 665//665 729//729 666//666
f 666//666 729//729 730//730
f 666//666 730//730 667//667
f 667//667 730//730 731//731
f 667//667 731//731 668//668
f 668//668 731//731 732//732
f 668//668 732//732 669//669
f 669//669 732//732 733//733
f 669//669 733//733 670//670
f 670//670 733//733 734//734
f 670//670 734//734 671//671
f 671//671 734//734 735//735
f 671//671 735//735 672//672
f 672//672 735//735 736//736
f 672//672 736//736 673//673
f 673//673 736//736 737//737
f 673//673 737//737 674//674
f 674//674 737//737 738//738
f 674//674 738//738 675//675
f 675//675 738//738 739//739
f 675//675 739//739 676//676
f 676//676 739//739 740//740
f 676//676 740//740 677//677
f 677//677 740//740 741//741
f 677//677 741//741 678//678
f 678//678 741//741 742//742
f 678//678 742//742 679//679
f 679//679 742//742 743//743
f 679//679 743//743 680//680
f 680//680 743//743 744//744
f 680//680 744//744 681//681
f 681//681 744//744 745//745
f 681//681 745//745 682//682
f 682//682 745//745 746//746
f 682//682 746//746 683//683
f 683//683 746//746 747//747
f 683//683 747//747 684//684
f 684//684 747//747 748//748
f 684//684 748//748 685//685
f 685//685 748//748 749//749
f 685//685 749//749 686//686
f 686//686 749//749 750//750
f 686//686 750//750 687//687
f 687//687 750//750 751//751
f 687//687 751//751 688//688
f 688//688 751//751 752//752
f 688//688 752//752 689//689
f 689//689 752//752 753//753
f 689//689 753//753 690//690
f 690//690 753//753 754//754
f 690//690 754//754 691//691
f 691//691 754//754 755//755
f 691//691 755//755 692//692
f 692//692 755//755 756//756
f 692//692 756//756 693//693
f 693//693 756//756 757//757
f 693//693 757//757 694//694
f 694//694 757//757 758//758
f 694//694 758//758 695//695
f 695//695 758//758 759//759
f 695//695 759//759 696//696
f 696//696 759//759 760//760
f 696//696 760//760 697//697
f 697//697 760//760 761//761
f 697//697 761//761 698//698
f 698//698 761//761 762//762
f 698//698 762//762 699//699
f 699//699 762//762 763//763
f 699//699 763//763 700//700
f 700//700 763//763 764//764
f 700//700 764//764 701//701
f 701//701 764//764 765//765
f 701//701 765//765 702//702
f 702//702 765//765 766//766
f 702//702 766//766 703//703
f 703//703 766//766 767//767
f 703//703 767//767 704//704
f 704//704 767//767 768//768
f 704//704 768//768 641//641
f 641//641 768//768 705//705
f 705//705 769//769 706//706
f 706//706 769//769 770//770
f 706//706 770//770 707//707
f 707//707 770//770 771//771
f 707//707 771//771 708//708
f 708//708 771//771 772//772
f 708//708 772//772 709//709
f 709//709 772//772 773//773
f 709//709 773//773 710//710
f 710//710 773//773 774//774
f 710//710 774//774 711//711
f 711//711 774//774 775//775
f 711//711 775//775 712//712
f 712//712 775//775 776//776
f 712//712 776//776 713//713
f 713//713 776//776 777//777
f 713//713 777//777 714//714
f 714//714 777//777 778//778
f 714//714 778//778 715//715
f 715//715 778//778 779//779
f 715//715 779//779 716//716
f 716//716 779//779 780//780
f 716//716 780//780 717//717
f 717//717 780//780 781//781
f 717//717 781//781 718//718
f 718//718 781//781 782//782
f 718//718 782//782 719//719
f 719//719 782//782 783//783
f 719//719 783//783 720//720
f 720//720 783//783 784//784
f 720//720 784//784 721//721
f 721//721 784//784 785//785
f 721//721 785//785 722//722
f 722//722 785//785 786//786
f 722//722 786//786 723//723
f 723//723 786//786 787//787
f 723//723 787//787 724//724
f 724//724 787//787 788//788
f 724//724 788//788 725//725
f 725//725 788//788 789//789
f 725//725 789//789 726//726
f 726//726 789//789 790//790
f 726//726 790//790 727//727
f 727//727 790//790 791//791
f 727//727 791//791 728//728
f 728//728 791//791 792//792
f 728//728 792//792 729//729
f 729//729 792//792 793//793
f 729//729 793//793 730//730
f 730//730 793//793 794//794
f 730//730 794//794 731//731
f 731//731 794//794 795//795
f 731//731 795//795 732//732
f 732//732 795//795 796//796
f 732//732 796//796 733//733
f 733//733 796//796 797//797
f 733//733 797//797 734//734
f 734//734 797//797 798//798
f 734//734 798//798 735//735
f 735//735 798//798 799//799
f 735//735 799//799 736//736
f 736//736 799//799 800//800
f 736//736 800//800 737//737
f 737//737 800//800 801//801
f 737//737 801//801 738//738
f 738//738 801//801 802//802
f 738//738 802//802 739//739
f 739//739 802//802 803//803
f 739//739 803//803 740//740
f 740//740 803//803 804//804
f 740//740 804//804 741//741
f 741//741 804//804 805//805
f 741//741 805//805 742//742
f 742//742 805//805 806//806
f 742//742 806//806 743//743
f 743//743 806//806 807//807
f 743//743 807//807 744//744
f 744//744 807//807 808//808
f 744//744 808//808 745//745
f 745//745 808//808 809//809
f 745//745 809//809 746//746
f 746//746 809//809 810//810
f 746//746 810//810 747//747
f 747//747 810//810 811//811
f 747//747 811//811 748//748
f 748//748 811//811 812//812
f 748//748 812//812 749//749
f 749//749 812//812 813//813
f 749//749 813//813 750//750
f 750//750 813//813 814//814
f 750//750 814//814 751//751
f 751//751 814//814 815//815
f 751//751 815//815 752//752
f 752//752 815//815 816//816
f 752//752 816//816 753//753
f 753//753 816//816 817//817
f 753//753 817//817 754//754
f 754//754 817//817 818//818
f 754//754 818//818 755//755
f 755//755 818//818 819//819
f 755//755 819//819 756//756
f 756//756 819//819 820//820
f 756//756 820//820 757//757
f 757//757 820//820 821//821
f 757//757 821//821 758//758
f 758//758 821//821 822//822
f 758//758 822//822 759//759
f 759//759 822//822 823//823
f 759//759 823//823 760//760
f 760//760 823//823 824//824
f 760//760 824//824 761//761
f 761//761 824//824 825//825
f 761//761 825//825 762//762
f 762//762 825//825 826//826
f 762//762 826//826 763//763
f 763//763 826//826 827//827
f 763//763 827//827 764//764
f 764//764 827//827 828//828
f 764//764 828//828 765//765
f 765//765 828//828 829//829
f 765//765 829//829 766//766
f 766//766 829//829 830//830
f 766//766 830//830 767//767
f 767//767 830//830 831//831
f 767//767 831//831 768//768
f 768//768 831//831 832//832
f 768//768 832//832 705//705
f 705//705 832//832 769//769
f 769//769 833//833 770//770
f 770//770 833//833 834//834
f 770//770 834//834 771//771
f 771//771 834//834 835//835
f 771//771 835//835 772//772
f 772//772 835//835 836//836
f 772//772 836//836 773//773
f 773//773 836//836 837//837
f 773//773 837//837 774//774
f 774//774 837//837 838//838
f 774//774 838//838 775//775
f 775//775 838//838 839//839
f 775//775 839//839 776//776
f 776//776 839//839 840//840
f 776//776 840//840 777//777
f 777//777 840//840 841//841
f 777//777 841//841 778//778
f 778//778 841//841 842//842
f 778//778 842//842 779//779
f 779//779 842//842 843//843
f 779//779 843//843 780//780
f 780//780 843//843 844//844
f 780//780 844//844 781//781
f 781//781 844//844 845//845
f 781//781 845//845 782//782
f 782//782 845//845 846//846
f 782//782 846//846 783//783
f 783//783 846//846 847//847
f 783//783 847//847 784//784
f 784//784 847//847 848//848
f 784//784 848//848 785//785
f 785//785 848//848 849//849
f 785//785 849//849 786//786
f 786//786 849//849 850//850
f 786//786 850//850 787//787
f 787//787 850//850 851//851
f 787//787 851//851 788//788
f 788//788 851//851 852//852
f 788//788 852//852 789//789
f 789//789 852//852 853//853
f 789//789 853//853 790//790
f 790//790 853//853 854//854
f 790//790 854//854 791//791
f 791//791 854//854 855//855
f 791//791 855//855 792//792
f 792//792 855//855 856//856
f 792//792 856//856 793//793
f 793//793 856//856 857//857
f 793//793 857//857 794//794
f 794//794 857//857 858//858
f 794//794 858//858 795//795
f 795//795 858//858 859//859
f 795//795 859//859 796//796
f 796//796 859//859 860//860
f 796//796 860//860 797//797
f 797//797 860//860 861//861
f 797//797 861//861 798//798
f 798//798 861//861 862//862
f 798//798 862//862 799//799
f 799//799 862//862 863//863
f 799//799 863//863 800//800
f 800//800 863//863 864//864
f 800//800 864//864 801//801
f 801//801 864//864 865//865
f 801//801 865//865 802//802
f 802//802 865//865 866//866
f 802//802 866//866 803//803
f 803//803 866//866 867//867
f 803//803 867//867 804//804
f 804//804 867//867 868//868
f 804//804 868//868 805//805
f 805//805 868//868 869//869
f 805//805 869//869 806//806
f 806//806 869//869 870//870
f 806//806 870//870 807//807
f 807//807 870//870 871//871
f 807//807 871//871 808//808
f 808//808 871//871 872//872
f 808//808 872//872 809//809
f 809//809 872//872 873//873
f 809//809 873//873 810//810
f 810//810 873//873 874//874
f 810//810 874//874 811//811
f 811//811 874//874 875//875
f 811//811 875//875 812//812
f 812//812 875//875 876//876
f 812//812 876//876 813//813
f 813//813 876//876 877//877
f 813//813 877//877 814//814
f 814//814 877//877 878//878
f 814//814 878//878 815//815
f 815//815 878//878 879//879
f 815//815 879//879 816//816
f 816//816 879//879 880//880
f 816//816 880//880 817//817
f 817//817 880//880 881//881
f 817//817 881//881 818//818
f 818//818 881//881 882//882
f 818//818 882//882 819//819
f 819//819 882//882 883//883
f 819//819 883//883 820//820
f 820//820 883//883 884//884
f 820//820 884//884 821//821
f 821//821 884//884 885//885
f 821//821 885//885 822//822
f 822//822 885//885 886//886
f 822//822 886//886 823//823
f 823//823 886//886 887//887
f 823//823 887//887 824//824
f 824//824 887//887 888//888
f 824//824 888//888 825//825
f 825//825 888//888 889//889
f 825//825 889//889 826//826
f 826//826 889//889 890//890
f 826//826 890//890 827//827
f 827//827 890//890 891//891
f 827//827 891//891 828//828
f 828//828 891//891 892//892
f 828//828 892//892 829//829
f 829//829 892//892 893//893
f 829//829 893//893 830//830
f 830//830 893//893 894//894
f 830//830 894//894 831//831
f 831//831 894//894 895//895
f 831//831 895//895 832//832
f 832//832 895//895 896//896
f 832//832 896//896 769//769
f 769//769 896//896 833//833
f 833//833 897//897 834//834
f 834//834 897//897 898//898
f 834//834 898//898 835//835
f 835//835 898//898 899//899
f 835//835 899//899 836//836
f 836//836 899//899 900//900
f 836//836 900//900 837//837
f 837//837 900//900 901//901
f 837//837 901//901 838//838
f 838//838 901//901 902//902
f 838//838 902//902 839//839
f 839//839 902//902 903//903
f 839//839 903//903 840//840
f 840//840 903//903 904//904
f 840//840 904//904 841//841
f 841//841 904//904 905//905
f 841//841 905//905 842//842
f 842//842 905//905 906//906
f 842//842 906//906 843//843
f 843//843 906//906 907//907
f 843//843 907//907 844//844
f 844//844 907//907 908//908
f 844//844 908//908 845//845
f 845//845 908//908 909//909
f 845//845 909//909 846//846
f 846//846 909//909 910//910
f 846//846 910//910 847//847
f 847//847 910//910 911//911
f 847//847 911//911 848//848
f 848//848 911//911 912//912
f 848//848 912//912 849//849
f 849//849 912//912 913//913
f 849//849 913//913 850//850
f 850//850 913//913 914//914
f 850//850 914//914 851//851
f 851//851 914//914 915//915
f 851//851 915//915 852//852
f 852//852 915//915 916//916
f 852//852 916//916 853//853
f 853//853 916//916 917//917
f 853//853 917//917 854//854
f 854//854 917//917 918//918
f 854//854 918//918 855//855
f 855//855 918//918 919//919
f 855//855 919//919 856//856
f 856//856 919//919 920//920
f 856//856 920//920 857//857
f 857//857 920//920 921//921
f 857//857 921//921 858//858
f 858//858 921//921 922//922
f 858//858 922//922 859//859
f 859//859 922//922 923//923
f 859//859 923//923 860//860
f 860//860 923//923 924//924
f 860//860 924//924 861//861
f 861//861 924//924 925//925
f 861//861 925//925 862//862
f 862//862 925//925 926//926
f 862//862 926//926 863//863
f 863//863 926//926 927//927
f 863//863 927//927 864//864
f 864//864 927//927 928//928
f 864//864 928//928 865//865
f 865//865 928//928 929//929
f 865//865 929//929 866//866
f 866//866 929//929 930//930
f 866//866 930//930 867//867
f 867//867 930//930 931//931
f 867//867 931//931 868//868
f 868//868 931//931 932//932
f 868//868 932//932 869//869
f 869//869 932//932 933//933
f 869//869 933//933 870//870
f 870//870 933//933 934//934
f 870//870 934//934 871//871
f 871//871 934//934 935//935
f 871//871 935//935 872//872
f 872//872 935//935 936//936
f 872//872 936//936 873//873
f 873//873 936//936 937//937
f 873//873 937//937 874//874
f 874//874 937//937 938//938
f 874//874 938//938 875//875
f 875//875 938//938 939//939
f 875//875 939//939 876//876
f 876//876 939//939 940//940
f 876//876 940//940 877//877
f 877//877 940//940 941//941
f 877//877 941//941 878//878
f 878//878 941//941 942//942
f 878//878 942//942 879//879
f 879//879 942//942 943//943
f 879//879 943//943 880//880
f 880//880 943//943 944//944
f 880//880 944//944 881//881
f 881//881 944//944 945//945
f 881//881 945//945 882//882
f 882//882 945//945 946//946
f 882//882 946//946 883//883
f 883//883 946//946 947//947
f 883//883 947//947 884//884
f 884//884 947//947 948//948
f 884//884 948//948 885//885
f 885//885 948//948 949//949
f 885//885 949//949 886//886
f 886//886 949//949 950//950
f 886//886 950//950 887//887
f 887//887 950//950 951//951
f 887//887 951//951 888//888
f 888//888 951//951 952//952
f 888//888 952//952 889//889
f 889//889 952//952 953//953
f 889//889 953//953 890//890
f 890//890 953//953 954//954
f 890//890 954//954 891//891
f 891//891 954//954 955//955
f 891//891 955//955 892//892
f 892//892 955//955 956//956
f 892//892 956//956 893//893
f 893//893 956//956 957//957
f 893//893 957//957 894//894
f 894//894 957//957 958//958
f 894//894 958//958 895//895
f 895//895 958//958 959//959
f 895//895 959//959 896//896
f 896//896 959//959 960//960
f 896//896 960//960 833//833
f 833//833 960//960 897//897
f 897//897 961//961 898//898
f 898//898 961//961 962//962
f 898//898 962//962 899//899
f 899//899 962//962 963//963
f 899//899 963//963 900//900
f 900//900 963//963 964//964
f 900//900 964//964 901//901
f 901//901 964//964 965//965
f 901//901 965//965 902//902
f 902//902 965//965 966//966
f 902//902 966//966 903//903
f 903//903 966//966 967//967
f 903//903 967//967 904//904
f 904//904 967//967 968//968
f 904//904 968//968 905//905
f 905//905 968//968 969//969
f 905//905 969//969 906//906
f 906//906 969//969 970//970
f 906//906 970//970 907//907
f 907//907 970//970 971//971
f 907//907 971//971 908//908
f 908//908 971//971 972//972
f 908//908 972//972 909//909
f 909//909 972//972 973//973
f 909//909 973//973 910//910
f 910//910 973//973 974//974
f 910//910 974//974 911//911
f 911//911 974//974 975//975
f 911//911 975//975 912//912
f 912//912 975//975 976//976
f 912//912 976//976 913//913
f 913//913 976//976 977//977
f 913//913 977//977 914//914
f 914//914 977//977 978//978
f 914//914 978//978 915//915
f 915//915 978//978 979//979
f 915//915 979//979 916//916
f 916//916 979//979 980//980
f 916//916 980//980 917//917
f 917//917 980//980 981//981
f 917//917 981//981 918//918
f 918//918 981//981 982//982
f 918//918 982//982 919//919
f 919//919 982//982 983//983
f 919//919 983//983 920//920
f 920//920 983//983 984//984
f 920//920 984//984 921//921
f 921//921 984//984 985//985
f 921//921 985//985 922//922
f 922//922 985//985 986//986
f 922//922 986//986 923//923
f 923//923 986//986 987//987
f 923//923 987//987 924//924
f 924//924 987//987 988//988
f 924//924 988//988 925//925
f 925//925 988//988 989//989
f 925//925 989//989 926//926
f 926//926 989//989 990//990
f 926//926 990//990 927//927
f 927//927 990//990 991//991
f 927//927 991//991 928//928
f 928//928 991//991 992//992
f 928//928 992//992 929//929
f 929//929 992//992 993//993
f 929//929 993//993 930//930
f 930//930 993//993 994//994
f 930//930 994//994 931//931
f 931//931 994//994 995//995
f 931//931 995//995 932//932
f 932//932 995//995 996//996
f 932//932 996//996 933//933
f 933//933 996//996 997//997
f 933//933 997//997 934//934
f 934//934 997//997 998//998
f 934//934 998//998 935//935
f 935//935 998//998 999//999
f 935//935 999//999 936//936
f 936//936 999//999 1000//1000
f 936//936 1000//1000 937//937
f 937//937 1000//1000 1001//1001
f 937//937 1001//1001 938//938
f 938//938 1001//1001 1002//1002
f 938//938 1002//1002 939//939
f 939//939 1002//1002 1003//1003
f 939//939 1003//1003 940//940
f 940//940 1003//1003 1004//1004
f 940//940 1004//1004 941//941
f 941//941 1004//1004 1005//1005
f 941//941 1005//1005 942//942
f 942//942 1005//1005 1006//1006
f 942//942 1006//1006 943//943
f 943//943 1006//1006 1007//1007
f 943//943 1007//1007 944//944
f 944//944 1007//1007 1008//1008
f 944//944 1008//1008 945//945
f 945//945 1008//1008 1009//1009
f 945//945 1009//1009 946//946
f 946//946 1009//1009 1010//1010
f 946//946 1010//1010 947//947
f 947//947 1010//1010 1011//1011
f 947//947 1011//1011 948//948
f 948//948 1011//1011 1012//1012
f 948//948 1012//1012 949//949
f 949//949 1012//1012 1013//1013
f 949//949 1013//1013 950//950
f 950//950 1013//1013 1014//1014
f 950//950 1014//1014 951//951
f 951//951 1014//1014 1015//1015
f 951//951 1015//1015 952//952
f 952//952 1015//1015 1016//1016
f 952//952 1016//1016 953//953
f 953//953 1016//1016 1017//1017
f 953//953 1017//1017 954//954
f 954//954 1017//1017 1018//1018
f 954//954 1018//1018 955//955
f 955//955 1018//1018 1019//1019
f 955//955 1019//1019 956//956
f 956//956 1019//1019 1020//1020
f 956//956 1020//1020 957//957
f 957//957 1020//1020 1021//1021
f 957//957 1021//1021 958//958
f 958//958 1021//1021 1022//1022
f 958//958 1022//1022 959//959
f 959//959 1022//1022 1023//1023
f 959//959 1023//1023 960//960
f 960//960 1023//1023 1024//1024
f 960//960 1024//1024 897//897
f 897//897 1024//1024 961//961
f 961//961 1025//1025 962//962
f 962//962 1025//1025 1026//1026
f 962//962 1026//1026 963//963
f 963//963 1026//1026 1027//1027
f 963//963 1027//1027 964//964
f 964//964 1027//1027 1028//1028
f 964//964 1028//1028 965//965
f 965//965 1028//1028 1029//1029
f 965//965 1029//1029 966//966
f 966//966 1029//1029 1030//1030
f 966//966 1030//1030 967//967
f 967//967 1030//1030 1031//1031
f 967//967 1031//1031 968//968
f 968//968 1031//1031 1032//1032
f 968//968 1032//1032 969//969
f 969//969 1032//1032 1033//1033
f 969//969 1033//1033 970//970
f 970//970 1033//1033 1034//1034
f 970//970 1034//1034 971//971
f 971//971 1034//1034 1035//1035
f 971//971 1035//1035 972//972
f 972//972 1035//1035 1036//1036
f 972//972 1036//1036 973//973
f 973//973 1036//1036 1037//1037
f 973//973 1037//1037 974//974
f 974//974 1037//1037 1038//1038
f 974//974 1038//1038 975//975
f 975//975 1038//1038 1039//1039
f 975//975 1039//1039 976//976
f 976//976 1039//1039 1040//1040
f 976//976 1040//1040 977//977
f 977//977 1040//1040 1041//1041
f 977//977 1041//1041 978//978
f 978//978 1041//1041 1042//1042
f 978//978 1042//1042 979//979
f 979//979 1042//1042 1043//1043
f 979//979 1043//1043 980//980
f 980//980 1043//1043 1044//1044
f 980//980 1044//1044 981//981
f 981//981 1044//1044 1045//1045
f 981//981 1045//1045 982//982
f 982//982 1045//1045 1046//1046
f 982//982 1046//1046 983//983
f 983//983 1046//1046 1047//1047
f 983//983 1047//1047 984//984
f 984//984 1047//1047 1048//1048
f 984//984 1048//1048 985//985
f 985//985 1048//1048 1049//1049
f 985//985 1049//1049 986//986
f 986//986 1049//1049 1050//1050
f 986//986 1050//1050 987//987
f 987//987 1050//1050 1051//1051
f 987//987 1051//1051 988//988
f 988//988 1051//1051 1052//1052
f 988//988 1052//1052 989//989
f 989//989 1052//1052 1053//1053
f 989//989 1053//1053 990//990
f 990//990 1053//1053 1054//1054
f 990//990 1054//1054 991//991
f 991//991 1054//1054 1055//1055
f 991//991 1055//1055 992//992
f 992//992 1055//1055 1056//1056
f 992//992 1056//1056 993//993
f 993//993 1056//1056 1057//1057
f 993//993 1057//1057 994//994
f 994//994 1057//1057 1058//1058
f 994//994 1058//1058 995//995
f 995//995 1058//1058 1059//1059
f 995//995 1059//1059 996//996
f 996//996 1059//1059 1060//1060
f 996//996 1060//1060 997//997
f 997//997 1060//1060 1061//1061
f 997//997 1061//1061 998//998
f 998//998 1061//1061 1062//1062
f 998//998 1062//1062 999//999
f 999//999 1062//1062 1063//1063
f 999//999 1063//1063 1000//1000
f 1000//1000 1063//1063 1064//1064
f 1000//1000 1064//1064 1001//1001
f 1001//1001 1064//1064 1065//1065
f 1001//1001 1065//1065 1002//1002
f 1002//1002 1065//1065 1066//1066
f 1002//1002 1066//1066 1003//1003
f 1003//1003 1066//1066 1067//1067
f 1003//1003 1067//1067 1004//1004
f 1004//1004 1067//1067 1068//1068
f 1004//1004 1068//1068 1005//1005
f 1005//1005 1068//1068 1069//1069
f 1005//1005 1069//1069 1006//1006
f 1006//1006 1069//1069 1070//1070
f 1006//1006 1070//1070 1007//1007
f 1007//1007 1070//1070 1071//1071
f 1007//1007 1071//1071 1008//1008
f 1008//1008 1071//1071 1072//1072
f 1008//1008 1072//1072 1009//1009
f 1009//1009 1072//1072 1073//1073
f 1009//1009 1073//1073 1010//1010
f 1010//1010 1073//1073 1074//1074
f 1010//1010 1074//1074 1011//1011
f 1011//1011 1074//1074 1075//1075
f 1011//1011 1075//1075 1012//1012
f 1012//1012 1075//1075 1076//1076
f 1012//1012 1076//1076 1013//1013
f 1013//1013 1076//1076 1077//1077
f 1013//1013 1077//1077 1014//1014
f 1014//1014 1077//1077 1078//1078
f 1014//1014 1078//1078 1015//1015
f 1015//1015 1078//1078 1079//1079
f 1015//1015 1079//1079 1016//1016
f 1016//1016 1079//1079 1080//1080
f 1016//1016 1080//1080 1017//1017
f 1017//1017 1080//1080 1081//1081
f 1017//1017 1081//1081 1018//1018
f 1018//1018 1081//1081 1082//1082
f 1018//1018 1082//1082 1019//1019
f 1019//1019 1082//1082 1083//1083
f 1019//1019 1083//1083 1020//1020
f 1020//1020 1083//1083 1084//1084
f 1020//1020 1084//1084 1021//1021
f 1021//1021 1084//1084 1085//1085
f 1021//1021 1085//1085 1022//1022
f 1022//1022 1085//1085 1086//1086
f 1022//1022 1086//1086 1023//1023
f 1023//1023 1086//1086 1087//1087
f 1023//1023 1087//1087 1024//1024
f 1024//1024 1087//1087 1088//1088
f 1024//1024 1088//1088 961//961
f 961//961 1088//1088 1025//1025
f 1025//1025 1089//1089 1026//1026
f 1026//1026 1089//1089 1090//1090
f 1026//1026 1090//1090 1027//1027
f 1027//1027 1090//1090 1091//1091
f 1027//1027 1091//1091 1028//1028
f 1028//1028 1091//1091 1092//1092
f 1028//1028 1092//1092 1029//1029
f 1029//1029 1092//1092 1093//1093
f 1029//1029 1093//1093 1030//1030
f 1030//1030 1093//1093 1094//1094
f 1030//1030 1094//1094 1031//1031
f 1031//1031 1094//1094 1095//1095
f 1031//1031 1095//1095 1032//1032
f 1032//1032 1095//1095 1096//1096
f 1032//1032 1096//1096 1033//1033
f 1033//1033 1096//1096 1097//1097
f 1033//1033 1097//1097 1034//1034
f 1034//1034 1097//1097 1098//1098
f 1034//1034 1098//1098 1035//1035
f 1035//1035 1098//1098 1099//1099
f 1035//1035 1099//1099 1036//1036
f 1036//1036 1099//1099 1100//1100
f 1036//1036 1100//1100 1037//1037
f 1037//1037 1100//1100 1101//1101
f 1037//1037 1101//1101 1038//1038
f 1038//1038 1101//1101 1102//1102
f 1038//1038 1102//1102 1039//1039
f 1039//1039 1102//1102 1103//1103
f 1039//1039 1103//1103 1040//1040
f 1040//1040 1103//1103 1104//1104
f 1040//1040 1104//1104 1041//1041
f 1041//1041 1104//1104 1105//1105
f 1041//1041 1105//1105 1042//1042
f 1042//1042 1105//1105 1106//1106
f 1042//1042 1106//1106 1043//1043
f 1043//1043 1106//1106 1107//1107
f 1043//1043 1107//1107 1044//1044
f 1044//1044 1107//1107 1108//1108
f 1044//1044 1108//1108 1045//1045
f 1045//1045 1108//1108 1109//1109
f 1045//1045 1109//1109 1046//1046
f 1046//1046 1109//1109 1110//1110
f 1046//1046 1110//1110 1047//1047
f 1047//1047 1110//1110 1111//1111
f 1047//1047 1111//1111 1048//1048
f 1048//1048 1111//1111 1112//1112
f 1048//1048 1112//1112 1049//1049
f 1049//1049 1112//1112 1113//1113
f 1049//1049 1113//1113 1050//1050
f 1050//1050 1113//1113 1114//1114
f 1050//1050 1114//1114 1051//1051
f 1051//1051 1114//1114 1115//1115
f 1051//1051 1115//1115 1052//1052
f 1052//1052 1115//1115 1116//1116
f 1052//1052 1116//1116 1053//1053
f 1053//1053 1116//1116 1117//1117
f 1053//1053 1117//1117 1054//1054
f 1054//1054 1117//1117 1118//1118
f 1054//1054 1118//1118 1055//1055
f 1055//1055 1118//1118 1119//1119
f 1055//1055 1119//1119 1056//1056
f 1056//1056 1119//1119 1120//1120
f 1056//1056 1120//1120 1057//1057
f 1057//1057 1120//1120 1121//1121
f 1057//1057 1121//1121 1058//1058
f 1058//1058 1121//1121 1122//1122
f 1058//1058 1122//1122 1059//1059
f 1059//1059 1122//1122 1123//1123
f 1059//1059 1123//1123 1060//1060
f 1060//1060 1123//1123 1124//1124
f 1060//1060 1124//1124 1061//1061
f 1061//1061 1124//1124 1125//1125
f 1061//1061 1125//1125 1062//1062
f 1062//1062 1125//1125 1126//1126
f 1062//1062 1126//1126 1063//1063
f 1063//1063 1126//1126 1127//1127
f 1063//1063 1127//1127 1064//1064
f 1064//1064 1127//1127 1128//1128
f 1064//1064 1128//1128 1065//1065
f 1065//1065 1128//1128 1129//1129
f 1065//1065 1129//1129 1066//1066
f 1066//1066 1129//1129 1130//1130
f 1066//1066 1130//1130 1067//1067
f 1067//1067 1130//1130 1131//1131
f 1067//1067 1131//1131 1068//1068
f 1068//1068 1131//1131 1132//1132
f 1068//1068 1132//1132 1069//1069
f 1069//1069 1132//1132 1133//1133
f 1069//1069 1133//1133 1070//1070
f 1070//1070 1133//1133 1134//1134
f 1070//1070 1134//1134 1071//1071
f 1071//1071 1134//1134 1135//1135
f 1071//1071 1135//1135 1072//1072
f 1072//1072 1135//1135 1136//1136
f 1072//1072 1136//1136 1073//1073
f 1073//1073 1136//1136 1137//1137
f 1073//1073 1137//1137 1074//1074
f 1074//1074 1137//1137 1138//1138
f 1074//1074 1138//1138 1075//1075
f 1075//1075 1138//1138 1139//1139
f 1075//1075 1139//1139 1076//1076
f 1076//1076 1139//1139 1140//1140
f 1076//1076 1140//1140 1077//1077
f 1077//1077 1140//1140 1141//1141
f 1077//1077 1141//1141 1078//1078
f 1078//1078 1141//1141 1142//1142
f 1078//1078 1142//1142 1079//1079
f 1079//1079 1142//1142 1143//1143
f 1079//1079 1143//1143 1080//1080
f 1080//1080 1143//1143 1144//1144
f 1080//1080 1144//1144 1081//1081
f 1081//1081 1144//1144 1145//1145
f 1081//1081 1145//1145 1082//1082
f 1082//1082 1145//1145 1146//1146
f 1082//1082 1146//1146 1083//1083
f 1083//1083 1146//1146 1147//1147
f 1083//1083 1147//1147 1084//1084
f 1084//1084 1147//1147 1148//1148
f 1084//1084 1148//1148 1085//1085
f 1085//1085 1148//1148 1149//1149
f 1085//1085 1149//1149 1086//1086
f 1086//1086 1149//1149 1150//1150
f 1086//1086 1150//1150 1087//1087
f 1087//1087 1150//1150 1151//1151
f 1087//1087 1151//1151 1088//1088
f 1088//1088 1151//1151 1152//1152
f 1088//1088 1152//1152 1025//1025
f 1025//1025 1152//1152 1089//1089
f 1089//1089 1153//1153 1090//1090
f 1090//1090 1153//1153 1154//1154
f 1090//1090 1154//1154 1091//1091
f 1091//1091 1154//1154 1155//1155
f 1091//1091 1155//1155 1092//1092
f 1092//1092 1155//1155 1156//1156
f 1092//1092 1156//1156 1093//1093
f 1093//1093 1156//1156 1157//1157
f 1093//1093 1157//1157 1094//1094
f 1094//1094 1157//1157 1158//1158
f 1094//1094 1158//1158 1095//1095
f 1095//1095 1158//1158 1159//1159
f 1095//1095 1159//1159 1096//1096
f 1096//1096 1159//1159 1160//1160
f 1096//1096 1160//1160 1097//1097
f 1097//1097 1160//1160 1161//1161
f 1097//1097 1161//1161 1098//1098
f 1098//1098 1161//1161 1162//1162
f 1098//1098 1162//1162 1099//1099
f 1099//1099 1162//1162 1163//1163
f 1099//1099 1163//1163 1100//1100
f 1100//1100 1163//1163 1164//1164
f 1100//1100 1164//1164 1101//1101
f 1101//1101 1164//1164 1165//1165
f 1101//1101 1165//1165 1102//1102
f 1102//1102 1165//1165 1166//1166
f 1102//1102 1166//1166 1103//1103
f 1103//1103 1166//1166 1167//1167
f 1103//1103 1167//1167 1104//1104
f 1104//1104 1167//1167 1168//1168
f 1104//1104 1168//1168 1105//1105
f 1105//1105 1168//1168 1169//1169
f 1105//1105 1169//1169 1106//1106
f 1106//1106 1169//1169 1170//1170
f 1106//1106 1170//1170 1107//1107
f 1107//1107 1170//1170 1171//1171
f 1107//1107 1171//1171 1108//1108
f 1108//1108 1171//1171 1172//1172
f 1108//1108 1172//1172 1109//1109
f 1109//1109 1172//1172 1173//1173
f 1109//1109 1173//1173 1110//1110
f 1110//1110 1173//1173 1174//1174
f 1110//1110 1174//1174 1111//1111
f 1111//1111 1174//1174 1175//1175
f 1111//1111 1175//1175 1112//1112
f 1112//1112 1175//1175 1176//1176
f 1112//1112 1176//1176 1113//1113
f 1113//1113 1176//1176 1177//1177
f 1113//1113 1177//1177 1114//1114
f 1114//1114 1177//1177 1178//1178
f 1114//1114 1178//1178 1115//1115
f 1115//1115 1178//1178 1179//1179
f 1115//1115 1179//1179 1116//1116
f 1116//1116 1179//1179 1180//1180
f 1116//1116 1180//1180 1117//1117
f 1117//1117 1180//1180 1181//1181
f 1117//1117 1181//1181 1118//1118
f 1118//1118 1181//1181 1182//1182
f 1118//1118 1182//1182 1119//1119
f 1119//1119 1182//1182 1183//1183
f 1119//1119 1183//1183 1120//1120
f 1120//1120 1183//1183 1184//1184
f 1120//1120 1184//1184 1121//1121
f 1121//1121 1184//1184 1185//1185
f 1121//1121 1185//1185 1122//1122
f 1122//1122 1185//1185 1186//1186
f 1122//1122 1186//1186 1123//1123
f 1123//1123 1186//1186 1187//1187
f 1123//1123 1187//1187 1124//1124
f 1124//1124 1187//1187 1188//1188
f 1124//1124 1188//1188 1125//1125
f 1125//1125 1188//1188 1189//1189
f 1125//1125 1189//1189 1126//1126
f 1126//1126 1189//1189 1190//1190
f 1126//1126 1190//1190 1127//1127
f 1127//1127 1190//1190 1191//1191
f 1127//1127 1191//1191 1128//1128
f 1128//1128 1191//1191 1192//1192
f 1128//1128 1192//1192 1129//1129
f 1129//1129 1192//1192 1193//1193
f 1129//1129 1193//1193 1130//1130
f 1130//1130 1193//1193 1194//1194
f 1130//1130 1194//1194 1131//1131
f 1131//1131 1194//1194 1195//1195
f 1131//1131 1195//1195 1132//1132
f 1132//1132 1195//1195 1196//1196
f 1132//1132 1196//1196 1133//1133
f 1133//1133 1196//1196 1197//1197
f 1133//1133 1197//1197 1134//1134
f 1134//1134 1197//1197 1198//1198
f 1134//1134 1198//1198 1135//1135
f 1135//1135 1198//1198 1199//1199
f 1135//1135 1199//1199 1136//1136
f 1136//1136 1199//1199 1200//1200
f 1136//1136 1200//1200 1137//1137
f 1137//1137 1200//1200 1201//1201
f 1137//1137 1201//1201 1138//1138
f 1138//1138 1201//1201 1202//1202
f 1138//1138 1202//1202 1139//1139
f 1139//1139 1202//1202 1203//1203
f 1139//1139 1203//1203 1140//1140
f 1140//1140 1203//1203 1204//1204
f 1140//1140 1204//1204 1141//1141
f 1141//1141 1204//1204 1205//1205
f 1141//1141 1205//1205 1142//1142
f 1142//1142 1205//1205 1206//1206
f 1142//1142 1206//1206 1143//1143
f 1143//1143 1206//1206 1207//1207
f 1143//1143 1207//1207 1144//1144
f 1144//1144 1207//1207 1208//1208
f 1144//1144 1208//1208 1145//1145
f 1145//1145 1208//1208 1209//1209
f 1145//1145 1209//1209 1146//1146
f 1146//1146 1209//1209 1210//1210
f 1146//1146 1210//1210 1147//1147
f 1147//1147 1210//1210 1211//1211
f 1147//1147 1211//1211 1148//1148
f 1148//1148 1211//1211 1212//1212
f 1148//1148 1212//1212 1149//1149
f 1149//1149 1212//1212 1213//1213
f 1149//1149 1213//1213 1150//1150
f 1150//1150 1213//1213 1214//1214
f 1150//1150 1214//1214 1151//1151
f 1151//1151 1214//1214 1215//1215
f 1151//1151 1215//1215 1152//1152
f 1152//1152 1215//1215 1216//1216
f 1152//1152 1216//1216 1089//1089
f 1089//1089 1216//1216 1153//1153
f 1153//1153 1217//1217 1154//1154
f 1154//1154 1217//1217 1218//1218
f 1154//1154 1218//1218 1155//1155
f 1155//1155 1218//1218 1219//1219
f 1155//1155 1219//1219 1156//1156
f 1156//1156 1219//1219 1220//1220
f 1156//1156 1220//1220 1157//1157
f 1157//1157 1220//1220 1221//1221
f 1157//1157 1221//1221 1158//1158
f 1158//1158 1221//1221 1222//1222
f 1158//1158 1222//1222 1159//1159
f 1159//1159 1222//1222 1223//1223
f 1159//1159 1223//1223 1160//1160
f 1160//1160 1223//1223 1224//1224
f 1160//1160 1224//1224 1161//1161
f 1161//1161 1224//1224 1225//1225
f 1161//1161 1225//1225 1162//1162
f 1162//1162 1225//1225 1226//1226
f 1162//1162 1226//1226 1163//1163
f 1163//1163 1226//1226 1227//1227
f 1163//1163 1227//1227 1164//1164
f 1164//1164 1227//1227 1228//1228
f 1164//1164 1228//1228 1165//1165
f 1165//1165 1228//1228 1229//1229
f 1165//1165 1229//1229 1166//1166
f 1166//1166 1229//1229 1230//1230
f 1166//1166 1230//1230 1167//1167
f 1167//1167 1230//1230 1231//1231
f 1167//1167 1231//1231 1168//1168
f 1168//1168 1231//1231 1232//1232
f 1168//1168 1232//1232 1169//1169
f 1169//1169 1232//1232 1233//1233
f 1169//1169 1233//1233 1170//1170
f 1170//1170 1233//1233 1234//1234
f 1170//1170 1234//1234 1171//1171
f 1171//1171 1234//1234 1235//1235
f 1171//1171 1235//1235 1172//1172
f 1172//1172 1235//1235 1236//1236
f 1172//1172 1236//1236 1173//1173
f 1173//1173 1236//1236 1237//1237
f 1173//1173 1237//1237 1174//1174
f 1174//1174 1237//1237 1238//1238
f 1174//1174 1238//1238 1175//1175
f 1175//1175 1238//1238 1239//1239
f 1175//1175 1239//1239 1176//1176
f 1176//1176 1239//1239 1240//1240
f 1176//1176 1240//1240 1177//1177
f 1177//1177 1240//1240 1241//1241
f 1177//1177 1241//1241 1178//1178
f 1178//1178 1241//1241 1242//1242
f 1178//1178 1242//1242 1179//1179
f 1179//1179 1242//1242 1243//1243
f 1179//1179 1243//1243 1180//1180
f 1180//1180 1243//1243 1244//1244
f 1180//1180 1244//1244 1181//1181
f 1181//1181 1244//1244 1245//1245
f 1181//1181 1245//1245 1182//1182
f 1182//1182 1245//1245 1246//1246
f 1182//1182 1246//1246 1183//1183
f 1183//1183 1246//1246 1247//1247
f 1183//1183 1247//1247 1184//1184
f 1184//1184 1247//1247 1248//1248
f 1184//1184 1248//1248 1185//1185
f 1185//1185 1248//1248 1249//1249
f 1185//1185 1249//1249 1186//1186
f 1186//1186 1249//1249 1250//1250
f 1186//1186 1250//1250 1187//1187
f 1187//1187 1250//1250 1251//1251
f 1187//1187 1251//1251 1188//1188
f 1188//1188 1251//1251 1252//1252
f 1188//1188 1252//1252 1189//1189
f 1189//1189 1252//1252 1253//1253
f 1189//1189 1253//1253 1190//1190
f 1190//1190 1253//1253 1254//1254
f 1190//1190 1254//1254 1191//1191
f 1191//1191 1254//1254 1255//1255
f 1191//1191 1255//1255 1192//1192
f 1192//1192 1255//1255 1256//1256
f 1192//1192 1256//1256 1193//1193
f 1193//1193 1256//1256 1257//1257
f 1193//1193 1257//1257 1194//1194
f 1194//1194 1257//1257 1258//1258
f 1194//1194 1258//1258 1195//1195
f 1195//1195 1258//1258 1259//1259
f 1195//1195 1259//1259 1196//1196
f 1196//1196 1259//1259 1260//1260
f 1196//1196 1260//1260 1197//1197
f 1197//1197 1260//1260 1261//1261
f 1197//1197 1261//1261 1198//1198
f 1198//1198 1261//1261 1262//1262
f 1198//1198 1262//1262 1199//1199
f 1199//1199 1262//1262 1263//1263
f 1199//1199 1263//1263 1200//1200
f 1200//1200 1263//1263 1264//1264
f 1200//1200 1264//1264 1201//1201
f 1201//1201 1264//1264 1265//1265
f 1201//1201 1265//1265 1202//1202
f 1202//1202 1265//1265 1266//1266
f 1202//1202 1266//1266 1203//1203
f 1203//1203 1266//1266 1267//1267
f 1203//1203 1267//1267 1204//1204
f 1204//1204 1267//1267 1268//1268
f 1204//1204 1268//1268 1205//1205
f 1205//1205 1268//1268 1269//1269
f 1205//1205 1269//1269 1206//1206
f 1206//1206 1269//1269 1270//1270
f 1206//1206 1270//1270 1207//1207
f 1207//1207 1270//1270 1271//1271
f 1207//1207 1271//1271 1208//1208
f 1208//1208 1271//1271 1272//1272
f 1208//1208 1272//1272 1209//1209
f 1209//1209 1272//1272 1273//1273
f 1209//1209 1273//1273 1210//1210
f 1210//1210 1273//1273 1274//1274
f 1210//1210 1274//1274 1211//1211
f 1211//1211 1274//1274 1275//1275
f 1211//1211 1275//1275 1212//1212
f 1212//1212 1275//1275 1276//1276
f 1212//1212 1276//1276 1213//1213
f 1213//1213 1276//1276 1277//1277
f 1213//1213 1277//1277 1214//1214
f 1214//1214 1277//1277 1278//1278
f 1214//1214 1278//1278 1215//1215
f 1215//1215 1278//1278 1279//1279
f 1215//1215 1279//1279 1216//1216
f 1216//1216 1279//1279 1280//1280
f 1216//1216 1280//1280 1153//1153
f 1153//1153 1280//1280 1217//1217
f 1217//1217 1281//1281 1218//1218
f 1218//1218 1281//1281 1282//1282
f 1218//1218 1282//1282 1219//1219
f 1219//1219 1282//1282 1283//1283
f 1219//1219 1283//1283 1220//1220
f 1220//1220 1283//1283 1284//1284
f 1220//1220 1284//1284 1221//1221
f 1221//1221 1284//1284 1285//1285
f 1221//1221 1285//1285 1222//1222
f 1222//1222 1285//1285 1286//1286
f 1222//1222 1286//1286 1223//1223
f 1223//1223 1286//1286 1287//1287
f 1223//1223 1287//1287 1224//1224
f 1224//1224 1287//1287 1288//1288
f 1224//1224 1288//1288 1225//1225
f 1225//1225 1288//1288 1289//1289
f 1225//1225 1289//1289 1226//1226
f 1226//1226 1289//1289 1290//1290
f 1226//1226 1290//1290 1227//1227
f 1227//1227 1290//1290 1291//1291
f 1227//1227 1291//1291 1228//1228
f 1228//1228 1291//1291 1292//1292
f 1228//1228 1292//1292 1229//1229
f 1229//1229 1292//1292 1293//1293
f 1229//1229 1293//1293 1230//1230
f 1230//1230 1293//1293 1294//1294
f 1230//1230 1294//1294 1231//1231
f 1231//1231 1294//1294 1295//1295
f 1231//1231 1295//1295 1232//1232
f 1232//1232 1295//1295 1296//1296
f 1232//1232 1296//1296 1233//1233
f 1233//1233 1296//1296 1297//1297
f 1233//1233 1297//1297 1234//1234
f 1234//1234 1297//1297 1298//1298
f 1234//1234 1298//1298 1235//1235
f 1235//1235 1298//1298 1299//1299
f 1235//1235 1299//1299 1236//1236
f 1236//1236 1299//1299 1300//1300
f 1236//1236 1300//1300 1237//1237
f 1237//1237 1300//1300 1301//1301
f 1237//1237 1301//1301 1238//1238
f 1238//1238 1301//1301 1302//1302
f 1238//1238 1302//1302 1239//1239
f 1239//1239 1302//1302 1303//1303
f 1239//1239 1303//1303 1240//1240
f 1240//1240 1303//1303 1304//1304
f 1240//1240 1304//1304 1241//1241
f 1241//1241 1304//1304 1305//1305
f 1241//1241 1305//1305 1242//1242
f 1242//1242 1305//1305 1306//1306
f 1242//1242 1306//1306 1243//1243
f 1243//1243 1306//1306 1307//1307
f 1243//1243 1307//1307 1244//1244
f 1244//1244 1307//1307 1308//1308
f 1244//1244 1308//1308 1245//1245
f 1245//1245 1308//1308 1309//1309
f 1245//1245 1309//1309 1246//1246
f 1246//1246 1309//1309 1310//1310
f 1246//1246 1310//1310 1247//1247
f 1247//1247 1310//1310 1311//1311
f 1247//1247 1311//1311 1248//1248
f 1248//1248 1311//1311 1312//1312
f 1248//1248 1312//1312 1249//1249
f 1249//1249 1312//1312 1313//1313
f 1249//1249 1313//1313 1250//1250
f 1250//1250 1313//1313 1314//1314
f 1250//1250 1314//1314 1251//1251
f 1251//1251 1314//1314 1315//1315
f 1251//1251 1315//1315 1252//1252
f 1252//1252 1315//1315 1316//1316
f 1252//1252 1316//1316 1253//1253
f 1253//1253 1316//1316 1317//1317
f 1253//1253 1317//1317 1254//1254
f 1254//1254 1317//1317 1318//1318
f 1254//1254 1318//1318 1255//1255
f 1255//1255 1318//1318 1319//1319
f 1255//1255 1319//1319 1256//1256
f 1256//1256 1319//1319 1320//1320
f 1256//1256 1320//1320 1257//1257
f 1257//1257 1320//1320 1321//1321
f 1257//1257 1321//1321 1258//1258
f 1258//1258 1321//1321 1322//1322
f 1258//1258 1322//1322 1259//1259
f 1259//1259 1322//1322 1323//1323
f 1259//1259 1323//1323 1260//1260
f 1260//1260 1323//1323 1324//1324
f 1260//1260 1324//1324 1261//1261
f 1261//1261 1324//1324 1325//1325
f 1261//1261 1325//1325 1262//1262
f 1262//1262 1325//1325 1326//1326
f 1262//1262 1326//1326 1263//1263
f 1263//1263 1326//1326 1327//1327
f 1263//1263 1327//1327 1264//1264
f 1264//1264 1327//1327 1328//1328
f 1264//1264 1328//1328 1265//1265
f 1265//1265 1328//1328 1329//1329
f 1265//1265 1329//1329 1266//1266
f 1266//1266 1329//1329 1330//1330
f 1266//1266 1330//1330 1267//1267
f 1267//1267 1330//1330 1331//1331
f 1267//1267 1331//1331 1268//1268
f 1268//1268 1331//1331 1332//1332
f 1268//1268 1332//1332 1269//1269
f 1269//1269 1332//1332 1333//1333
f 1269//1269 1333//1333 1270//1270
f 1270//1270 1333//1333 1334//1334
f 1270//1270 1334//1334 1271//1271
f 1271//1271 1334//1334 1335//1335
f 1271//1271 1335//1335 1272//1272
f 1272//1272 1335//1335 1336//1336
f 1272//1272 1336//1336 1273//1273
f 1273//1273 1336//1336 1337//1337
f 1273//1273 1337//1337 1274//1274
f 1274//1274 1337//1337 1338//1338
f 1274//1274 1338//1338 1275//1275
f 1275//1275 1338//1338 1339//1339
f 1275//1275 1339//1339 1276//1276
f 1276//1276 1339//1339 1340//1340
f 1276//1276 1340//1340 1277//1277
f 1277//1277 1340//1340 1341//1341
f 1277//1277 1341//1341 1278//1278
f 1278//1278 1341//1341 1342//1342
f 1278//1278 1342//1342 1279//1279
f 1279//1279 1342//1342 1343//1343
f 1279//1279 1343//1343 1280//1280
f 1280//1280 1343//1343 1344//1344
f 1280//1280 1344//1344 1217//1217
f 1217//1217 1344//1344 1281//1281
f 1345//1345 1282//1282 1281//1281
f 1345//1345 1283//1283 1282//1282
f 1345//1345 1284//1284 1283//1283
f 1345//1345 1285//1285 1284//1284
f 1345//1345 1286//1286 1285//1285
f 1345//1345 1287//1287 1286//1286
f 1345//1345 1288//1288 1287//1287
f 1345//1345 1289//1289 1288//1288
f 1345//1345 1290//1290 1289//1289
f 1345//1345 1291//1291 1290//1290
f 1345//1345 1292//1292 1291//1291
f 1345//1345 1293//1293 1292//1292
f 1345//1345 1294//1294 1293//1293
f 1345//1345 1295//1295 1294//1294
f 1345//1345 1296//1296 1295//1295
f 1345//1345 1297//1297 1296//1296
f 1345//1345 1298//1298 1297//1297
f 1345//1345 1299//1299 1298//1298
f 1345//1345 1300//1300 1299//1299
f 1345//1345 1301//1301 1300//1300
f 1345//1345 1302//1302 1301//1301
f 1345//1345 1303//1303 1302//1302
f 1345//1345 1304//1304 1303//1303
f 1345//1345 1305//1305 1304//1304
f 1345//1345 1306//1306 1305//1305
f 1345//1345 1307//1307 1306//1306
f 1345//1345 1308//1308 1307//1307
f 1345//1345 1309//1309 1308//1308
f 1345//1345 1310//1310 1309//1309
f 1345//1345 1311//1311 1310//1310
f 1345//1345 1312//1312 1311//1311
f 1345//1345 1313//1313 1312//1312
f 1345//1345 1314//1314 1313//1313
f 1345//1345 1315//1315 1314//1314
f 1345//1345 1316//1316 1315//1315
f 1345//1345 1317//1317 1316//1316
f 1345//1345 1318//1318 1317//1317
f 1345//1345 1319//1319 1318//1318
f 1345//1345 1320//1320 1319//1319
f 1345//1345 1321//1321 1320//1320
f 1345//1345 1322//1322 1321//1321
f 1345//1345 1323//1323 1322//1322
f 1345//1345 1324//1324 1323//1323
f 1345//1345 1325//1325 1324//1324
f 1345//1345 1326//1326 1325//1325
f 1345//1345 1327//1327 1326//1326
f 1345//1345 1328//1328 1327//1327
f 1345//1345 1329//1329 1328//1328
f 1345//1345 1330//1330 1329//1329
f 1345//1345 1331//1331 1330//1330
f 1345//1345 1332//1332 1331//1331
f 1345//1345 1333//1333 1332//1332
f 1345//1345 1334//1334 1333//1333
f 1345//1345 1335//1335 1334//1334
f 1345//1345 1336//1336 1335//1335
f 1345//1345 1337//1337 1336//1336
f 1345//1345 1338//1338 1337//1337
f 1345//1345 1339//1339 1338//1338
f 1345//1345 1340//1340 1339//1339
f 1345//1345 1341//1341 1340//1340
f 1345//1345 1342//1342 1341//1341
f 1345//1345 1343//1343 1342//1342
f 1345//1345 1344//1344 1343//1343
f 1345//1345 1281//1281 1344//1344
